<?xml version="1.0" encoding="UTF-8"?>
<gpx creator="StravaGPX" version="1.1" xmlns="http://www.topografix.com/GPX/1/1" xmlns:xsi="http://www.w3.org/2001/XMLSchema-instance" xsi:schemaLocation="http://www.topografix.com/GPX/1/1 http://www.topografix.com/GPX/1/1/gpx.xsd">
 <trk>
  <name>Lunch Gravel Ride</name>
  <type>gravel_biking</type>
  <trkseg>
   <trkpt lat="-29.8073040" lon="24.4189180">
    <ele>1104.7</ele>
   </trkpt>
   <trkpt lat="-29.8072970" lon="24.4189610">
    <ele>1104.3</ele>
   </trkpt>
   <trkpt lat="-29.8072960" lon="24.4190020">
    <ele>1104.3</ele>
   </trkpt>
   <trkpt lat="-29.8073020" lon="24.4190430">
    <ele>1104.0</ele>
   </trkpt>
   <trkpt lat="-29.8073030" lon="24.4190790">
    <ele>1103.8</ele>
   </trkpt>
   <trkpt lat="-29.8073080" lon="24.4191170">
    <ele>1103.7</ele>
   </trkpt>
   <trkpt lat="-29.8073140" lon="24.4191520">
    <ele>1103.9</ele>
   </trkpt>
   <trkpt lat="-29.8073180" lon="24.4191890">
    <ele>1104.2</ele>
   </trkpt>
   <trkpt lat="-29.8073170" lon="24.4192270">
    <ele>1104.4</ele>
   </trkpt>
   <trkpt lat="-29.8073140" lon="24.4192670">
    <ele>1104.5</ele>
   </trkpt>
   <trkpt lat="-29.8073120" lon="24.4193030">
    <ele>1104.5</ele>
   </trkpt>
   <trkpt lat="-29.8073140" lon="24.4193370">
    <ele>1104.5</ele>
   </trkpt>
   <trkpt lat="-29.8073160" lon="24.4193830">
    <ele>1104.4</ele>
   </trkpt>
   <trkpt lat="-29.8073150" lon="24.4194010">
    <ele>1104.3</ele>
   </trkpt>
   <trkpt lat="-29.8073160" lon="24.4194460">
    <ele>1104.3</ele>
   </trkpt>
   <trkpt lat="-29.8073160" lon="24.4194600">
    <ele>1104.3</ele>
   </trkpt>
   <trkpt lat="-29.8073180" lon="24.4194790">
    <ele>1104.5</ele>
   </trkpt>
   <trkpt lat="-29.8073150" lon="24.4194910">
    <ele>1104.5</ele>
   </trkpt>
   <trkpt lat="-29.8073130" lon="24.4194950">
    <ele>1104.5</ele>
   </trkpt>
   <trkpt lat="-29.8073150" lon="24.4194930">
    <ele>1104.5</ele>
   </trkpt>
   <trkpt lat="-29.8073130" lon="24.4195010">
    <ele>1104.5</ele>
   </trkpt>
   <trkpt lat="-29.8073120" lon="24.4194980">
    <ele>1104.5</ele>
   </trkpt>
   <trkpt lat="-29.8073110" lon="24.4194980">
    <ele>1104.5</ele>
   </trkpt>
   <trkpt lat="-29.8072970" lon="24.4194970">
    <ele>1104.6</ele>
   </trkpt>
   <trkpt lat="-29.8072970" lon="24.4194970">
    <ele>1104.6</ele>
   </trkpt>
   <trkpt lat="-29.8072970" lon="24.4194970">
    <ele>1104.6</ele>
   </trkpt>
   <trkpt lat="-29.8073070" lon="24.4194930">
    <ele>1104.6</ele>
   </trkpt>
   <trkpt lat="-29.8072960" lon="24.4195010">
    <ele>1104.6</ele>
   </trkpt>
   <trkpt lat="-29.8072990" lon="24.4194990">
    <ele>1104.6</ele>
   </trkpt>
   <trkpt lat="-29.8073120" lon="24.4195420">
    <ele>1104.6</ele>
   </trkpt>
   <trkpt lat="-29.8073090" lon="24.4195250">
    <ele>1104.6</ele>
   </trkpt>
   <trkpt lat="-29.8073120" lon="24.4195350">
    <ele>1104.6</ele>
   </trkpt>
   <trkpt lat="-29.8073120" lon="24.4195350">
    <ele>1104.6</ele>
   </trkpt>
   <trkpt lat="-29.8073120" lon="24.4195350">
    <ele>1104.6</ele>
   </trkpt>
   <trkpt lat="-29.8073120" lon="24.4195350">
    <ele>1104.6</ele>
   </trkpt>
   <trkpt lat="-29.8073120" lon="24.4195350">
    <ele>1104.6</ele>
   </trkpt>
   <trkpt lat="-29.8073120" lon="24.4195350">
    <ele>1104.6</ele>
   </trkpt>
   <trkpt lat="-29.8073120" lon="24.4195350">
    <ele>1104.6</ele>
   </trkpt>
   <trkpt lat="-29.8073120" lon="24.4195350">
    <ele>1104.6</ele>
   </trkpt>
   <trkpt lat="-29.8073140" lon="24.4195450">
    <ele>1104.6</ele>
   </trkpt>
   <trkpt lat="-29.8073140" lon="24.4195450">
    <ele>1104.6</ele>
   </trkpt>
   <trkpt lat="-29.8073930" lon="24.4196740">
    <ele>1104.7</ele>
   </trkpt>
   <trkpt lat="-29.8074400" lon="24.4196910">
    <ele>1104.7</ele>
   </trkpt>
   <trkpt lat="-29.8074960" lon="24.4196770">
    <ele>1104.7</ele>
   </trkpt>
   <trkpt lat="-29.8075440" lon="24.4196520">
    <ele>1104.7</ele>
   </trkpt>
   <trkpt lat="-29.8075880" lon="24.4196380">
    <ele>1104.8</ele>
   </trkpt>
   <trkpt lat="-29.8076260" lon="24.4196370">
    <ele>1104.8</ele>
   </trkpt>
   <trkpt lat="-29.8076720" lon="24.4196400">
    <ele>1104.8</ele>
   </trkpt>
   <trkpt lat="-29.8077110" lon="24.4196420">
    <ele>1104.9</ele>
   </trkpt>
   <trkpt lat="-29.8077420" lon="24.4196450">
    <ele>1104.9</ele>
   </trkpt>
   <trkpt lat="-29.8077760" lon="24.4196450">
    <ele>1105.0</ele>
   </trkpt>
   <trkpt lat="-29.8078090" lon="24.4196440">
    <ele>1105.0</ele>
   </trkpt>
   <trkpt lat="-29.8078520" lon="24.4196420">
    <ele>1105.0</ele>
   </trkpt>
   <trkpt lat="-29.8078980" lon="24.4196380">
    <ele>1105.1</ele>
   </trkpt>
   <trkpt lat="-29.8079510" lon="24.4196340">
    <ele>1105.1</ele>
   </trkpt>
   <trkpt lat="-29.8080100" lon="24.4196320">
    <ele>1105.2</ele>
   </trkpt>
   <trkpt lat="-29.8080740" lon="24.4196340">
    <ele>1105.3</ele>
   </trkpt>
   <trkpt lat="-29.8081430" lon="24.4196360">
    <ele>1105.4</ele>
   </trkpt>
   <trkpt lat="-29.8082170" lon="24.4196380">
    <ele>1105.5</ele>
   </trkpt>
   <trkpt lat="-29.8082930" lon="24.4196430">
    <ele>1105.7</ele>
   </trkpt>
   <trkpt lat="-29.8083710" lon="24.4196520">
    <ele>1105.8</ele>
   </trkpt>
   <trkpt lat="-29.8084490" lon="24.4196710">
    <ele>1106.0</ele>
   </trkpt>
   <trkpt lat="-29.8085260" lon="24.4196760">
    <ele>1106.1</ele>
   </trkpt>
   <trkpt lat="-29.8086100" lon="24.4196860">
    <ele>1106.3</ele>
   </trkpt>
   <trkpt lat="-29.8086920" lon="24.4196970">
    <ele>1106.5</ele>
   </trkpt>
   <trkpt lat="-29.8087720" lon="24.4197070">
    <ele>1106.7</ele>
   </trkpt>
   <trkpt lat="-29.8088450" lon="24.4196970">
    <ele>1106.8</ele>
   </trkpt>
   <trkpt lat="-29.8089130" lon="24.4196740">
    <ele>1106.9</ele>
   </trkpt>
   <trkpt lat="-29.8089760" lon="24.4196380">
    <ele>1106.9</ele>
   </trkpt>
   <trkpt lat="-29.8090270" lon="24.4195780">
    <ele>1106.9</ele>
   </trkpt>
   <trkpt lat="-29.8090560" lon="24.4194960">
    <ele>1106.9</ele>
   </trkpt>
   <trkpt lat="-29.8090630" lon="24.4194060">
    <ele>1106.9</ele>
   </trkpt>
   <trkpt lat="-29.8090700" lon="24.4193180">
    <ele>1106.9</ele>
   </trkpt>
   <trkpt lat="-29.8090800" lon="24.4192270">
    <ele>1106.9</ele>
   </trkpt>
   <trkpt lat="-29.8090960" lon="24.4191350">
    <ele>1106.9</ele>
   </trkpt>
   <trkpt lat="-29.8091150" lon="24.4190470">
    <ele>1106.9</ele>
   </trkpt>
   <trkpt lat="-29.8091360" lon="24.4189570">
    <ele>1106.9</ele>
   </trkpt>
   <trkpt lat="-29.8091660" lon="24.4188680">
    <ele>1107.0</ele>
   </trkpt>
   <trkpt lat="-29.8092040" lon="24.4187820">
    <ele>1107.1</ele>
   </trkpt>
   <trkpt lat="-29.8092530" lon="24.4187010">
    <ele>1107.2</ele>
   </trkpt>
   <trkpt lat="-29.8093080" lon="24.4186260">
    <ele>1107.3</ele>
   </trkpt>
   <trkpt lat="-29.8093690" lon="24.4185580">
    <ele>1107.5</ele>
   </trkpt>
   <trkpt lat="-29.8094320" lon="24.4184960">
    <ele>1107.6</ele>
   </trkpt>
   <trkpt lat="-29.8094930" lon="24.4184390">
    <ele>1107.7</ele>
   </trkpt>
   <trkpt lat="-29.8095470" lon="24.4183860">
    <ele>1107.7</ele>
   </trkpt>
   <trkpt lat="-29.8096380" lon="24.4182850">
    <ele>1107.9</ele>
   </trkpt>
   <trkpt lat="-29.8096780" lon="24.4182380">
    <ele>1107.9</ele>
   </trkpt>
   <trkpt lat="-29.8097140" lon="24.4181930">
    <ele>1108.0</ele>
   </trkpt>
   <trkpt lat="-29.8097480" lon="24.4181470">
    <ele>1108.1</ele>
   </trkpt>
   <trkpt lat="-29.8097900" lon="24.4180910">
    <ele>1108.1</ele>
   </trkpt>
   <trkpt lat="-29.8098440" lon="24.4180260">
    <ele>1108.1</ele>
   </trkpt>
   <trkpt lat="-29.8098990" lon="24.4179580">
    <ele>1108.2</ele>
   </trkpt>
   <trkpt lat="-29.8099580" lon="24.4178850">
    <ele>1108.3</ele>
   </trkpt>
   <trkpt lat="-29.8100140" lon="24.4178170">
    <ele>1108.4</ele>
   </trkpt>
   <trkpt lat="-29.8100720" lon="24.4177510">
    <ele>1108.5</ele>
   </trkpt>
   <trkpt lat="-29.8101300" lon="24.4176830">
    <ele>1108.6</ele>
   </trkpt>
   <trkpt lat="-29.8101900" lon="24.4176100">
    <ele>1108.7</ele>
   </trkpt>
   <trkpt lat="-29.8102500" lon="24.4175350">
    <ele>1108.8</ele>
   </trkpt>
   <trkpt lat="-29.8103130" lon="24.4174600">
    <ele>1108.8</ele>
   </trkpt>
   <trkpt lat="-29.8103770" lon="24.4173830">
    <ele>1108.9</ele>
   </trkpt>
   <trkpt lat="-29.8104390" lon="24.4173040">
    <ele>1109.1</ele>
   </trkpt>
   <trkpt lat="-29.8104990" lon="24.4172300">
    <ele>1109.2</ele>
   </trkpt>
   <trkpt lat="-29.8105620" lon="24.4171550">
    <ele>1109.4</ele>
   </trkpt>
   <trkpt lat="-29.8106260" lon="24.4170790">
    <ele>1109.7</ele>
   </trkpt>
   <trkpt lat="-29.8106890" lon="24.4170040">
    <ele>1109.9</ele>
   </trkpt>
   <trkpt lat="-29.8107500" lon="24.4169310">
    <ele>1110.1</ele>
   </trkpt>
   <trkpt lat="-29.8108100" lon="24.4168660">
    <ele>1110.3</ele>
   </trkpt>
   <trkpt lat="-29.8108600" lon="24.4168010">
    <ele>1110.4</ele>
   </trkpt>
   <trkpt lat="-29.8109050" lon="24.4167420">
    <ele>1110.5</ele>
   </trkpt>
   <trkpt lat="-29.8109440" lon="24.4166910">
    <ele>1110.6</ele>
   </trkpt>
   <trkpt lat="-29.8109740" lon="24.4166390">
    <ele>1110.7</ele>
   </trkpt>
   <trkpt lat="-29.8109840" lon="24.4165780">
    <ele>1110.7</ele>
   </trkpt>
   <trkpt lat="-29.8109770" lon="24.4165130">
    <ele>1110.6</ele>
   </trkpt>
   <trkpt lat="-29.8109430" lon="24.4164540">
    <ele>1110.5</ele>
   </trkpt>
   <trkpt lat="-29.8108900" lon="24.4164040">
    <ele>1110.3</ele>
   </trkpt>
   <trkpt lat="-29.8108350" lon="24.4163450">
    <ele>1110.2</ele>
   </trkpt>
   <trkpt lat="-29.8107720" lon="24.4162820">
    <ele>1110.0</ele>
   </trkpt>
   <trkpt lat="-29.8107080" lon="24.4162150">
    <ele>1109.8</ele>
   </trkpt>
   <trkpt lat="-29.8106390" lon="24.4161430">
    <ele>1109.5</ele>
   </trkpt>
   <trkpt lat="-29.8105690" lon="24.4160670">
    <ele>1109.3</ele>
   </trkpt>
   <trkpt lat="-29.8104990" lon="24.4159910">
    <ele>1109.0</ele>
   </trkpt>
   <trkpt lat="-29.8104290" lon="24.4159150">
    <ele>1108.7</ele>
   </trkpt>
   <trkpt lat="-29.8103590" lon="24.4158430">
    <ele>1108.5</ele>
   </trkpt>
   <trkpt lat="-29.8102890" lon="24.4157740">
    <ele>1108.2</ele>
   </trkpt>
   <trkpt lat="-29.8102230" lon="24.4157060">
    <ele>1108.0</ele>
   </trkpt>
   <trkpt lat="-29.8101590" lon="24.4156380">
    <ele>1107.7</ele>
   </trkpt>
   <trkpt lat="-29.8100970" lon="24.4155750">
    <ele>1107.4</ele>
   </trkpt>
   <trkpt lat="-29.8100390" lon="24.4155160">
    <ele>1107.2</ele>
   </trkpt>
   <trkpt lat="-29.8099830" lon="24.4154570">
    <ele>1106.9</ele>
   </trkpt>
   <trkpt lat="-29.8099310" lon="24.4154000">
    <ele>1106.6</ele>
   </trkpt>
   <trkpt lat="-29.8098810" lon="24.4153470">
    <ele>1106.4</ele>
   </trkpt>
   <trkpt lat="-29.8098350" lon="24.4152970">
    <ele>1106.2</ele>
   </trkpt>
   <trkpt lat="-29.8098010" lon="24.4152470">
    <ele>1106.0</ele>
   </trkpt>
   <trkpt lat="-29.8097770" lon="24.4152060">
    <ele>1105.9</ele>
   </trkpt>
   <trkpt lat="-29.8097570" lon="24.4151830">
    <ele>1105.8</ele>
   </trkpt>
   <trkpt lat="-29.8097200" lon="24.4151610">
    <ele>1105.6</ele>
   </trkpt>
   <trkpt lat="-29.8097020" lon="24.4151550">
    <ele>1105.6</ele>
   </trkpt>
   <trkpt lat="-29.8096560" lon="24.4151660">
    <ele>1105.5</ele>
   </trkpt>
   <trkpt lat="-29.8096080" lon="24.4152100">
    <ele>1105.4</ele>
   </trkpt>
   <trkpt lat="-29.8095680" lon="24.4152650">
    <ele>1105.3</ele>
   </trkpt>
   <trkpt lat="-29.8095230" lon="24.4153250">
    <ele>1105.2</ele>
   </trkpt>
   <trkpt lat="-29.8094780" lon="24.4153850">
    <ele>1105.1</ele>
   </trkpt>
   <trkpt lat="-29.8094320" lon="24.4154450">
    <ele>1105.0</ele>
   </trkpt>
   <trkpt lat="-29.8093780" lon="24.4155140">
    <ele>1105.0</ele>
   </trkpt>
   <trkpt lat="-29.8093200" lon="24.4155860">
    <ele>1104.9</ele>
   </trkpt>
   <trkpt lat="-29.8092610" lon="24.4156590">
    <ele>1104.8</ele>
   </trkpt>
   <trkpt lat="-29.8092020" lon="24.4157310">
    <ele>1104.7</ele>
   </trkpt>
   <trkpt lat="-29.8091430" lon="24.4158010">
    <ele>1104.6</ele>
   </trkpt>
   <trkpt lat="-29.8090880" lon="24.4158700">
    <ele>1104.6</ele>
   </trkpt>
   <trkpt lat="-29.8090360" lon="24.4159350">
    <ele>1104.5</ele>
   </trkpt>
   <trkpt lat="-29.8089880" lon="24.4159950">
    <ele>1104.5</ele>
   </trkpt>
   <trkpt lat="-29.8089480" lon="24.4160450">
    <ele>1104.4</ele>
   </trkpt>
   <trkpt lat="-29.8089140" lon="24.4160860">
    <ele>1104.3</ele>
   </trkpt>
   <trkpt lat="-29.8088820" lon="24.4161270">
    <ele>1104.2</ele>
   </trkpt>
   <trkpt lat="-29.8088440" lon="24.4161750">
    <ele>1104.2</ele>
   </trkpt>
   <trkpt lat="-29.8088020" lon="24.4162290">
    <ele>1104.1</ele>
   </trkpt>
   <trkpt lat="-29.8087540" lon="24.4162910">
    <ele>1104.0</ele>
   </trkpt>
   <trkpt lat="-29.8087010" lon="24.4163550">
    <ele>1103.9</ele>
   </trkpt>
   <trkpt lat="-29.8086420" lon="24.4164260">
    <ele>1103.8</ele>
   </trkpt>
   <trkpt lat="-29.8085830" lon="24.4164970">
    <ele>1103.7</ele>
   </trkpt>
   <trkpt lat="-29.8085220" lon="24.4165690">
    <ele>1103.6</ele>
   </trkpt>
   <trkpt lat="-29.8084610" lon="24.4166420">
    <ele>1103.5</ele>
   </trkpt>
   <trkpt lat="-29.8084020" lon="24.4167140">
    <ele>1103.4</ele>
   </trkpt>
   <trkpt lat="-29.8083440" lon="24.4167860">
    <ele>1103.3</ele>
   </trkpt>
   <trkpt lat="-29.8082870" lon="24.4168560">
    <ele>1103.2</ele>
   </trkpt>
   <trkpt lat="-29.8082320" lon="24.4169250">
    <ele>1103.1</ele>
   </trkpt>
   <trkpt lat="-29.8081810" lon="24.4169890">
    <ele>1103.0</ele>
   </trkpt>
   <trkpt lat="-29.8081300" lon="24.4170510">
    <ele>1102.9</ele>
   </trkpt>
   <trkpt lat="-29.8080840" lon="24.4171090">
    <ele>1102.8</ele>
   </trkpt>
   <trkpt lat="-29.8080440" lon="24.4171620">
    <ele>1102.7</ele>
   </trkpt>
   <trkpt lat="-29.8080080" lon="24.4172080">
    <ele>1102.6</ele>
   </trkpt>
   <trkpt lat="-29.8079760" lon="24.4172410">
    <ele>1102.5</ele>
   </trkpt>
   <trkpt lat="-29.8079390" lon="24.4172570">
    <ele>1102.4</ele>
   </trkpt>
   <trkpt lat="-29.8079020" lon="24.4172570">
    <ele>1102.3</ele>
   </trkpt>
   <trkpt lat="-29.8078570" lon="24.4172320">
    <ele>1102.2</ele>
   </trkpt>
   <trkpt lat="-29.8078110" lon="24.4171850">
    <ele>1102.1</ele>
   </trkpt>
   <trkpt lat="-29.8077550" lon="24.4171280">
    <ele>1101.9</ele>
   </trkpt>
   <trkpt lat="-29.8076970" lon="24.4170690">
    <ele>1101.7</ele>
   </trkpt>
   <trkpt lat="-29.8076410" lon="24.4170110">
    <ele>1101.5</ele>
   </trkpt>
   <trkpt lat="-29.8075860" lon="24.4169540">
    <ele>1101.4</ele>
   </trkpt>
   <trkpt lat="-29.8075320" lon="24.4168990">
    <ele>1101.2</ele>
   </trkpt>
   <trkpt lat="-29.8074800" lon="24.4168430">
    <ele>1101.1</ele>
   </trkpt>
   <trkpt lat="-29.8074300" lon="24.4167890">
    <ele>1101.0</ele>
   </trkpt>
   <trkpt lat="-29.8073800" lon="24.4167370">
    <ele>1100.9</ele>
   </trkpt>
   <trkpt lat="-29.8073330" lon="24.4166860">
    <ele>1100.7</ele>
   </trkpt>
   <trkpt lat="-29.8072870" lon="24.4166360">
    <ele>1100.6</ele>
   </trkpt>
   <trkpt lat="-29.8072430" lon="24.4165870">
    <ele>1100.5</ele>
   </trkpt>
   <trkpt lat="-29.8072020" lon="24.4165420">
    <ele>1100.3</ele>
   </trkpt>
   <trkpt lat="-29.8071620" lon="24.4164990">
    <ele>1100.2</ele>
   </trkpt>
   <trkpt lat="-29.8071230" lon="24.4164590">
    <ele>1100.1</ele>
   </trkpt>
   <trkpt lat="-29.8070880" lon="24.4164220">
    <ele>1100.0</ele>
   </trkpt>
   <trkpt lat="-29.8070560" lon="24.4163890">
    <ele>1099.9</ele>
   </trkpt>
   <trkpt lat="-29.8070260" lon="24.4163580">
    <ele>1099.8</ele>
   </trkpt>
   <trkpt lat="-29.8069990" lon="24.4163290">
    <ele>1099.8</ele>
   </trkpt>
   <trkpt lat="-29.8069730" lon="24.4163030">
    <ele>1099.7</ele>
   </trkpt>
   <trkpt lat="-29.8069490" lon="24.4162800">
    <ele>1099.7</ele>
   </trkpt>
   <trkpt lat="-29.8069270" lon="24.4162580">
    <ele>1099.6</ele>
   </trkpt>
   <trkpt lat="-29.8069100" lon="24.4162290">
    <ele>1099.6</ele>
   </trkpt>
   <trkpt lat="-29.8069050" lon="24.4161960">
    <ele>1099.5</ele>
   </trkpt>
   <trkpt lat="-29.8069000" lon="24.4161600">
    <ele>1099.5</ele>
   </trkpt>
   <trkpt lat="-29.8068890" lon="24.4161230">
    <ele>1099.4</ele>
   </trkpt>
   <trkpt lat="-29.8068620" lon="24.4160920">
    <ele>1099.3</ele>
   </trkpt>
   <trkpt lat="-29.8068180" lon="24.4160700">
    <ele>1099.2</ele>
   </trkpt>
   <trkpt lat="-29.8067700" lon="24.4160510">
    <ele>1099.1</ele>
   </trkpt>
   <trkpt lat="-29.8067160" lon="24.4160210">
    <ele>1099.0</ele>
   </trkpt>
   <trkpt lat="-29.8066640" lon="24.4159750">
    <ele>1098.8</ele>
   </trkpt>
   <trkpt lat="-29.8066180" lon="24.4159200">
    <ele>1098.6</ele>
   </trkpt>
   <trkpt lat="-29.8065700" lon="24.4158580">
    <ele>1098.5</ele>
   </trkpt>
   <trkpt lat="-29.8065140" lon="24.4157900">
    <ele>1098.3</ele>
   </trkpt>
   <trkpt lat="-29.8064550" lon="24.4157250">
    <ele>1098.1</ele>
   </trkpt>
   <trkpt lat="-29.8063970" lon="24.4156640">
    <ele>1098.0</ele>
   </trkpt>
   <trkpt lat="-29.8063430" lon="24.4156080">
    <ele>1097.9</ele>
   </trkpt>
   <trkpt lat="-29.8062950" lon="24.4155560">
    <ele>1097.8</ele>
   </trkpt>
   <trkpt lat="-29.8062540" lon="24.4155090">
    <ele>1097.7</ele>
   </trkpt>
   <trkpt lat="-29.8062250" lon="24.4154780">
    <ele>1097.7</ele>
   </trkpt>
   <trkpt lat="-29.8061970" lon="24.4154550">
    <ele>1097.6</ele>
   </trkpt>
   <trkpt lat="-29.8061590" lon="24.4154470">
    <ele>1097.6</ele>
   </trkpt>
   <trkpt lat="-29.8061140" lon="24.4154560">
    <ele>1097.5</ele>
   </trkpt>
   <trkpt lat="-29.8060660" lon="24.4154910">
    <ele>1097.4</ele>
   </trkpt>
   <trkpt lat="-29.8060250" lon="24.4155460">
    <ele>1097.3</ele>
   </trkpt>
   <trkpt lat="-29.8059810" lon="24.4156010">
    <ele>1097.3</ele>
   </trkpt>
   <trkpt lat="-29.8059350" lon="24.4156630">
    <ele>1097.2</ele>
   </trkpt>
   <trkpt lat="-29.8058860" lon="24.4157320">
    <ele>1097.1</ele>
   </trkpt>
   <trkpt lat="-29.8058330" lon="24.4158040">
    <ele>1097.0</ele>
   </trkpt>
   <trkpt lat="-29.8057780" lon="24.4158750">
    <ele>1097.0</ele>
   </trkpt>
   <trkpt lat="-29.8057240" lon="24.4159440">
    <ele>1096.9</ele>
   </trkpt>
   <trkpt lat="-29.8056720" lon="24.4160130">
    <ele>1096.9</ele>
   </trkpt>
   <trkpt lat="-29.8056190" lon="24.4160800">
    <ele>1096.8</ele>
   </trkpt>
   <trkpt lat="-29.8055630" lon="24.4161490">
    <ele>1096.8</ele>
   </trkpt>
   <trkpt lat="-29.8055050" lon="24.4162210">
    <ele>1096.7</ele>
   </trkpt>
   <trkpt lat="-29.8054520" lon="24.4162900">
    <ele>1096.7</ele>
   </trkpt>
   <trkpt lat="-29.8054040" lon="24.4163520">
    <ele>1096.6</ele>
   </trkpt>
   <trkpt lat="-29.8053640" lon="24.4164050">
    <ele>1096.5</ele>
   </trkpt>
   <trkpt lat="-29.8053270" lon="24.4164530">
    <ele>1096.5</ele>
   </trkpt>
   <trkpt lat="-29.8052910" lon="24.4165010">
    <ele>1096.5</ele>
   </trkpt>
   <trkpt lat="-29.8052500" lon="24.4165520">
    <ele>1096.4</ele>
   </trkpt>
   <trkpt lat="-29.8052000" lon="24.4166080">
    <ele>1096.4</ele>
   </trkpt>
   <trkpt lat="-29.8051460" lon="24.4166680">
    <ele>1096.4</ele>
   </trkpt>
   <trkpt lat="-29.8050910" lon="24.4167280">
    <ele>1096.3</ele>
   </trkpt>
   <trkpt lat="-29.8050350" lon="24.4167930">
    <ele>1096.3</ele>
   </trkpt>
   <trkpt lat="-29.8049780" lon="24.4168620">
    <ele>1096.3</ele>
   </trkpt>
   <trkpt lat="-29.8049210" lon="24.4169330">
    <ele>1096.2</ele>
   </trkpt>
   <trkpt lat="-29.8048650" lon="24.4170040">
    <ele>1096.2</ele>
   </trkpt>
   <trkpt lat="-29.8048110" lon="24.4170740">
    <ele>1096.1</ele>
   </trkpt>
   <trkpt lat="-29.8047600" lon="24.4171380">
    <ele>1096.0</ele>
   </trkpt>
   <trkpt lat="-29.8047100" lon="24.4171990">
    <ele>1096.0</ele>
   </trkpt>
   <trkpt lat="-29.8046600" lon="24.4172610">
    <ele>1095.9</ele>
   </trkpt>
   <trkpt lat="-29.8046070" lon="24.4173290">
    <ele>1095.8</ele>
   </trkpt>
   <trkpt lat="-29.8045510" lon="24.4174000">
    <ele>1095.7</ele>
   </trkpt>
   <trkpt lat="-29.8044940" lon="24.4174740">
    <ele>1095.6</ele>
   </trkpt>
   <trkpt lat="-29.8044340" lon="24.4175480">
    <ele>1095.6</ele>
   </trkpt>
   <trkpt lat="-29.8043770" lon="24.4176200">
    <ele>1095.5</ele>
   </trkpt>
   <trkpt lat="-29.8043220" lon="24.4176860">
    <ele>1095.4</ele>
   </trkpt>
   <trkpt lat="-29.8042700" lon="24.4177480">
    <ele>1095.4</ele>
   </trkpt>
   <trkpt lat="-29.8042260" lon="24.4178010">
    <ele>1095.3</ele>
   </trkpt>
   <trkpt lat="-29.8041880" lon="24.4178490">
    <ele>1095.3</ele>
   </trkpt>
   <trkpt lat="-29.8041520" lon="24.4178960">
    <ele>1095.2</ele>
   </trkpt>
   <trkpt lat="-29.8041120" lon="24.4179460">
    <ele>1095.2</ele>
   </trkpt>
   <trkpt lat="-29.8040690" lon="24.4180050">
    <ele>1095.1</ele>
   </trkpt>
   <trkpt lat="-29.8040180" lon="24.4180700">
    <ele>1095.1</ele>
   </trkpt>
   <trkpt lat="-29.8039640" lon="24.4181400">
    <ele>1095.1</ele>
   </trkpt>
   <trkpt lat="-29.8039070" lon="24.4182140">
    <ele>1095.0</ele>
   </trkpt>
   <trkpt lat="-29.8038460" lon="24.4182920">
    <ele>1095.0</ele>
   </trkpt>
   <trkpt lat="-29.8037850" lon="24.4183700">
    <ele>1095.0</ele>
   </trkpt>
   <trkpt lat="-29.8037200" lon="24.4184510">
    <ele>1095.0</ele>
   </trkpt>
   <trkpt lat="-29.8036540" lon="24.4185320">
    <ele>1094.9</ele>
   </trkpt>
   <trkpt lat="-29.8035880" lon="24.4186140">
    <ele>1094.9</ele>
   </trkpt>
   <trkpt lat="-29.8035220" lon="24.4186950">
    <ele>1094.8</ele>
   </trkpt>
   <trkpt lat="-29.8034570" lon="24.4187770">
    <ele>1094.8</ele>
   </trkpt>
   <trkpt lat="-29.8033940" lon="24.4188560">
    <ele>1094.7</ele>
   </trkpt>
   <trkpt lat="-29.8033340" lon="24.4189310">
    <ele>1094.7</ele>
   </trkpt>
   <trkpt lat="-29.8032750" lon="24.4190030">
    <ele>1094.6</ele>
   </trkpt>
   <trkpt lat="-29.8032220" lon="24.4190680">
    <ele>1094.6</ele>
   </trkpt>
   <trkpt lat="-29.8031690" lon="24.4191320">
    <ele>1094.6</ele>
   </trkpt>
   <trkpt lat="-29.8031170" lon="24.4191940">
    <ele>1094.5</ele>
   </trkpt>
   <trkpt lat="-29.8030640" lon="24.4192570">
    <ele>1094.5</ele>
   </trkpt>
   <trkpt lat="-29.8030100" lon="24.4193210">
    <ele>1094.3</ele>
   </trkpt>
   <trkpt lat="-29.8029530" lon="24.4193920">
    <ele>1094.2</ele>
   </trkpt>
   <trkpt lat="-29.8028940" lon="24.4194720">
    <ele>1094.0</ele>
   </trkpt>
   <trkpt lat="-29.8028320" lon="24.4195550">
    <ele>1093.8</ele>
   </trkpt>
   <trkpt lat="-29.8027640" lon="24.4196380">
    <ele>1093.6</ele>
   </trkpt>
   <trkpt lat="-29.8026940" lon="24.4197200">
    <ele>1093.5</ele>
   </trkpt>
   <trkpt lat="-29.8026260" lon="24.4198010">
    <ele>1093.3</ele>
   </trkpt>
   <trkpt lat="-29.8025600" lon="24.4198820">
    <ele>1093.3</ele>
   </trkpt>
   <trkpt lat="-29.8024950" lon="24.4199560">
    <ele>1093.3</ele>
   </trkpt>
   <trkpt lat="-29.8024330" lon="24.4200290">
    <ele>1093.3</ele>
   </trkpt>
   <trkpt lat="-29.8023750" lon="24.4200960">
    <ele>1093.2</ele>
   </trkpt>
   <trkpt lat="-29.8023200" lon="24.4201610">
    <ele>1093.2</ele>
   </trkpt>
   <trkpt lat="-29.8022630" lon="24.4202270">
    <ele>1093.1</ele>
   </trkpt>
   <trkpt lat="-29.8022080" lon="24.4202980">
    <ele>1093.1</ele>
   </trkpt>
   <trkpt lat="-29.8021530" lon="24.4203740">
    <ele>1093.0</ele>
   </trkpt>
   <trkpt lat="-29.8020980" lon="24.4204520">
    <ele>1092.9</ele>
   </trkpt>
   <trkpt lat="-29.8020390" lon="24.4205300">
    <ele>1092.8</ele>
   </trkpt>
   <trkpt lat="-29.8019780" lon="24.4206110">
    <ele>1092.7</ele>
   </trkpt>
   <trkpt lat="-29.8019180" lon="24.4206920">
    <ele>1092.6</ele>
   </trkpt>
   <trkpt lat="-29.8018630" lon="24.4207730">
    <ele>1092.4</ele>
   </trkpt>
   <trkpt lat="-29.8018070" lon="24.4208510">
    <ele>1092.3</ele>
   </trkpt>
   <trkpt lat="-29.8017520" lon="24.4209240">
    <ele>1092.2</ele>
   </trkpt>
   <trkpt lat="-29.8016950" lon="24.4210000">
    <ele>1092.0</ele>
   </trkpt>
   <trkpt lat="-29.8016340" lon="24.4210760">
    <ele>1091.9</ele>
   </trkpt>
   <trkpt lat="-29.8015770" lon="24.4211490">
    <ele>1091.8</ele>
   </trkpt>
   <trkpt lat="-29.8015210" lon="24.4212210">
    <ele>1091.7</ele>
   </trkpt>
   <trkpt lat="-29.8014700" lon="24.4212880">
    <ele>1091.6</ele>
   </trkpt>
   <trkpt lat="-29.8014220" lon="24.4213480">
    <ele>1091.6</ele>
   </trkpt>
   <trkpt lat="-29.8013760" lon="24.4213910">
    <ele>1091.5</ele>
   </trkpt>
   <trkpt lat="-29.8013220" lon="24.4214140">
    <ele>1091.5</ele>
   </trkpt>
   <trkpt lat="-29.8012640" lon="24.4214120">
    <ele>1091.5</ele>
   </trkpt>
   <trkpt lat="-29.8012110" lon="24.4213860">
    <ele>1091.5</ele>
   </trkpt>
   <trkpt lat="-29.8011660" lon="24.4213390">
    <ele>1091.5</ele>
   </trkpt>
   <trkpt lat="-29.8011200" lon="24.4212820">
    <ele>1091.6</ele>
   </trkpt>
   <trkpt lat="-29.8010690" lon="24.4212210">
    <ele>1091.7</ele>
   </trkpt>
   <trkpt lat="-29.8010150" lon="24.4211570">
    <ele>1091.7</ele>
   </trkpt>
   <trkpt lat="-29.8009550" lon="24.4210950">
    <ele>1091.8</ele>
   </trkpt>
   <trkpt lat="-29.8008970" lon="24.4210310">
    <ele>1091.8</ele>
   </trkpt>
   <trkpt lat="-29.8008440" lon="24.4209740">
    <ele>1091.9</ele>
   </trkpt>
   <trkpt lat="-29.8007950" lon="24.4209210">
    <ele>1091.9</ele>
   </trkpt>
   <trkpt lat="-29.8007510" lon="24.4208720">
    <ele>1092.0</ele>
   </trkpt>
   <trkpt lat="-29.8007090" lon="24.4208230">
    <ele>1092.0</ele>
   </trkpt>
   <trkpt lat="-29.8006650" lon="24.4207720">
    <ele>1092.0</ele>
   </trkpt>
   <trkpt lat="-29.8006170" lon="24.4207140">
    <ele>1092.0</ele>
   </trkpt>
   <trkpt lat="-29.8005670" lon="24.4206590">
    <ele>1092.0</ele>
   </trkpt>
   <trkpt lat="-29.8005170" lon="24.4206040">
    <ele>1092.0</ele>
   </trkpt>
   <trkpt lat="-29.8004690" lon="24.4205500">
    <ele>1092.0</ele>
   </trkpt>
   <trkpt lat="-29.8004230" lon="24.4204990">
    <ele>1091.9</ele>
   </trkpt>
   <trkpt lat="-29.8003780" lon="24.4204470">
    <ele>1091.9</ele>
   </trkpt>
   <trkpt lat="-29.8003350" lon="24.4203980">
    <ele>1091.8</ele>
   </trkpt>
   <trkpt lat="-29.8002860" lon="24.4203460">
    <ele>1091.8</ele>
   </trkpt>
   <trkpt lat="-29.8002360" lon="24.4202940">
    <ele>1091.8</ele>
   </trkpt>
   <trkpt lat="-29.8001830" lon="24.4202410">
    <ele>1091.9</ele>
   </trkpt>
   <trkpt lat="-29.8001330" lon="24.4201810">
    <ele>1092.0</ele>
   </trkpt>
   <trkpt lat="-29.8000910" lon="24.4201170">
    <ele>1092.2</ele>
   </trkpt>
   <trkpt lat="-29.8000540" lon="24.4200580">
    <ele>1092.4</ele>
   </trkpt>
   <trkpt lat="-29.8000200" lon="24.4200100">
    <ele>1092.7</ele>
   </trkpt>
   <trkpt lat="-29.7999880" lon="24.4199710">
    <ele>1092.8</ele>
   </trkpt>
   <trkpt lat="-29.7999560" lon="24.4199400">
    <ele>1092.8</ele>
   </trkpt>
   <trkpt lat="-29.7999200" lon="24.4199260">
    <ele>1092.9</ele>
   </trkpt>
   <trkpt lat="-29.7999200" lon="24.4199310">
    <ele>1092.9</ele>
   </trkpt>
   <trkpt lat="-29.7999200" lon="24.4199310">
    <ele>1092.9</ele>
   </trkpt>
   <trkpt lat="-29.7999220" lon="24.4199320">
    <ele>1092.9</ele>
   </trkpt>
   <trkpt lat="-29.7999230" lon="24.4199310">
    <ele>1092.9</ele>
   </trkpt>
   <trkpt lat="-29.7999230" lon="24.4199290">
    <ele>1092.9</ele>
   </trkpt>
   <trkpt lat="-29.7999250" lon="24.4199270">
    <ele>1092.9</ele>
   </trkpt>
   <trkpt lat="-29.7999280" lon="24.4199290">
    <ele>1092.9</ele>
   </trkpt>
   <trkpt lat="-29.7999300" lon="24.4199290">
    <ele>1092.9</ele>
   </trkpt>
   <trkpt lat="-29.7999300" lon="24.4199300">
    <ele>1092.9</ele>
   </trkpt>
   <trkpt lat="-29.7998910" lon="24.4199280">
    <ele>1093.0</ele>
   </trkpt>
   <trkpt lat="-29.7998630" lon="24.4199360">
    <ele>1093.0</ele>
   </trkpt>
   <trkpt lat="-29.7998400" lon="24.4199400">
    <ele>1093.1</ele>
   </trkpt>
   <trkpt lat="-29.7998350" lon="24.4199390">
    <ele>1093.1</ele>
   </trkpt>
   <trkpt lat="-29.7998300" lon="24.4199370">
    <ele>1093.1</ele>
   </trkpt>
   <trkpt lat="-29.7998250" lon="24.4199360">
    <ele>1093.1</ele>
   </trkpt>
   <trkpt lat="-29.7998340" lon="24.4199390">
    <ele>1093.1</ele>
   </trkpt>
   <trkpt lat="-29.7998320" lon="24.4199370">
    <ele>1093.1</ele>
   </trkpt>
   <trkpt lat="-29.7998300" lon="24.4199360">
    <ele>1093.1</ele>
   </trkpt>
   <trkpt lat="-29.7998280" lon="24.4199350">
    <ele>1093.1</ele>
   </trkpt>
   <trkpt lat="-29.7998260" lon="24.4199340">
    <ele>1093.1</ele>
   </trkpt>
   <trkpt lat="-29.7998240" lon="24.4199320">
    <ele>1093.1</ele>
   </trkpt>
   <trkpt lat="-29.7998230" lon="24.4199310">
    <ele>1093.1</ele>
   </trkpt>
   <trkpt lat="-29.7998210" lon="24.4199300">
    <ele>1093.1</ele>
   </trkpt>
   <trkpt lat="-29.7998190" lon="24.4199280">
    <ele>1093.1</ele>
   </trkpt>
   <trkpt lat="-29.7998170" lon="24.4199270">
    <ele>1093.1</ele>
   </trkpt>
   <trkpt lat="-29.7998150" lon="24.4199260">
    <ele>1093.1</ele>
   </trkpt>
   <trkpt lat="-29.7998130" lon="24.4199250">
    <ele>1093.1</ele>
   </trkpt>
   <trkpt lat="-29.7998110" lon="24.4199230">
    <ele>1093.1</ele>
   </trkpt>
   <trkpt lat="-29.7998090" lon="24.4199220">
    <ele>1093.1</ele>
   </trkpt>
   <trkpt lat="-29.7997790" lon="24.4199260">
    <ele>1093.1</ele>
   </trkpt>
   <trkpt lat="-29.7997680" lon="24.4199280">
    <ele>1093.1</ele>
   </trkpt>
   <trkpt lat="-29.7997300" lon="24.4199380">
    <ele>1093.2</ele>
   </trkpt>
   <trkpt lat="-29.7997160" lon="24.4199400">
    <ele>1093.2</ele>
   </trkpt>
   <trkpt lat="-29.7996750" lon="24.4199420">
    <ele>1093.2</ele>
   </trkpt>
   <trkpt lat="-29.7996590" lon="24.4199390">
    <ele>1093.2</ele>
   </trkpt>
   <trkpt lat="-29.7996330" lon="24.4199140">
    <ele>1093.2</ele>
   </trkpt>
   <trkpt lat="-29.7996150" lon="24.4198590">
    <ele>1093.3</ele>
   </trkpt>
   <trkpt lat="-29.7995930" lon="24.4198370">
    <ele>1093.3</ele>
   </trkpt>
   <trkpt lat="-29.7995850" lon="24.4198240">
    <ele>1093.3</ele>
   </trkpt>
   <trkpt lat="-29.7995760" lon="24.4198100">
    <ele>1093.3</ele>
   </trkpt>
   <trkpt lat="-29.7995520" lon="24.4197650">
    <ele>1093.3</ele>
   </trkpt>
   <trkpt lat="-29.7995290" lon="24.4197330">
    <ele>1093.4</ele>
   </trkpt>
   <trkpt lat="-29.7995090" lon="24.4197000">
    <ele>1093.4</ele>
   </trkpt>
   <trkpt lat="-29.7995020" lon="24.4196820">
    <ele>1093.4</ele>
   </trkpt>
   <trkpt lat="-29.7994900" lon="24.4196680">
    <ele>1093.4</ele>
   </trkpt>
   <trkpt lat="-29.7994780" lon="24.4196660">
    <ele>1093.4</ele>
   </trkpt>
   <trkpt lat="-29.7994500" lon="24.4196110">
    <ele>1093.5</ele>
   </trkpt>
   <trkpt lat="-29.7994300" lon="24.4195860">
    <ele>1093.5</ele>
   </trkpt>
   <trkpt lat="-29.7994220" lon="24.4195550">
    <ele>1093.5</ele>
   </trkpt>
   <trkpt lat="-29.7994070" lon="24.4195290">
    <ele>1093.5</ele>
   </trkpt>
   <trkpt lat="-29.7993910" lon="24.4194960">
    <ele>1093.5</ele>
   </trkpt>
   <trkpt lat="-29.7993710" lon="24.4194620">
    <ele>1093.5</ele>
   </trkpt>
   <trkpt lat="-29.7993500" lon="24.4194280">
    <ele>1093.5</ele>
   </trkpt>
   <trkpt lat="-29.7993520" lon="24.4193850">
    <ele>1093.5</ele>
   </trkpt>
   <trkpt lat="-29.7993170" lon="24.4193570">
    <ele>1093.5</ele>
   </trkpt>
   <trkpt lat="-29.7992860" lon="24.4193320">
    <ele>1093.5</ele>
   </trkpt>
   <trkpt lat="-29.7992190" lon="24.4192930">
    <ele>1093.5</ele>
   </trkpt>
   <trkpt lat="-29.7991910" lon="24.4192630">
    <ele>1093.5</ele>
   </trkpt>
   <trkpt lat="-29.7991670" lon="24.4192280">
    <ele>1093.5</ele>
   </trkpt>
   <trkpt lat="-29.7991340" lon="24.4191970">
    <ele>1093.5</ele>
   </trkpt>
   <trkpt lat="-29.7991000" lon="24.4191670">
    <ele>1093.5</ele>
   </trkpt>
   <trkpt lat="-29.7990720" lon="24.4191390">
    <ele>1093.4</ele>
   </trkpt>
   <trkpt lat="-29.7990410" lon="24.4191110">
    <ele>1093.4</ele>
   </trkpt>
   <trkpt lat="-29.7990050" lon="24.4190890">
    <ele>1093.4</ele>
   </trkpt>
   <trkpt lat="-29.7989740" lon="24.4190650">
    <ele>1093.4</ele>
   </trkpt>
   <trkpt lat="-29.7989420" lon="24.4190310">
    <ele>1093.3</ele>
   </trkpt>
   <trkpt lat="-29.7989050" lon="24.4190010">
    <ele>1093.3</ele>
   </trkpt>
   <trkpt lat="-29.7988710" lon="24.4189700">
    <ele>1093.3</ele>
   </trkpt>
   <trkpt lat="-29.7988420" lon="24.4189400">
    <ele>1093.3</ele>
   </trkpt>
   <trkpt lat="-29.7988170" lon="24.4189120">
    <ele>1093.2</ele>
   </trkpt>
   <trkpt lat="-29.7987840" lon="24.4188820">
    <ele>1093.2</ele>
   </trkpt>
   <trkpt lat="-29.7987500" lon="24.4188560">
    <ele>1093.2</ele>
   </trkpt>
   <trkpt lat="-29.7987180" lon="24.4188220">
    <ele>1093.2</ele>
   </trkpt>
   <trkpt lat="-29.7986950" lon="24.4187820">
    <ele>1093.1</ele>
   </trkpt>
   <trkpt lat="-29.7986720" lon="24.4187450">
    <ele>1093.1</ele>
   </trkpt>
   <trkpt lat="-29.7986450" lon="24.4187100">
    <ele>1093.1</ele>
   </trkpt>
   <trkpt lat="-29.7986190" lon="24.4186770">
    <ele>1093.1</ele>
   </trkpt>
   <trkpt lat="-29.7985870" lon="24.4186400">
    <ele>1093.1</ele>
   </trkpt>
   <trkpt lat="-29.7985620" lon="24.4186030">
    <ele>1093.1</ele>
   </trkpt>
   <trkpt lat="-29.7985330" lon="24.4185680">
    <ele>1093.1</ele>
   </trkpt>
   <trkpt lat="-29.7985040" lon="24.4185380">
    <ele>1093.0</ele>
   </trkpt>
   <trkpt lat="-29.7984770" lon="24.4185130">
    <ele>1093.0</ele>
   </trkpt>
   <trkpt lat="-29.7984520" lon="24.4184800">
    <ele>1093.1</ele>
   </trkpt>
   <trkpt lat="-29.7984250" lon="24.4184450">
    <ele>1093.1</ele>
   </trkpt>
   <trkpt lat="-29.7984070" lon="24.4184140">
    <ele>1093.1</ele>
   </trkpt>
   <trkpt lat="-29.7983870" lon="24.4183760">
    <ele>1093.1</ele>
   </trkpt>
   <trkpt lat="-29.7983660" lon="24.4183450">
    <ele>1093.1</ele>
   </trkpt>
   <trkpt lat="-29.7983410" lon="24.4183100">
    <ele>1093.1</ele>
   </trkpt>
   <trkpt lat="-29.7983200" lon="24.4182760">
    <ele>1093.1</ele>
   </trkpt>
   <trkpt lat="-29.7983020" lon="24.4182450">
    <ele>1093.1</ele>
   </trkpt>
   <trkpt lat="-29.7982770" lon="24.4182120">
    <ele>1093.1</ele>
   </trkpt>
   <trkpt lat="-29.7982520" lon="24.4181800">
    <ele>1093.1</ele>
   </trkpt>
   <trkpt lat="-29.7982230" lon="24.4181480">
    <ele>1093.1</ele>
   </trkpt>
   <trkpt lat="-29.7982030" lon="24.4181170">
    <ele>1093.2</ele>
   </trkpt>
   <trkpt lat="-29.7981840" lon="24.4180830">
    <ele>1093.2</ele>
   </trkpt>
   <trkpt lat="-29.7981590" lon="24.4180490">
    <ele>1093.2</ele>
   </trkpt>
   <trkpt lat="-29.7981350" lon="24.4180180">
    <ele>1093.2</ele>
   </trkpt>
   <trkpt lat="-29.7981150" lon="24.4179870">
    <ele>1093.2</ele>
   </trkpt>
   <trkpt lat="-29.7980900" lon="24.4179520">
    <ele>1093.2</ele>
   </trkpt>
   <trkpt lat="-29.7980670" lon="24.4179190">
    <ele>1093.2</ele>
   </trkpt>
   <trkpt lat="-29.7980480" lon="24.4178820">
    <ele>1093.3</ele>
   </trkpt>
   <trkpt lat="-29.7980320" lon="24.4178460">
    <ele>1093.3</ele>
   </trkpt>
   <trkpt lat="-29.7980090" lon="24.4178110">
    <ele>1093.3</ele>
   </trkpt>
   <trkpt lat="-29.7979860" lon="24.4177800">
    <ele>1093.3</ele>
   </trkpt>
   <trkpt lat="-29.7979630" lon="24.4177450">
    <ele>1093.3</ele>
   </trkpt>
   <trkpt lat="-29.7979410" lon="24.4177140">
    <ele>1093.3</ele>
   </trkpt>
   <trkpt lat="-29.7979180" lon="24.4176780">
    <ele>1093.4</ele>
   </trkpt>
   <trkpt lat="-29.7978950" lon="24.4176410">
    <ele>1093.4</ele>
   </trkpt>
   <trkpt lat="-29.7978750" lon="24.4176080">
    <ele>1093.4</ele>
   </trkpt>
   <trkpt lat="-29.7978520" lon="24.4175730">
    <ele>1093.4</ele>
   </trkpt>
   <trkpt lat="-29.7978280" lon="24.4175440">
    <ele>1093.4</ele>
   </trkpt>
   <trkpt lat="-29.7978060" lon="24.4175130">
    <ele>1093.4</ele>
   </trkpt>
   <trkpt lat="-29.7977820" lon="24.4174750">
    <ele>1093.4</ele>
   </trkpt>
   <trkpt lat="-29.7977660" lon="24.4174380">
    <ele>1093.4</ele>
   </trkpt>
   <trkpt lat="-29.7977460" lon="24.4174020">
    <ele>1093.4</ele>
   </trkpt>
   <trkpt lat="-29.7977300" lon="24.4173710">
    <ele>1093.4</ele>
   </trkpt>
   <trkpt lat="-29.7977090" lon="24.4173350">
    <ele>1093.4</ele>
   </trkpt>
   <trkpt lat="-29.7976930" lon="24.4172950">
    <ele>1093.4</ele>
   </trkpt>
   <trkpt lat="-29.7976720" lon="24.4172590">
    <ele>1093.4</ele>
   </trkpt>
   <trkpt lat="-29.7976490" lon="24.4172260">
    <ele>1093.4</ele>
   </trkpt>
   <trkpt lat="-29.7976270" lon="24.4171910">
    <ele>1093.4</ele>
   </trkpt>
   <trkpt lat="-29.7976060" lon="24.4171550">
    <ele>1093.4</ele>
   </trkpt>
   <trkpt lat="-29.7975840" lon="24.4171220">
    <ele>1093.4</ele>
   </trkpt>
   <trkpt lat="-29.7975600" lon="24.4170920">
    <ele>1093.4</ele>
   </trkpt>
   <trkpt lat="-29.7975340" lon="24.4170600">
    <ele>1093.4</ele>
   </trkpt>
   <trkpt lat="-29.7975080" lon="24.4170240">
    <ele>1093.4</ele>
   </trkpt>
   <trkpt lat="-29.7974850" lon="24.4169900">
    <ele>1093.3</ele>
   </trkpt>
   <trkpt lat="-29.7974610" lon="24.4169560">
    <ele>1093.3</ele>
   </trkpt>
   <trkpt lat="-29.7974370" lon="24.4169220">
    <ele>1093.3</ele>
   </trkpt>
   <trkpt lat="-29.7974160" lon="24.4168850">
    <ele>1093.3</ele>
   </trkpt>
   <trkpt lat="-29.7973920" lon="24.4168490">
    <ele>1093.3</ele>
   </trkpt>
   <trkpt lat="-29.7973670" lon="24.4168110">
    <ele>1093.4</ele>
   </trkpt>
   <trkpt lat="-29.7973430" lon="24.4167730">
    <ele>1093.4</ele>
   </trkpt>
   <trkpt lat="-29.7973200" lon="24.4167390">
    <ele>1093.4</ele>
   </trkpt>
   <trkpt lat="-29.7972940" lon="24.4167060">
    <ele>1093.4</ele>
   </trkpt>
   <trkpt lat="-29.7972710" lon="24.4166680">
    <ele>1093.4</ele>
   </trkpt>
   <trkpt lat="-29.7972500" lon="24.4166300">
    <ele>1093.4</ele>
   </trkpt>
   <trkpt lat="-29.7972220" lon="24.4166000">
    <ele>1093.4</ele>
   </trkpt>
   <trkpt lat="-29.7971950" lon="24.4165730">
    <ele>1093.3</ele>
   </trkpt>
   <trkpt lat="-29.7971690" lon="24.4165410">
    <ele>1093.3</ele>
   </trkpt>
   <trkpt lat="-29.7971460" lon="24.4165100">
    <ele>1093.3</ele>
   </trkpt>
   <trkpt lat="-29.7971190" lon="24.4164840">
    <ele>1093.3</ele>
   </trkpt>
   <trkpt lat="-29.7970940" lon="24.4164590">
    <ele>1093.3</ele>
   </trkpt>
   <trkpt lat="-29.7970620" lon="24.4164270">
    <ele>1093.3</ele>
   </trkpt>
   <trkpt lat="-29.7970340" lon="24.4163940">
    <ele>1093.3</ele>
   </trkpt>
   <trkpt lat="-29.7970110" lon="24.4163590">
    <ele>1093.3</ele>
   </trkpt>
   <trkpt lat="-29.7969860" lon="24.4163220">
    <ele>1093.3</ele>
   </trkpt>
   <trkpt lat="-29.7969550" lon="24.4162930">
    <ele>1093.3</ele>
   </trkpt>
   <trkpt lat="-29.7969210" lon="24.4162550">
    <ele>1093.3</ele>
   </trkpt>
   <trkpt lat="-29.7968960" lon="24.4162270">
    <ele>1093.3</ele>
   </trkpt>
   <trkpt lat="-29.7968660" lon="24.4162040">
    <ele>1093.3</ele>
   </trkpt>
   <trkpt lat="-29.7968400" lon="24.4161790">
    <ele>1093.3</ele>
   </trkpt>
   <trkpt lat="-29.7968150" lon="24.4161560">
    <ele>1093.3</ele>
   </trkpt>
   <trkpt lat="-29.7967850" lon="24.4161290">
    <ele>1093.3</ele>
   </trkpt>
   <trkpt lat="-29.7967550" lon="24.4161040">
    <ele>1093.3</ele>
   </trkpt>
   <trkpt lat="-29.7967250" lon="24.4160720">
    <ele>1093.3</ele>
   </trkpt>
   <trkpt lat="-29.7966980" lon="24.4160460">
    <ele>1093.2</ele>
   </trkpt>
   <trkpt lat="-29.7966680" lon="24.4160200">
    <ele>1093.2</ele>
   </trkpt>
   <trkpt lat="-29.7966410" lon="24.4159910">
    <ele>1093.2</ele>
   </trkpt>
   <trkpt lat="-29.7966130" lon="24.4159620">
    <ele>1093.2</ele>
   </trkpt>
   <trkpt lat="-29.7965840" lon="24.4159300">
    <ele>1093.1</ele>
   </trkpt>
   <trkpt lat="-29.7965540" lon="24.4158940">
    <ele>1093.1</ele>
   </trkpt>
   <trkpt lat="-29.7965240" lon="24.4158610">
    <ele>1093.1</ele>
   </trkpt>
   <trkpt lat="-29.7964950" lon="24.4158260">
    <ele>1093.1</ele>
   </trkpt>
   <trkpt lat="-29.7964650" lon="24.4157910">
    <ele>1093.0</ele>
   </trkpt>
   <trkpt lat="-29.7964370" lon="24.4157560">
    <ele>1093.0</ele>
   </trkpt>
   <trkpt lat="-29.7964110" lon="24.4157200">
    <ele>1093.0</ele>
   </trkpt>
   <trkpt lat="-29.7963850" lon="24.4156850">
    <ele>1092.9</ele>
   </trkpt>
   <trkpt lat="-29.7963560" lon="24.4156510">
    <ele>1092.9</ele>
   </trkpt>
   <trkpt lat="-29.7963280" lon="24.4156210">
    <ele>1092.9</ele>
   </trkpt>
   <trkpt lat="-29.7963020" lon="24.4155880">
    <ele>1092.9</ele>
   </trkpt>
   <trkpt lat="-29.7962720" lon="24.4155540">
    <ele>1092.8</ele>
   </trkpt>
   <trkpt lat="-29.7962500" lon="24.4155200">
    <ele>1092.8</ele>
   </trkpt>
   <trkpt lat="-29.7962190" lon="24.4154860">
    <ele>1092.8</ele>
   </trkpt>
   <trkpt lat="-29.7961940" lon="24.4154520">
    <ele>1092.8</ele>
   </trkpt>
   <trkpt lat="-29.7961740" lon="24.4154140">
    <ele>1092.8</ele>
   </trkpt>
   <trkpt lat="-29.7961530" lon="24.4153790">
    <ele>1092.8</ele>
   </trkpt>
   <trkpt lat="-29.7961320" lon="24.4153390">
    <ele>1092.8</ele>
   </trkpt>
   <trkpt lat="-29.7961120" lon="24.4152990">
    <ele>1092.8</ele>
   </trkpt>
   <trkpt lat="-29.7960890" lon="24.4152630">
    <ele>1092.7</ele>
   </trkpt>
   <trkpt lat="-29.7960660" lon="24.4152270">
    <ele>1092.7</ele>
   </trkpt>
   <trkpt lat="-29.7960440" lon="24.4151930">
    <ele>1092.7</ele>
   </trkpt>
   <trkpt lat="-29.7960200" lon="24.4151560">
    <ele>1092.7</ele>
   </trkpt>
   <trkpt lat="-29.7959930" lon="24.4151210">
    <ele>1092.7</ele>
   </trkpt>
   <trkpt lat="-29.7959690" lon="24.4150960">
    <ele>1092.7</ele>
   </trkpt>
   <trkpt lat="-29.7959490" lon="24.4150650">
    <ele>1092.7</ele>
   </trkpt>
   <trkpt lat="-29.7959250" lon="24.4150290">
    <ele>1092.7</ele>
   </trkpt>
   <trkpt lat="-29.7959040" lon="24.4149970">
    <ele>1092.7</ele>
   </trkpt>
   <trkpt lat="-29.7958800" lon="24.4149650">
    <ele>1092.7</ele>
   </trkpt>
   <trkpt lat="-29.7958540" lon="24.4149380">
    <ele>1092.7</ele>
   </trkpt>
   <trkpt lat="-29.7958310" lon="24.4149070">
    <ele>1092.7</ele>
   </trkpt>
   <trkpt lat="-29.7958010" lon="24.4148740">
    <ele>1092.7</ele>
   </trkpt>
   <trkpt lat="-29.7957810" lon="24.4148430">
    <ele>1092.7</ele>
   </trkpt>
   <trkpt lat="-29.7957570" lon="24.4148070">
    <ele>1092.7</ele>
   </trkpt>
   <trkpt lat="-29.7957350" lon="24.4147750">
    <ele>1092.7</ele>
   </trkpt>
   <trkpt lat="-29.7957140" lon="24.4147430">
    <ele>1092.7</ele>
   </trkpt>
   <trkpt lat="-29.7956910" lon="24.4147120">
    <ele>1092.7</ele>
   </trkpt>
   <trkpt lat="-29.7956680" lon="24.4146770">
    <ele>1092.7</ele>
   </trkpt>
   <trkpt lat="-29.7956450" lon="24.4146420">
    <ele>1092.7</ele>
   </trkpt>
   <trkpt lat="-29.7956200" lon="24.4146100">
    <ele>1092.6</ele>
   </trkpt>
   <trkpt lat="-29.7955960" lon="24.4145760">
    <ele>1092.6</ele>
   </trkpt>
   <trkpt lat="-29.7955740" lon="24.4145430">
    <ele>1092.6</ele>
   </trkpt>
   <trkpt lat="-29.7955540" lon="24.4145060">
    <ele>1092.6</ele>
   </trkpt>
   <trkpt lat="-29.7955340" lon="24.4144720">
    <ele>1092.6</ele>
   </trkpt>
   <trkpt lat="-29.7955130" lon="24.4144360">
    <ele>1092.6</ele>
   </trkpt>
   <trkpt lat="-29.7954930" lon="24.4144020">
    <ele>1092.6</ele>
   </trkpt>
   <trkpt lat="-29.7954720" lon="24.4143630">
    <ele>1092.6</ele>
   </trkpt>
   <trkpt lat="-29.7954520" lon="24.4143260">
    <ele>1092.7</ele>
   </trkpt>
   <trkpt lat="-29.7954340" lon="24.4142930">
    <ele>1092.7</ele>
   </trkpt>
   <trkpt lat="-29.7954110" lon="24.4142640">
    <ele>1092.7</ele>
   </trkpt>
   <trkpt lat="-29.7953890" lon="24.4142350">
    <ele>1092.7</ele>
   </trkpt>
   <trkpt lat="-29.7953730" lon="24.4142070">
    <ele>1092.7</ele>
   </trkpt>
   <trkpt lat="-29.7953550" lon="24.4141680">
    <ele>1092.7</ele>
   </trkpt>
   <trkpt lat="-29.7953410" lon="24.4141320">
    <ele>1092.7</ele>
   </trkpt>
   <trkpt lat="-29.7953230" lon="24.4140990">
    <ele>1092.7</ele>
   </trkpt>
   <trkpt lat="-29.7953100" lon="24.4140570">
    <ele>1092.7</ele>
   </trkpt>
   <trkpt lat="-29.7952990" lon="24.4140180">
    <ele>1092.7</ele>
   </trkpt>
   <trkpt lat="-29.7952830" lon="24.4139780">
    <ele>1092.7</ele>
   </trkpt>
   <trkpt lat="-29.7952670" lon="24.4139470">
    <ele>1092.8</ele>
   </trkpt>
   <trkpt lat="-29.7952480" lon="24.4139100">
    <ele>1092.8</ele>
   </trkpt>
   <trkpt lat="-29.7952310" lon="24.4138740">
    <ele>1092.8</ele>
   </trkpt>
   <trkpt lat="-29.7952100" lon="24.4138370">
    <ele>1092.8</ele>
   </trkpt>
   <trkpt lat="-29.7951950" lon="24.4138020">
    <ele>1092.8</ele>
   </trkpt>
   <trkpt lat="-29.7951770" lon="24.4137670">
    <ele>1092.8</ele>
   </trkpt>
   <trkpt lat="-29.7951580" lon="24.4137300">
    <ele>1092.8</ele>
   </trkpt>
   <trkpt lat="-29.7951410" lon="24.4136950">
    <ele>1092.8</ele>
   </trkpt>
   <trkpt lat="-29.7951230" lon="24.4136540">
    <ele>1092.8</ele>
   </trkpt>
   <trkpt lat="-29.7951040" lon="24.4136110">
    <ele>1092.8</ele>
   </trkpt>
   <trkpt lat="-29.7950790" lon="24.4135790">
    <ele>1092.8</ele>
   </trkpt>
   <trkpt lat="-29.7950670" lon="24.4135460">
    <ele>1092.8</ele>
   </trkpt>
   <trkpt lat="-29.7950560" lon="24.4135170">
    <ele>1092.8</ele>
   </trkpt>
   <trkpt lat="-29.7950400" lon="24.4134780">
    <ele>1092.9</ele>
   </trkpt>
   <trkpt lat="-29.7950180" lon="24.4134480">
    <ele>1092.9</ele>
   </trkpt>
   <trkpt lat="-29.7949950" lon="24.4134220">
    <ele>1092.9</ele>
   </trkpt>
   <trkpt lat="-29.7949710" lon="24.4133910">
    <ele>1092.9</ele>
   </trkpt>
   <trkpt lat="-29.7949490" lon="24.4133570">
    <ele>1092.9</ele>
   </trkpt>
   <trkpt lat="-29.7949260" lon="24.4133220">
    <ele>1093.0</ele>
   </trkpt>
   <trkpt lat="-29.7949030" lon="24.4132890">
    <ele>1093.0</ele>
   </trkpt>
   <trkpt lat="-29.7948800" lon="24.4132570">
    <ele>1093.0</ele>
   </trkpt>
   <trkpt lat="-29.7948550" lon="24.4132240">
    <ele>1093.0</ele>
   </trkpt>
   <trkpt lat="-29.7948310" lon="24.4131980">
    <ele>1093.0</ele>
   </trkpt>
   <trkpt lat="-29.7948060" lon="24.4131650">
    <ele>1093.0</ele>
   </trkpt>
   <trkpt lat="-29.7947810" lon="24.4131270">
    <ele>1093.0</ele>
   </trkpt>
   <trkpt lat="-29.7947600" lon="24.4130960">
    <ele>1093.0</ele>
   </trkpt>
   <trkpt lat="-29.7947410" lon="24.4130610">
    <ele>1093.1</ele>
   </trkpt>
   <trkpt lat="-29.7947210" lon="24.4130300">
    <ele>1093.1</ele>
   </trkpt>
   <trkpt lat="-29.7947020" lon="24.4129980">
    <ele>1093.1</ele>
   </trkpt>
   <trkpt lat="-29.7946820" lon="24.4129590">
    <ele>1093.1</ele>
   </trkpt>
   <trkpt lat="-29.7946610" lon="24.4129240">
    <ele>1093.1</ele>
   </trkpt>
   <trkpt lat="-29.7946420" lon="24.4128910">
    <ele>1093.1</ele>
   </trkpt>
   <trkpt lat="-29.7946230" lon="24.4128580">
    <ele>1093.1</ele>
   </trkpt>
   <trkpt lat="-29.7946010" lon="24.4128250">
    <ele>1093.2</ele>
   </trkpt>
   <trkpt lat="-29.7945810" lon="24.4127900">
    <ele>1093.2</ele>
   </trkpt>
   <trkpt lat="-29.7945610" lon="24.4127560">
    <ele>1093.2</ele>
   </trkpt>
   <trkpt lat="-29.7945400" lon="24.4127210">
    <ele>1093.2</ele>
   </trkpt>
   <trkpt lat="-29.7945160" lon="24.4126890">
    <ele>1093.2</ele>
   </trkpt>
   <trkpt lat="-29.7944930" lon="24.4126580">
    <ele>1093.2</ele>
   </trkpt>
   <trkpt lat="-29.7944710" lon="24.4126240">
    <ele>1093.2</ele>
   </trkpt>
   <trkpt lat="-29.7944470" lon="24.4125920">
    <ele>1093.2</ele>
   </trkpt>
   <trkpt lat="-29.7944240" lon="24.4125600">
    <ele>1093.2</ele>
   </trkpt>
   <trkpt lat="-29.7944030" lon="24.4125240">
    <ele>1093.2</ele>
   </trkpt>
   <trkpt lat="-29.7943860" lon="24.4124870">
    <ele>1093.2</ele>
   </trkpt>
   <trkpt lat="-29.7943700" lon="24.4124500">
    <ele>1093.2</ele>
   </trkpt>
   <trkpt lat="-29.7943490" lon="24.4124130">
    <ele>1093.3</ele>
   </trkpt>
   <trkpt lat="-29.7943310" lon="24.4123780">
    <ele>1093.3</ele>
   </trkpt>
   <trkpt lat="-29.7943130" lon="24.4123440">
    <ele>1093.3</ele>
   </trkpt>
   <trkpt lat="-29.7942940" lon="24.4123090">
    <ele>1093.3</ele>
   </trkpt>
   <trkpt lat="-29.7942720" lon="24.4122750">
    <ele>1093.3</ele>
   </trkpt>
   <trkpt lat="-29.7942480" lon="24.4122440">
    <ele>1093.3</ele>
   </trkpt>
   <trkpt lat="-29.7942250" lon="24.4122100">
    <ele>1093.3</ele>
   </trkpt>
   <trkpt lat="-29.7942080" lon="24.4121700">
    <ele>1093.3</ele>
   </trkpt>
   <trkpt lat="-29.7941910" lon="24.4121340">
    <ele>1093.3</ele>
   </trkpt>
   <trkpt lat="-29.7941650" lon="24.4121030">
    <ele>1093.3</ele>
   </trkpt>
   <trkpt lat="-29.7941320" lon="24.4120770">
    <ele>1093.3</ele>
   </trkpt>
   <trkpt lat="-29.7940980" lon="24.4120550">
    <ele>1093.3</ele>
   </trkpt>
   <trkpt lat="-29.7940670" lon="24.4120320">
    <ele>1093.3</ele>
   </trkpt>
   <trkpt lat="-29.7940370" lon="24.4120100">
    <ele>1093.3</ele>
   </trkpt>
   <trkpt lat="-29.7940030" lon="24.4119880">
    <ele>1093.4</ele>
   </trkpt>
   <trkpt lat="-29.7939710" lon="24.4119670">
    <ele>1093.4</ele>
   </trkpt>
   <trkpt lat="-29.7939370" lon="24.4119470">
    <ele>1093.4</ele>
   </trkpt>
   <trkpt lat="-29.7939050" lon="24.4119250">
    <ele>1093.4</ele>
   </trkpt>
   <trkpt lat="-29.7938390" lon="24.4118820">
    <ele>1093.4</ele>
   </trkpt>
   <trkpt lat="-29.7938040" lon="24.4118630">
    <ele>1093.4</ele>
   </trkpt>
   <trkpt lat="-29.7937360" lon="24.4118240">
    <ele>1093.3</ele>
   </trkpt>
   <trkpt lat="-29.7937020" lon="24.4118030">
    <ele>1093.3</ele>
   </trkpt>
   <trkpt lat="-29.7936680" lon="24.4117840">
    <ele>1093.3</ele>
   </trkpt>
   <trkpt lat="-29.7936340" lon="24.4117660">
    <ele>1093.3</ele>
   </trkpt>
   <trkpt lat="-29.7936010" lon="24.4117460">
    <ele>1093.3</ele>
   </trkpt>
   <trkpt lat="-29.7935660" lon="24.4117270">
    <ele>1093.3</ele>
   </trkpt>
   <trkpt lat="-29.7935320" lon="24.4117080">
    <ele>1093.3</ele>
   </trkpt>
   <trkpt lat="-29.7934980" lon="24.4116860">
    <ele>1093.3</ele>
   </trkpt>
   <trkpt lat="-29.7934650" lon="24.4116620">
    <ele>1093.3</ele>
   </trkpt>
   <trkpt lat="-29.7934300" lon="24.4116370">
    <ele>1093.2</ele>
   </trkpt>
   <trkpt lat="-29.7933970" lon="24.4116140">
    <ele>1093.2</ele>
   </trkpt>
   <trkpt lat="-29.7933640" lon="24.4115910">
    <ele>1093.2</ele>
   </trkpt>
   <trkpt lat="-29.7933310" lon="24.4115660">
    <ele>1093.2</ele>
   </trkpt>
   <trkpt lat="-29.7933010" lon="24.4115390">
    <ele>1093.2</ele>
   </trkpt>
   <trkpt lat="-29.7932690" lon="24.4115140">
    <ele>1093.2</ele>
   </trkpt>
   <trkpt lat="-29.7932380" lon="24.4114870">
    <ele>1093.2</ele>
   </trkpt>
   <trkpt lat="-29.7932050" lon="24.4114600">
    <ele>1093.1</ele>
   </trkpt>
   <trkpt lat="-29.7931730" lon="24.4114360">
    <ele>1093.1</ele>
   </trkpt>
   <trkpt lat="-29.7931410" lon="24.4114120">
    <ele>1093.1</ele>
   </trkpt>
   <trkpt lat="-29.7931090" lon="24.4113860">
    <ele>1093.1</ele>
   </trkpt>
   <trkpt lat="-29.7930790" lon="24.4113590">
    <ele>1093.1</ele>
   </trkpt>
   <trkpt lat="-29.7930480" lon="24.4113350">
    <ele>1093.1</ele>
   </trkpt>
   <trkpt lat="-29.7930180" lon="24.4113090">
    <ele>1093.1</ele>
   </trkpt>
   <trkpt lat="-29.7929890" lon="24.4112840">
    <ele>1093.1</ele>
   </trkpt>
   <trkpt lat="-29.7929610" lon="24.4112520">
    <ele>1093.1</ele>
   </trkpt>
   <trkpt lat="-29.7929330" lon="24.4112230">
    <ele>1093.1</ele>
   </trkpt>
   <trkpt lat="-29.7929040" lon="24.4111930">
    <ele>1093.0</ele>
   </trkpt>
   <trkpt lat="-29.7928730" lon="24.4111640">
    <ele>1093.0</ele>
   </trkpt>
   <trkpt lat="-29.7928430" lon="24.4111370">
    <ele>1093.0</ele>
   </trkpt>
   <trkpt lat="-29.7928130" lon="24.4111080">
    <ele>1093.0</ele>
   </trkpt>
   <trkpt lat="-29.7927830" lon="24.4110800">
    <ele>1092.9</ele>
   </trkpt>
   <trkpt lat="-29.7927550" lon="24.4110500">
    <ele>1092.9</ele>
   </trkpt>
   <trkpt lat="-29.7927280" lon="24.4110150">
    <ele>1092.9</ele>
   </trkpt>
   <trkpt lat="-29.7927000" lon="24.4109860">
    <ele>1092.9</ele>
   </trkpt>
   <trkpt lat="-29.7926710" lon="24.4109560">
    <ele>1092.9</ele>
   </trkpt>
   <trkpt lat="-29.7926410" lon="24.4109270">
    <ele>1092.9</ele>
   </trkpt>
   <trkpt lat="-29.7926110" lon="24.4108930">
    <ele>1092.8</ele>
   </trkpt>
   <trkpt lat="-29.7925880" lon="24.4108580">
    <ele>1092.8</ele>
   </trkpt>
   <trkpt lat="-29.7925620" lon="24.4108230">
    <ele>1092.8</ele>
   </trkpt>
   <trkpt lat="-29.7925380" lon="24.4107870">
    <ele>1092.9</ele>
   </trkpt>
   <trkpt lat="-29.7925140" lon="24.4107530">
    <ele>1092.9</ele>
   </trkpt>
   <trkpt lat="-29.7924930" lon="24.4107190">
    <ele>1092.9</ele>
   </trkpt>
   <trkpt lat="-29.7924710" lon="24.4106800">
    <ele>1092.9</ele>
   </trkpt>
   <trkpt lat="-29.7924500" lon="24.4106460">
    <ele>1092.9</ele>
   </trkpt>
   <trkpt lat="-29.7924380" lon="24.4106250">
    <ele>1092.9</ele>
   </trkpt>
   <trkpt lat="-29.7924280" lon="24.4106090">
    <ele>1092.9</ele>
   </trkpt>
   <trkpt lat="-29.7924070" lon="24.4105750">
    <ele>1092.9</ele>
   </trkpt>
   <trkpt lat="-29.7923660" lon="24.4105040">
    <ele>1092.9</ele>
   </trkpt>
   <trkpt lat="-29.7923480" lon="24.4104640">
    <ele>1092.9</ele>
   </trkpt>
   <trkpt lat="-29.7923320" lon="24.4104320">
    <ele>1093.0</ele>
   </trkpt>
   <trkpt lat="-29.7923140" lon="24.4103950">
    <ele>1093.0</ele>
   </trkpt>
   <trkpt lat="-29.7922960" lon="24.4103590">
    <ele>1093.0</ele>
   </trkpt>
   <trkpt lat="-29.7922780" lon="24.4103210">
    <ele>1093.0</ele>
   </trkpt>
   <trkpt lat="-29.7922630" lon="24.4102830">
    <ele>1093.1</ele>
   </trkpt>
   <trkpt lat="-29.7922460" lon="24.4102460">
    <ele>1093.1</ele>
   </trkpt>
   <trkpt lat="-29.7922270" lon="24.4102040">
    <ele>1093.2</ele>
   </trkpt>
   <trkpt lat="-29.7922090" lon="24.4101680">
    <ele>1093.2</ele>
   </trkpt>
   <trkpt lat="-29.7921940" lon="24.4101300">
    <ele>1093.2</ele>
   </trkpt>
   <trkpt lat="-29.7921800" lon="24.4100910">
    <ele>1093.2</ele>
   </trkpt>
   <trkpt lat="-29.7921660" lon="24.4100550">
    <ele>1093.2</ele>
   </trkpt>
   <trkpt lat="-29.7921520" lon="24.4100170">
    <ele>1093.2</ele>
   </trkpt>
   <trkpt lat="-29.7921350" lon="24.4099790">
    <ele>1093.2</ele>
   </trkpt>
   <trkpt lat="-29.7921200" lon="24.4099410">
    <ele>1093.2</ele>
   </trkpt>
   <trkpt lat="-29.7921090" lon="24.4099000">
    <ele>1093.2</ele>
   </trkpt>
   <trkpt lat="-29.7920980" lon="24.4098580">
    <ele>1093.2</ele>
   </trkpt>
   <trkpt lat="-29.7920860" lon="24.4098200">
    <ele>1093.2</ele>
   </trkpt>
   <trkpt lat="-29.7920740" lon="24.4097830">
    <ele>1093.2</ele>
   </trkpt>
   <trkpt lat="-29.7920720" lon="24.4097810">
    <ele>1093.2</ele>
   </trkpt>
   <trkpt lat="-29.7920620" lon="24.4097480">
    <ele>1093.2</ele>
   </trkpt>
   <trkpt lat="-29.7920520" lon="24.4097010">
    <ele>1093.2</ele>
   </trkpt>
   <trkpt lat="-29.7920350" lon="24.4096220">
    <ele>1093.2</ele>
   </trkpt>
   <trkpt lat="-29.7920250" lon="24.4095800">
    <ele>1093.2</ele>
   </trkpt>
   <trkpt lat="-29.7920170" lon="24.4095400">
    <ele>1093.1</ele>
   </trkpt>
   <trkpt lat="-29.7920100" lon="24.4094980">
    <ele>1093.1</ele>
   </trkpt>
   <trkpt lat="-29.7920030" lon="24.4094540">
    <ele>1093.1</ele>
   </trkpt>
   <trkpt lat="-29.7919940" lon="24.4094080">
    <ele>1093.1</ele>
   </trkpt>
   <trkpt lat="-29.7919840" lon="24.4093650">
    <ele>1093.1</ele>
   </trkpt>
   <trkpt lat="-29.7919750" lon="24.4093190">
    <ele>1093.1</ele>
   </trkpt>
   <trkpt lat="-29.7919710" lon="24.4092710">
    <ele>1093.1</ele>
   </trkpt>
   <trkpt lat="-29.7919690" lon="24.4092290">
    <ele>1093.1</ele>
   </trkpt>
   <trkpt lat="-29.7919640" lon="24.4091840">
    <ele>1093.1</ele>
   </trkpt>
   <trkpt lat="-29.7919600" lon="24.4091360">
    <ele>1093.0</ele>
   </trkpt>
   <trkpt lat="-29.7919540" lon="24.4090930">
    <ele>1093.0</ele>
   </trkpt>
   <trkpt lat="-29.7919540" lon="24.4090480">
    <ele>1093.0</ele>
   </trkpt>
   <trkpt lat="-29.7919530" lon="24.4090050">
    <ele>1093.0</ele>
   </trkpt>
   <trkpt lat="-29.7919510" lon="24.4089620">
    <ele>1093.0</ele>
   </trkpt>
   <trkpt lat="-29.7919500" lon="24.4089190">
    <ele>1093.0</ele>
   </trkpt>
   <trkpt lat="-29.7919490" lon="24.4088700">
    <ele>1092.9</ele>
   </trkpt>
   <trkpt lat="-29.7919410" lon="24.4088250">
    <ele>1092.9</ele>
   </trkpt>
   <trkpt lat="-29.7919280" lon="24.4087850">
    <ele>1092.9</ele>
   </trkpt>
   <trkpt lat="-29.7919180" lon="24.4087480">
    <ele>1092.9</ele>
   </trkpt>
   <trkpt lat="-29.7919190" lon="24.4087070">
    <ele>1092.9</ele>
   </trkpt>
   <trkpt lat="-29.7919230" lon="24.4086650">
    <ele>1092.9</ele>
   </trkpt>
   <trkpt lat="-29.7919200" lon="24.4086250">
    <ele>1092.9</ele>
   </trkpt>
   <trkpt lat="-29.7919140" lon="24.4085850">
    <ele>1092.9</ele>
   </trkpt>
   <trkpt lat="-29.7919130" lon="24.4085410">
    <ele>1092.9</ele>
   </trkpt>
   <trkpt lat="-29.7919120" lon="24.4085000">
    <ele>1092.9</ele>
   </trkpt>
   <trkpt lat="-29.7919050" lon="24.4084600">
    <ele>1092.9</ele>
   </trkpt>
   <trkpt lat="-29.7919020" lon="24.4084210">
    <ele>1092.9</ele>
   </trkpt>
   <trkpt lat="-29.7919040" lon="24.4083810">
    <ele>1092.9</ele>
   </trkpt>
   <trkpt lat="-29.7919080" lon="24.4083390">
    <ele>1092.9</ele>
   </trkpt>
   <trkpt lat="-29.7919150" lon="24.4082990">
    <ele>1092.9</ele>
   </trkpt>
   <trkpt lat="-29.7919190" lon="24.4082580">
    <ele>1092.9</ele>
   </trkpt>
   <trkpt lat="-29.7919230" lon="24.4082180">
    <ele>1092.9</ele>
   </trkpt>
   <trkpt lat="-29.7919250" lon="24.4081790">
    <ele>1092.9</ele>
   </trkpt>
   <trkpt lat="-29.7919180" lon="24.4081420">
    <ele>1092.9</ele>
   </trkpt>
   <trkpt lat="-29.7919160" lon="24.4081060">
    <ele>1092.9</ele>
   </trkpt>
   <trkpt lat="-29.7919130" lon="24.4080720">
    <ele>1092.9</ele>
   </trkpt>
   <trkpt lat="-29.7918980" lon="24.4080390">
    <ele>1092.9</ele>
   </trkpt>
   <trkpt lat="-29.7918790" lon="24.4080150">
    <ele>1092.9</ele>
   </trkpt>
   <trkpt lat="-29.7918570" lon="24.4079890">
    <ele>1092.9</ele>
   </trkpt>
   <trkpt lat="-29.7918380" lon="24.4079640">
    <ele>1092.9</ele>
   </trkpt>
   <trkpt lat="-29.7918180" lon="24.4079380">
    <ele>1092.9</ele>
   </trkpt>
   <trkpt lat="-29.7918140" lon="24.4079360">
    <ele>1092.9</ele>
   </trkpt>
   <trkpt lat="-29.7917960" lon="24.4079170">
    <ele>1092.9</ele>
   </trkpt>
   <trkpt lat="-29.7917680" lon="24.4078930">
    <ele>1093.0</ele>
   </trkpt>
   <trkpt lat="-29.7917610" lon="24.4078860">
    <ele>1093.0</ele>
   </trkpt>
   <trkpt lat="-29.7917280" lon="24.4078610">
    <ele>1093.0</ele>
   </trkpt>
   <trkpt lat="-29.7917160" lon="24.4078530">
    <ele>1093.0</ele>
   </trkpt>
   <trkpt lat="-29.7917000" lon="24.4078430">
    <ele>1093.0</ele>
   </trkpt>
   <trkpt lat="-29.7916830" lon="24.4078380">
    <ele>1093.0</ele>
   </trkpt>
   <trkpt lat="-29.7916610" lon="24.4078280">
    <ele>1093.0</ele>
   </trkpt>
   <trkpt lat="-29.7916540" lon="24.4078230">
    <ele>1093.0</ele>
   </trkpt>
   <trkpt lat="-29.7916550" lon="24.4078210">
    <ele>1093.0</ele>
   </trkpt>
   <trkpt lat="-29.7916570" lon="24.4078170">
    <ele>1093.0</ele>
   </trkpt>
   <trkpt lat="-29.7916580" lon="24.4078190">
    <ele>1093.0</ele>
   </trkpt>
   <trkpt lat="-29.7916560" lon="24.4078180">
    <ele>1093.0</ele>
   </trkpt>
   <trkpt lat="-29.7916560" lon="24.4078180">
    <ele>1093.0</ele>
   </trkpt>
   <trkpt lat="-29.7916580" lon="24.4078170">
    <ele>1093.0</ele>
   </trkpt>
   <trkpt lat="-29.7916550" lon="24.4078140">
    <ele>1093.0</ele>
   </trkpt>
   <trkpt lat="-29.7916510" lon="24.4078110">
    <ele>1093.0</ele>
   </trkpt>
   <trkpt lat="-29.7916460" lon="24.4078100">
    <ele>1093.0</ele>
   </trkpt>
   <trkpt lat="-29.7916480" lon="24.4078140">
    <ele>1093.0</ele>
   </trkpt>
   <trkpt lat="-29.7915650" lon="24.4078020">
    <ele>1092.9</ele>
   </trkpt>
   <trkpt lat="-29.7915530" lon="24.4078150">
    <ele>1092.9</ele>
   </trkpt>
   <trkpt lat="-29.7915330" lon="24.4078370">
    <ele>1092.8</ele>
   </trkpt>
   <trkpt lat="-29.7915250" lon="24.4078450">
    <ele>1092.8</ele>
   </trkpt>
   <trkpt lat="-29.7915070" lon="24.4078740">
    <ele>1092.8</ele>
   </trkpt>
   <trkpt lat="-29.7915010" lon="24.4078840">
    <ele>1092.7</ele>
   </trkpt>
   <trkpt lat="-29.7914840" lon="24.4079230">
    <ele>1092.7</ele>
   </trkpt>
   <trkpt lat="-29.7914770" lon="24.4079360">
    <ele>1092.7</ele>
   </trkpt>
   <trkpt lat="-29.7914590" lon="24.4079740">
    <ele>1092.6</ele>
   </trkpt>
   <trkpt lat="-29.7914540" lon="24.4079870">
    <ele>1092.6</ele>
   </trkpt>
   <trkpt lat="-29.7914370" lon="24.4080250">
    <ele>1092.6</ele>
   </trkpt>
   <trkpt lat="-29.7914290" lon="24.4080370">
    <ele>1092.6</ele>
   </trkpt>
   <trkpt lat="-29.7914060" lon="24.4080690">
    <ele>1092.6</ele>
   </trkpt>
   <trkpt lat="-29.7913980" lon="24.4080800">
    <ele>1092.5</ele>
   </trkpt>
   <trkpt lat="-29.7913790" lon="24.4081180">
    <ele>1092.5</ele>
   </trkpt>
   <trkpt lat="-29.7913720" lon="24.4081320">
    <ele>1092.5</ele>
   </trkpt>
   <trkpt lat="-29.7913530" lon="24.4081580">
    <ele>1092.5</ele>
   </trkpt>
   <trkpt lat="-29.7913350" lon="24.4081860">
    <ele>1092.4</ele>
   </trkpt>
   <trkpt lat="-29.7913120" lon="24.4082130">
    <ele>1092.4</ele>
   </trkpt>
   <trkpt lat="-29.7912910" lon="24.4082430">
    <ele>1092.4</ele>
   </trkpt>
   <trkpt lat="-29.7912710" lon="24.4082740">
    <ele>1092.4</ele>
   </trkpt>
   <trkpt lat="-29.7912510" lon="24.4083040">
    <ele>1092.4</ele>
   </trkpt>
   <trkpt lat="-29.7912300" lon="24.4083370">
    <ele>1092.4</ele>
   </trkpt>
   <trkpt lat="-29.7912090" lon="24.4083700">
    <ele>1092.3</ele>
   </trkpt>
   <trkpt lat="-29.7911880" lon="24.4084020">
    <ele>1092.3</ele>
   </trkpt>
   <trkpt lat="-29.7911690" lon="24.4084350">
    <ele>1092.3</ele>
   </trkpt>
   <trkpt lat="-29.7911470" lon="24.4084670">
    <ele>1092.3</ele>
   </trkpt>
   <trkpt lat="-29.7911240" lon="24.4084970">
    <ele>1092.3</ele>
   </trkpt>
   <trkpt lat="-29.7911000" lon="24.4085310">
    <ele>1092.3</ele>
   </trkpt>
   <trkpt lat="-29.7910780" lon="24.4085620">
    <ele>1092.3</ele>
   </trkpt>
   <trkpt lat="-29.7910590" lon="24.4085970">
    <ele>1092.3</ele>
   </trkpt>
   <trkpt lat="-29.7910380" lon="24.4086330">
    <ele>1092.3</ele>
   </trkpt>
   <trkpt lat="-29.7910160" lon="24.4086670">
    <ele>1092.3</ele>
   </trkpt>
   <trkpt lat="-29.7909920" lon="24.4086990">
    <ele>1092.3</ele>
   </trkpt>
   <trkpt lat="-29.7909690" lon="24.4087310">
    <ele>1092.3</ele>
   </trkpt>
   <trkpt lat="-29.7909500" lon="24.4087610">
    <ele>1092.3</ele>
   </trkpt>
   <trkpt lat="-29.7909310" lon="24.4087770">
    <ele>1092.3</ele>
   </trkpt>
   <trkpt lat="-29.7909200" lon="24.4087890">
    <ele>1092.3</ele>
   </trkpt>
   <trkpt lat="-29.7908960" lon="24.4088300">
    <ele>1092.3</ele>
   </trkpt>
   <trkpt lat="-29.7908820" lon="24.4088560">
    <ele>1092.3</ele>
   </trkpt>
   <trkpt lat="-29.7908600" lon="24.4089010">
    <ele>1092.3</ele>
   </trkpt>
   <trkpt lat="-29.7908420" lon="24.4089300">
    <ele>1092.2</ele>
   </trkpt>
   <trkpt lat="-29.7908210" lon="24.4089590">
    <ele>1092.2</ele>
   </trkpt>
   <trkpt lat="-29.7908000" lon="24.4089910">
    <ele>1092.2</ele>
   </trkpt>
   <trkpt lat="-29.7907780" lon="24.4090230">
    <ele>1092.2</ele>
   </trkpt>
   <trkpt lat="-29.7907570" lon="24.4090550">
    <ele>1092.2</ele>
   </trkpt>
   <trkpt lat="-29.7907360" lon="24.4090870">
    <ele>1092.2</ele>
   </trkpt>
   <trkpt lat="-29.7907140" lon="24.4091190">
    <ele>1092.2</ele>
   </trkpt>
   <trkpt lat="-29.7906910" lon="24.4091490">
    <ele>1092.2</ele>
   </trkpt>
   <trkpt lat="-29.7906700" lon="24.4091790">
    <ele>1092.2</ele>
   </trkpt>
   <trkpt lat="-29.7906480" lon="24.4092120">
    <ele>1092.3</ele>
   </trkpt>
   <trkpt lat="-29.7906250" lon="24.4092460">
    <ele>1092.3</ele>
   </trkpt>
   <trkpt lat="-29.7906020" lon="24.4092780">
    <ele>1092.3</ele>
   </trkpt>
   <trkpt lat="-29.7905780" lon="24.4093100">
    <ele>1092.3</ele>
   </trkpt>
   <trkpt lat="-29.7905550" lon="24.4093440">
    <ele>1092.3</ele>
   </trkpt>
   <trkpt lat="-29.7905320" lon="24.4093770">
    <ele>1092.3</ele>
   </trkpt>
   <trkpt lat="-29.7905100" lon="24.4094100">
    <ele>1092.3</ele>
   </trkpt>
   <trkpt lat="-29.7904840" lon="24.4094420">
    <ele>1092.3</ele>
   </trkpt>
   <trkpt lat="-29.7904600" lon="24.4094750">
    <ele>1092.3</ele>
   </trkpt>
   <trkpt lat="-29.7904380" lon="24.4095110">
    <ele>1092.3</ele>
   </trkpt>
   <trkpt lat="-29.7904170" lon="24.4095450">
    <ele>1092.3</ele>
   </trkpt>
   <trkpt lat="-29.7903960" lon="24.4095820">
    <ele>1092.4</ele>
   </trkpt>
   <trkpt lat="-29.7903740" lon="24.4096160">
    <ele>1092.4</ele>
   </trkpt>
   <trkpt lat="-29.7903520" lon="24.4096530">
    <ele>1092.4</ele>
   </trkpt>
   <trkpt lat="-29.7903290" lon="24.4096870">
    <ele>1092.4</ele>
   </trkpt>
   <trkpt lat="-29.7903070" lon="24.4097210">
    <ele>1092.4</ele>
   </trkpt>
   <trkpt lat="-29.7902860" lon="24.4097580">
    <ele>1092.4</ele>
   </trkpt>
   <trkpt lat="-29.7902630" lon="24.4097940">
    <ele>1092.4</ele>
   </trkpt>
   <trkpt lat="-29.7902370" lon="24.4098290">
    <ele>1092.4</ele>
   </trkpt>
   <trkpt lat="-29.7902140" lon="24.4098640">
    <ele>1092.4</ele>
   </trkpt>
   <trkpt lat="-29.7901890" lon="24.4098980">
    <ele>1092.4</ele>
   </trkpt>
   <trkpt lat="-29.7901640" lon="24.4099330">
    <ele>1092.4</ele>
   </trkpt>
   <trkpt lat="-29.7901390" lon="24.4099660">
    <ele>1092.4</ele>
   </trkpt>
   <trkpt lat="-29.7901170" lon="24.4100040">
    <ele>1092.4</ele>
   </trkpt>
   <trkpt lat="-29.7900960" lon="24.4100410">
    <ele>1092.4</ele>
   </trkpt>
   <trkpt lat="-29.7900730" lon="24.4100780">
    <ele>1092.4</ele>
   </trkpt>
   <trkpt lat="-29.7900510" lon="24.4101150">
    <ele>1092.4</ele>
   </trkpt>
   <trkpt lat="-29.7900310" lon="24.4101510">
    <ele>1092.4</ele>
   </trkpt>
   <trkpt lat="-29.7900060" lon="24.4101900">
    <ele>1092.4</ele>
   </trkpt>
   <trkpt lat="-29.7899810" lon="24.4102250">
    <ele>1092.4</ele>
   </trkpt>
   <trkpt lat="-29.7899560" lon="24.4102610">
    <ele>1092.4</ele>
   </trkpt>
   <trkpt lat="-29.7899330" lon="24.4103000">
    <ele>1092.4</ele>
   </trkpt>
   <trkpt lat="-29.7899090" lon="24.4103350">
    <ele>1092.4</ele>
   </trkpt>
   <trkpt lat="-29.7898850" lon="24.4103710">
    <ele>1092.4</ele>
   </trkpt>
   <trkpt lat="-29.7898600" lon="24.4104070">
    <ele>1092.4</ele>
   </trkpt>
   <trkpt lat="-29.7898340" lon="24.4104440">
    <ele>1092.4</ele>
   </trkpt>
   <trkpt lat="-29.7898110" lon="24.4104800">
    <ele>1092.4</ele>
   </trkpt>
   <trkpt lat="-29.7897850" lon="24.4105140">
    <ele>1092.4</ele>
   </trkpt>
   <trkpt lat="-29.7897600" lon="24.4105500">
    <ele>1092.4</ele>
   </trkpt>
   <trkpt lat="-29.7897360" lon="24.4105870">
    <ele>1092.4</ele>
   </trkpt>
   <trkpt lat="-29.7897110" lon="24.4106230">
    <ele>1092.4</ele>
   </trkpt>
   <trkpt lat="-29.7896880" lon="24.4106560">
    <ele>1092.4</ele>
   </trkpt>
   <trkpt lat="-29.7896640" lon="24.4106920">
    <ele>1092.4</ele>
   </trkpt>
   <trkpt lat="-29.7896410" lon="24.4107300">
    <ele>1092.4</ele>
   </trkpt>
   <trkpt lat="-29.7896170" lon="24.4107650">
    <ele>1092.4</ele>
   </trkpt>
   <trkpt lat="-29.7895930" lon="24.4108010">
    <ele>1092.4</ele>
   </trkpt>
   <trkpt lat="-29.7895710" lon="24.4108370">
    <ele>1092.4</ele>
   </trkpt>
   <trkpt lat="-29.7895480" lon="24.4108740">
    <ele>1092.4</ele>
   </trkpt>
   <trkpt lat="-29.7895230" lon="24.4109080">
    <ele>1092.4</ele>
   </trkpt>
   <trkpt lat="-29.7894980" lon="24.4109440">
    <ele>1092.4</ele>
   </trkpt>
   <trkpt lat="-29.7894740" lon="24.4109790">
    <ele>1092.4</ele>
   </trkpt>
   <trkpt lat="-29.7894520" lon="24.4110150">
    <ele>1092.4</ele>
   </trkpt>
   <trkpt lat="-29.7894280" lon="24.4110520">
    <ele>1092.4</ele>
   </trkpt>
   <trkpt lat="-29.7894080" lon="24.4110920">
    <ele>1092.4</ele>
   </trkpt>
   <trkpt lat="-29.7893840" lon="24.4111270">
    <ele>1092.4</ele>
   </trkpt>
   <trkpt lat="-29.7893580" lon="24.4111620">
    <ele>1092.4</ele>
   </trkpt>
   <trkpt lat="-29.7893330" lon="24.4111980">
    <ele>1092.4</ele>
   </trkpt>
   <trkpt lat="-29.7893080" lon="24.4112350">
    <ele>1092.4</ele>
   </trkpt>
   <trkpt lat="-29.7892860" lon="24.4112720">
    <ele>1092.4</ele>
   </trkpt>
   <trkpt lat="-29.7892630" lon="24.4113090">
    <ele>1092.4</ele>
   </trkpt>
   <trkpt lat="-29.7892390" lon="24.4113410">
    <ele>1092.4</ele>
   </trkpt>
   <trkpt lat="-29.7892150" lon="24.4113750">
    <ele>1092.4</ele>
   </trkpt>
   <trkpt lat="-29.7891920" lon="24.4114120">
    <ele>1092.4</ele>
   </trkpt>
   <trkpt lat="-29.7891680" lon="24.4114460">
    <ele>1092.4</ele>
   </trkpt>
   <trkpt lat="-29.7891450" lon="24.4114840">
    <ele>1092.4</ele>
   </trkpt>
   <trkpt lat="-29.7891210" lon="24.4115170">
    <ele>1092.3</ele>
   </trkpt>
   <trkpt lat="-29.7890970" lon="24.4115520">
    <ele>1092.3</ele>
   </trkpt>
   <trkpt lat="-29.7890720" lon="24.4115870">
    <ele>1092.3</ele>
   </trkpt>
   <trkpt lat="-29.7890460" lon="24.4116210">
    <ele>1092.3</ele>
   </trkpt>
   <trkpt lat="-29.7890220" lon="24.4116580">
    <ele>1092.3</ele>
   </trkpt>
   <trkpt lat="-29.7889990" lon="24.4116950">
    <ele>1092.3</ele>
   </trkpt>
   <trkpt lat="-29.7889750" lon="24.4117320">
    <ele>1092.4</ele>
   </trkpt>
   <trkpt lat="-29.7889530" lon="24.4117690">
    <ele>1092.4</ele>
   </trkpt>
   <trkpt lat="-29.7889380" lon="24.4117920">
    <ele>1092.4</ele>
   </trkpt>
   <trkpt lat="-29.7889260" lon="24.4118090">
    <ele>1092.4</ele>
   </trkpt>
   <trkpt lat="-29.7888930" lon="24.4118550">
    <ele>1092.4</ele>
   </trkpt>
   <trkpt lat="-29.7888710" lon="24.4118860">
    <ele>1092.4</ele>
   </trkpt>
   <trkpt lat="-29.7888440" lon="24.4119340">
    <ele>1092.4</ele>
   </trkpt>
   <trkpt lat="-29.7888260" lon="24.4119700">
    <ele>1092.4</ele>
   </trkpt>
   <trkpt lat="-29.7888040" lon="24.4120040">
    <ele>1092.4</ele>
   </trkpt>
   <trkpt lat="-29.7887800" lon="24.4120390">
    <ele>1092.4</ele>
   </trkpt>
   <trkpt lat="-29.7887570" lon="24.4120750">
    <ele>1092.4</ele>
   </trkpt>
   <trkpt lat="-29.7887320" lon="24.4121110">
    <ele>1092.5</ele>
   </trkpt>
   <trkpt lat="-29.7887090" lon="24.4121460">
    <ele>1092.5</ele>
   </trkpt>
   <trkpt lat="-29.7886850" lon="24.4121810">
    <ele>1092.5</ele>
   </trkpt>
   <trkpt lat="-29.7886600" lon="24.4122160">
    <ele>1092.5</ele>
   </trkpt>
   <trkpt lat="-29.7886360" lon="24.4122510">
    <ele>1092.5</ele>
   </trkpt>
   <trkpt lat="-29.7886160" lon="24.4122890">
    <ele>1092.5</ele>
   </trkpt>
   <trkpt lat="-29.7885920" lon="24.4123280">
    <ele>1092.6</ele>
   </trkpt>
   <trkpt lat="-29.7885720" lon="24.4123660">
    <ele>1092.6</ele>
   </trkpt>
   <trkpt lat="-29.7885530" lon="24.4124060">
    <ele>1092.6</ele>
   </trkpt>
   <trkpt lat="-29.7885300" lon="24.4124420">
    <ele>1092.6</ele>
   </trkpt>
   <trkpt lat="-29.7885030" lon="24.4124750">
    <ele>1092.6</ele>
   </trkpt>
   <trkpt lat="-29.7884790" lon="24.4125120">
    <ele>1092.7</ele>
   </trkpt>
   <trkpt lat="-29.7884570" lon="24.4125460">
    <ele>1092.7</ele>
   </trkpt>
   <trkpt lat="-29.7884350" lon="24.4125820">
    <ele>1092.7</ele>
   </trkpt>
   <trkpt lat="-29.7884110" lon="24.4126150">
    <ele>1092.7</ele>
   </trkpt>
   <trkpt lat="-29.7883840" lon="24.4126460">
    <ele>1092.8</ele>
   </trkpt>
   <trkpt lat="-29.7883640" lon="24.4126800">
    <ele>1092.8</ele>
   </trkpt>
   <trkpt lat="-29.7883430" lon="24.4127130">
    <ele>1092.9</ele>
   </trkpt>
   <trkpt lat="-29.7883210" lon="24.4127450">
    <ele>1092.9</ele>
   </trkpt>
   <trkpt lat="-29.7882980" lon="24.4127780">
    <ele>1093.0</ele>
   </trkpt>
   <trkpt lat="-29.7882750" lon="24.4128090">
    <ele>1093.0</ele>
   </trkpt>
   <trkpt lat="-29.7882470" lon="24.4128380">
    <ele>1093.0</ele>
   </trkpt>
   <trkpt lat="-29.7882190" lon="24.4128630">
    <ele>1093.1</ele>
   </trkpt>
   <trkpt lat="-29.7881930" lon="24.4128920">
    <ele>1093.1</ele>
   </trkpt>
   <trkpt lat="-29.7881740" lon="24.4129290">
    <ele>1093.2</ele>
   </trkpt>
   <trkpt lat="-29.7881530" lon="24.4129660">
    <ele>1093.2</ele>
   </trkpt>
   <trkpt lat="-29.7881290" lon="24.4130010">
    <ele>1093.2</ele>
   </trkpt>
   <trkpt lat="-29.7881050" lon="24.4130370">
    <ele>1093.3</ele>
   </trkpt>
   <trkpt lat="-29.7880820" lon="24.4130730">
    <ele>1093.3</ele>
   </trkpt>
   <trkpt lat="-29.7880590" lon="24.4131080">
    <ele>1093.3</ele>
   </trkpt>
   <trkpt lat="-29.7880350" lon="24.4131430">
    <ele>1093.4</ele>
   </trkpt>
   <trkpt lat="-29.7880140" lon="24.4131780">
    <ele>1093.4</ele>
   </trkpt>
   <trkpt lat="-29.7879910" lon="24.4132140">
    <ele>1093.4</ele>
   </trkpt>
   <trkpt lat="-29.7879670" lon="24.4132500">
    <ele>1093.4</ele>
   </trkpt>
   <trkpt lat="-29.7879440" lon="24.4132850">
    <ele>1093.4</ele>
   </trkpt>
   <trkpt lat="-29.7879230" lon="24.4133200">
    <ele>1093.4</ele>
   </trkpt>
   <trkpt lat="-29.7878960" lon="24.4133560">
    <ele>1093.5</ele>
   </trkpt>
   <trkpt lat="-29.7878720" lon="24.4133940">
    <ele>1093.5</ele>
   </trkpt>
   <trkpt lat="-29.7878490" lon="24.4134310">
    <ele>1093.5</ele>
   </trkpt>
   <trkpt lat="-29.7878240" lon="24.4134650">
    <ele>1093.5</ele>
   </trkpt>
   <trkpt lat="-29.7877980" lon="24.4134990">
    <ele>1093.5</ele>
   </trkpt>
   <trkpt lat="-29.7877730" lon="24.4135370">
    <ele>1093.5</ele>
   </trkpt>
   <trkpt lat="-29.7877520" lon="24.4135750">
    <ele>1093.5</ele>
   </trkpt>
   <trkpt lat="-29.7877290" lon="24.4136130">
    <ele>1093.5</ele>
   </trkpt>
   <trkpt lat="-29.7877020" lon="24.4136490">
    <ele>1093.5</ele>
   </trkpt>
   <trkpt lat="-29.7876760" lon="24.4136850">
    <ele>1093.5</ele>
   </trkpt>
   <trkpt lat="-29.7876520" lon="24.4137230">
    <ele>1093.5</ele>
   </trkpt>
   <trkpt lat="-29.7876270" lon="24.4137590">
    <ele>1093.5</ele>
   </trkpt>
   <trkpt lat="-29.7876010" lon="24.4137950">
    <ele>1093.5</ele>
   </trkpt>
   <trkpt lat="-29.7875770" lon="24.4138320">
    <ele>1093.5</ele>
   </trkpt>
   <trkpt lat="-29.7875510" lon="24.4138710">
    <ele>1093.5</ele>
   </trkpt>
   <trkpt lat="-29.7874990" lon="24.4139450">
    <ele>1093.5</ele>
   </trkpt>
   <trkpt lat="-29.7874760" lon="24.4139840">
    <ele>1093.5</ele>
   </trkpt>
   <trkpt lat="-29.7874510" lon="24.4140220">
    <ele>1093.5</ele>
   </trkpt>
   <trkpt lat="-29.7874270" lon="24.4140600">
    <ele>1093.5</ele>
   </trkpt>
   <trkpt lat="-29.7874000" lon="24.4140990">
    <ele>1093.5</ele>
   </trkpt>
   <trkpt lat="-29.7873750" lon="24.4141390">
    <ele>1093.5</ele>
   </trkpt>
   <trkpt lat="-29.7873480" lon="24.4141770">
    <ele>1093.5</ele>
   </trkpt>
   <trkpt lat="-29.7873250" lon="24.4142140">
    <ele>1093.6</ele>
   </trkpt>
   <trkpt lat="-29.7873000" lon="24.4142520">
    <ele>1093.6</ele>
   </trkpt>
   <trkpt lat="-29.7872750" lon="24.4142880">
    <ele>1093.6</ele>
   </trkpt>
   <trkpt lat="-29.7872480" lon="24.4143260">
    <ele>1093.6</ele>
   </trkpt>
   <trkpt lat="-29.7872240" lon="24.4143640">
    <ele>1093.6</ele>
   </trkpt>
   <trkpt lat="-29.7872020" lon="24.4144020">
    <ele>1093.6</ele>
   </trkpt>
   <trkpt lat="-29.7871770" lon="24.4144400">
    <ele>1093.6</ele>
   </trkpt>
   <trkpt lat="-29.7871530" lon="24.4144760">
    <ele>1093.6</ele>
   </trkpt>
   <trkpt lat="-29.7871280" lon="24.4145130">
    <ele>1093.6</ele>
   </trkpt>
   <trkpt lat="-29.7871050" lon="24.4145480">
    <ele>1093.6</ele>
   </trkpt>
   <trkpt lat="-29.7870800" lon="24.4145820">
    <ele>1093.6</ele>
   </trkpt>
   <trkpt lat="-29.7870570" lon="24.4146150">
    <ele>1093.6</ele>
   </trkpt>
   <trkpt lat="-29.7870330" lon="24.4146520">
    <ele>1093.6</ele>
   </trkpt>
   <trkpt lat="-29.7870080" lon="24.4146880">
    <ele>1093.6</ele>
   </trkpt>
   <trkpt lat="-29.7869850" lon="24.4147250">
    <ele>1093.6</ele>
   </trkpt>
   <trkpt lat="-29.7869620" lon="24.4147610">
    <ele>1093.6</ele>
   </trkpt>
   <trkpt lat="-29.7869410" lon="24.4147950">
    <ele>1093.6</ele>
   </trkpt>
   <trkpt lat="-29.7869180" lon="24.4148280">
    <ele>1093.6</ele>
   </trkpt>
   <trkpt lat="-29.7868960" lon="24.4148630">
    <ele>1093.6</ele>
   </trkpt>
   <trkpt lat="-29.7868750" lon="24.4149000">
    <ele>1093.6</ele>
   </trkpt>
   <trkpt lat="-29.7868520" lon="24.4149340">
    <ele>1093.6</ele>
   </trkpt>
   <trkpt lat="-29.7868280" lon="24.4149700">
    <ele>1093.5</ele>
   </trkpt>
   <trkpt lat="-29.7868040" lon="24.4150050">
    <ele>1093.5</ele>
   </trkpt>
   <trkpt lat="-29.7867780" lon="24.4150410">
    <ele>1093.5</ele>
   </trkpt>
   <trkpt lat="-29.7867570" lon="24.4150780">
    <ele>1093.5</ele>
   </trkpt>
   <trkpt lat="-29.7867350" lon="24.4151140">
    <ele>1093.5</ele>
   </trkpt>
   <trkpt lat="-29.7867140" lon="24.4151490">
    <ele>1093.5</ele>
   </trkpt>
   <trkpt lat="-29.7866900" lon="24.4151880">
    <ele>1093.5</ele>
   </trkpt>
   <trkpt lat="-29.7866690" lon="24.4152240">
    <ele>1093.5</ele>
   </trkpt>
   <trkpt lat="-29.7866450" lon="24.4152590">
    <ele>1093.4</ele>
   </trkpt>
   <trkpt lat="-29.7866210" lon="24.4152950">
    <ele>1093.4</ele>
   </trkpt>
   <trkpt lat="-29.7865990" lon="24.4153290">
    <ele>1093.4</ele>
   </trkpt>
   <trkpt lat="-29.7865750" lon="24.4153690">
    <ele>1093.4</ele>
   </trkpt>
   <trkpt lat="-29.7865510" lon="24.4154020">
    <ele>1093.4</ele>
   </trkpt>
   <trkpt lat="-29.7865280" lon="24.4154370">
    <ele>1093.4</ele>
   </trkpt>
   <trkpt lat="-29.7865050" lon="24.4154720">
    <ele>1093.4</ele>
   </trkpt>
   <trkpt lat="-29.7864780" lon="24.4155060">
    <ele>1093.4</ele>
   </trkpt>
   <trkpt lat="-29.7864580" lon="24.4155420">
    <ele>1093.4</ele>
   </trkpt>
   <trkpt lat="-29.7864350" lon="24.4155770">
    <ele>1093.4</ele>
   </trkpt>
   <trkpt lat="-29.7864120" lon="24.4156130">
    <ele>1093.4</ele>
   </trkpt>
   <trkpt lat="-29.7863910" lon="24.4156480">
    <ele>1093.4</ele>
   </trkpt>
   <trkpt lat="-29.7863670" lon="24.4156840">
    <ele>1093.4</ele>
   </trkpt>
   <trkpt lat="-29.7863440" lon="24.4157180">
    <ele>1093.4</ele>
   </trkpt>
   <trkpt lat="-29.7863210" lon="24.4157520">
    <ele>1093.4</ele>
   </trkpt>
   <trkpt lat="-29.7862970" lon="24.4157880">
    <ele>1093.4</ele>
   </trkpt>
   <trkpt lat="-29.7862730" lon="24.4158230">
    <ele>1093.4</ele>
   </trkpt>
   <trkpt lat="-29.7862480" lon="24.4158580">
    <ele>1093.4</ele>
   </trkpt>
   <trkpt lat="-29.7862260" lon="24.4158920">
    <ele>1093.4</ele>
   </trkpt>
   <trkpt lat="-29.7862060" lon="24.4159240">
    <ele>1093.4</ele>
   </trkpt>
   <trkpt lat="-29.7861810" lon="24.4159620">
    <ele>1093.4</ele>
   </trkpt>
   <trkpt lat="-29.7861610" lon="24.4159960">
    <ele>1093.4</ele>
   </trkpt>
   <trkpt lat="-29.7861370" lon="24.4160280">
    <ele>1093.4</ele>
   </trkpt>
   <trkpt lat="-29.7861120" lon="24.4160640">
    <ele>1093.4</ele>
   </trkpt>
   <trkpt lat="-29.7860900" lon="24.4161010">
    <ele>1093.5</ele>
   </trkpt>
   <trkpt lat="-29.7860680" lon="24.4161320">
    <ele>1093.5</ele>
   </trkpt>
   <trkpt lat="-29.7860440" lon="24.4161680">
    <ele>1093.5</ele>
   </trkpt>
   <trkpt lat="-29.7860220" lon="24.4162030">
    <ele>1093.5</ele>
   </trkpt>
   <trkpt lat="-29.7860020" lon="24.4162380">
    <ele>1093.5</ele>
   </trkpt>
   <trkpt lat="-29.7859780" lon="24.4162710">
    <ele>1093.5</ele>
   </trkpt>
   <trkpt lat="-29.7859570" lon="24.4163070">
    <ele>1093.5</ele>
   </trkpt>
   <trkpt lat="-29.7859330" lon="24.4163430">
    <ele>1093.5</ele>
   </trkpt>
   <trkpt lat="-29.7859070" lon="24.4163780">
    <ele>1093.5</ele>
   </trkpt>
   <trkpt lat="-29.7858830" lon="24.4164110">
    <ele>1093.5</ele>
   </trkpt>
   <trkpt lat="-29.7858590" lon="24.4164460">
    <ele>1093.5</ele>
   </trkpt>
   <trkpt lat="-29.7858370" lon="24.4164840">
    <ele>1093.5</ele>
   </trkpt>
   <trkpt lat="-29.7858150" lon="24.4165180">
    <ele>1093.5</ele>
   </trkpt>
   <trkpt lat="-29.7857930" lon="24.4165540">
    <ele>1093.5</ele>
   </trkpt>
   <trkpt lat="-29.7857690" lon="24.4165880">
    <ele>1093.5</ele>
   </trkpt>
   <trkpt lat="-29.7857470" lon="24.4166220">
    <ele>1093.4</ele>
   </trkpt>
   <trkpt lat="-29.7857270" lon="24.4166550">
    <ele>1093.4</ele>
   </trkpt>
   <trkpt lat="-29.7857020" lon="24.4166890">
    <ele>1093.4</ele>
   </trkpt>
   <trkpt lat="-29.7856780" lon="24.4167240">
    <ele>1093.4</ele>
   </trkpt>
   <trkpt lat="-29.7856540" lon="24.4167590">
    <ele>1093.4</ele>
   </trkpt>
   <trkpt lat="-29.7856290" lon="24.4167940">
    <ele>1093.4</ele>
   </trkpt>
   <trkpt lat="-29.7856080" lon="24.4168290">
    <ele>1093.4</ele>
   </trkpt>
   <trkpt lat="-29.7855850" lon="24.4168670">
    <ele>1093.4</ele>
   </trkpt>
   <trkpt lat="-29.7855620" lon="24.4169040">
    <ele>1093.4</ele>
   </trkpt>
   <trkpt lat="-29.7855400" lon="24.4169400">
    <ele>1093.4</ele>
   </trkpt>
   <trkpt lat="-29.7855150" lon="24.4169770">
    <ele>1093.4</ele>
   </trkpt>
   <trkpt lat="-29.7854910" lon="24.4170110">
    <ele>1093.4</ele>
   </trkpt>
   <trkpt lat="-29.7854700" lon="24.4170470">
    <ele>1093.5</ele>
   </trkpt>
   <trkpt lat="-29.7854480" lon="24.4170810">
    <ele>1093.5</ele>
   </trkpt>
   <trkpt lat="-29.7854220" lon="24.4171140">
    <ele>1093.5</ele>
   </trkpt>
   <trkpt lat="-29.7853970" lon="24.4171480">
    <ele>1093.5</ele>
   </trkpt>
   <trkpt lat="-29.7853750" lon="24.4171810">
    <ele>1093.5</ele>
   </trkpt>
   <trkpt lat="-29.7853490" lon="24.4172160">
    <ele>1093.5</ele>
   </trkpt>
   <trkpt lat="-29.7853250" lon="24.4172500">
    <ele>1093.5</ele>
   </trkpt>
   <trkpt lat="-29.7853040" lon="24.4172870">
    <ele>1093.5</ele>
   </trkpt>
   <trkpt lat="-29.7852830" lon="24.4173230">
    <ele>1093.6</ele>
   </trkpt>
   <trkpt lat="-29.7852600" lon="24.4173590">
    <ele>1093.6</ele>
   </trkpt>
   <trkpt lat="-29.7852360" lon="24.4173930">
    <ele>1093.6</ele>
   </trkpt>
   <trkpt lat="-29.7852120" lon="24.4174260">
    <ele>1093.7</ele>
   </trkpt>
   <trkpt lat="-29.7851890" lon="24.4174600">
    <ele>1093.7</ele>
   </trkpt>
   <trkpt lat="-29.7851660" lon="24.4174910">
    <ele>1093.7</ele>
   </trkpt>
   <trkpt lat="-29.7851440" lon="24.4175220">
    <ele>1093.7</ele>
   </trkpt>
   <trkpt lat="-29.7851200" lon="24.4175570">
    <ele>1093.8</ele>
   </trkpt>
   <trkpt lat="-29.7850980" lon="24.4175930">
    <ele>1093.8</ele>
   </trkpt>
   <trkpt lat="-29.7850750" lon="24.4176300">
    <ele>1093.9</ele>
   </trkpt>
   <trkpt lat="-29.7850520" lon="24.4176640">
    <ele>1094.0</ele>
   </trkpt>
   <trkpt lat="-29.7850300" lon="24.4176960">
    <ele>1094.0</ele>
   </trkpt>
   <trkpt lat="-29.7850090" lon="24.4177320">
    <ele>1094.0</ele>
   </trkpt>
   <trkpt lat="-29.7849860" lon="24.4177680">
    <ele>1094.1</ele>
   </trkpt>
   <trkpt lat="-29.7849670" lon="24.4178020">
    <ele>1094.1</ele>
   </trkpt>
   <trkpt lat="-29.7849440" lon="24.4178380">
    <ele>1094.1</ele>
   </trkpt>
   <trkpt lat="-29.7849180" lon="24.4178710">
    <ele>1094.2</ele>
   </trkpt>
   <trkpt lat="-29.7848960" lon="24.4179040">
    <ele>1094.2</ele>
   </trkpt>
   <trkpt lat="-29.7848750" lon="24.4179380">
    <ele>1094.2</ele>
   </trkpt>
   <trkpt lat="-29.7848530" lon="24.4179730">
    <ele>1094.2</ele>
   </trkpt>
   <trkpt lat="-29.7848320" lon="24.4180060">
    <ele>1094.3</ele>
   </trkpt>
   <trkpt lat="-29.7848100" lon="24.4180400">
    <ele>1094.3</ele>
   </trkpt>
   <trkpt lat="-29.7847890" lon="24.4180730">
    <ele>1094.3</ele>
   </trkpt>
   <trkpt lat="-29.7847660" lon="24.4181080">
    <ele>1094.4</ele>
   </trkpt>
   <trkpt lat="-29.7847440" lon="24.4181410">
    <ele>1094.4</ele>
   </trkpt>
   <trkpt lat="-29.7847210" lon="24.4181740">
    <ele>1094.4</ele>
   </trkpt>
   <trkpt lat="-29.7846990" lon="24.4182060">
    <ele>1094.4</ele>
   </trkpt>
   <trkpt lat="-29.7846770" lon="24.4182380">
    <ele>1094.5</ele>
   </trkpt>
   <trkpt lat="-29.7846550" lon="24.4182740">
    <ele>1094.5</ele>
   </trkpt>
   <trkpt lat="-29.7846330" lon="24.4183080">
    <ele>1094.6</ele>
   </trkpt>
   <trkpt lat="-29.7846110" lon="24.4183400">
    <ele>1094.6</ele>
   </trkpt>
   <trkpt lat="-29.7845910" lon="24.4183770">
    <ele>1094.7</ele>
   </trkpt>
   <trkpt lat="-29.7845700" lon="24.4184100">
    <ele>1094.7</ele>
   </trkpt>
   <trkpt lat="-29.7845480" lon="24.4184400">
    <ele>1094.8</ele>
   </trkpt>
   <trkpt lat="-29.7845260" lon="24.4184730">
    <ele>1094.8</ele>
   </trkpt>
   <trkpt lat="-29.7845040" lon="24.4185090">
    <ele>1094.9</ele>
   </trkpt>
   <trkpt lat="-29.7844820" lon="24.4185430">
    <ele>1094.9</ele>
   </trkpt>
   <trkpt lat="-29.7844600" lon="24.4185740">
    <ele>1095.0</ele>
   </trkpt>
   <trkpt lat="-29.7844380" lon="24.4186080">
    <ele>1095.0</ele>
   </trkpt>
   <trkpt lat="-29.7844150" lon="24.4186440">
    <ele>1095.0</ele>
   </trkpt>
   <trkpt lat="-29.7843920" lon="24.4186790">
    <ele>1095.1</ele>
   </trkpt>
   <trkpt lat="-29.7843700" lon="24.4187110">
    <ele>1095.1</ele>
   </trkpt>
   <trkpt lat="-29.7843480" lon="24.4187470">
    <ele>1095.1</ele>
   </trkpt>
   <trkpt lat="-29.7843250" lon="24.4187820">
    <ele>1095.2</ele>
   </trkpt>
   <trkpt lat="-29.7843020" lon="24.4188130">
    <ele>1095.2</ele>
   </trkpt>
   <trkpt lat="-29.7842790" lon="24.4188470">
    <ele>1095.2</ele>
   </trkpt>
   <trkpt lat="-29.7842560" lon="24.4188810">
    <ele>1095.2</ele>
   </trkpt>
   <trkpt lat="-29.7842350" lon="24.4189130">
    <ele>1095.3</ele>
   </trkpt>
   <trkpt lat="-29.7842130" lon="24.4189450">
    <ele>1095.3</ele>
   </trkpt>
   <trkpt lat="-29.7841900" lon="24.4189780">
    <ele>1095.3</ele>
   </trkpt>
   <trkpt lat="-29.7841700" lon="24.4190120">
    <ele>1095.3</ele>
   </trkpt>
   <trkpt lat="-29.7841480" lon="24.4190470">
    <ele>1095.4</ele>
   </trkpt>
   <trkpt lat="-29.7841250" lon="24.4190810">
    <ele>1095.4</ele>
   </trkpt>
   <trkpt lat="-29.7841040" lon="24.4191120">
    <ele>1095.4</ele>
   </trkpt>
   <trkpt lat="-29.7840810" lon="24.4191440">
    <ele>1095.5</ele>
   </trkpt>
   <trkpt lat="-29.7840580" lon="24.4191780">
    <ele>1095.5</ele>
   </trkpt>
   <trkpt lat="-29.7840360" lon="24.4192110">
    <ele>1095.5</ele>
   </trkpt>
   <trkpt lat="-29.7840150" lon="24.4192440">
    <ele>1095.6</ele>
   </trkpt>
   <trkpt lat="-29.7839940" lon="24.4192750">
    <ele>1095.6</ele>
   </trkpt>
   <trkpt lat="-29.7839730" lon="24.4193080">
    <ele>1095.6</ele>
   </trkpt>
   <trkpt lat="-29.7839510" lon="24.4193390">
    <ele>1095.7</ele>
   </trkpt>
   <trkpt lat="-29.7839280" lon="24.4193710">
    <ele>1095.7</ele>
   </trkpt>
   <trkpt lat="-29.7839050" lon="24.4194020">
    <ele>1095.7</ele>
   </trkpt>
   <trkpt lat="-29.7838830" lon="24.4194340">
    <ele>1095.8</ele>
   </trkpt>
   <trkpt lat="-29.7838610" lon="24.4194660">
    <ele>1095.8</ele>
   </trkpt>
   <trkpt lat="-29.7838380" lon="24.4194990">
    <ele>1095.8</ele>
   </trkpt>
   <trkpt lat="-29.7838220" lon="24.4195230">
    <ele>1095.8</ele>
   </trkpt>
   <trkpt lat="-29.7838160" lon="24.4195320">
    <ele>1095.8</ele>
   </trkpt>
   <trkpt lat="-29.7837870" lon="24.4195770">
    <ele>1095.9</ele>
   </trkpt>
   <trkpt lat="-29.7837740" lon="24.4195970">
    <ele>1095.9</ele>
   </trkpt>
   <trkpt lat="-29.7837350" lon="24.4196560">
    <ele>1095.9</ele>
   </trkpt>
   <trkpt lat="-29.7837150" lon="24.4196870">
    <ele>1095.9</ele>
   </trkpt>
   <trkpt lat="-29.7836950" lon="24.4197180">
    <ele>1096.0</ele>
   </trkpt>
   <trkpt lat="-29.7836720" lon="24.4197530">
    <ele>1096.0</ele>
   </trkpt>
   <trkpt lat="-29.7836500" lon="24.4197850">
    <ele>1096.0</ele>
   </trkpt>
   <trkpt lat="-29.7836270" lon="24.4198200">
    <ele>1096.0</ele>
   </trkpt>
   <trkpt lat="-29.7836040" lon="24.4198550">
    <ele>1096.1</ele>
   </trkpt>
   <trkpt lat="-29.7835830" lon="24.4198880">
    <ele>1096.1</ele>
   </trkpt>
   <trkpt lat="-29.7835600" lon="24.4199210">
    <ele>1096.1</ele>
   </trkpt>
   <trkpt lat="-29.7835380" lon="24.4199550">
    <ele>1096.2</ele>
   </trkpt>
   <trkpt lat="-29.7835150" lon="24.4199880">
    <ele>1096.2</ele>
   </trkpt>
   <trkpt lat="-29.7834930" lon="24.4200220">
    <ele>1096.2</ele>
   </trkpt>
   <trkpt lat="-29.7834720" lon="24.4200570">
    <ele>1096.3</ele>
   </trkpt>
   <trkpt lat="-29.7834490" lon="24.4200940">
    <ele>1096.3</ele>
   </trkpt>
   <trkpt lat="-29.7834310" lon="24.4201170">
    <ele>1096.3</ele>
   </trkpt>
   <trkpt lat="-29.7834200" lon="24.4201330">
    <ele>1096.4</ele>
   </trkpt>
   <trkpt lat="-29.7833990" lon="24.4201670">
    <ele>1096.4</ele>
   </trkpt>
   <trkpt lat="-29.7833880" lon="24.4201830">
    <ele>1096.4</ele>
   </trkpt>
   <trkpt lat="-29.7833700" lon="24.4202090">
    <ele>1096.4</ele>
   </trkpt>
   <trkpt lat="-29.7833320" lon="24.4202660">
    <ele>1096.5</ele>
   </trkpt>
   <trkpt lat="-29.7833110" lon="24.4203000">
    <ele>1096.5</ele>
   </trkpt>
   <trkpt lat="-29.7833030" lon="24.4203090">
    <ele>1096.5</ele>
   </trkpt>
   <trkpt lat="-29.7832690" lon="24.4203690">
    <ele>1096.6</ele>
   </trkpt>
   <trkpt lat="-29.7832560" lon="24.4203900">
    <ele>1096.6</ele>
   </trkpt>
   <trkpt lat="-29.7832450" lon="24.4204070">
    <ele>1096.6</ele>
   </trkpt>
   <trkpt lat="-29.7832100" lon="24.4204580">
    <ele>1096.7</ele>
   </trkpt>
   <trkpt lat="-29.7831750" lon="24.4205060">
    <ele>1096.7</ele>
   </trkpt>
   <trkpt lat="-29.7831570" lon="24.4205350">
    <ele>1096.8</ele>
   </trkpt>
   <trkpt lat="-29.7831340" lon="24.4205670">
    <ele>1096.8</ele>
   </trkpt>
   <trkpt lat="-29.7831090" lon="24.4206030">
    <ele>1096.8</ele>
   </trkpt>
   <trkpt lat="-29.7830840" lon="24.4206350">
    <ele>1096.9</ele>
   </trkpt>
   <trkpt lat="-29.7830600" lon="24.4206720">
    <ele>1096.9</ele>
   </trkpt>
   <trkpt lat="-29.7830380" lon="24.4207060">
    <ele>1096.9</ele>
   </trkpt>
   <trkpt lat="-29.7830180" lon="24.4207410">
    <ele>1097.0</ele>
   </trkpt>
   <trkpt lat="-29.7829980" lon="24.4207780">
    <ele>1097.0</ele>
   </trkpt>
   <trkpt lat="-29.7829770" lon="24.4208100">
    <ele>1097.1</ele>
   </trkpt>
   <trkpt lat="-29.7829540" lon="24.4208430">
    <ele>1097.1</ele>
   </trkpt>
   <trkpt lat="-29.7829330" lon="24.4208750">
    <ele>1097.2</ele>
   </trkpt>
   <trkpt lat="-29.7829110" lon="24.4209080">
    <ele>1097.2</ele>
   </trkpt>
   <trkpt lat="-29.7828900" lon="24.4209410">
    <ele>1097.3</ele>
   </trkpt>
   <trkpt lat="-29.7828680" lon="24.4209760">
    <ele>1097.3</ele>
   </trkpt>
   <trkpt lat="-29.7828480" lon="24.4210090">
    <ele>1097.3</ele>
   </trkpt>
   <trkpt lat="-29.7828250" lon="24.4210410">
    <ele>1097.4</ele>
   </trkpt>
   <trkpt lat="-29.7828020" lon="24.4210740">
    <ele>1097.4</ele>
   </trkpt>
   <trkpt lat="-29.7827800" lon="24.4211070">
    <ele>1097.4</ele>
   </trkpt>
   <trkpt lat="-29.7827610" lon="24.4211390">
    <ele>1097.5</ele>
   </trkpt>
   <trkpt lat="-29.7827410" lon="24.4211720">
    <ele>1097.5</ele>
   </trkpt>
   <trkpt lat="-29.7827170" lon="24.4212030">
    <ele>1097.5</ele>
   </trkpt>
   <trkpt lat="-29.7826950" lon="24.4212390">
    <ele>1097.6</ele>
   </trkpt>
   <trkpt lat="-29.7826720" lon="24.4212710">
    <ele>1097.6</ele>
   </trkpt>
   <trkpt lat="-29.7826500" lon="24.4213010">
    <ele>1097.6</ele>
   </trkpt>
   <trkpt lat="-29.7826310" lon="24.4213300">
    <ele>1097.7</ele>
   </trkpt>
   <trkpt lat="-29.7826080" lon="24.4213620">
    <ele>1097.7</ele>
   </trkpt>
   <trkpt lat="-29.7825860" lon="24.4213950">
    <ele>1097.8</ele>
   </trkpt>
   <trkpt lat="-29.7825640" lon="24.4214270">
    <ele>1097.8</ele>
   </trkpt>
   <trkpt lat="-29.7825420" lon="24.4214570">
    <ele>1097.8</ele>
   </trkpt>
   <trkpt lat="-29.7825200" lon="24.4214890">
    <ele>1097.9</ele>
   </trkpt>
   <trkpt lat="-29.7824980" lon="24.4215230">
    <ele>1097.9</ele>
   </trkpt>
   <trkpt lat="-29.7824870" lon="24.4215440">
    <ele>1097.9</ele>
   </trkpt>
   <trkpt lat="-29.7824760" lon="24.4215590">
    <ele>1097.9</ele>
   </trkpt>
   <trkpt lat="-29.7824600" lon="24.4215840">
    <ele>1097.9</ele>
   </trkpt>
   <trkpt lat="-29.7824430" lon="24.4216100">
    <ele>1098.0</ele>
   </trkpt>
   <trkpt lat="-29.7824170" lon="24.4216560">
    <ele>1098.0</ele>
   </trkpt>
   <trkpt lat="-29.7823970" lon="24.4216840">
    <ele>1098.0</ele>
   </trkpt>
   <trkpt lat="-29.7823850" lon="24.4217000">
    <ele>1098.0</ele>
   </trkpt>
   <trkpt lat="-29.7823660" lon="24.4217300">
    <ele>1098.0</ele>
   </trkpt>
   <trkpt lat="-29.7823240" lon="24.4217960">
    <ele>1098.1</ele>
   </trkpt>
   <trkpt lat="-29.7822990" lon="24.4218320">
    <ele>1098.1</ele>
   </trkpt>
   <trkpt lat="-29.7822770" lon="24.4218650">
    <ele>1098.2</ele>
   </trkpt>
   <trkpt lat="-29.7822530" lon="24.4218990">
    <ele>1098.2</ele>
   </trkpt>
   <trkpt lat="-29.7822310" lon="24.4219330">
    <ele>1098.3</ele>
   </trkpt>
   <trkpt lat="-29.7822070" lon="24.4219670">
    <ele>1098.3</ele>
   </trkpt>
   <trkpt lat="-29.7821860" lon="24.4220030">
    <ele>1098.4</ele>
   </trkpt>
   <trkpt lat="-29.7821680" lon="24.4220300">
    <ele>1098.4</ele>
   </trkpt>
   <trkpt lat="-29.7821570" lon="24.4220490">
    <ele>1098.4</ele>
   </trkpt>
   <trkpt lat="-29.7821350" lon="24.4220810">
    <ele>1098.5</ele>
   </trkpt>
   <trkpt lat="-29.7821240" lon="24.4220970">
    <ele>1098.5</ele>
   </trkpt>
   <trkpt lat="-29.7821000" lon="24.4221330">
    <ele>1098.5</ele>
   </trkpt>
   <trkpt lat="-29.7820760" lon="24.4221730">
    <ele>1098.6</ele>
   </trkpt>
   <trkpt lat="-29.7820640" lon="24.4221890">
    <ele>1098.6</ele>
   </trkpt>
   <trkpt lat="-29.7820430" lon="24.4222180">
    <ele>1098.6</ele>
   </trkpt>
   <trkpt lat="-29.7820260" lon="24.4222490">
    <ele>1098.6</ele>
   </trkpt>
   <trkpt lat="-29.7819900" lon="24.4223000">
    <ele>1098.7</ele>
   </trkpt>
   <trkpt lat="-29.7819720" lon="24.4223270">
    <ele>1098.7</ele>
   </trkpt>
   <trkpt lat="-29.7819620" lon="24.4223410">
    <ele>1098.8</ele>
   </trkpt>
   <trkpt lat="-29.7819370" lon="24.4223830">
    <ele>1098.8</ele>
   </trkpt>
   <trkpt lat="-29.7819180" lon="24.4224150">
    <ele>1098.8</ele>
   </trkpt>
   <trkpt lat="-29.7818790" lon="24.4224770">
    <ele>1099.0</ele>
   </trkpt>
   <trkpt lat="-29.7818560" lon="24.4225130">
    <ele>1099.0</ele>
   </trkpt>
   <trkpt lat="-29.7818340" lon="24.4225430">
    <ele>1099.1</ele>
   </trkpt>
   <trkpt lat="-29.7818130" lon="24.4225720">
    <ele>1099.2</ele>
   </trkpt>
   <trkpt lat="-29.7817900" lon="24.4226030">
    <ele>1099.2</ele>
   </trkpt>
   <trkpt lat="-29.7817670" lon="24.4226360">
    <ele>1099.3</ele>
   </trkpt>
   <trkpt lat="-29.7817460" lon="24.4226720">
    <ele>1099.4</ele>
   </trkpt>
   <trkpt lat="-29.7817250" lon="24.4227070">
    <ele>1099.4</ele>
   </trkpt>
   <trkpt lat="-29.7817010" lon="24.4227430">
    <ele>1099.5</ele>
   </trkpt>
   <trkpt lat="-29.7816780" lon="24.4227730">
    <ele>1099.5</ele>
   </trkpt>
   <trkpt lat="-29.7816550" lon="24.4228040">
    <ele>1099.6</ele>
   </trkpt>
   <trkpt lat="-29.7816350" lon="24.4228390">
    <ele>1099.7</ele>
   </trkpt>
   <trkpt lat="-29.7816150" lon="24.4228700">
    <ele>1099.7</ele>
   </trkpt>
   <trkpt lat="-29.7815930" lon="24.4229050">
    <ele>1099.8</ele>
   </trkpt>
   <trkpt lat="-29.7815720" lon="24.4229370">
    <ele>1099.9</ele>
   </trkpt>
   <trkpt lat="-29.7815500" lon="24.4229690">
    <ele>1099.9</ele>
   </trkpt>
   <trkpt lat="-29.7815290" lon="24.4230000">
    <ele>1100.0</ele>
   </trkpt>
   <trkpt lat="-29.7815090" lon="24.4230320">
    <ele>1100.1</ele>
   </trkpt>
   <trkpt lat="-29.7814890" lon="24.4230640">
    <ele>1100.1</ele>
   </trkpt>
   <trkpt lat="-29.7814680" lon="24.4230940">
    <ele>1100.2</ele>
   </trkpt>
   <trkpt lat="-29.7814450" lon="24.4231240">
    <ele>1100.3</ele>
   </trkpt>
   <trkpt lat="-29.7814250" lon="24.4231580">
    <ele>1100.3</ele>
   </trkpt>
   <trkpt lat="-29.7814050" lon="24.4231900">
    <ele>1100.4</ele>
   </trkpt>
   <trkpt lat="-29.7813830" lon="24.4232190">
    <ele>1100.4</ele>
   </trkpt>
   <trkpt lat="-29.7813630" lon="24.4232510">
    <ele>1100.5</ele>
   </trkpt>
   <trkpt lat="-29.7813450" lon="24.4232850">
    <ele>1100.6</ele>
   </trkpt>
   <trkpt lat="-29.7813250" lon="24.4233150">
    <ele>1100.7</ele>
   </trkpt>
   <trkpt lat="-29.7813050" lon="24.4233460">
    <ele>1100.7</ele>
   </trkpt>
   <trkpt lat="-29.7812860" lon="24.4233780">
    <ele>1100.8</ele>
   </trkpt>
   <trkpt lat="-29.7812630" lon="24.4234090">
    <ele>1100.9</ele>
   </trkpt>
   <trkpt lat="-29.7812410" lon="24.4234380">
    <ele>1101.0</ele>
   </trkpt>
   <trkpt lat="-29.7812220" lon="24.4234710">
    <ele>1101.1</ele>
   </trkpt>
   <trkpt lat="-29.7812070" lon="24.4235040">
    <ele>1101.1</ele>
   </trkpt>
   <trkpt lat="-29.7811890" lon="24.4235360">
    <ele>1101.2</ele>
   </trkpt>
   <trkpt lat="-29.7811690" lon="24.4235680">
    <ele>1101.3</ele>
   </trkpt>
   <trkpt lat="-29.7811500" lon="24.4236030">
    <ele>1101.4</ele>
   </trkpt>
   <trkpt lat="-29.7811300" lon="24.4236330">
    <ele>1101.5</ele>
   </trkpt>
   <trkpt lat="-29.7811120" lon="24.4236620">
    <ele>1101.6</ele>
   </trkpt>
   <trkpt lat="-29.7810910" lon="24.4236920">
    <ele>1101.6</ele>
   </trkpt>
   <trkpt lat="-29.7810690" lon="24.4237210">
    <ele>1101.7</ele>
   </trkpt>
   <trkpt lat="-29.7810500" lon="24.4237490">
    <ele>1101.8</ele>
   </trkpt>
   <trkpt lat="-29.7810300" lon="24.4237810">
    <ele>1101.9</ele>
   </trkpt>
   <trkpt lat="-29.7810140" lon="24.4238040">
    <ele>1102.0</ele>
   </trkpt>
   <trkpt lat="-29.7810050" lon="24.4238150">
    <ele>1102.0</ele>
   </trkpt>
   <trkpt lat="-29.7809780" lon="24.4238580">
    <ele>1102.1</ele>
   </trkpt>
   <trkpt lat="-29.7809650" lon="24.4238770">
    <ele>1102.2</ele>
   </trkpt>
   <trkpt lat="-29.7809490" lon="24.4239050">
    <ele>1102.3</ele>
   </trkpt>
   <trkpt lat="-29.7809400" lon="24.4239190">
    <ele>1102.3</ele>
   </trkpt>
   <trkpt lat="-29.7809060" lon="24.4239720">
    <ele>1102.5</ele>
   </trkpt>
   <trkpt lat="-29.7808830" lon="24.4240070">
    <ele>1102.6</ele>
   </trkpt>
   <trkpt lat="-29.7808660" lon="24.4240360">
    <ele>1102.6</ele>
   </trkpt>
   <trkpt lat="-29.7808470" lon="24.4240650">
    <ele>1102.7</ele>
   </trkpt>
   <trkpt lat="-29.7808290" lon="24.4240940">
    <ele>1102.8</ele>
   </trkpt>
   <trkpt lat="-29.7808090" lon="24.4241250">
    <ele>1102.9</ele>
   </trkpt>
   <trkpt lat="-29.7807900" lon="24.4241560">
    <ele>1103.0</ele>
   </trkpt>
   <trkpt lat="-29.7807680" lon="24.4241860">
    <ele>1103.1</ele>
   </trkpt>
   <trkpt lat="-29.7807460" lon="24.4242120">
    <ele>1103.2</ele>
   </trkpt>
   <trkpt lat="-29.7807210" lon="24.4242390">
    <ele>1103.3</ele>
   </trkpt>
   <trkpt lat="-29.7807000" lon="24.4242670">
    <ele>1103.3</ele>
   </trkpt>
   <trkpt lat="-29.7806820" lon="24.4243010">
    <ele>1103.4</ele>
   </trkpt>
   <trkpt lat="-29.7806630" lon="24.4243320">
    <ele>1103.5</ele>
   </trkpt>
   <trkpt lat="-29.7806400" lon="24.4243610">
    <ele>1103.6</ele>
   </trkpt>
   <trkpt lat="-29.7806200" lon="24.4243900">
    <ele>1103.7</ele>
   </trkpt>
   <trkpt lat="-29.7806020" lon="24.4244200">
    <ele>1103.8</ele>
   </trkpt>
   <trkpt lat="-29.7805810" lon="24.4244490">
    <ele>1103.9</ele>
   </trkpt>
   <trkpt lat="-29.7805660" lon="24.4244760">
    <ele>1103.9</ele>
   </trkpt>
   <trkpt lat="-29.7805580" lon="24.4244880">
    <ele>1104.0</ele>
   </trkpt>
   <trkpt lat="-29.7805280" lon="24.4245330">
    <ele>1104.1</ele>
   </trkpt>
   <trkpt lat="-29.7805130" lon="24.4245540">
    <ele>1104.2</ele>
   </trkpt>
   <trkpt lat="-29.7804990" lon="24.4245800">
    <ele>1104.2</ele>
   </trkpt>
   <trkpt lat="-29.7804890" lon="24.4245940">
    <ele>1104.3</ele>
   </trkpt>
   <trkpt lat="-29.7804510" lon="24.4246460">
    <ele>1104.4</ele>
   </trkpt>
   <trkpt lat="-29.7804250" lon="24.4246840">
    <ele>1104.5</ele>
   </trkpt>
   <trkpt lat="-29.7804060" lon="24.4247120">
    <ele>1104.6</ele>
   </trkpt>
   <trkpt lat="-29.7803830" lon="24.4247410">
    <ele>1104.7</ele>
   </trkpt>
   <trkpt lat="-29.7803600" lon="24.4247710">
    <ele>1104.8</ele>
   </trkpt>
   <trkpt lat="-29.7803390" lon="24.4248010">
    <ele>1104.9</ele>
   </trkpt>
   <trkpt lat="-29.7803180" lon="24.4248300">
    <ele>1105.0</ele>
   </trkpt>
   <trkpt lat="-29.7802950" lon="24.4248610">
    <ele>1105.1</ele>
   </trkpt>
   <trkpt lat="-29.7802720" lon="24.4248930">
    <ele>1105.2</ele>
   </trkpt>
   <trkpt lat="-29.7802510" lon="24.4249230">
    <ele>1105.3</ele>
   </trkpt>
   <trkpt lat="-29.7802300" lon="24.4249550">
    <ele>1105.4</ele>
   </trkpt>
   <trkpt lat="-29.7802070" lon="24.4249860">
    <ele>1105.5</ele>
   </trkpt>
   <trkpt lat="-29.7801840" lon="24.4250140">
    <ele>1105.6</ele>
   </trkpt>
   <trkpt lat="-29.7801600" lon="24.4250450">
    <ele>1105.7</ele>
   </trkpt>
   <trkpt lat="-29.7801350" lon="24.4250750">
    <ele>1105.8</ele>
   </trkpt>
   <trkpt lat="-29.7801130" lon="24.4251060">
    <ele>1105.9</ele>
   </trkpt>
   <trkpt lat="-29.7800890" lon="24.4251350">
    <ele>1106.0</ele>
   </trkpt>
   <trkpt lat="-29.7800660" lon="24.4251640">
    <ele>1106.1</ele>
   </trkpt>
   <trkpt lat="-29.7800420" lon="24.4251940">
    <ele>1106.2</ele>
   </trkpt>
   <trkpt lat="-29.7800190" lon="24.4252230">
    <ele>1106.3</ele>
   </trkpt>
   <trkpt lat="-29.7799950" lon="24.4252530">
    <ele>1106.4</ele>
   </trkpt>
   <trkpt lat="-29.7799760" lon="24.4252830">
    <ele>1106.4</ele>
   </trkpt>
   <trkpt lat="-29.7799630" lon="24.4253210">
    <ele>1106.5</ele>
   </trkpt>
   <trkpt lat="-29.7799550" lon="24.4253610">
    <ele>1106.6</ele>
   </trkpt>
   <trkpt lat="-29.7799440" lon="24.4253980">
    <ele>1106.7</ele>
   </trkpt>
   <trkpt lat="-29.7799250" lon="24.4254270">
    <ele>1106.8</ele>
   </trkpt>
   <trkpt lat="-29.7798990" lon="24.4254500">
    <ele>1106.8</ele>
   </trkpt>
   <trkpt lat="-29.7798720" lon="24.4254760">
    <ele>1106.9</ele>
   </trkpt>
   <trkpt lat="-29.7798460" lon="24.4255020">
    <ele>1107.0</ele>
   </trkpt>
   <trkpt lat="-29.7798220" lon="24.4255300">
    <ele>1107.1</ele>
   </trkpt>
   <trkpt lat="-29.7797980" lon="24.4255580">
    <ele>1107.1</ele>
   </trkpt>
   <trkpt lat="-29.7797720" lon="24.4255850">
    <ele>1107.2</ele>
   </trkpt>
   <trkpt lat="-29.7797470" lon="24.4256120">
    <ele>1107.3</ele>
   </trkpt>
   <trkpt lat="-29.7797220" lon="24.4256360">
    <ele>1107.4</ele>
   </trkpt>
   <trkpt lat="-29.7796970" lon="24.4256640">
    <ele>1107.4</ele>
   </trkpt>
   <trkpt lat="-29.7796720" lon="24.4256930">
    <ele>1107.5</ele>
   </trkpt>
   <trkpt lat="-29.7796450" lon="24.4257230">
    <ele>1107.6</ele>
   </trkpt>
   <trkpt lat="-29.7796220" lon="24.4257500">
    <ele>1107.6</ele>
   </trkpt>
   <trkpt lat="-29.7795950" lon="24.4257760">
    <ele>1107.7</ele>
   </trkpt>
   <trkpt lat="-29.7795690" lon="24.4258010">
    <ele>1107.8</ele>
   </trkpt>
   <trkpt lat="-29.7795450" lon="24.4258260">
    <ele>1107.8</ele>
   </trkpt>
   <trkpt lat="-29.7795200" lon="24.4258520">
    <ele>1107.9</ele>
   </trkpt>
   <trkpt lat="-29.7794940" lon="24.4258800">
    <ele>1108.0</ele>
   </trkpt>
   <trkpt lat="-29.7794670" lon="24.4259060">
    <ele>1108.1</ele>
   </trkpt>
   <trkpt lat="-29.7794420" lon="24.4259310">
    <ele>1108.1</ele>
   </trkpt>
   <trkpt lat="-29.7794160" lon="24.4259540">
    <ele>1108.2</ele>
   </trkpt>
   <trkpt lat="-29.7793900" lon="24.4259780">
    <ele>1108.2</ele>
   </trkpt>
   <trkpt lat="-29.7793650" lon="24.4260040">
    <ele>1108.3</ele>
   </trkpt>
   <trkpt lat="-29.7793170" lon="24.4260490">
    <ele>1108.4</ele>
   </trkpt>
   <trkpt lat="-29.7792890" lon="24.4260730">
    <ele>1108.5</ele>
   </trkpt>
   <trkpt lat="-29.7792620" lon="24.4260960">
    <ele>1108.6</ele>
   </trkpt>
   <trkpt lat="-29.7792370" lon="24.4261220">
    <ele>1108.6</ele>
   </trkpt>
   <trkpt lat="-29.7792080" lon="24.4261460">
    <ele>1108.7</ele>
   </trkpt>
   <trkpt lat="-29.7791800" lon="24.4261690">
    <ele>1108.8</ele>
   </trkpt>
   <trkpt lat="-29.7791530" lon="24.4261920">
    <ele>1108.9</ele>
   </trkpt>
   <trkpt lat="-29.7791260" lon="24.4262140">
    <ele>1109.0</ele>
   </trkpt>
   <trkpt lat="-29.7790970" lon="24.4262360">
    <ele>1109.0</ele>
   </trkpt>
   <trkpt lat="-29.7790710" lon="24.4262590">
    <ele>1109.1</ele>
   </trkpt>
   <trkpt lat="-29.7790430" lon="24.4262820">
    <ele>1109.2</ele>
   </trkpt>
   <trkpt lat="-29.7790150" lon="24.4263040">
    <ele>1109.2</ele>
   </trkpt>
   <trkpt lat="-29.7789870" lon="24.4263260">
    <ele>1109.3</ele>
   </trkpt>
   <trkpt lat="-29.7789580" lon="24.4263490">
    <ele>1109.3</ele>
   </trkpt>
   <trkpt lat="-29.7789300" lon="24.4263700">
    <ele>1109.4</ele>
   </trkpt>
   <trkpt lat="-29.7789010" lon="24.4263930">
    <ele>1109.4</ele>
   </trkpt>
   <trkpt lat="-29.7788720" lon="24.4264170">
    <ele>1109.5</ele>
   </trkpt>
   <trkpt lat="-29.7788420" lon="24.4264390">
    <ele>1109.5</ele>
   </trkpt>
   <trkpt lat="-29.7788120" lon="24.4264610">
    <ele>1109.6</ele>
   </trkpt>
   <trkpt lat="-29.7787830" lon="24.4264820">
    <ele>1109.6</ele>
   </trkpt>
   <trkpt lat="-29.7787800" lon="24.4264870">
    <ele>1109.6</ele>
   </trkpt>
   <trkpt lat="-29.7787550" lon="24.4265040">
    <ele>1109.6</ele>
   </trkpt>
   <trkpt lat="-29.7787190" lon="24.4265300">
    <ele>1109.7</ele>
   </trkpt>
   <trkpt lat="-29.7786670" lon="24.4265680">
    <ele>1109.8</ele>
   </trkpt>
   <trkpt lat="-29.7786390" lon="24.4265880">
    <ele>1109.8</ele>
   </trkpt>
   <trkpt lat="-29.7786100" lon="24.4266070">
    <ele>1109.8</ele>
   </trkpt>
   <trkpt lat="-29.7785800" lon="24.4266270">
    <ele>1109.9</ele>
   </trkpt>
   <trkpt lat="-29.7785500" lon="24.4266470">
    <ele>1109.9</ele>
   </trkpt>
   <trkpt lat="-29.7785190" lon="24.4266640">
    <ele>1110.0</ele>
   </trkpt>
   <trkpt lat="-29.7784890" lon="24.4266850">
    <ele>1110.0</ele>
   </trkpt>
   <trkpt lat="-29.7784570" lon="24.4267050">
    <ele>1110.0</ele>
   </trkpt>
   <trkpt lat="-29.7784270" lon="24.4267250">
    <ele>1110.0</ele>
   </trkpt>
   <trkpt lat="-29.7783960" lon="24.4267450">
    <ele>1110.1</ele>
   </trkpt>
   <trkpt lat="-29.7783610" lon="24.4267610">
    <ele>1110.1</ele>
   </trkpt>
   <trkpt lat="-29.7783250" lon="24.4267690">
    <ele>1110.1</ele>
   </trkpt>
   <trkpt lat="-29.7782990" lon="24.4267850">
    <ele>1110.1</ele>
   </trkpt>
   <trkpt lat="-29.7782760" lon="24.4267990">
    <ele>1110.1</ele>
   </trkpt>
   <trkpt lat="-29.7782530" lon="24.4268090">
    <ele>1110.2</ele>
   </trkpt>
   <trkpt lat="-29.7782400" lon="24.4268180">
    <ele>1110.2</ele>
   </trkpt>
   <trkpt lat="-29.7782060" lon="24.4268350">
    <ele>1110.2</ele>
   </trkpt>
   <trkpt lat="-29.7781790" lon="24.4268540">
    <ele>1110.2</ele>
   </trkpt>
   <trkpt lat="-29.7781330" lon="24.4268810">
    <ele>1110.2</ele>
   </trkpt>
   <trkpt lat="-29.7781020" lon="24.4268950">
    <ele>1110.2</ele>
   </trkpt>
   <trkpt lat="-29.7780710" lon="24.4269100">
    <ele>1110.2</ele>
   </trkpt>
   <trkpt lat="-29.7780420" lon="24.4269230">
    <ele>1110.2</ele>
   </trkpt>
   <trkpt lat="-29.7780110" lon="24.4269390">
    <ele>1110.2</ele>
   </trkpt>
   <trkpt lat="-29.7779830" lon="24.4269570">
    <ele>1110.2</ele>
   </trkpt>
   <trkpt lat="-29.7779550" lon="24.4269810">
    <ele>1110.2</ele>
   </trkpt>
   <trkpt lat="-29.7779280" lon="24.4270050">
    <ele>1110.2</ele>
   </trkpt>
   <trkpt lat="-29.7778980" lon="24.4270140">
    <ele>1110.2</ele>
   </trkpt>
   <trkpt lat="-29.7778670" lon="24.4270230">
    <ele>1110.2</ele>
   </trkpt>
   <trkpt lat="-29.7778380" lon="24.4270350">
    <ele>1110.2</ele>
   </trkpt>
   <trkpt lat="-29.7778060" lon="24.4270520">
    <ele>1110.2</ele>
   </trkpt>
   <trkpt lat="-29.7777770" lon="24.4270680">
    <ele>1110.2</ele>
   </trkpt>
   <trkpt lat="-29.7777480" lon="24.4270830">
    <ele>1110.2</ele>
   </trkpt>
   <trkpt lat="-29.7777210" lon="24.4270960">
    <ele>1110.2</ele>
   </trkpt>
   <trkpt lat="-29.7777040" lon="24.4271020">
    <ele>1110.2</ele>
   </trkpt>
   <trkpt lat="-29.7776620" lon="24.4271220">
    <ele>1110.2</ele>
   </trkpt>
   <trkpt lat="-29.7776360" lon="24.4271340">
    <ele>1110.2</ele>
   </trkpt>
   <trkpt lat="-29.7776020" lon="24.4271530">
    <ele>1110.2</ele>
   </trkpt>
   <trkpt lat="-29.7775730" lon="24.4271670">
    <ele>1110.2</ele>
   </trkpt>
   <trkpt lat="-29.7775430" lon="24.4271790">
    <ele>1110.2</ele>
   </trkpt>
   <trkpt lat="-29.7775120" lon="24.4271920">
    <ele>1110.2</ele>
   </trkpt>
   <trkpt lat="-29.7774810" lon="24.4272050">
    <ele>1110.2</ele>
   </trkpt>
   <trkpt lat="-29.7774500" lon="24.4272190">
    <ele>1110.2</ele>
   </trkpt>
   <trkpt lat="-29.7774170" lon="24.4272340">
    <ele>1110.2</ele>
   </trkpt>
   <trkpt lat="-29.7774120" lon="24.4272330">
    <ele>1110.2</ele>
   </trkpt>
   <trkpt lat="-29.7773870" lon="24.4272450">
    <ele>1110.2</ele>
   </trkpt>
   <trkpt lat="-29.7773410" lon="24.4272620">
    <ele>1110.2</ele>
   </trkpt>
   <trkpt lat="-29.7773110" lon="24.4272710">
    <ele>1110.2</ele>
   </trkpt>
   <trkpt lat="-29.7772920" lon="24.4272770">
    <ele>1110.2</ele>
   </trkpt>
   <trkpt lat="-29.7772390" lon="24.4272950">
    <ele>1110.2</ele>
   </trkpt>
   <trkpt lat="-29.7771920" lon="24.4273110">
    <ele>1110.2</ele>
   </trkpt>
   <trkpt lat="-29.7771620" lon="24.4273230">
    <ele>1110.2</ele>
   </trkpt>
   <trkpt lat="-29.7771290" lon="24.4273360">
    <ele>1110.2</ele>
   </trkpt>
   <trkpt lat="-29.7770970" lon="24.4273480">
    <ele>1110.2</ele>
   </trkpt>
   <trkpt lat="-29.7770600" lon="24.4273600">
    <ele>1110.2</ele>
   </trkpt>
   <trkpt lat="-29.7770240" lon="24.4273720">
    <ele>1110.1</ele>
   </trkpt>
   <trkpt lat="-29.7769940" lon="24.4273810">
    <ele>1110.1</ele>
   </trkpt>
   <trkpt lat="-29.7769750" lon="24.4273860">
    <ele>1110.1</ele>
   </trkpt>
   <trkpt lat="-29.7769400" lon="24.4273990">
    <ele>1110.1</ele>
   </trkpt>
   <trkpt lat="-29.7769230" lon="24.4274040">
    <ele>1110.1</ele>
   </trkpt>
   <trkpt lat="-29.7768930" lon="24.4274130">
    <ele>1110.1</ele>
   </trkpt>
   <trkpt lat="-29.7768650" lon="24.4274190">
    <ele>1110.1</ele>
   </trkpt>
   <trkpt lat="-29.7768160" lon="24.4274340">
    <ele>1110.1</ele>
   </trkpt>
   <trkpt lat="-29.7767680" lon="24.4274480">
    <ele>1110.1</ele>
   </trkpt>
   <trkpt lat="-29.7767350" lon="24.4274580">
    <ele>1110.1</ele>
   </trkpt>
   <trkpt lat="-29.7767000" lon="24.4274690">
    <ele>1110.1</ele>
   </trkpt>
   <trkpt lat="-29.7766730" lon="24.4274760">
    <ele>1110.1</ele>
   </trkpt>
   <trkpt lat="-29.7766170" lon="24.4274930">
    <ele>1110.1</ele>
   </trkpt>
   <trkpt lat="-29.7765810" lon="24.4275030">
    <ele>1110.0</ele>
   </trkpt>
   <trkpt lat="-29.7765440" lon="24.4275130">
    <ele>1110.0</ele>
   </trkpt>
   <trkpt lat="-29.7765080" lon="24.4275250">
    <ele>1110.0</ele>
   </trkpt>
   <trkpt lat="-29.7764690" lon="24.4275350">
    <ele>1110.0</ele>
   </trkpt>
   <trkpt lat="-29.7764330" lon="24.4275430">
    <ele>1110.0</ele>
   </trkpt>
   <trkpt lat="-29.7763950" lon="24.4275520">
    <ele>1110.0</ele>
   </trkpt>
   <trkpt lat="-29.7763580" lon="24.4275630">
    <ele>1110.0</ele>
   </trkpt>
   <trkpt lat="-29.7763140" lon="24.4275860">
    <ele>1110.0</ele>
   </trkpt>
   <trkpt lat="-29.7762730" lon="24.4275890">
    <ele>1110.0</ele>
   </trkpt>
   <trkpt lat="-29.7762370" lon="24.4275950">
    <ele>1110.0</ele>
   </trkpt>
   <trkpt lat="-29.7761920" lon="24.4275980">
    <ele>1109.9</ele>
   </trkpt>
   <trkpt lat="-29.7761490" lon="24.4275970">
    <ele>1109.9</ele>
   </trkpt>
   <trkpt lat="-29.7761130" lon="24.4275950">
    <ele>1109.9</ele>
   </trkpt>
   <trkpt lat="-29.7760780" lon="24.4275930">
    <ele>1109.9</ele>
   </trkpt>
   <trkpt lat="-29.7760410" lon="24.4276060">
    <ele>1109.9</ele>
   </trkpt>
   <trkpt lat="-29.7760010" lon="24.4276150">
    <ele>1109.9</ele>
   </trkpt>
   <trkpt lat="-29.7759630" lon="24.4276280">
    <ele>1109.9</ele>
   </trkpt>
   <trkpt lat="-29.7759290" lon="24.4276350">
    <ele>1109.9</ele>
   </trkpt>
   <trkpt lat="-29.7758910" lon="24.4276470">
    <ele>1109.9</ele>
   </trkpt>
   <trkpt lat="-29.7758530" lon="24.4276590">
    <ele>1109.9</ele>
   </trkpt>
   <trkpt lat="-29.7758140" lon="24.4276640">
    <ele>1109.9</ele>
   </trkpt>
   <trkpt lat="-29.7757760" lon="24.4276710">
    <ele>1109.9</ele>
   </trkpt>
   <trkpt lat="-29.7757420" lon="24.4276880">
    <ele>1109.9</ele>
   </trkpt>
   <trkpt lat="-29.7757040" lon="24.4276960">
    <ele>1109.9</ele>
   </trkpt>
   <trkpt lat="-29.7756680" lon="24.4277060">
    <ele>1109.9</ele>
   </trkpt>
   <trkpt lat="-29.7756320" lon="24.4277200">
    <ele>1109.9</ele>
   </trkpt>
   <trkpt lat="-29.7755970" lon="24.4277280">
    <ele>1109.9</ele>
   </trkpt>
   <trkpt lat="-29.7755590" lon="24.4277360">
    <ele>1109.9</ele>
   </trkpt>
   <trkpt lat="-29.7755250" lon="24.4277480">
    <ele>1109.9</ele>
   </trkpt>
   <trkpt lat="-29.7754900" lon="24.4277560">
    <ele>1109.9</ele>
   </trkpt>
   <trkpt lat="-29.7754530" lon="24.4277650">
    <ele>1109.9</ele>
   </trkpt>
   <trkpt lat="-29.7754180" lon="24.4277740">
    <ele>1109.9</ele>
   </trkpt>
   <trkpt lat="-29.7753860" lon="24.4277850">
    <ele>1109.9</ele>
   </trkpt>
   <trkpt lat="-29.7753550" lon="24.4278030">
    <ele>1109.9</ele>
   </trkpt>
   <trkpt lat="-29.7753250" lon="24.4278130">
    <ele>1109.9</ele>
   </trkpt>
   <trkpt lat="-29.7752880" lon="24.4278180">
    <ele>1109.8</ele>
   </trkpt>
   <trkpt lat="-29.7752550" lon="24.4278260">
    <ele>1109.8</ele>
   </trkpt>
   <trkpt lat="-29.7752210" lon="24.4278330">
    <ele>1109.8</ele>
   </trkpt>
   <trkpt lat="-29.7751870" lon="24.4278380">
    <ele>1109.8</ele>
   </trkpt>
   <trkpt lat="-29.7751500" lon="24.4278490">
    <ele>1109.8</ele>
   </trkpt>
   <trkpt lat="-29.7751120" lon="24.4278620">
    <ele>1109.8</ele>
   </trkpt>
   <trkpt lat="-29.7750800" lon="24.4278740">
    <ele>1109.8</ele>
   </trkpt>
   <trkpt lat="-29.7750430" lon="24.4278820">
    <ele>1109.8</ele>
   </trkpt>
   <trkpt lat="-29.7750130" lon="24.4278900">
    <ele>1109.7</ele>
   </trkpt>
   <trkpt lat="-29.7749770" lon="24.4278980">
    <ele>1109.7</ele>
   </trkpt>
   <trkpt lat="-29.7749440" lon="24.4279090">
    <ele>1109.7</ele>
   </trkpt>
   <trkpt lat="-29.7749130" lon="24.4279160">
    <ele>1109.7</ele>
   </trkpt>
   <trkpt lat="-29.7748810" lon="24.4279210">
    <ele>1109.7</ele>
   </trkpt>
   <trkpt lat="-29.7748470" lon="24.4279320">
    <ele>1109.7</ele>
   </trkpt>
   <trkpt lat="-29.7748150" lon="24.4279460">
    <ele>1109.7</ele>
   </trkpt>
   <trkpt lat="-29.7747830" lon="24.4279570">
    <ele>1109.6</ele>
   </trkpt>
   <trkpt lat="-29.7747500" lon="24.4279630">
    <ele>1109.6</ele>
   </trkpt>
   <trkpt lat="-29.7747170" lon="24.4279680">
    <ele>1109.6</ele>
   </trkpt>
   <trkpt lat="-29.7746860" lon="24.4279740">
    <ele>1109.6</ele>
   </trkpt>
   <trkpt lat="-29.7746530" lon="24.4279840">
    <ele>1109.6</ele>
   </trkpt>
   <trkpt lat="-29.7746210" lon="24.4279950">
    <ele>1109.6</ele>
   </trkpt>
   <trkpt lat="-29.7745870" lon="24.4280050">
    <ele>1109.5</ele>
   </trkpt>
   <trkpt lat="-29.7745520" lon="24.4280130">
    <ele>1109.5</ele>
   </trkpt>
   <trkpt lat="-29.7745160" lon="24.4280210">
    <ele>1109.5</ele>
   </trkpt>
   <trkpt lat="-29.7744820" lon="24.4280330">
    <ele>1109.5</ele>
   </trkpt>
   <trkpt lat="-29.7744490" lon="24.4280470">
    <ele>1109.4</ele>
   </trkpt>
   <trkpt lat="-29.7744130" lon="24.4280550">
    <ele>1109.4</ele>
   </trkpt>
   <trkpt lat="-29.7743780" lon="24.4280610">
    <ele>1109.4</ele>
   </trkpt>
   <trkpt lat="-29.7743430" lon="24.4280720">
    <ele>1109.4</ele>
   </trkpt>
   <trkpt lat="-29.7743070" lon="24.4280810">
    <ele>1109.3</ele>
   </trkpt>
   <trkpt lat="-29.7742710" lon="24.4280900">
    <ele>1109.3</ele>
   </trkpt>
   <trkpt lat="-29.7742390" lon="24.4280930">
    <ele>1109.3</ele>
   </trkpt>
   <trkpt lat="-29.7742080" lon="24.4281040">
    <ele>1109.2</ele>
   </trkpt>
   <trkpt lat="-29.7741740" lon="24.4281140">
    <ele>1109.2</ele>
   </trkpt>
   <trkpt lat="-29.7741460" lon="24.4281250">
    <ele>1109.2</ele>
   </trkpt>
   <trkpt lat="-29.7741130" lon="24.4281270">
    <ele>1109.2</ele>
   </trkpt>
   <trkpt lat="-29.7740820" lon="24.4281320">
    <ele>1109.1</ele>
   </trkpt>
   <trkpt lat="-29.7740490" lon="24.4281410">
    <ele>1109.1</ele>
   </trkpt>
   <trkpt lat="-29.7740150" lon="24.4281520">
    <ele>1109.1</ele>
   </trkpt>
   <trkpt lat="-29.7739840" lon="24.4281590">
    <ele>1109.0</ele>
   </trkpt>
   <trkpt lat="-29.7739540" lon="24.4281700">
    <ele>1109.0</ele>
   </trkpt>
   <trkpt lat="-29.7739170" lon="24.4281830">
    <ele>1109.0</ele>
   </trkpt>
   <trkpt lat="-29.7738860" lon="24.4281960">
    <ele>1108.9</ele>
   </trkpt>
   <trkpt lat="-29.7738510" lon="24.4282070">
    <ele>1108.9</ele>
   </trkpt>
   <trkpt lat="-29.7738190" lon="24.4282090">
    <ele>1108.9</ele>
   </trkpt>
   <trkpt lat="-29.7737850" lon="24.4282170">
    <ele>1108.9</ele>
   </trkpt>
   <trkpt lat="-29.7737500" lon="24.4282280">
    <ele>1108.8</ele>
   </trkpt>
   <trkpt lat="-29.7737170" lon="24.4282390">
    <ele>1108.8</ele>
   </trkpt>
   <trkpt lat="-29.7736840" lon="24.4282510">
    <ele>1108.8</ele>
   </trkpt>
   <trkpt lat="-29.7736480" lon="24.4282640">
    <ele>1108.7</ele>
   </trkpt>
   <trkpt lat="-29.7736020" lon="24.4282810">
    <ele>1108.7</ele>
   </trkpt>
   <trkpt lat="-29.7735720" lon="24.4282830">
    <ele>1108.7</ele>
   </trkpt>
   <trkpt lat="-29.7735390" lon="24.4282930">
    <ele>1108.6</ele>
   </trkpt>
   <trkpt lat="-29.7735080" lon="24.4283020">
    <ele>1108.6</ele>
   </trkpt>
   <trkpt lat="-29.7734760" lon="24.4283090">
    <ele>1108.6</ele>
   </trkpt>
   <trkpt lat="-29.7734470" lon="24.4283150">
    <ele>1108.6</ele>
   </trkpt>
   <trkpt lat="-29.7734200" lon="24.4283210">
    <ele>1108.5</ele>
   </trkpt>
   <trkpt lat="-29.7733900" lon="24.4283320">
    <ele>1108.5</ele>
   </trkpt>
   <trkpt lat="-29.7733600" lon="24.4283470">
    <ele>1108.5</ele>
   </trkpt>
   <trkpt lat="-29.7733250" lon="24.4283570">
    <ele>1108.4</ele>
   </trkpt>
   <trkpt lat="-29.7732930" lon="24.4283650">
    <ele>1108.4</ele>
   </trkpt>
   <trkpt lat="-29.7732630" lon="24.4283790">
    <ele>1108.4</ele>
   </trkpt>
   <trkpt lat="-29.7732320" lon="24.4283990">
    <ele>1108.3</ele>
   </trkpt>
   <trkpt lat="-29.7732030" lon="24.4284220">
    <ele>1108.3</ele>
   </trkpt>
   <trkpt lat="-29.7731770" lon="24.4284470">
    <ele>1108.3</ele>
   </trkpt>
   <trkpt lat="-29.7731490" lon="24.4284770">
    <ele>1108.2</ele>
   </trkpt>
   <trkpt lat="-29.7731300" lon="24.4285130">
    <ele>1108.2</ele>
   </trkpt>
   <trkpt lat="-29.7731120" lon="24.4285520">
    <ele>1108.2</ele>
   </trkpt>
   <trkpt lat="-29.7731000" lon="24.4285920">
    <ele>1108.2</ele>
   </trkpt>
   <trkpt lat="-29.7730900" lon="24.4286310">
    <ele>1108.3</ele>
   </trkpt>
   <trkpt lat="-29.7730800" lon="24.4286660">
    <ele>1108.4</ele>
   </trkpt>
   <trkpt lat="-29.7730700" lon="24.4286970">
    <ele>1108.4</ele>
   </trkpt>
   <trkpt lat="-29.7730690" lon="24.4287320">
    <ele>1108.5</ele>
   </trkpt>
   <trkpt lat="-29.7730760" lon="24.4287650">
    <ele>1108.6</ele>
   </trkpt>
   <trkpt lat="-29.7730930" lon="24.4287890">
    <ele>1108.7</ele>
   </trkpt>
   <trkpt lat="-29.7731020" lon="24.4288190">
    <ele>1108.8</ele>
   </trkpt>
   <trkpt lat="-29.7731110" lon="24.4288650">
    <ele>1109.0</ele>
   </trkpt>
   <trkpt lat="-29.7731130" lon="24.4288810">
    <ele>1109.0</ele>
   </trkpt>
   <trkpt lat="-29.7731210" lon="24.4289120">
    <ele>1109.1</ele>
   </trkpt>
   <trkpt lat="-29.7731300" lon="24.4289420">
    <ele>1109.3</ele>
   </trkpt>
   <trkpt lat="-29.7731330" lon="24.4289740">
    <ele>1109.4</ele>
   </trkpt>
   <trkpt lat="-29.7731390" lon="24.4290190">
    <ele>1109.6</ele>
   </trkpt>
   <trkpt lat="-29.7731430" lon="24.4290350">
    <ele>1109.7</ele>
   </trkpt>
   <trkpt lat="-29.7731540" lon="24.4290660">
    <ele>1109.8</ele>
   </trkpt>
   <trkpt lat="-29.7731610" lon="24.4291000">
    <ele>1109.9</ele>
   </trkpt>
   <trkpt lat="-29.7731670" lon="24.4291320">
    <ele>1110.1</ele>
   </trkpt>
   <trkpt lat="-29.7731760" lon="24.4291630">
    <ele>1110.2</ele>
   </trkpt>
   <trkpt lat="-29.7731850" lon="24.4291960">
    <ele>1110.3</ele>
   </trkpt>
   <trkpt lat="-29.7731900" lon="24.4292290">
    <ele>1110.5</ele>
   </trkpt>
   <trkpt lat="-29.7731930" lon="24.4292630">
    <ele>1110.6</ele>
   </trkpt>
   <trkpt lat="-29.7732010" lon="24.4292950">
    <ele>1110.7</ele>
   </trkpt>
   <trkpt lat="-29.7732090" lon="24.4293260">
    <ele>1110.8</ele>
   </trkpt>
   <trkpt lat="-29.7732140" lon="24.4293600">
    <ele>1111.0</ele>
   </trkpt>
   <trkpt lat="-29.7732200" lon="24.4293920">
    <ele>1111.1</ele>
   </trkpt>
   <trkpt lat="-29.7732280" lon="24.4294180">
    <ele>1111.2</ele>
   </trkpt>
   <trkpt lat="-29.7732310" lon="24.4294330">
    <ele>1111.2</ele>
   </trkpt>
   <trkpt lat="-29.7732410" lon="24.4294740">
    <ele>1111.3</ele>
   </trkpt>
   <trkpt lat="-29.7732440" lon="24.4294850">
    <ele>1111.4</ele>
   </trkpt>
   <trkpt lat="-29.7732510" lon="24.4295150">
    <ele>1111.5</ele>
   </trkpt>
   <trkpt lat="-29.7732610" lon="24.4295520">
    <ele>1111.6</ele>
   </trkpt>
   <trkpt lat="-29.7732750" lon="24.4296020">
    <ele>1111.7</ele>
   </trkpt>
   <trkpt lat="-29.7732840" lon="24.4296450">
    <ele>1111.8</ele>
   </trkpt>
   <trkpt lat="-29.7732860" lon="24.4296600">
    <ele>1111.9</ele>
   </trkpt>
   <trkpt lat="-29.7732910" lon="24.4296920">
    <ele>1111.9</ele>
   </trkpt>
   <trkpt lat="-29.7733000" lon="24.4297270">
    <ele>1112.0</ele>
   </trkpt>
   <trkpt lat="-29.7733070" lon="24.4297600">
    <ele>1112.1</ele>
   </trkpt>
   <trkpt lat="-29.7733150" lon="24.4297940">
    <ele>1112.1</ele>
   </trkpt>
   <trkpt lat="-29.7733270" lon="24.4298270">
    <ele>1112.1</ele>
   </trkpt>
   <trkpt lat="-29.7733380" lon="24.4298600">
    <ele>1112.2</ele>
   </trkpt>
   <trkpt lat="-29.7733470" lon="24.4298910">
    <ele>1112.2</ele>
   </trkpt>
   <trkpt lat="-29.7733540" lon="24.4299250">
    <ele>1112.2</ele>
   </trkpt>
   <trkpt lat="-29.7733650" lon="24.4299580">
    <ele>1112.2</ele>
   </trkpt>
   <trkpt lat="-29.7733730" lon="24.4299910">
    <ele>1112.2</ele>
   </trkpt>
   <trkpt lat="-29.7733850" lon="24.4300240">
    <ele>1112.3</ele>
   </trkpt>
   <trkpt lat="-29.7733920" lon="24.4300610">
    <ele>1112.3</ele>
   </trkpt>
   <trkpt lat="-29.7734000" lon="24.4300980">
    <ele>1112.3</ele>
   </trkpt>
   <trkpt lat="-29.7734080" lon="24.4301300">
    <ele>1112.3</ele>
   </trkpt>
   <trkpt lat="-29.7734180" lon="24.4301640">
    <ele>1112.3</ele>
   </trkpt>
   <trkpt lat="-29.7734300" lon="24.4302010">
    <ele>1112.4</ele>
   </trkpt>
   <trkpt lat="-29.7734380" lon="24.4302480">
    <ele>1112.4</ele>
   </trkpt>
   <trkpt lat="-29.7734470" lon="24.4303000">
    <ele>1112.4</ele>
   </trkpt>
   <trkpt lat="-29.7734530" lon="24.4303230">
    <ele>1112.5</ele>
   </trkpt>
   <trkpt lat="-29.7734770" lon="24.4303590">
    <ele>1112.5</ele>
   </trkpt>
   <trkpt lat="-29.7734820" lon="24.4303730">
    <ele>1112.5</ele>
   </trkpt>
   <trkpt lat="-29.7734900" lon="24.4304120">
    <ele>1112.6</ele>
   </trkpt>
   <trkpt lat="-29.7734960" lon="24.4304450">
    <ele>1112.6</ele>
   </trkpt>
   <trkpt lat="-29.7735050" lon="24.4304770">
    <ele>1112.7</ele>
   </trkpt>
   <trkpt lat="-29.7735150" lon="24.4305110">
    <ele>1112.7</ele>
   </trkpt>
   <trkpt lat="-29.7735230" lon="24.4305420">
    <ele>1112.8</ele>
   </trkpt>
   <trkpt lat="-29.7735350" lon="24.4305700">
    <ele>1112.8</ele>
   </trkpt>
   <trkpt lat="-29.7735420" lon="24.4306030">
    <ele>1112.8</ele>
   </trkpt>
   <trkpt lat="-29.7735500" lon="24.4306360">
    <ele>1112.9</ele>
   </trkpt>
   <trkpt lat="-29.7735620" lon="24.4306750">
    <ele>1112.9</ele>
   </trkpt>
   <trkpt lat="-29.7735680" lon="24.4306900">
    <ele>1113.0</ele>
   </trkpt>
   <trkpt lat="-29.7735810" lon="24.4307180">
    <ele>1113.0</ele>
   </trkpt>
   <trkpt lat="-29.7735910" lon="24.4307510">
    <ele>1113.1</ele>
   </trkpt>
   <trkpt lat="-29.7736020" lon="24.4307800">
    <ele>1113.1</ele>
   </trkpt>
   <trkpt lat="-29.7736110" lon="24.4308100">
    <ele>1113.2</ele>
   </trkpt>
   <trkpt lat="-29.7736300" lon="24.4308510">
    <ele>1113.3</ele>
   </trkpt>
   <trkpt lat="-29.7736350" lon="24.4308660">
    <ele>1113.3</ele>
   </trkpt>
   <trkpt lat="-29.7736460" lon="24.4308950">
    <ele>1113.4</ele>
   </trkpt>
   <trkpt lat="-29.7736590" lon="24.4309250">
    <ele>1113.5</ele>
   </trkpt>
   <trkpt lat="-29.7736740" lon="24.4309590">
    <ele>1113.6</ele>
   </trkpt>
   <trkpt lat="-29.7736760" lon="24.4309700">
    <ele>1113.6</ele>
   </trkpt>
   <trkpt lat="-29.7736890" lon="24.4310020">
    <ele>1113.7</ele>
   </trkpt>
   <trkpt lat="-29.7737060" lon="24.4310320">
    <ele>1113.7</ele>
   </trkpt>
   <trkpt lat="-29.7737270" lon="24.4310690">
    <ele>1113.9</ele>
   </trkpt>
   <trkpt lat="-29.7737340" lon="24.4310830">
    <ele>1113.9</ele>
   </trkpt>
   <trkpt lat="-29.7737580" lon="24.4311200">
    <ele>1114.0</ele>
   </trkpt>
   <trkpt lat="-29.7737660" lon="24.4311330">
    <ele>1114.0</ele>
   </trkpt>
   <trkpt lat="-29.7737810" lon="24.4311570">
    <ele>1114.1</ele>
   </trkpt>
   <trkpt lat="-29.7737890" lon="24.4311730">
    <ele>1114.2</ele>
   </trkpt>
   <trkpt lat="-29.7738090" lon="24.4312100">
    <ele>1114.3</ele>
   </trkpt>
   <trkpt lat="-29.7738210" lon="24.4312360">
    <ele>1114.4</ele>
   </trkpt>
   <trkpt lat="-29.7738380" lon="24.4312680">
    <ele>1114.5</ele>
   </trkpt>
   <trkpt lat="-29.7738580" lon="24.4313050">
    <ele>1114.6</ele>
   </trkpt>
   <trkpt lat="-29.7738640" lon="24.4313180">
    <ele>1114.6</ele>
   </trkpt>
   <trkpt lat="-29.7738780" lon="24.4313450">
    <ele>1114.7</ele>
   </trkpt>
   <trkpt lat="-29.7738940" lon="24.4313720">
    <ele>1114.8</ele>
   </trkpt>
   <trkpt lat="-29.7739120" lon="24.4314000">
    <ele>1114.9</ele>
   </trkpt>
   <trkpt lat="-29.7739290" lon="24.4314260">
    <ele>1115.0</ele>
   </trkpt>
   <trkpt lat="-29.7739500" lon="24.4314650">
    <ele>1115.2</ele>
   </trkpt>
   <trkpt lat="-29.7739580" lon="24.4314780">
    <ele>1115.3</ele>
   </trkpt>
   <trkpt lat="-29.7739750" lon="24.4315010">
    <ele>1115.4</ele>
   </trkpt>
   <trkpt lat="-29.7739910" lon="24.4315280">
    <ele>1115.5</ele>
   </trkpt>
   <trkpt lat="-29.7740170" lon="24.4315630">
    <ele>1115.7</ele>
   </trkpt>
   <trkpt lat="-29.7740250" lon="24.4315750">
    <ele>1115.7</ele>
   </trkpt>
   <trkpt lat="-29.7740410" lon="24.4316000">
    <ele>1115.8</ele>
   </trkpt>
   <trkpt lat="-29.7740580" lon="24.4316230">
    <ele>1116.0</ele>
   </trkpt>
   <trkpt lat="-29.7740700" lon="24.4316380">
    <ele>1116.1</ele>
   </trkpt>
   <trkpt lat="-29.7740840" lon="24.4316610">
    <ele>1116.2</ele>
   </trkpt>
   <trkpt lat="-29.7740920" lon="24.4316730">
    <ele>1116.2</ele>
   </trkpt>
   <trkpt lat="-29.7741120" lon="24.4316970">
    <ele>1116.4</ele>
   </trkpt>
   <trkpt lat="-29.7741330" lon="24.4317230">
    <ele>1116.5</ele>
   </trkpt>
   <trkpt lat="-29.7741420" lon="24.4317330">
    <ele>1116.5</ele>
   </trkpt>
   <trkpt lat="-29.7741620" lon="24.4317600">
    <ele>1116.6</ele>
   </trkpt>
   <trkpt lat="-29.7741830" lon="24.4317900">
    <ele>1116.8</ele>
   </trkpt>
   <trkpt lat="-29.7741920" lon="24.4318010">
    <ele>1116.8</ele>
   </trkpt>
   <trkpt lat="-29.7742110" lon="24.4318250">
    <ele>1116.9</ele>
   </trkpt>
   <trkpt lat="-29.7742460" lon="24.4318630">
    <ele>1117.0</ele>
   </trkpt>
   <trkpt lat="-29.7742730" lon="24.4318950">
    <ele>1117.1</ele>
   </trkpt>
   <trkpt lat="-29.7742810" lon="24.4319060">
    <ele>1117.2</ele>
   </trkpt>
   <trkpt lat="-29.7743000" lon="24.4319300">
    <ele>1117.3</ele>
   </trkpt>
   <trkpt lat="-29.7743200" lon="24.4319520">
    <ele>1117.4</ele>
   </trkpt>
   <trkpt lat="-29.7743490" lon="24.4319840">
    <ele>1117.5</ele>
   </trkpt>
   <trkpt lat="-29.7743580" lon="24.4319950">
    <ele>1117.5</ele>
   </trkpt>
   <trkpt lat="-29.7743840" lon="24.4320250">
    <ele>1117.6</ele>
   </trkpt>
   <trkpt lat="-29.7743920" lon="24.4320370">
    <ele>1117.7</ele>
   </trkpt>
   <trkpt lat="-29.7744110" lon="24.4320600">
    <ele>1117.7</ele>
   </trkpt>
   <trkpt lat="-29.7744300" lon="24.4320830">
    <ele>1117.8</ele>
   </trkpt>
   <trkpt lat="-29.7744620" lon="24.4321100">
    <ele>1117.9</ele>
   </trkpt>
   <trkpt lat="-29.7744720" lon="24.4321190">
    <ele>1118.0</ele>
   </trkpt>
   <trkpt lat="-29.7745020" lon="24.4321500">
    <ele>1118.1</ele>
   </trkpt>
   <trkpt lat="-29.7745110" lon="24.4321620">
    <ele>1118.1</ele>
   </trkpt>
   <trkpt lat="-29.7745380" lon="24.4321940">
    <ele>1118.3</ele>
   </trkpt>
   <trkpt lat="-29.7745480" lon="24.4322040">
    <ele>1118.3</ele>
   </trkpt>
   <trkpt lat="-29.7745790" lon="24.4322290">
    <ele>1118.4</ele>
   </trkpt>
   <trkpt lat="-29.7745910" lon="24.4322360">
    <ele>1118.5</ele>
   </trkpt>
   <trkpt lat="-29.7746270" lon="24.4322540">
    <ele>1118.6</ele>
   </trkpt>
   <trkpt lat="-29.7746380" lon="24.4322630">
    <ele>1118.7</ele>
   </trkpt>
   <trkpt lat="-29.7746670" lon="24.4322950">
    <ele>1118.8</ele>
   </trkpt>
   <trkpt lat="-29.7746770" lon="24.4323070">
    <ele>1118.9</ele>
   </trkpt>
   <trkpt lat="-29.7746980" lon="24.4323310">
    <ele>1119.0</ele>
   </trkpt>
   <trkpt lat="-29.7747190" lon="24.4323540">
    <ele>1119.1</ele>
   </trkpt>
   <trkpt lat="-29.7747420" lon="24.4323890">
    <ele>1119.2</ele>
   </trkpt>
   <trkpt lat="-29.7747490" lon="24.4324010">
    <ele>1119.2</ele>
   </trkpt>
   <trkpt lat="-29.7747840" lon="24.4324280">
    <ele>1119.4</ele>
   </trkpt>
   <trkpt lat="-29.7747970" lon="24.4324380">
    <ele>1119.4</ele>
   </trkpt>
   <trkpt lat="-29.7748200" lon="24.4324600">
    <ele>1119.5</ele>
   </trkpt>
   <trkpt lat="-29.7748380" lon="24.4324850">
    <ele>1119.6</ele>
   </trkpt>
   <trkpt lat="-29.7748580" lon="24.4325080">
    <ele>1119.7</ele>
   </trkpt>
   <trkpt lat="-29.7748790" lon="24.4325310">
    <ele>1119.8</ele>
   </trkpt>
   <trkpt lat="-29.7749020" lon="24.4325520">
    <ele>1119.9</ele>
   </trkpt>
   <trkpt lat="-29.7749320" lon="24.4325820">
    <ele>1120.0</ele>
   </trkpt>
   <trkpt lat="-29.7749420" lon="24.4325930">
    <ele>1120.1</ele>
   </trkpt>
   <trkpt lat="-29.7749610" lon="24.4326160">
    <ele>1120.2</ele>
   </trkpt>
   <trkpt lat="-29.7749830" lon="24.4326390">
    <ele>1120.3</ele>
   </trkpt>
   <trkpt lat="-29.7750040" lon="24.4326610">
    <ele>1120.3</ele>
   </trkpt>
   <trkpt lat="-29.7750250" lon="24.4326820">
    <ele>1120.4</ele>
   </trkpt>
   <trkpt lat="-29.7750460" lon="24.4327050">
    <ele>1120.5</ele>
   </trkpt>
   <trkpt lat="-29.7750670" lon="24.4327270">
    <ele>1120.6</ele>
   </trkpt>
   <trkpt lat="-29.7750890" lon="24.4327500">
    <ele>1120.7</ele>
   </trkpt>
   <trkpt lat="-29.7751080" lon="24.4327740">
    <ele>1120.8</ele>
   </trkpt>
   <trkpt lat="-29.7751290" lon="24.4327980">
    <ele>1120.9</ele>
   </trkpt>
   <trkpt lat="-29.7751500" lon="24.4328170">
    <ele>1120.9</ele>
   </trkpt>
   <trkpt lat="-29.7751710" lon="24.4328420">
    <ele>1121.0</ele>
   </trkpt>
   <trkpt lat="-29.7751930" lon="24.4328630">
    <ele>1121.1</ele>
   </trkpt>
   <trkpt lat="-29.7752120" lon="24.4328830">
    <ele>1121.2</ele>
   </trkpt>
   <trkpt lat="-29.7752270" lon="24.4328990">
    <ele>1121.2</ele>
   </trkpt>
   <trkpt lat="-29.7752320" lon="24.4329050">
    <ele>1121.2</ele>
   </trkpt>
   <trkpt lat="-29.7752510" lon="24.4329230">
    <ele>1121.3</ele>
   </trkpt>
   <trkpt lat="-29.7752760" lon="24.4329480">
    <ele>1121.4</ele>
   </trkpt>
   <trkpt lat="-29.7752990" lon="24.4329690">
    <ele>1121.5</ele>
   </trkpt>
   <trkpt lat="-29.7753310" lon="24.4330030">
    <ele>1121.6</ele>
   </trkpt>
   <trkpt lat="-29.7753600" lon="24.4330360">
    <ele>1121.7</ele>
   </trkpt>
   <trkpt lat="-29.7753700" lon="24.4330470">
    <ele>1121.7</ele>
   </trkpt>
   <trkpt lat="-29.7753910" lon="24.4330680">
    <ele>1121.8</ele>
   </trkpt>
   <trkpt lat="-29.7754120" lon="24.4330930">
    <ele>1121.9</ele>
   </trkpt>
   <trkpt lat="-29.7754330" lon="24.4331160">
    <ele>1122.0</ele>
   </trkpt>
   <trkpt lat="-29.7754650" lon="24.4331450">
    <ele>1122.1</ele>
   </trkpt>
   <trkpt lat="-29.7754760" lon="24.4331560">
    <ele>1122.1</ele>
   </trkpt>
   <trkpt lat="-29.7754970" lon="24.4331800">
    <ele>1122.2</ele>
   </trkpt>
   <trkpt lat="-29.7755180" lon="24.4332040">
    <ele>1122.3</ele>
   </trkpt>
   <trkpt lat="-29.7755380" lon="24.4332260">
    <ele>1122.4</ele>
   </trkpt>
   <trkpt lat="-29.7755630" lon="24.4332480">
    <ele>1122.5</ele>
   </trkpt>
   <trkpt lat="-29.7755860" lon="24.4332690">
    <ele>1122.5</ele>
   </trkpt>
   <trkpt lat="-29.7756060" lon="24.4332920">
    <ele>1122.6</ele>
   </trkpt>
   <trkpt lat="-29.7756260" lon="24.4333170">
    <ele>1122.7</ele>
   </trkpt>
   <trkpt lat="-29.7756480" lon="24.4333390">
    <ele>1122.7</ele>
   </trkpt>
   <trkpt lat="-29.7756680" lon="24.4333610">
    <ele>1122.8</ele>
   </trkpt>
   <trkpt lat="-29.7756870" lon="24.4333820">
    <ele>1122.8</ele>
   </trkpt>
   <trkpt lat="-29.7757050" lon="24.4334040">
    <ele>1122.9</ele>
   </trkpt>
   <trkpt lat="-29.7757470" lon="24.4334460">
    <ele>1123.0</ele>
   </trkpt>
   <trkpt lat="-29.7757680" lon="24.4334660">
    <ele>1123.1</ele>
   </trkpt>
   <trkpt lat="-29.7758090" lon="24.4335110">
    <ele>1123.2</ele>
   </trkpt>
   <trkpt lat="-29.7758280" lon="24.4335350">
    <ele>1123.3</ele>
   </trkpt>
   <trkpt lat="-29.7758680" lon="24.4335820">
    <ele>1123.4</ele>
   </trkpt>
   <trkpt lat="-29.7758910" lon="24.4336060">
    <ele>1123.5</ele>
   </trkpt>
   <trkpt lat="-29.7759350" lon="24.4336490">
    <ele>1123.7</ele>
   </trkpt>
   <trkpt lat="-29.7759550" lon="24.4336700">
    <ele>1123.7</ele>
   </trkpt>
   <trkpt lat="-29.7760020" lon="24.4337110">
    <ele>1123.9</ele>
   </trkpt>
   <trkpt lat="-29.7760270" lon="24.4337250">
    <ele>1124.0</ele>
   </trkpt>
   <trkpt lat="-29.7760560" lon="24.4337570">
    <ele>1124.1</ele>
   </trkpt>
   <trkpt lat="-29.7760650" lon="24.4337700">
    <ele>1124.2</ele>
   </trkpt>
   <trkpt lat="-29.7760860" lon="24.4337930">
    <ele>1124.2</ele>
   </trkpt>
   <trkpt lat="-29.7761090" lon="24.4338150">
    <ele>1124.4</ele>
   </trkpt>
   <trkpt lat="-29.7761290" lon="24.4338360">
    <ele>1124.5</ele>
   </trkpt>
   <trkpt lat="-29.7761510" lon="24.4338600">
    <ele>1124.7</ele>
   </trkpt>
   <trkpt lat="-29.7761790" lon="24.4338930">
    <ele>1124.9</ele>
   </trkpt>
   <trkpt lat="-29.7761870" lon="24.4339050">
    <ele>1125.0</ele>
   </trkpt>
   <trkpt lat="-29.7762160" lon="24.4339340">
    <ele>1125.2</ele>
   </trkpt>
   <trkpt lat="-29.7762260" lon="24.4339450">
    <ele>1125.3</ele>
   </trkpt>
   <trkpt lat="-29.7762520" lon="24.4339750">
    <ele>1125.5</ele>
   </trkpt>
   <trkpt lat="-29.7762610" lon="24.4339850">
    <ele>1125.6</ele>
   </trkpt>
   <trkpt lat="-29.7762770" lon="24.4339950">
    <ele>1125.7</ele>
   </trkpt>
   <trkpt lat="-29.7762940" lon="24.4340000">
    <ele>1125.8</ele>
   </trkpt>
   <trkpt lat="-29.7763090" lon="24.4339990">
    <ele>1125.8</ele>
   </trkpt>
   <trkpt lat="-29.7763180" lon="24.4339950">
    <ele>1125.8</ele>
   </trkpt>
   <trkpt lat="-29.7763270" lon="24.4339880">
    <ele>1125.8</ele>
   </trkpt>
   <trkpt lat="-29.7763530" lon="24.4339600">
    <ele>1125.8</ele>
   </trkpt>
   <trkpt lat="-29.7763620" lon="24.4339450">
    <ele>1125.8</ele>
   </trkpt>
   <trkpt lat="-29.7763840" lon="24.4339160">
    <ele>1125.7</ele>
   </trkpt>
   <trkpt lat="-29.7764070" lon="24.4338910">
    <ele>1125.7</ele>
   </trkpt>
   <trkpt lat="-29.7764270" lon="24.4338640">
    <ele>1125.7</ele>
   </trkpt>
   <trkpt lat="-29.7764400" lon="24.4338470">
    <ele>1125.5</ele>
   </trkpt>
   <trkpt lat="-29.7764480" lon="24.4338380">
    <ele>1125.6</ele>
   </trkpt>
   <trkpt lat="-29.7764520" lon="24.4338320">
    <ele>1125.6</ele>
   </trkpt>
   <trkpt lat="-29.7764570" lon="24.4338240">
    <ele>1125.6</ele>
   </trkpt>
   <trkpt lat="-29.7764620" lon="24.4338160">
    <ele>1125.6</ele>
   </trkpt>
   <trkpt lat="-29.7764670" lon="24.4338070">
    <ele>1125.3</ele>
   </trkpt>
   <trkpt lat="-29.7764720" lon="24.4337990">
    <ele>1125.3</ele>
   </trkpt>
   <trkpt lat="-29.7764770" lon="24.4337910">
    <ele>1125.3</ele>
   </trkpt>
   <trkpt lat="-29.7764820" lon="24.4337830">
    <ele>1125.4</ele>
   </trkpt>
   <trkpt lat="-29.7764870" lon="24.4337750">
    <ele>1125.5</ele>
   </trkpt>
   <trkpt lat="-29.7764920" lon="24.4337670">
    <ele>1125.5</ele>
   </trkpt>
   <trkpt lat="-29.7764970" lon="24.4337580">
    <ele>1125.2</ele>
   </trkpt>
   <trkpt lat="-29.7765020" lon="24.4337500">
    <ele>1125.2</ele>
   </trkpt>
   <trkpt lat="-29.7765070" lon="24.4337420">
    <ele>1125.2</ele>
   </trkpt>
   <trkpt lat="-29.7765120" lon="24.4337340">
    <ele>1125.2</ele>
   </trkpt>
   <trkpt lat="-29.7765200" lon="24.4337190">
    <ele>1124.9</ele>
   </trkpt>
   <trkpt lat="-29.7765280" lon="24.4337030">
    <ele>1125.1</ele>
   </trkpt>
   <trkpt lat="-29.7765370" lon="24.4336890">
    <ele>1125.2</ele>
   </trkpt>
   <trkpt lat="-29.7765470" lon="24.4336760">
    <ele>1125.0</ele>
   </trkpt>
   <trkpt lat="-29.7765650" lon="24.4336490">
    <ele>1125.2</ele>
   </trkpt>
   <trkpt lat="-29.7765710" lon="24.4336400">
    <ele>1125.2</ele>
   </trkpt>
   <trkpt lat="-29.7765930" lon="24.4336040">
    <ele>1125.1</ele>
   </trkpt>
   <trkpt lat="-29.7766010" lon="24.4335890">
    <ele>1125.4</ele>
   </trkpt>
   <trkpt lat="-29.7766190" lon="24.4335650">
    <ele>1125.4</ele>
   </trkpt>
   <trkpt lat="-29.7766460" lon="24.4335310">
    <ele>1125.8</ele>
   </trkpt>
   <trkpt lat="-29.7766550" lon="24.4335180">
    <ele>1125.8</ele>
   </trkpt>
   <trkpt lat="-29.7766800" lon="24.4334930">
    <ele>1126.2</ele>
   </trkpt>
   <trkpt lat="-29.7767040" lon="24.4334670">
    <ele>1126.2</ele>
   </trkpt>
   <trkpt lat="-29.7767340" lon="24.4334480">
    <ele>1126.4</ele>
   </trkpt>
   <trkpt lat="-29.7767620" lon="24.4334290">
    <ele>1126.5</ele>
   </trkpt>
   <trkpt lat="-29.7767920" lon="24.4334130">
    <ele>1126.3</ele>
   </trkpt>
   <trkpt lat="-29.7768200" lon="24.4333980">
    <ele>1126.3</ele>
   </trkpt>
   <trkpt lat="-29.7768490" lon="24.4333830">
    <ele>1126.3</ele>
   </trkpt>
   <trkpt lat="-29.7768790" lon="24.4333700">
    <ele>1126.0</ele>
   </trkpt>
   <trkpt lat="-29.7769100" lon="24.4333570">
    <ele>1126.0</ele>
   </trkpt>
   <trkpt lat="-29.7769400" lon="24.4333430">
    <ele>1126.0</ele>
   </trkpt>
   <trkpt lat="-29.7769740" lon="24.4333310">
    <ele>1125.9</ele>
   </trkpt>
   <trkpt lat="-29.7770050" lon="24.4333170">
    <ele>1126.0</ele>
   </trkpt>
   <trkpt lat="-29.7770350" lon="24.4333050">
    <ele>1125.9</ele>
   </trkpt>
   <trkpt lat="-29.7770670" lon="24.4332930">
    <ele>1126.0</ele>
   </trkpt>
   <trkpt lat="-29.7770980" lon="24.4332810">
    <ele>1125.9</ele>
   </trkpt>
   <trkpt lat="-29.7771270" lon="24.4332700">
    <ele>1125.8</ele>
   </trkpt>
   <trkpt lat="-29.7771560" lon="24.4332560">
    <ele>1125.7</ele>
   </trkpt>
   <trkpt lat="-29.7771870" lon="24.4332450">
    <ele>1125.7</ele>
   </trkpt>
   <trkpt lat="-29.7772160" lon="24.4332340">
    <ele>1125.5</ele>
   </trkpt>
   <trkpt lat="-29.7772470" lon="24.4332210">
    <ele>1125.3</ele>
   </trkpt>
   <trkpt lat="-29.7772730" lon="24.4332070">
    <ele>1125.0</ele>
   </trkpt>
   <trkpt lat="-29.7773050" lon="24.4331950">
    <ele>1125.0</ele>
   </trkpt>
   <trkpt lat="-29.7773350" lon="24.4331840">
    <ele>1125.1</ele>
   </trkpt>
   <trkpt lat="-29.7773640" lon="24.4331710">
    <ele>1125.1</ele>
   </trkpt>
   <trkpt lat="-29.7773950" lon="24.4331600">
    <ele>1125.0</ele>
   </trkpt>
   <trkpt lat="-29.7774240" lon="24.4331480">
    <ele>1124.8</ele>
   </trkpt>
   <trkpt lat="-29.7774540" lon="24.4331360">
    <ele>1124.6</ele>
   </trkpt>
   <trkpt lat="-29.7774870" lon="24.4331250">
    <ele>1124.6</ele>
   </trkpt>
   <trkpt lat="-29.7775160" lon="24.4331110">
    <ele>1124.2</ele>
   </trkpt>
   <trkpt lat="-29.7775470" lon="24.4330990">
    <ele>1124.0</ele>
   </trkpt>
   <trkpt lat="-29.7775770" lon="24.4330850">
    <ele>1123.9</ele>
   </trkpt>
   <trkpt lat="-29.7776100" lon="24.4330730">
    <ele>1124.0</ele>
   </trkpt>
   <trkpt lat="-29.7776400" lon="24.4330600">
    <ele>1124.0</ele>
   </trkpt>
   <trkpt lat="-29.7776720" lon="24.4330470">
    <ele>1124.0</ele>
   </trkpt>
   <trkpt lat="-29.7777070" lon="24.4330350">
    <ele>1124.1</ele>
   </trkpt>
   <trkpt lat="-29.7777410" lon="24.4330220">
    <ele>1124.2</ele>
   </trkpt>
   <trkpt lat="-29.7777760" lon="24.4330070">
    <ele>1124.2</ele>
   </trkpt>
   <trkpt lat="-29.7778100" lon="24.4329920">
    <ele>1124.1</ele>
   </trkpt>
   <trkpt lat="-29.7778450" lon="24.4329810">
    <ele>1124.0</ele>
   </trkpt>
   <trkpt lat="-29.7778790" lon="24.4329670">
    <ele>1124.0</ele>
   </trkpt>
   <trkpt lat="-29.7779130" lon="24.4329510">
    <ele>1124.0</ele>
   </trkpt>
   <trkpt lat="-29.7779460" lon="24.4329360">
    <ele>1124.3</ele>
   </trkpt>
   <trkpt lat="-29.7779790" lon="24.4329230">
    <ele>1124.5</ele>
   </trkpt>
   <trkpt lat="-29.7780120" lon="24.4329090">
    <ele>1124.7</ele>
   </trkpt>
   <trkpt lat="-29.7780440" lon="24.4328960">
    <ele>1125.0</ele>
   </trkpt>
   <trkpt lat="-29.7780790" lon="24.4328820">
    <ele>1125.1</ele>
   </trkpt>
   <trkpt lat="-29.7781110" lon="24.4328670">
    <ele>1125.2</ele>
   </trkpt>
   <trkpt lat="-29.7781430" lon="24.4328550">
    <ele>1125.2</ele>
   </trkpt>
   <trkpt lat="-29.7781750" lon="24.4328420">
    <ele>1125.3</ele>
   </trkpt>
   <trkpt lat="-29.7782080" lon="24.4328290">
    <ele>1125.5</ele>
   </trkpt>
   <trkpt lat="-29.7782400" lon="24.4328160">
    <ele>1125.6</ele>
   </trkpt>
   <trkpt lat="-29.7782710" lon="24.4328020">
    <ele>1125.6</ele>
   </trkpt>
   <trkpt lat="-29.7783020" lon="24.4327890">
    <ele>1125.9</ele>
   </trkpt>
   <trkpt lat="-29.7783360" lon="24.4327760">
    <ele>1125.9</ele>
   </trkpt>
   <trkpt lat="-29.7783700" lon="24.4327640">
    <ele>1126.1</ele>
   </trkpt>
   <trkpt lat="-29.7784020" lon="24.4327500">
    <ele>1126.3</ele>
   </trkpt>
   <trkpt lat="-29.7784350" lon="24.4327370">
    <ele>1126.4</ele>
   </trkpt>
   <trkpt lat="-29.7784680" lon="24.4327230">
    <ele>1125.8</ele>
   </trkpt>
   <trkpt lat="-29.7785030" lon="24.4327080">
    <ele>1125.7</ele>
   </trkpt>
   <trkpt lat="-29.7785340" lon="24.4326950">
    <ele>1125.4</ele>
   </trkpt>
   <trkpt lat="-29.7785680" lon="24.4326830">
    <ele>1124.8</ele>
   </trkpt>
   <trkpt lat="-29.7786010" lon="24.4326710">
    <ele>1124.5</ele>
   </trkpt>
   <trkpt lat="-29.7786330" lon="24.4326550">
    <ele>1124.4</ele>
   </trkpt>
   <trkpt lat="-29.7786660" lon="24.4326420">
    <ele>1124.0</ele>
   </trkpt>
   <trkpt lat="-29.7786990" lon="24.4326300">
    <ele>1124.1</ele>
   </trkpt>
   <trkpt lat="-29.7787330" lon="24.4326180">
    <ele>1124.2</ele>
   </trkpt>
   <trkpt lat="-29.7787670" lon="24.4326050">
    <ele>1124.0</ele>
   </trkpt>
   <trkpt lat="-29.7788010" lon="24.4325900">
    <ele>1123.9</ele>
   </trkpt>
   <trkpt lat="-29.7788340" lon="24.4325750">
    <ele>1123.7</ele>
   </trkpt>
   <trkpt lat="-29.7788690" lon="24.4325640">
    <ele>1123.5</ele>
   </trkpt>
   <trkpt lat="-29.7789040" lon="24.4325500">
    <ele>1123.5</ele>
   </trkpt>
   <trkpt lat="-29.7789380" lon="24.4325360">
    <ele>1123.4</ele>
   </trkpt>
   <trkpt lat="-29.7789730" lon="24.4325220">
    <ele>1123.4</ele>
   </trkpt>
   <trkpt lat="-29.7790080" lon="24.4325070">
    <ele>1123.4</ele>
   </trkpt>
   <trkpt lat="-29.7790780" lon="24.4324770">
    <ele>1123.3</ele>
   </trkpt>
   <trkpt lat="-29.7791130" lon="24.4324630">
    <ele>1123.2</ele>
   </trkpt>
   <trkpt lat="-29.7791500" lon="24.4324480">
    <ele>1123.2</ele>
   </trkpt>
   <trkpt lat="-29.7791840" lon="24.4324330">
    <ele>1122.9</ele>
   </trkpt>
   <trkpt lat="-29.7792190" lon="24.4324170">
    <ele>1122.9</ele>
   </trkpt>
   <trkpt lat="-29.7792560" lon="24.4324000">
    <ele>1123.0</ele>
   </trkpt>
   <trkpt lat="-29.7792930" lon="24.4323860">
    <ele>1123.0</ele>
   </trkpt>
   <trkpt lat="-29.7793310" lon="24.4323730">
    <ele>1123.3</ele>
   </trkpt>
   <trkpt lat="-29.7793670" lon="24.4323590">
    <ele>1123.5</ele>
   </trkpt>
   <trkpt lat="-29.7793910" lon="24.4323460">
    <ele>1123.8</ele>
   </trkpt>
   <trkpt lat="-29.7794070" lon="24.4323390">
    <ele>1123.8</ele>
   </trkpt>
   <trkpt lat="-29.7794600" lon="24.4323170">
    <ele>1124.1</ele>
   </trkpt>
   <trkpt lat="-29.7794890" lon="24.4323040">
    <ele>1124.3</ele>
   </trkpt>
   <trkpt lat="-29.7795400" lon="24.4322830">
    <ele>1124.9</ele>
   </trkpt>
   <trkpt lat="-29.7795710" lon="24.4322690">
    <ele>1124.9</ele>
   </trkpt>
   <trkpt lat="-29.7796030" lon="24.4322550">
    <ele>1125.1</ele>
   </trkpt>
   <trkpt lat="-29.7796380" lon="24.4322420">
    <ele>1125.3</ele>
   </trkpt>
   <trkpt lat="-29.7796710" lon="24.4322250">
    <ele>1125.4</ele>
   </trkpt>
   <trkpt lat="-29.7797050" lon="24.4322060">
    <ele>1125.5</ele>
   </trkpt>
   <trkpt lat="-29.7797380" lon="24.4321860">
    <ele>1125.4</ele>
   </trkpt>
   <trkpt lat="-29.7797730" lon="24.4321640">
    <ele>1125.5</ele>
   </trkpt>
   <trkpt lat="-29.7798050" lon="24.4321420">
    <ele>1125.5</ele>
   </trkpt>
   <trkpt lat="-29.7798380" lon="24.4321190">
    <ele>1125.6</ele>
   </trkpt>
   <trkpt lat="-29.7798720" lon="24.4320960">
    <ele>1125.6</ele>
   </trkpt>
   <trkpt lat="-29.7799030" lon="24.4320720">
    <ele>1125.3</ele>
   </trkpt>
   <trkpt lat="-29.7799400" lon="24.4320500">
    <ele>1125.2</ele>
   </trkpt>
   <trkpt lat="-29.7799710" lon="24.4320280">
    <ele>1124.8</ele>
   </trkpt>
   <trkpt lat="-29.7800060" lon="24.4320070">
    <ele>1124.7</ele>
   </trkpt>
   <trkpt lat="-29.7800400" lon="24.4319830">
    <ele>1124.6</ele>
   </trkpt>
   <trkpt lat="-29.7800760" lon="24.4319610">
    <ele>1124.4</ele>
   </trkpt>
   <trkpt lat="-29.7801100" lon="24.4319390">
    <ele>1124.4</ele>
   </trkpt>
   <trkpt lat="-29.7801450" lon="24.4319180">
    <ele>1124.2</ele>
   </trkpt>
   <trkpt lat="-29.7801770" lon="24.4318980">
    <ele>1124.3</ele>
   </trkpt>
   <trkpt lat="-29.7802080" lon="24.4318750">
    <ele>1124.2</ele>
   </trkpt>
   <trkpt lat="-29.7802390" lon="24.4318540">
    <ele>1124.4</ele>
   </trkpt>
   <trkpt lat="-29.7802710" lon="24.4318340">
    <ele>1124.7</ele>
   </trkpt>
   <trkpt lat="-29.7803040" lon="24.4318120">
    <ele>1125.0</ele>
   </trkpt>
   <trkpt lat="-29.7803370" lon="24.4317930">
    <ele>1125.3</ele>
   </trkpt>
   <trkpt lat="-29.7803670" lon="24.4317730">
    <ele>1125.4</ele>
   </trkpt>
   <trkpt lat="-29.7804010" lon="24.4317540">
    <ele>1125.6</ele>
   </trkpt>
   <trkpt lat="-29.7804230" lon="24.4317370">
    <ele>1125.3</ele>
   </trkpt>
   <trkpt lat="-29.7804420" lon="24.4317240">
    <ele>1125.5</ele>
   </trkpt>
   <trkpt lat="-29.7804890" lon="24.4316950">
    <ele>1125.5</ele>
   </trkpt>
   <trkpt lat="-29.7805210" lon="24.4316730">
    <ele>1125.8</ele>
   </trkpt>
   <trkpt lat="-29.7805670" lon="24.4316480">
    <ele>1125.9</ele>
   </trkpt>
   <trkpt lat="-29.7805960" lon="24.4316310">
    <ele>1126.1</ele>
   </trkpt>
   <trkpt lat="-29.7806300" lon="24.4316100">
    <ele>1126.1</ele>
   </trkpt>
   <trkpt lat="-29.7806660" lon="24.4315880">
    <ele>1126.4</ele>
   </trkpt>
   <trkpt lat="-29.7806650" lon="24.4315860">
    <ele>1126.4</ele>
   </trkpt>
   <trkpt lat="-29.7806960" lon="24.4315670">
    <ele>1126.4</ele>
   </trkpt>
   <trkpt lat="-29.7807340" lon="24.4315500">
    <ele>1126.6</ele>
   </trkpt>
   <trkpt lat="-29.7808070" lon="24.4315130">
    <ele>1126.3</ele>
   </trkpt>
   <trkpt lat="-29.7808360" lon="24.4314960">
    <ele>1126.4</ele>
   </trkpt>
   <trkpt lat="-29.7808680" lon="24.4314860">
    <ele>1125.9</ele>
   </trkpt>
   <trkpt lat="-29.7808980" lon="24.4314760">
    <ele>1125.9</ele>
   </trkpt>
   <trkpt lat="-29.7809340" lon="24.4314650">
    <ele>1126.0</ele>
   </trkpt>
   <trkpt lat="-29.7809710" lon="24.4314570">
    <ele>1125.9</ele>
   </trkpt>
   <trkpt lat="-29.7810080" lon="24.4314480">
    <ele>1125.9</ele>
   </trkpt>
   <trkpt lat="-29.7810460" lon="24.4314420">
    <ele>1125.3</ele>
   </trkpt>
   <trkpt lat="-29.7810830" lon="24.4314400">
    <ele>1125.0</ele>
   </trkpt>
   <trkpt lat="-29.7811220" lon="24.4314380">
    <ele>1124.7</ele>
   </trkpt>
   <trkpt lat="-29.7811610" lon="24.4314360">
    <ele>1124.5</ele>
   </trkpt>
   <trkpt lat="-29.7811990" lon="24.4314320">
    <ele>1124.2</ele>
   </trkpt>
   <trkpt lat="-29.7812380" lon="24.4314320">
    <ele>1124.0</ele>
   </trkpt>
   <trkpt lat="-29.7812740" lon="24.4314300">
    <ele>1123.8</ele>
   </trkpt>
   <trkpt lat="-29.7813120" lon="24.4314300">
    <ele>1123.7</ele>
   </trkpt>
   <trkpt lat="-29.7813480" lon="24.4314280">
    <ele>1123.7</ele>
   </trkpt>
   <trkpt lat="-29.7813850" lon="24.4314240">
    <ele>1123.7</ele>
   </trkpt>
   <trkpt lat="-29.7814240" lon="24.4314220">
    <ele>1123.8</ele>
   </trkpt>
   <trkpt lat="-29.7814610" lon="24.4314210">
    <ele>1123.9</ele>
   </trkpt>
   <trkpt lat="-29.7815000" lon="24.4314210">
    <ele>1124.2</ele>
   </trkpt>
   <trkpt lat="-29.7815380" lon="24.4314210">
    <ele>1124.4</ele>
   </trkpt>
   <trkpt lat="-29.7815760" lon="24.4314220">
    <ele>1124.6</ele>
   </trkpt>
   <trkpt lat="-29.7816150" lon="24.4314230">
    <ele>1124.8</ele>
   </trkpt>
   <trkpt lat="-29.7816520" lon="24.4314190">
    <ele>1124.7</ele>
   </trkpt>
   <trkpt lat="-29.7816930" lon="24.4314150">
    <ele>1124.7</ele>
   </trkpt>
   <trkpt lat="-29.7817300" lon="24.4314150">
    <ele>1124.7</ele>
   </trkpt>
   <trkpt lat="-29.7817700" lon="24.4314140">
    <ele>1124.6</ele>
   </trkpt>
   <trkpt lat="-29.7818070" lon="24.4314090">
    <ele>1124.6</ele>
   </trkpt>
   <trkpt lat="-29.7818480" lon="24.4314080">
    <ele>1124.5</ele>
   </trkpt>
   <trkpt lat="-29.7818860" lon="24.4314060">
    <ele>1124.5</ele>
   </trkpt>
   <trkpt lat="-29.7819230" lon="24.4314040">
    <ele>1124.5</ele>
   </trkpt>
   <trkpt lat="-29.7819610" lon="24.4314020">
    <ele>1124.4</ele>
   </trkpt>
   <trkpt lat="-29.7819990" lon="24.4314000">
    <ele>1124.4</ele>
   </trkpt>
   <trkpt lat="-29.7820350" lon="24.4313980">
    <ele>1124.4</ele>
   </trkpt>
   <trkpt lat="-29.7820730" lon="24.4313950">
    <ele>1124.3</ele>
   </trkpt>
   <trkpt lat="-29.7821120" lon="24.4313920">
    <ele>1124.3</ele>
   </trkpt>
   <trkpt lat="-29.7821500" lon="24.4313890">
    <ele>1124.3</ele>
   </trkpt>
   <trkpt lat="-29.7821890" lon="24.4313880">
    <ele>1124.2</ele>
   </trkpt>
   <trkpt lat="-29.7822260" lon="24.4313870">
    <ele>1124.2</ele>
   </trkpt>
   <trkpt lat="-29.7822630" lon="24.4313840">
    <ele>1124.2</ele>
   </trkpt>
   <trkpt lat="-29.7822980" lon="24.4313800">
    <ele>1124.1</ele>
   </trkpt>
   <trkpt lat="-29.7823360" lon="24.4313790">
    <ele>1124.1</ele>
   </trkpt>
   <trkpt lat="-29.7823720" lon="24.4313740">
    <ele>1124.1</ele>
   </trkpt>
   <trkpt lat="-29.7824090" lon="24.4313710">
    <ele>1124.0</ele>
   </trkpt>
   <trkpt lat="-29.7824460" lon="24.4313650">
    <ele>1124.0</ele>
   </trkpt>
   <trkpt lat="-29.7824830" lon="24.4313550">
    <ele>1124.0</ele>
   </trkpt>
   <trkpt lat="-29.7825200" lon="24.4313500">
    <ele>1123.9</ele>
   </trkpt>
   <trkpt lat="-29.7825570" lon="24.4313530">
    <ele>1123.9</ele>
   </trkpt>
   <trkpt lat="-29.7825960" lon="24.4313570">
    <ele>1123.9</ele>
   </trkpt>
   <trkpt lat="-29.7826330" lon="24.4313610">
    <ele>1123.8</ele>
   </trkpt>
   <trkpt lat="-29.7826730" lon="24.4313600">
    <ele>1123.8</ele>
   </trkpt>
   <trkpt lat="-29.7827090" lon="24.4313590">
    <ele>1123.8</ele>
   </trkpt>
   <trkpt lat="-29.7827480" lon="24.4313570">
    <ele>1123.7</ele>
   </trkpt>
   <trkpt lat="-29.7827840" lon="24.4313550">
    <ele>1123.7</ele>
   </trkpt>
   <trkpt lat="-29.7828220" lon="24.4313540">
    <ele>1123.7</ele>
   </trkpt>
   <trkpt lat="-29.7828600" lon="24.4313490">
    <ele>1123.6</ele>
   </trkpt>
   <trkpt lat="-29.7828980" lon="24.4313470">
    <ele>1123.6</ele>
   </trkpt>
   <trkpt lat="-29.7829350" lon="24.4313450">
    <ele>1123.6</ele>
   </trkpt>
   <trkpt lat="-29.7829730" lon="24.4313420">
    <ele>1123.5</ele>
   </trkpt>
   <trkpt lat="-29.7830110" lon="24.4313390">
    <ele>1123.5</ele>
   </trkpt>
   <trkpt lat="-29.7830500" lon="24.4313380">
    <ele>1123.5</ele>
   </trkpt>
   <trkpt lat="-29.7830870" lon="24.4313390">
    <ele>1123.4</ele>
   </trkpt>
   <trkpt lat="-29.7831240" lon="24.4313390">
    <ele>1123.4</ele>
   </trkpt>
   <trkpt lat="-29.7831630" lon="24.4313410">
    <ele>1123.4</ele>
   </trkpt>
   <trkpt lat="-29.7832020" lon="24.4313470">
    <ele>1123.4</ele>
   </trkpt>
   <trkpt lat="-29.7832410" lon="24.4313560">
    <ele>1123.4</ele>
   </trkpt>
   <trkpt lat="-29.7832790" lon="24.4313650">
    <ele>1123.5</ele>
   </trkpt>
   <trkpt lat="-29.7833180" lon="24.4313750">
    <ele>1123.7</ele>
   </trkpt>
   <trkpt lat="-29.7833570" lon="24.4313870">
    <ele>1123.9</ele>
   </trkpt>
   <trkpt lat="-29.7833930" lon="24.4314030">
    <ele>1124.1</ele>
   </trkpt>
   <trkpt lat="-29.7834260" lon="24.4314190">
    <ele>1124.5</ele>
   </trkpt>
   <trkpt lat="-29.7834630" lon="24.4314350">
    <ele>1124.5</ele>
   </trkpt>
   <trkpt lat="-29.7835000" lon="24.4314480">
    <ele>1124.8</ele>
   </trkpt>
   <trkpt lat="-29.7835360" lon="24.4314610">
    <ele>1124.7</ele>
   </trkpt>
   <trkpt lat="-29.7835730" lon="24.4314770">
    <ele>1124.7</ele>
   </trkpt>
   <trkpt lat="-29.7836060" lon="24.4314920">
    <ele>1124.9</ele>
   </trkpt>
   <trkpt lat="-29.7836420" lon="24.4315090">
    <ele>1124.7</ele>
   </trkpt>
   <trkpt lat="-29.7836780" lon="24.4315260">
    <ele>1124.4</ele>
   </trkpt>
   <trkpt lat="-29.7837130" lon="24.4315430">
    <ele>1123.9</ele>
   </trkpt>
   <trkpt lat="-29.7837480" lon="24.4315600">
    <ele>1123.4</ele>
   </trkpt>
   <trkpt lat="-29.7837810" lon="24.4315840">
    <ele>1123.2</ele>
   </trkpt>
   <trkpt lat="-29.7838120" lon="24.4316090">
    <ele>1122.8</ele>
   </trkpt>
   <trkpt lat="-29.7838440" lon="24.4316360">
    <ele>1122.5</ele>
   </trkpt>
   <trkpt lat="-29.7838710" lon="24.4316700">
    <ele>1122.6</ele>
   </trkpt>
   <trkpt lat="-29.7838960" lon="24.4317040">
    <ele>1122.6</ele>
   </trkpt>
   <trkpt lat="-29.7839170" lon="24.4317420">
    <ele>1123.0</ele>
   </trkpt>
   <trkpt lat="-29.7839370" lon="24.4317800">
    <ele>1123.4</ele>
   </trkpt>
   <trkpt lat="-29.7839540" lon="24.4318160">
    <ele>1123.9</ele>
   </trkpt>
   <trkpt lat="-29.7839740" lon="24.4318550">
    <ele>1123.8</ele>
   </trkpt>
   <trkpt lat="-29.7839900" lon="24.4318950">
    <ele>1124.0</ele>
   </trkpt>
   <trkpt lat="-29.7840060" lon="24.4319340">
    <ele>1124.1</ele>
   </trkpt>
   <trkpt lat="-29.7840220" lon="24.4319740">
    <ele>1123.4</ele>
   </trkpt>
   <trkpt lat="-29.7840400" lon="24.4320120">
    <ele>1123.5</ele>
   </trkpt>
   <trkpt lat="-29.7840560" lon="24.4320530">
    <ele>1122.7</ele>
   </trkpt>
   <trkpt lat="-29.7840740" lon="24.4320920">
    <ele>1122.8</ele>
   </trkpt>
   <trkpt lat="-29.7840920" lon="24.4321300">
    <ele>1121.9</ele>
   </trkpt>
   <trkpt lat="-29.7841080" lon="24.4321720">
    <ele>1121.9</ele>
   </trkpt>
   <trkpt lat="-29.7841250" lon="24.4322090">
    <ele>1121.2</ele>
   </trkpt>
   <trkpt lat="-29.7841430" lon="24.4322460">
    <ele>1121.2</ele>
   </trkpt>
   <trkpt lat="-29.7841590" lon="24.4322860">
    <ele>1120.4</ele>
   </trkpt>
   <trkpt lat="-29.7841770" lon="24.4323220">
    <ele>1120.5</ele>
   </trkpt>
   <trkpt lat="-29.7841940" lon="24.4323600">
    <ele>1120.5</ele>
   </trkpt>
   <trkpt lat="-29.7842100" lon="24.4323980">
    <ele>1119.9</ele>
   </trkpt>
   <trkpt lat="-29.7842290" lon="24.4324350">
    <ele>1119.9</ele>
   </trkpt>
   <trkpt lat="-29.7842460" lon="24.4324710">
    <ele>1119.6</ele>
   </trkpt>
   <trkpt lat="-29.7842640" lon="24.4325100">
    <ele>1119.9</ele>
   </trkpt>
   <trkpt lat="-29.7842820" lon="24.4325510">
    <ele>1120.2</ele>
   </trkpt>
   <trkpt lat="-29.7842950" lon="24.4325920">
    <ele>1120.7</ele>
   </trkpt>
   <trkpt lat="-29.7843150" lon="24.4326280">
    <ele>1121.3</ele>
   </trkpt>
   <trkpt lat="-29.7843340" lon="24.4326650">
    <ele>1121.9</ele>
   </trkpt>
   <trkpt lat="-29.7843550" lon="24.4327000">
    <ele>1122.7</ele>
   </trkpt>
   <trkpt lat="-29.7843780" lon="24.4327330">
    <ele>1122.7</ele>
   </trkpt>
   <trkpt lat="-29.7844010" lon="24.4327620">
    <ele>1123.5</ele>
   </trkpt>
   <trkpt lat="-29.7844230" lon="24.4327910">
    <ele>1124.3</ele>
   </trkpt>
   <trkpt lat="-29.7844490" lon="24.4328160">
    <ele>1124.3</ele>
   </trkpt>
   <trkpt lat="-29.7844800" lon="24.4328400">
    <ele>1124.9</ele>
   </trkpt>
   <trkpt lat="-29.7845140" lon="24.4328620">
    <ele>1124.9</ele>
   </trkpt>
   <trkpt lat="-29.7845550" lon="24.4328810">
    <ele>1125.5</ele>
   </trkpt>
   <trkpt lat="-29.7845990" lon="24.4328910">
    <ele>1125.6</ele>
   </trkpt>
   <trkpt lat="-29.7846330" lon="24.4328930">
    <ele>1125.7</ele>
   </trkpt>
   <trkpt lat="-29.7846720" lon="24.4328940">
    <ele>1125.7</ele>
   </trkpt>
   <trkpt lat="-29.7847050" lon="24.4328920">
    <ele>1125.7</ele>
   </trkpt>
   <trkpt lat="-29.7847400" lon="24.4328800">
    <ele>1125.4</ele>
   </trkpt>
   <trkpt lat="-29.7847720" lon="24.4328640">
    <ele>1124.5</ele>
   </trkpt>
   <trkpt lat="-29.7848060" lon="24.4328430">
    <ele>1124.2</ele>
   </trkpt>
   <trkpt lat="-29.7848360" lon="24.4328160">
    <ele>1123.6</ele>
   </trkpt>
   <trkpt lat="-29.7848680" lon="24.4327870">
    <ele>1123.6</ele>
   </trkpt>
   <trkpt lat="-29.7848960" lon="24.4327530">
    <ele>1123.3</ele>
   </trkpt>
   <trkpt lat="-29.7849210" lon="24.4327190">
    <ele>1123.2</ele>
   </trkpt>
   <trkpt lat="-29.7849460" lon="24.4326860">
    <ele>1123.0</ele>
   </trkpt>
   <trkpt lat="-29.7849720" lon="24.4326510">
    <ele>1123.0</ele>
   </trkpt>
   <trkpt lat="-29.7849970" lon="24.4326160">
    <ele>1122.8</ele>
   </trkpt>
   <trkpt lat="-29.7850240" lon="24.4325810">
    <ele>1122.4</ele>
   </trkpt>
   <trkpt lat="-29.7850510" lon="24.4325460">
    <ele>1122.2</ele>
   </trkpt>
   <trkpt lat="-29.7850770" lon="24.4325130">
    <ele>1121.9</ele>
   </trkpt>
   <trkpt lat="-29.7851020" lon="24.4324790">
    <ele>1121.9</ele>
   </trkpt>
   <trkpt lat="-29.7851260" lon="24.4324450">
    <ele>1121.7</ele>
   </trkpt>
   <trkpt lat="-29.7851520" lon="24.4324130">
    <ele>1121.4</ele>
   </trkpt>
   <trkpt lat="-29.7851760" lon="24.4323810">
    <ele>1121.3</ele>
   </trkpt>
   <trkpt lat="-29.7852000" lon="24.4323480">
    <ele>1121.1</ele>
   </trkpt>
   <trkpt lat="-29.7852260" lon="24.4323150">
    <ele>1121.3</ele>
   </trkpt>
   <trkpt lat="-29.7852510" lon="24.4322820">
    <ele>1121.5</ele>
   </trkpt>
   <trkpt lat="-29.7852760" lon="24.4322490">
    <ele>1121.9</ele>
   </trkpt>
   <trkpt lat="-29.7853020" lon="24.4322170">
    <ele>1121.9</ele>
   </trkpt>
   <trkpt lat="-29.7853280" lon="24.4321840">
    <ele>1122.2</ele>
   </trkpt>
   <trkpt lat="-29.7853580" lon="24.4321550">
    <ele>1122.4</ele>
   </trkpt>
   <trkpt lat="-29.7853880" lon="24.4321260">
    <ele>1122.5</ele>
   </trkpt>
   <trkpt lat="-29.7854180" lon="24.4320980">
    <ele>1122.5</ele>
   </trkpt>
   <trkpt lat="-29.7854540" lon="24.4320780">
    <ele>1122.5</ele>
   </trkpt>
   <trkpt lat="-29.7854900" lon="24.4320590">
    <ele>1122.7</ele>
   </trkpt>
   <trkpt lat="-29.7855280" lon="24.4320460">
    <ele>1122.5</ele>
   </trkpt>
   <trkpt lat="-29.7855680" lon="24.4320380">
    <ele>1122.6</ele>
   </trkpt>
   <trkpt lat="-29.7856070" lon="24.4320330">
    <ele>1122.6</ele>
   </trkpt>
   <trkpt lat="-29.7856450" lon="24.4320290">
    <ele>1122.6</ele>
   </trkpt>
   <trkpt lat="-29.7856850" lon="24.4320300">
    <ele>1122.7</ele>
   </trkpt>
   <trkpt lat="-29.7857210" lon="24.4320280">
    <ele>1122.7</ele>
   </trkpt>
   <trkpt lat="-29.7857590" lon="24.4320270">
    <ele>1122.9</ele>
   </trkpt>
   <trkpt lat="-29.7857970" lon="24.4320250">
    <ele>1123.0</ele>
   </trkpt>
   <trkpt lat="-29.7858330" lon="24.4320240">
    <ele>1123.0</ele>
   </trkpt>
   <trkpt lat="-29.7858710" lon="24.4320230">
    <ele>1123.0</ele>
   </trkpt>
   <trkpt lat="-29.7859050" lon="24.4320190">
    <ele>1123.0</ele>
   </trkpt>
   <trkpt lat="-29.7859430" lon="24.4320210">
    <ele>1122.8</ele>
   </trkpt>
   <trkpt lat="-29.7859750" lon="24.4320170">
    <ele>1122.5</ele>
   </trkpt>
   <trkpt lat="-29.7860100" lon="24.4320130">
    <ele>1122.1</ele>
   </trkpt>
   <trkpt lat="-29.7860470" lon="24.4320130">
    <ele>1121.8</ele>
   </trkpt>
   <trkpt lat="-29.7860830" lon="24.4320120">
    <ele>1121.4</ele>
   </trkpt>
   <trkpt lat="-29.7861190" lon="24.4320100">
    <ele>1121.1</ele>
   </trkpt>
   <trkpt lat="-29.7861580" lon="24.4320070">
    <ele>1120.8</ele>
   </trkpt>
   <trkpt lat="-29.7861960" lon="24.4320060">
    <ele>1120.5</ele>
   </trkpt>
   <trkpt lat="-29.7862330" lon="24.4320070">
    <ele>1120.2</ele>
   </trkpt>
   <trkpt lat="-29.7862730" lon="24.4320120">
    <ele>1119.9</ele>
   </trkpt>
   <trkpt lat="-29.7863100" lon="24.4320180">
    <ele>1119.6</ele>
   </trkpt>
   <trkpt lat="-29.7863490" lon="24.4320300">
    <ele>1119.4</ele>
   </trkpt>
   <trkpt lat="-29.7863840" lon="24.4320470">
    <ele>1119.2</ele>
   </trkpt>
   <trkpt lat="-29.7864160" lon="24.4320700">
    <ele>1119.4</ele>
   </trkpt>
   <trkpt lat="-29.7864470" lon="24.4320940">
    <ele>1119.7</ele>
   </trkpt>
   <trkpt lat="-29.7864760" lon="24.4321220">
    <ele>1119.8</ele>
   </trkpt>
   <trkpt lat="-29.7865020" lon="24.4321510">
    <ele>1120.1</ele>
   </trkpt>
   <trkpt lat="-29.7865270" lon="24.4321810">
    <ele>1120.7</ele>
   </trkpt>
   <trkpt lat="-29.7865520" lon="24.4322100">
    <ele>1121.0</ele>
   </trkpt>
   <trkpt lat="-29.7865790" lon="24.4322360">
    <ele>1121.8</ele>
   </trkpt>
   <trkpt lat="-29.7866060" lon="24.4322630">
    <ele>1121.8</ele>
   </trkpt>
   <trkpt lat="-29.7866380" lon="24.4322800">
    <ele>1122.7</ele>
   </trkpt>
   <trkpt lat="-29.7866720" lon="24.4322990">
    <ele>1122.8</ele>
   </trkpt>
   <trkpt lat="-29.7867070" lon="24.4323120">
    <ele>1123.0</ele>
   </trkpt>
   <trkpt lat="-29.7867440" lon="24.4323180">
    <ele>1122.7</ele>
   </trkpt>
   <trkpt lat="-29.7867820" lon="24.4323170">
    <ele>1122.3</ele>
   </trkpt>
   <trkpt lat="-29.7868160" lon="24.4323100">
    <ele>1121.9</ele>
   </trkpt>
   <trkpt lat="-29.7868530" lon="24.4323000">
    <ele>1121.7</ele>
   </trkpt>
   <trkpt lat="-29.7868860" lon="24.4322860">
    <ele>1121.5</ele>
   </trkpt>
   <trkpt lat="-29.7869200" lon="24.4322700">
    <ele>1121.5</ele>
   </trkpt>
   <trkpt lat="-29.7869540" lon="24.4322530">
    <ele>1122.0</ele>
   </trkpt>
   <trkpt lat="-29.7869880" lon="24.4322340">
    <ele>1122.1</ele>
   </trkpt>
   <trkpt lat="-29.7870230" lon="24.4322160">
    <ele>1122.6</ele>
   </trkpt>
   <trkpt lat="-29.7870580" lon="24.4321970">
    <ele>1122.6</ele>
   </trkpt>
   <trkpt lat="-29.7870910" lon="24.4321790">
    <ele>1122.7</ele>
   </trkpt>
   <trkpt lat="-29.7871250" lon="24.4321630">
    <ele>1123.2</ele>
   </trkpt>
   <trkpt lat="-29.7871550" lon="24.4321470">
    <ele>1123.5</ele>
   </trkpt>
   <trkpt lat="-29.7871890" lon="24.4321310">
    <ele>1124.0</ele>
   </trkpt>
   <trkpt lat="-29.7872200" lon="24.4321150">
    <ele>1124.2</ele>
   </trkpt>
   <trkpt lat="-29.7872510" lon="24.4320970">
    <ele>1124.3</ele>
   </trkpt>
   <trkpt lat="-29.7872820" lon="24.4320800">
    <ele>1124.3</ele>
   </trkpt>
   <trkpt lat="-29.7873120" lon="24.4320640">
    <ele>1124.3</ele>
   </trkpt>
   <trkpt lat="-29.7873460" lon="24.4320510">
    <ele>1124.2</ele>
   </trkpt>
   <trkpt lat="-29.7873820" lon="24.4320310">
    <ele>1124.2</ele>
   </trkpt>
   <trkpt lat="-29.7874140" lon="24.4320140">
    <ele>1124.3</ele>
   </trkpt>
   <trkpt lat="-29.7874490" lon="24.4319990">
    <ele>1124.3</ele>
   </trkpt>
   <trkpt lat="-29.7874830" lon="24.4319820">
    <ele>1124.3</ele>
   </trkpt>
   <trkpt lat="-29.7875160" lon="24.4319660">
    <ele>1124.3</ele>
   </trkpt>
   <trkpt lat="-29.7875500" lon="24.4319500">
    <ele>1124.0</ele>
   </trkpt>
   <trkpt lat="-29.7875830" lon="24.4319330">
    <ele>1124.0</ele>
   </trkpt>
   <trkpt lat="-29.7876170" lon="24.4319160">
    <ele>1123.7</ele>
   </trkpt>
   <trkpt lat="-29.7876500" lon="24.4319020">
    <ele>1123.7</ele>
   </trkpt>
   <trkpt lat="-29.7876830" lon="24.4318820">
    <ele>1123.8</ele>
   </trkpt>
   <trkpt lat="-29.7877150" lon="24.4318640">
    <ele>1123.6</ele>
   </trkpt>
   <trkpt lat="-29.7877480" lon="24.4318460">
    <ele>1123.6</ele>
   </trkpt>
   <trkpt lat="-29.7877810" lon="24.4318280">
    <ele>1123.4</ele>
   </trkpt>
   <trkpt lat="-29.7878150" lon="24.4318090">
    <ele>1123.3</ele>
   </trkpt>
   <trkpt lat="-29.7878480" lon="24.4317930">
    <ele>1123.3</ele>
   </trkpt>
   <trkpt lat="-29.7878770" lon="24.4317800">
    <ele>1123.1</ele>
   </trkpt>
   <trkpt lat="-29.7879070" lon="24.4317630">
    <ele>1123.0</ele>
   </trkpt>
   <trkpt lat="-29.7879390" lon="24.4317540">
    <ele>1123.0</ele>
   </trkpt>
   <trkpt lat="-29.7879720" lon="24.4317420">
    <ele>1122.8</ele>
   </trkpt>
   <trkpt lat="-29.7880030" lon="24.4317240">
    <ele>1122.9</ele>
   </trkpt>
   <trkpt lat="-29.7880350" lon="24.4317070">
    <ele>1123.1</ele>
   </trkpt>
   <trkpt lat="-29.7880670" lon="24.4316910">
    <ele>1122.8</ele>
   </trkpt>
   <trkpt lat="-29.7881010" lon="24.4316760">
    <ele>1123.0</ele>
   </trkpt>
   <trkpt lat="-29.7881320" lon="24.4316600">
    <ele>1122.6</ele>
   </trkpt>
   <trkpt lat="-29.7881620" lon="24.4316400">
    <ele>1122.4</ele>
   </trkpt>
   <trkpt lat="-29.7881950" lon="24.4316230">
    <ele>1122.2</ele>
   </trkpt>
   <trkpt lat="-29.7882290" lon="24.4316080">
    <ele>1121.2</ele>
   </trkpt>
   <trkpt lat="-29.7882610" lon="24.4315910">
    <ele>1120.9</ele>
   </trkpt>
   <trkpt lat="-29.7882940" lon="24.4315740">
    <ele>1120.2</ele>
   </trkpt>
   <trkpt lat="-29.7883270" lon="24.4315580">
    <ele>1120.2</ele>
   </trkpt>
   <trkpt lat="-29.7883610" lon="24.4315400">
    <ele>1120.1</ele>
   </trkpt>
   <trkpt lat="-29.7883920" lon="24.4315290">
    <ele>1119.4</ele>
   </trkpt>
   <trkpt lat="-29.7884240" lon="24.4315150">
    <ele>1119.2</ele>
   </trkpt>
   <trkpt lat="-29.7884570" lon="24.4315030">
    <ele>1119.1</ele>
   </trkpt>
   <trkpt lat="-29.7884910" lon="24.4314920">
    <ele>1119.2</ele>
   </trkpt>
   <trkpt lat="-29.7885250" lon="24.4314830">
    <ele>1118.5</ele>
   </trkpt>
   <trkpt lat="-29.7885620" lon="24.4314750">
    <ele>1118.6</ele>
   </trkpt>
   <trkpt lat="-29.7885930" lon="24.4314670">
    <ele>1118.6</ele>
   </trkpt>
   <trkpt lat="-29.7886250" lon="24.4314620">
    <ele>1118.6</ele>
   </trkpt>
   <trkpt lat="-29.7886610" lon="24.4314550">
    <ele>1118.5</ele>
   </trkpt>
   <trkpt lat="-29.7886970" lon="24.4314510">
    <ele>1118.4</ele>
   </trkpt>
   <trkpt lat="-29.7887310" lon="24.4314490">
    <ele>1118.5</ele>
   </trkpt>
   <trkpt lat="-29.7887680" lon="24.4314440">
    <ele>1118.1</ele>
   </trkpt>
   <trkpt lat="-29.7888060" lon="24.4314400">
    <ele>1118.6</ele>
   </trkpt>
   <trkpt lat="-29.7888420" lon="24.4314340">
    <ele>1119.3</ele>
   </trkpt>
   <trkpt lat="-29.7888800" lon="24.4314280">
    <ele>1120.1</ele>
   </trkpt>
   <trkpt lat="-29.7889160" lon="24.4314240">
    <ele>1121.0</ele>
   </trkpt>
   <trkpt lat="-29.7889540" lon="24.4314190">
    <ele>1122.0</ele>
   </trkpt>
   <trkpt lat="-29.7889910" lon="24.4314130">
    <ele>1123.0</ele>
   </trkpt>
   <trkpt lat="-29.7890250" lon="24.4314060">
    <ele>1124.0</ele>
   </trkpt>
   <trkpt lat="-29.7890610" lon="24.4313980">
    <ele>1123.9</ele>
   </trkpt>
   <trkpt lat="-29.7890970" lon="24.4313900">
    <ele>1124.9</ele>
   </trkpt>
   <trkpt lat="-29.7891310" lon="24.4313820">
    <ele>1125.8</ele>
   </trkpt>
   <trkpt lat="-29.7891630" lon="24.4313660">
    <ele>1126.4</ele>
   </trkpt>
   <trkpt lat="-29.7891960" lon="24.4313550">
    <ele>1125.8</ele>
   </trkpt>
   <trkpt lat="-29.7892300" lon="24.4313420">
    <ele>1126.0</ele>
   </trkpt>
   <trkpt lat="-29.7892690" lon="24.4313380">
    <ele>1125.9</ele>
   </trkpt>
   <trkpt lat="-29.7893080" lon="24.4313350">
    <ele>1125.7</ele>
   </trkpt>
   <trkpt lat="-29.7893470" lon="24.4313320">
    <ele>1125.3</ele>
   </trkpt>
   <trkpt lat="-29.7893830" lon="24.4313300">
    <ele>1125.0</ele>
   </trkpt>
   <trkpt lat="-29.7894200" lon="24.4313330">
    <ele>1124.6</ele>
   </trkpt>
   <trkpt lat="-29.7894550" lon="24.4313360">
    <ele>1124.3</ele>
   </trkpt>
   <trkpt lat="-29.7894930" lon="24.4313380">
    <ele>1124.0</ele>
   </trkpt>
   <trkpt lat="-29.7895300" lon="24.4313440">
    <ele>1123.8</ele>
   </trkpt>
   <trkpt lat="-29.7895680" lon="24.4313520">
    <ele>1123.6</ele>
   </trkpt>
   <trkpt lat="-29.7896050" lon="24.4313600">
    <ele>1123.3</ele>
   </trkpt>
   <trkpt lat="-29.7896440" lon="24.4313700">
    <ele>1123.6</ele>
   </trkpt>
   <trkpt lat="-29.7896820" lon="24.4313790">
    <ele>1123.2</ele>
   </trkpt>
   <trkpt lat="-29.7897210" lon="24.4313900">
    <ele>1122.7</ele>
   </trkpt>
   <trkpt lat="-29.7897590" lon="24.4314050">
    <ele>1122.1</ele>
   </trkpt>
   <trkpt lat="-29.7897970" lon="24.4314240">
    <ele>1121.9</ele>
   </trkpt>
   <trkpt lat="-29.7898320" lon="24.4314470">
    <ele>1121.2</ele>
   </trkpt>
   <trkpt lat="-29.7898640" lon="24.4314750">
    <ele>1120.9</ele>
   </trkpt>
   <trkpt lat="-29.7898950" lon="24.4315060">
    <ele>1120.5</ele>
   </trkpt>
   <trkpt lat="-29.7899140" lon="24.4315460">
    <ele>1120.9</ele>
   </trkpt>
   <trkpt lat="-29.7899370" lon="24.4315840">
    <ele>1120.8</ele>
   </trkpt>
   <trkpt lat="-29.7899650" lon="24.4316150">
    <ele>1120.8</ele>
   </trkpt>
   <trkpt lat="-29.7899900" lon="24.4316510">
    <ele>1121.0</ele>
   </trkpt>
   <trkpt lat="-29.7900100" lon="24.4316890">
    <ele>1121.4</ele>
   </trkpt>
   <trkpt lat="-29.7900310" lon="24.4317280">
    <ele>1122.4</ele>
   </trkpt>
   <trkpt lat="-29.7900510" lon="24.4317660">
    <ele>1122.6</ele>
   </trkpt>
   <trkpt lat="-29.7900640" lon="24.4318070">
    <ele>1123.3</ele>
   </trkpt>
   <trkpt lat="-29.7900780" lon="24.4318490">
    <ele>1123.8</ele>
   </trkpt>
   <trkpt lat="-29.7900900" lon="24.4318900">
    <ele>1123.5</ele>
   </trkpt>
   <trkpt lat="-29.7900990" lon="24.4319300">
    <ele>1123.9</ele>
   </trkpt>
   <trkpt lat="-29.7901060" lon="24.4319730">
    <ele>1124.4</ele>
   </trkpt>
   <trkpt lat="-29.7901120" lon="24.4320150">
    <ele>1125.0</ele>
   </trkpt>
   <trkpt lat="-29.7901170" lon="24.4320580">
    <ele>1124.7</ele>
   </trkpt>
   <trkpt lat="-29.7901210" lon="24.4321000">
    <ele>1125.2</ele>
   </trkpt>
   <trkpt lat="-29.7901260" lon="24.4321410">
    <ele>1125.6</ele>
   </trkpt>
   <trkpt lat="-29.7901280" lon="24.4321850">
    <ele>1125.9</ele>
   </trkpt>
   <trkpt lat="-29.7901310" lon="24.4322260">
    <ele>1126.2</ele>
   </trkpt>
   <trkpt lat="-29.7901350" lon="24.4322710">
    <ele>1126.5</ele>
   </trkpt>
   <trkpt lat="-29.7901370" lon="24.4323160">
    <ele>1127.0</ele>
   </trkpt>
   <trkpt lat="-29.7901430" lon="24.4323590">
    <ele>1127.6</ele>
   </trkpt>
   <trkpt lat="-29.7901580" lon="24.4323990">
    <ele>1127.7</ele>
   </trkpt>
   <trkpt lat="-29.7901680" lon="24.4324400">
    <ele>1128.2</ele>
   </trkpt>
   <trkpt lat="-29.7901780" lon="24.4324790">
    <ele>1128.5</ele>
   </trkpt>
   <trkpt lat="-29.7901900" lon="24.4325160">
    <ele>1128.5</ele>
   </trkpt>
   <trkpt lat="-29.7902090" lon="24.4325490">
    <ele>1128.0</ele>
   </trkpt>
   <trkpt lat="-29.7902350" lon="24.4325790">
    <ele>1127.6</ele>
   </trkpt>
   <trkpt lat="-29.7902610" lon="24.4326060">
    <ele>1127.6</ele>
   </trkpt>
   <trkpt lat="-29.7902870" lon="24.4326320">
    <ele>1127.2</ele>
   </trkpt>
   <trkpt lat="-29.7903160" lon="24.4326540">
    <ele>1127.1</ele>
   </trkpt>
   <trkpt lat="-29.7903470" lon="24.4326730">
    <ele>1126.8</ele>
   </trkpt>
   <trkpt lat="-29.7903800" lon="24.4326920">
    <ele>1126.6</ele>
   </trkpt>
   <trkpt lat="-29.7904130" lon="24.4327100">
    <ele>1126.8</ele>
   </trkpt>
   <trkpt lat="-29.7904480" lon="24.4327220">
    <ele>1126.6</ele>
   </trkpt>
   <trkpt lat="-29.7904840" lon="24.4327350">
    <ele>1126.3</ele>
   </trkpt>
   <trkpt lat="-29.7905200" lon="24.4327480">
    <ele>1126.4</ele>
   </trkpt>
   <trkpt lat="-29.7905550" lon="24.4327590">
    <ele>1126.3</ele>
   </trkpt>
   <trkpt lat="-29.7905930" lon="24.4327680">
    <ele>1126.3</ele>
   </trkpt>
   <trkpt lat="-29.7906320" lon="24.4327760">
    <ele>1126.3</ele>
   </trkpt>
   <trkpt lat="-29.7906710" lon="24.4327840">
    <ele>1126.6</ele>
   </trkpt>
   <trkpt lat="-29.7907110" lon="24.4327920">
    <ele>1126.5</ele>
   </trkpt>
   <trkpt lat="-29.7907490" lon="24.4327980">
    <ele>1126.2</ele>
   </trkpt>
   <trkpt lat="-29.7907890" lon="24.4327990">
    <ele>1125.6</ele>
   </trkpt>
   <trkpt lat="-29.7908250" lon="24.4327960">
    <ele>1125.4</ele>
   </trkpt>
   <trkpt lat="-29.7908640" lon="24.4328000">
    <ele>1125.2</ele>
   </trkpt>
   <trkpt lat="-29.7909020" lon="24.4328030">
    <ele>1125.2</ele>
   </trkpt>
   <trkpt lat="-29.7909380" lon="24.4328010">
    <ele>1125.2</ele>
   </trkpt>
   <trkpt lat="-29.7909780" lon="24.4328020">
    <ele>1125.4</ele>
   </trkpt>
   <trkpt lat="-29.7910180" lon="24.4328040">
    <ele>1125.7</ele>
   </trkpt>
   <trkpt lat="-29.7910560" lon="24.4328050">
    <ele>1125.9</ele>
   </trkpt>
   <trkpt lat="-29.7910950" lon="24.4327980">
    <ele>1126.2</ele>
   </trkpt>
   <trkpt lat="-29.7911310" lon="24.4327890">
    <ele>1126.3</ele>
   </trkpt>
   <trkpt lat="-29.7911660" lon="24.4327800">
    <ele>1126.3</ele>
   </trkpt>
   <trkpt lat="-29.7911980" lon="24.4327680">
    <ele>1125.9</ele>
   </trkpt>
   <trkpt lat="-29.7912290" lon="24.4327530">
    <ele>1125.9</ele>
   </trkpt>
   <trkpt lat="-29.7912590" lon="24.4327390">
    <ele>1126.0</ele>
   </trkpt>
   <trkpt lat="-29.7912900" lon="24.4327220">
    <ele>1126.1</ele>
   </trkpt>
   <trkpt lat="-29.7913200" lon="24.4327040">
    <ele>1126.4</ele>
   </trkpt>
   <trkpt lat="-29.7913480" lon="24.4326800">
    <ele>1126.4</ele>
   </trkpt>
   <trkpt lat="-29.7913750" lon="24.4326580">
    <ele>1126.5</ele>
   </trkpt>
   <trkpt lat="-29.7914040" lon="24.4326320">
    <ele>1126.4</ele>
   </trkpt>
   <trkpt lat="-29.7914310" lon="24.4326060">
    <ele>1126.3</ele>
   </trkpt>
   <trkpt lat="-29.7914570" lon="24.4325770">
    <ele>1126.3</ele>
   </trkpt>
   <trkpt lat="-29.7914800" lon="24.4325460">
    <ele>1126.5</ele>
   </trkpt>
   <trkpt lat="-29.7915030" lon="24.4325110">
    <ele>1126.9</ele>
   </trkpt>
   <trkpt lat="-29.7915230" lon="24.4324740">
    <ele>1126.7</ele>
   </trkpt>
   <trkpt lat="-29.7915360" lon="24.4324330">
    <ele>1127.0</ele>
   </trkpt>
   <trkpt lat="-29.7915490" lon="24.4323910">
    <ele>1126.7</ele>
   </trkpt>
   <trkpt lat="-29.7915570" lon="24.4323490">
    <ele>1126.5</ele>
   </trkpt>
   <trkpt lat="-29.7915600" lon="24.4323040">
    <ele>1126.3</ele>
   </trkpt>
   <trkpt lat="-29.7915660" lon="24.4322570">
    <ele>1126.2</ele>
   </trkpt>
   <trkpt lat="-29.7915760" lon="24.4322150">
    <ele>1127.0</ele>
   </trkpt>
   <trkpt lat="-29.7915810" lon="24.4321730">
    <ele>1127.1</ele>
   </trkpt>
   <trkpt lat="-29.7915830" lon="24.4321310">
    <ele>1127.1</ele>
   </trkpt>
   <trkpt lat="-29.7915850" lon="24.4320880">
    <ele>1127.1</ele>
   </trkpt>
   <trkpt lat="-29.7915890" lon="24.4320450">
    <ele>1127.0</ele>
   </trkpt>
   <trkpt lat="-29.7915900" lon="24.4320020">
    <ele>1127.1</ele>
   </trkpt>
   <trkpt lat="-29.7915920" lon="24.4319600">
    <ele>1127.2</ele>
   </trkpt>
   <trkpt lat="-29.7915910" lon="24.4319150">
    <ele>1127.5</ele>
   </trkpt>
   <trkpt lat="-29.7915910" lon="24.4318720">
    <ele>1127.8</ele>
   </trkpt>
   <trkpt lat="-29.7915920" lon="24.4318300">
    <ele>1128.1</ele>
   </trkpt>
   <trkpt lat="-29.7915940" lon="24.4317880">
    <ele>1128.3</ele>
   </trkpt>
   <trkpt lat="-29.7915950" lon="24.4317460">
    <ele>1128.4</ele>
   </trkpt>
   <trkpt lat="-29.7915960" lon="24.4317020">
    <ele>1128.4</ele>
   </trkpt>
   <trkpt lat="-29.7916010" lon="24.4316580">
    <ele>1128.3</ele>
   </trkpt>
   <trkpt lat="-29.7916070" lon="24.4316140">
    <ele>1129.4</ele>
   </trkpt>
   <trkpt lat="-29.7916110" lon="24.4315690">
    <ele>1129.3</ele>
   </trkpt>
   <trkpt lat="-29.7916180" lon="24.4315240">
    <ele>1129.1</ele>
   </trkpt>
   <trkpt lat="-29.7916270" lon="24.4314810">
    <ele>1128.8</ele>
   </trkpt>
   <trkpt lat="-29.7916370" lon="24.4314380">
    <ele>1128.4</ele>
   </trkpt>
   <trkpt lat="-29.7916460" lon="24.4313940">
    <ele>1129.2</ele>
   </trkpt>
   <trkpt lat="-29.7916560" lon="24.4313500">
    <ele>1128.5</ele>
   </trkpt>
   <trkpt lat="-29.7916640" lon="24.4313070">
    <ele>1127.7</ele>
   </trkpt>
   <trkpt lat="-29.7916740" lon="24.4312640">
    <ele>1127.0</ele>
   </trkpt>
   <trkpt lat="-29.7916840" lon="24.4312210">
    <ele>1127.7</ele>
   </trkpt>
   <trkpt lat="-29.7916920" lon="24.4311770">
    <ele>1127.0</ele>
   </trkpt>
   <trkpt lat="-29.7917030" lon="24.4311350">
    <ele>1126.2</ele>
   </trkpt>
   <trkpt lat="-29.7917130" lon="24.4310930">
    <ele>1125.3</ele>
   </trkpt>
   <trkpt lat="-29.7917230" lon="24.4310510">
    <ele>1125.7</ele>
   </trkpt>
   <trkpt lat="-29.7917320" lon="24.4310090">
    <ele>1124.6</ele>
   </trkpt>
   <trkpt lat="-29.7917390" lon="24.4309660">
    <ele>1123.7</ele>
   </trkpt>
   <trkpt lat="-29.7917460" lon="24.4309220">
    <ele>1122.9</ele>
   </trkpt>
   <trkpt lat="-29.7917540" lon="24.4308810">
    <ele>1122.3</ele>
   </trkpt>
   <trkpt lat="-29.7917600" lon="24.4308400">
    <ele>1123.3</ele>
   </trkpt>
   <trkpt lat="-29.7917680" lon="24.4307990">
    <ele>1122.8</ele>
   </trkpt>
   <trkpt lat="-29.7917770" lon="24.4307600">
    <ele>1122.3</ele>
   </trkpt>
   <trkpt lat="-29.7917850" lon="24.4307220">
    <ele>1122.3</ele>
   </trkpt>
   <trkpt lat="-29.7917960" lon="24.4306820">
    <ele>1123.2</ele>
   </trkpt>
   <trkpt lat="-29.7918090" lon="24.4306440">
    <ele>1122.8</ele>
   </trkpt>
   <trkpt lat="-29.7918200" lon="24.4306050">
    <ele>1122.3</ele>
   </trkpt>
   <trkpt lat="-29.7918380" lon="24.4305660">
    <ele>1123.4</ele>
   </trkpt>
   <trkpt lat="-29.7918560" lon="24.4305300">
    <ele>1122.9</ele>
   </trkpt>
   <trkpt lat="-29.7918740" lon="24.4304900">
    <ele>1124.2</ele>
   </trkpt>
   <trkpt lat="-29.7918900" lon="24.4304450">
    <ele>1123.7</ele>
   </trkpt>
   <trkpt lat="-29.7919110" lon="24.4304060">
    <ele>1125.1</ele>
   </trkpt>
   <trkpt lat="-29.7919280" lon="24.4303720">
    <ele>1124.6</ele>
   </trkpt>
   <trkpt lat="-29.7919410" lon="24.4303420">
    <ele>1124.6</ele>
   </trkpt>
   <trkpt lat="-29.7919660" lon="24.4302960">
    <ele>1126.0</ele>
   </trkpt>
   <trkpt lat="-29.7919850" lon="24.4302570">
    <ele>1127.1</ele>
   </trkpt>
   <trkpt lat="-29.7920070" lon="24.4302120">
    <ele>1126.1</ele>
   </trkpt>
   <trkpt lat="-29.7920250" lon="24.4301750">
    <ele>1126.5</ele>
   </trkpt>
   <trkpt lat="-29.7920440" lon="24.4301350">
    <ele>1125.2</ele>
   </trkpt>
   <trkpt lat="-29.7920610" lon="24.4300930">
    <ele>1125.4</ele>
   </trkpt>
   <trkpt lat="-29.7920800" lon="24.4300520">
    <ele>1124.1</ele>
   </trkpt>
   <trkpt lat="-29.7920990" lon="24.4300090">
    <ele>1124.3</ele>
   </trkpt>
   <trkpt lat="-29.7921180" lon="24.4299690">
    <ele>1123.2</ele>
   </trkpt>
   <trkpt lat="-29.7921370" lon="24.4299310">
    <ele>1123.5</ele>
   </trkpt>
   <trkpt lat="-29.7921580" lon="24.4298960">
    <ele>1122.5</ele>
   </trkpt>
   <trkpt lat="-29.7921790" lon="24.4298590">
    <ele>1122.7</ele>
   </trkpt>
   <trkpt lat="-29.7922000" lon="24.4298240">
    <ele>1122.8</ele>
   </trkpt>
   <trkpt lat="-29.7922250" lon="24.4297910">
    <ele>1122.9</ele>
   </trkpt>
   <trkpt lat="-29.7922480" lon="24.4297600">
    <ele>1122.9</ele>
   </trkpt>
   <trkpt lat="-29.7922740" lon="24.4297270">
    <ele>1121.8</ele>
   </trkpt>
   <trkpt lat="-29.7923010" lon="24.4296940">
    <ele>1122.8</ele>
   </trkpt>
   <trkpt lat="-29.7923260" lon="24.4296600">
    <ele>1122.6</ele>
   </trkpt>
   <trkpt lat="-29.7923520" lon="24.4296270">
    <ele>1122.5</ele>
   </trkpt>
   <trkpt lat="-29.7923780" lon="24.4295940">
    <ele>1121.7</ele>
   </trkpt>
   <trkpt lat="-29.7924040" lon="24.4295620">
    <ele>1122.6</ele>
   </trkpt>
   <trkpt lat="-29.7924300" lon="24.4295290">
    <ele>1122.9</ele>
   </trkpt>
   <trkpt lat="-29.7924580" lon="24.4294980">
    <ele>1122.2</ele>
   </trkpt>
   <trkpt lat="-29.7924840" lon="24.4294650">
    <ele>1122.4</ele>
   </trkpt>
   <trkpt lat="-29.7925090" lon="24.4294350">
    <ele>1123.3</ele>
   </trkpt>
   <trkpt lat="-29.7925350" lon="24.4294030">
    <ele>1122.5</ele>
   </trkpt>
   <trkpt lat="-29.7925630" lon="24.4293740">
    <ele>1122.4</ele>
   </trkpt>
   <trkpt lat="-29.7925910" lon="24.4293440">
    <ele>1122.4</ele>
   </trkpt>
   <trkpt lat="-29.7926200" lon="24.4293150">
    <ele>1123.1</ele>
   </trkpt>
   <trkpt lat="-29.7926500" lon="24.4292880">
    <ele>1123.1</ele>
   </trkpt>
   <trkpt lat="-29.7926800" lon="24.4292630">
    <ele>1123.1</ele>
   </trkpt>
   <trkpt lat="-29.7927090" lon="24.4292330">
    <ele>1122.8</ele>
   </trkpt>
   <trkpt lat="-29.7927400" lon="24.4292090">
    <ele>1122.3</ele>
   </trkpt>
   <trkpt lat="-29.7927730" lon="24.4291840">
    <ele>1122.6</ele>
   </trkpt>
   <trkpt lat="-29.7928060" lon="24.4291580">
    <ele>1121.9</ele>
   </trkpt>
   <trkpt lat="-29.7928370" lon="24.4291350">
    <ele>1122.1</ele>
   </trkpt>
   <trkpt lat="-29.7928700" lon="24.4291120">
    <ele>1121.1</ele>
   </trkpt>
   <trkpt lat="-29.7929030" lon="24.4290870">
    <ele>1120.4</ele>
   </trkpt>
   <trkpt lat="-29.7929370" lon="24.4290660">
    <ele>1120.6</ele>
   </trkpt>
   <trkpt lat="-29.7929690" lon="24.4290430">
    <ele>1120.1</ele>
   </trkpt>
   <trkpt lat="-29.7930030" lon="24.4290220">
    <ele>1120.5</ele>
   </trkpt>
   <trkpt lat="-29.7930350" lon="24.4289990">
    <ele>1120.1</ele>
   </trkpt>
   <trkpt lat="-29.7930650" lon="24.4289790">
    <ele>1120.3</ele>
   </trkpt>
   <trkpt lat="-29.7931000" lon="24.4289600">
    <ele>1120.4</ele>
   </trkpt>
   <trkpt lat="-29.7931350" lon="24.4289400">
    <ele>1119.6</ele>
   </trkpt>
   <trkpt lat="-29.7931680" lon="24.4289210">
    <ele>1119.6</ele>
   </trkpt>
   <trkpt lat="-29.7932000" lon="24.4289030">
    <ele>1118.7</ele>
   </trkpt>
   <trkpt lat="-29.7932330" lon="24.4288870">
    <ele>1118.7</ele>
   </trkpt>
   <trkpt lat="-29.7932690" lon="24.4288720">
    <ele>1117.9</ele>
   </trkpt>
   <trkpt lat="-29.7933040" lon="24.4288560">
    <ele>1118.1</ele>
   </trkpt>
   <trkpt lat="-29.7933390" lon="24.4288400">
    <ele>1118.5</ele>
   </trkpt>
   <trkpt lat="-29.7933720" lon="24.4288210">
    <ele>1117.9</ele>
   </trkpt>
   <trkpt lat="-29.7934110" lon="24.4288080">
    <ele>1118.6</ele>
   </trkpt>
   <trkpt lat="-29.7934490" lon="24.4287930">
    <ele>1119.3</ele>
   </trkpt>
   <trkpt lat="-29.7934860" lon="24.4287780">
    <ele>1118.8</ele>
   </trkpt>
   <trkpt lat="-29.7935260" lon="24.4287640">
    <ele>1119.5</ele>
   </trkpt>
   <trkpt lat="-29.7935640" lon="24.4287490">
    <ele>1120.2</ele>
   </trkpt>
   <trkpt lat="-29.7936010" lon="24.4287370">
    <ele>1119.9</ele>
   </trkpt>
   <trkpt lat="-29.7936380" lon="24.4287270">
    <ele>1120.6</ele>
   </trkpt>
   <trkpt lat="-29.7936770" lon="24.4287150">
    <ele>1121.3</ele>
   </trkpt>
   <trkpt lat="-29.7937120" lon="24.4287030">
    <ele>1121.8</ele>
   </trkpt>
   <trkpt lat="-29.7937470" lon="24.4286920">
    <ele>1121.2</ele>
   </trkpt>
   <trkpt lat="-29.7937850" lon="24.4286850">
    <ele>1121.6</ele>
   </trkpt>
   <trkpt lat="-29.7938240" lon="24.4286780">
    <ele>1121.9</ele>
   </trkpt>
   <trkpt lat="-29.7938620" lon="24.4286720">
    <ele>1122.2</ele>
   </trkpt>
   <trkpt lat="-29.7939010" lon="24.4286680">
    <ele>1122.5</ele>
   </trkpt>
   <trkpt lat="-29.7939390" lon="24.4286640">
    <ele>1122.6</ele>
   </trkpt>
   <trkpt lat="-29.7939740" lon="24.4286600">
    <ele>1122.6</ele>
   </trkpt>
   <trkpt lat="-29.7940130" lon="24.4286540">
    <ele>1121.2</ele>
   </trkpt>
   <trkpt lat="-29.7940510" lon="24.4286540">
    <ele>1121.1</ele>
   </trkpt>
   <trkpt lat="-29.7940870" lon="24.4286510">
    <ele>1121.1</ele>
   </trkpt>
   <trkpt lat="-29.7941250" lon="24.4286470">
    <ele>1121.1</ele>
   </trkpt>
   <trkpt lat="-29.7941620" lon="24.4286430">
    <ele>1121.2</ele>
   </trkpt>
   <trkpt lat="-29.7942000" lon="24.4286440">
    <ele>1121.3</ele>
   </trkpt>
   <trkpt lat="-29.7942340" lon="24.4286420">
    <ele>1121.4</ele>
   </trkpt>
   <trkpt lat="-29.7942720" lon="24.4286390">
    <ele>1121.6</ele>
   </trkpt>
   <trkpt lat="-29.7943100" lon="24.4286370">
    <ele>1121.7</ele>
   </trkpt>
   <trkpt lat="-29.7943470" lon="24.4286330">
    <ele>1121.9</ele>
   </trkpt>
   <trkpt lat="-29.7943840" lon="24.4286300">
    <ele>1122.1</ele>
   </trkpt>
   <trkpt lat="-29.7944220" lon="24.4286300">
    <ele>1122.4</ele>
   </trkpt>
   <trkpt lat="-29.7944610" lon="24.4286280">
    <ele>1122.7</ele>
   </trkpt>
   <trkpt lat="-29.7944990" lon="24.4286250">
    <ele>1123.2</ele>
   </trkpt>
   <trkpt lat="-29.7945360" lon="24.4286230">
    <ele>1123.7</ele>
   </trkpt>
   <trkpt lat="-29.7945760" lon="24.4286220">
    <ele>1124.3</ele>
   </trkpt>
   <trkpt lat="-29.7946130" lon="24.4286190">
    <ele>1125.0</ele>
   </trkpt>
   <trkpt lat="-29.7946540" lon="24.4286190">
    <ele>1125.6</ele>
   </trkpt>
   <trkpt lat="-29.7946930" lon="24.4286160">
    <ele>1126.2</ele>
   </trkpt>
   <trkpt lat="-29.7947340" lon="24.4286100">
    <ele>1124.6</ele>
   </trkpt>
   <trkpt lat="-29.7947740" lon="24.4286050">
    <ele>1125.0</ele>
   </trkpt>
   <trkpt lat="-29.7948140" lon="24.4286000">
    <ele>1125.2</ele>
   </trkpt>
   <trkpt lat="-29.7948540" lon="24.4285960">
    <ele>1125.4</ele>
   </trkpt>
   <trkpt lat="-29.7948930" lon="24.4285870">
    <ele>1125.8</ele>
   </trkpt>
   <trkpt lat="-29.7949320" lon="24.4285780">
    <ele>1126.1</ele>
   </trkpt>
   <trkpt lat="-29.7949700" lon="24.4285710">
    <ele>1124.3</ele>
   </trkpt>
   <trkpt lat="-29.7950100" lon="24.4285640">
    <ele>1124.6</ele>
   </trkpt>
   <trkpt lat="-29.7950480" lon="24.4285550">
    <ele>1124.9</ele>
   </trkpt>
   <trkpt lat="-29.7950850" lon="24.4285490">
    <ele>1125.1</ele>
   </trkpt>
   <trkpt lat="-29.7951220" lon="24.4285410">
    <ele>1125.4</ele>
   </trkpt>
   <trkpt lat="-29.7951580" lon="24.4285330">
    <ele>1125.6</ele>
   </trkpt>
   <trkpt lat="-29.7951960" lon="24.4285240">
    <ele>1123.8</ele>
   </trkpt>
   <trkpt lat="-29.7952330" lon="24.4285170">
    <ele>1124.1</ele>
   </trkpt>
   <trkpt lat="-29.7952730" lon="24.4285120">
    <ele>1124.3</ele>
   </trkpt>
   <trkpt lat="-29.7953120" lon="24.4285040">
    <ele>1124.6</ele>
   </trkpt>
   <trkpt lat="-29.7953510" lon="24.4284960">
    <ele>1124.7</ele>
   </trkpt>
   <trkpt lat="-29.7953890" lon="24.4284880">
    <ele>1124.7</ele>
   </trkpt>
   <trkpt lat="-29.7954300" lon="24.4284820">
    <ele>1122.7</ele>
   </trkpt>
   <trkpt lat="-29.7954670" lon="24.4284770">
    <ele>1122.4</ele>
   </trkpt>
   <trkpt lat="-29.7955080" lon="24.4284710">
    <ele>1122.0</ele>
   </trkpt>
   <trkpt lat="-29.7955480" lon="24.4284700">
    <ele>1121.4</ele>
   </trkpt>
   <trkpt lat="-29.7955880" lon="24.4284720">
    <ele>1120.7</ele>
   </trkpt>
   <trkpt lat="-29.7956290" lon="24.4284760">
    <ele>1119.4</ele>
   </trkpt>
   <trkpt lat="-29.7956710" lon="24.4284860">
    <ele>1118.7</ele>
   </trkpt>
   <trkpt lat="-29.7957090" lon="24.4285000">
    <ele>1119.8</ele>
   </trkpt>
   <trkpt lat="-29.7957460" lon="24.4285200">
    <ele>1118.9</ele>
   </trkpt>
   <trkpt lat="-29.7957810" lon="24.4285400">
    <ele>1119.8</ele>
   </trkpt>
   <trkpt lat="-29.7958160" lon="24.4285610">
    <ele>1118.8</ele>
   </trkpt>
   <trkpt lat="-29.7958490" lon="24.4285830">
    <ele>1120.7</ele>
   </trkpt>
   <trkpt lat="-29.7958830" lon="24.4286070">
    <ele>1119.6</ele>
   </trkpt>
   <trkpt lat="-29.7959140" lon="24.4286340">
    <ele>1120.2</ele>
   </trkpt>
   <trkpt lat="-29.7959460" lon="24.4286640">
    <ele>1120.4</ele>
   </trkpt>
   <trkpt lat="-29.7959760" lon="24.4286960">
    <ele>1118.9</ele>
   </trkpt>
   <trkpt lat="-29.7960050" lon="24.4287290">
    <ele>1118.7</ele>
   </trkpt>
   <trkpt lat="-29.7960330" lon="24.4287640">
    <ele>1119.9</ele>
   </trkpt>
   <trkpt lat="-29.7960570" lon="24.4287990">
    <ele>1119.6</ele>
   </trkpt>
   <trkpt lat="-29.7960800" lon="24.4288330">
    <ele>1119.4</ele>
   </trkpt>
   <trkpt lat="-29.7961040" lon="24.4288670">
    <ele>1119.4</ele>
   </trkpt>
   <trkpt lat="-29.7961280" lon="24.4288970">
    <ele>1119.5</ele>
   </trkpt>
   <trkpt lat="-29.7961560" lon="24.4289290">
    <ele>1120.0</ele>
   </trkpt>
   <trkpt lat="-29.7961810" lon="24.4289650">
    <ele>1121.5</ele>
   </trkpt>
   <trkpt lat="-29.7962060" lon="24.4289980">
    <ele>1120.8</ele>
   </trkpt>
   <trkpt lat="-29.7962350" lon="24.4290310">
    <ele>1122.1</ele>
   </trkpt>
   <trkpt lat="-29.7962650" lon="24.4290620">
    <ele>1123.6</ele>
   </trkpt>
   <trkpt lat="-29.7962980" lon="24.4290860">
    <ele>1123.6</ele>
   </trkpt>
   <trkpt lat="-29.7963330" lon="24.4291020">
    <ele>1125.2</ele>
   </trkpt>
   <trkpt lat="-29.7963690" lon="24.4291150">
    <ele>1124.9</ele>
   </trkpt>
   <trkpt lat="-29.7964080" lon="24.4291240">
    <ele>1124.4</ele>
   </trkpt>
   <trkpt lat="-29.7964470" lon="24.4291260">
    <ele>1123.8</ele>
   </trkpt>
   <trkpt lat="-29.7964870" lon="24.4291260">
    <ele>1122.3</ele>
   </trkpt>
   <trkpt lat="-29.7965260" lon="24.4291270">
    <ele>1121.6</ele>
   </trkpt>
   <trkpt lat="-29.7965670" lon="24.4291260">
    <ele>1121.0</ele>
   </trkpt>
   <trkpt lat="-29.7966080" lon="24.4291270">
    <ele>1120.6</ele>
   </trkpt>
   <trkpt lat="-29.7966500" lon="24.4291300">
    <ele>1120.4</ele>
   </trkpt>
   <trkpt lat="-29.7966920" lon="24.4291350">
    <ele>1121.9</ele>
   </trkpt>
   <trkpt lat="-29.7967340" lon="24.4291370">
    <ele>1122.0</ele>
   </trkpt>
   <trkpt lat="-29.7967760" lon="24.4291400">
    <ele>1122.1</ele>
   </trkpt>
   <trkpt lat="-29.7968160" lon="24.4291490">
    <ele>1122.2</ele>
   </trkpt>
   <trkpt lat="-29.7968550" lon="24.4291580">
    <ele>1122.1</ele>
   </trkpt>
   <trkpt lat="-29.7968950" lon="24.4291700">
    <ele>1121.8</ele>
   </trkpt>
   <trkpt lat="-29.7969340" lon="24.4291820">
    <ele>1122.9</ele>
   </trkpt>
   <trkpt lat="-29.7969400" lon="24.4291840">
    <ele>1122.9</ele>
   </trkpt>
   <trkpt lat="-29.7969680" lon="24.4291940">
    <ele>1122.9</ele>
   </trkpt>
   <trkpt lat="-29.7970210" lon="24.4292210">
    <ele>1123.7</ele>
   </trkpt>
   <trkpt lat="-29.7970520" lon="24.4292370">
    <ele>1123.4</ele>
   </trkpt>
   <trkpt lat="-29.7970880" lon="24.4292570">
    <ele>1123.0</ele>
   </trkpt>
   <trkpt lat="-29.7971230" lon="24.4292830">
    <ele>1123.7</ele>
   </trkpt>
   <trkpt lat="-29.7971640" lon="24.4293130">
    <ele>1124.3</ele>
   </trkpt>
   <trkpt lat="-29.7971930" lon="24.4293410">
    <ele>1123.6</ele>
   </trkpt>
   <trkpt lat="-29.7972220" lon="24.4293750">
    <ele>1124.6</ele>
   </trkpt>
   <trkpt lat="-29.7972500" lon="24.4294050">
    <ele>1124.5</ele>
   </trkpt>
   <trkpt lat="-29.7972700" lon="24.4294430">
    <ele>1124.2</ele>
   </trkpt>
   <trkpt lat="-29.7972910" lon="24.4294770">
    <ele>1124.8</ele>
   </trkpt>
   <trkpt lat="-29.7973110" lon="24.4295140">
    <ele>1123.8</ele>
   </trkpt>
   <trkpt lat="-29.7973270" lon="24.4295390">
    <ele>1124.6</ele>
   </trkpt>
   <trkpt lat="-29.7973450" lon="24.4295720">
    <ele>1124.4</ele>
   </trkpt>
   <trkpt lat="-29.7973520" lon="24.4295830">
    <ele>1124.4</ele>
   </trkpt>
   <trkpt lat="-29.7973690" lon="24.4296110">
    <ele>1124.9</ele>
   </trkpt>
   <trkpt lat="-29.7973860" lon="24.4296390">
    <ele>1124.3</ele>
   </trkpt>
   <trkpt lat="-29.7974010" lon="24.4296690">
    <ele>1124.8</ele>
   </trkpt>
   <trkpt lat="-29.7974220" lon="24.4296940">
    <ele>1125.0</ele>
   </trkpt>
   <trkpt lat="-29.7974420" lon="24.4297290">
    <ele>1125.0</ele>
   </trkpt>
   <trkpt lat="-29.7974540" lon="24.4297500">
    <ele>1125.3</ele>
   </trkpt>
   <trkpt lat="-29.7974710" lon="24.4297770">
    <ele>1125.7</ele>
   </trkpt>
   <trkpt lat="-29.7974930" lon="24.4298120">
    <ele>1125.4</ele>
   </trkpt>
   <trkpt lat="-29.7975150" lon="24.4298520">
    <ele>1125.7</ele>
   </trkpt>
   <trkpt lat="-29.7975350" lon="24.4298900">
    <ele>1125.5</ele>
   </trkpt>
   <trkpt lat="-29.7975600" lon="24.4299220">
    <ele>1125.7</ele>
   </trkpt>
   <trkpt lat="-29.7975820" lon="24.4299540">
    <ele>1125.6</ele>
   </trkpt>
   <trkpt lat="-29.7976010" lon="24.4299910">
    <ele>1125.8</ele>
   </trkpt>
   <trkpt lat="-29.7976220" lon="24.4300250">
    <ele>1125.3</ele>
   </trkpt>
   <trkpt lat="-29.7976470" lon="24.4300600">
    <ele>1125.0</ele>
   </trkpt>
   <trkpt lat="-29.7976740" lon="24.4300950">
    <ele>1125.0</ele>
   </trkpt>
   <trkpt lat="-29.7976940" lon="24.4301260">
    <ele>1124.7</ele>
   </trkpt>
   <trkpt lat="-29.7977190" lon="24.4301610">
    <ele>1124.4</ele>
   </trkpt>
   <trkpt lat="-29.7977430" lon="24.4302020">
    <ele>1124.4</ele>
   </trkpt>
   <trkpt lat="-29.7977510" lon="24.4302440">
    <ele>1124.3</ele>
   </trkpt>
   <trkpt lat="-29.7977680" lon="24.4302850">
    <ele>1123.5</ele>
   </trkpt>
   <trkpt lat="-29.7977810" lon="24.4303250">
    <ele>1123.0</ele>
   </trkpt>
   <trkpt lat="-29.7977830" lon="24.4303630">
    <ele>1122.4</ele>
   </trkpt>
   <trkpt lat="-29.7977840" lon="24.4303860">
    <ele>1121.8</ele>
   </trkpt>
   <trkpt lat="-29.7977840" lon="24.4304260">
    <ele>1121.3</ele>
   </trkpt>
   <trkpt lat="-29.7977820" lon="24.4304430">
    <ele>1121.3</ele>
   </trkpt>
   <trkpt lat="-29.7977730" lon="24.4304970">
    <ele>1120.8</ele>
   </trkpt>
   <trkpt lat="-29.7977660" lon="24.4305260">
    <ele>1120.4</ele>
   </trkpt>
   <trkpt lat="-29.7977560" lon="24.4305670">
    <ele>1120.0</ele>
   </trkpt>
   <trkpt lat="-29.7977430" lon="24.4306050">
    <ele>1119.9</ele>
   </trkpt>
   <trkpt lat="-29.7977250" lon="24.4306590">
    <ele>1119.3</ele>
   </trkpt>
   <trkpt lat="-29.7977040" lon="24.4307120">
    <ele>1119.4</ele>
   </trkpt>
   <trkpt lat="-29.7976820" lon="24.4307620">
    <ele>1118.3</ele>
   </trkpt>
   <trkpt lat="-29.7976570" lon="24.4308110">
    <ele>1118.6</ele>
   </trkpt>
   <trkpt lat="-29.7976320" lon="24.4308510">
    <ele>1118.8</ele>
   </trkpt>
   <trkpt lat="-29.7976070" lon="24.4308890">
    <ele>1118.8</ele>
   </trkpt>
   <trkpt lat="-29.7975820" lon="24.4309230">
    <ele>1119.2</ele>
   </trkpt>
   <trkpt lat="-29.7975560" lon="24.4309540">
    <ele>1119.4</ele>
   </trkpt>
   <trkpt lat="-29.7975240" lon="24.4309800">
    <ele>1119.5</ele>
   </trkpt>
   <trkpt lat="-29.7974900" lon="24.4310030">
    <ele>1120.0</ele>
   </trkpt>
   <trkpt lat="-29.7974620" lon="24.4310290">
    <ele>1119.5</ele>
   </trkpt>
   <trkpt lat="-29.7974360" lon="24.4310590">
    <ele>1119.9</ele>
   </trkpt>
   <trkpt lat="-29.7974090" lon="24.4310840">
    <ele>1119.9</ele>
   </trkpt>
   <trkpt lat="-29.7973790" lon="24.4311110">
    <ele>1119.5</ele>
   </trkpt>
   <trkpt lat="-29.7973540" lon="24.4311440">
    <ele>1120.0</ele>
   </trkpt>
   <trkpt lat="-29.7973280" lon="24.4311720">
    <ele>1120.3</ele>
   </trkpt>
   <trkpt lat="-29.7973000" lon="24.4312060">
    <ele>1120.8</ele>
   </trkpt>
   <trkpt lat="-29.7972810" lon="24.4312460">
    <ele>1120.5</ele>
   </trkpt>
   <trkpt lat="-29.7972610" lon="24.4312830">
    <ele>1121.2</ele>
   </trkpt>
   <trkpt lat="-29.7972400" lon="24.4313220">
    <ele>1120.8</ele>
   </trkpt>
   <trkpt lat="-29.7972230" lon="24.4313670">
    <ele>1121.3</ele>
   </trkpt>
   <trkpt lat="-29.7972150" lon="24.4314010">
    <ele>1121.3</ele>
   </trkpt>
   <trkpt lat="-29.7972120" lon="24.4314160">
    <ele>1120.8</ele>
   </trkpt>
   <trkpt lat="-29.7971990" lon="24.4314580">
    <ele>1120.4</ele>
   </trkpt>
   <trkpt lat="-29.7971770" lon="24.4315310">
    <ele>1121.3</ele>
   </trkpt>
   <trkpt lat="-29.7971630" lon="24.4315660">
    <ele>1121.2</ele>
   </trkpt>
   <trkpt lat="-29.7971490" lon="24.4316070">
    <ele>1122.3</ele>
   </trkpt>
   <trkpt lat="-29.7971330" lon="24.4316520">
    <ele>1122.0</ele>
   </trkpt>
   <trkpt lat="-29.7971200" lon="24.4316950">
    <ele>1121.7</ele>
   </trkpt>
   <trkpt lat="-29.7971020" lon="24.4317400">
    <ele>1122.7</ele>
   </trkpt>
   <trkpt lat="-29.7970880" lon="24.4317730">
    <ele>1122.4</ele>
   </trkpt>
   <trkpt lat="-29.7970820" lon="24.4317900">
    <ele>1122.4</ele>
   </trkpt>
   <trkpt lat="-29.7970690" lon="24.4318350">
    <ele>1123.3</ele>
   </trkpt>
   <trkpt lat="-29.7970630" lon="24.4318530">
    <ele>1123.4</ele>
   </trkpt>
   <trkpt lat="-29.7970400" lon="24.4319320">
    <ele>1123.8</ele>
   </trkpt>
   <trkpt lat="-29.7970210" lon="24.4319920">
    <ele>1123.3</ele>
   </trkpt>
   <trkpt lat="-29.7970080" lon="24.4320320">
    <ele>1122.8</ele>
   </trkpt>
   <trkpt lat="-29.7969960" lon="24.4320720">
    <ele>1123.3</ele>
   </trkpt>
   <trkpt lat="-29.7969840" lon="24.4321120">
    <ele>1122.8</ele>
   </trkpt>
   <trkpt lat="-29.7969710" lon="24.4321550">
    <ele>1122.4</ele>
   </trkpt>
   <trkpt lat="-29.7969580" lon="24.4321980">
    <ele>1122.8</ele>
   </trkpt>
   <trkpt lat="-29.7969440" lon="24.4322400">
    <ele>1122.3</ele>
   </trkpt>
   <trkpt lat="-29.7969300" lon="24.4322820">
    <ele>1122.8</ele>
   </trkpt>
   <trkpt lat="-29.7969150" lon="24.4323240">
    <ele>1122.4</ele>
   </trkpt>
   <trkpt lat="-29.7968980" lon="24.4323660">
    <ele>1122.1</ele>
   </trkpt>
   <trkpt lat="-29.7968820" lon="24.4324070">
    <ele>1123.0</ele>
   </trkpt>
   <trkpt lat="-29.7968630" lon="24.4324470">
    <ele>1122.4</ele>
   </trkpt>
   <trkpt lat="-29.7968430" lon="24.4324870">
    <ele>1122.9</ele>
   </trkpt>
   <trkpt lat="-29.7968230" lon="24.4325260">
    <ele>1122.0</ele>
   </trkpt>
   <trkpt lat="-29.7968000" lon="24.4325620">
    <ele>1123.3</ele>
   </trkpt>
   <trkpt lat="-29.7967770" lon="24.4325980">
    <ele>1123.5</ele>
   </trkpt>
   <trkpt lat="-29.7967540" lon="24.4326330">
    <ele>1122.5</ele>
   </trkpt>
   <trkpt lat="-29.7967290" lon="24.4326680">
    <ele>1122.7</ele>
   </trkpt>
   <trkpt lat="-29.7966870" lon="24.4327090">
    <ele>1123.0</ele>
   </trkpt>
   <trkpt lat="-29.7966610" lon="24.4327410">
    <ele>1123.3</ele>
   </trkpt>
   <trkpt lat="-29.7966350" lon="24.4327710">
    <ele>1123.3</ele>
   </trkpt>
   <trkpt lat="-29.7966050" lon="24.4328020">
    <ele>1123.4</ele>
   </trkpt>
   <trkpt lat="-29.7965790" lon="24.4328350">
    <ele>1123.1</ele>
   </trkpt>
   <trkpt lat="-29.7965560" lon="24.4328670">
    <ele>1122.3</ele>
   </trkpt>
   <trkpt lat="-29.7965330" lon="24.4328970">
    <ele>1122.3</ele>
   </trkpt>
   <trkpt lat="-29.7965150" lon="24.4329280">
    <ele>1121.5</ele>
   </trkpt>
   <trkpt lat="-29.7964990" lon="24.4329650">
    <ele>1120.3</ele>
   </trkpt>
   <trkpt lat="-29.7964770" lon="24.4329960">
    <ele>1120.4</ele>
   </trkpt>
   <trkpt lat="-29.7964500" lon="24.4330270">
    <ele>1120.4</ele>
   </trkpt>
   <trkpt lat="-29.7964290" lon="24.4330640">
    <ele>1120.8</ele>
   </trkpt>
   <trkpt lat="-29.7964060" lon="24.4331000">
    <ele>1121.3</ele>
   </trkpt>
   <trkpt lat="-29.7963840" lon="24.4331400">
    <ele>1121.0</ele>
   </trkpt>
   <trkpt lat="-29.7963640" lon="24.4331830">
    <ele>1121.6</ele>
   </trkpt>
   <trkpt lat="-29.7963410" lon="24.4332270">
    <ele>1121.6</ele>
   </trkpt>
   <trkpt lat="-29.7963190" lon="24.4332650">
    <ele>1122.5</ele>
   </trkpt>
   <trkpt lat="-29.7963030" lon="24.4333070">
    <ele>1122.6</ele>
   </trkpt>
   <trkpt lat="-29.7962840" lon="24.4333450">
    <ele>1123.3</ele>
   </trkpt>
   <trkpt lat="-29.7962670" lon="24.4333820">
    <ele>1123.0</ele>
   </trkpt>
   <trkpt lat="-29.7962530" lon="24.4334240">
    <ele>1123.4</ele>
   </trkpt>
   <trkpt lat="-29.7962340" lon="24.4334680">
    <ele>1123.1</ele>
   </trkpt>
   <trkpt lat="-29.7962180" lon="24.4335110">
    <ele>1123.7</ele>
   </trkpt>
   <trkpt lat="-29.7962010" lon="24.4335590">
    <ele>1123.5</ele>
   </trkpt>
   <trkpt lat="-29.7961860" lon="24.4335950">
    <ele>1123.9</ele>
   </trkpt>
   <trkpt lat="-29.7961680" lon="24.4336390">
    <ele>1123.5</ele>
   </trkpt>
   <trkpt lat="-29.7961530" lon="24.4336780">
    <ele>1123.5</ele>
   </trkpt>
   <trkpt lat="-29.7961380" lon="24.4337180">
    <ele>1123.8</ele>
   </trkpt>
   <trkpt lat="-29.7961190" lon="24.4337550">
    <ele>1123.3</ele>
   </trkpt>
   <trkpt lat="-29.7960970" lon="24.4337880">
    <ele>1123.5</ele>
   </trkpt>
   <trkpt lat="-29.7960850" lon="24.4338300">
    <ele>1123.0</ele>
   </trkpt>
   <trkpt lat="-29.7960700" lon="24.4338680">
    <ele>1123.3</ele>
   </trkpt>
   <trkpt lat="-29.7960570" lon="24.4339050">
    <ele>1122.9</ele>
   </trkpt>
   <trkpt lat="-29.7960390" lon="24.4339400">
    <ele>1122.7</ele>
   </trkpt>
   <trkpt lat="-29.7960190" lon="24.4339790">
    <ele>1123.7</ele>
   </trkpt>
   <trkpt lat="-29.7960080" lon="24.4340200">
    <ele>1123.7</ele>
   </trkpt>
   <trkpt lat="-29.7959950" lon="24.4340580">
    <ele>1124.9</ele>
   </trkpt>
   <trkpt lat="-29.7959790" lon="24.4341020">
    <ele>1125.1</ele>
   </trkpt>
   <trkpt lat="-29.7959600" lon="24.4341440">
    <ele>1126.4</ele>
   </trkpt>
   <trkpt lat="-29.7959440" lon="24.4341870">
    <ele>1126.5</ele>
   </trkpt>
   <trkpt lat="-29.7959260" lon="24.4342250">
    <ele>1127.7</ele>
   </trkpt>
   <trkpt lat="-29.7959080" lon="24.4342680">
    <ele>1127.8</ele>
   </trkpt>
   <trkpt lat="-29.7958910" lon="24.4343070">
    <ele>1127.8</ele>
   </trkpt>
   <trkpt lat="-29.7958730" lon="24.4343450">
    <ele>1128.7</ele>
   </trkpt>
   <trkpt lat="-29.7958540" lon="24.4343870">
    <ele>1128.3</ele>
   </trkpt>
   <trkpt lat="-29.7958300" lon="24.4344210">
    <ele>1128.6</ele>
   </trkpt>
   <trkpt lat="-29.7958100" lon="24.4344570">
    <ele>1128.7</ele>
   </trkpt>
   <trkpt lat="-29.7957780" lon="24.4344950">
    <ele>1128.1</ele>
   </trkpt>
   <trkpt lat="-29.7957540" lon="24.4345280">
    <ele>1128.9</ele>
   </trkpt>
   <trkpt lat="-29.7957270" lon="24.4345600">
    <ele>1129.4</ele>
   </trkpt>
   <trkpt lat="-29.7957000" lon="24.4345920">
    <ele>1130.0</ele>
   </trkpt>
   <trkpt lat="-29.7956720" lon="24.4346200">
    <ele>1130.0</ele>
   </trkpt>
   <trkpt lat="-29.7956470" lon="24.4346510">
    <ele>1130.6</ele>
   </trkpt>
   <trkpt lat="-29.7956230" lon="24.4346870">
    <ele>1131.0</ele>
   </trkpt>
   <trkpt lat="-29.7955910" lon="24.4347180">
    <ele>1131.2</ele>
   </trkpt>
   <trkpt lat="-29.7955640" lon="24.4347510">
    <ele>1131.2</ele>
   </trkpt>
   <trkpt lat="-29.7955400" lon="24.4347800">
    <ele>1131.1</ele>
   </trkpt>
   <trkpt lat="-29.7955200" lon="24.4348190">
    <ele>1130.5</ele>
   </trkpt>
   <trkpt lat="-29.7954930" lon="24.4348560">
    <ele>1130.1</ele>
   </trkpt>
   <trkpt lat="-29.7954720" lon="24.4348950">
    <ele>1129.9</ele>
   </trkpt>
   <trkpt lat="-29.7954540" lon="24.4349370">
    <ele>1129.6</ele>
   </trkpt>
   <trkpt lat="-29.7954400" lon="24.4349760">
    <ele>1129.9</ele>
   </trkpt>
   <trkpt lat="-29.7954280" lon="24.4350200">
    <ele>1129.6</ele>
   </trkpt>
   <trkpt lat="-29.7954140" lon="24.4350640">
    <ele>1129.3</ele>
   </trkpt>
   <trkpt lat="-29.7954070" lon="24.4351070">
    <ele>1128.8</ele>
   </trkpt>
   <trkpt lat="-29.7953970" lon="24.4351480">
    <ele>1128.9</ele>
   </trkpt>
   <trkpt lat="-29.7953900" lon="24.4351880">
    <ele>1128.2</ele>
   </trkpt>
   <trkpt lat="-29.7953820" lon="24.4352370">
    <ele>1127.6</ele>
   </trkpt>
   <trkpt lat="-29.7953690" lon="24.4352820">
    <ele>1126.9</ele>
   </trkpt>
   <trkpt lat="-29.7953550" lon="24.4353250">
    <ele>1126.5</ele>
   </trkpt>
   <trkpt lat="-29.7953420" lon="24.4353640">
    <ele>1125.8</ele>
   </trkpt>
   <trkpt lat="-29.7953310" lon="24.4354100">
    <ele>1125.4</ele>
   </trkpt>
   <trkpt lat="-29.7953170" lon="24.4354590">
    <ele>1125.5</ele>
   </trkpt>
   <trkpt lat="-29.7953050" lon="24.4355060">
    <ele>1125.4</ele>
   </trkpt>
   <trkpt lat="-29.7952910" lon="24.4355510">
    <ele>1125.7</ele>
   </trkpt>
   <trkpt lat="-29.7952770" lon="24.4355980">
    <ele>1125.3</ele>
   </trkpt>
   <trkpt lat="-29.7952690" lon="24.4356430">
    <ele>1124.8</ele>
   </trkpt>
   <trkpt lat="-29.7952550" lon="24.4356840">
    <ele>1124.9</ele>
   </trkpt>
   <trkpt lat="-29.7952410" lon="24.4357250">
    <ele>1124.4</ele>
   </trkpt>
   <trkpt lat="-29.7952280" lon="24.4357640">
    <ele>1124.0</ele>
   </trkpt>
   <trkpt lat="-29.7952120" lon="24.4358000">
    <ele>1124.3</ele>
   </trkpt>
   <trkpt lat="-29.7951980" lon="24.4358430">
    <ele>1123.8</ele>
   </trkpt>
   <trkpt lat="-29.7951830" lon="24.4358810">
    <ele>1123.4</ele>
   </trkpt>
   <trkpt lat="-29.7951730" lon="24.4359230">
    <ele>1123.7</ele>
   </trkpt>
   <trkpt lat="-29.7951610" lon="24.4359600">
    <ele>1123.4</ele>
   </trkpt>
   <trkpt lat="-29.7951500" lon="24.4360050">
    <ele>1123.2</ele>
   </trkpt>
   <trkpt lat="-29.7951370" lon="24.4360450">
    <ele>1123.6</ele>
   </trkpt>
   <trkpt lat="-29.7951260" lon="24.4360860">
    <ele>1123.7</ele>
   </trkpt>
   <trkpt lat="-29.7951120" lon="24.4361270">
    <ele>1124.0</ele>
   </trkpt>
   <trkpt lat="-29.7950950" lon="24.4361680">
    <ele>1124.6</ele>
   </trkpt>
   <trkpt lat="-29.7950790" lon="24.4362080">
    <ele>1124.9</ele>
   </trkpt>
   <trkpt lat="-29.7950570" lon="24.4362470">
    <ele>1125.6</ele>
   </trkpt>
   <trkpt lat="-29.7950340" lon="24.4362870">
    <ele>1125.7</ele>
   </trkpt>
   <trkpt lat="-29.7950080" lon="24.4363230">
    <ele>1125.9</ele>
   </trkpt>
   <trkpt lat="-29.7949840" lon="24.4363570">
    <ele>1126.0</ele>
   </trkpt>
   <trkpt lat="-29.7949560" lon="24.4363910">
    <ele>1126.2</ele>
   </trkpt>
   <trkpt lat="-29.7949260" lon="24.4364230">
    <ele>1126.2</ele>
   </trkpt>
   <trkpt lat="-29.7949010" lon="24.4364550">
    <ele>1126.4</ele>
   </trkpt>
   <trkpt lat="-29.7948720" lon="24.4364850">
    <ele>1126.5</ele>
   </trkpt>
   <trkpt lat="-29.7948480" lon="24.4365160">
    <ele>1126.0</ele>
   </trkpt>
   <trkpt lat="-29.7948190" lon="24.4365450">
    <ele>1126.3</ele>
   </trkpt>
   <trkpt lat="-29.7947970" lon="24.4365760">
    <ele>1126.2</ele>
   </trkpt>
   <trkpt lat="-29.7947710" lon="24.4366080">
    <ele>1126.5</ele>
   </trkpt>
   <trkpt lat="-29.7947450" lon="24.4366360">
    <ele>1126.5</ele>
   </trkpt>
   <trkpt lat="-29.7947180" lon="24.4366640">
    <ele>1127.2</ele>
   </trkpt>
   <trkpt lat="-29.7946940" lon="24.4366940">
    <ele>1127.9</ele>
   </trkpt>
   <trkpt lat="-29.7946680" lon="24.4367230">
    <ele>1127.9</ele>
   </trkpt>
   <trkpt lat="-29.7946410" lon="24.4367530">
    <ele>1128.2</ele>
   </trkpt>
   <trkpt lat="-29.7946170" lon="24.4367820">
    <ele>1128.1</ele>
   </trkpt>
   <trkpt lat="-29.7945910" lon="24.4368100">
    <ele>1128.1</ele>
   </trkpt>
   <trkpt lat="-29.7945670" lon="24.4368390">
    <ele>1127.9</ele>
   </trkpt>
   <trkpt lat="-29.7945420" lon="24.4368680">
    <ele>1128.0</ele>
   </trkpt>
   <trkpt lat="-29.7945190" lon="24.4368940">
    <ele>1128.0</ele>
   </trkpt>
   <trkpt lat="-29.7944960" lon="24.4369200">
    <ele>1128.1</ele>
   </trkpt>
   <trkpt lat="-29.7944730" lon="24.4369490">
    <ele>1128.0</ele>
   </trkpt>
   <trkpt lat="-29.7944470" lon="24.4369780">
    <ele>1128.0</ele>
   </trkpt>
   <trkpt lat="-29.7944240" lon="24.4370060">
    <ele>1128.0</ele>
   </trkpt>
   <trkpt lat="-29.7944000" lon="24.4370360">
    <ele>1127.8</ele>
   </trkpt>
   <trkpt lat="-29.7943770" lon="24.4370660">
    <ele>1128.0</ele>
   </trkpt>
   <trkpt lat="-29.7943500" lon="24.4370970">
    <ele>1128.1</ele>
   </trkpt>
   <trkpt lat="-29.7943270" lon="24.4371300">
    <ele>1127.8</ele>
   </trkpt>
   <trkpt lat="-29.7943020" lon="24.4371610">
    <ele>1127.6</ele>
   </trkpt>
   <trkpt lat="-29.7942760" lon="24.4371910">
    <ele>1127.7</ele>
   </trkpt>
   <trkpt lat="-29.7942510" lon="24.4372210">
    <ele>1127.2</ele>
   </trkpt>
   <trkpt lat="-29.7942300" lon="24.4372510">
    <ele>1126.9</ele>
   </trkpt>
   <trkpt lat="-29.7942070" lon="24.4372780">
    <ele>1127.1</ele>
   </trkpt>
   <trkpt lat="-29.7941780" lon="24.4373090">
    <ele>1126.7</ele>
   </trkpt>
   <trkpt lat="-29.7941560" lon="24.4373400">
    <ele>1126.7</ele>
   </trkpt>
   <trkpt lat="-29.7941340" lon="24.4373690">
    <ele>1127.0</ele>
   </trkpt>
   <trkpt lat="-29.7941030" lon="24.4373990">
    <ele>1126.7</ele>
   </trkpt>
   <trkpt lat="-29.7940750" lon="24.4374300">
    <ele>1126.8</ele>
   </trkpt>
   <trkpt lat="-29.7940470" lon="24.4374590">
    <ele>1126.9</ele>
   </trkpt>
   <trkpt lat="-29.7940180" lon="24.4374890">
    <ele>1127.2</ele>
   </trkpt>
   <trkpt lat="-29.7939890" lon="24.4375170">
    <ele>1127.2</ele>
   </trkpt>
   <trkpt lat="-29.7939590" lon="24.4375430">
    <ele>1126.9</ele>
   </trkpt>
   <trkpt lat="-29.7939300" lon="24.4375680">
    <ele>1127.2</ele>
   </trkpt>
   <trkpt lat="-29.7939000" lon="24.4375930">
    <ele>1127.2</ele>
   </trkpt>
   <trkpt lat="-29.7938700" lon="24.4376170">
    <ele>1127.5</ele>
   </trkpt>
   <trkpt lat="-29.7938420" lon="24.4376420">
    <ele>1127.3</ele>
   </trkpt>
   <trkpt lat="-29.7938090" lon="24.4376660">
    <ele>1127.5</ele>
   </trkpt>
   <trkpt lat="-29.7937770" lon="24.4376880">
    <ele>1127.3</ele>
   </trkpt>
   <trkpt lat="-29.7937450" lon="24.4377100">
    <ele>1127.2</ele>
   </trkpt>
   <trkpt lat="-29.7937140" lon="24.4377320">
    <ele>1126.8</ele>
   </trkpt>
   <trkpt lat="-29.7936810" lon="24.4377540">
    <ele>1126.7</ele>
   </trkpt>
   <trkpt lat="-29.7936460" lon="24.4377780">
    <ele>1126.7</ele>
   </trkpt>
   <trkpt lat="-29.7936130" lon="24.4378000">
    <ele>1126.7</ele>
   </trkpt>
   <trkpt lat="-29.7935780" lon="24.4378180">
    <ele>1126.6</ele>
   </trkpt>
   <trkpt lat="-29.7935440" lon="24.4378340">
    <ele>1126.6</ele>
   </trkpt>
   <trkpt lat="-29.7935090" lon="24.4378490">
    <ele>1126.4</ele>
   </trkpt>
   <trkpt lat="-29.7934740" lon="24.4378640">
    <ele>1126.3</ele>
   </trkpt>
   <trkpt lat="-29.7934360" lon="24.4378730">
    <ele>1126.4</ele>
   </trkpt>
   <trkpt lat="-29.7933990" lon="24.4378830">
    <ele>1126.6</ele>
   </trkpt>
   <trkpt lat="-29.7933620" lon="24.4378940">
    <ele>1126.4</ele>
   </trkpt>
   <trkpt lat="-29.7933240" lon="24.4379010">
    <ele>1126.6</ele>
   </trkpt>
   <trkpt lat="-29.7932850" lon="24.4379090">
    <ele>1126.8</ele>
   </trkpt>
   <trkpt lat="-29.7932440" lon="24.4379160">
    <ele>1127.3</ele>
   </trkpt>
   <trkpt lat="-29.7932040" lon="24.4379220">
    <ele>1127.6</ele>
   </trkpt>
   <trkpt lat="-29.7931650" lon="24.4379260">
    <ele>1127.8</ele>
   </trkpt>
   <trkpt lat="-29.7931240" lon="24.4379320">
    <ele>1127.6</ele>
   </trkpt>
   <trkpt lat="-29.7930830" lon="24.4379360">
    <ele>1127.8</ele>
   </trkpt>
   <trkpt lat="-29.7930430" lon="24.4379380">
    <ele>1127.9</ele>
   </trkpt>
   <trkpt lat="-29.7930020" lon="24.4379410">
    <ele>1128.0</ele>
   </trkpt>
   <trkpt lat="-29.7929610" lon="24.4379440">
    <ele>1128.0</ele>
   </trkpt>
   <trkpt lat="-29.7929210" lon="24.4379470">
    <ele>1127.8</ele>
   </trkpt>
   <trkpt lat="-29.7928800" lon="24.4379500">
    <ele>1127.6</ele>
   </trkpt>
   <trkpt lat="-29.7928420" lon="24.4379540">
    <ele>1127.4</ele>
   </trkpt>
   <trkpt lat="-29.7928030" lon="24.4379570">
    <ele>1127.1</ele>
   </trkpt>
   <trkpt lat="-29.7927680" lon="24.4379600">
    <ele>1126.9</ele>
   </trkpt>
   <trkpt lat="-29.7927310" lon="24.4379620">
    <ele>1126.7</ele>
   </trkpt>
   <trkpt lat="-29.7926960" lon="24.4379640">
    <ele>1126.7</ele>
   </trkpt>
   <trkpt lat="-29.7926610" lon="24.4379680">
    <ele>1126.7</ele>
   </trkpt>
   <trkpt lat="-29.7926270" lon="24.4379720">
    <ele>1126.8</ele>
   </trkpt>
   <trkpt lat="-29.7925940" lon="24.4379760">
    <ele>1127.0</ele>
   </trkpt>
   <trkpt lat="-29.7925600" lon="24.4379830">
    <ele>1127.2</ele>
   </trkpt>
   <trkpt lat="-29.7925270" lon="24.4379910">
    <ele>1127.5</ele>
   </trkpt>
   <trkpt lat="-29.7924940" lon="24.4380010">
    <ele>1127.7</ele>
   </trkpt>
   <trkpt lat="-29.7924610" lon="24.4380130">
    <ele>1127.7</ele>
   </trkpt>
   <trkpt lat="-29.7924290" lon="24.4380290">
    <ele>1127.5</ele>
   </trkpt>
   <trkpt lat="-29.7923950" lon="24.4380500">
    <ele>1127.4</ele>
   </trkpt>
   <trkpt lat="-29.7923620" lon="24.4380750">
    <ele>1127.1</ele>
   </trkpt>
   <trkpt lat="-29.7923320" lon="24.4381050">
    <ele>1126.9</ele>
   </trkpt>
   <trkpt lat="-29.7923060" lon="24.4381440">
    <ele>1126.9</ele>
   </trkpt>
   <trkpt lat="-29.7922850" lon="24.4381870">
    <ele>1126.9</ele>
   </trkpt>
   <trkpt lat="-29.7922630" lon="24.4382290">
    <ele>1127.2</ele>
   </trkpt>
   <trkpt lat="-29.7922470" lon="24.4382670">
    <ele>1127.2</ele>
   </trkpt>
   <trkpt lat="-29.7922320" lon="24.4383060">
    <ele>1127.5</ele>
   </trkpt>
   <trkpt lat="-29.7922170" lon="24.4383470">
    <ele>1127.6</ele>
   </trkpt>
   <trkpt lat="-29.7922000" lon="24.4383900">
    <ele>1127.9</ele>
   </trkpt>
   <trkpt lat="-29.7921840" lon="24.4384320">
    <ele>1127.8</ele>
   </trkpt>
   <trkpt lat="-29.7921700" lon="24.4384720">
    <ele>1127.8</ele>
   </trkpt>
   <trkpt lat="-29.7921530" lon="24.4385120">
    <ele>1128.1</ele>
   </trkpt>
   <trkpt lat="-29.7921370" lon="24.4385520">
    <ele>1128.1</ele>
   </trkpt>
   <trkpt lat="-29.7921260" lon="24.4385850">
    <ele>1128.4</ele>
   </trkpt>
   <trkpt lat="-29.7921170" lon="24.4386080">
    <ele>1128.4</ele>
   </trkpt>
   <trkpt lat="-29.7921070" lon="24.4386440">
    <ele>1128.3</ele>
   </trkpt>
   <trkpt lat="-29.7921010" lon="24.4386610">
    <ele>1128.3</ele>
   </trkpt>
   <trkpt lat="-29.7920860" lon="24.4386990">
    <ele>1128.6</ele>
   </trkpt>
   <trkpt lat="-29.7920670" lon="24.4387490">
    <ele>1128.5</ele>
   </trkpt>
   <trkpt lat="-29.7920570" lon="24.4387770">
    <ele>1128.5</ele>
   </trkpt>
   <trkpt lat="-29.7920460" lon="24.4388130">
    <ele>1128.8</ele>
   </trkpt>
   <trkpt lat="-29.7920080" lon="24.4389220">
    <ele>1129.4</ele>
   </trkpt>
   <trkpt lat="-29.7919930" lon="24.4389630">
    <ele>1129.3</ele>
   </trkpt>
   <trkpt lat="-29.7919780" lon="24.4390030">
    <ele>1129.2</ele>
   </trkpt>
   <trkpt lat="-29.7919630" lon="24.4390420">
    <ele>1129.2</ele>
   </trkpt>
   <trkpt lat="-29.7919490" lon="24.4390810">
    <ele>1128.8</ele>
   </trkpt>
   <trkpt lat="-29.7919340" lon="24.4391210">
    <ele>1128.8</ele>
   </trkpt>
   <trkpt lat="-29.7919180" lon="24.4391620">
    <ele>1128.4</ele>
   </trkpt>
   <trkpt lat="-29.7919030" lon="24.4392020">
    <ele>1128.6</ele>
   </trkpt>
   <trkpt lat="-29.7918880" lon="24.4392410">
    <ele>1128.1</ele>
   </trkpt>
   <trkpt lat="-29.7918720" lon="24.4392810">
    <ele>1127.6</ele>
   </trkpt>
   <trkpt lat="-29.7918580" lon="24.4393210">
    <ele>1127.6</ele>
   </trkpt>
   <trkpt lat="-29.7918440" lon="24.4393590">
    <ele>1127.2</ele>
   </trkpt>
   <trkpt lat="-29.7918300" lon="24.4393990">
    <ele>1126.9</ele>
   </trkpt>
   <trkpt lat="-29.7918160" lon="24.4394370">
    <ele>1127.0</ele>
   </trkpt>
   <trkpt lat="-29.7918010" lon="24.4394760">
    <ele>1126.7</ele>
   </trkpt>
   <trkpt lat="-29.7917860" lon="24.4395150">
    <ele>1126.9</ele>
   </trkpt>
   <trkpt lat="-29.7917700" lon="24.4395560">
    <ele>1126.5</ele>
   </trkpt>
   <trkpt lat="-29.7917560" lon="24.4395960">
    <ele>1125.9</ele>
   </trkpt>
   <trkpt lat="-29.7917410" lon="24.4396350">
    <ele>1125.7</ele>
   </trkpt>
   <trkpt lat="-29.7917260" lon="24.4396750">
    <ele>1125.2</ele>
   </trkpt>
   <trkpt lat="-29.7917050" lon="24.4397210">
    <ele>1125.0</ele>
   </trkpt>
   <trkpt lat="-29.7916880" lon="24.4397570">
    <ele>1124.6</ele>
   </trkpt>
   <trkpt lat="-29.7916740" lon="24.4397900">
    <ele>1124.5</ele>
   </trkpt>
   <trkpt lat="-29.7916570" lon="24.4398270">
    <ele>1124.3</ele>
   </trkpt>
   <trkpt lat="-29.7916450" lon="24.4398590">
    <ele>1124.3</ele>
   </trkpt>
   <trkpt lat="-29.7916300" lon="24.4399000">
    <ele>1124.6</ele>
   </trkpt>
   <trkpt lat="-29.7916160" lon="24.4399380">
    <ele>1124.6</ele>
   </trkpt>
   <trkpt lat="-29.7916050" lon="24.4399780">
    <ele>1125.0</ele>
   </trkpt>
   <trkpt lat="-29.7915900" lon="24.4400130">
    <ele>1125.0</ele>
   </trkpt>
   <trkpt lat="-29.7915750" lon="24.4400500">
    <ele>1124.9</ele>
   </trkpt>
   <trkpt lat="-29.7915620" lon="24.4400900">
    <ele>1125.1</ele>
   </trkpt>
   <trkpt lat="-29.7915470" lon="24.4401290">
    <ele>1124.8</ele>
   </trkpt>
   <trkpt lat="-29.7915310" lon="24.4401720">
    <ele>1125.0</ele>
   </trkpt>
   <trkpt lat="-29.7915160" lon="24.4402170">
    <ele>1124.9</ele>
   </trkpt>
   <trkpt lat="-29.7915020" lon="24.4402570">
    <ele>1124.8</ele>
   </trkpt>
   <trkpt lat="-29.7914880" lon="24.4402950">
    <ele>1125.1</ele>
   </trkpt>
   <trkpt lat="-29.7914730" lon="24.4403320">
    <ele>1124.9</ele>
   </trkpt>
   <trkpt lat="-29.7914610" lon="24.4403710">
    <ele>1124.9</ele>
   </trkpt>
   <trkpt lat="-29.7914470" lon="24.4404110">
    <ele>1125.0</ele>
   </trkpt>
   <trkpt lat="-29.7914350" lon="24.4404440">
    <ele>1124.7</ele>
   </trkpt>
   <trkpt lat="-29.7914220" lon="24.4404870">
    <ele>1124.5</ele>
   </trkpt>
   <trkpt lat="-29.7914090" lon="24.4405270">
    <ele>1124.4</ele>
   </trkpt>
   <trkpt lat="-29.7913950" lon="24.4405630">
    <ele>1124.2</ele>
   </trkpt>
   <trkpt lat="-29.7913820" lon="24.4406040">
    <ele>1124.1</ele>
   </trkpt>
   <trkpt lat="-29.7913680" lon="24.4406450">
    <ele>1123.8</ele>
   </trkpt>
   <trkpt lat="-29.7913510" lon="24.4406820">
    <ele>1123.5</ele>
   </trkpt>
   <trkpt lat="-29.7913350" lon="24.4407280">
    <ele>1123.6</ele>
   </trkpt>
   <trkpt lat="-29.7913300" lon="24.4407470">
    <ele>1123.6</ele>
   </trkpt>
   <trkpt lat="-29.7913150" lon="24.4407820">
    <ele>1123.5</ele>
   </trkpt>
   <trkpt lat="-29.7913000" lon="24.4408210">
    <ele>1123.5</ele>
   </trkpt>
   <trkpt lat="-29.7912840" lon="24.4408590">
    <ele>1123.3</ele>
   </trkpt>
   <trkpt lat="-29.7912690" lon="24.4409000">
    <ele>1123.2</ele>
   </trkpt>
   <trkpt lat="-29.7912520" lon="24.4409390">
    <ele>1122.8</ele>
   </trkpt>
   <trkpt lat="-29.7912400" lon="24.4409790">
    <ele>1122.6</ele>
   </trkpt>
   <trkpt lat="-29.7912230" lon="24.4410150">
    <ele>1122.8</ele>
   </trkpt>
   <trkpt lat="-29.7912080" lon="24.4410570">
    <ele>1122.6</ele>
   </trkpt>
   <trkpt lat="-29.7911950" lon="24.4411000">
    <ele>1122.7</ele>
   </trkpt>
   <trkpt lat="-29.7911800" lon="24.4411430">
    <ele>1122.7</ele>
   </trkpt>
   <trkpt lat="-29.7911690" lon="24.4411820">
    <ele>1122.7</ele>
   </trkpt>
   <trkpt lat="-29.7911570" lon="24.4412270">
    <ele>1123.1</ele>
   </trkpt>
   <trkpt lat="-29.7911440" lon="24.4412660">
    <ele>1123.1</ele>
   </trkpt>
   <trkpt lat="-29.7911300" lon="24.4413110">
    <ele>1123.1</ele>
   </trkpt>
   <trkpt lat="-29.7911130" lon="24.4413510">
    <ele>1123.6</ele>
   </trkpt>
   <trkpt lat="-29.7910980" lon="24.4413830">
    <ele>1123.6</ele>
   </trkpt>
   <trkpt lat="-29.7910860" lon="24.4414160">
    <ele>1123.5</ele>
   </trkpt>
   <trkpt lat="-29.7910730" lon="24.4414530">
    <ele>1123.9</ele>
   </trkpt>
   <trkpt lat="-29.7910570" lon="24.4414890">
    <ele>1123.9</ele>
   </trkpt>
   <trkpt lat="-29.7910430" lon="24.4415260">
    <ele>1124.2</ele>
   </trkpt>
   <trkpt lat="-29.7910290" lon="24.4415640">
    <ele>1124.0</ele>
   </trkpt>
   <trkpt lat="-29.7910140" lon="24.4416050">
    <ele>1123.9</ele>
   </trkpt>
   <trkpt lat="-29.7910000" lon="24.4416450">
    <ele>1124.1</ele>
   </trkpt>
   <trkpt lat="-29.7909860" lon="24.4416800">
    <ele>1124.1</ele>
   </trkpt>
   <trkpt lat="-29.7909730" lon="24.4417160">
    <ele>1124.2</ele>
   </trkpt>
   <trkpt lat="-29.7909610" lon="24.4417440">
    <ele>1124.4</ele>
   </trkpt>
   <trkpt lat="-29.7909490" lon="24.4417760">
    <ele>1124.4</ele>
   </trkpt>
   <trkpt lat="-29.7909400" lon="24.4418110">
    <ele>1124.4</ele>
   </trkpt>
   <trkpt lat="-29.7909270" lon="24.4418460">
    <ele>1124.9</ele>
   </trkpt>
   <trkpt lat="-29.7909120" lon="24.4418890">
    <ele>1125.0</ele>
   </trkpt>
   <trkpt lat="-29.7908960" lon="24.4419350">
    <ele>1125.7</ele>
   </trkpt>
   <trkpt lat="-29.7908800" lon="24.4419740">
    <ele>1125.7</ele>
   </trkpt>
   <trkpt lat="-29.7908660" lon="24.4420120">
    <ele>1125.7</ele>
   </trkpt>
   <trkpt lat="-29.7908510" lon="24.4420500">
    <ele>1125.7</ele>
   </trkpt>
   <trkpt lat="-29.7908370" lon="24.4420880">
    <ele>1125.8</ele>
   </trkpt>
   <trkpt lat="-29.7908230" lon="24.4421260">
    <ele>1125.8</ele>
   </trkpt>
   <trkpt lat="-29.7908090" lon="24.4421590">
    <ele>1125.8</ele>
   </trkpt>
   <trkpt lat="-29.7907950" lon="24.4421940">
    <ele>1125.8</ele>
   </trkpt>
   <trkpt lat="-29.7907810" lon="24.4422290">
    <ele>1125.8</ele>
   </trkpt>
   <trkpt lat="-29.7907660" lon="24.4422630">
    <ele>1125.8</ele>
   </trkpt>
   <trkpt lat="-29.7907490" lon="24.4422970">
    <ele>1125.8</ele>
   </trkpt>
   <trkpt lat="-29.7907320" lon="24.4423300">
    <ele>1125.8</ele>
   </trkpt>
   <trkpt lat="-29.7907160" lon="24.4423650">
    <ele>1125.8</ele>
   </trkpt>
   <trkpt lat="-29.7906980" lon="24.4424000">
    <ele>1125.8</ele>
   </trkpt>
   <trkpt lat="-29.7906780" lon="24.4424340">
    <ele>1125.8</ele>
   </trkpt>
   <trkpt lat="-29.7906600" lon="24.4424680">
    <ele>1125.8</ele>
   </trkpt>
   <trkpt lat="-29.7906400" lon="24.4425020">
    <ele>1125.8</ele>
   </trkpt>
   <trkpt lat="-29.7906200" lon="24.4425390">
    <ele>1125.8</ele>
   </trkpt>
   <trkpt lat="-29.7905990" lon="24.4425730">
    <ele>1125.8</ele>
   </trkpt>
   <trkpt lat="-29.7905790" lon="24.4426090">
    <ele>1125.8</ele>
   </trkpt>
   <trkpt lat="-29.7905580" lon="24.4426440">
    <ele>1125.8</ele>
   </trkpt>
   <trkpt lat="-29.7905190" lon="24.4427100">
    <ele>1125.8</ele>
   </trkpt>
   <trkpt lat="-29.7905010" lon="24.4427420">
    <ele>1125.8</ele>
   </trkpt>
   <trkpt lat="-29.7904620" lon="24.4428070">
    <ele>1125.8</ele>
   </trkpt>
   <trkpt lat="-29.7904400" lon="24.4428440">
    <ele>1125.8</ele>
   </trkpt>
   <trkpt lat="-29.7904180" lon="24.4428810">
    <ele>1125.8</ele>
   </trkpt>
   <trkpt lat="-29.7903940" lon="24.4429180">
    <ele>1125.9</ele>
   </trkpt>
   <trkpt lat="-29.7903710" lon="24.4429560">
    <ele>1125.9</ele>
   </trkpt>
   <trkpt lat="-29.7903480" lon="24.4429930">
    <ele>1125.9</ele>
   </trkpt>
   <trkpt lat="-29.7903240" lon="24.4430310">
    <ele>1125.9</ele>
   </trkpt>
   <trkpt lat="-29.7903060" lon="24.4430630">
    <ele>1125.9</ele>
   </trkpt>
   <trkpt lat="-29.7902870" lon="24.4430930">
    <ele>1125.9</ele>
   </trkpt>
   <trkpt lat="-29.7902660" lon="24.4431250">
    <ele>1125.9</ele>
   </trkpt>
   <trkpt lat="-29.7902500" lon="24.4431500">
    <ele>1125.9</ele>
   </trkpt>
   <trkpt lat="-29.7902230" lon="24.4431950">
    <ele>1125.9</ele>
   </trkpt>
   <trkpt lat="-29.7902020" lon="24.4432280">
    <ele>1125.9</ele>
   </trkpt>
   <trkpt lat="-29.7901740" lon="24.4432710">
    <ele>1125.9</ele>
   </trkpt>
   <trkpt lat="-29.7901500" lon="24.4432980">
    <ele>1125.9</ele>
   </trkpt>
   <trkpt lat="-29.7901260" lon="24.4433290">
    <ele>1125.9</ele>
   </trkpt>
   <trkpt lat="-29.7900990" lon="24.4433600">
    <ele>1125.9</ele>
   </trkpt>
   <trkpt lat="-29.7900720" lon="24.4433910">
    <ele>1125.9</ele>
   </trkpt>
   <trkpt lat="-29.7900440" lon="24.4434190">
    <ele>1125.9</ele>
   </trkpt>
   <trkpt lat="-29.7900150" lon="24.4434460">
    <ele>1125.9</ele>
   </trkpt>
   <trkpt lat="-29.7899860" lon="24.4434680">
    <ele>1125.9</ele>
   </trkpt>
   <trkpt lat="-29.7899570" lon="24.4434890">
    <ele>1125.9</ele>
   </trkpt>
   <trkpt lat="-29.7899290" lon="24.4435040">
    <ele>1125.9</ele>
   </trkpt>
   <trkpt lat="-29.7899000" lon="24.4435170">
    <ele>1125.9</ele>
   </trkpt>
   <trkpt lat="-29.7898730" lon="24.4435320">
    <ele>1125.9</ele>
   </trkpt>
   <trkpt lat="-29.7898470" lon="24.4435440">
    <ele>1125.9</ele>
   </trkpt>
   <trkpt lat="-29.7898140" lon="24.4435660">
    <ele>1126.0</ele>
   </trkpt>
   <trkpt lat="-29.7898020" lon="24.4435720">
    <ele>1126.0</ele>
   </trkpt>
   <trkpt lat="-29.7897780" lon="24.4435880">
    <ele>1126.0</ele>
   </trkpt>
   <trkpt lat="-29.7897490" lon="24.4436020">
    <ele>1126.0</ele>
   </trkpt>
   <trkpt lat="-29.7897180" lon="24.4436150">
    <ele>1126.0</ele>
   </trkpt>
   <trkpt lat="-29.7896880" lon="24.4436280">
    <ele>1126.0</ele>
   </trkpt>
   <trkpt lat="-29.7896620" lon="24.4436420">
    <ele>1126.0</ele>
   </trkpt>
   <trkpt lat="-29.7896430" lon="24.4436510">
    <ele>1126.0</ele>
   </trkpt>
   <trkpt lat="-29.7896150" lon="24.4436650">
    <ele>1126.0</ele>
   </trkpt>
   <trkpt lat="-29.7896010" lon="24.4436720">
    <ele>1126.0</ele>
   </trkpt>
   <trkpt lat="-29.7895650" lon="24.4436880">
    <ele>1126.0</ele>
   </trkpt>
   <trkpt lat="-29.7895180" lon="24.4437130">
    <ele>1126.0</ele>
   </trkpt>
   <trkpt lat="-29.7894880" lon="24.4437280">
    <ele>1126.0</ele>
   </trkpt>
   <trkpt lat="-29.7894570" lon="24.4437420">
    <ele>1126.0</ele>
   </trkpt>
   <trkpt lat="-29.7894290" lon="24.4437580">
    <ele>1126.1</ele>
   </trkpt>
   <trkpt lat="-29.7893980" lon="24.4437730">
    <ele>1126.1</ele>
   </trkpt>
   <trkpt lat="-29.7893730" lon="24.4437880">
    <ele>1126.1</ele>
   </trkpt>
   <trkpt lat="-29.7893610" lon="24.4437940">
    <ele>1126.1</ele>
   </trkpt>
   <trkpt lat="-29.7893180" lon="24.4438180">
    <ele>1126.1</ele>
   </trkpt>
   <trkpt lat="-29.7892980" lon="24.4438280">
    <ele>1126.2</ele>
   </trkpt>
   <trkpt lat="-29.7892730" lon="24.4438440">
    <ele>1126.2</ele>
   </trkpt>
   <trkpt lat="-29.7892580" lon="24.4438520">
    <ele>1126.2</ele>
   </trkpt>
   <trkpt lat="-29.7892030" lon="24.4438840">
    <ele>1126.3</ele>
   </trkpt>
   <trkpt lat="-29.7891660" lon="24.4439050">
    <ele>1126.3</ele>
   </trkpt>
   <trkpt lat="-29.7891400" lon="24.4439220">
    <ele>1126.4</ele>
   </trkpt>
   <trkpt lat="-29.7891100" lon="24.4439390">
    <ele>1126.4</ele>
   </trkpt>
   <trkpt lat="-29.7890820" lon="24.4439580">
    <ele>1126.4</ele>
   </trkpt>
   <trkpt lat="-29.7890560" lon="24.4439780">
    <ele>1126.5</ele>
   </trkpt>
   <trkpt lat="-29.7890290" lon="24.4439990">
    <ele>1126.5</ele>
   </trkpt>
   <trkpt lat="-29.7890030" lon="24.4440230">
    <ele>1126.6</ele>
   </trkpt>
   <trkpt lat="-29.7889770" lon="24.4440480">
    <ele>1126.6</ele>
   </trkpt>
   <trkpt lat="-29.7889510" lon="24.4440760">
    <ele>1126.7</ele>
   </trkpt>
   <trkpt lat="-29.7889270" lon="24.4441080">
    <ele>1126.8</ele>
   </trkpt>
   <trkpt lat="-29.7889030" lon="24.4441420">
    <ele>1126.9</ele>
   </trkpt>
   <trkpt lat="-29.7888790" lon="24.4441790">
    <ele>1126.9</ele>
   </trkpt>
   <trkpt lat="-29.7888550" lon="24.4442150">
    <ele>1127.0</ele>
   </trkpt>
   <trkpt lat="-29.7888320" lon="24.4442520">
    <ele>1127.0</ele>
   </trkpt>
   <trkpt lat="-29.7888110" lon="24.4442910">
    <ele>1127.1</ele>
   </trkpt>
   <trkpt lat="-29.7887890" lon="24.4443280">
    <ele>1127.1</ele>
   </trkpt>
   <trkpt lat="-29.7887690" lon="24.4443650">
    <ele>1127.1</ele>
   </trkpt>
   <trkpt lat="-29.7887480" lon="24.4444030">
    <ele>1127.1</ele>
   </trkpt>
   <trkpt lat="-29.7887290" lon="24.4444400">
    <ele>1127.1</ele>
   </trkpt>
   <trkpt lat="-29.7887090" lon="24.4444760">
    <ele>1127.1</ele>
   </trkpt>
   <trkpt lat="-29.7886880" lon="24.4445150">
    <ele>1127.1</ele>
   </trkpt>
   <trkpt lat="-29.7886680" lon="24.4445510">
    <ele>1127.1</ele>
   </trkpt>
   <trkpt lat="-29.7886480" lon="24.4445880">
    <ele>1127.1</ele>
   </trkpt>
   <trkpt lat="-29.7886260" lon="24.4446250">
    <ele>1127.1</ele>
   </trkpt>
   <trkpt lat="-29.7886050" lon="24.4446610">
    <ele>1127.1</ele>
   </trkpt>
   <trkpt lat="-29.7885850" lon="24.4446970">
    <ele>1127.1</ele>
   </trkpt>
   <trkpt lat="-29.7885630" lon="24.4447320">
    <ele>1127.1</ele>
   </trkpt>
   <trkpt lat="-29.7885420" lon="24.4447650">
    <ele>1127.1</ele>
   </trkpt>
   <trkpt lat="-29.7885230" lon="24.4447990">
    <ele>1127.1</ele>
   </trkpt>
   <trkpt lat="-29.7885030" lon="24.4448350">
    <ele>1127.1</ele>
   </trkpt>
   <trkpt lat="-29.7884830" lon="24.4448700">
    <ele>1127.2</ele>
   </trkpt>
   <trkpt lat="-29.7884630" lon="24.4449030">
    <ele>1127.2</ele>
   </trkpt>
   <trkpt lat="-29.7884600" lon="24.4449080">
    <ele>1127.2</ele>
   </trkpt>
   <trkpt lat="-29.7884430" lon="24.4449350">
    <ele>1127.2</ele>
   </trkpt>
   <trkpt lat="-29.7884170" lon="24.4449740">
    <ele>1127.3</ele>
   </trkpt>
   <trkpt lat="-29.7883810" lon="24.4450260">
    <ele>1127.4</ele>
   </trkpt>
   <trkpt lat="-29.7883590" lon="24.4450520">
    <ele>1127.4</ele>
   </trkpt>
   <trkpt lat="-29.7883350" lon="24.4450780">
    <ele>1127.5</ele>
   </trkpt>
   <trkpt lat="-29.7883110" lon="24.4451070">
    <ele>1127.6</ele>
   </trkpt>
   <trkpt lat="-29.7882920" lon="24.4451290">
    <ele>1127.6</ele>
   </trkpt>
   <trkpt lat="-29.7882840" lon="24.4451370">
    <ele>1127.6</ele>
   </trkpt>
   <trkpt lat="-29.7882490" lon="24.4451760">
    <ele>1127.8</ele>
   </trkpt>
   <trkpt lat="-29.7882330" lon="24.4451940">
    <ele>1127.8</ele>
   </trkpt>
   <trkpt lat="-29.7881960" lon="24.4452370">
    <ele>1127.9</ele>
   </trkpt>
   <trkpt lat="-29.7881710" lon="24.4452590">
    <ele>1128.0</ele>
   </trkpt>
   <trkpt lat="-29.7881430" lon="24.4452840">
    <ele>1128.1</ele>
   </trkpt>
   <trkpt lat="-29.7881180" lon="24.4453120">
    <ele>1128.2</ele>
   </trkpt>
   <trkpt lat="-29.7880920" lon="24.4453400">
    <ele>1128.2</ele>
   </trkpt>
   <trkpt lat="-29.7880660" lon="24.4453670">
    <ele>1128.3</ele>
   </trkpt>
   <trkpt lat="-29.7880390" lon="24.4453930">
    <ele>1128.4</ele>
   </trkpt>
   <trkpt lat="-29.7880360" lon="24.4453970">
    <ele>1128.4</ele>
   </trkpt>
   <trkpt lat="-29.7880140" lon="24.4454210">
    <ele>1128.4</ele>
   </trkpt>
   <trkpt lat="-29.7879870" lon="24.4454520">
    <ele>1128.5</ele>
   </trkpt>
   <trkpt lat="-29.7879600" lon="24.4454790">
    <ele>1128.5</ele>
   </trkpt>
   <trkpt lat="-29.7879480" lon="24.4454930">
    <ele>1128.6</ele>
   </trkpt>
   <trkpt lat="-29.7879040" lon="24.4455370">
    <ele>1128.6</ele>
   </trkpt>
   <trkpt lat="-29.7878590" lon="24.4455770">
    <ele>1128.7</ele>
   </trkpt>
   <trkpt lat="-29.7878280" lon="24.4456030">
    <ele>1128.8</ele>
   </trkpt>
   <trkpt lat="-29.7877970" lon="24.4456270">
    <ele>1128.8</ele>
   </trkpt>
   <trkpt lat="-29.7877630" lon="24.4456500">
    <ele>1128.9</ele>
   </trkpt>
   <trkpt lat="-29.7877440" lon="24.4456650">
    <ele>1128.9</ele>
   </trkpt>
   <trkpt lat="-29.7877280" lon="24.4456750">
    <ele>1129.0</ele>
   </trkpt>
   <trkpt lat="-29.7876960" lon="24.4456960">
    <ele>1129.0</ele>
   </trkpt>
   <trkpt lat="-29.7876320" lon="24.4457300">
    <ele>1129.3</ele>
   </trkpt>
   <trkpt lat="-29.7875950" lon="24.4457440">
    <ele>1129.2</ele>
   </trkpt>
   <trkpt lat="-29.7875630" lon="24.4457540">
    <ele>1129.4</ele>
   </trkpt>
   <trkpt lat="-29.7875290" lon="24.4457670">
    <ele>1129.6</ele>
   </trkpt>
   <trkpt lat="-29.7874930" lon="24.4457760">
    <ele>1129.8</ele>
   </trkpt>
   <trkpt lat="-29.7874570" lon="24.4457840">
    <ele>1129.2</ele>
   </trkpt>
   <trkpt lat="-29.7874200" lon="24.4457900">
    <ele>1129.3</ele>
   </trkpt>
   <trkpt lat="-29.7873870" lon="24.4457960">
    <ele>1129.4</ele>
   </trkpt>
   <trkpt lat="-29.7873630" lon="24.4458000">
    <ele>1129.4</ele>
   </trkpt>
   <trkpt lat="-29.7873310" lon="24.4458020">
    <ele>1129.6</ele>
   </trkpt>
   <trkpt lat="-29.7873130" lon="24.4458040">
    <ele>1129.8</ele>
   </trkpt>
   <trkpt lat="-29.7872160" lon="24.4458240">
    <ele>1130.3</ele>
   </trkpt>
   <trkpt lat="-29.7871760" lon="24.4458210">
    <ele>1130.6</ele>
   </trkpt>
   <trkpt lat="-29.7871360" lon="24.4458160">
    <ele>1131.1</ele>
   </trkpt>
   <trkpt lat="-29.7870960" lon="24.4458100">
    <ele>1131.4</ele>
   </trkpt>
   <trkpt lat="-29.7870590" lon="24.4458020">
    <ele>1131.7</ele>
   </trkpt>
   <trkpt lat="-29.7870220" lon="24.4457910">
    <ele>1132.0</ele>
   </trkpt>
   <trkpt lat="-29.7869910" lon="24.4457810">
    <ele>1132.6</ele>
   </trkpt>
   <trkpt lat="-29.7869560" lon="24.4457680">
    <ele>1132.8</ele>
   </trkpt>
   <trkpt lat="-29.7869210" lon="24.4457570">
    <ele>1132.8</ele>
   </trkpt>
   <trkpt lat="-29.7868830" lon="24.4457420">
    <ele>1132.6</ele>
   </trkpt>
   <trkpt lat="-29.7868450" lon="24.4457270">
    <ele>1132.8</ele>
   </trkpt>
   <trkpt lat="-29.7868070" lon="24.4457110">
    <ele>1132.5</ele>
   </trkpt>
   <trkpt lat="-29.7867690" lon="24.4456930">
    <ele>1132.5</ele>
   </trkpt>
   <trkpt lat="-29.7867330" lon="24.4456710">
    <ele>1132.0</ele>
   </trkpt>
   <trkpt lat="-29.7866990" lon="24.4456460">
    <ele>1131.9</ele>
   </trkpt>
   <trkpt lat="-29.7866690" lon="24.4456170">
    <ele>1131.4</ele>
   </trkpt>
   <trkpt lat="-29.7866430" lon="24.4455850">
    <ele>1131.6</ele>
   </trkpt>
   <trkpt lat="-29.7866190" lon="24.4455510">
    <ele>1132.2</ele>
   </trkpt>
   <trkpt lat="-29.7865980" lon="24.4455150">
    <ele>1132.4</ele>
   </trkpt>
   <trkpt lat="-29.7865820" lon="24.4454710">
    <ele>1132.8</ele>
   </trkpt>
   <trkpt lat="-29.7865610" lon="24.4454350">
    <ele>1133.1</ele>
   </trkpt>
   <trkpt lat="-29.7865400" lon="24.4453980">
    <ele>1133.1</ele>
   </trkpt>
   <trkpt lat="-29.7865250" lon="24.4453610">
    <ele>1133.5</ele>
   </trkpt>
   <trkpt lat="-29.7865060" lon="24.4453210">
    <ele>1133.8</ele>
   </trkpt>
   <trkpt lat="-29.7864870" lon="24.4452880">
    <ele>1133.7</ele>
   </trkpt>
   <trkpt lat="-29.7864660" lon="24.4452500">
    <ele>1133.4</ele>
   </trkpt>
   <trkpt lat="-29.7864440" lon="24.4452120">
    <ele>1133.4</ele>
   </trkpt>
   <trkpt lat="-29.7864230" lon="24.4451720">
    <ele>1133.2</ele>
   </trkpt>
   <trkpt lat="-29.7864010" lon="24.4451370">
    <ele>1133.1</ele>
   </trkpt>
   <trkpt lat="-29.7863840" lon="24.4450970">
    <ele>1132.8</ele>
   </trkpt>
   <trkpt lat="-29.7863600" lon="24.4450550">
    <ele>1132.6</ele>
   </trkpt>
   <trkpt lat="-29.7863300" lon="24.4450160">
    <ele>1131.8</ele>
   </trkpt>
   <trkpt lat="-29.7863010" lon="24.4449750">
    <ele>1131.0</ele>
   </trkpt>
   <trkpt lat="-29.7862790" lon="24.4449390">
    <ele>1130.5</ele>
   </trkpt>
   <trkpt lat="-29.7862520" lon="24.4448990">
    <ele>1130.5</ele>
   </trkpt>
   <trkpt lat="-29.7862250" lon="24.4448620">
    <ele>1130.0</ele>
   </trkpt>
   <trkpt lat="-29.7861970" lon="24.4448220">
    <ele>1129.7</ele>
   </trkpt>
   <trkpt lat="-29.7861680" lon="24.4447880">
    <ele>1129.4</ele>
   </trkpt>
   <trkpt lat="-29.7861390" lon="24.4447510">
    <ele>1129.2</ele>
   </trkpt>
   <trkpt lat="-29.7861100" lon="24.4447150">
    <ele>1129.2</ele>
   </trkpt>
   <trkpt lat="-29.7860830" lon="24.4446830">
    <ele>1129.0</ele>
   </trkpt>
   <trkpt lat="-29.7860570" lon="24.4446470">
    <ele>1128.9</ele>
   </trkpt>
   <trkpt lat="-29.7860310" lon="24.4446150">
    <ele>1128.7</ele>
   </trkpt>
   <trkpt lat="-29.7860050" lon="24.4445820">
    <ele>1128.6</ele>
   </trkpt>
   <trkpt lat="-29.7859780" lon="24.4445490">
    <ele>1128.7</ele>
   </trkpt>
   <trkpt lat="-29.7859540" lon="24.4445180">
    <ele>1128.9</ele>
   </trkpt>
   <trkpt lat="-29.7859250" lon="24.4444840">
    <ele>1129.2</ele>
   </trkpt>
   <trkpt lat="-29.7858970" lon="24.4444500">
    <ele>1129.3</ele>
   </trkpt>
   <trkpt lat="-29.7858680" lon="24.4444250">
    <ele>1129.1</ele>
   </trkpt>
   <trkpt lat="-29.7858460" lon="24.4443890">
    <ele>1129.3</ele>
   </trkpt>
   <trkpt lat="-29.7858210" lon="24.4443560">
    <ele>1129.2</ele>
   </trkpt>
   <trkpt lat="-29.7857950" lon="24.4443270">
    <ele>1129.0</ele>
   </trkpt>
   <trkpt lat="-29.7857680" lon="24.4442910">
    <ele>1129.3</ele>
   </trkpt>
   <trkpt lat="-29.7857400" lon="24.4442590">
    <ele>1129.4</ele>
   </trkpt>
   <trkpt lat="-29.7857120" lon="24.4442270">
    <ele>1129.4</ele>
   </trkpt>
   <trkpt lat="-29.7856850" lon="24.4441930">
    <ele>1129.6</ele>
   </trkpt>
   <trkpt lat="-29.7856550" lon="24.4441620">
    <ele>1129.3</ele>
   </trkpt>
   <trkpt lat="-29.7856220" lon="24.4441340">
    <ele>1129.2</ele>
   </trkpt>
   <trkpt lat="-29.7855900" lon="24.4441090">
    <ele>1129.1</ele>
   </trkpt>
   <trkpt lat="-29.7855580" lon="24.4440850">
    <ele>1129.3</ele>
   </trkpt>
   <trkpt lat="-29.7855240" lon="24.4440640">
    <ele>1129.3</ele>
   </trkpt>
   <trkpt lat="-29.7854890" lon="24.4440480">
    <ele>1129.1</ele>
   </trkpt>
   <trkpt lat="-29.7854550" lon="24.4440320">
    <ele>1129.0</ele>
   </trkpt>
   <trkpt lat="-29.7854210" lon="24.4440200">
    <ele>1128.9</ele>
   </trkpt>
   <trkpt lat="-29.7853880" lon="24.4440060">
    <ele>1128.9</ele>
   </trkpt>
   <trkpt lat="-29.7853550" lon="24.4439920">
    <ele>1128.9</ele>
   </trkpt>
   <trkpt lat="-29.7853230" lon="24.4439800">
    <ele>1129.0</ele>
   </trkpt>
   <trkpt lat="-29.7852900" lon="24.4439660">
    <ele>1129.1</ele>
   </trkpt>
   <trkpt lat="-29.7852870" lon="24.4439660">
    <ele>1129.2</ele>
   </trkpt>
   <trkpt lat="-29.7852560" lon="24.4439530">
    <ele>1129.2</ele>
   </trkpt>
   <trkpt lat="-29.7852140" lon="24.4439340">
    <ele>1129.2</ele>
   </trkpt>
   <trkpt lat="-29.7851630" lon="24.4439140">
    <ele>1129.2</ele>
   </trkpt>
   <trkpt lat="-29.7851280" lon="24.4439000">
    <ele>1129.2</ele>
   </trkpt>
   <trkpt lat="-29.7850970" lon="24.4438910">
    <ele>1129.2</ele>
   </trkpt>
   <trkpt lat="-29.7850710" lon="24.4438840">
    <ele>1129.2</ele>
   </trkpt>
   <trkpt lat="-29.7850460" lon="24.4438700">
    <ele>1129.2</ele>
   </trkpt>
   <trkpt lat="-29.7850290" lon="24.4438620">
    <ele>1129.2</ele>
   </trkpt>
   <trkpt lat="-29.7849970" lon="24.4438510">
    <ele>1129.2</ele>
   </trkpt>
   <trkpt lat="-29.7849700" lon="24.4438380">
    <ele>1129.2</ele>
   </trkpt>
   <trkpt lat="-29.7849140" lon="24.4438140">
    <ele>1129.3</ele>
   </trkpt>
   <trkpt lat="-29.7848700" lon="24.4437950">
    <ele>1129.3</ele>
   </trkpt>
   <trkpt lat="-29.7848390" lon="24.4437810">
    <ele>1129.1</ele>
   </trkpt>
   <trkpt lat="-29.7847990" lon="24.4437620">
    <ele>1128.9</ele>
   </trkpt>
   <trkpt lat="-29.7847690" lon="24.4437480">
    <ele>1128.6</ele>
   </trkpt>
   <trkpt lat="-29.7847400" lon="24.4437330">
    <ele>1128.4</ele>
   </trkpt>
   <trkpt lat="-29.7847090" lon="24.4437200">
    <ele>1128.2</ele>
   </trkpt>
   <trkpt lat="-29.7846790" lon="24.4437050">
    <ele>1128.2</ele>
   </trkpt>
   <trkpt lat="-29.7846470" lon="24.4436890">
    <ele>1128.2</ele>
   </trkpt>
   <trkpt lat="-29.7846100" lon="24.4436750">
    <ele>1128.2</ele>
   </trkpt>
   <trkpt lat="-29.7845760" lon="24.4436600">
    <ele>1128.3</ele>
   </trkpt>
   <trkpt lat="-29.7845410" lon="24.4436430">
    <ele>1128.3</ele>
   </trkpt>
   <trkpt lat="-29.7845070" lon="24.4436290">
    <ele>1128.2</ele>
   </trkpt>
   <trkpt lat="-29.7844720" lon="24.4436210">
    <ele>1128.2</ele>
   </trkpt>
   <trkpt lat="-29.7844390" lon="24.4436130">
    <ele>1128.3</ele>
   </trkpt>
   <trkpt lat="-29.7844060" lon="24.4436070">
    <ele>1128.4</ele>
   </trkpt>
   <trkpt lat="-29.7843730" lon="24.4436070">
    <ele>1128.5</ele>
   </trkpt>
   <trkpt lat="-29.7843390" lon="24.4436090">
    <ele>1128.8</ele>
   </trkpt>
   <trkpt lat="-29.7843040" lon="24.4436180">
    <ele>1129.0</ele>
   </trkpt>
   <trkpt lat="-29.7842680" lon="24.4436280">
    <ele>1129.1</ele>
   </trkpt>
   <trkpt lat="-29.7842330" lon="24.4436410">
    <ele>1129.5</ele>
   </trkpt>
   <trkpt lat="-29.7841990" lon="24.4436570">
    <ele>1129.5</ele>
   </trkpt>
   <trkpt lat="-29.7841970" lon="24.4436600">
    <ele>1129.5</ele>
   </trkpt>
   <trkpt lat="-29.7841680" lon="24.4436750">
    <ele>1129.5</ele>
   </trkpt>
   <trkpt lat="-29.7841350" lon="24.4436950">
    <ele>1129.9</ele>
   </trkpt>
   <trkpt lat="-29.7840890" lon="24.4437190">
    <ele>1130.0</ele>
   </trkpt>
   <trkpt lat="-29.7840640" lon="24.4437340">
    <ele>1130.7</ele>
   </trkpt>
   <trkpt lat="-29.7840220" lon="24.4437550">
    <ele>1130.9</ele>
   </trkpt>
   <trkpt lat="-29.7839970" lon="24.4437690">
    <ele>1131.3</ele>
   </trkpt>
   <trkpt lat="-29.7839720" lon="24.4437840">
    <ele>1131.4</ele>
   </trkpt>
   <trkpt lat="-29.7839570" lon="24.4437920">
    <ele>1131.3</ele>
   </trkpt>
   <trkpt lat="-29.7839180" lon="24.4438170">
    <ele>1131.2</ele>
   </trkpt>
   <trkpt lat="-29.7838840" lon="24.4438330">
    <ele>1131.0</ele>
   </trkpt>
   <trkpt lat="-29.7838140" lon="24.4438720">
    <ele>1130.1</ele>
   </trkpt>
   <trkpt lat="-29.7837780" lon="24.4438920">
    <ele>1129.9</ele>
   </trkpt>
   <trkpt lat="-29.7837510" lon="24.4439070">
    <ele>1129.6</ele>
   </trkpt>
   <trkpt lat="-29.7837180" lon="24.4439220">
    <ele>1129.5</ele>
   </trkpt>
   <trkpt lat="-29.7836870" lon="24.4439370">
    <ele>1129.0</ele>
   </trkpt>
   <trkpt lat="-29.7836640" lon="24.4439560">
    <ele>1128.7</ele>
   </trkpt>
   <trkpt lat="-29.7836350" lon="24.4439660">
    <ele>1128.4</ele>
   </trkpt>
   <trkpt lat="-29.7836070" lon="24.4439800">
    <ele>1128.1</ele>
   </trkpt>
   <trkpt lat="-29.7835820" lon="24.4439930">
    <ele>1127.8</ele>
   </trkpt>
   <trkpt lat="-29.7835500" lon="24.4440090">
    <ele>1127.6</ele>
   </trkpt>
   <trkpt lat="-29.7835380" lon="24.4440160">
    <ele>1127.6</ele>
   </trkpt>
   <trkpt lat="-29.7835140" lon="24.4440320">
    <ele>1127.5</ele>
   </trkpt>
   <trkpt lat="-29.7834650" lon="24.4440710">
    <ele>1127.7</ele>
   </trkpt>
   <trkpt lat="-29.7834400" lon="24.4440920">
    <ele>1128.2</ele>
   </trkpt>
   <trkpt lat="-29.7833990" lon="24.4441500">
    <ele>1128.5</ele>
   </trkpt>
   <trkpt lat="-29.7833810" lon="24.4441810">
    <ele>1128.6</ele>
   </trkpt>
   <trkpt lat="-29.7833650" lon="24.4442160">
    <ele>1129.1</ele>
   </trkpt>
   <trkpt lat="-29.7833410" lon="24.4442950">
    <ele>1129.6</ele>
   </trkpt>
   <trkpt lat="-29.7833330" lon="24.4443370">
    <ele>1130.2</ele>
   </trkpt>
   <trkpt lat="-29.7833200" lon="24.4444220">
    <ele>1130.7</ele>
   </trkpt>
   <trkpt lat="-29.7833170" lon="24.4444650">
    <ele>1130.9</ele>
   </trkpt>
   <trkpt lat="-29.7833120" lon="24.4445110">
    <ele>1131.2</ele>
   </trkpt>
   <trkpt lat="-29.7833050" lon="24.4445570">
    <ele>1131.6</ele>
   </trkpt>
   <trkpt lat="-29.7832980" lon="24.4446020">
    <ele>1132.3</ele>
   </trkpt>
   <trkpt lat="-29.7832920" lon="24.4446490">
    <ele>1132.5</ele>
   </trkpt>
   <trkpt lat="-29.7832870" lon="24.4446940">
    <ele>1132.5</ele>
   </trkpt>
   <trkpt lat="-29.7832820" lon="24.4447390">
    <ele>1132.4</ele>
   </trkpt>
   <trkpt lat="-29.7832750" lon="24.4447830">
    <ele>1132.1</ele>
   </trkpt>
   <trkpt lat="-29.7832680" lon="24.4448230">
    <ele>1131.8</ele>
   </trkpt>
   <trkpt lat="-29.7832630" lon="24.4448620">
    <ele>1131.5</ele>
   </trkpt>
   <trkpt lat="-29.7832580" lon="24.4448980">
    <ele>1131.3</ele>
   </trkpt>
   <trkpt lat="-29.7832530" lon="24.4449320">
    <ele>1131.1</ele>
   </trkpt>
   <trkpt lat="-29.7832490" lon="24.4449660">
    <ele>1131.1</ele>
   </trkpt>
   <trkpt lat="-29.7832430" lon="24.4450040">
    <ele>1130.8</ele>
   </trkpt>
   <trkpt lat="-29.7832360" lon="24.4450420">
    <ele>1130.6</ele>
   </trkpt>
   <trkpt lat="-29.7832300" lon="24.4450820">
    <ele>1130.4</ele>
   </trkpt>
   <trkpt lat="-29.7832260" lon="24.4451230">
    <ele>1130.1</ele>
   </trkpt>
   <trkpt lat="-29.7832200" lon="24.4451630">
    <ele>1130.0</ele>
   </trkpt>
   <trkpt lat="-29.7832120" lon="24.4452060">
    <ele>1129.7</ele>
   </trkpt>
   <trkpt lat="-29.7832070" lon="24.4452480">
    <ele>1129.4</ele>
   </trkpt>
   <trkpt lat="-29.7832010" lon="24.4452900">
    <ele>1129.1</ele>
   </trkpt>
   <trkpt lat="-29.7831940" lon="24.4453340">
    <ele>1128.9</ele>
   </trkpt>
   <trkpt lat="-29.7831870" lon="24.4453760">
    <ele>1128.7</ele>
   </trkpt>
   <trkpt lat="-29.7831810" lon="24.4454200">
    <ele>1128.6</ele>
   </trkpt>
   <trkpt lat="-29.7831750" lon="24.4454630">
    <ele>1128.5</ele>
   </trkpt>
   <trkpt lat="-29.7831690" lon="24.4455090">
    <ele>1128.4</ele>
   </trkpt>
   <trkpt lat="-29.7831640" lon="24.4455440">
    <ele>1128.5</ele>
   </trkpt>
   <trkpt lat="-29.7831610" lon="24.4455680">
    <ele>1128.5</ele>
   </trkpt>
   <trkpt lat="-29.7831540" lon="24.4456290">
    <ele>1128.6</ele>
   </trkpt>
   <trkpt lat="-29.7831490" lon="24.4456700">
    <ele>1128.3</ele>
   </trkpt>
   <trkpt lat="-29.7831390" lon="24.4457220">
    <ele>1128.3</ele>
   </trkpt>
   <trkpt lat="-29.7831330" lon="24.4457600">
    <ele>1128.3</ele>
   </trkpt>
   <trkpt lat="-29.7831270" lon="24.4458050">
    <ele>1128.2</ele>
   </trkpt>
   <trkpt lat="-29.7831200" lon="24.4458490">
    <ele>1128.1</ele>
   </trkpt>
   <trkpt lat="-29.7831130" lon="24.4458920">
    <ele>1127.9</ele>
   </trkpt>
   <trkpt lat="-29.7831050" lon="24.4459370">
    <ele>1127.6</ele>
   </trkpt>
   <trkpt lat="-29.7830990" lon="24.4459780">
    <ele>1127.4</ele>
   </trkpt>
   <trkpt lat="-29.7830930" lon="24.4460170">
    <ele>1127.1</ele>
   </trkpt>
   <trkpt lat="-29.7830880" lon="24.4460520">
    <ele>1127.0</ele>
   </trkpt>
   <trkpt lat="-29.7830820" lon="24.4460920">
    <ele>1126.9</ele>
   </trkpt>
   <trkpt lat="-29.7830720" lon="24.4461300">
    <ele>1126.8</ele>
   </trkpt>
   <trkpt lat="-29.7830660" lon="24.4461680">
    <ele>1127.0</ele>
   </trkpt>
   <trkpt lat="-29.7830610" lon="24.4462080">
    <ele>1127.0</ele>
   </trkpt>
   <trkpt lat="-29.7830530" lon="24.4462460">
    <ele>1127.2</ele>
   </trkpt>
   <trkpt lat="-29.7830470" lon="24.4462860">
    <ele>1127.4</ele>
   </trkpt>
   <trkpt lat="-29.7830410" lon="24.4463270">
    <ele>1127.7</ele>
   </trkpt>
   <trkpt lat="-29.7830340" lon="24.4463680">
    <ele>1127.6</ele>
   </trkpt>
   <trkpt lat="-29.7830270" lon="24.4464070">
    <ele>1127.7</ele>
   </trkpt>
   <trkpt lat="-29.7830200" lon="24.4464480">
    <ele>1127.8</ele>
   </trkpt>
   <trkpt lat="-29.7830120" lon="24.4464910">
    <ele>1127.8</ele>
   </trkpt>
   <trkpt lat="-29.7830060" lon="24.4465310">
    <ele>1127.8</ele>
   </trkpt>
   <trkpt lat="-29.7829990" lon="24.4465750">
    <ele>1127.5</ele>
   </trkpt>
   <trkpt lat="-29.7829910" lon="24.4466180">
    <ele>1127.4</ele>
   </trkpt>
   <trkpt lat="-29.7829830" lon="24.4466610">
    <ele>1127.3</ele>
   </trkpt>
   <trkpt lat="-29.7829740" lon="24.4467070">
    <ele>1127.3</ele>
   </trkpt>
   <trkpt lat="-29.7829650" lon="24.4467520">
    <ele>1127.2</ele>
   </trkpt>
   <trkpt lat="-29.7829570" lon="24.4467970">
    <ele>1127.2</ele>
   </trkpt>
   <trkpt lat="-29.7829490" lon="24.4468400">
    <ele>1127.2</ele>
   </trkpt>
   <trkpt lat="-29.7829410" lon="24.4468790">
    <ele>1127.2</ele>
   </trkpt>
   <trkpt lat="-29.7829340" lon="24.4469170">
    <ele>1127.2</ele>
   </trkpt>
   <trkpt lat="-29.7829240" lon="24.4469550">
    <ele>1127.2</ele>
   </trkpt>
   <trkpt lat="-29.7829140" lon="24.4469870">
    <ele>1127.2</ele>
   </trkpt>
   <trkpt lat="-29.7829050" lon="24.4470170">
    <ele>1127.2</ele>
   </trkpt>
   <trkpt lat="-29.7828900" lon="24.4470560">
    <ele>1127.2</ele>
   </trkpt>
   <trkpt lat="-29.7828840" lon="24.4470680">
    <ele>1127.2</ele>
   </trkpt>
   <trkpt lat="-29.7828660" lon="24.4470980">
    <ele>1127.1</ele>
   </trkpt>
   <trkpt lat="-29.7828590" lon="24.4471080">
    <ele>1127.2</ele>
   </trkpt>
   <trkpt lat="-29.7828390" lon="24.4471350">
    <ele>1127.1</ele>
   </trkpt>
   <trkpt lat="-29.7828320" lon="24.4471440">
    <ele>1127.2</ele>
   </trkpt>
   <trkpt lat="-29.7828120" lon="24.4471670">
    <ele>1127.2</ele>
   </trkpt>
   <trkpt lat="-29.7828060" lon="24.4471750">
    <ele>1127.2</ele>
   </trkpt>
   <trkpt lat="-29.7827970" lon="24.4471870">
    <ele>1127.2</ele>
   </trkpt>
   <trkpt lat="-29.7827870" lon="24.4471970">
    <ele>1127.2</ele>
   </trkpt>
   <trkpt lat="-29.7827760" lon="24.4472050">
    <ele>1127.3</ele>
   </trkpt>
   <trkpt lat="-29.7827670" lon="24.4472130">
    <ele>1127.3</ele>
   </trkpt>
   <trkpt lat="-29.7827600" lon="24.4472200">
    <ele>1127.3</ele>
   </trkpt>
   <trkpt lat="-29.7827550" lon="24.4472250">
    <ele>1127.3</ele>
   </trkpt>
   <trkpt lat="-29.7827530" lon="24.4472270">
    <ele>1127.3</ele>
   </trkpt>
   <trkpt lat="-29.7827530" lon="24.4472250">
    <ele>1127.3</ele>
   </trkpt>
   <trkpt lat="-29.7827520" lon="24.4472240">
    <ele>1127.3</ele>
   </trkpt>
   <trkpt lat="-29.7827510" lon="24.4472240">
    <ele>1127.3</ele>
   </trkpt>
   <trkpt lat="-29.7827540" lon="24.4472240">
    <ele>1127.3</ele>
   </trkpt>
   <trkpt lat="-29.7827530" lon="24.4472250">
    <ele>1127.4</ele>
   </trkpt>
   <trkpt lat="-29.7827530" lon="24.4472250">
    <ele>1127.4</ele>
   </trkpt>
   <trkpt lat="-29.7827530" lon="24.4472250">
    <ele>1127.4</ele>
   </trkpt>
   <trkpt lat="-29.7827550" lon="24.4472240">
    <ele>1127.4</ele>
   </trkpt>
   <trkpt lat="-29.7827540" lon="24.4472260">
    <ele>1127.4</ele>
   </trkpt>
   <trkpt lat="-29.7827120" lon="24.4472420">
    <ele>1127.5</ele>
   </trkpt>
   <trkpt lat="-29.7827060" lon="24.4472480">
    <ele>1127.5</ele>
   </trkpt>
   <trkpt lat="-29.7827000" lon="24.4472540">
    <ele>1127.5</ele>
   </trkpt>
   <trkpt lat="-29.7826960" lon="24.4472570">
    <ele>1127.5</ele>
   </trkpt>
   <trkpt lat="-29.7826890" lon="24.4472640">
    <ele>1127.5</ele>
   </trkpt>
   <trkpt lat="-29.7826850" lon="24.4472710">
    <ele>1127.5</ele>
   </trkpt>
   <trkpt lat="-29.7826810" lon="24.4472750">
    <ele>1127.6</ele>
   </trkpt>
   <trkpt lat="-29.7826760" lon="24.4472810">
    <ele>1127.6</ele>
   </trkpt>
   <trkpt lat="-29.7826710" lon="24.4472890">
    <ele>1127.9</ele>
   </trkpt>
   <trkpt lat="-29.7826670" lon="24.4472950">
    <ele>1127.9</ele>
   </trkpt>
   <trkpt lat="-29.7826650" lon="24.4473050">
    <ele>1127.9</ele>
   </trkpt>
   <trkpt lat="-29.7826620" lon="24.4473110">
    <ele>1127.9</ele>
   </trkpt>
   <trkpt lat="-29.7826600" lon="24.4473170">
    <ele>1127.9</ele>
   </trkpt>
   <trkpt lat="-29.7826560" lon="24.4473200">
    <ele>1127.9</ele>
   </trkpt>
   <trkpt lat="-29.7826500" lon="24.4473250">
    <ele>1127.9</ele>
   </trkpt>
   <trkpt lat="-29.7826420" lon="24.4473260">
    <ele>1127.9</ele>
   </trkpt>
   <trkpt lat="-29.7826340" lon="24.4473270">
    <ele>1127.9</ele>
   </trkpt>
   <trkpt lat="-29.7826250" lon="24.4473250">
    <ele>1127.9</ele>
   </trkpt>
   <trkpt lat="-29.7826180" lon="24.4473190">
    <ele>1128.0</ele>
   </trkpt>
   <trkpt lat="-29.7826160" lon="24.4473140">
    <ele>1128.0</ele>
   </trkpt>
   <trkpt lat="-29.7826130" lon="24.4473100">
    <ele>1128.0</ele>
   </trkpt>
   <trkpt lat="-29.7826150" lon="24.4473120">
    <ele>1128.0</ele>
   </trkpt>
   <trkpt lat="-29.7826150" lon="24.4473120">
    <ele>1128.0</ele>
   </trkpt>
   <trkpt lat="-29.7826150" lon="24.4473120">
    <ele>1128.0</ele>
   </trkpt>
   <trkpt lat="-29.7826150" lon="24.4473130">
    <ele>1128.0</ele>
   </trkpt>
   <trkpt lat="-29.7826140" lon="24.4473130">
    <ele>1128.0</ele>
   </trkpt>
   <trkpt lat="-29.7826140" lon="24.4473130">
    <ele>1128.0</ele>
   </trkpt>
   <trkpt lat="-29.7826140" lon="24.4473130">
    <ele>1128.0</ele>
   </trkpt>
   <trkpt lat="-29.7826140" lon="24.4473130">
    <ele>1128.0</ele>
   </trkpt>
   <trkpt lat="-29.7826020" lon="24.4472700">
    <ele>1128.0</ele>
   </trkpt>
   <trkpt lat="-29.7825960" lon="24.4472520">
    <ele>1128.1</ele>
   </trkpt>
   <trkpt lat="-29.7825790" lon="24.4472210">
    <ele>1128.1</ele>
   </trkpt>
   <trkpt lat="-29.7825710" lon="24.4472130">
    <ele>1128.1</ele>
   </trkpt>
   <trkpt lat="-29.7825410" lon="24.4472000">
    <ele>1128.2</ele>
   </trkpt>
   <trkpt lat="-29.7825290" lon="24.4471980">
    <ele>1128.2</ele>
   </trkpt>
   <trkpt lat="-29.7825020" lon="24.4471830">
    <ele>1128.2</ele>
   </trkpt>
   <trkpt lat="-29.7824940" lon="24.4471730">
    <ele>1128.2</ele>
   </trkpt>
   <trkpt lat="-29.7824830" lon="24.4471360">
    <ele>1128.3</ele>
   </trkpt>
   <trkpt lat="-29.7824800" lon="24.4471250">
    <ele>1128.3</ele>
   </trkpt>
   <trkpt lat="-29.7824740" lon="24.4470890">
    <ele>1128.3</ele>
   </trkpt>
   <trkpt lat="-29.7824710" lon="24.4470750">
    <ele>1128.4</ele>
   </trkpt>
   <trkpt lat="-29.7824460" lon="24.4470390">
    <ele>1128.5</ele>
   </trkpt>
   <trkpt lat="-29.7824360" lon="24.4470270">
    <ele>1128.6</ele>
   </trkpt>
   <trkpt lat="-29.7824140" lon="24.4469900">
    <ele>1128.7</ele>
   </trkpt>
   <trkpt lat="-29.7824070" lon="24.4469770">
    <ele>1128.7</ele>
   </trkpt>
   <trkpt lat="-29.7823880" lon="24.4469380">
    <ele>1128.8</ele>
   </trkpt>
   <trkpt lat="-29.7823820" lon="24.4469250">
    <ele>1128.9</ele>
   </trkpt>
   <trkpt lat="-29.7823690" lon="24.4468980">
    <ele>1128.9</ele>
   </trkpt>
   <trkpt lat="-29.7823500" lon="24.4468590">
    <ele>1129.0</ele>
   </trkpt>
   <trkpt lat="-29.7823440" lon="24.4468460">
    <ele>1129.0</ele>
   </trkpt>
   <trkpt lat="-29.7823300" lon="24.4468020">
    <ele>1129.1</ele>
   </trkpt>
   <trkpt lat="-29.7823250" lon="24.4467850">
    <ele>1129.2</ele>
   </trkpt>
   <trkpt lat="-29.7823050" lon="24.4467460">
    <ele>1129.2</ele>
   </trkpt>
   <trkpt lat="-29.7822980" lon="24.4467330">
    <ele>1129.2</ele>
   </trkpt>
   <trkpt lat="-29.7822850" lon="24.4467030">
    <ele>1129.3</ele>
   </trkpt>
   <trkpt lat="-29.7822730" lon="24.4466740">
    <ele>1129.3</ele>
   </trkpt>
   <trkpt lat="-29.7822590" lon="24.4466440">
    <ele>1129.4</ele>
   </trkpt>
   <trkpt lat="-29.7822460" lon="24.4466150">
    <ele>1129.4</ele>
   </trkpt>
   <trkpt lat="-29.7822330" lon="24.4465860">
    <ele>1129.4</ele>
   </trkpt>
   <trkpt lat="-29.7822210" lon="24.4465550">
    <ele>1129.5</ele>
   </trkpt>
   <trkpt lat="-29.7822090" lon="24.4465240">
    <ele>1129.5</ele>
   </trkpt>
   <trkpt lat="-29.7821960" lon="24.4464940">
    <ele>1129.6</ele>
   </trkpt>
   <trkpt lat="-29.7821840" lon="24.4464650">
    <ele>1129.6</ele>
   </trkpt>
   <trkpt lat="-29.7821720" lon="24.4464350">
    <ele>1129.7</ele>
   </trkpt>
   <trkpt lat="-29.7821600" lon="24.4464060">
    <ele>1129.7</ele>
   </trkpt>
   <trkpt lat="-29.7821490" lon="24.4463770">
    <ele>1129.8</ele>
   </trkpt>
   <trkpt lat="-29.7821410" lon="24.4463570">
    <ele>1129.8</ele>
   </trkpt>
   <trkpt lat="-29.7821290" lon="24.4463320">
    <ele>1129.9</ele>
   </trkpt>
   <trkpt lat="-29.7821210" lon="24.4463180">
    <ele>1129.9</ele>
   </trkpt>
   <trkpt lat="-29.7821050" lon="24.4462790">
    <ele>1130.0</ele>
   </trkpt>
   <trkpt lat="-29.7821000" lon="24.4462670">
    <ele>1130.0</ele>
   </trkpt>
   <trkpt lat="-29.7820850" lon="24.4462350">
    <ele>1130.0</ele>
   </trkpt>
   <trkpt lat="-29.7820710" lon="24.4461930">
    <ele>1130.1</ele>
   </trkpt>
   <trkpt lat="-29.7820650" lon="24.4461780">
    <ele>1130.1</ele>
   </trkpt>
   <trkpt lat="-29.7820490" lon="24.4461360">
    <ele>1130.1</ele>
   </trkpt>
   <trkpt lat="-29.7820380" lon="24.4460950">
    <ele>1130.2</ele>
   </trkpt>
   <trkpt lat="-29.7820310" lon="24.4460770">
    <ele>1130.2</ele>
   </trkpt>
   <trkpt lat="-29.7820210" lon="24.4460420">
    <ele>1130.2</ele>
   </trkpt>
   <trkpt lat="-29.7820030" lon="24.4459840">
    <ele>1130.3</ele>
   </trkpt>
   <trkpt lat="-29.7819930" lon="24.4459540">
    <ele>1130.3</ele>
   </trkpt>
   <trkpt lat="-29.7819870" lon="24.4459260">
    <ele>1130.3</ele>
   </trkpt>
   <trkpt lat="-29.7819810" lon="24.4459090">
    <ele>1130.4</ele>
   </trkpt>
   <trkpt lat="-29.7819690" lon="24.4458680">
    <ele>1130.4</ele>
   </trkpt>
   <trkpt lat="-29.7819610" lon="24.4458320">
    <ele>1130.4</ele>
   </trkpt>
   <trkpt lat="-29.7819570" lon="24.4458150">
    <ele>1130.4</ele>
   </trkpt>
   <trkpt lat="-29.7819590" lon="24.4457780">
    <ele>1130.5</ele>
   </trkpt>
   <trkpt lat="-29.7819610" lon="24.4457310">
    <ele>1130.5</ele>
   </trkpt>
   <trkpt lat="-29.7819610" lon="24.4457100">
    <ele>1130.5</ele>
   </trkpt>
   <trkpt lat="-29.7819540" lon="24.4456780">
    <ele>1130.5</ele>
   </trkpt>
   <trkpt lat="-29.7819460" lon="24.4456440">
    <ele>1130.5</ele>
   </trkpt>
   <trkpt lat="-29.7819340" lon="24.4455940">
    <ele>1130.5</ele>
   </trkpt>
   <trkpt lat="-29.7819180" lon="24.4455230">
    <ele>1130.5</ele>
   </trkpt>
   <trkpt lat="-29.7819090" lon="24.4454860">
    <ele>1130.5</ele>
   </trkpt>
   <trkpt lat="-29.7818990" lon="24.4454470">
    <ele>1130.6</ele>
   </trkpt>
   <trkpt lat="-29.7818880" lon="24.4454060">
    <ele>1130.6</ele>
   </trkpt>
   <trkpt lat="-29.7818780" lon="24.4453650">
    <ele>1130.6</ele>
   </trkpt>
   <trkpt lat="-29.7818700" lon="24.4453410">
    <ele>1130.6</ele>
   </trkpt>
   <trkpt lat="-29.7818640" lon="24.4453250">
    <ele>1130.6</ele>
   </trkpt>
   <trkpt lat="-29.7818520" lon="24.4452800">
    <ele>1130.7</ele>
   </trkpt>
   <trkpt lat="-29.7818380" lon="24.4452370">
    <ele>1130.7</ele>
   </trkpt>
   <trkpt lat="-29.7818320" lon="24.4452180">
    <ele>1130.7</ele>
   </trkpt>
   <trkpt lat="-29.7818230" lon="24.4451800">
    <ele>1130.8</ele>
   </trkpt>
   <trkpt lat="-29.7818130" lon="24.4451490">
    <ele>1130.8</ele>
   </trkpt>
   <trkpt lat="-29.7818000" lon="24.4451080">
    <ele>1130.8</ele>
   </trkpt>
   <trkpt lat="-29.7817900" lon="24.4450720">
    <ele>1130.9</ele>
   </trkpt>
   <trkpt lat="-29.7817800" lon="24.4450390">
    <ele>1130.9</ele>
   </trkpt>
   <trkpt lat="-29.7817690" lon="24.4450030">
    <ele>1131.0</ele>
   </trkpt>
   <trkpt lat="-29.7817550" lon="24.4449570">
    <ele>1131.0</ele>
   </trkpt>
   <trkpt lat="-29.7817350" lon="24.4448870">
    <ele>1131.1</ele>
   </trkpt>
   <trkpt lat="-29.7817220" lon="24.4448470">
    <ele>1131.1</ele>
   </trkpt>
   <trkpt lat="-29.7817090" lon="24.4447910">
    <ele>1131.2</ele>
   </trkpt>
   <trkpt lat="-29.7817010" lon="24.4447510">
    <ele>1131.2</ele>
   </trkpt>
   <trkpt lat="-29.7816910" lon="24.4447090">
    <ele>1131.2</ele>
   </trkpt>
   <trkpt lat="-29.7816790" lon="24.4446620">
    <ele>1131.3</ele>
   </trkpt>
   <trkpt lat="-29.7816670" lon="24.4446180">
    <ele>1131.3</ele>
   </trkpt>
   <trkpt lat="-29.7816540" lon="24.4445770">
    <ele>1131.4</ele>
   </trkpt>
   <trkpt lat="-29.7816420" lon="24.4445360">
    <ele>1131.5</ele>
   </trkpt>
   <trkpt lat="-29.7816310" lon="24.4444940">
    <ele>1131.6</ele>
   </trkpt>
   <trkpt lat="-29.7816180" lon="24.4444540">
    <ele>1131.6</ele>
   </trkpt>
   <trkpt lat="-29.7816070" lon="24.4444140">
    <ele>1131.7</ele>
   </trkpt>
   <trkpt lat="-29.7815960" lon="24.4443730">
    <ele>1131.8</ele>
   </trkpt>
   <trkpt lat="-29.7815850" lon="24.4443320">
    <ele>1131.8</ele>
   </trkpt>
   <trkpt lat="-29.7815750" lon="24.4442930">
    <ele>1131.9</ele>
   </trkpt>
   <trkpt lat="-29.7815660" lon="24.4442550">
    <ele>1131.9</ele>
   </trkpt>
   <trkpt lat="-29.7815530" lon="24.4442160">
    <ele>1131.9</ele>
   </trkpt>
   <trkpt lat="-29.7815430" lon="24.4441770">
    <ele>1132.0</ele>
   </trkpt>
   <trkpt lat="-29.7815320" lon="24.4441400">
    <ele>1132.0</ele>
   </trkpt>
   <trkpt lat="-29.7815210" lon="24.4441000">
    <ele>1132.1</ele>
   </trkpt>
   <trkpt lat="-29.7815100" lon="24.4440620">
    <ele>1132.1</ele>
   </trkpt>
   <trkpt lat="-29.7814990" lon="24.4440220">
    <ele>1132.2</ele>
   </trkpt>
   <trkpt lat="-29.7814890" lon="24.4439830">
    <ele>1132.3</ele>
   </trkpt>
   <trkpt lat="-29.7814770" lon="24.4439450">
    <ele>1132.3</ele>
   </trkpt>
   <trkpt lat="-29.7814670" lon="24.4439060">
    <ele>1132.4</ele>
   </trkpt>
   <trkpt lat="-29.7814550" lon="24.4438660">
    <ele>1132.4</ele>
   </trkpt>
   <trkpt lat="-29.7814460" lon="24.4438270">
    <ele>1132.5</ele>
   </trkpt>
   <trkpt lat="-29.7814340" lon="24.4437860">
    <ele>1132.5</ele>
   </trkpt>
   <trkpt lat="-29.7814210" lon="24.4437480">
    <ele>1132.6</ele>
   </trkpt>
   <trkpt lat="-29.7814100" lon="24.4437110">
    <ele>1132.6</ele>
   </trkpt>
   <trkpt lat="-29.7814000" lon="24.4436750">
    <ele>1132.7</ele>
   </trkpt>
   <trkpt lat="-29.7813920" lon="24.4436380">
    <ele>1132.7</ele>
   </trkpt>
   <trkpt lat="-29.7813780" lon="24.4435980">
    <ele>1132.7</ele>
   </trkpt>
   <trkpt lat="-29.7813670" lon="24.4435560">
    <ele>1132.8</ele>
   </trkpt>
   <trkpt lat="-29.7813560" lon="24.4435140">
    <ele>1132.8</ele>
   </trkpt>
   <trkpt lat="-29.7813460" lon="24.4434730">
    <ele>1132.9</ele>
   </trkpt>
   <trkpt lat="-29.7813340" lon="24.4434320">
    <ele>1132.9</ele>
   </trkpt>
   <trkpt lat="-29.7813220" lon="24.4433890">
    <ele>1132.9</ele>
   </trkpt>
   <trkpt lat="-29.7813080" lon="24.4433490">
    <ele>1133.0</ele>
   </trkpt>
   <trkpt lat="-29.7812970" lon="24.4433070">
    <ele>1133.0</ele>
   </trkpt>
   <trkpt lat="-29.7812860" lon="24.4432670">
    <ele>1133.0</ele>
   </trkpt>
   <trkpt lat="-29.7812760" lon="24.4432270">
    <ele>1133.1</ele>
   </trkpt>
   <trkpt lat="-29.7812650" lon="24.4431880">
    <ele>1133.1</ele>
   </trkpt>
   <trkpt lat="-29.7812530" lon="24.4431480">
    <ele>1133.1</ele>
   </trkpt>
   <trkpt lat="-29.7812420" lon="24.4431090">
    <ele>1133.1</ele>
   </trkpt>
   <trkpt lat="-29.7812320" lon="24.4430680">
    <ele>1133.2</ele>
   </trkpt>
   <trkpt lat="-29.7812200" lon="24.4430280">
    <ele>1133.2</ele>
   </trkpt>
   <trkpt lat="-29.7812090" lon="24.4429870">
    <ele>1133.2</ele>
   </trkpt>
   <trkpt lat="-29.7811970" lon="24.4429470">
    <ele>1133.2</ele>
   </trkpt>
   <trkpt lat="-29.7811850" lon="24.4429050">
    <ele>1133.3</ele>
   </trkpt>
   <trkpt lat="-29.7811740" lon="24.4428640">
    <ele>1133.3</ele>
   </trkpt>
   <trkpt lat="-29.7811620" lon="24.4428230">
    <ele>1133.3</ele>
   </trkpt>
   <trkpt lat="-29.7811500" lon="24.4427810">
    <ele>1133.4</ele>
   </trkpt>
   <trkpt lat="-29.7811400" lon="24.4427400">
    <ele>1133.4</ele>
   </trkpt>
   <trkpt lat="-29.7811280" lon="24.4427010">
    <ele>1133.4</ele>
   </trkpt>
   <trkpt lat="-29.7811170" lon="24.4426610">
    <ele>1133.4</ele>
   </trkpt>
   <trkpt lat="-29.7811040" lon="24.4426210">
    <ele>1133.5</ele>
   </trkpt>
   <trkpt lat="-29.7810960" lon="24.4425960">
    <ele>1133.5</ele>
   </trkpt>
   <trkpt lat="-29.7810900" lon="24.4425800">
    <ele>1133.5</ele>
   </trkpt>
   <trkpt lat="-29.7810790" lon="24.4425380">
    <ele>1133.5</ele>
   </trkpt>
   <trkpt lat="-29.7810660" lon="24.4424980">
    <ele>1133.6</ele>
   </trkpt>
   <trkpt lat="-29.7810610" lon="24.4424820">
    <ele>1133.6</ele>
   </trkpt>
   <trkpt lat="-29.7810540" lon="24.4424350">
    <ele>1133.6</ele>
   </trkpt>
   <trkpt lat="-29.7810390" lon="24.4423850">
    <ele>1133.6</ele>
   </trkpt>
   <trkpt lat="-29.7810330" lon="24.4423580">
    <ele>1133.7</ele>
   </trkpt>
   <trkpt lat="-29.7810170" lon="24.4423060">
    <ele>1133.7</ele>
   </trkpt>
   <trkpt lat="-29.7810000" lon="24.4422540">
    <ele>1133.7</ele>
   </trkpt>
   <trkpt lat="-29.7809870" lon="24.4422060">
    <ele>1133.8</ele>
   </trkpt>
   <trkpt lat="-29.7809750" lon="24.4421580">
    <ele>1133.8</ele>
   </trkpt>
   <trkpt lat="-29.7809620" lon="24.4421140">
    <ele>1133.9</ele>
   </trkpt>
   <trkpt lat="-29.7809500" lon="24.4420690">
    <ele>1133.9</ele>
   </trkpt>
   <trkpt lat="-29.7809370" lon="24.4420270">
    <ele>1133.9</ele>
   </trkpt>
   <trkpt lat="-29.7809220" lon="24.4419840">
    <ele>1134.0</ele>
   </trkpt>
   <trkpt lat="-29.7809150" lon="24.4419610">
    <ele>1134.0</ele>
   </trkpt>
   <trkpt lat="-29.7809040" lon="24.4419290">
    <ele>1134.1</ele>
   </trkpt>
   <trkpt lat="-29.7808960" lon="24.4419060">
    <ele>1134.1</ele>
   </trkpt>
   <trkpt lat="-29.7808830" lon="24.4418720">
    <ele>1134.2</ele>
   </trkpt>
   <trkpt lat="-29.7808670" lon="24.4418340">
    <ele>1134.2</ele>
   </trkpt>
   <trkpt lat="-29.7808600" lon="24.4418090">
    <ele>1134.3</ele>
   </trkpt>
   <trkpt lat="-29.7808480" lon="24.4417780">
    <ele>1134.3</ele>
   </trkpt>
   <trkpt lat="-29.7808410" lon="24.4417390">
    <ele>1134.4</ele>
   </trkpt>
   <trkpt lat="-29.7808280" lon="24.4416980">
    <ele>1134.4</ele>
   </trkpt>
   <trkpt lat="-29.7808190" lon="24.4416740">
    <ele>1134.4</ele>
   </trkpt>
   <trkpt lat="-29.7808060" lon="24.4416320">
    <ele>1134.5</ele>
   </trkpt>
   <trkpt lat="-29.7807990" lon="24.4416090">
    <ele>1134.5</ele>
   </trkpt>
   <trkpt lat="-29.7807860" lon="24.4415680">
    <ele>1134.6</ele>
   </trkpt>
   <trkpt lat="-29.7807770" lon="24.4415440">
    <ele>1134.6</ele>
   </trkpt>
   <trkpt lat="-29.7807690" lon="24.4415080">
    <ele>1134.7</ele>
   </trkpt>
   <trkpt lat="-29.7807570" lon="24.4414580">
    <ele>1134.7</ele>
   </trkpt>
   <trkpt lat="-29.7807370" lon="24.4414080">
    <ele>1134.8</ele>
   </trkpt>
   <trkpt lat="-29.7807240" lon="24.4413630">
    <ele>1134.9</ele>
   </trkpt>
   <trkpt lat="-29.7807130" lon="24.4413160">
    <ele>1135.0</ele>
   </trkpt>
   <trkpt lat="-29.7807030" lon="24.4412690">
    <ele>1135.0</ele>
   </trkpt>
   <trkpt lat="-29.7806900" lon="24.4412290">
    <ele>1135.1</ele>
   </trkpt>
   <trkpt lat="-29.7806810" lon="24.4411900">
    <ele>1135.2</ele>
   </trkpt>
   <trkpt lat="-29.7806720" lon="24.4411490">
    <ele>1135.3</ele>
   </trkpt>
   <trkpt lat="-29.7806660" lon="24.4411130">
    <ele>1135.3</ele>
   </trkpt>
   <trkpt lat="-29.7806550" lon="24.4410740">
    <ele>1135.4</ele>
   </trkpt>
   <trkpt lat="-29.7806470" lon="24.4410410">
    <ele>1135.4</ele>
   </trkpt>
   <trkpt lat="-29.7806380" lon="24.4410050">
    <ele>1135.5</ele>
   </trkpt>
   <trkpt lat="-29.7806290" lon="24.4409680">
    <ele>1135.6</ele>
   </trkpt>
   <trkpt lat="-29.7806200" lon="24.4409320">
    <ele>1135.6</ele>
   </trkpt>
   <trkpt lat="-29.7806030" lon="24.4408970">
    <ele>1135.7</ele>
   </trkpt>
   <trkpt lat="-29.7805730" lon="24.4408760">
    <ele>1135.8</ele>
   </trkpt>
   <trkpt lat="-29.7805440" lon="24.4408550">
    <ele>1135.8</ele>
   </trkpt>
   <trkpt lat="-29.7805320" lon="24.4408190">
    <ele>1135.9</ele>
   </trkpt>
   <trkpt lat="-29.7805280" lon="24.4407830">
    <ele>1136.0</ele>
   </trkpt>
   <trkpt lat="-29.7805210" lon="24.4407500">
    <ele>1136.0</ele>
   </trkpt>
   <trkpt lat="-29.7805160" lon="24.4407310">
    <ele>1136.1</ele>
   </trkpt>
   <trkpt lat="-29.7805050" lon="24.4406940">
    <ele>1136.1</ele>
   </trkpt>
   <trkpt lat="-29.7804960" lon="24.4406560">
    <ele>1136.2</ele>
   </trkpt>
   <trkpt lat="-29.7804860" lon="24.4406200">
    <ele>1136.3</ele>
   </trkpt>
   <trkpt lat="-29.7804750" lon="24.4405830">
    <ele>1136.3</ele>
   </trkpt>
   <trkpt lat="-29.7804620" lon="24.4405490">
    <ele>1136.4</ele>
   </trkpt>
   <trkpt lat="-29.7804540" lon="24.4405090">
    <ele>1136.5</ele>
   </trkpt>
   <trkpt lat="-29.7804420" lon="24.4404730">
    <ele>1136.6</ele>
   </trkpt>
   <trkpt lat="-29.7804310" lon="24.4404400">
    <ele>1136.6</ele>
   </trkpt>
   <trkpt lat="-29.7804220" lon="24.4404020">
    <ele>1136.7</ele>
   </trkpt>
   <trkpt lat="-29.7804120" lon="24.4403670">
    <ele>1136.8</ele>
   </trkpt>
   <trkpt lat="-29.7804010" lon="24.4403310">
    <ele>1136.9</ele>
   </trkpt>
   <trkpt lat="-29.7803880" lon="24.4403000">
    <ele>1136.9</ele>
   </trkpt>
   <trkpt lat="-29.7803770" lon="24.4402660">
    <ele>1137.0</ele>
   </trkpt>
   <trkpt lat="-29.7803680" lon="24.4402320">
    <ele>1137.1</ele>
   </trkpt>
   <trkpt lat="-29.7803630" lon="24.4401950">
    <ele>1137.1</ele>
   </trkpt>
   <trkpt lat="-29.7803540" lon="24.4401620">
    <ele>1137.2</ele>
   </trkpt>
   <trkpt lat="-29.7803420" lon="24.4401280">
    <ele>1137.3</ele>
   </trkpt>
   <trkpt lat="-29.7803310" lon="24.4400900">
    <ele>1137.3</ele>
   </trkpt>
   <trkpt lat="-29.7803210" lon="24.4400560">
    <ele>1137.4</ele>
   </trkpt>
   <trkpt lat="-29.7803130" lon="24.4400200">
    <ele>1137.5</ele>
   </trkpt>
   <trkpt lat="-29.7803040" lon="24.4399870">
    <ele>1137.6</ele>
   </trkpt>
   <trkpt lat="-29.7802930" lon="24.4399520">
    <ele>1137.6</ele>
   </trkpt>
   <trkpt lat="-29.7802850" lon="24.4399180">
    <ele>1137.7</ele>
   </trkpt>
   <trkpt lat="-29.7802760" lon="24.4398840">
    <ele>1137.8</ele>
   </trkpt>
   <trkpt lat="-29.7802660" lon="24.4398490">
    <ele>1137.9</ele>
   </trkpt>
   <trkpt lat="-29.7802560" lon="24.4398180">
    <ele>1137.9</ele>
   </trkpt>
   <trkpt lat="-29.7802470" lon="24.4397850">
    <ele>1138.0</ele>
   </trkpt>
   <trkpt lat="-29.7802380" lon="24.4397510">
    <ele>1138.1</ele>
   </trkpt>
   <trkpt lat="-29.7802270" lon="24.4397170">
    <ele>1138.2</ele>
   </trkpt>
   <trkpt lat="-29.7802190" lon="24.4396810">
    <ele>1138.2</ele>
   </trkpt>
   <trkpt lat="-29.7802130" lon="24.4396480">
    <ele>1138.3</ele>
   </trkpt>
   <trkpt lat="-29.7802020" lon="24.4396150">
    <ele>1138.4</ele>
   </trkpt>
   <trkpt lat="-29.7801900" lon="24.4395810">
    <ele>1138.5</ele>
   </trkpt>
   <trkpt lat="-29.7801790" lon="24.4395490">
    <ele>1138.6</ele>
   </trkpt>
   <trkpt lat="-29.7801690" lon="24.4395140">
    <ele>1138.6</ele>
   </trkpt>
   <trkpt lat="-29.7801590" lon="24.4394770">
    <ele>1138.7</ele>
   </trkpt>
   <trkpt lat="-29.7801520" lon="24.4394420">
    <ele>1138.8</ele>
   </trkpt>
   <trkpt lat="-29.7801420" lon="24.4394060">
    <ele>1138.9</ele>
   </trkpt>
   <trkpt lat="-29.7801310" lon="24.4393730">
    <ele>1139.0</ele>
   </trkpt>
   <trkpt lat="-29.7801210" lon="24.4393370">
    <ele>1139.0</ele>
   </trkpt>
   <trkpt lat="-29.7801130" lon="24.4393100">
    <ele>1139.1</ele>
   </trkpt>
   <trkpt lat="-29.7801080" lon="24.4392960">
    <ele>1139.1</ele>
   </trkpt>
   <trkpt lat="-29.7800960" lon="24.4392670">
    <ele>1139.2</ele>
   </trkpt>
   <trkpt lat="-29.7800850" lon="24.4392380">
    <ele>1139.2</ele>
   </trkpt>
   <trkpt lat="-29.7800660" lon="24.4391830">
    <ele>1139.4</ele>
   </trkpt>
   <trkpt lat="-29.7800570" lon="24.4391580">
    <ele>1139.4</ele>
   </trkpt>
   <trkpt lat="-29.7800420" lon="24.4391050">
    <ele>1139.5</ele>
   </trkpt>
   <trkpt lat="-29.7800340" lon="24.4390700">
    <ele>1139.6</ele>
   </trkpt>
   <trkpt lat="-29.7800250" lon="24.4390320">
    <ele>1139.6</ele>
   </trkpt>
   <trkpt lat="-29.7800130" lon="24.4389960">
    <ele>1139.7</ele>
   </trkpt>
   <trkpt lat="-29.7799990" lon="24.4389620">
    <ele>1139.8</ele>
   </trkpt>
   <trkpt lat="-29.7799890" lon="24.4389250">
    <ele>1139.8</ele>
   </trkpt>
   <trkpt lat="-29.7799790" lon="24.4388870">
    <ele>1139.9</ele>
   </trkpt>
   <trkpt lat="-29.7799680" lon="24.4388540">
    <ele>1140.0</ele>
   </trkpt>
   <trkpt lat="-29.7799570" lon="24.4388190">
    <ele>1140.0</ele>
   </trkpt>
   <trkpt lat="-29.7799430" lon="24.4387830">
    <ele>1140.1</ele>
   </trkpt>
   <trkpt lat="-29.7799290" lon="24.4387510">
    <ele>1140.2</ele>
   </trkpt>
   <trkpt lat="-29.7799180" lon="24.4387130">
    <ele>1140.3</ele>
   </trkpt>
   <trkpt lat="-29.7799040" lon="24.4386790">
    <ele>1140.4</ele>
   </trkpt>
   <trkpt lat="-29.7798930" lon="24.4386430">
    <ele>1140.5</ele>
   </trkpt>
   <trkpt lat="-29.7798810" lon="24.4386080">
    <ele>1140.6</ele>
   </trkpt>
   <trkpt lat="-29.7798700" lon="24.4385740">
    <ele>1140.6</ele>
   </trkpt>
   <trkpt lat="-29.7798570" lon="24.4385410">
    <ele>1140.7</ele>
   </trkpt>
   <trkpt lat="-29.7798430" lon="24.4385080">
    <ele>1140.8</ele>
   </trkpt>
   <trkpt lat="-29.7798310" lon="24.4384750">
    <ele>1140.9</ele>
   </trkpt>
   <trkpt lat="-29.7798220" lon="24.4384410">
    <ele>1140.9</ele>
   </trkpt>
   <trkpt lat="-29.7798130" lon="24.4383970">
    <ele>1141.0</ele>
   </trkpt>
   <trkpt lat="-29.7798080" lon="24.4383840">
    <ele>1141.1</ele>
   </trkpt>
   <trkpt lat="-29.7797950" lon="24.4383530">
    <ele>1141.2</ele>
   </trkpt>
   <trkpt lat="-29.7797800" lon="24.4383220">
    <ele>1141.2</ele>
   </trkpt>
   <trkpt lat="-29.7797680" lon="24.4382910">
    <ele>1141.3</ele>
   </trkpt>
   <trkpt lat="-29.7797550" lon="24.4382570">
    <ele>1141.4</ele>
   </trkpt>
   <trkpt lat="-29.7797400" lon="24.4382240">
    <ele>1141.5</ele>
   </trkpt>
   <trkpt lat="-29.7797250" lon="24.4381900">
    <ele>1141.5</ele>
   </trkpt>
   <trkpt lat="-29.7797080" lon="24.4381580">
    <ele>1141.6</ele>
   </trkpt>
   <trkpt lat="-29.7796950" lon="24.4381210">
    <ele>1141.7</ele>
   </trkpt>
   <trkpt lat="-29.7796920" lon="24.4381180">
    <ele>1141.7</ele>
   </trkpt>
   <trkpt lat="-29.7796760" lon="24.4380910">
    <ele>1141.7</ele>
   </trkpt>
   <trkpt lat="-29.7796550" lon="24.4380480">
    <ele>1141.8</ele>
   </trkpt>
   <trkpt lat="-29.7796270" lon="24.4379860">
    <ele>1141.9</ele>
   </trkpt>
   <trkpt lat="-29.7796140" lon="24.4379570">
    <ele>1142.0</ele>
   </trkpt>
   <trkpt lat="-29.7795980" lon="24.4379260">
    <ele>1142.0</ele>
   </trkpt>
   <trkpt lat="-29.7795810" lon="24.4378920">
    <ele>1142.1</ele>
   </trkpt>
   <trkpt lat="-29.7795670" lon="24.4378570">
    <ele>1142.1</ele>
   </trkpt>
   <trkpt lat="-29.7795550" lon="24.4378200">
    <ele>1142.1</ele>
   </trkpt>
   <trkpt lat="-29.7795420" lon="24.4377840">
    <ele>1142.2</ele>
   </trkpt>
   <trkpt lat="-29.7795230" lon="24.4377510">
    <ele>1142.2</ele>
   </trkpt>
   <trkpt lat="-29.7795050" lon="24.4377170">
    <ele>1142.2</ele>
   </trkpt>
   <trkpt lat="-29.7794880" lon="24.4376830">
    <ele>1142.2</ele>
   </trkpt>
   <trkpt lat="-29.7794690" lon="24.4376480">
    <ele>1142.3</ele>
   </trkpt>
   <trkpt lat="-29.7794500" lon="24.4376150">
    <ele>1142.3</ele>
   </trkpt>
   <trkpt lat="-29.7794330" lon="24.4375800">
    <ele>1142.3</ele>
   </trkpt>
   <trkpt lat="-29.7794170" lon="24.4375400">
    <ele>1142.3</ele>
   </trkpt>
   <trkpt lat="-29.7793970" lon="24.4375130">
    <ele>1142.3</ele>
   </trkpt>
   <trkpt lat="-29.7793790" lon="24.4374830">
    <ele>1142.3</ele>
   </trkpt>
   <trkpt lat="-29.7793600" lon="24.4374530">
    <ele>1142.2</ele>
   </trkpt>
   <trkpt lat="-29.7793370" lon="24.4374190">
    <ele>1142.2</ele>
   </trkpt>
   <trkpt lat="-29.7793180" lon="24.4373860">
    <ele>1142.2</ele>
   </trkpt>
   <trkpt lat="-29.7792980" lon="24.4373550">
    <ele>1142.2</ele>
   </trkpt>
   <trkpt lat="-29.7792780" lon="24.4373290">
    <ele>1142.1</ele>
   </trkpt>
   <trkpt lat="-29.7792590" lon="24.4373010">
    <ele>1142.1</ele>
   </trkpt>
   <trkpt lat="-29.7792410" lon="24.4372710">
    <ele>1142.1</ele>
   </trkpt>
   <trkpt lat="-29.7792220" lon="24.4372440">
    <ele>1142.0</ele>
   </trkpt>
   <trkpt lat="-29.7792000" lon="24.4372130">
    <ele>1142.0</ele>
   </trkpt>
   <trkpt lat="-29.7791840" lon="24.4371930">
    <ele>1141.9</ele>
   </trkpt>
   <trkpt lat="-29.7791730" lon="24.4371800">
    <ele>1141.9</ele>
   </trkpt>
   <trkpt lat="-29.7791490" lon="24.4371460">
    <ele>1141.8</ele>
   </trkpt>
   <trkpt lat="-29.7791230" lon="24.4371130">
    <ele>1141.7</ele>
   </trkpt>
   <trkpt lat="-29.7791110" lon="24.4371000">
    <ele>1141.7</ele>
   </trkpt>
   <trkpt lat="-29.7790850" lon="24.4370570">
    <ele>1141.6</ele>
   </trkpt>
   <trkpt lat="-29.7790520" lon="24.4370140">
    <ele>1141.5</ele>
   </trkpt>
   <trkpt lat="-29.7790200" lon="24.4369720">
    <ele>1141.4</ele>
   </trkpt>
   <trkpt lat="-29.7789930" lon="24.4369260">
    <ele>1141.3</ele>
   </trkpt>
   <trkpt lat="-29.7789600" lon="24.4368840">
    <ele>1141.2</ele>
   </trkpt>
   <trkpt lat="-29.7789270" lon="24.4368460">
    <ele>1141.0</ele>
   </trkpt>
   <trkpt lat="-29.7788960" lon="24.4368100">
    <ele>1140.9</ele>
   </trkpt>
   <trkpt lat="-29.7788620" lon="24.4367730">
    <ele>1140.7</ele>
   </trkpt>
   <trkpt lat="-29.7788310" lon="24.4367370">
    <ele>1140.5</ele>
   </trkpt>
   <trkpt lat="-29.7788060" lon="24.4366980">
    <ele>1140.3</ele>
   </trkpt>
   <trkpt lat="-29.7787720" lon="24.4366640">
    <ele>1140.1</ele>
   </trkpt>
   <trkpt lat="-29.7787460" lon="24.4366280">
    <ele>1140.0</ele>
   </trkpt>
   <trkpt lat="-29.7787200" lon="24.4365960">
    <ele>1139.8</ele>
   </trkpt>
   <trkpt lat="-29.7786910" lon="24.4365630">
    <ele>1139.6</ele>
   </trkpt>
   <trkpt lat="-29.7786600" lon="24.4365310">
    <ele>1139.4</ele>
   </trkpt>
   <trkpt lat="-29.7786320" lon="24.4364940">
    <ele>1139.2</ele>
   </trkpt>
   <trkpt lat="-29.7786030" lon="24.4364600">
    <ele>1139.0</ele>
   </trkpt>
   <trkpt lat="-29.7785700" lon="24.4364290">
    <ele>1138.8</ele>
   </trkpt>
   <trkpt lat="-29.7785350" lon="24.4363940">
    <ele>1138.6</ele>
   </trkpt>
   <trkpt lat="-29.7784950" lon="24.4363670">
    <ele>1138.4</ele>
   </trkpt>
   <trkpt lat="-29.7784570" lon="24.4363360">
    <ele>1138.1</ele>
   </trkpt>
   <trkpt lat="-29.7784250" lon="24.4362940">
    <ele>1137.9</ele>
   </trkpt>
   <trkpt lat="-29.7783930" lon="24.4362540">
    <ele>1137.6</ele>
   </trkpt>
   <trkpt lat="-29.7783570" lon="24.4362190">
    <ele>1137.4</ele>
   </trkpt>
   <trkpt lat="-29.7783240" lon="24.4361840">
    <ele>1137.1</ele>
   </trkpt>
   <trkpt lat="-29.7782860" lon="24.4361390">
    <ele>1136.8</ele>
   </trkpt>
   <trkpt lat="-29.7782470" lon="24.4360980">
    <ele>1136.5</ele>
   </trkpt>
   <trkpt lat="-29.7782120" lon="24.4360550">
    <ele>1136.3</ele>
   </trkpt>
   <trkpt lat="-29.7781760" lon="24.4360140">
    <ele>1136.0</ele>
   </trkpt>
   <trkpt lat="-29.7781360" lon="24.4359720">
    <ele>1135.8</ele>
   </trkpt>
   <trkpt lat="-29.7780940" lon="24.4359280">
    <ele>1135.5</ele>
   </trkpt>
   <trkpt lat="-29.7780570" lon="24.4358830">
    <ele>1135.2</ele>
   </trkpt>
   <trkpt lat="-29.7780120" lon="24.4358390">
    <ele>1134.9</ele>
   </trkpt>
   <trkpt lat="-29.7779640" lon="24.4358040">
    <ele>1134.7</ele>
   </trkpt>
   <trkpt lat="-29.7779240" lon="24.4357560">
    <ele>1134.4</ele>
   </trkpt>
   <trkpt lat="-29.7778830" lon="24.4357090">
    <ele>1134.1</ele>
   </trkpt>
   <trkpt lat="-29.7778410" lon="24.4356610">
    <ele>1133.9</ele>
   </trkpt>
   <trkpt lat="-29.7777940" lon="24.4356170">
    <ele>1133.6</ele>
   </trkpt>
   <trkpt lat="-29.7777520" lon="24.4355690">
    <ele>1133.3</ele>
   </trkpt>
   <trkpt lat="-29.7777070" lon="24.4355200">
    <ele>1133.1</ele>
   </trkpt>
   <trkpt lat="-29.7776580" lon="24.4354770">
    <ele>1132.8</ele>
   </trkpt>
   <trkpt lat="-29.7776140" lon="24.4354280">
    <ele>1132.5</ele>
   </trkpt>
   <trkpt lat="-29.7775730" lon="24.4353780">
    <ele>1132.2</ele>
   </trkpt>
   <trkpt lat="-29.7775280" lon="24.4353320">
    <ele>1131.9</ele>
   </trkpt>
   <trkpt lat="-29.7774810" lon="24.4352880">
    <ele>1131.7</ele>
   </trkpt>
   <trkpt lat="-29.7774360" lon="24.4352440">
    <ele>1131.4</ele>
   </trkpt>
   <trkpt lat="-29.7773860" lon="24.4352040">
    <ele>1131.2</ele>
   </trkpt>
   <trkpt lat="-29.7773370" lon="24.4351610">
    <ele>1130.9</ele>
   </trkpt>
   <trkpt lat="-29.7772940" lon="24.4351170">
    <ele>1130.7</ele>
   </trkpt>
   <trkpt lat="-29.7772410" lon="24.4350830">
    <ele>1130.4</ele>
   </trkpt>
   <trkpt lat="-29.7772010" lon="24.4350400">
    <ele>1130.2</ele>
   </trkpt>
   <trkpt lat="-29.7771610" lon="24.4349900">
    <ele>1129.9</ele>
   </trkpt>
   <trkpt lat="-29.7771190" lon="24.4349430">
    <ele>1129.7</ele>
   </trkpt>
   <trkpt lat="-29.7770780" lon="24.4348970">
    <ele>1129.4</ele>
   </trkpt>
   <trkpt lat="-29.7770390" lon="24.4348550">
    <ele>1129.2</ele>
   </trkpt>
   <trkpt lat="-29.7769980" lon="24.4348100">
    <ele>1129.0</ele>
   </trkpt>
   <trkpt lat="-29.7769630" lon="24.4347660">
    <ele>1128.7</ele>
   </trkpt>
   <trkpt lat="-29.7769270" lon="24.4347210">
    <ele>1128.5</ele>
   </trkpt>
   <trkpt lat="-29.7768860" lon="24.4346790">
    <ele>1128.3</ele>
   </trkpt>
   <trkpt lat="-29.7768390" lon="24.4346370">
    <ele>1128.0</ele>
   </trkpt>
   <trkpt lat="-29.7767990" lon="24.4345930">
    <ele>1127.8</ele>
   </trkpt>
   <trkpt lat="-29.7767580" lon="24.4345450">
    <ele>1127.6</ele>
   </trkpt>
   <trkpt lat="-29.7767130" lon="24.4345010">
    <ele>1127.4</ele>
   </trkpt>
   <trkpt lat="-29.7766730" lon="24.4344550">
    <ele>1127.2</ele>
   </trkpt>
   <trkpt lat="-29.7766290" lon="24.4344080">
    <ele>1127.1</ele>
   </trkpt>
   <trkpt lat="-29.7765860" lon="24.4343620">
    <ele>1126.9</ele>
   </trkpt>
   <trkpt lat="-29.7765440" lon="24.4343170">
    <ele>1126.8</ele>
   </trkpt>
   <trkpt lat="-29.7765040" lon="24.4342710">
    <ele>1126.7</ele>
   </trkpt>
   <trkpt lat="-29.7764640" lon="24.4342260">
    <ele>1126.6</ele>
   </trkpt>
   <trkpt lat="-29.7764250" lon="24.4341780">
    <ele>1126.5</ele>
   </trkpt>
   <trkpt lat="-29.7763820" lon="24.4341400">
    <ele>1126.3</ele>
   </trkpt>
   <trkpt lat="-29.7763410" lon="24.4341020">
    <ele>1126.2</ele>
   </trkpt>
   <trkpt lat="-29.7763030" lon="24.4340580">
    <ele>1126.0</ele>
   </trkpt>
   <trkpt lat="-29.7762610" lon="24.4340150">
    <ele>1125.7</ele>
   </trkpt>
   <trkpt lat="-29.7762230" lon="24.4339720">
    <ele>1125.4</ele>
   </trkpt>
   <trkpt lat="-29.7761820" lon="24.4339260">
    <ele>1125.1</ele>
   </trkpt>
   <trkpt lat="-29.7761420" lon="24.4338810">
    <ele>1124.7</ele>
   </trkpt>
   <trkpt lat="-29.7760980" lon="24.4338350">
    <ele>1124.4</ele>
   </trkpt>
   <trkpt lat="-29.7760550" lon="24.4337900">
    <ele>1124.2</ele>
   </trkpt>
   <trkpt lat="-29.7760130" lon="24.4337440">
    <ele>1124.0</ele>
   </trkpt>
   <trkpt lat="-29.7759710" lon="24.4336970">
    <ele>1123.8</ele>
   </trkpt>
   <trkpt lat="-29.7759300" lon="24.4336510">
    <ele>1123.7</ele>
   </trkpt>
   <trkpt lat="-29.7758900" lon="24.4336020">
    <ele>1123.5</ele>
   </trkpt>
   <trkpt lat="-29.7758510" lon="24.4335550">
    <ele>1123.4</ele>
   </trkpt>
   <trkpt lat="-29.7758130" lon="24.4335070">
    <ele>1123.2</ele>
   </trkpt>
   <trkpt lat="-29.7757750" lon="24.4334600">
    <ele>1123.1</ele>
   </trkpt>
   <trkpt lat="-29.7757340" lon="24.4334170">
    <ele>1123.0</ele>
   </trkpt>
   <trkpt lat="-29.7756940" lon="24.4333700">
    <ele>1122.9</ele>
   </trkpt>
   <trkpt lat="-29.7756500" lon="24.4333280">
    <ele>1122.7</ele>
   </trkpt>
   <trkpt lat="-29.7756060" lon="24.4332830">
    <ele>1122.6</ele>
   </trkpt>
   <trkpt lat="-29.7755650" lon="24.4332400">
    <ele>1122.5</ele>
   </trkpt>
   <trkpt lat="-29.7755270" lon="24.4331940">
    <ele>1122.3</ele>
   </trkpt>
   <trkpt lat="-29.7754890" lon="24.4331460">
    <ele>1122.2</ele>
   </trkpt>
   <trkpt lat="-29.7754500" lon="24.4331030">
    <ele>1122.0</ele>
   </trkpt>
   <trkpt lat="-29.7754100" lon="24.4330590">
    <ele>1121.9</ele>
   </trkpt>
   <trkpt lat="-29.7753690" lon="24.4330170">
    <ele>1121.7</ele>
   </trkpt>
   <trkpt lat="-29.7753280" lon="24.4329720">
    <ele>1121.6</ele>
   </trkpt>
   <trkpt lat="-29.7752860" lon="24.4329280">
    <ele>1121.4</ele>
   </trkpt>
   <trkpt lat="-29.7752450" lon="24.4328830">
    <ele>1121.3</ele>
   </trkpt>
   <trkpt lat="-29.7752000" lon="24.4328400">
    <ele>1121.1</ele>
   </trkpt>
   <trkpt lat="-29.7751590" lon="24.4327950">
    <ele>1121.0</ele>
   </trkpt>
   <trkpt lat="-29.7751150" lon="24.4327490">
    <ele>1120.8</ele>
   </trkpt>
   <trkpt lat="-29.7750720" lon="24.4327050">
    <ele>1120.6</ele>
   </trkpt>
   <trkpt lat="-29.7750280" lon="24.4326590">
    <ele>1120.5</ele>
   </trkpt>
   <trkpt lat="-29.7749840" lon="24.4326140">
    <ele>1120.3</ele>
   </trkpt>
   <trkpt lat="-29.7749380" lon="24.4325690">
    <ele>1120.1</ele>
   </trkpt>
   <trkpt lat="-29.7748920" lon="24.4325210">
    <ele>1119.9</ele>
   </trkpt>
   <trkpt lat="-29.7748440" lon="24.4324770">
    <ele>1119.7</ele>
   </trkpt>
   <trkpt lat="-29.7747900" lon="24.4324390">
    <ele>1119.5</ele>
   </trkpt>
   <trkpt lat="-29.7747420" lon="24.4323930">
    <ele>1119.3</ele>
   </trkpt>
   <trkpt lat="-29.7746960" lon="24.4323450">
    <ele>1119.1</ele>
   </trkpt>
   <trkpt lat="-29.7746500" lon="24.4322960">
    <ele>1118.9</ele>
   </trkpt>
   <trkpt lat="-29.7746000" lon="24.4322490">
    <ele>1118.6</ele>
   </trkpt>
   <trkpt lat="-29.7745530" lon="24.4321990">
    <ele>1118.4</ele>
   </trkpt>
   <trkpt lat="-29.7745090" lon="24.4321450">
    <ele>1118.2</ele>
   </trkpt>
   <trkpt lat="-29.7744650" lon="24.4320880">
    <ele>1118.0</ele>
   </trkpt>
   <trkpt lat="-29.7744180" lon="24.4320310">
    <ele>1117.8</ele>
   </trkpt>
   <trkpt lat="-29.7743730" lon="24.4319740">
    <ele>1117.6</ele>
   </trkpt>
   <trkpt lat="-29.7743260" lon="24.4319200">
    <ele>1117.4</ele>
   </trkpt>
   <trkpt lat="-29.7742760" lon="24.4318650">
    <ele>1117.2</ele>
   </trkpt>
   <trkpt lat="-29.7742300" lon="24.4318060">
    <ele>1117.0</ele>
   </trkpt>
   <trkpt lat="-29.7741850" lon="24.4317470">
    <ele>1116.8</ele>
   </trkpt>
   <trkpt lat="-29.7741430" lon="24.4316820">
    <ele>1116.6</ele>
   </trkpt>
   <trkpt lat="-29.7740990" lon="24.4316190">
    <ele>1116.3</ele>
   </trkpt>
   <trkpt lat="-29.7740540" lon="24.4315600">
    <ele>1116.0</ele>
   </trkpt>
   <trkpt lat="-29.7740080" lon="24.4314980">
    <ele>1115.7</ele>
   </trkpt>
   <trkpt lat="-29.7739660" lon="24.4314310">
    <ele>1115.4</ele>
   </trkpt>
   <trkpt lat="-29.7739250" lon="24.4313640">
    <ele>1115.1</ele>
   </trkpt>
   <trkpt lat="-29.7738870" lon="24.4312900">
    <ele>1114.8</ele>
   </trkpt>
   <trkpt lat="-29.7738470" lon="24.4312170">
    <ele>1114.5</ele>
   </trkpt>
   <trkpt lat="-29.7738100" lon="24.4311400">
    <ele>1114.3</ele>
   </trkpt>
   <trkpt lat="-29.7737720" lon="24.4310680">
    <ele>1114.1</ele>
   </trkpt>
   <trkpt lat="-29.7737350" lon="24.4309930">
    <ele>1113.9</ele>
   </trkpt>
   <trkpt lat="-29.7736980" lon="24.4309190">
    <ele>1113.7</ele>
   </trkpt>
   <trkpt lat="-29.7736650" lon="24.4308440">
    <ele>1113.5</ele>
   </trkpt>
   <trkpt lat="-29.7736390" lon="24.4307670">
    <ele>1113.3</ele>
   </trkpt>
   <trkpt lat="-29.7736160" lon="24.4306910">
    <ele>1113.2</ele>
   </trkpt>
   <trkpt lat="-29.7735860" lon="24.4306170">
    <ele>1113.0</ele>
   </trkpt>
   <trkpt lat="-29.7735570" lon="24.4305420">
    <ele>1112.9</ele>
   </trkpt>
   <trkpt lat="-29.7735280" lon="24.4304720">
    <ele>1112.8</ele>
   </trkpt>
   <trkpt lat="-29.7735070" lon="24.4303970">
    <ele>1112.7</ele>
   </trkpt>
   <trkpt lat="-29.7734880" lon="24.4303230">
    <ele>1112.6</ele>
   </trkpt>
   <trkpt lat="-29.7734630" lon="24.4302520">
    <ele>1112.5</ele>
   </trkpt>
   <trkpt lat="-29.7734390" lon="24.4301830">
    <ele>1112.4</ele>
   </trkpt>
   <trkpt lat="-29.7734220" lon="24.4301170">
    <ele>1112.4</ele>
   </trkpt>
   <trkpt lat="-29.7734070" lon="24.4300470">
    <ele>1112.3</ele>
   </trkpt>
   <trkpt lat="-29.7733890" lon="24.4299820">
    <ele>1112.3</ele>
   </trkpt>
   <trkpt lat="-29.7733700" lon="24.4299200">
    <ele>1112.3</ele>
   </trkpt>
   <trkpt lat="-29.7733570" lon="24.4298570">
    <ele>1112.2</ele>
   </trkpt>
   <trkpt lat="-29.7733450" lon="24.4297990">
    <ele>1112.2</ele>
   </trkpt>
   <trkpt lat="-29.7733300" lon="24.4297420">
    <ele>1112.2</ele>
   </trkpt>
   <trkpt lat="-29.7733160" lon="24.4296860">
    <ele>1112.1</ele>
   </trkpt>
   <trkpt lat="-29.7733040" lon="24.4296290">
    <ele>1112.0</ele>
   </trkpt>
   <trkpt lat="-29.7732950" lon="24.4295720">
    <ele>1111.9</ele>
   </trkpt>
   <trkpt lat="-29.7732810" lon="24.4295210">
    <ele>1111.8</ele>
   </trkpt>
   <trkpt lat="-29.7732660" lon="24.4294660">
    <ele>1111.7</ele>
   </trkpt>
   <trkpt lat="-29.7732540" lon="24.4294110">
    <ele>1111.5</ele>
   </trkpt>
   <trkpt lat="-29.7732480" lon="24.4293510">
    <ele>1111.3</ele>
   </trkpt>
   <trkpt lat="-29.7732520" lon="24.4292910">
    <ele>1111.1</ele>
   </trkpt>
   <trkpt lat="-29.7732450" lon="24.4292360">
    <ele>1111.0</ele>
   </trkpt>
   <trkpt lat="-29.7732300" lon="24.4291810">
    <ele>1110.7</ele>
   </trkpt>
   <trkpt lat="-29.7732150" lon="24.4291250">
    <ele>1110.5</ele>
   </trkpt>
   <trkpt lat="-29.7732040" lon="24.4290720">
    <ele>1110.3</ele>
   </trkpt>
   <trkpt lat="-29.7731900" lon="24.4290170">
    <ele>1110.1</ele>
   </trkpt>
   <trkpt lat="-29.7731770" lon="24.4289610">
    <ele>1109.9</ele>
   </trkpt>
   <trkpt lat="-29.7731620" lon="24.4289040">
    <ele>1109.6</ele>
   </trkpt>
   <trkpt lat="-29.7731480" lon="24.4288470">
    <ele>1109.4</ele>
   </trkpt>
   <trkpt lat="-29.7731340" lon="24.4287900">
    <ele>1109.1</ele>
   </trkpt>
   <trkpt lat="-29.7731250" lon="24.4287310">
    <ele>1108.9</ele>
   </trkpt>
   <trkpt lat="-29.7731180" lon="24.4286710">
    <ele>1108.7</ele>
   </trkpt>
   <trkpt lat="-29.7731210" lon="24.4286070">
    <ele>1108.6</ele>
   </trkpt>
   <trkpt lat="-29.7731350" lon="24.4285430">
    <ele>1108.4</ele>
   </trkpt>
   <trkpt lat="-29.7731590" lon="24.4284820">
    <ele>1108.3</ele>
   </trkpt>
   <trkpt lat="-29.7731980" lon="24.4284370">
    <ele>1108.2</ele>
   </trkpt>
   <trkpt lat="-29.7732450" lon="24.4284060">
    <ele>1108.2</ele>
   </trkpt>
   <trkpt lat="-29.7732820" lon="24.4283770">
    <ele>1108.3</ele>
   </trkpt>
   <trkpt lat="-29.7733100" lon="24.4283540">
    <ele>1108.3</ele>
   </trkpt>
   <trkpt lat="-29.7733390" lon="24.4283350">
    <ele>1108.3</ele>
   </trkpt>
   <trkpt lat="-29.7733710" lon="24.4283300">
    <ele>1108.4</ele>
   </trkpt>
   <trkpt lat="-29.7733980" lon="24.4283250">
    <ele>1108.4</ele>
   </trkpt>
   <trkpt lat="-29.7734360" lon="24.4283210">
    <ele>1108.4</ele>
   </trkpt>
   <trkpt lat="-29.7734470" lon="24.4283190">
    <ele>1108.4</ele>
   </trkpt>
   <trkpt lat="-29.7734640" lon="24.4283160">
    <ele>1108.5</ele>
   </trkpt>
   <trkpt lat="-29.7734820" lon="24.4283140">
    <ele>1108.5</ele>
   </trkpt>
   <trkpt lat="-29.7734990" lon="24.4283110">
    <ele>1108.5</ele>
   </trkpt>
   <trkpt lat="-29.7735140" lon="24.4283050">
    <ele>1108.5</ele>
   </trkpt>
   <trkpt lat="-29.7735320" lon="24.4283000">
    <ele>1108.5</ele>
   </trkpt>
   <trkpt lat="-29.7735490" lon="24.4282950">
    <ele>1108.5</ele>
   </trkpt>
   <trkpt lat="-29.7735660" lon="24.4282880">
    <ele>1108.6</ele>
   </trkpt>
   <trkpt lat="-29.7735840" lon="24.4282830">
    <ele>1108.6</ele>
   </trkpt>
   <trkpt lat="-29.7736020" lon="24.4282840">
    <ele>1108.6</ele>
   </trkpt>
   <trkpt lat="-29.7736170" lon="24.4282840">
    <ele>1108.6</ele>
   </trkpt>
   <trkpt lat="-29.7736310" lon="24.4282790">
    <ele>1108.6</ele>
   </trkpt>
   <trkpt lat="-29.7736480" lon="24.4282760">
    <ele>1108.6</ele>
   </trkpt>
   <trkpt lat="-29.7736660" lon="24.4282710">
    <ele>1108.7</ele>
   </trkpt>
   <trkpt lat="-29.7736830" lon="24.4282630">
    <ele>1108.7</ele>
   </trkpt>
   <trkpt lat="-29.7737130" lon="24.4282500">
    <ele>1108.7</ele>
   </trkpt>
   <trkpt lat="-29.7737220" lon="24.4282470">
    <ele>1108.7</ele>
   </trkpt>
   <trkpt lat="-29.7737430" lon="24.4282450">
    <ele>1108.7</ele>
   </trkpt>
   <trkpt lat="-29.7737580" lon="24.4282430">
    <ele>1108.7</ele>
   </trkpt>
   <trkpt lat="-29.7737750" lon="24.4282340">
    <ele>1108.7</ele>
   </trkpt>
   <trkpt lat="-29.7737920" lon="24.4282280">
    <ele>1108.8</ele>
   </trkpt>
   <trkpt lat="-29.7738190" lon="24.4282200">
    <ele>1108.8</ele>
   </trkpt>
   <trkpt lat="-29.7738540" lon="24.4282140">
    <ele>1108.8</ele>
   </trkpt>
   <trkpt lat="-29.7738650" lon="24.4282120">
    <ele>1108.8</ele>
   </trkpt>
   <trkpt lat="-29.7738950" lon="24.4282060">
    <ele>1108.9</ele>
   </trkpt>
   <trkpt lat="-29.7739050" lon="24.4282010">
    <ele>1108.9</ele>
   </trkpt>
   <trkpt lat="-29.7739390" lon="24.4281910">
    <ele>1108.9</ele>
   </trkpt>
   <trkpt lat="-29.7739490" lon="24.4281880">
    <ele>1108.9</ele>
   </trkpt>
   <trkpt lat="-29.7739840" lon="24.4281810">
    <ele>1108.9</ele>
   </trkpt>
   <trkpt lat="-29.7739950" lon="24.4281780">
    <ele>1109.0</ele>
   </trkpt>
   <trkpt lat="-29.7740310" lon="24.4281700">
    <ele>1109.0</ele>
   </trkpt>
   <trkpt lat="-29.7740420" lon="24.4281670">
    <ele>1109.0</ele>
   </trkpt>
   <trkpt lat="-29.7740770" lon="24.4281570">
    <ele>1109.0</ele>
   </trkpt>
   <trkpt lat="-29.7740880" lon="24.4281550">
    <ele>1109.0</ele>
   </trkpt>
   <trkpt lat="-29.7741230" lon="24.4281430">
    <ele>1109.1</ele>
   </trkpt>
   <trkpt lat="-29.7741350" lon="24.4281390">
    <ele>1109.1</ele>
   </trkpt>
   <trkpt lat="-29.7741720" lon="24.4281300">
    <ele>1109.1</ele>
   </trkpt>
   <trkpt lat="-29.7741840" lon="24.4281270">
    <ele>1109.1</ele>
   </trkpt>
   <trkpt lat="-29.7742210" lon="24.4281180">
    <ele>1109.2</ele>
   </trkpt>
   <trkpt lat="-29.7742330" lon="24.4281150">
    <ele>1109.2</ele>
   </trkpt>
   <trkpt lat="-29.7742700" lon="24.4281040">
    <ele>1109.2</ele>
   </trkpt>
   <trkpt lat="-29.7742820" lon="24.4281000">
    <ele>1109.2</ele>
   </trkpt>
   <trkpt lat="-29.7743080" lon="24.4280920">
    <ele>1109.2</ele>
   </trkpt>
   <trkpt lat="-29.7743470" lon="24.4280820">
    <ele>1109.3</ele>
   </trkpt>
   <trkpt lat="-29.7743590" lon="24.4280790">
    <ele>1109.3</ele>
   </trkpt>
   <trkpt lat="-29.7743850" lon="24.4280690">
    <ele>1109.3</ele>
   </trkpt>
   <trkpt lat="-29.7744230" lon="24.4280560">
    <ele>1109.3</ele>
   </trkpt>
   <trkpt lat="-29.7744360" lon="24.4280520">
    <ele>1109.4</ele>
   </trkpt>
   <trkpt lat="-29.7744720" lon="24.4280420">
    <ele>1109.4</ele>
   </trkpt>
   <trkpt lat="-29.7744840" lon="24.4280380">
    <ele>1109.4</ele>
   </trkpt>
   <trkpt lat="-29.7745230" lon="24.4280290">
    <ele>1109.4</ele>
   </trkpt>
   <trkpt lat="-29.7745340" lon="24.4280260">
    <ele>1109.4</ele>
   </trkpt>
   <trkpt lat="-29.7745740" lon="24.4280150">
    <ele>1109.5</ele>
   </trkpt>
   <trkpt lat="-29.7745870" lon="24.4280110">
    <ele>1109.5</ele>
   </trkpt>
   <trkpt lat="-29.7746270" lon="24.4280010">
    <ele>1109.5</ele>
   </trkpt>
   <trkpt lat="-29.7746400" lon="24.4279960">
    <ele>1109.5</ele>
   </trkpt>
   <trkpt lat="-29.7746790" lon="24.4279840">
    <ele>1109.5</ele>
   </trkpt>
   <trkpt lat="-29.7746930" lon="24.4279800">
    <ele>1109.6</ele>
   </trkpt>
   <trkpt lat="-29.7747200" lon="24.4279700">
    <ele>1109.6</ele>
   </trkpt>
   <trkpt lat="-29.7747470" lon="24.4279620">
    <ele>1109.6</ele>
   </trkpt>
   <trkpt lat="-29.7747760" lon="24.4279600">
    <ele>1109.6</ele>
   </trkpt>
   <trkpt lat="-29.7748040" lon="24.4279540">
    <ele>1109.6</ele>
   </trkpt>
   <trkpt lat="-29.7748390" lon="24.4279440">
    <ele>1109.6</ele>
   </trkpt>
   <trkpt lat="-29.7748520" lon="24.4279390">
    <ele>1109.6</ele>
   </trkpt>
   <trkpt lat="-29.7748850" lon="24.4279310">
    <ele>1109.6</ele>
   </trkpt>
   <trkpt lat="-29.7749200" lon="24.4279220">
    <ele>1109.7</ele>
   </trkpt>
   <trkpt lat="-29.7749490" lon="24.4279150">
    <ele>1109.7</ele>
   </trkpt>
   <trkpt lat="-29.7749780" lon="24.4279070">
    <ele>1109.7</ele>
   </trkpt>
   <trkpt lat="-29.7750070" lon="24.4278990">
    <ele>1109.7</ele>
   </trkpt>
   <trkpt lat="-29.7750370" lon="24.4278900">
    <ele>1109.7</ele>
   </trkpt>
   <trkpt lat="-29.7750650" lon="24.4278830">
    <ele>1109.7</ele>
   </trkpt>
   <trkpt lat="-29.7750960" lon="24.4278750">
    <ele>1109.7</ele>
   </trkpt>
   <trkpt lat="-29.7751250" lon="24.4278670">
    <ele>1109.8</ele>
   </trkpt>
   <trkpt lat="-29.7751550" lon="24.4278600">
    <ele>1109.8</ele>
   </trkpt>
   <trkpt lat="-29.7751840" lon="24.4278530">
    <ele>1109.8</ele>
   </trkpt>
   <trkpt lat="-29.7752140" lon="24.4278440">
    <ele>1109.8</ele>
   </trkpt>
   <trkpt lat="-29.7752450" lon="24.4278360">
    <ele>1109.8</ele>
   </trkpt>
   <trkpt lat="-29.7752750" lon="24.4278290">
    <ele>1109.8</ele>
   </trkpt>
   <trkpt lat="-29.7753060" lon="24.4278210">
    <ele>1109.8</ele>
   </trkpt>
   <trkpt lat="-29.7753370" lon="24.4278130">
    <ele>1109.8</ele>
   </trkpt>
   <trkpt lat="-29.7753440" lon="24.4278080">
    <ele>1109.8</ele>
   </trkpt>
   <trkpt lat="-29.7753660" lon="24.4278010">
    <ele>1109.8</ele>
   </trkpt>
   <trkpt lat="-29.7754060" lon="24.4277870">
    <ele>1109.9</ele>
   </trkpt>
   <trkpt lat="-29.7754560" lon="24.4277720">
    <ele>1109.9</ele>
   </trkpt>
   <trkpt lat="-29.7754850" lon="24.4277650">
    <ele>1109.9</ele>
   </trkpt>
   <trkpt lat="-29.7755160" lon="24.4277560">
    <ele>1109.9</ele>
   </trkpt>
   <trkpt lat="-29.7755470" lon="24.4277460">
    <ele>1109.9</ele>
   </trkpt>
   <trkpt lat="-29.7755790" lon="24.4277370">
    <ele>1109.9</ele>
   </trkpt>
   <trkpt lat="-29.7756110" lon="24.4277310">
    <ele>1109.9</ele>
   </trkpt>
   <trkpt lat="-29.7756440" lon="24.4277210">
    <ele>1109.9</ele>
   </trkpt>
   <trkpt lat="-29.7756760" lon="24.4277130">
    <ele>1109.9</ele>
   </trkpt>
   <trkpt lat="-29.7757100" lon="24.4277030">
    <ele>1109.9</ele>
   </trkpt>
   <trkpt lat="-29.7757420" lon="24.4276950">
    <ele>1109.9</ele>
   </trkpt>
   <trkpt lat="-29.7757740" lon="24.4276860">
    <ele>1109.9</ele>
   </trkpt>
   <trkpt lat="-29.7758080" lon="24.4276780">
    <ele>1109.9</ele>
   </trkpt>
   <trkpt lat="-29.7758400" lon="24.4276680">
    <ele>1109.9</ele>
   </trkpt>
   <trkpt lat="-29.7758720" lon="24.4276590">
    <ele>1109.9</ele>
   </trkpt>
   <trkpt lat="-29.7759040" lon="24.4276490">
    <ele>1109.9</ele>
   </trkpt>
   <trkpt lat="-29.7759360" lon="24.4276380">
    <ele>1109.9</ele>
   </trkpt>
   <trkpt lat="-29.7759680" lon="24.4276270">
    <ele>1109.9</ele>
   </trkpt>
   <trkpt lat="-29.7759990" lon="24.4276180">
    <ele>1109.9</ele>
   </trkpt>
   <trkpt lat="-29.7760210" lon="24.4276110">
    <ele>1109.9</ele>
   </trkpt>
   <trkpt lat="-29.7760500" lon="24.4276050">
    <ele>1109.9</ele>
   </trkpt>
   <trkpt lat="-29.7760660" lon="24.4276010">
    <ele>1109.9</ele>
   </trkpt>
   <trkpt lat="-29.7761100" lon="24.4276060">
    <ele>1109.9</ele>
   </trkpt>
   <trkpt lat="-29.7761370" lon="24.4276120">
    <ele>1109.9</ele>
   </trkpt>
   <trkpt lat="-29.7762020" lon="24.4276110">
    <ele>1109.9</ele>
   </trkpt>
   <trkpt lat="-29.7762340" lon="24.4276050">
    <ele>1109.9</ele>
   </trkpt>
   <trkpt lat="-29.7762630" lon="24.4275900">
    <ele>1109.9</ele>
   </trkpt>
   <trkpt lat="-29.7762930" lon="24.4275780">
    <ele>1110.0</ele>
   </trkpt>
   <trkpt lat="-29.7763260" lon="24.4275690">
    <ele>1110.0</ele>
   </trkpt>
   <trkpt lat="-29.7763600" lon="24.4275610">
    <ele>1110.0</ele>
   </trkpt>
   <trkpt lat="-29.7763930" lon="24.4275520">
    <ele>1110.0</ele>
   </trkpt>
   <trkpt lat="-29.7764270" lon="24.4275440">
    <ele>1110.0</ele>
   </trkpt>
   <trkpt lat="-29.7764600" lon="24.4275360">
    <ele>1110.0</ele>
   </trkpt>
   <trkpt lat="-29.7764930" lon="24.4275270">
    <ele>1110.0</ele>
   </trkpt>
   <trkpt lat="-29.7765270" lon="24.4275180">
    <ele>1110.0</ele>
   </trkpt>
   <trkpt lat="-29.7765590" lon="24.4275070">
    <ele>1110.0</ele>
   </trkpt>
   <trkpt lat="-29.7765910" lon="24.4274970">
    <ele>1110.0</ele>
   </trkpt>
   <trkpt lat="-29.7766230" lon="24.4274870">
    <ele>1110.0</ele>
   </trkpt>
   <trkpt lat="-29.7766510" lon="24.4274770">
    <ele>1110.1</ele>
   </trkpt>
   <trkpt lat="-29.7766660" lon="24.4274720">
    <ele>1110.1</ele>
   </trkpt>
   <trkpt lat="-29.7767000" lon="24.4274610">
    <ele>1110.1</ele>
   </trkpt>
   <trkpt lat="-29.7767150" lon="24.4274560">
    <ele>1110.1</ele>
   </trkpt>
   <trkpt lat="-29.7767550" lon="24.4274480">
    <ele>1110.1</ele>
   </trkpt>
   <trkpt lat="-29.7768030" lon="24.4274310">
    <ele>1110.1</ele>
   </trkpt>
   <trkpt lat="-29.7768340" lon="24.4274210">
    <ele>1110.1</ele>
   </trkpt>
   <trkpt lat="-29.7768730" lon="24.4274100">
    <ele>1110.1</ele>
   </trkpt>
   <trkpt lat="-29.7769020" lon="24.4274030">
    <ele>1110.1</ele>
   </trkpt>
   <trkpt lat="-29.7769340" lon="24.4273940">
    <ele>1110.1</ele>
   </trkpt>
   <trkpt lat="-29.7769660" lon="24.4273820">
    <ele>1110.1</ele>
   </trkpt>
   <trkpt lat="-29.7769990" lon="24.4273700">
    <ele>1110.1</ele>
   </trkpt>
   <trkpt lat="-29.7770320" lon="24.4273570">
    <ele>1110.1</ele>
   </trkpt>
   <trkpt lat="-29.7770650" lon="24.4273480">
    <ele>1110.1</ele>
   </trkpt>
   <trkpt lat="-29.7770970" lon="24.4273360">
    <ele>1110.1</ele>
   </trkpt>
   <trkpt lat="-29.7771320" lon="24.4273230">
    <ele>1110.2</ele>
   </trkpt>
   <trkpt lat="-29.7771640" lon="24.4273100">
    <ele>1110.2</ele>
   </trkpt>
   <trkpt lat="-29.7771980" lon="24.4273050">
    <ele>1110.2</ele>
   </trkpt>
   <trkpt lat="-29.7772320" lon="24.4272950">
    <ele>1110.2</ele>
   </trkpt>
   <trkpt lat="-29.7772650" lon="24.4272830">
    <ele>1110.2</ele>
   </trkpt>
   <trkpt lat="-29.7772990" lon="24.4272720">
    <ele>1110.2</ele>
   </trkpt>
   <trkpt lat="-29.7773320" lon="24.4272600">
    <ele>1110.2</ele>
   </trkpt>
   <trkpt lat="-29.7773640" lon="24.4272450">
    <ele>1110.2</ele>
   </trkpt>
   <trkpt lat="-29.7773970" lon="24.4272320">
    <ele>1110.2</ele>
   </trkpt>
   <trkpt lat="-29.7774320" lon="24.4272210">
    <ele>1110.2</ele>
   </trkpt>
   <trkpt lat="-29.7774630" lon="24.4272080">
    <ele>1110.2</ele>
   </trkpt>
   <trkpt lat="-29.7774940" lon="24.4271940">
    <ele>1110.2</ele>
   </trkpt>
   <trkpt lat="-29.7775250" lon="24.4271770">
    <ele>1110.2</ele>
   </trkpt>
   <trkpt lat="-29.7775550" lon="24.4271620">
    <ele>1110.2</ele>
   </trkpt>
   <trkpt lat="-29.7775880" lon="24.4271510">
    <ele>1110.2</ele>
   </trkpt>
   <trkpt lat="-29.7776200" lon="24.4271390">
    <ele>1110.2</ele>
   </trkpt>
   <trkpt lat="-29.7776520" lon="24.4271240">
    <ele>1110.2</ele>
   </trkpt>
   <trkpt lat="-29.7776850" lon="24.4271100">
    <ele>1110.2</ele>
   </trkpt>
   <trkpt lat="-29.7777170" lon="24.4270980">
    <ele>1110.2</ele>
   </trkpt>
   <trkpt lat="-29.7777490" lon="24.4270830">
    <ele>1110.2</ele>
   </trkpt>
   <trkpt lat="-29.7777810" lon="24.4270660">
    <ele>1110.2</ele>
   </trkpt>
   <trkpt lat="-29.7778110" lon="24.4270490">
    <ele>1110.2</ele>
   </trkpt>
   <trkpt lat="-29.7778430" lon="24.4270300">
    <ele>1110.2</ele>
   </trkpt>
   <trkpt lat="-29.7778780" lon="24.4270140">
    <ele>1110.2</ele>
   </trkpt>
   <trkpt lat="-29.7779090" lon="24.4270000">
    <ele>1110.2</ele>
   </trkpt>
   <trkpt lat="-29.7779420" lon="24.4269860">
    <ele>1110.2</ele>
   </trkpt>
   <trkpt lat="-29.7779750" lon="24.4269740">
    <ele>1110.2</ele>
   </trkpt>
   <trkpt lat="-29.7780040" lon="24.4269560">
    <ele>1110.2</ele>
   </trkpt>
   <trkpt lat="-29.7780350" lon="24.4269360">
    <ele>1110.2</ele>
   </trkpt>
   <trkpt lat="-29.7780660" lon="24.4269190">
    <ele>1110.2</ele>
   </trkpt>
   <trkpt lat="-29.7780990" lon="24.4269060">
    <ele>1110.2</ele>
   </trkpt>
   <trkpt lat="-29.7781300" lon="24.4268930">
    <ele>1110.2</ele>
   </trkpt>
   <trkpt lat="-29.7781630" lon="24.4268790">
    <ele>1110.2</ele>
   </trkpt>
   <trkpt lat="-29.7781940" lon="24.4268630">
    <ele>1110.2</ele>
   </trkpt>
   <trkpt lat="-29.7782250" lon="24.4268440">
    <ele>1110.2</ele>
   </trkpt>
   <trkpt lat="-29.7782580" lon="24.4268250">
    <ele>1110.2</ele>
   </trkpt>
   <trkpt lat="-29.7782890" lon="24.4268060">
    <ele>1110.2</ele>
   </trkpt>
   <trkpt lat="-29.7783220" lon="24.4267860">
    <ele>1110.1</ele>
   </trkpt>
   <trkpt lat="-29.7783540" lon="24.4267650">
    <ele>1110.1</ele>
   </trkpt>
   <trkpt lat="-29.7783840" lon="24.4267470">
    <ele>1110.1</ele>
   </trkpt>
   <trkpt lat="-29.7784150" lon="24.4267300">
    <ele>1110.1</ele>
   </trkpt>
   <trkpt lat="-29.7784440" lon="24.4267100">
    <ele>1110.1</ele>
   </trkpt>
   <trkpt lat="-29.7784770" lon="24.4266890">
    <ele>1110.0</ele>
   </trkpt>
   <trkpt lat="-29.7785080" lon="24.4266720">
    <ele>1110.0</ele>
   </trkpt>
   <trkpt lat="-29.7785390" lon="24.4266500">
    <ele>1110.0</ele>
   </trkpt>
   <trkpt lat="-29.7785690" lon="24.4266320">
    <ele>1109.9</ele>
   </trkpt>
   <trkpt lat="-29.7786000" lon="24.4266110">
    <ele>1109.9</ele>
   </trkpt>
   <trkpt lat="-29.7786300" lon="24.4265900">
    <ele>1109.8</ele>
   </trkpt>
   <trkpt lat="-29.7786570" lon="24.4265690">
    <ele>1109.8</ele>
   </trkpt>
   <trkpt lat="-29.7786870" lon="24.4265470">
    <ele>1109.8</ele>
   </trkpt>
   <trkpt lat="-29.7787180" lon="24.4265240">
    <ele>1109.7</ele>
   </trkpt>
   <trkpt lat="-29.7787480" lon="24.4265040">
    <ele>1109.7</ele>
   </trkpt>
   <trkpt lat="-29.7787800" lon="24.4264830">
    <ele>1109.6</ele>
   </trkpt>
   <trkpt lat="-29.7788110" lon="24.4264620">
    <ele>1109.6</ele>
   </trkpt>
   <trkpt lat="-29.7788420" lon="24.4264390">
    <ele>1109.5</ele>
   </trkpt>
   <trkpt lat="-29.7788730" lon="24.4264150">
    <ele>1109.5</ele>
   </trkpt>
   <trkpt lat="-29.7789050" lon="24.4263910">
    <ele>1109.4</ele>
   </trkpt>
   <trkpt lat="-29.7789370" lon="24.4263660">
    <ele>1109.4</ele>
   </trkpt>
   <trkpt lat="-29.7789690" lon="24.4263400">
    <ele>1109.3</ele>
   </trkpt>
   <trkpt lat="-29.7790010" lon="24.4263140">
    <ele>1109.3</ele>
   </trkpt>
   <trkpt lat="-29.7790320" lon="24.4262860">
    <ele>1109.2</ele>
   </trkpt>
   <trkpt lat="-29.7790640" lon="24.4262650">
    <ele>1109.2</ele>
   </trkpt>
   <trkpt lat="-29.7790950" lon="24.4262400">
    <ele>1109.1</ele>
   </trkpt>
   <trkpt lat="-29.7791260" lon="24.4262140">
    <ele>1109.0</ele>
   </trkpt>
   <trkpt lat="-29.7791560" lon="24.4261880">
    <ele>1108.9</ele>
   </trkpt>
   <trkpt lat="-29.7791840" lon="24.4261600">
    <ele>1108.8</ele>
   </trkpt>
   <trkpt lat="-29.7792130" lon="24.4261350">
    <ele>1108.8</ele>
   </trkpt>
   <trkpt lat="-29.7792450" lon="24.4261120">
    <ele>1108.7</ele>
   </trkpt>
   <trkpt lat="-29.7792770" lon="24.4260870">
    <ele>1108.6</ele>
   </trkpt>
   <trkpt lat="-29.7793050" lon="24.4260600">
    <ele>1108.5</ele>
   </trkpt>
   <trkpt lat="-29.7793340" lon="24.4260340">
    <ele>1108.4</ele>
   </trkpt>
   <trkpt lat="-29.7793590" lon="24.4259990">
    <ele>1108.3</ele>
   </trkpt>
   <trkpt lat="-29.7793820" lon="24.4259660">
    <ele>1108.3</ele>
   </trkpt>
   <trkpt lat="-29.7794110" lon="24.4259410">
    <ele>1108.2</ele>
   </trkpt>
   <trkpt lat="-29.7794490" lon="24.4259230">
    <ele>1108.1</ele>
   </trkpt>
   <trkpt lat="-29.7794810" lon="24.4258990">
    <ele>1108.0</ele>
   </trkpt>
   <trkpt lat="-29.7795130" lon="24.4258700">
    <ele>1108.0</ele>
   </trkpt>
   <trkpt lat="-29.7795430" lon="24.4258380">
    <ele>1107.9</ele>
   </trkpt>
   <trkpt lat="-29.7795710" lon="24.4258040">
    <ele>1107.8</ele>
   </trkpt>
   <trkpt lat="-29.7796030" lon="24.4257720">
    <ele>1107.7</ele>
   </trkpt>
   <trkpt lat="-29.7796380" lon="24.4257400">
    <ele>1107.6</ele>
   </trkpt>
   <trkpt lat="-29.7796720" lon="24.4257080">
    <ele>1107.5</ele>
   </trkpt>
   <trkpt lat="-29.7797060" lon="24.4256760">
    <ele>1107.4</ele>
   </trkpt>
   <trkpt lat="-29.7797380" lon="24.4256410">
    <ele>1107.3</ele>
   </trkpt>
   <trkpt lat="-29.7797700" lon="24.4256030">
    <ele>1107.2</ele>
   </trkpt>
   <trkpt lat="-29.7798040" lon="24.4255650">
    <ele>1107.1</ele>
   </trkpt>
   <trkpt lat="-29.7798360" lon="24.4255290">
    <ele>1107.1</ele>
   </trkpt>
   <trkpt lat="-29.7798680" lon="24.4254910">
    <ele>1106.9</ele>
   </trkpt>
   <trkpt lat="-29.7799000" lon="24.4254540">
    <ele>1106.8</ele>
   </trkpt>
   <trkpt lat="-29.7799330" lon="24.4254170">
    <ele>1106.7</ele>
   </trkpt>
   <trkpt lat="-29.7799640" lon="24.4253790">
    <ele>1106.6</ele>
   </trkpt>
   <trkpt lat="-29.7799980" lon="24.4253390">
    <ele>1106.5</ele>
   </trkpt>
   <trkpt lat="-29.7800310" lon="24.4252990">
    <ele>1106.4</ele>
   </trkpt>
   <trkpt lat="-29.7800620" lon="24.4252580">
    <ele>1106.3</ele>
   </trkpt>
   <trkpt lat="-29.7800940" lon="24.4252170">
    <ele>1106.2</ele>
   </trkpt>
   <trkpt lat="-29.7801250" lon="24.4251750">
    <ele>1106.0</ele>
   </trkpt>
   <trkpt lat="-29.7801570" lon="24.4251310">
    <ele>1105.9</ele>
   </trkpt>
   <trkpt lat="-29.7801880" lon="24.4250870">
    <ele>1105.7</ele>
   </trkpt>
   <trkpt lat="-29.7802180" lon="24.4250450">
    <ele>1105.6</ele>
   </trkpt>
   <trkpt lat="-29.7802520" lon="24.4250020">
    <ele>1105.4</ele>
   </trkpt>
   <trkpt lat="-29.7802830" lon="24.4249550">
    <ele>1105.3</ele>
   </trkpt>
   <trkpt lat="-29.7803140" lon="24.4249090">
    <ele>1105.1</ele>
   </trkpt>
   <trkpt lat="-29.7803480" lon="24.4248620">
    <ele>1105.0</ele>
   </trkpt>
   <trkpt lat="-29.7803850" lon="24.4248140">
    <ele>1104.9</ele>
   </trkpt>
   <trkpt lat="-29.7804190" lon="24.4247660">
    <ele>1104.7</ele>
   </trkpt>
   <trkpt lat="-29.7804500" lon="24.4247160">
    <ele>1104.6</ele>
   </trkpt>
   <trkpt lat="-29.7804850" lon="24.4246680">
    <ele>1104.4</ele>
   </trkpt>
   <trkpt lat="-29.7805180" lon="24.4246190">
    <ele>1104.3</ele>
   </trkpt>
   <trkpt lat="-29.7805530" lon="24.4245700">
    <ele>1104.2</ele>
   </trkpt>
   <trkpt lat="-29.7805840" lon="24.4245200">
    <ele>1104.0</ele>
   </trkpt>
   <trkpt lat="-29.7806140" lon="24.4244710">
    <ele>1103.9</ele>
   </trkpt>
   <trkpt lat="-29.7806430" lon="24.4244210">
    <ele>1103.7</ele>
   </trkpt>
   <trkpt lat="-29.7806640" lon="24.4243670">
    <ele>1103.6</ele>
   </trkpt>
   <trkpt lat="-29.7806830" lon="24.4243130">
    <ele>1103.5</ele>
   </trkpt>
   <trkpt lat="-29.7807120" lon="24.4242620">
    <ele>1103.3</ele>
   </trkpt>
   <trkpt lat="-29.7807460" lon="24.4242200">
    <ele>1103.2</ele>
   </trkpt>
   <trkpt lat="-29.7807710" lon="24.4241750">
    <ele>1103.1</ele>
   </trkpt>
   <trkpt lat="-29.7807940" lon="24.4241320">
    <ele>1102.9</ele>
   </trkpt>
   <trkpt lat="-29.7808140" lon="24.4240750">
    <ele>1102.8</ele>
   </trkpt>
   <trkpt lat="-29.7808530" lon="24.4240340">
    <ele>1102.7</ele>
   </trkpt>
   <trkpt lat="-29.7808870" lon="24.4239880">
    <ele>1102.5</ele>
   </trkpt>
   <trkpt lat="-29.7809140" lon="24.4239370">
    <ele>1102.4</ele>
   </trkpt>
   <trkpt lat="-29.7809470" lon="24.4238940">
    <ele>1102.2</ele>
   </trkpt>
   <trkpt lat="-29.7809770" lon="24.4238450">
    <ele>1102.1</ele>
   </trkpt>
   <trkpt lat="-29.7810070" lon="24.4237950">
    <ele>1102.0</ele>
   </trkpt>
   <trkpt lat="-29.7810410" lon="24.4237520">
    <ele>1101.8</ele>
   </trkpt>
   <trkpt lat="-29.7810760" lon="24.4237070">
    <ele>1101.7</ele>
   </trkpt>
   <trkpt lat="-29.7811020" lon="24.4236570">
    <ele>1101.6</ele>
   </trkpt>
   <trkpt lat="-29.7811340" lon="24.4236090">
    <ele>1101.4</ele>
   </trkpt>
   <trkpt lat="-29.7811600" lon="24.4235600">
    <ele>1101.3</ele>
   </trkpt>
   <trkpt lat="-29.7811930" lon="24.4235130">
    <ele>1101.2</ele>
   </trkpt>
   <trkpt lat="-29.7812250" lon="24.4234610">
    <ele>1101.0</ele>
   </trkpt>
   <trkpt lat="-29.7812600" lon="24.4234120">
    <ele>1100.9</ele>
   </trkpt>
   <trkpt lat="-29.7812870" lon="24.4233630">
    <ele>1100.8</ele>
   </trkpt>
   <trkpt lat="-29.7813230" lon="24.4233200">
    <ele>1100.7</ele>
   </trkpt>
   <trkpt lat="-29.7813520" lon="24.4232720">
    <ele>1100.6</ele>
   </trkpt>
   <trkpt lat="-29.7813970" lon="24.4232110">
    <ele>1100.4</ele>
   </trkpt>
   <trkpt lat="-29.7814240" lon="24.4231640">
    <ele>1100.3</ele>
   </trkpt>
   <trkpt lat="-29.7814530" lon="24.4231170">
    <ele>1100.2</ele>
   </trkpt>
   <trkpt lat="-29.7814830" lon="24.4230750">
    <ele>1100.1</ele>
   </trkpt>
   <trkpt lat="-29.7815130" lon="24.4230310">
    <ele>1100.0</ele>
   </trkpt>
   <trkpt lat="-29.7815420" lon="24.4229870">
    <ele>1100.0</ele>
   </trkpt>
   <trkpt lat="-29.7815720" lon="24.4229410">
    <ele>1099.9</ele>
   </trkpt>
   <trkpt lat="-29.7815980" lon="24.4228950">
    <ele>1099.8</ele>
   </trkpt>
   <trkpt lat="-29.7816270" lon="24.4228510">
    <ele>1099.7</ele>
   </trkpt>
   <trkpt lat="-29.7816600" lon="24.4228090">
    <ele>1099.6</ele>
   </trkpt>
   <trkpt lat="-29.7816870" lon="24.4227650">
    <ele>1099.5</ele>
   </trkpt>
   <trkpt lat="-29.7817140" lon="24.4227210">
    <ele>1099.5</ele>
   </trkpt>
   <trkpt lat="-29.7817420" lon="24.4226790">
    <ele>1099.4</ele>
   </trkpt>
   <trkpt lat="-29.7817690" lon="24.4226370">
    <ele>1099.3</ele>
   </trkpt>
   <trkpt lat="-29.7817990" lon="24.4225950">
    <ele>1099.2</ele>
   </trkpt>
   <trkpt lat="-29.7818260" lon="24.4225530">
    <ele>1099.1</ele>
   </trkpt>
   <trkpt lat="-29.7818560" lon="24.4225110">
    <ele>1099.0</ele>
   </trkpt>
   <trkpt lat="-29.7818850" lon="24.4224690">
    <ele>1099.0</ele>
   </trkpt>
   <trkpt lat="-29.7819120" lon="24.4224260">
    <ele>1098.9</ele>
   </trkpt>
   <trkpt lat="-29.7819400" lon="24.4223830">
    <ele>1098.8</ele>
   </trkpt>
   <trkpt lat="-29.7819670" lon="24.4223440">
    <ele>1098.8</ele>
   </trkpt>
   <trkpt lat="-29.7819960" lon="24.4223020">
    <ele>1098.7</ele>
   </trkpt>
   <trkpt lat="-29.7820250" lon="24.4222590">
    <ele>1098.7</ele>
   </trkpt>
   <trkpt lat="-29.7820530" lon="24.4222140">
    <ele>1098.6</ele>
   </trkpt>
   <trkpt lat="-29.7820790" lon="24.4221700">
    <ele>1098.6</ele>
   </trkpt>
   <trkpt lat="-29.7821080" lon="24.4221270">
    <ele>1098.5</ele>
   </trkpt>
   <trkpt lat="-29.7821450" lon="24.4220930">
    <ele>1098.5</ele>
   </trkpt>
   <trkpt lat="-29.7821850" lon="24.4220590">
    <ele>1098.4</ele>
   </trkpt>
   <trkpt lat="-29.7822190" lon="24.4220240">
    <ele>1098.3</ele>
   </trkpt>
   <trkpt lat="-29.7822500" lon="24.4219820">
    <ele>1098.3</ele>
   </trkpt>
   <trkpt lat="-29.7822770" lon="24.4219350">
    <ele>1098.2</ele>
   </trkpt>
   <trkpt lat="-29.7823050" lon="24.4218910">
    <ele>1098.2</ele>
   </trkpt>
   <trkpt lat="-29.7823360" lon="24.4218490">
    <ele>1098.1</ele>
   </trkpt>
   <trkpt lat="-29.7823650" lon="24.4218060">
    <ele>1098.1</ele>
   </trkpt>
   <trkpt lat="-29.7823910" lon="24.4217620">
    <ele>1098.0</ele>
   </trkpt>
   <trkpt lat="-29.7824190" lon="24.4217160">
    <ele>1098.0</ele>
   </trkpt>
   <trkpt lat="-29.7824490" lon="24.4216750">
    <ele>1098.0</ele>
   </trkpt>
   <trkpt lat="-29.7824790" lon="24.4216320">
    <ele>1098.0</ele>
   </trkpt>
   <trkpt lat="-29.7825070" lon="24.4215890">
    <ele>1097.9</ele>
   </trkpt>
   <trkpt lat="-29.7825340" lon="24.4215450">
    <ele>1097.9</ele>
   </trkpt>
   <trkpt lat="-29.7825610" lon="24.4215020">
    <ele>1097.8</ele>
   </trkpt>
   <trkpt lat="-29.7825870" lon="24.4214560">
    <ele>1097.8</ele>
   </trkpt>
   <trkpt lat="-29.7826020" lon="24.4214030">
    <ele>1097.7</ele>
   </trkpt>
   <trkpt lat="-29.7826160" lon="24.4213550">
    <ele>1097.7</ele>
   </trkpt>
   <trkpt lat="-29.7826370" lon="24.4213080">
    <ele>1097.7</ele>
   </trkpt>
   <trkpt lat="-29.7826660" lon="24.4212670">
    <ele>1097.6</ele>
   </trkpt>
   <trkpt lat="-29.7826960" lon="24.4212270">
    <ele>1097.6</ele>
   </trkpt>
   <trkpt lat="-29.7827250" lon="24.4211860">
    <ele>1097.5</ele>
   </trkpt>
   <trkpt lat="-29.7827530" lon="24.4211430">
    <ele>1097.5</ele>
   </trkpt>
   <trkpt lat="-29.7827830" lon="24.4210980">
    <ele>1097.4</ele>
   </trkpt>
   <trkpt lat="-29.7828110" lon="24.4210520">
    <ele>1097.4</ele>
   </trkpt>
   <trkpt lat="-29.7828400" lon="24.4210100">
    <ele>1097.4</ele>
   </trkpt>
   <trkpt lat="-29.7828680" lon="24.4209660">
    <ele>1097.3</ele>
   </trkpt>
   <trkpt lat="-29.7828990" lon="24.4209280">
    <ele>1097.2</ele>
   </trkpt>
   <trkpt lat="-29.7829250" lon="24.4208850">
    <ele>1097.2</ele>
   </trkpt>
   <trkpt lat="-29.7829520" lon="24.4208450">
    <ele>1097.1</ele>
   </trkpt>
   <trkpt lat="-29.7829790" lon="24.4208050">
    <ele>1097.1</ele>
   </trkpt>
   <trkpt lat="-29.7830020" lon="24.4207650">
    <ele>1097.0</ele>
   </trkpt>
   <trkpt lat="-29.7830250" lon="24.4207210">
    <ele>1097.0</ele>
   </trkpt>
   <trkpt lat="-29.7830510" lon="24.4206830">
    <ele>1096.9</ele>
   </trkpt>
   <trkpt lat="-29.7830740" lon="24.4206480">
    <ele>1096.9</ele>
   </trkpt>
   <trkpt lat="-29.7830980" lon="24.4206100">
    <ele>1096.8</ele>
   </trkpt>
   <trkpt lat="-29.7831240" lon="24.4205760">
    <ele>1096.8</ele>
   </trkpt>
   <trkpt lat="-29.7831490" lon="24.4205410">
    <ele>1096.8</ele>
   </trkpt>
   <trkpt lat="-29.7831750" lon="24.4205020">
    <ele>1096.7</ele>
   </trkpt>
   <trkpt lat="-29.7832040" lon="24.4204620">
    <ele>1096.7</ele>
   </trkpt>
   <trkpt lat="-29.7832330" lon="24.4204230">
    <ele>1096.7</ele>
   </trkpt>
   <trkpt lat="-29.7832320" lon="24.4204210">
    <ele>1096.7</ele>
   </trkpt>
   <trkpt lat="-29.7832450" lon="24.4203900">
    <ele>1096.6</ele>
   </trkpt>
   <trkpt lat="-29.7832860" lon="24.4203250">
    <ele>1096.6</ele>
   </trkpt>
   <trkpt lat="-29.7833180" lon="24.4202780">
    <ele>1096.5</ele>
   </trkpt>
   <trkpt lat="-29.7833410" lon="24.4202480">
    <ele>1096.5</ele>
   </trkpt>
   <trkpt lat="-29.7833730" lon="24.4202100">
    <ele>1096.4</ele>
   </trkpt>
   <trkpt lat="-29.7833840" lon="24.4201580">
    <ele>1096.4</ele>
   </trkpt>
   <trkpt lat="-29.7834210" lon="24.4201210">
    <ele>1096.3</ele>
   </trkpt>
   <trkpt lat="-29.7834480" lon="24.4200800">
    <ele>1096.3</ele>
   </trkpt>
   <trkpt lat="-29.7834740" lon="24.4200380">
    <ele>1096.2</ele>
   </trkpt>
   <trkpt lat="-29.7835030" lon="24.4199970">
    <ele>1096.2</ele>
   </trkpt>
   <trkpt lat="-29.7835300" lon="24.4199580">
    <ele>1096.2</ele>
   </trkpt>
   <trkpt lat="-29.7835550" lon="24.4199140">
    <ele>1096.1</ele>
   </trkpt>
   <trkpt lat="-29.7835820" lon="24.4198760">
    <ele>1096.1</ele>
   </trkpt>
   <trkpt lat="-29.7836080" lon="24.4198340">
    <ele>1096.0</ele>
   </trkpt>
   <trkpt lat="-29.7836390" lon="24.4197940">
    <ele>1096.0</ele>
   </trkpt>
   <trkpt lat="-29.7836640" lon="24.4197530">
    <ele>1096.0</ele>
   </trkpt>
   <trkpt lat="-29.7836910" lon="24.4197120">
    <ele>1096.0</ele>
   </trkpt>
   <trkpt lat="-29.7837180" lon="24.4196690">
    <ele>1095.9</ele>
   </trkpt>
   <trkpt lat="-29.7837460" lon="24.4196290">
    <ele>1095.9</ele>
   </trkpt>
   <trkpt lat="-29.7837720" lon="24.4195870">
    <ele>1095.9</ele>
   </trkpt>
   <trkpt lat="-29.7838130" lon="24.4195400">
    <ele>1095.8</ele>
   </trkpt>
   <trkpt lat="-29.7838370" lon="24.4194960">
    <ele>1095.8</ele>
   </trkpt>
   <trkpt lat="-29.7838630" lon="24.4194520">
    <ele>1095.8</ele>
   </trkpt>
   <trkpt lat="-29.7838880" lon="24.4194150">
    <ele>1095.7</ele>
   </trkpt>
   <trkpt lat="-29.7839150" lon="24.4193740">
    <ele>1095.7</ele>
   </trkpt>
   <trkpt lat="-29.7839480" lon="24.4193340">
    <ele>1095.7</ele>
   </trkpt>
   <trkpt lat="-29.7839740" lon="24.4192930">
    <ele>1095.6</ele>
   </trkpt>
   <trkpt lat="-29.7839960" lon="24.4192520">
    <ele>1095.6</ele>
   </trkpt>
   <trkpt lat="-29.7840260" lon="24.4192110">
    <ele>1095.5</ele>
   </trkpt>
   <trkpt lat="-29.7840520" lon="24.4191710">
    <ele>1095.5</ele>
   </trkpt>
   <trkpt lat="-29.7840800" lon="24.4191310">
    <ele>1095.5</ele>
   </trkpt>
   <trkpt lat="-29.7841040" lon="24.4190880">
    <ele>1095.4</ele>
   </trkpt>
   <trkpt lat="-29.7841290" lon="24.4190480">
    <ele>1095.4</ele>
   </trkpt>
   <trkpt lat="-29.7841540" lon="24.4190070">
    <ele>1095.3</ele>
   </trkpt>
   <trkpt lat="-29.7841790" lon="24.4189680">
    <ele>1095.3</ele>
   </trkpt>
   <trkpt lat="-29.7842060" lon="24.4189310">
    <ele>1095.3</ele>
   </trkpt>
   <trkpt lat="-29.7842330" lon="24.4188930">
    <ele>1095.2</ele>
   </trkpt>
   <trkpt lat="-29.7842560" lon="24.4188560">
    <ele>1095.2</ele>
   </trkpt>
   <trkpt lat="-29.7842840" lon="24.4188170">
    <ele>1095.2</ele>
   </trkpt>
   <trkpt lat="-29.7843140" lon="24.4187810">
    <ele>1095.2</ele>
   </trkpt>
   <trkpt lat="-29.7843400" lon="24.4187390">
    <ele>1095.1</ele>
   </trkpt>
   <trkpt lat="-29.7843670" lon="24.4186980">
    <ele>1095.1</ele>
   </trkpt>
   <trkpt lat="-29.7843960" lon="24.4186580">
    <ele>1095.1</ele>
   </trkpt>
   <trkpt lat="-29.7844230" lon="24.4186150">
    <ele>1095.0</ele>
   </trkpt>
   <trkpt lat="-29.7844490" lon="24.4185740">
    <ele>1095.0</ele>
   </trkpt>
   <trkpt lat="-29.7844750" lon="24.4185290">
    <ele>1094.9</ele>
   </trkpt>
   <trkpt lat="-29.7845020" lon="24.4184880">
    <ele>1094.8</ele>
   </trkpt>
   <trkpt lat="-29.7845300" lon="24.4184450">
    <ele>1094.8</ele>
   </trkpt>
   <trkpt lat="-29.7845580" lon="24.4184040">
    <ele>1094.7</ele>
   </trkpt>
   <trkpt lat="-29.7845870" lon="24.4183620">
    <ele>1094.7</ele>
   </trkpt>
   <trkpt lat="-29.7846140" lon="24.4183220">
    <ele>1094.6</ele>
   </trkpt>
   <trkpt lat="-29.7846370" lon="24.4182790">
    <ele>1094.6</ele>
   </trkpt>
   <trkpt lat="-29.7846670" lon="24.4182370">
    <ele>1094.5</ele>
   </trkpt>
   <trkpt lat="-29.7846940" lon="24.4181950">
    <ele>1094.4</ele>
   </trkpt>
   <trkpt lat="-29.7847250" lon="24.4181550">
    <ele>1094.4</ele>
   </trkpt>
   <trkpt lat="-29.7847520" lon="24.4181130">
    <ele>1094.4</ele>
   </trkpt>
   <trkpt lat="-29.7847800" lon="24.4180710">
    <ele>1094.3</ele>
   </trkpt>
   <trkpt lat="-29.7848070" lon="24.4180310">
    <ele>1094.3</ele>
   </trkpt>
   <trkpt lat="-29.7848360" lon="24.4179890">
    <ele>1094.3</ele>
   </trkpt>
   <trkpt lat="-29.7848620" lon="24.4179470">
    <ele>1094.2</ele>
   </trkpt>
   <trkpt lat="-29.7848890" lon="24.4179040">
    <ele>1094.2</ele>
   </trkpt>
   <trkpt lat="-29.7849180" lon="24.4178620">
    <ele>1094.2</ele>
   </trkpt>
   <trkpt lat="-29.7849460" lon="24.4178200">
    <ele>1094.1</ele>
   </trkpt>
   <trkpt lat="-29.7849740" lon="24.4177780">
    <ele>1094.1</ele>
   </trkpt>
   <trkpt lat="-29.7850030" lon="24.4177360">
    <ele>1094.0</ele>
   </trkpt>
   <trkpt lat="-29.7850290" lon="24.4176930">
    <ele>1094.0</ele>
   </trkpt>
   <trkpt lat="-29.7850560" lon="24.4176510">
    <ele>1093.9</ele>
   </trkpt>
   <trkpt lat="-29.7850840" lon="24.4176070">
    <ele>1093.9</ele>
   </trkpt>
   <trkpt lat="-29.7851100" lon="24.4175640">
    <ele>1093.8</ele>
   </trkpt>
   <trkpt lat="-29.7851370" lon="24.4175230">
    <ele>1093.8</ele>
   </trkpt>
   <trkpt lat="-29.7851650" lon="24.4174810">
    <ele>1093.7</ele>
   </trkpt>
   <trkpt lat="-29.7851920" lon="24.4174410">
    <ele>1093.7</ele>
   </trkpt>
   <trkpt lat="-29.7852190" lon="24.4173990">
    <ele>1093.6</ele>
   </trkpt>
   <trkpt lat="-29.7852430" lon="24.4173540">
    <ele>1093.6</ele>
   </trkpt>
   <trkpt lat="-29.7852700" lon="24.4173130">
    <ele>1093.6</ele>
   </trkpt>
   <trkpt lat="-29.7852990" lon="24.4172750">
    <ele>1093.5</ele>
   </trkpt>
   <trkpt lat="-29.7853290" lon="24.4172340">
    <ele>1093.5</ele>
   </trkpt>
   <trkpt lat="-29.7853550" lon="24.4171920">
    <ele>1093.5</ele>
   </trkpt>
   <trkpt lat="-29.7853820" lon="24.4171520">
    <ele>1093.5</ele>
   </trkpt>
   <trkpt lat="-29.7854110" lon="24.4171100">
    <ele>1093.5</ele>
   </trkpt>
   <trkpt lat="-29.7854350" lon="24.4170690">
    <ele>1093.5</ele>
   </trkpt>
   <trkpt lat="-29.7854610" lon="24.4170280">
    <ele>1093.4</ele>
   </trkpt>
   <trkpt lat="-29.7854890" lon="24.4169880">
    <ele>1093.4</ele>
   </trkpt>
   <trkpt lat="-29.7855170" lon="24.4169490">
    <ele>1093.4</ele>
   </trkpt>
   <trkpt lat="-29.7855450" lon="24.4169070">
    <ele>1093.4</ele>
   </trkpt>
   <trkpt lat="-29.7855700" lon="24.4168660">
    <ele>1093.4</ele>
   </trkpt>
   <trkpt lat="-29.7855980" lon="24.4168260">
    <ele>1093.4</ele>
   </trkpt>
   <trkpt lat="-29.7856250" lon="24.4167880">
    <ele>1093.4</ele>
   </trkpt>
   <trkpt lat="-29.7856540" lon="24.4167490">
    <ele>1093.4</ele>
   </trkpt>
   <trkpt lat="-29.7856790" lon="24.4167110">
    <ele>1093.4</ele>
   </trkpt>
   <trkpt lat="-29.7857040" lon="24.4166710">
    <ele>1093.4</ele>
   </trkpt>
   <trkpt lat="-29.7857310" lon="24.4166320">
    <ele>1093.4</ele>
   </trkpt>
   <trkpt lat="-29.7857560" lon="24.4165930">
    <ele>1093.5</ele>
   </trkpt>
   <trkpt lat="-29.7857820" lon="24.4165550">
    <ele>1093.5</ele>
   </trkpt>
   <trkpt lat="-29.7858090" lon="24.4165180">
    <ele>1093.5</ele>
   </trkpt>
   <trkpt lat="-29.7858360" lon="24.4164790">
    <ele>1093.5</ele>
   </trkpt>
   <trkpt lat="-29.7858620" lon="24.4164400">
    <ele>1093.5</ele>
   </trkpt>
   <trkpt lat="-29.7858860" lon="24.4164030">
    <ele>1093.5</ele>
   </trkpt>
   <trkpt lat="-29.7859100" lon="24.4163640">
    <ele>1093.5</ele>
   </trkpt>
   <trkpt lat="-29.7859350" lon="24.4163250">
    <ele>1093.5</ele>
   </trkpt>
   <trkpt lat="-29.7859600" lon="24.4162870">
    <ele>1093.5</ele>
   </trkpt>
   <trkpt lat="-29.7859860" lon="24.4162480">
    <ele>1093.5</ele>
   </trkpt>
   <trkpt lat="-29.7860130" lon="24.4162200">
    <ele>1093.5</ele>
   </trkpt>
   <trkpt lat="-29.7860430" lon="24.4161840">
    <ele>1093.5</ele>
   </trkpt>
   <trkpt lat="-29.7860740" lon="24.4161520">
    <ele>1093.5</ele>
   </trkpt>
   <trkpt lat="-29.7861050" lon="24.4161200">
    <ele>1093.5</ele>
   </trkpt>
   <trkpt lat="-29.7861350" lon="24.4160870">
    <ele>1093.4</ele>
   </trkpt>
   <trkpt lat="-29.7861610" lon="24.4160540">
    <ele>1093.4</ele>
   </trkpt>
   <trkpt lat="-29.7861860" lon="24.4160170">
    <ele>1093.4</ele>
   </trkpt>
   <trkpt lat="-29.7862070" lon="24.4159790">
    <ele>1093.4</ele>
   </trkpt>
   <trkpt lat="-29.7862290" lon="24.4159420">
    <ele>1093.4</ele>
   </trkpt>
   <trkpt lat="-29.7862790" lon="24.4158710">
    <ele>1093.4</ele>
   </trkpt>
   <trkpt lat="-29.7862980" lon="24.4158300">
    <ele>1093.4</ele>
   </trkpt>
   <trkpt lat="-29.7863160" lon="24.4157910">
    <ele>1093.4</ele>
   </trkpt>
   <trkpt lat="-29.7863300" lon="24.4157510">
    <ele>1093.4</ele>
   </trkpt>
   <trkpt lat="-29.7863440" lon="24.4157110">
    <ele>1093.4</ele>
   </trkpt>
   <trkpt lat="-29.7863600" lon="24.4156720">
    <ele>1093.4</ele>
   </trkpt>
   <trkpt lat="-29.7863800" lon="24.4156360">
    <ele>1093.4</ele>
   </trkpt>
   <trkpt lat="-29.7864050" lon="24.4156020">
    <ele>1093.4</ele>
   </trkpt>
   <trkpt lat="-29.7864280" lon="24.4155670">
    <ele>1093.4</ele>
   </trkpt>
   <trkpt lat="-29.7864500" lon="24.4155340">
    <ele>1093.4</ele>
   </trkpt>
   <trkpt lat="-29.7864730" lon="24.4155000">
    <ele>1093.4</ele>
   </trkpt>
   <trkpt lat="-29.7864970" lon="24.4154640">
    <ele>1093.4</ele>
   </trkpt>
   <trkpt lat="-29.7865210" lon="24.4154300">
    <ele>1093.4</ele>
   </trkpt>
   <trkpt lat="-29.7865450" lon="24.4153940">
    <ele>1093.4</ele>
   </trkpt>
   <trkpt lat="-29.7865720" lon="24.4153620">
    <ele>1093.4</ele>
   </trkpt>
   <trkpt lat="-29.7865960" lon="24.4153250">
    <ele>1093.4</ele>
   </trkpt>
   <trkpt lat="-29.7866200" lon="24.4152890">
    <ele>1093.4</ele>
   </trkpt>
   <trkpt lat="-29.7866450" lon="24.4152510">
    <ele>1093.4</ele>
   </trkpt>
   <trkpt lat="-29.7866660" lon="24.4152140">
    <ele>1093.5</ele>
   </trkpt>
   <trkpt lat="-29.7866900" lon="24.4151770">
    <ele>1093.5</ele>
   </trkpt>
   <trkpt lat="-29.7867140" lon="24.4151410">
    <ele>1093.5</ele>
   </trkpt>
   <trkpt lat="-29.7867390" lon="24.4151020">
    <ele>1093.5</ele>
   </trkpt>
   <trkpt lat="-29.7867560" lon="24.4150760">
    <ele>1093.5</ele>
   </trkpt>
   <trkpt lat="-29.7867640" lon="24.4150630">
    <ele>1093.5</ele>
   </trkpt>
   <trkpt lat="-29.7867820" lon="24.4150350">
    <ele>1093.5</ele>
   </trkpt>
   <trkpt lat="-29.7868240" lon="24.4149710">
    <ele>1093.5</ele>
   </trkpt>
   <trkpt lat="-29.7868550" lon="24.4149210">
    <ele>1093.6</ele>
   </trkpt>
   <trkpt lat="-29.7868730" lon="24.4148870">
    <ele>1093.6</ele>
   </trkpt>
   <trkpt lat="-29.7868960" lon="24.4148530">
    <ele>1093.6</ele>
   </trkpt>
   <trkpt lat="-29.7869210" lon="24.4148140">
    <ele>1093.6</ele>
   </trkpt>
   <trkpt lat="-29.7869440" lon="24.4147770">
    <ele>1093.6</ele>
   </trkpt>
   <trkpt lat="-29.7869690" lon="24.4147380">
    <ele>1093.6</ele>
   </trkpt>
   <trkpt lat="-29.7869950" lon="24.4147060">
    <ele>1093.6</ele>
   </trkpt>
   <trkpt lat="-29.7870240" lon="24.4146710">
    <ele>1093.6</ele>
   </trkpt>
   <trkpt lat="-29.7870490" lon="24.4146320">
    <ele>1093.6</ele>
   </trkpt>
   <trkpt lat="-29.7870740" lon="24.4145930">
    <ele>1093.6</ele>
   </trkpt>
   <trkpt lat="-29.7870990" lon="24.4145580">
    <ele>1093.6</ele>
   </trkpt>
   <trkpt lat="-29.7871240" lon="24.4145220">
    <ele>1093.6</ele>
   </trkpt>
   <trkpt lat="-29.7871480" lon="24.4144850">
    <ele>1093.6</ele>
   </trkpt>
   <trkpt lat="-29.7871670" lon="24.4144430">
    <ele>1093.6</ele>
   </trkpt>
   <trkpt lat="-29.7871900" lon="24.4144050">
    <ele>1093.6</ele>
   </trkpt>
   <trkpt lat="-29.7872190" lon="24.4143710">
    <ele>1093.6</ele>
   </trkpt>
   <trkpt lat="-29.7872440" lon="24.4143350">
    <ele>1093.6</ele>
   </trkpt>
   <trkpt lat="-29.7872660" lon="24.4142980">
    <ele>1093.6</ele>
   </trkpt>
   <trkpt lat="-29.7872900" lon="24.4142580">
    <ele>1093.6</ele>
   </trkpt>
   <trkpt lat="-29.7873150" lon="24.4142210">
    <ele>1093.6</ele>
   </trkpt>
   <trkpt lat="-29.7873420" lon="24.4141860">
    <ele>1093.5</ele>
   </trkpt>
   <trkpt lat="-29.7873680" lon="24.4141500">
    <ele>1093.5</ele>
   </trkpt>
   <trkpt lat="-29.7873930" lon="24.4141120">
    <ele>1093.5</ele>
   </trkpt>
   <trkpt lat="-29.7874150" lon="24.4140770">
    <ele>1093.5</ele>
   </trkpt>
   <trkpt lat="-29.7874390" lon="24.4140420">
    <ele>1093.5</ele>
   </trkpt>
   <trkpt lat="-29.7874630" lon="24.4140050">
    <ele>1093.5</ele>
   </trkpt>
   <trkpt lat="-29.7874890" lon="24.4139670">
    <ele>1093.5</ele>
   </trkpt>
   <trkpt lat="-29.7875130" lon="24.4139290">
    <ele>1093.5</ele>
   </trkpt>
   <trkpt lat="-29.7875360" lon="24.4138940">
    <ele>1093.5</ele>
   </trkpt>
   <trkpt lat="-29.7875620" lon="24.4138590">
    <ele>1093.5</ele>
   </trkpt>
   <trkpt lat="-29.7875870" lon="24.4138210">
    <ele>1093.5</ele>
   </trkpt>
   <trkpt lat="-29.7876100" lon="24.4137830">
    <ele>1093.5</ele>
   </trkpt>
   <trkpt lat="-29.7876330" lon="24.4137470">
    <ele>1093.5</ele>
   </trkpt>
   <trkpt lat="-29.7876580" lon="24.4137100">
    <ele>1093.5</ele>
   </trkpt>
   <trkpt lat="-29.7876810" lon="24.4136710">
    <ele>1093.5</ele>
   </trkpt>
   <trkpt lat="-29.7877070" lon="24.4136330">
    <ele>1093.5</ele>
   </trkpt>
   <trkpt lat="-29.7877330" lon="24.4135960">
    <ele>1093.5</ele>
   </trkpt>
   <trkpt lat="-29.7877580" lon="24.4135600">
    <ele>1093.5</ele>
   </trkpt>
   <trkpt lat="-29.7877830" lon="24.4135250">
    <ele>1093.5</ele>
   </trkpt>
   <trkpt lat="-29.7878060" lon="24.4134880">
    <ele>1093.5</ele>
   </trkpt>
   <trkpt lat="-29.7878310" lon="24.4134500">
    <ele>1093.5</ele>
   </trkpt>
   <trkpt lat="-29.7878550" lon="24.4134150">
    <ele>1093.5</ele>
   </trkpt>
   <trkpt lat="-29.7878790" lon="24.4133790">
    <ele>1093.5</ele>
   </trkpt>
   <trkpt lat="-29.7879040" lon="24.4133420">
    <ele>1093.4</ele>
   </trkpt>
   <trkpt lat="-29.7879300" lon="24.4133070">
    <ele>1093.4</ele>
   </trkpt>
   <trkpt lat="-29.7879540" lon="24.4132700">
    <ele>1093.4</ele>
   </trkpt>
   <trkpt lat="-29.7879780" lon="24.4132320">
    <ele>1093.4</ele>
   </trkpt>
   <trkpt lat="-29.7880010" lon="24.4131960">
    <ele>1093.4</ele>
   </trkpt>
   <trkpt lat="-29.7880260" lon="24.4131580">
    <ele>1093.4</ele>
   </trkpt>
   <trkpt lat="-29.7880510" lon="24.4131210">
    <ele>1093.3</ele>
   </trkpt>
   <trkpt lat="-29.7880740" lon="24.4130830">
    <ele>1093.3</ele>
   </trkpt>
   <trkpt lat="-29.7880980" lon="24.4130460">
    <ele>1093.3</ele>
   </trkpt>
   <trkpt lat="-29.7881220" lon="24.4130110">
    <ele>1093.2</ele>
   </trkpt>
   <trkpt lat="-29.7881500" lon="24.4129720">
    <ele>1093.2</ele>
   </trkpt>
   <trkpt lat="-29.7881750" lon="24.4129330">
    <ele>1093.2</ele>
   </trkpt>
   <trkpt lat="-29.7882010" lon="24.4128930">
    <ele>1093.1</ele>
   </trkpt>
   <trkpt lat="-29.7882260" lon="24.4128560">
    <ele>1093.1</ele>
   </trkpt>
   <trkpt lat="-29.7882500" lon="24.4128160">
    <ele>1093.0</ele>
   </trkpt>
   <trkpt lat="-29.7882760" lon="24.4127760">
    <ele>1093.0</ele>
   </trkpt>
   <trkpt lat="-29.7883020" lon="24.4127380">
    <ele>1092.9</ele>
   </trkpt>
   <trkpt lat="-29.7883270" lon="24.4126990">
    <ele>1092.9</ele>
   </trkpt>
   <trkpt lat="-29.7883560" lon="24.4126590">
    <ele>1092.8</ele>
   </trkpt>
   <trkpt lat="-29.7883840" lon="24.4126180">
    <ele>1092.8</ele>
   </trkpt>
   <trkpt lat="-29.7884080" lon="24.4125820">
    <ele>1092.7</ele>
   </trkpt>
   <trkpt lat="-29.7884360" lon="24.4125380">
    <ele>1092.7</ele>
   </trkpt>
   <trkpt lat="-29.7884630" lon="24.4124970">
    <ele>1092.7</ele>
   </trkpt>
   <trkpt lat="-29.7884910" lon="24.4124570">
    <ele>1092.6</ele>
   </trkpt>
   <trkpt lat="-29.7885180" lon="24.4124200">
    <ele>1092.6</ele>
   </trkpt>
   <trkpt lat="-29.7885400" lon="24.4123800">
    <ele>1092.6</ele>
   </trkpt>
   <trkpt lat="-29.7885600" lon="24.4123350">
    <ele>1092.6</ele>
   </trkpt>
   <trkpt lat="-29.7885860" lon="24.4122930">
    <ele>1092.5</ele>
   </trkpt>
   <trkpt lat="-29.7886070" lon="24.4122600">
    <ele>1092.5</ele>
   </trkpt>
   <trkpt lat="-29.7886340" lon="24.4122280">
    <ele>1092.5</ele>
   </trkpt>
   <trkpt lat="-29.7886620" lon="24.4121960">
    <ele>1092.5</ele>
   </trkpt>
   <trkpt lat="-29.7886900" lon="24.4121650">
    <ele>1092.5</ele>
   </trkpt>
   <trkpt lat="-29.7887200" lon="24.4121350">
    <ele>1092.5</ele>
   </trkpt>
   <trkpt lat="-29.7887430" lon="24.4120970">
    <ele>1092.5</ele>
   </trkpt>
   <trkpt lat="-29.7887640" lon="24.4120540">
    <ele>1092.4</ele>
   </trkpt>
   <trkpt lat="-29.7887890" lon="24.4120170">
    <ele>1092.4</ele>
   </trkpt>
   <trkpt lat="-29.7888130" lon="24.4119750">
    <ele>1092.4</ele>
   </trkpt>
   <trkpt lat="-29.7888370" lon="24.4119360">
    <ele>1092.4</ele>
   </trkpt>
   <trkpt lat="-29.7888670" lon="24.4118950">
    <ele>1092.4</ele>
   </trkpt>
   <trkpt lat="-29.7888970" lon="24.4118540">
    <ele>1092.4</ele>
   </trkpt>
   <trkpt lat="-29.7889200" lon="24.4118120">
    <ele>1092.4</ele>
   </trkpt>
   <trkpt lat="-29.7889430" lon="24.4117630">
    <ele>1092.4</ele>
   </trkpt>
   <trkpt lat="-29.7889660" lon="24.4117190">
    <ele>1092.4</ele>
   </trkpt>
   <trkpt lat="-29.7889920" lon="24.4116770">
    <ele>1092.3</ele>
   </trkpt>
   <trkpt lat="-29.7890220" lon="24.4116360">
    <ele>1092.3</ele>
   </trkpt>
   <trkpt lat="-29.7890470" lon="24.4115930">
    <ele>1092.3</ele>
   </trkpt>
   <trkpt lat="-29.7890690" lon="24.4115680">
    <ele>1092.3</ele>
   </trkpt>
   <trkpt lat="-29.7890880" lon="24.4115440">
    <ele>1092.3</ele>
   </trkpt>
   <trkpt lat="-29.7891150" lon="24.4115040">
    <ele>1092.3</ele>
   </trkpt>
   <trkpt lat="-29.7891350" lon="24.4114720">
    <ele>1092.4</ele>
   </trkpt>
   <trkpt lat="-29.7891620" lon="24.4114400">
    <ele>1092.4</ele>
   </trkpt>
   <trkpt lat="-29.7891770" lon="24.4114170">
    <ele>1092.4</ele>
   </trkpt>
   <trkpt lat="-29.7892130" lon="24.4113710">
    <ele>1092.4</ele>
   </trkpt>
   <trkpt lat="-29.7892380" lon="24.4113350">
    <ele>1092.4</ele>
   </trkpt>
   <trkpt lat="-29.7892610" lon="24.4112960">
    <ele>1092.4</ele>
   </trkpt>
   <trkpt lat="-29.7892800" lon="24.4112670">
    <ele>1092.4</ele>
   </trkpt>
   <trkpt lat="-29.7893200" lon="24.4112010">
    <ele>1092.4</ele>
   </trkpt>
   <trkpt lat="-29.7893490" lon="24.4111570">
    <ele>1092.4</ele>
   </trkpt>
   <trkpt lat="-29.7893790" lon="24.4111170">
    <ele>1092.4</ele>
   </trkpt>
   <trkpt lat="-29.7894340" lon="24.4110320">
    <ele>1092.4</ele>
   </trkpt>
   <trkpt lat="-29.7894610" lon="24.4109860">
    <ele>1092.4</ele>
   </trkpt>
   <trkpt lat="-29.7894910" lon="24.4109430">
    <ele>1092.4</ele>
   </trkpt>
   <trkpt lat="-29.7895240" lon="24.4109010">
    <ele>1092.4</ele>
   </trkpt>
   <trkpt lat="-29.7895550" lon="24.4108610">
    <ele>1092.4</ele>
   </trkpt>
   <trkpt lat="-29.7895850" lon="24.4108190">
    <ele>1092.4</ele>
   </trkpt>
   <trkpt lat="-29.7896140" lon="24.4107750">
    <ele>1092.4</ele>
   </trkpt>
   <trkpt lat="-29.7896400" lon="24.4107310">
    <ele>1092.4</ele>
   </trkpt>
   <trkpt lat="-29.7896690" lon="24.4106910">
    <ele>1092.4</ele>
   </trkpt>
   <trkpt lat="-29.7896980" lon="24.4106490">
    <ele>1092.4</ele>
   </trkpt>
   <trkpt lat="-29.7897260" lon="24.4106100">
    <ele>1092.4</ele>
   </trkpt>
   <trkpt lat="-29.7897570" lon="24.4105660">
    <ele>1092.4</ele>
   </trkpt>
   <trkpt lat="-29.7897840" lon="24.4105250">
    <ele>1092.4</ele>
   </trkpt>
   <trkpt lat="-29.7898110" lon="24.4104850">
    <ele>1092.4</ele>
   </trkpt>
   <trkpt lat="-29.7898350" lon="24.4104460">
    <ele>1092.4</ele>
   </trkpt>
   <trkpt lat="-29.7898530" lon="24.4104210">
    <ele>1092.4</ele>
   </trkpt>
   <trkpt lat="-29.7898860" lon="24.4103710">
    <ele>1092.4</ele>
   </trkpt>
   <trkpt lat="-29.7899110" lon="24.4103330">
    <ele>1092.4</ele>
   </trkpt>
   <trkpt lat="-29.7899370" lon="24.4102890">
    <ele>1092.4</ele>
   </trkpt>
   <trkpt lat="-29.7899540" lon="24.4102620">
    <ele>1092.4</ele>
   </trkpt>
   <trkpt lat="-29.7899870" lon="24.4102090">
    <ele>1092.4</ele>
   </trkpt>
   <trkpt lat="-29.7900100" lon="24.4101740">
    <ele>1092.4</ele>
   </trkpt>
   <trkpt lat="-29.7900420" lon="24.4101290">
    <ele>1092.4</ele>
   </trkpt>
   <trkpt lat="-29.7900630" lon="24.4100950">
    <ele>1092.4</ele>
   </trkpt>
   <trkpt lat="-29.7900850" lon="24.4100450">
    <ele>1092.4</ele>
   </trkpt>
   <trkpt lat="-29.7901010" lon="24.4100110">
    <ele>1092.4</ele>
   </trkpt>
   <trkpt lat="-29.7901250" lon="24.4099550">
    <ele>1092.4</ele>
   </trkpt>
   <trkpt lat="-29.7901460" lon="24.4099280">
    <ele>1092.4</ele>
   </trkpt>
   <trkpt lat="-29.7901710" lon="24.4099110">
    <ele>1092.4</ele>
   </trkpt>
   <trkpt lat="-29.7902080" lon="24.4098510">
    <ele>1092.4</ele>
   </trkpt>
   <trkpt lat="-29.7902330" lon="24.4098010">
    <ele>1092.4</ele>
   </trkpt>
   <trkpt lat="-29.7902630" lon="24.4097660">
    <ele>1092.4</ele>
   </trkpt>
   <trkpt lat="-29.7902890" lon="24.4097290">
    <ele>1092.4</ele>
   </trkpt>
   <trkpt lat="-29.7903150" lon="24.4096910">
    <ele>1092.4</ele>
   </trkpt>
   <trkpt lat="-29.7903400" lon="24.4096490">
    <ele>1092.4</ele>
   </trkpt>
   <trkpt lat="-29.7903640" lon="24.4096110">
    <ele>1092.4</ele>
   </trkpt>
   <trkpt lat="-29.7903900" lon="24.4095720">
    <ele>1092.4</ele>
   </trkpt>
   <trkpt lat="-29.7904190" lon="24.4095360">
    <ele>1092.3</ele>
   </trkpt>
   <trkpt lat="-29.7904470" lon="24.4094980">
    <ele>1092.3</ele>
   </trkpt>
   <trkpt lat="-29.7904720" lon="24.4094590">
    <ele>1092.3</ele>
   </trkpt>
   <trkpt lat="-29.7904950" lon="24.4094160">
    <ele>1092.3</ele>
   </trkpt>
   <trkpt lat="-29.7905190" lon="24.4093770">
    <ele>1092.3</ele>
   </trkpt>
   <trkpt lat="-29.7905450" lon="24.4093370">
    <ele>1092.3</ele>
   </trkpt>
   <trkpt lat="-29.7905730" lon="24.4092940">
    <ele>1092.3</ele>
   </trkpt>
   <trkpt lat="-29.7906010" lon="24.4092530">
    <ele>1092.3</ele>
   </trkpt>
   <trkpt lat="-29.7906290" lon="24.4092130">
    <ele>1092.3</ele>
   </trkpt>
   <trkpt lat="-29.7906560" lon="24.4091730">
    <ele>1092.2</ele>
   </trkpt>
   <trkpt lat="-29.7906820" lon="24.4091320">
    <ele>1092.2</ele>
   </trkpt>
   <trkpt lat="-29.7907260" lon="24.4090820">
    <ele>1092.2</ele>
   </trkpt>
   <trkpt lat="-29.7907410" lon="24.4090470">
    <ele>1092.2</ele>
   </trkpt>
   <trkpt lat="-29.7907470" lon="24.4090330">
    <ele>1092.2</ele>
   </trkpt>
   <trkpt lat="-29.7907870" lon="24.4089770">
    <ele>1092.2</ele>
   </trkpt>
   <trkpt lat="-29.7908120" lon="24.4089450">
    <ele>1092.2</ele>
   </trkpt>
   <trkpt lat="-29.7908360" lon="24.4089090">
    <ele>1092.2</ele>
   </trkpt>
   <trkpt lat="-29.7908620" lon="24.4088720">
    <ele>1092.3</ele>
   </trkpt>
   <trkpt lat="-29.7908880" lon="24.4088370">
    <ele>1092.3</ele>
   </trkpt>
   <trkpt lat="-29.7909140" lon="24.4088020">
    <ele>1092.3</ele>
   </trkpt>
   <trkpt lat="-29.7909390" lon="24.4087680">
    <ele>1092.3</ele>
   </trkpt>
   <trkpt lat="-29.7909630" lon="24.4087320">
    <ele>1092.3</ele>
   </trkpt>
   <trkpt lat="-29.7909840" lon="24.4086940">
    <ele>1092.3</ele>
   </trkpt>
   <trkpt lat="-29.7910060" lon="24.4086570">
    <ele>1092.3</ele>
   </trkpt>
   <trkpt lat="-29.7910280" lon="24.4086210">
    <ele>1092.3</ele>
   </trkpt>
   <trkpt lat="-29.7910510" lon="24.4085870">
    <ele>1092.3</ele>
   </trkpt>
   <trkpt lat="-29.7910730" lon="24.4085520">
    <ele>1092.3</ele>
   </trkpt>
   <trkpt lat="-29.7910980" lon="24.4085190">
    <ele>1092.3</ele>
   </trkpt>
   <trkpt lat="-29.7911230" lon="24.4084870">
    <ele>1092.3</ele>
   </trkpt>
   <trkpt lat="-29.7911490" lon="24.4084540">
    <ele>1092.3</ele>
   </trkpt>
   <trkpt lat="-29.7911710" lon="24.4084200">
    <ele>1092.3</ele>
   </trkpt>
   <trkpt lat="-29.7911920" lon="24.4083850">
    <ele>1092.3</ele>
   </trkpt>
   <trkpt lat="-29.7912130" lon="24.4083510">
    <ele>1092.4</ele>
   </trkpt>
   <trkpt lat="-29.7912370" lon="24.4083170">
    <ele>1092.4</ele>
   </trkpt>
   <trkpt lat="-29.7912540" lon="24.4082830">
    <ele>1092.4</ele>
   </trkpt>
   <trkpt lat="-29.7912750" lon="24.4082490">
    <ele>1092.4</ele>
   </trkpt>
   <trkpt lat="-29.7912950" lon="24.4082150">
    <ele>1092.4</ele>
   </trkpt>
   <trkpt lat="-29.7913120" lon="24.4081800">
    <ele>1092.5</ele>
   </trkpt>
   <trkpt lat="-29.7913330" lon="24.4081460">
    <ele>1092.5</ele>
   </trkpt>
   <trkpt lat="-29.7913520" lon="24.4081160">
    <ele>1092.5</ele>
   </trkpt>
   <trkpt lat="-29.7913750" lon="24.4080860">
    <ele>1092.5</ele>
   </trkpt>
   <trkpt lat="-29.7913950" lon="24.4080540">
    <ele>1092.6</ele>
   </trkpt>
   <trkpt lat="-29.7914170" lon="24.4080230">
    <ele>1092.6</ele>
   </trkpt>
   <trkpt lat="-29.7914360" lon="24.4079920">
    <ele>1092.6</ele>
   </trkpt>
   <trkpt lat="-29.7914570" lon="24.4079700">
    <ele>1092.7</ele>
   </trkpt>
   <trkpt lat="-29.7914760" lon="24.4079400">
    <ele>1092.7</ele>
   </trkpt>
   <trkpt lat="-29.7914900" lon="24.4079100">
    <ele>1092.7</ele>
   </trkpt>
   <trkpt lat="-29.7915060" lon="24.4078820">
    <ele>1092.8</ele>
   </trkpt>
   <trkpt lat="-29.7915260" lon="24.4078520">
    <ele>1092.8</ele>
   </trkpt>
   <trkpt lat="-29.7915330" lon="24.4078430">
    <ele>1092.9</ele>
   </trkpt>
   <trkpt lat="-29.7915560" lon="24.4078200">
    <ele>1092.9</ele>
   </trkpt>
   <trkpt lat="-29.7915630" lon="24.4078130">
    <ele>1092.9</ele>
   </trkpt>
   <trkpt lat="-29.7915780" lon="24.4078000">
    <ele>1093.0</ele>
   </trkpt>
   <trkpt lat="-29.7915880" lon="24.4077860">
    <ele>1093.0</ele>
   </trkpt>
   <trkpt lat="-29.7916060" lon="24.4077800">
    <ele>1093.0</ele>
   </trkpt>
   <trkpt lat="-29.7916190" lon="24.4077840">
    <ele>1093.0</ele>
   </trkpt>
   <trkpt lat="-29.7916300" lon="24.4077830">
    <ele>1093.0</ele>
   </trkpt>
   <trkpt lat="-29.7916330" lon="24.4077860">
    <ele>1093.0</ele>
   </trkpt>
   <trkpt lat="-29.7916370" lon="24.4077930">
    <ele>1093.0</ele>
   </trkpt>
   <trkpt lat="-29.7916310" lon="24.4077990">
    <ele>1093.0</ele>
   </trkpt>
   <trkpt lat="-29.7916340" lon="24.4078020">
    <ele>1093.0</ele>
   </trkpt>
   <trkpt lat="-29.7916340" lon="24.4078050">
    <ele>1093.0</ele>
   </trkpt>
   <trkpt lat="-29.7916370" lon="24.4077990">
    <ele>1093.0</ele>
   </trkpt>
   <trkpt lat="-29.7916390" lon="24.4078000">
    <ele>1093.0</ele>
   </trkpt>
   <trkpt lat="-29.7916380" lon="24.4077960">
    <ele>1093.0</ele>
   </trkpt>
   <trkpt lat="-29.7916410" lon="24.4077920">
    <ele>1093.0</ele>
   </trkpt>
   <trkpt lat="-29.7916480" lon="24.4077910">
    <ele>1093.0</ele>
   </trkpt>
   <trkpt lat="-29.7916440" lon="24.4077950">
    <ele>1093.0</ele>
   </trkpt>
   <trkpt lat="-29.7916450" lon="24.4077920">
    <ele>1093.0</ele>
   </trkpt>
   <trkpt lat="-29.7916840" lon="24.4078300">
    <ele>1093.0</ele>
   </trkpt>
   <trkpt lat="-29.7916990" lon="24.4078320">
    <ele>1093.0</ele>
   </trkpt>
   <trkpt lat="-29.7917250" lon="24.4078500">
    <ele>1093.0</ele>
   </trkpt>
   <trkpt lat="-29.7917340" lon="24.4078570">
    <ele>1093.0</ele>
   </trkpt>
   <trkpt lat="-29.7917640" lon="24.4078810">
    <ele>1092.9</ele>
   </trkpt>
   <trkpt lat="-29.7917720" lon="24.4078900">
    <ele>1092.9</ele>
   </trkpt>
   <trkpt lat="-29.7917990" lon="24.4079180">
    <ele>1092.9</ele>
   </trkpt>
   <trkpt lat="-29.7918080" lon="24.4079280">
    <ele>1092.9</ele>
   </trkpt>
   <trkpt lat="-29.7918350" lon="24.4079580">
    <ele>1092.9</ele>
   </trkpt>
   <trkpt lat="-29.7918440" lon="24.4079680">
    <ele>1092.9</ele>
   </trkpt>
   <trkpt lat="-29.7918620" lon="24.4079920">
    <ele>1092.9</ele>
   </trkpt>
   <trkpt lat="-29.7918810" lon="24.4080170">
    <ele>1092.9</ele>
   </trkpt>
   <trkpt lat="-29.7918990" lon="24.4080430">
    <ele>1092.9</ele>
   </trkpt>
   <trkpt lat="-29.7919130" lon="24.4080720">
    <ele>1092.9</ele>
   </trkpt>
   <trkpt lat="-29.7919260" lon="24.4081040">
    <ele>1092.9</ele>
   </trkpt>
   <trkpt lat="-29.7919280" lon="24.4081440">
    <ele>1092.9</ele>
   </trkpt>
   <trkpt lat="-29.7919220" lon="24.4081820">
    <ele>1092.9</ele>
   </trkpt>
   <trkpt lat="-29.7919230" lon="24.4082180">
    <ele>1092.9</ele>
   </trkpt>
   <trkpt lat="-29.7919310" lon="24.4082570">
    <ele>1092.9</ele>
   </trkpt>
   <trkpt lat="-29.7919270" lon="24.4082960">
    <ele>1092.9</ele>
   </trkpt>
   <trkpt lat="-29.7919210" lon="24.4083330">
    <ele>1092.9</ele>
   </trkpt>
   <trkpt lat="-29.7919240" lon="24.4083680">
    <ele>1092.9</ele>
   </trkpt>
   <trkpt lat="-29.7919280" lon="24.4084030">
    <ele>1092.9</ele>
   </trkpt>
   <trkpt lat="-29.7919310" lon="24.4084380">
    <ele>1092.9</ele>
   </trkpt>
   <trkpt lat="-29.7919300" lon="24.4084760">
    <ele>1092.9</ele>
   </trkpt>
   <trkpt lat="-29.7919300" lon="24.4085130">
    <ele>1092.9</ele>
   </trkpt>
   <trkpt lat="-29.7919320" lon="24.4085530">
    <ele>1092.9</ele>
   </trkpt>
   <trkpt lat="-29.7919300" lon="24.4085920">
    <ele>1092.9</ele>
   </trkpt>
   <trkpt lat="-29.7919280" lon="24.4086320">
    <ele>1092.9</ele>
   </trkpt>
   <trkpt lat="-29.7919310" lon="24.4086710">
    <ele>1092.9</ele>
   </trkpt>
   <trkpt lat="-29.7919360" lon="24.4087110">
    <ele>1092.9</ele>
   </trkpt>
   <trkpt lat="-29.7919410" lon="24.4087520">
    <ele>1092.9</ele>
   </trkpt>
   <trkpt lat="-29.7919460" lon="24.4087920">
    <ele>1092.9</ele>
   </trkpt>
   <trkpt lat="-29.7919520" lon="24.4088270">
    <ele>1092.9</ele>
   </trkpt>
   <trkpt lat="-29.7919570" lon="24.4088620">
    <ele>1092.9</ele>
   </trkpt>
   <trkpt lat="-29.7919630" lon="24.4088950">
    <ele>1093.0</ele>
   </trkpt>
   <trkpt lat="-29.7919720" lon="24.4089290">
    <ele>1093.0</ele>
   </trkpt>
   <trkpt lat="-29.7919750" lon="24.4089600">
    <ele>1093.0</ele>
   </trkpt>
   <trkpt lat="-29.7919710" lon="24.4089940">
    <ele>1093.0</ele>
   </trkpt>
   <trkpt lat="-29.7919660" lon="24.4090290">
    <ele>1093.0</ele>
   </trkpt>
   <trkpt lat="-29.7919610" lon="24.4090670">
    <ele>1093.0</ele>
   </trkpt>
   <trkpt lat="-29.7919580" lon="24.4091060">
    <ele>1093.0</ele>
   </trkpt>
   <trkpt lat="-29.7919570" lon="24.4091450">
    <ele>1093.0</ele>
   </trkpt>
   <trkpt lat="-29.7919590" lon="24.4091860">
    <ele>1093.1</ele>
   </trkpt>
   <trkpt lat="-29.7919620" lon="24.4092260">
    <ele>1093.1</ele>
   </trkpt>
   <trkpt lat="-29.7919660" lon="24.4092640">
    <ele>1093.1</ele>
   </trkpt>
   <trkpt lat="-29.7919720" lon="24.4092970">
    <ele>1093.1</ele>
   </trkpt>
   <trkpt lat="-29.7919820" lon="24.4093290">
    <ele>1093.1</ele>
   </trkpt>
   <trkpt lat="-29.7919870" lon="24.4093630">
    <ele>1093.1</ele>
   </trkpt>
   <trkpt lat="-29.7919910" lon="24.4094010">
    <ele>1093.1</ele>
   </trkpt>
   <trkpt lat="-29.7919970" lon="24.4094400">
    <ele>1093.1</ele>
   </trkpt>
   <trkpt lat="-29.7920040" lon="24.4094810">
    <ele>1093.1</ele>
   </trkpt>
   <trkpt lat="-29.7920130" lon="24.4095200">
    <ele>1093.1</ele>
   </trkpt>
   <trkpt lat="-29.7920210" lon="24.4095600">
    <ele>1093.1</ele>
   </trkpt>
   <trkpt lat="-29.7920310" lon="24.4095980">
    <ele>1093.2</ele>
   </trkpt>
   <trkpt lat="-29.7920390" lon="24.4096380">
    <ele>1093.2</ele>
   </trkpt>
   <trkpt lat="-29.7920480" lon="24.4096780">
    <ele>1093.2</ele>
   </trkpt>
   <trkpt lat="-29.7920560" lon="24.4097180">
    <ele>1093.2</ele>
   </trkpt>
   <trkpt lat="-29.7920670" lon="24.4097570">
    <ele>1093.2</ele>
   </trkpt>
   <trkpt lat="-29.7920800" lon="24.4097940">
    <ele>1093.2</ele>
   </trkpt>
   <trkpt lat="-29.7920900" lon="24.4098330">
    <ele>1093.2</ele>
   </trkpt>
   <trkpt lat="-29.7921020" lon="24.4098850">
    <ele>1093.2</ele>
   </trkpt>
   <trkpt lat="-29.7921200" lon="24.4099410">
    <ele>1093.2</ele>
   </trkpt>
   <trkpt lat="-29.7921290" lon="24.4099610">
    <ele>1093.2</ele>
   </trkpt>
   <trkpt lat="-29.7921370" lon="24.4099820">
    <ele>1093.2</ele>
   </trkpt>
   <trkpt lat="-29.7921500" lon="24.4100220">
    <ele>1093.2</ele>
   </trkpt>
   <trkpt lat="-29.7921550" lon="24.4100360">
    <ele>1093.2</ele>
   </trkpt>
   <trkpt lat="-29.7921700" lon="24.4100770">
    <ele>1093.2</ele>
   </trkpt>
   <trkpt lat="-29.7921730" lon="24.4100910">
    <ele>1093.2</ele>
   </trkpt>
   <trkpt lat="-29.7921910" lon="24.4101220">
    <ele>1093.2</ele>
   </trkpt>
   <trkpt lat="-29.7921960" lon="24.4101320">
    <ele>1093.2</ele>
   </trkpt>
   <trkpt lat="-29.7922070" lon="24.4101690">
    <ele>1093.2</ele>
   </trkpt>
   <trkpt lat="-29.7922110" lon="24.4101810">
    <ele>1093.2</ele>
   </trkpt>
   <trkpt lat="-29.7922240" lon="24.4102140">
    <ele>1093.2</ele>
   </trkpt>
   <trkpt lat="-29.7922280" lon="24.4102250">
    <ele>1093.2</ele>
   </trkpt>
   <trkpt lat="-29.7922630" lon="24.4103610">
    <ele>1093.0</ele>
   </trkpt>
   <trkpt lat="-29.7922520" lon="24.4103060">
    <ele>1093.0</ele>
   </trkpt>
   <trkpt lat="-29.7922410" lon="24.4102500">
    <ele>1093.0</ele>
   </trkpt>
   <trkpt lat="-29.7922450" lon="24.4102650">
    <ele>1093.0</ele>
   </trkpt>
   <trkpt lat="-29.7922600" lon="24.4102800">
    <ele>1092.9</ele>
   </trkpt>
   <trkpt lat="-29.7922690" lon="24.4102990">
    <ele>1092.9</ele>
   </trkpt>
   <trkpt lat="-29.7922790" lon="24.4103120">
    <ele>1092.9</ele>
   </trkpt>
   <trkpt lat="-29.7922940" lon="24.4103440">
    <ele>1092.9</ele>
   </trkpt>
   <trkpt lat="-29.7922970" lon="24.4103570">
    <ele>1092.9</ele>
   </trkpt>
   <trkpt lat="-29.7923070" lon="24.4103870">
    <ele>1092.9</ele>
   </trkpt>
   <trkpt lat="-29.7923300" lon="24.4104210">
    <ele>1092.9</ele>
   </trkpt>
   <trkpt lat="-29.7923380" lon="24.4104330">
    <ele>1092.9</ele>
   </trkpt>
   <trkpt lat="-29.7923610" lon="24.4104670">
    <ele>1092.9</ele>
   </trkpt>
   <trkpt lat="-29.7923690" lon="24.4104810">
    <ele>1092.9</ele>
   </trkpt>
   <trkpt lat="-29.7923850" lon="24.4105120">
    <ele>1092.9</ele>
   </trkpt>
   <trkpt lat="-29.7924010" lon="24.4105440">
    <ele>1092.9</ele>
   </trkpt>
   <trkpt lat="-29.7924160" lon="24.4105760">
    <ele>1092.9</ele>
   </trkpt>
   <trkpt lat="-29.7924330" lon="24.4106060">
    <ele>1092.9</ele>
   </trkpt>
   <trkpt lat="-29.7924510" lon="24.4106350">
    <ele>1092.9</ele>
   </trkpt>
   <trkpt lat="-29.7924700" lon="24.4106670">
    <ele>1092.9</ele>
   </trkpt>
   <trkpt lat="-29.7924890" lon="24.4106990">
    <ele>1092.8</ele>
   </trkpt>
   <trkpt lat="-29.7925080" lon="24.4107310">
    <ele>1092.8</ele>
   </trkpt>
   <trkpt lat="-29.7925290" lon="24.4107630">
    <ele>1092.8</ele>
   </trkpt>
   <trkpt lat="-29.7925480" lon="24.4107950">
    <ele>1092.9</ele>
   </trkpt>
   <trkpt lat="-29.7925670" lon="24.4108260">
    <ele>1092.9</ele>
   </trkpt>
   <trkpt lat="-29.7925890" lon="24.4108550">
    <ele>1092.9</ele>
   </trkpt>
   <trkpt lat="-29.7926130" lon="24.4108820">
    <ele>1092.9</ele>
   </trkpt>
   <trkpt lat="-29.7926360" lon="24.4109090">
    <ele>1092.9</ele>
   </trkpt>
   <trkpt lat="-29.7926580" lon="24.4109390">
    <ele>1092.9</ele>
   </trkpt>
   <trkpt lat="-29.7926860" lon="24.4109660">
    <ele>1092.9</ele>
   </trkpt>
   <trkpt lat="-29.7927140" lon="24.4109910">
    <ele>1092.9</ele>
   </trkpt>
   <trkpt lat="-29.7927270" lon="24.4110220">
    <ele>1093.0</ele>
   </trkpt>
   <trkpt lat="-29.7927500" lon="24.4110440">
    <ele>1093.0</ele>
   </trkpt>
   <trkpt lat="-29.7927690" lon="24.4110730">
    <ele>1093.0</ele>
   </trkpt>
   <trkpt lat="-29.7927930" lon="24.4111000">
    <ele>1093.0</ele>
   </trkpt>
   <trkpt lat="-29.7928210" lon="24.4111230">
    <ele>1093.0</ele>
   </trkpt>
   <trkpt lat="-29.7928450" lon="24.4111500">
    <ele>1093.0</ele>
   </trkpt>
   <trkpt lat="-29.7928740" lon="24.4111760">
    <ele>1093.1</ele>
   </trkpt>
   <trkpt lat="-29.7928940" lon="24.4112000">
    <ele>1093.1</ele>
   </trkpt>
   <trkpt lat="-29.7929220" lon="24.4112200">
    <ele>1093.1</ele>
   </trkpt>
   <trkpt lat="-29.7929480" lon="24.4112420">
    <ele>1093.1</ele>
   </trkpt>
   <trkpt lat="-29.7929730" lon="24.4112590">
    <ele>1093.1</ele>
   </trkpt>
   <trkpt lat="-29.7929990" lon="24.4112800">
    <ele>1093.1</ele>
   </trkpt>
   <trkpt lat="-29.7930320" lon="24.4112960">
    <ele>1093.1</ele>
   </trkpt>
   <trkpt lat="-29.7930600" lon="24.4113190">
    <ele>1093.1</ele>
   </trkpt>
   <trkpt lat="-29.7930850" lon="24.4113470">
    <ele>1093.1</ele>
   </trkpt>
   <trkpt lat="-29.7931170" lon="24.4113740">
    <ele>1093.1</ele>
   </trkpt>
   <trkpt lat="-29.7931440" lon="24.4114000">
    <ele>1093.1</ele>
   </trkpt>
   <trkpt lat="-29.7931700" lon="24.4114240">
    <ele>1093.1</ele>
   </trkpt>
   <trkpt lat="-29.7932010" lon="24.4114440">
    <ele>1093.1</ele>
   </trkpt>
   <trkpt lat="-29.7932250" lon="24.4114670">
    <ele>1093.2</ele>
   </trkpt>
   <trkpt lat="-29.7932470" lon="24.4114890">
    <ele>1093.2</ele>
   </trkpt>
   <trkpt lat="-29.7932740" lon="24.4115120">
    <ele>1093.2</ele>
   </trkpt>
   <trkpt lat="-29.7933040" lon="24.4115310">
    <ele>1093.2</ele>
   </trkpt>
   <trkpt lat="-29.7933340" lon="24.4115490">
    <ele>1093.2</ele>
   </trkpt>
   <trkpt lat="-29.7933640" lon="24.4115740">
    <ele>1093.2</ele>
   </trkpt>
   <trkpt lat="-29.7933890" lon="24.4115940">
    <ele>1093.2</ele>
   </trkpt>
   <trkpt lat="-29.7934170" lon="24.4116150">
    <ele>1093.2</ele>
   </trkpt>
   <trkpt lat="-29.7934430" lon="24.4116370">
    <ele>1093.3</ele>
   </trkpt>
   <trkpt lat="-29.7934700" lon="24.4116580">
    <ele>1093.3</ele>
   </trkpt>
   <trkpt lat="-29.7935030" lon="24.4116800">
    <ele>1093.3</ele>
   </trkpt>
   <trkpt lat="-29.7935330" lon="24.4116980">
    <ele>1093.3</ele>
   </trkpt>
   <trkpt lat="-29.7935600" lon="24.4117130">
    <ele>1093.3</ele>
   </trkpt>
   <trkpt lat="-29.7935920" lon="24.4117300">
    <ele>1093.3</ele>
   </trkpt>
   <trkpt lat="-29.7936210" lon="24.4117540">
    <ele>1093.3</ele>
   </trkpt>
   <trkpt lat="-29.7936490" lon="24.4117670">
    <ele>1093.3</ele>
   </trkpt>
   <trkpt lat="-29.7936810" lon="24.4117840">
    <ele>1093.3</ele>
   </trkpt>
   <trkpt lat="-29.7937120" lon="24.4118010">
    <ele>1093.3</ele>
   </trkpt>
   <trkpt lat="-29.7937440" lon="24.4118180">
    <ele>1093.3</ele>
   </trkpt>
   <trkpt lat="-29.7937680" lon="24.4118340">
    <ele>1093.3</ele>
   </trkpt>
   <trkpt lat="-29.7937960" lon="24.4118510">
    <ele>1093.4</ele>
   </trkpt>
   <trkpt lat="-29.7938250" lon="24.4118710">
    <ele>1093.4</ele>
   </trkpt>
   <trkpt lat="-29.7938480" lon="24.4118900">
    <ele>1093.4</ele>
   </trkpt>
   <trkpt lat="-29.7938750" lon="24.4119080">
    <ele>1093.4</ele>
   </trkpt>
   <trkpt lat="-29.7939030" lon="24.4119240">
    <ele>1093.4</ele>
   </trkpt>
   <trkpt lat="-29.7939300" lon="24.4119440">
    <ele>1093.4</ele>
   </trkpt>
   <trkpt lat="-29.7939550" lon="24.4119610">
    <ele>1093.4</ele>
   </trkpt>
   <trkpt lat="-29.7939890" lon="24.4119730">
    <ele>1093.4</ele>
   </trkpt>
   <trkpt lat="-29.7940230" lon="24.4119910">
    <ele>1093.3</ele>
   </trkpt>
   <trkpt lat="-29.7940550" lon="24.4120120">
    <ele>1093.3</ele>
   </trkpt>
   <trkpt lat="-29.7940830" lon="24.4120300">
    <ele>1093.3</ele>
   </trkpt>
   <trkpt lat="-29.7941090" lon="24.4120540">
    <ele>1093.3</ele>
   </trkpt>
   <trkpt lat="-29.7941380" lon="24.4120760">
    <ele>1093.3</ele>
   </trkpt>
   <trkpt lat="-29.7941660" lon="24.4120990">
    <ele>1093.3</ele>
   </trkpt>
   <trkpt lat="-29.7942000" lon="24.4121260">
    <ele>1093.3</ele>
   </trkpt>
   <trkpt lat="-29.7942230" lon="24.4121620">
    <ele>1093.3</ele>
   </trkpt>
   <trkpt lat="-29.7942460" lon="24.4121950">
    <ele>1093.3</ele>
   </trkpt>
   <trkpt lat="-29.7942640" lon="24.4122270">
    <ele>1093.3</ele>
   </trkpt>
   <trkpt lat="-29.7942870" lon="24.4122620">
    <ele>1093.3</ele>
   </trkpt>
   <trkpt lat="-29.7943090" lon="24.4123000">
    <ele>1093.3</ele>
   </trkpt>
   <trkpt lat="-29.7943260" lon="24.4123360">
    <ele>1093.3</ele>
   </trkpt>
   <trkpt lat="-29.7943480" lon="24.4123700">
    <ele>1093.3</ele>
   </trkpt>
   <trkpt lat="-29.7943680" lon="24.4124040">
    <ele>1093.3</ele>
   </trkpt>
   <trkpt lat="-29.7943920" lon="24.4124370">
    <ele>1093.2</ele>
   </trkpt>
   <trkpt lat="-29.7944150" lon="24.4124690">
    <ele>1093.2</ele>
   </trkpt>
   <trkpt lat="-29.7944370" lon="24.4125050">
    <ele>1093.2</ele>
   </trkpt>
   <trkpt lat="-29.7944560" lon="24.4125430">
    <ele>1093.2</ele>
   </trkpt>
   <trkpt lat="-29.7944840" lon="24.4125710">
    <ele>1093.2</ele>
   </trkpt>
   <trkpt lat="-29.7945080" lon="24.4126040">
    <ele>1093.2</ele>
   </trkpt>
   <trkpt lat="-29.7945220" lon="24.4126350">
    <ele>1093.2</ele>
   </trkpt>
   <trkpt lat="-29.7945440" lon="24.4126690">
    <ele>1093.2</ele>
   </trkpt>
   <trkpt lat="-29.7945650" lon="24.4127020">
    <ele>1093.2</ele>
   </trkpt>
   <trkpt lat="-29.7945830" lon="24.4127350">
    <ele>1093.2</ele>
   </trkpt>
   <trkpt lat="-29.7946070" lon="24.4127700">
    <ele>1093.2</ele>
   </trkpt>
   <trkpt lat="-29.7946270" lon="24.4128040">
    <ele>1093.2</ele>
   </trkpt>
   <trkpt lat="-29.7946460" lon="24.4128440">
    <ele>1093.1</ele>
   </trkpt>
   <trkpt lat="-29.7946680" lon="24.4128770">
    <ele>1093.1</ele>
   </trkpt>
   <trkpt lat="-29.7946870" lon="24.4129090">
    <ele>1093.1</ele>
   </trkpt>
   <trkpt lat="-29.7947070" lon="24.4129450">
    <ele>1093.1</ele>
   </trkpt>
   <trkpt lat="-29.7947260" lon="24.4129770">
    <ele>1093.1</ele>
   </trkpt>
   <trkpt lat="-29.7947530" lon="24.4130060">
    <ele>1093.1</ele>
   </trkpt>
   <trkpt lat="-29.7947730" lon="24.4130400">
    <ele>1093.0</ele>
   </trkpt>
   <trkpt lat="-29.7947910" lon="24.4130760">
    <ele>1093.0</ele>
   </trkpt>
   <trkpt lat="-29.7948160" lon="24.4131110">
    <ele>1093.0</ele>
   </trkpt>
   <trkpt lat="-29.7948340" lon="24.4131450">
    <ele>1093.0</ele>
   </trkpt>
   <trkpt lat="-29.7948570" lon="24.4131770">
    <ele>1093.0</ele>
   </trkpt>
   <trkpt lat="-29.7948700" lon="24.4132080">
    <ele>1093.0</ele>
   </trkpt>
   <trkpt lat="-29.7948910" lon="24.4132380">
    <ele>1093.0</ele>
   </trkpt>
   <trkpt lat="-29.7949170" lon="24.4132680">
    <ele>1093.0</ele>
   </trkpt>
   <trkpt lat="-29.7949400" lon="24.4132970">
    <ele>1093.0</ele>
   </trkpt>
   <trkpt lat="-29.7949630" lon="24.4133300">
    <ele>1092.9</ele>
   </trkpt>
   <trkpt lat="-29.7949840" lon="24.4133670">
    <ele>1092.9</ele>
   </trkpt>
   <trkpt lat="-29.7950030" lon="24.4133950">
    <ele>1092.9</ele>
   </trkpt>
   <trkpt lat="-29.7950240" lon="24.4134290">
    <ele>1092.9</ele>
   </trkpt>
   <trkpt lat="-29.7950490" lon="24.4134610">
    <ele>1092.9</ele>
   </trkpt>
   <trkpt lat="-29.7950720" lon="24.4134920">
    <ele>1092.8</ele>
   </trkpt>
   <trkpt lat="-29.7950930" lon="24.4135250">
    <ele>1092.8</ele>
   </trkpt>
   <trkpt lat="-29.7951150" lon="24.4135620">
    <ele>1092.8</ele>
   </trkpt>
   <trkpt lat="-29.7951350" lon="24.4135950">
    <ele>1092.8</ele>
   </trkpt>
   <trkpt lat="-29.7951520" lon="24.4136320">
    <ele>1092.8</ele>
   </trkpt>
   <trkpt lat="-29.7951740" lon="24.4136750">
    <ele>1092.8</ele>
   </trkpt>
   <trkpt lat="-29.7951890" lon="24.4137030">
    <ele>1092.8</ele>
   </trkpt>
   <trkpt lat="-29.7952130" lon="24.4137370">
    <ele>1092.8</ele>
   </trkpt>
   <trkpt lat="-29.7952230" lon="24.4137700">
    <ele>1092.8</ele>
   </trkpt>
   <trkpt lat="-29.7952340" lon="24.4138070">
    <ele>1092.8</ele>
   </trkpt>
   <trkpt lat="-29.7952470" lon="24.4138420">
    <ele>1092.8</ele>
   </trkpt>
   <trkpt lat="-29.7952580" lon="24.4138770">
    <ele>1092.8</ele>
   </trkpt>
   <trkpt lat="-29.7952740" lon="24.4139080">
    <ele>1092.8</ele>
   </trkpt>
   <trkpt lat="-29.7952940" lon="24.4139460">
    <ele>1092.8</ele>
   </trkpt>
   <trkpt lat="-29.7953120" lon="24.4139810">
    <ele>1092.7</ele>
   </trkpt>
   <trkpt lat="-29.7953190" lon="24.4140180">
    <ele>1092.7</ele>
   </trkpt>
   <trkpt lat="-29.7953360" lon="24.4140590">
    <ele>1092.7</ele>
   </trkpt>
   <trkpt lat="-29.7953560" lon="24.4140920">
    <ele>1092.7</ele>
   </trkpt>
   <trkpt lat="-29.7953720" lon="24.4141310">
    <ele>1092.7</ele>
   </trkpt>
   <trkpt lat="-29.7953930" lon="24.4141760">
    <ele>1092.7</ele>
   </trkpt>
   <trkpt lat="-29.7954040" lon="24.4141960">
    <ele>1092.7</ele>
   </trkpt>
   <trkpt lat="-29.7954120" lon="24.4142320">
    <ele>1092.7</ele>
   </trkpt>
   <trkpt lat="-29.7954390" lon="24.4142660">
    <ele>1092.7</ele>
   </trkpt>
   <trkpt lat="-29.7954610" lon="24.4143060">
    <ele>1092.7</ele>
   </trkpt>
   <trkpt lat="-29.7954740" lon="24.4143470">
    <ele>1092.6</ele>
   </trkpt>
   <trkpt lat="-29.7954910" lon="24.4143940">
    <ele>1092.6</ele>
   </trkpt>
   <trkpt lat="-29.7955010" lon="24.4144320">
    <ele>1092.6</ele>
   </trkpt>
   <trkpt lat="-29.7955210" lon="24.4144600">
    <ele>1092.6</ele>
   </trkpt>
   <trkpt lat="-29.7955390" lon="24.4144890">
    <ele>1092.6</ele>
   </trkpt>
   <trkpt lat="-29.7955540" lon="24.4145160">
    <ele>1092.6</ele>
   </trkpt>
   <trkpt lat="-29.7955770" lon="24.4145680">
    <ele>1092.6</ele>
   </trkpt>
   <trkpt lat="-29.7956090" lon="24.4145980">
    <ele>1092.6</ele>
   </trkpt>
   <trkpt lat="-29.7956180" lon="24.4146120">
    <ele>1092.6</ele>
   </trkpt>
   <trkpt lat="-29.7956440" lon="24.4146590">
    <ele>1092.7</ele>
   </trkpt>
   <trkpt lat="-29.7956580" lon="24.4146950">
    <ele>1092.7</ele>
   </trkpt>
   <trkpt lat="-29.7956890" lon="24.4147320">
    <ele>1092.7</ele>
   </trkpt>
   <trkpt lat="-29.7957040" lon="24.4147580">
    <ele>1092.7</ele>
   </trkpt>
   <trkpt lat="-29.7957360" lon="24.4147710">
    <ele>1092.7</ele>
   </trkpt>
   <trkpt lat="-29.7957640" lon="24.4148120">
    <ele>1092.7</ele>
   </trkpt>
   <trkpt lat="-29.7957830" lon="24.4148410">
    <ele>1092.7</ele>
   </trkpt>
   <trkpt lat="-29.7958110" lon="24.4148830">
    <ele>1092.7</ele>
   </trkpt>
   <trkpt lat="-29.7958520" lon="24.4149210">
    <ele>1092.7</ele>
   </trkpt>
   <trkpt lat="-29.7958810" lon="24.4149530">
    <ele>1092.7</ele>
   </trkpt>
   <trkpt lat="-29.7958930" lon="24.4149650">
    <ele>1092.7</ele>
   </trkpt>
   <trkpt lat="-29.7959080" lon="24.4149960">
    <ele>1092.7</ele>
   </trkpt>
   <trkpt lat="-29.7959300" lon="24.4150270">
    <ele>1092.7</ele>
   </trkpt>
   <trkpt lat="-29.7959330" lon="24.4150270">
    <ele>1092.7</ele>
   </trkpt>
   <trkpt lat="-29.7959430" lon="24.4150470">
    <ele>1092.7</ele>
   </trkpt>
   <trkpt lat="-29.7959530" lon="24.4150680">
    <ele>1092.7</ele>
   </trkpt>
   <trkpt lat="-29.7959630" lon="24.4150890">
    <ele>1092.7</ele>
   </trkpt>
   <trkpt lat="-29.7959940" lon="24.4151140">
    <ele>1092.7</ele>
   </trkpt>
   <trkpt lat="-29.7960210" lon="24.4151520">
    <ele>1092.7</ele>
   </trkpt>
   <trkpt lat="-29.7960490" lon="24.4151890">
    <ele>1092.7</ele>
   </trkpt>
   <trkpt lat="-29.7960760" lon="24.4152270">
    <ele>1092.7</ele>
   </trkpt>
   <trkpt lat="-29.7961150" lon="24.4152730">
    <ele>1092.8</ele>
   </trkpt>
   <trkpt lat="-29.7961390" lon="24.4153080">
    <ele>1092.8</ele>
   </trkpt>
   <trkpt lat="-29.7961540" lon="24.4153300">
    <ele>1092.8</ele>
   </trkpt>
   <trkpt lat="-29.7961670" lon="24.4153590">
    <ele>1092.8</ele>
   </trkpt>
   <trkpt lat="-29.7961750" lon="24.4153860">
    <ele>1092.8</ele>
   </trkpt>
   <trkpt lat="-29.7961930" lon="24.4154300">
    <ele>1092.8</ele>
   </trkpt>
   <trkpt lat="-29.7962220" lon="24.4154660">
    <ele>1092.8</ele>
   </trkpt>
   <trkpt lat="-29.7962450" lon="24.4155090">
    <ele>1092.8</ele>
   </trkpt>
   <trkpt lat="-29.7962750" lon="24.4155280">
    <ele>1092.8</ele>
   </trkpt>
   <trkpt lat="-29.7963060" lon="24.4155670">
    <ele>1092.9</ele>
   </trkpt>
   <trkpt lat="-29.7963160" lon="24.4155840">
    <ele>1092.9</ele>
   </trkpt>
   <trkpt lat="-29.7963370" lon="24.4156120">
    <ele>1092.9</ele>
   </trkpt>
   <trkpt lat="-29.7963660" lon="24.4156600">
    <ele>1092.9</ele>
   </trkpt>
   <trkpt lat="-29.7963810" lon="24.4156950">
    <ele>1092.9</ele>
   </trkpt>
   <trkpt lat="-29.7964020" lon="24.4157280">
    <ele>1093.0</ele>
   </trkpt>
   <trkpt lat="-29.7964270" lon="24.4157620">
    <ele>1093.0</ele>
   </trkpt>
   <trkpt lat="-29.7964470" lon="24.4157920">
    <ele>1093.0</ele>
   </trkpt>
   <trkpt lat="-29.7964610" lon="24.4158230">
    <ele>1093.0</ele>
   </trkpt>
   <trkpt lat="-29.7964860" lon="24.4158510">
    <ele>1093.1</ele>
   </trkpt>
   <trkpt lat="-29.7965140" lon="24.4158760">
    <ele>1093.1</ele>
   </trkpt>
   <trkpt lat="-29.7965340" lon="24.4159130">
    <ele>1093.1</ele>
   </trkpt>
   <trkpt lat="-29.7965550" lon="24.4159410">
    <ele>1093.1</ele>
   </trkpt>
   <trkpt lat="-29.7965710" lon="24.4159670">
    <ele>1093.2</ele>
   </trkpt>
   <trkpt lat="-29.7965940" lon="24.4159910">
    <ele>1093.2</ele>
   </trkpt>
   <trkpt lat="-29.7966160" lon="24.4160110">
    <ele>1093.2</ele>
   </trkpt>
   <trkpt lat="-29.7966390" lon="24.4160360">
    <ele>1093.2</ele>
   </trkpt>
   <trkpt lat="-29.7966610" lon="24.4160600">
    <ele>1093.2</ele>
   </trkpt>
   <trkpt lat="-29.7966860" lon="24.4160830">
    <ele>1093.2</ele>
   </trkpt>
   <trkpt lat="-29.7967180" lon="24.4161050">
    <ele>1093.3</ele>
   </trkpt>
   <trkpt lat="-29.7967490" lon="24.4161220">
    <ele>1093.3</ele>
   </trkpt>
   <trkpt lat="-29.7967780" lon="24.4161490">
    <ele>1093.3</ele>
   </trkpt>
   <trkpt lat="-29.7967970" lon="24.4161730">
    <ele>1093.3</ele>
   </trkpt>
   <trkpt lat="-29.7968240" lon="24.4161990">
    <ele>1093.3</ele>
   </trkpt>
   <trkpt lat="-29.7968550" lon="24.4162260">
    <ele>1093.3</ele>
   </trkpt>
   <trkpt lat="-29.7968860" lon="24.4162530">
    <ele>1093.3</ele>
   </trkpt>
   <trkpt lat="-29.7969100" lon="24.4162860">
    <ele>1093.3</ele>
   </trkpt>
   <trkpt lat="-29.7969370" lon="24.4163050">
    <ele>1093.3</ele>
   </trkpt>
   <trkpt lat="-29.7969680" lon="24.4163420">
    <ele>1093.3</ele>
   </trkpt>
   <trkpt lat="-29.7969970" lon="24.4163780">
    <ele>1093.3</ele>
   </trkpt>
   <trkpt lat="-29.7970240" lon="24.4163940">
    <ele>1093.3</ele>
   </trkpt>
   <trkpt lat="-29.7969970" lon="24.4163750">
    <ele>1093.3</ele>
   </trkpt>
   <trkpt lat="-29.7970170" lon="24.4163920">
    <ele>1093.3</ele>
   </trkpt>
   <trkpt lat="-29.7970270" lon="24.4164040">
    <ele>1093.3</ele>
   </trkpt>
   <trkpt lat="-29.7970370" lon="24.4164160">
    <ele>1093.3</ele>
   </trkpt>
   <trkpt lat="-29.7970710" lon="24.4164530">
    <ele>1093.3</ele>
   </trkpt>
   <trkpt lat="-29.7971050" lon="24.4164900">
    <ele>1093.3</ele>
   </trkpt>
   <trkpt lat="-29.7971310" lon="24.4165220">
    <ele>1093.3</ele>
   </trkpt>
   <trkpt lat="-29.7971590" lon="24.4165570">
    <ele>1093.3</ele>
   </trkpt>
   <trkpt lat="-29.7971540" lon="24.4165220">
    <ele>1093.3</ele>
   </trkpt>
   <trkpt lat="-29.7971890" lon="24.4165540">
    <ele>1093.3</ele>
   </trkpt>
   <trkpt lat="-29.7972050" lon="24.4165750">
    <ele>1093.4</ele>
   </trkpt>
   <trkpt lat="-29.7972120" lon="24.4165770">
    <ele>1093.4</ele>
   </trkpt>
   <trkpt lat="-29.7972280" lon="24.4165930">
    <ele>1093.4</ele>
   </trkpt>
   <trkpt lat="-29.7972580" lon="24.4166310">
    <ele>1093.4</ele>
   </trkpt>
   <trkpt lat="-29.7972660" lon="24.4166250">
    <ele>1093.4</ele>
   </trkpt>
   <trkpt lat="-29.7972920" lon="24.4166460">
    <ele>1093.4</ele>
   </trkpt>
   <trkpt lat="-29.7973110" lon="24.4166860">
    <ele>1093.4</ele>
   </trkpt>
   <trkpt lat="-29.7973220" lon="24.4167050">
    <ele>1093.4</ele>
   </trkpt>
   <trkpt lat="-29.7973270" lon="24.4167140">
    <ele>1093.4</ele>
   </trkpt>
   <trkpt lat="-29.7973440" lon="24.4167330">
    <ele>1093.4</ele>
   </trkpt>
   <trkpt lat="-29.7973650" lon="24.4167810">
    <ele>1093.4</ele>
   </trkpt>
   <trkpt lat="-29.7973810" lon="24.4168060">
    <ele>1093.4</ele>
   </trkpt>
   <trkpt lat="-29.7973940" lon="24.4168290">
    <ele>1093.3</ele>
   </trkpt>
   <trkpt lat="-29.7974020" lon="24.4168690">
    <ele>1093.3</ele>
   </trkpt>
   <trkpt lat="-29.7974120" lon="24.4168860">
    <ele>1093.3</ele>
   </trkpt>
   <trkpt lat="-29.7974350" lon="24.4169090">
    <ele>1093.3</ele>
   </trkpt>
   <trkpt lat="-29.7974450" lon="24.4169190">
    <ele>1093.3</ele>
   </trkpt>
   <trkpt lat="-29.7974660" lon="24.4169720">
    <ele>1093.3</ele>
   </trkpt>
   <trkpt lat="-29.7975020" lon="24.4169820">
    <ele>1093.4</ele>
   </trkpt>
   <trkpt lat="-29.7975200" lon="24.4169970">
    <ele>1093.4</ele>
   </trkpt>
   <trkpt lat="-29.7975390" lon="24.4170340">
    <ele>1093.4</ele>
   </trkpt>
   <trkpt lat="-29.7975480" lon="24.4170510">
    <ele>1093.4</ele>
   </trkpt>
   <trkpt lat="-29.7975780" lon="24.4170890">
    <ele>1093.4</ele>
   </trkpt>
   <trkpt lat="-29.7975850" lon="24.4171170">
    <ele>1093.4</ele>
   </trkpt>
   <trkpt lat="-29.7975970" lon="24.4171340">
    <ele>1093.4</ele>
   </trkpt>
   <trkpt lat="-29.7976210" lon="24.4171640">
    <ele>1093.4</ele>
   </trkpt>
   <trkpt lat="-29.7976340" lon="24.4171750">
    <ele>1093.4</ele>
   </trkpt>
   <trkpt lat="-29.7976500" lon="24.4172140">
    <ele>1093.4</ele>
   </trkpt>
   <trkpt lat="-29.7976880" lon="24.4172280">
    <ele>1093.4</ele>
   </trkpt>
   <trkpt lat="-29.7977000" lon="24.4172480">
    <ele>1093.4</ele>
   </trkpt>
   <trkpt lat="-29.7977170" lon="24.4172810">
    <ele>1093.4</ele>
   </trkpt>
   <trkpt lat="-29.7977260" lon="24.4173010">
    <ele>1093.4</ele>
   </trkpt>
   <trkpt lat="-29.7977520" lon="24.4173370">
    <ele>1093.4</ele>
   </trkpt>
   <trkpt lat="-29.7977520" lon="24.4173360">
    <ele>1093.4</ele>
   </trkpt>
   <trkpt lat="-29.7977740" lon="24.4173580">
    <ele>1093.4</ele>
   </trkpt>
   <trkpt lat="-29.7977930" lon="24.4173890">
    <ele>1093.4</ele>
   </trkpt>
   <trkpt lat="-29.7977830" lon="24.4174230">
    <ele>1093.4</ele>
   </trkpt>
   <trkpt lat="-29.7978120" lon="24.4174560">
    <ele>1093.4</ele>
   </trkpt>
   <trkpt lat="-29.7978380" lon="24.4175050">
    <ele>1093.4</ele>
   </trkpt>
   <trkpt lat="-29.7978560" lon="24.4175360">
    <ele>1093.4</ele>
   </trkpt>
   <trkpt lat="-29.7978670" lon="24.4175480">
    <ele>1093.4</ele>
   </trkpt>
   <trkpt lat="-29.7978910" lon="24.4175730">
    <ele>1093.4</ele>
   </trkpt>
   <trkpt lat="-29.7979090" lon="24.4175890">
    <ele>1093.4</ele>
   </trkpt>
   <trkpt lat="-29.7979100" lon="24.4175980">
    <ele>1093.4</ele>
   </trkpt>
   <trkpt lat="-29.7979280" lon="24.4176180">
    <ele>1093.4</ele>
   </trkpt>
   <trkpt lat="-29.7979650" lon="24.4176450">
    <ele>1093.4</ele>
   </trkpt>
   <trkpt lat="-29.7979820" lon="24.4176630">
    <ele>1093.3</ele>
   </trkpt>
   <trkpt lat="-29.7979900" lon="24.4176960">
    <ele>1093.3</ele>
   </trkpt>
   <trkpt lat="-29.7980200" lon="24.4177670">
    <ele>1093.3</ele>
   </trkpt>
   <trkpt lat="-29.7980570" lon="24.4177910">
    <ele>1093.3</ele>
   </trkpt>
   <trkpt lat="-29.7980780" lon="24.4178160">
    <ele>1093.3</ele>
   </trkpt>
   <trkpt lat="-29.7981010" lon="24.4178360">
    <ele>1093.3</ele>
   </trkpt>
   <trkpt lat="-29.7981060" lon="24.4178580">
    <ele>1093.3</ele>
   </trkpt>
   <trkpt lat="-29.7981230" lon="24.4179230">
    <ele>1093.2</ele>
   </trkpt>
   <trkpt lat="-29.7981330" lon="24.4179530">
    <ele>1093.2</ele>
   </trkpt>
   <trkpt lat="-29.7981780" lon="24.4179880">
    <ele>1093.2</ele>
   </trkpt>
   <trkpt lat="-29.7981770" lon="24.4180360">
    <ele>1093.2</ele>
   </trkpt>
   <trkpt lat="-29.7981780" lon="24.4180580">
    <ele>1093.2</ele>
   </trkpt>
   <trkpt lat="-29.7981970" lon="24.4180900">
    <ele>1093.2</ele>
   </trkpt>
   <trkpt lat="-29.7982200" lon="24.4181110">
    <ele>1093.2</ele>
   </trkpt>
   <trkpt lat="-29.7982330" lon="24.4181220">
    <ele>1093.2</ele>
   </trkpt>
   <trkpt lat="-29.7982940" lon="24.4181420">
    <ele>1093.1</ele>
   </trkpt>
   <trkpt lat="-29.7982750" lon="24.4181700">
    <ele>1093.1</ele>
   </trkpt>
   <trkpt lat="-29.7982780" lon="24.4181850">
    <ele>1093.1</ele>
   </trkpt>
   <trkpt lat="-29.7982860" lon="24.4182330">
    <ele>1093.1</ele>
   </trkpt>
   <trkpt lat="-29.7983430" lon="24.4182670">
    <ele>1093.1</ele>
   </trkpt>
   <trkpt lat="-29.7983690" lon="24.4182690">
    <ele>1093.1</ele>
   </trkpt>
   <trkpt lat="-29.7983880" lon="24.4182760">
    <ele>1093.1</ele>
   </trkpt>
   <trkpt lat="-29.7984020" lon="24.4183040">
    <ele>1093.1</ele>
   </trkpt>
   <trkpt lat="-29.7984140" lon="24.4183500">
    <ele>1093.1</ele>
   </trkpt>
   <trkpt lat="-29.7984250" lon="24.4183700">
    <ele>1093.1</ele>
   </trkpt>
   <trkpt lat="-29.7984630" lon="24.4184180">
    <ele>1093.1</ele>
   </trkpt>
   <trkpt lat="-29.7984970" lon="24.4183820">
    <ele>1093.1</ele>
   </trkpt>
   <trkpt lat="-29.7985640" lon="24.4183970">
    <ele>1093.0</ele>
   </trkpt>
   <trkpt lat="-29.7985860" lon="24.4184360">
    <ele>1093.0</ele>
   </trkpt>
   <trkpt lat="-29.7986020" lon="24.4184590">
    <ele>1093.0</ele>
   </trkpt>
   <trkpt lat="-29.7986320" lon="24.4185200">
    <ele>1093.1</ele>
   </trkpt>
   <trkpt lat="-29.7986620" lon="24.4185350">
    <ele>1093.1</ele>
   </trkpt>
   <trkpt lat="-29.7986750" lon="24.4185420">
    <ele>1093.1</ele>
   </trkpt>
   <trkpt lat="-29.7987190" lon="24.4185940">
    <ele>1093.1</ele>
   </trkpt>
   <trkpt lat="-29.7987370" lon="24.4186080">
    <ele>1093.1</ele>
   </trkpt>
   <trkpt lat="-29.7987460" lon="24.4186390">
    <ele>1093.1</ele>
   </trkpt>
   <trkpt lat="-29.7987690" lon="24.4186610">
    <ele>1093.1</ele>
   </trkpt>
   <trkpt lat="-29.7987810" lon="24.4186640">
    <ele>1093.1</ele>
   </trkpt>
   <trkpt lat="-29.7988160" lon="24.4186910">
    <ele>1093.2</ele>
   </trkpt>
   <trkpt lat="-29.7988540" lon="24.4187110">
    <ele>1093.2</ele>
   </trkpt>
   <trkpt lat="-29.7988730" lon="24.4187190">
    <ele>1093.2</ele>
   </trkpt>
   <trkpt lat="-29.7988850" lon="24.4187440">
    <ele>1093.2</ele>
   </trkpt>
   <trkpt lat="-29.7988910" lon="24.4187570">
    <ele>1093.2</ele>
   </trkpt>
   <trkpt lat="-29.7989400" lon="24.4187790">
    <ele>1093.3</ele>
   </trkpt>
   <trkpt lat="-29.7989660" lon="24.4188180">
    <ele>1093.3</ele>
   </trkpt>
   <trkpt lat="-29.7989790" lon="24.4188380">
    <ele>1093.3</ele>
   </trkpt>
   <trkpt lat="-29.7990140" lon="24.4188840">
    <ele>1093.3</ele>
   </trkpt>
   <trkpt lat="-29.7990350" lon="24.4189100">
    <ele>1093.3</ele>
   </trkpt>
   <trkpt lat="-29.7990300" lon="24.4189620">
    <ele>1093.4</ele>
   </trkpt>
   <trkpt lat="-29.7990600" lon="24.4190290">
    <ele>1093.4</ele>
   </trkpt>
   <trkpt lat="-29.7990740" lon="24.4190560">
    <ele>1093.4</ele>
   </trkpt>
   <trkpt lat="-29.7991150" lon="24.4190900">
    <ele>1093.4</ele>
   </trkpt>
   <trkpt lat="-29.7991270" lon="24.4191270">
    <ele>1093.5</ele>
   </trkpt>
   <trkpt lat="-29.7991730" lon="24.4191600">
    <ele>1093.5</ele>
   </trkpt>
   <trkpt lat="-29.7991920" lon="24.4191910">
    <ele>1093.5</ele>
   </trkpt>
   <trkpt lat="-29.7991990" lon="24.4192180">
    <ele>1093.5</ele>
   </trkpt>
   <trkpt lat="-29.7992180" lon="24.4192650">
    <ele>1093.5</ele>
   </trkpt>
   <trkpt lat="-29.7992540" lon="24.4192840">
    <ele>1093.5</ele>
   </trkpt>
   <trkpt lat="-29.7992660" lon="24.4193000">
    <ele>1093.5</ele>
   </trkpt>
   <trkpt lat="-29.7992830" lon="24.4193330">
    <ele>1093.5</ele>
   </trkpt>
   <trkpt lat="-29.7993050" lon="24.4193650">
    <ele>1093.5</ele>
   </trkpt>
   <trkpt lat="-29.7993220" lon="24.4193790">
    <ele>1093.5</ele>
   </trkpt>
   <trkpt lat="-29.7993620" lon="24.4193940">
    <ele>1093.5</ele>
   </trkpt>
   <trkpt lat="-29.7993830" lon="24.4193900">
    <ele>1093.5</ele>
   </trkpt>
   <trkpt lat="-29.7994050" lon="24.4194170">
    <ele>1093.5</ele>
   </trkpt>
   <trkpt lat="-29.7994330" lon="24.4194310">
    <ele>1093.5</ele>
   </trkpt>
   <trkpt lat="-29.7994870" lon="24.4194600">
    <ele>1093.5</ele>
   </trkpt>
   <trkpt lat="-29.7995450" lon="24.4195130">
    <ele>1093.5</ele>
   </trkpt>
   <trkpt lat="-29.7996150" lon="24.4195370">
    <ele>1093.4</ele>
   </trkpt>
   <trkpt lat="-29.7996810" lon="24.4195600">
    <ele>1093.4</ele>
   </trkpt>
   <trkpt lat="-29.7997450" lon="24.4196100">
    <ele>1093.4</ele>
   </trkpt>
   <trkpt lat="-29.7998060" lon="24.4196430">
    <ele>1093.4</ele>
   </trkpt>
   <trkpt lat="-29.7997730" lon="24.4196070">
    <ele>1093.3</ele>
   </trkpt>
   <trkpt lat="-29.7997780" lon="24.4196340">
    <ele>1093.3</ele>
   </trkpt>
   <trkpt lat="-29.7997720" lon="24.4196600">
    <ele>1093.3</ele>
   </trkpt>
   <trkpt lat="-29.7997650" lon="24.4196850">
    <ele>1093.3</ele>
   </trkpt>
   <trkpt lat="-29.7997970" lon="24.4197400">
    <ele>1093.3</ele>
   </trkpt>
   <trkpt lat="-29.7998040" lon="24.4198120">
    <ele>1093.2</ele>
   </trkpt>
   <trkpt lat="-29.7998120" lon="24.4198640">
    <ele>1093.2</ele>
   </trkpt>
   <trkpt lat="-29.7998160" lon="24.4198830">
    <ele>1093.2</ele>
   </trkpt>
   <trkpt lat="-29.7998380" lon="24.4199140">
    <ele>1093.2</ele>
   </trkpt>
   <trkpt lat="-29.7999170" lon="24.4199500">
    <ele>1093.0</ele>
   </trkpt>
   <trkpt lat="-29.8000230" lon="24.4200120">
    <ele>1092.7</ele>
   </trkpt>
   <trkpt lat="-29.8001320" lon="24.4200800">
    <ele>1092.3</ele>
   </trkpt>
   <trkpt lat="-29.8002310" lon="24.4201270">
    <ele>1092.0</ele>
   </trkpt>
   <trkpt lat="-29.8002970" lon="24.4201810">
    <ele>1091.9</ele>
   </trkpt>
   <trkpt lat="-29.8003670" lon="24.4202140">
    <ele>1091.8</ele>
   </trkpt>
   <trkpt lat="-29.8004030" lon="24.4202590">
    <ele>1091.8</ele>
   </trkpt>
   <trkpt lat="-29.8004350" lon="24.4203140">
    <ele>1091.8</ele>
   </trkpt>
   <trkpt lat="-29.8004530" lon="24.4203570">
    <ele>1091.9</ele>
   </trkpt>
   <trkpt lat="-29.8004730" lon="24.4204410">
    <ele>1091.9</ele>
   </trkpt>
   <trkpt lat="-29.8005090" lon="24.4205200">
    <ele>1092.0</ele>
   </trkpt>
   <trkpt lat="-29.8005560" lon="24.4205650">
    <ele>1092.0</ele>
   </trkpt>
   <trkpt lat="-29.8006000" lon="24.4206140">
    <ele>1092.0</ele>
   </trkpt>
   <trkpt lat="-29.8006180" lon="24.4206620">
    <ele>1092.0</ele>
   </trkpt>
   <trkpt lat="-29.8006500" lon="24.4206910">
    <ele>1092.0</ele>
   </trkpt>
   <trkpt lat="-29.8006870" lon="24.4207440">
    <ele>1092.0</ele>
   </trkpt>
   <trkpt lat="-29.8007160" lon="24.4207970">
    <ele>1092.0</ele>
   </trkpt>
   <trkpt lat="-29.8007580" lon="24.4208300">
    <ele>1092.0</ele>
   </trkpt>
   <trkpt lat="-29.8007760" lon="24.4208650">
    <ele>1092.0</ele>
   </trkpt>
   <trkpt lat="-29.8008140" lon="24.4208860">
    <ele>1092.0</ele>
   </trkpt>
   <trkpt lat="-29.8008420" lon="24.4209280">
    <ele>1091.9</ele>
   </trkpt>
   <trkpt lat="-29.8008710" lon="24.4209600">
    <ele>1091.9</ele>
   </trkpt>
   <trkpt lat="-29.8008750" lon="24.4209040">
    <ele>1091.9</ele>
   </trkpt>
   <trkpt lat="-29.8008880" lon="24.4209350">
    <ele>1091.9</ele>
   </trkpt>
   <trkpt lat="-29.8009140" lon="24.4209550">
    <ele>1091.9</ele>
   </trkpt>
   <trkpt lat="-29.8009240" lon="24.4209710">
    <ele>1091.8</ele>
   </trkpt>
   <trkpt lat="-29.8009330" lon="24.4209880">
    <ele>1091.8</ele>
   </trkpt>
   <trkpt lat="-29.8009420" lon="24.4210040">
    <ele>1091.8</ele>
   </trkpt>
   <trkpt lat="-29.8009650" lon="24.4210750">
    <ele>1091.8</ele>
   </trkpt>
   <trkpt lat="-29.8009740" lon="24.4210740">
    <ele>1091.8</ele>
   </trkpt>
   <trkpt lat="-29.8009850" lon="24.4210960">
    <ele>1091.8</ele>
   </trkpt>
   <trkpt lat="-29.8009960" lon="24.4211170">
    <ele>1091.8</ele>
   </trkpt>
   <trkpt lat="-29.8010190" lon="24.4211280">
    <ele>1091.7</ele>
   </trkpt>
   <trkpt lat="-29.8010360" lon="24.4211400">
    <ele>1091.7</ele>
   </trkpt>
   <trkpt lat="-29.8010520" lon="24.4211520">
    <ele>1091.7</ele>
   </trkpt>
   <trkpt lat="-29.8011090" lon="24.4211730">
    <ele>1091.7</ele>
   </trkpt>
   <trkpt lat="-29.8011600" lon="24.4211760">
    <ele>1091.6</ele>
   </trkpt>
   <trkpt lat="-29.8011940" lon="24.4211650">
    <ele>1091.5</ele>
   </trkpt>
   <trkpt lat="-29.8012470" lon="24.4211630">
    <ele>1091.5</ele>
   </trkpt>
   <trkpt lat="-29.8013100" lon="24.4211790">
    <ele>1091.5</ele>
   </trkpt>
   <trkpt lat="-29.8013640" lon="24.4211810">
    <ele>1091.6</ele>
   </trkpt>
   <trkpt lat="-29.8014040" lon="24.4211700">
    <ele>1091.6</ele>
   </trkpt>
   <trkpt lat="-29.8014300" lon="24.4211560">
    <ele>1091.6</ele>
   </trkpt>
   <trkpt lat="-29.8014540" lon="24.4211390">
    <ele>1091.6</ele>
   </trkpt>
   <trkpt lat="-29.8014900" lon="24.4211070">
    <ele>1091.7</ele>
   </trkpt>
   <trkpt lat="-29.8015240" lon="24.4210880">
    <ele>1091.7</ele>
   </trkpt>
   <trkpt lat="-29.8015520" lon="24.4210720">
    <ele>1091.7</ele>
   </trkpt>
   <trkpt lat="-29.8015750" lon="24.4210320">
    <ele>1091.8</ele>
   </trkpt>
   <trkpt lat="-29.8016060" lon="24.4210070">
    <ele>1091.8</ele>
   </trkpt>
   <trkpt lat="-29.8016290" lon="24.4209820">
    <ele>1091.9</ele>
   </trkpt>
   <trkpt lat="-29.8016620" lon="24.4209610">
    <ele>1091.9</ele>
   </trkpt>
   <trkpt lat="-29.8016750" lon="24.4209490">
    <ele>1092.0</ele>
   </trkpt>
   <trkpt lat="-29.8017020" lon="24.4209280">
    <ele>1092.0</ele>
   </trkpt>
   <trkpt lat="-29.8017260" lon="24.4208980">
    <ele>1092.1</ele>
   </trkpt>
   <trkpt lat="-29.8017500" lon="24.4208740">
    <ele>1092.1</ele>
   </trkpt>
   <trkpt lat="-29.8017410" lon="24.4208840">
    <ele>1092.1</ele>
   </trkpt>
   <trkpt lat="-29.8017550" lon="24.4208630">
    <ele>1092.2</ele>
   </trkpt>
   <trkpt lat="-29.8017770" lon="24.4208490">
    <ele>1092.2</ele>
   </trkpt>
   <trkpt lat="-29.8017860" lon="24.4208220">
    <ele>1092.2</ele>
   </trkpt>
   <trkpt lat="-29.8017940" lon="24.4207990">
    <ele>1092.3</ele>
   </trkpt>
   <trkpt lat="-29.8017980" lon="24.4207980">
    <ele>1092.3</ele>
   </trkpt>
   <trkpt lat="-29.8018230" lon="24.4207810">
    <ele>1092.3</ele>
   </trkpt>
   <trkpt lat="-29.8018440" lon="24.4207590">
    <ele>1092.4</ele>
   </trkpt>
   <trkpt lat="-29.8018470" lon="24.4207540">
    <ele>1092.4</ele>
   </trkpt>
   <trkpt lat="-29.8018500" lon="24.4207500">
    <ele>1092.4</ele>
   </trkpt>
   <trkpt lat="-29.8018780" lon="24.4207040">
    <ele>1092.5</ele>
   </trkpt>
   <trkpt lat="-29.8018770" lon="24.4207070">
    <ele>1092.5</ele>
   </trkpt>
   <trkpt lat="-29.8018980" lon="24.4206770">
    <ele>1092.5</ele>
   </trkpt>
   <trkpt lat="-29.8019230" lon="24.4206720">
    <ele>1092.5</ele>
   </trkpt>
   <trkpt lat="-29.8019340" lon="24.4206620">
    <ele>1092.6</ele>
   </trkpt>
   <trkpt lat="-29.8019540" lon="24.4206340">
    <ele>1092.6</ele>
   </trkpt>
   <trkpt lat="-29.8019650" lon="24.4206360">
    <ele>1092.6</ele>
   </trkpt>
   <trkpt lat="-29.8019880" lon="24.4206230">
    <ele>1092.7</ele>
   </trkpt>
   <trkpt lat="-29.8020070" lon="24.4205660">
    <ele>1092.7</ele>
   </trkpt>
   <trkpt lat="-29.8020170" lon="24.4205440">
    <ele>1092.7</ele>
   </trkpt>
   <trkpt lat="-29.8020290" lon="24.4205310">
    <ele>1092.8</ele>
   </trkpt>
   <trkpt lat="-29.8020710" lon="24.4204920">
    <ele>1092.8</ele>
   </trkpt>
   <trkpt lat="-29.8020850" lon="24.4204970">
    <ele>1092.9</ele>
   </trkpt>
   <trkpt lat="-29.8020990" lon="24.4204690">
    <ele>1092.9</ele>
   </trkpt>
   <trkpt lat="-29.8021180" lon="24.4204350">
    <ele>1092.9</ele>
   </trkpt>
   <trkpt lat="-29.8021250" lon="24.4204300">
    <ele>1092.9</ele>
   </trkpt>
   <trkpt lat="-29.8021340" lon="24.4204060">
    <ele>1092.9</ele>
   </trkpt>
   <trkpt lat="-29.8021730" lon="24.4203930">
    <ele>1093.0</ele>
   </trkpt>
   <trkpt lat="-29.8021810" lon="24.4203550">
    <ele>1093.0</ele>
   </trkpt>
   <trkpt lat="-29.8021910" lon="24.4203310">
    <ele>1093.0</ele>
   </trkpt>
   <trkpt lat="-29.8022180" lon="24.4203150">
    <ele>1093.1</ele>
   </trkpt>
   <trkpt lat="-29.8022360" lon="24.4203100">
    <ele>1093.1</ele>
   </trkpt>
   <trkpt lat="-29.8022680" lon="24.4202850">
    <ele>1093.1</ele>
   </trkpt>
   <trkpt lat="-29.8022890" lon="24.4202710">
    <ele>1093.1</ele>
   </trkpt>
   <trkpt lat="-29.8023010" lon="24.4202550">
    <ele>1093.1</ele>
   </trkpt>
   <trkpt lat="-29.8023220" lon="24.4202110">
    <ele>1093.2</ele>
   </trkpt>
   <trkpt lat="-29.8023150" lon="24.4202000">
    <ele>1093.2</ele>
   </trkpt>
   <trkpt lat="-29.8023320" lon="24.4201770">
    <ele>1093.2</ele>
   </trkpt>
   <trkpt lat="-29.8023620" lon="24.4201430">
    <ele>1093.2</ele>
   </trkpt>
   <trkpt lat="-29.8023730" lon="24.4201050">
    <ele>1093.2</ele>
   </trkpt>
   <trkpt lat="-29.8023780" lon="24.4200870">
    <ele>1093.2</ele>
   </trkpt>
   <trkpt lat="-29.8024020" lon="24.4200430">
    <ele>1093.2</ele>
   </trkpt>
   <trkpt lat="-29.8024260" lon="24.4200220">
    <ele>1093.3</ele>
   </trkpt>
   <trkpt lat="-29.8024390" lon="24.4200090">
    <ele>1093.3</ele>
   </trkpt>
   <trkpt lat="-29.8024750" lon="24.4199860">
    <ele>1093.3</ele>
   </trkpt>
   <trkpt lat="-29.8025030" lon="24.4199850">
    <ele>1093.3</ele>
   </trkpt>
   <trkpt lat="-29.8025220" lon="24.4199450">
    <ele>1093.3</ele>
   </trkpt>
   <trkpt lat="-29.8025540" lon="24.4198990">
    <ele>1093.3</ele>
   </trkpt>
   <trkpt lat="-29.8025810" lon="24.4198860">
    <ele>1093.3</ele>
   </trkpt>
   <trkpt lat="-29.8026040" lon="24.4198680">
    <ele>1093.3</ele>
   </trkpt>
   <trkpt lat="-29.8026460" lon="24.4198340">
    <ele>1093.3</ele>
   </trkpt>
   <trkpt lat="-29.8026880" lon="24.4198320">
    <ele>1093.3</ele>
   </trkpt>
   <trkpt lat="-29.8027070" lon="24.4198190">
    <ele>1093.4</ele>
   </trkpt>
   <trkpt lat="-29.8027180" lon="24.4197650">
    <ele>1093.4</ele>
   </trkpt>
   <trkpt lat="-29.8027290" lon="24.4197390">
    <ele>1093.5</ele>
   </trkpt>
   <trkpt lat="-29.8027420" lon="24.4197120">
    <ele>1093.5</ele>
   </trkpt>
   <trkpt lat="-29.8027780" lon="24.4196910">
    <ele>1093.6</ele>
   </trkpt>
   <trkpt lat="-29.8028020" lon="24.4196650">
    <ele>1093.6</ele>
   </trkpt>
   <trkpt lat="-29.8028190" lon="24.4196410">
    <ele>1093.7</ele>
   </trkpt>
   <trkpt lat="-29.8028310" lon="24.4196360">
    <ele>1093.7</ele>
   </trkpt>
   <trkpt lat="-29.8028800" lon="24.4196070">
    <ele>1093.8</ele>
   </trkpt>
   <trkpt lat="-29.8028810" lon="24.4195630">
    <ele>1093.9</ele>
   </trkpt>
   <trkpt lat="-29.8028870" lon="24.4195310">
    <ele>1093.9</ele>
   </trkpt>
   <trkpt lat="-29.8029050" lon="24.4194970">
    <ele>1094.0</ele>
   </trkpt>
   <trkpt lat="-29.8029130" lon="24.4194850">
    <ele>1094.0</ele>
   </trkpt>
   <trkpt lat="-29.8029410" lon="24.4194620">
    <ele>1094.1</ele>
   </trkpt>
   <trkpt lat="-29.8029720" lon="24.4194590">
    <ele>1094.2</ele>
   </trkpt>
   <trkpt lat="-29.8030050" lon="24.4194570">
    <ele>1094.3</ele>
   </trkpt>
   <trkpt lat="-29.8030330" lon="24.4194650">
    <ele>1094.4</ele>
   </trkpt>
   <trkpt lat="-29.8030430" lon="24.4194730">
    <ele>1094.4</ele>
   </trkpt>
   <trkpt lat="-29.8030680" lon="24.4194590">
    <ele>1094.5</ele>
   </trkpt>
   <trkpt lat="-29.8030970" lon="24.4194660">
    <ele>1094.5</ele>
   </trkpt>
   <trkpt lat="-29.8031090" lon="24.4194720">
    <ele>1094.5</ele>
   </trkpt>
   <trkpt lat="-29.8031300" lon="24.4194760">
    <ele>1094.5</ele>
   </trkpt>
   <trkpt lat="-29.8031750" lon="24.4194760">
    <ele>1094.6</ele>
   </trkpt>
   <trkpt lat="-29.8031740" lon="24.4194850">
    <ele>1094.6</ele>
   </trkpt>
   <trkpt lat="-29.8031920" lon="24.4195100">
    <ele>1094.6</ele>
   </trkpt>
   <trkpt lat="-29.8032410" lon="24.4195420">
    <ele>1094.7</ele>
   </trkpt>
   <trkpt lat="-29.8032520" lon="24.4195480">
    <ele>1094.7</ele>
   </trkpt>
   <trkpt lat="-29.8032660" lon="24.4195610">
    <ele>1094.7</ele>
   </trkpt>
   <trkpt lat="-29.8032810" lon="24.4195740">
    <ele>1094.7</ele>
   </trkpt>
   <trkpt lat="-29.8033040" lon="24.4195940">
    <ele>1094.8</ele>
   </trkpt>
   <trkpt lat="-29.8033120" lon="24.4196130">
    <ele>1094.8</ele>
   </trkpt>
   <trkpt lat="-29.8033210" lon="24.4196210">
    <ele>1094.8</ele>
   </trkpt>
   <trkpt lat="-29.8033330" lon="24.4196330">
    <ele>1094.8</ele>
   </trkpt>
   <trkpt lat="-29.8033550" lon="24.4196540">
    <ele>1094.8</ele>
   </trkpt>
   <trkpt lat="-29.8033740" lon="24.4196850">
    <ele>1094.9</ele>
   </trkpt>
   <trkpt lat="-29.8033820" lon="24.4196950">
    <ele>1094.9</ele>
   </trkpt>
   <trkpt lat="-29.8033950" lon="24.4197110">
    <ele>1094.9</ele>
   </trkpt>
   <trkpt lat="-29.8034070" lon="24.4197280">
    <ele>1094.9</ele>
   </trkpt>
   <trkpt lat="-29.8034360" lon="24.4197400">
    <ele>1094.9</ele>
   </trkpt>
   <trkpt lat="-29.8034240" lon="24.4197570">
    <ele>1094.9</ele>
   </trkpt>
   <trkpt lat="-29.8034540" lon="24.4197700">
    <ele>1094.9</ele>
   </trkpt>
   <trkpt lat="-29.8034750" lon="24.4197990">
    <ele>1094.9</ele>
   </trkpt>
   <trkpt lat="-29.8034810" lon="24.4198070">
    <ele>1095.0</ele>
   </trkpt>
   <trkpt lat="-29.8035010" lon="24.4198190">
    <ele>1095.0</ele>
   </trkpt>
   <trkpt lat="-29.8035280" lon="24.4198370">
    <ele>1095.0</ele>
   </trkpt>
   <trkpt lat="-29.8035740" lon="24.4198930">
    <ele>1095.0</ele>
   </trkpt>
   <trkpt lat="-29.8036040" lon="24.4198920">
    <ele>1095.1</ele>
   </trkpt>
   <trkpt lat="-29.8036180" lon="24.4199040">
    <ele>1095.1</ele>
   </trkpt>
   <trkpt lat="-29.8036570" lon="24.4199320">
    <ele>1095.1</ele>
   </trkpt>
   <trkpt lat="-29.8036680" lon="24.4199600">
    <ele>1095.1</ele>
   </trkpt>
   <trkpt lat="-29.8036780" lon="24.4199820">
    <ele>1095.2</ele>
   </trkpt>
   <trkpt lat="-29.8037120" lon="24.4200040">
    <ele>1095.2</ele>
   </trkpt>
   <trkpt lat="-29.8037500" lon="24.4200280">
    <ele>1095.3</ele>
   </trkpt>
   <trkpt lat="-29.8037700" lon="24.4200420">
    <ele>1095.3</ele>
   </trkpt>
   <trkpt lat="-29.8037910" lon="24.4200690">
    <ele>1095.4</ele>
   </trkpt>
   <trkpt lat="-29.8038010" lon="24.4200800">
    <ele>1095.4</ele>
   </trkpt>
   <trkpt lat="-29.8038360" lon="24.4201170">
    <ele>1095.5</ele>
   </trkpt>
   <trkpt lat="-29.8038650" lon="24.4201200">
    <ele>1095.5</ele>
   </trkpt>
   <trkpt lat="-29.8038840" lon="24.4201290">
    <ele>1095.6</ele>
   </trkpt>
   <trkpt lat="-29.8038940" lon="24.4201430">
    <ele>1095.6</ele>
   </trkpt>
   <trkpt lat="-29.8039050" lon="24.4201520">
    <ele>1095.6</ele>
   </trkpt>
   <trkpt lat="-29.8039570" lon="24.4201640">
    <ele>1095.7</ele>
   </trkpt>
   <trkpt lat="-29.8039560" lon="24.4201770">
    <ele>1095.7</ele>
   </trkpt>
   <trkpt lat="-29.8039790" lon="24.4201950">
    <ele>1095.7</ele>
   </trkpt>
   <trkpt lat="-29.8040230" lon="24.4202340">
    <ele>1095.8</ele>
   </trkpt>
   <trkpt lat="-29.8040290" lon="24.4202250">
    <ele>1095.8</ele>
   </trkpt>
   <trkpt lat="-29.8040570" lon="24.4202290">
    <ele>1095.9</ele>
   </trkpt>
   <trkpt lat="-29.8041000" lon="24.4202500">
    <ele>1096.0</ele>
   </trkpt>
   <trkpt lat="-29.8041140" lon="24.4202810">
    <ele>1096.0</ele>
   </trkpt>
   <trkpt lat="-29.8041470" lon="24.4202880">
    <ele>1096.1</ele>
   </trkpt>
   <trkpt lat="-29.8041890" lon="24.4202960">
    <ele>1096.2</ele>
   </trkpt>
   <trkpt lat="-29.8041960" lon="24.4202910">
    <ele>1096.2</ele>
   </trkpt>
   <trkpt lat="-29.8042240" lon="24.4203020">
    <ele>1096.3</ele>
   </trkpt>
   <trkpt lat="-29.8042580" lon="24.4203050">
    <ele>1096.4</ele>
   </trkpt>
   <trkpt lat="-29.8042740" lon="24.4203080">
    <ele>1096.4</ele>
   </trkpt>
   <trkpt lat="-29.8043190" lon="24.4203130">
    <ele>1096.5</ele>
   </trkpt>
   <trkpt lat="-29.8043710" lon="24.4203040">
    <ele>1096.6</ele>
   </trkpt>
   <trkpt lat="-29.8044160" lon="24.4203040">
    <ele>1096.7</ele>
   </trkpt>
   <trkpt lat="-29.8044580" lon="24.4203100">
    <ele>1096.8</ele>
   </trkpt>
   <trkpt lat="-29.8045070" lon="24.4203270">
    <ele>1096.9</ele>
   </trkpt>
   <trkpt lat="-29.8045440" lon="24.4203330">
    <ele>1096.9</ele>
   </trkpt>
   <trkpt lat="-29.8045550" lon="24.4203300">
    <ele>1097.0</ele>
   </trkpt>
   <trkpt lat="-29.8045730" lon="24.4203270">
    <ele>1097.0</ele>
   </trkpt>
   <trkpt lat="-29.8045900" lon="24.4203240">
    <ele>1097.0</ele>
   </trkpt>
   <trkpt lat="-29.8046260" lon="24.4203190">
    <ele>1097.1</ele>
   </trkpt>
   <trkpt lat="-29.8046610" lon="24.4203200">
    <ele>1097.2</ele>
   </trkpt>
   <trkpt lat="-29.8046790" lon="24.4203170">
    <ele>1097.3</ele>
   </trkpt>
   <trkpt lat="-29.8047250" lon="24.4203100">
    <ele>1097.4</ele>
   </trkpt>
   <trkpt lat="-29.8047480" lon="24.4203090">
    <ele>1097.4</ele>
   </trkpt>
   <trkpt lat="-29.8047620" lon="24.4203080">
    <ele>1097.5</ele>
   </trkpt>
   <trkpt lat="-29.8048100" lon="24.4203140">
    <ele>1097.6</ele>
   </trkpt>
   <trkpt lat="-29.8048320" lon="24.4203130">
    <ele>1097.7</ele>
   </trkpt>
   <trkpt lat="-29.8048500" lon="24.4203120">
    <ele>1097.7</ele>
   </trkpt>
   <trkpt lat="-29.8048730" lon="24.4203010">
    <ele>1097.8</ele>
   </trkpt>
   <trkpt lat="-29.8048880" lon="24.4203050">
    <ele>1097.9</ele>
   </trkpt>
   <trkpt lat="-29.8049200" lon="24.4202930">
    <ele>1097.9</ele>
   </trkpt>
   <trkpt lat="-29.8049230" lon="24.4202840">
    <ele>1098.0</ele>
   </trkpt>
   <trkpt lat="-29.8049480" lon="24.4202720">
    <ele>1098.0</ele>
   </trkpt>
   <trkpt lat="-29.8049620" lon="24.4202690">
    <ele>1098.1</ele>
   </trkpt>
   <trkpt lat="-29.8049760" lon="24.4202490">
    <ele>1098.2</ele>
   </trkpt>
   <trkpt lat="-29.8050090" lon="24.4202420">
    <ele>1098.3</ele>
   </trkpt>
   <trkpt lat="-29.8050430" lon="24.4202640">
    <ele>1098.4</ele>
   </trkpt>
   <trkpt lat="-29.8050890" lon="24.4202650">
    <ele>1098.5</ele>
   </trkpt>
   <trkpt lat="-29.8050990" lon="24.4202640">
    <ele>1098.5</ele>
   </trkpt>
   <trkpt lat="-29.8051250" lon="24.4202640">
    <ele>1098.6</ele>
   </trkpt>
   <trkpt lat="-29.8051560" lon="24.4202390">
    <ele>1098.7</ele>
   </trkpt>
   <trkpt lat="-29.8051900" lon="24.4202500">
    <ele>1098.8</ele>
   </trkpt>
   <trkpt lat="-29.8052110" lon="24.4202550">
    <ele>1098.8</ele>
   </trkpt>
   <trkpt lat="-29.8052250" lon="24.4202240">
    <ele>1098.9</ele>
   </trkpt>
   <trkpt lat="-29.8052550" lon="24.4201940">
    <ele>1099.0</ele>
   </trkpt>
   <trkpt lat="-29.8052740" lon="24.4201700">
    <ele>1099.0</ele>
   </trkpt>
   <trkpt lat="-29.8052850" lon="24.4201630">
    <ele>1099.1</ele>
   </trkpt>
   <trkpt lat="-29.8053170" lon="24.4201410">
    <ele>1099.1</ele>
   </trkpt>
   <trkpt lat="-29.8053200" lon="24.4201310">
    <ele>1099.2</ele>
   </trkpt>
   <trkpt lat="-29.8053390" lon="24.4201200">
    <ele>1099.2</ele>
   </trkpt>
   <trkpt lat="-29.8053770" lon="24.4201050">
    <ele>1099.3</ele>
   </trkpt>
   <trkpt lat="-29.8054000" lon="24.4200950">
    <ele>1099.3</ele>
   </trkpt>
   <trkpt lat="-29.8054130" lon="24.4200810">
    <ele>1099.4</ele>
   </trkpt>
   <trkpt lat="-29.8054480" lon="24.4200450">
    <ele>1099.5</ele>
   </trkpt>
   <trkpt lat="-29.8054580" lon="24.4200180">
    <ele>1099.5</ele>
   </trkpt>
   <trkpt lat="-29.8054670" lon="24.4200030">
    <ele>1099.5</ele>
   </trkpt>
   <trkpt lat="-29.8055060" lon="24.4199850">
    <ele>1099.6</ele>
   </trkpt>
   <trkpt lat="-29.8055300" lon="24.4199580">
    <ele>1099.7</ele>
   </trkpt>
   <trkpt lat="-29.8055440" lon="24.4199380">
    <ele>1099.7</ele>
   </trkpt>
   <trkpt lat="-29.8055630" lon="24.4199030">
    <ele>1099.8</ele>
   </trkpt>
   <trkpt lat="-29.8055760" lon="24.4198960">
    <ele>1099.8</ele>
   </trkpt>
   <trkpt lat="-29.8056220" lon="24.4198690">
    <ele>1099.9</ele>
   </trkpt>
   <trkpt lat="-29.8056320" lon="24.4198440">
    <ele>1099.9</ele>
   </trkpt>
   <trkpt lat="-29.8056390" lon="24.4198140">
    <ele>1100.0</ele>
   </trkpt>
   <trkpt lat="-29.8056610" lon="24.4197940">
    <ele>1100.0</ele>
   </trkpt>
   <trkpt lat="-29.8056730" lon="24.4197850">
    <ele>1100.0</ele>
   </trkpt>
   <trkpt lat="-29.8057170" lon="24.4197620">
    <ele>1100.1</ele>
   </trkpt>
   <trkpt lat="-29.8057330" lon="24.4197400">
    <ele>1100.1</ele>
   </trkpt>
   <trkpt lat="-29.8057450" lon="24.4197240">
    <ele>1100.1</ele>
   </trkpt>
   <trkpt lat="-29.8057670" lon="24.4196900">
    <ele>1100.2</ele>
   </trkpt>
   <trkpt lat="-29.8057800" lon="24.4196770">
    <ele>1100.2</ele>
   </trkpt>
   <trkpt lat="-29.8058100" lon="24.4196690">
    <ele>1100.2</ele>
   </trkpt>
   <trkpt lat="-29.8058230" lon="24.4196600">
    <ele>1100.3</ele>
   </trkpt>
   <trkpt lat="-29.8058600" lon="24.4196350">
    <ele>1100.4</ele>
   </trkpt>
   <trkpt lat="-29.8058850" lon="24.4196240">
    <ele>1100.4</ele>
   </trkpt>
   <trkpt lat="-29.8059000" lon="24.4196070">
    <ele>1100.4</ele>
   </trkpt>
   <trkpt lat="-29.8059220" lon="24.4195780">
    <ele>1100.5</ele>
   </trkpt>
   <trkpt lat="-29.8059340" lon="24.4195610">
    <ele>1100.5</ele>
   </trkpt>
   <trkpt lat="-29.8059650" lon="24.4195320">
    <ele>1100.5</ele>
   </trkpt>
   <trkpt lat="-29.8059950" lon="24.4194830">
    <ele>1100.6</ele>
   </trkpt>
   <trkpt lat="-29.8060320" lon="24.4194440">
    <ele>1100.7</ele>
   </trkpt>
   <trkpt lat="-29.8060700" lon="24.4194020">
    <ele>1100.7</ele>
   </trkpt>
   <trkpt lat="-29.8061020" lon="24.4193630">
    <ele>1100.8</ele>
   </trkpt>
   <trkpt lat="-29.8061270" lon="24.4193130">
    <ele>1100.8</ele>
   </trkpt>
   <trkpt lat="-29.8061520" lon="24.4192760">
    <ele>1100.8</ele>
   </trkpt>
   <trkpt lat="-29.8061860" lon="24.4192450">
    <ele>1100.8</ele>
   </trkpt>
   <trkpt lat="-29.8062190" lon="24.4192110">
    <ele>1100.9</ele>
   </trkpt>
   <trkpt lat="-29.8062500" lon="24.4191830">
    <ele>1100.9</ele>
   </trkpt>
   <trkpt lat="-29.8062910" lon="24.4191460">
    <ele>1100.9</ele>
   </trkpt>
   <trkpt lat="-29.8063170" lon="24.4191150">
    <ele>1100.9</ele>
   </trkpt>
   <trkpt lat="-29.8063510" lon="24.4190760">
    <ele>1100.9</ele>
   </trkpt>
   <trkpt lat="-29.8063880" lon="24.4190450">
    <ele>1100.9</ele>
   </trkpt>
   <trkpt lat="-29.8064130" lon="24.4190110">
    <ele>1100.9</ele>
   </trkpt>
   <trkpt lat="-29.8064400" lon="24.4189750">
    <ele>1100.9</ele>
   </trkpt>
   <trkpt lat="-29.8064610" lon="24.4189330">
    <ele>1100.9</ele>
   </trkpt>
   <trkpt lat="-29.8064670" lon="24.4189340">
    <ele>1100.9</ele>
   </trkpt>
   <trkpt lat="-29.8064860" lon="24.4189240">
    <ele>1100.9</ele>
   </trkpt>
   <trkpt lat="-29.8065050" lon="24.4189140">
    <ele>1100.9</ele>
   </trkpt>
   <trkpt lat="-29.8065220" lon="24.4188770">
    <ele>1100.9</ele>
   </trkpt>
   <trkpt lat="-29.8065310" lon="24.4188590">
    <ele>1100.9</ele>
   </trkpt>
   <trkpt lat="-29.8065570" lon="24.4188390">
    <ele>1100.9</ele>
   </trkpt>
   <trkpt lat="-29.8065670" lon="24.4188230">
    <ele>1101.0</ele>
   </trkpt>
   <trkpt lat="-29.8065940" lon="24.4187910">
    <ele>1101.0</ele>
   </trkpt>
   <trkpt lat="-29.8066050" lon="24.4187700">
    <ele>1101.0</ele>
   </trkpt>
   <trkpt lat="-29.8066250" lon="24.4187530">
    <ele>1101.0</ele>
   </trkpt>
   <trkpt lat="-29.8066320" lon="24.4187360">
    <ele>1101.0</ele>
   </trkpt>
   <trkpt lat="-29.8066510" lon="24.4186950">
    <ele>1101.0</ele>
   </trkpt>
   <trkpt lat="-29.8066660" lon="24.4186810">
    <ele>1101.0</ele>
   </trkpt>
   <trkpt lat="-29.8066870" lon="24.4186490">
    <ele>1101.0</ele>
   </trkpt>
   <trkpt lat="-29.8067000" lon="24.4186410">
    <ele>1101.0</ele>
   </trkpt>
   <trkpt lat="-29.8067310" lon="24.4186090">
    <ele>1101.0</ele>
   </trkpt>
   <trkpt lat="-29.8067400" lon="24.4186110">
    <ele>1101.0</ele>
   </trkpt>
   <trkpt lat="-29.8067650" lon="24.4186020">
    <ele>1101.0</ele>
   </trkpt>
   <trkpt lat="-29.8068080" lon="24.4185630">
    <ele>1101.1</ele>
   </trkpt>
   <trkpt lat="-29.8068270" lon="24.4185710">
    <ele>1101.1</ele>
   </trkpt>
   <trkpt lat="-29.8068420" lon="24.4185810">
    <ele>1101.1</ele>
   </trkpt>
   <trkpt lat="-29.8068570" lon="24.4185910">
    <ele>1101.1</ele>
   </trkpt>
   <trkpt lat="-29.8068740" lon="24.4186180">
    <ele>1101.1</ele>
   </trkpt>
   <trkpt lat="-29.8069030" lon="24.4186560">
    <ele>1101.1</ele>
   </trkpt>
   <trkpt lat="-29.8069190" lon="24.4186460">
    <ele>1101.1</ele>
   </trkpt>
   <trkpt lat="-29.8069280" lon="24.4186620">
    <ele>1101.1</ele>
   </trkpt>
   <trkpt lat="-29.8069380" lon="24.4186780">
    <ele>1101.1</ele>
   </trkpt>
   <trkpt lat="-29.8069540" lon="24.4186750">
    <ele>1101.1</ele>
   </trkpt>
   <trkpt lat="-29.8069700" lon="24.4186780">
    <ele>1101.1</ele>
   </trkpt>
   <trkpt lat="-29.8069730" lon="24.4187120">
    <ele>1101.1</ele>
   </trkpt>
   <trkpt lat="-29.8069740" lon="24.4187160">
    <ele>1101.1</ele>
   </trkpt>
   <trkpt lat="-29.8069870" lon="24.4187410">
    <ele>1101.1</ele>
   </trkpt>
   <trkpt lat="-29.8070030" lon="24.4187680">
    <ele>1101.0</ele>
   </trkpt>
   <trkpt lat="-29.8070150" lon="24.4187630">
    <ele>1101.0</ele>
   </trkpt>
   <trkpt lat="-29.8070280" lon="24.4187980">
    <ele>1101.0</ele>
   </trkpt>
   <trkpt lat="-29.8070240" lon="24.4188310">
    <ele>1101.0</ele>
   </trkpt>
   <trkpt lat="-29.8070270" lon="24.4188420">
    <ele>1101.0</ele>
   </trkpt>
   <trkpt lat="-29.8070310" lon="24.4188770">
    <ele>1101.0</ele>
   </trkpt>
   <trkpt lat="-29.8070330" lon="24.4189070">
    <ele>1101.0</ele>
   </trkpt>
   <trkpt lat="-29.8070330" lon="24.4189260">
    <ele>1101.0</ele>
   </trkpt>
   <trkpt lat="-29.8070270" lon="24.4189550">
    <ele>1101.0</ele>
   </trkpt>
   <trkpt lat="-29.8070250" lon="24.4189720">
    <ele>1101.0</ele>
   </trkpt>
   <trkpt lat="-29.8070200" lon="24.4190190">
    <ele>1101.0</ele>
   </trkpt>
   <trkpt lat="-29.8070270" lon="24.4190690">
    <ele>1101.0</ele>
   </trkpt>
   <trkpt lat="-29.8070240" lon="24.4191180">
    <ele>1101.0</ele>
   </trkpt>
   <trkpt lat="-29.8070270" lon="24.4191110">
    <ele>1101.0</ele>
   </trkpt>
   <trkpt lat="-29.8070300" lon="24.4191310">
    <ele>1101.0</ele>
   </trkpt>
   <trkpt lat="-29.8070320" lon="24.4191500">
    <ele>1101.0</ele>
   </trkpt>
   <trkpt lat="-29.8070340" lon="24.4191700">
    <ele>1101.0</ele>
   </trkpt>
   <trkpt lat="-29.8070420" lon="24.4192470">
    <ele>1101.0</ele>
   </trkpt>
   <trkpt lat="-29.8070420" lon="24.4193030">
    <ele>1101.1</ele>
   </trkpt>
   <trkpt lat="-29.8070500" lon="24.4193390">
    <ele>1101.1</ele>
   </trkpt>
   <trkpt lat="-29.8070370" lon="24.4193820">
    <ele>1101.2</ele>
   </trkpt>
   <trkpt lat="-29.8070280" lon="24.4194300">
    <ele>1101.3</ele>
   </trkpt>
   <trkpt lat="-29.8070320" lon="24.4194720">
    <ele>1101.4</ele>
   </trkpt>
   <trkpt lat="-29.8070380" lon="24.4195090">
    <ele>1101.5</ele>
   </trkpt>
   <trkpt lat="-29.8070410" lon="24.4195440">
    <ele>1101.5</ele>
   </trkpt>
   <trkpt lat="-29.8070420" lon="24.4195760">
    <ele>1101.6</ele>
   </trkpt>
   <trkpt lat="-29.8070410" lon="24.4196170">
    <ele>1101.7</ele>
   </trkpt>
   <trkpt lat="-29.8070470" lon="24.4196480">
    <ele>1101.8</ele>
   </trkpt>
   <trkpt lat="-29.8070490" lon="24.4196900">
    <ele>1101.9</ele>
   </trkpt>
   <trkpt lat="-29.8070730" lon="24.4197140">
    <ele>1101.9</ele>
   </trkpt>
   <trkpt lat="-29.8071000" lon="24.4197220">
    <ele>1102.2</ele>
   </trkpt>
   <trkpt lat="-29.8071040" lon="24.4197180">
    <ele>1102.2</ele>
   </trkpt>
   <trkpt lat="-29.8071090" lon="24.4197140">
    <ele>1102.2</ele>
   </trkpt>
   <trkpt lat="-29.8071130" lon="24.4197100">
    <ele>1102.3</ele>
   </trkpt>
   <trkpt lat="-29.8071290" lon="24.4197100">
    <ele>1102.3</ele>
   </trkpt>
   <trkpt lat="-29.8071480" lon="24.4197140">
    <ele>1102.4</ele>
   </trkpt>
   <trkpt lat="-29.8071820" lon="24.4197230">
    <ele>1102.5</ele>
   </trkpt>
   <trkpt lat="-29.8072120" lon="24.4197310">
    <ele>1102.7</ele>
   </trkpt>
   <trkpt lat="-29.8072360" lon="24.4197160">
    <ele>1102.8</ele>
   </trkpt>
   <trkpt lat="-29.8072250" lon="24.4197200">
    <ele>1102.8</ele>
   </trkpt>
   <trkpt lat="-29.8072370" lon="24.4197250">
    <ele>1102.8</ele>
   </trkpt>
   <trkpt lat="-29.8072500" lon="24.4197310">
    <ele>1102.9</ele>
   </trkpt>
   <trkpt lat="-29.8072620" lon="24.4197360">
    <ele>1102.9</ele>
   </trkpt>
   <trkpt lat="-29.8072750" lon="24.4197410">
    <ele>1103.0</ele>
   </trkpt>
   <trkpt lat="-29.8073000" lon="24.4197540">
    <ele>1103.1</ele>
   </trkpt>
   <trkpt lat="-29.8073300" lon="24.4197580">
    <ele>1103.2</ele>
   </trkpt>
   <trkpt lat="-29.8073680" lon="24.4197610">
    <ele>1103.3</ele>
   </trkpt>
   <trkpt lat="-29.8074040" lon="24.4197660">
    <ele>1103.4</ele>
   </trkpt>
   <trkpt lat="-29.8074170" lon="24.4197700">
    <ele>1103.5</ele>
   </trkpt>
   <trkpt lat="-29.8074170" lon="24.4197690">
    <ele>1103.5</ele>
   </trkpt>
   <trkpt lat="-29.8074320" lon="24.4197690">
    <ele>1103.5</ele>
   </trkpt>
   <trkpt lat="-29.8074460" lon="24.4197700">
    <ele>1103.6</ele>
   </trkpt>
   <trkpt lat="-29.8074610" lon="24.4197700">
    <ele>1103.6</ele>
   </trkpt>
   <trkpt lat="-29.8074940" lon="24.4197990">
    <ele>1103.8</ele>
   </trkpt>
   <trkpt lat="-29.8075070" lon="24.4197930">
    <ele>1103.8</ele>
   </trkpt>
   <trkpt lat="-29.8075240" lon="24.4197910">
    <ele>1103.9</ele>
   </trkpt>
   <trkpt lat="-29.8075420" lon="24.4197880">
    <ele>1104.0</ele>
   </trkpt>
   <trkpt lat="-29.8075550" lon="24.4197880">
    <ele>1104.0</ele>
   </trkpt>
   <trkpt lat="-29.8075760" lon="24.4197960">
    <ele>1104.1</ele>
   </trkpt>
   <trkpt lat="-29.8076070" lon="24.4197950">
    <ele>1104.2</ele>
   </trkpt>
   <trkpt lat="-29.8076460" lon="24.4198060">
    <ele>1104.4</ele>
   </trkpt>
   <trkpt lat="-29.8076590" lon="24.4198130">
    <ele>1104.4</ele>
   </trkpt>
   <trkpt lat="-29.8076930" lon="24.4197860">
    <ele>1104.6</ele>
   </trkpt>
   <trkpt lat="-29.8076780" lon="24.4197670">
    <ele>1104.6</ele>
   </trkpt>
   <trkpt lat="-29.8076870" lon="24.4197540">
    <ele>1104.6</ele>
   </trkpt>
   <trkpt lat="-29.8076800" lon="24.4197080">
    <ele>1104.6</ele>
   </trkpt>
   <trkpt lat="-29.8076800" lon="24.4196900">
    <ele>1104.6</ele>
   </trkpt>
   <trkpt lat="-29.8076790" lon="24.4196850">
    <ele>1104.6</ele>
   </trkpt>
   <trkpt lat="-29.8076770" lon="24.4196590">
    <ele>1104.6</ele>
   </trkpt>
   <trkpt lat="-29.8076710" lon="24.4196580">
    <ele>1104.6</ele>
   </trkpt>
   <trkpt lat="-29.8076570" lon="24.4196190">
    <ele>1104.6</ele>
   </trkpt>
   <trkpt lat="-29.8076560" lon="24.4196020">
    <ele>1104.6</ele>
   </trkpt>
   <trkpt lat="-29.8076490" lon="24.4195660">
    <ele>1104.6</ele>
   </trkpt>
   <trkpt lat="-29.8076290" lon="24.4195360">
    <ele>1104.6</ele>
   </trkpt>
   <trkpt lat="-29.8076200" lon="24.4195320">
    <ele>1104.6</ele>
   </trkpt>
   <trkpt lat="-29.8075920" lon="24.4195160">
    <ele>1104.7</ele>
   </trkpt>
   <trkpt lat="-29.8075780" lon="24.4195190">
    <ele>1104.7</ele>
   </trkpt>
   <trkpt lat="-29.8075470" lon="24.4195110">
    <ele>1104.8</ele>
   </trkpt>
   <trkpt lat="-29.8075300" lon="24.4195050">
    <ele>1104.7</ele>
   </trkpt>
   <trkpt lat="-29.8074910" lon="24.4195120">
    <ele>1104.5</ele>
   </trkpt>
   <trkpt lat="-29.8074720" lon="24.4195150">
    <ele>1104.5</ele>
   </trkpt>
   <trkpt lat="-29.8074450" lon="24.4195180">
    <ele>1104.2</ele>
   </trkpt>
   <trkpt lat="-29.8074350" lon="24.4195160">
    <ele>1104.1</ele>
   </trkpt>
   <trkpt lat="-29.8073960" lon="24.4194910">
    <ele>1103.0</ele>
   </trkpt>
   <trkpt lat="-29.8073630" lon="24.4194840">
    <ele>1103.0</ele>
   </trkpt>
   <trkpt lat="-29.8073510" lon="24.4194780">
    <ele>1102.5</ele>
   </trkpt>
   <trkpt lat="-29.8073400" lon="24.4194730">
    <ele>1102.4</ele>
   </trkpt>
   <trkpt lat="-29.8073270" lon="24.4194660">
    <ele>1102.4</ele>
   </trkpt>
   <trkpt lat="-29.8073120" lon="24.4194510">
    <ele>1102.0</ele>
   </trkpt>
   <trkpt lat="-29.8072990" lon="24.4194140">
    <ele>1102.0</ele>
   </trkpt>
   <trkpt lat="-29.8072910" lon="24.4193980">
    <ele>1102.0</ele>
   </trkpt>
   <trkpt lat="-29.8072910" lon="24.4193490">
    <ele>1102.1</ele>
   </trkpt>
   <trkpt lat="-29.8073010" lon="24.4193140">
    <ele>1102.2</ele>
   </trkpt>
   <trkpt lat="-29.8073020" lon="24.4193020">
    <ele>1102.3</ele>
   </trkpt>
   <trkpt lat="-29.8073290" lon="24.4192840">
    <ele>1102.5</ele>
   </trkpt>
   <trkpt lat="-29.8073690" lon="24.4192800">
    <ele>1102.7</ele>
   </trkpt>
   <trkpt lat="-29.8074030" lon="24.4193000">
    <ele>1103.0</ele>
   </trkpt>
   <trkpt lat="-29.8074130" lon="24.4193110">
    <ele>1103.1</ele>
   </trkpt>
   <trkpt lat="-29.8074750" lon="24.4193300">
    <ele>1103.8</ele>
   </trkpt>
   <trkpt lat="-29.8075060" lon="24.4193290">
    <ele>1103.8</ele>
   </trkpt>
   <trkpt lat="-29.8075340" lon="24.4193360">
    <ele>1104.1</ele>
   </trkpt>
   <trkpt lat="-29.8075710" lon="24.4193460">
    <ele>1104.6</ele>
   </trkpt>
   <trkpt lat="-29.8075870" lon="24.4193500">
    <ele>1104.7</ele>
   </trkpt>
   <trkpt lat="-29.8076210" lon="24.4193580">
    <ele>1104.7</ele>
   </trkpt>
  </trkseg>
 </trk>
</gpx>
