<?xml version="1.0" encoding="UTF-8"?>
<gpx creator="StravaGPX" version="1.1" xmlns="http://www.topografix.com/GPX/1/1" xmlns:xsi="http://www.w3.org/2001/XMLSchema-instance" xsi:schemaLocation="http://www.topografix.com/GPX/1/1 http://www.topografix.com/GPX/1/1/gpx.xsd">
 <trk>
  <name>Morning Ride</name>
  <type>cycling</type>
  <trkseg>
   <trkpt lat="-29.8079830" lon="24.4185690">
    <ele>1103.0</ele>
   </trkpt>
   <trkpt lat="-29.8079790" lon="24.4185660">
    <ele>1103.0</ele>
   </trkpt>
   <trkpt lat="-29.8079760" lon="24.4185640">
    <ele>1103.0</ele>
   </trkpt>
   <trkpt lat="-29.8079730" lon="24.4185630">
    <ele>1103.0</ele>
   </trkpt>
   <trkpt lat="-29.8079710" lon="24.4185610">
    <ele>1103.0</ele>
   </trkpt>
   <trkpt lat="-29.8079650" lon="24.4185590">
    <ele>1103.0</ele>
   </trkpt>
   <trkpt lat="-29.8079570" lon="24.4185570">
    <ele>1103.1</ele>
   </trkpt>
   <trkpt lat="-29.8079480" lon="24.4185550">
    <ele>1103.1</ele>
   </trkpt>
   <trkpt lat="-29.8079370" lon="24.4185530">
    <ele>1103.1</ele>
   </trkpt>
   <trkpt lat="-29.8079240" lon="24.4185490">
    <ele>1103.1</ele>
   </trkpt>
   <trkpt lat="-29.8079110" lon="24.4185480">
    <ele>1103.1</ele>
   </trkpt>
   <trkpt lat="-29.8078960" lon="24.4185460">
    <ele>1103.1</ele>
   </trkpt>
   <trkpt lat="-29.8078810" lon="24.4185440">
    <ele>1103.1</ele>
   </trkpt>
   <trkpt lat="-29.8078630" lon="24.4185420">
    <ele>1103.1</ele>
   </trkpt>
   <trkpt lat="-29.8078480" lon="24.4185450">
    <ele>1103.1</ele>
   </trkpt>
   <trkpt lat="-29.8078360" lon="24.4185500">
    <ele>1103.5</ele>
   </trkpt>
   <trkpt lat="-29.8078260" lon="24.4185560">
    <ele>1103.5</ele>
   </trkpt>
   <trkpt lat="-29.8078150" lon="24.4185600">
    <ele>1103.5</ele>
   </trkpt>
   <trkpt lat="-29.8078060" lon="24.4185650">
    <ele>1103.5</ele>
   </trkpt>
   <trkpt lat="-29.8077960" lon="24.4185680">
    <ele>1103.8</ele>
   </trkpt>
   <trkpt lat="-29.8077880" lon="24.4185690">
    <ele>1103.8</ele>
   </trkpt>
   <trkpt lat="-29.8077780" lon="24.4185700">
    <ele>1103.8</ele>
   </trkpt>
   <trkpt lat="-29.8077670" lon="24.4185710">
    <ele>1104.2</ele>
   </trkpt>
   <trkpt lat="-29.8077560" lon="24.4185740">
    <ele>1104.0</ele>
   </trkpt>
   <trkpt lat="-29.8077450" lon="24.4185750">
    <ele>1104.0</ele>
   </trkpt>
   <trkpt lat="-29.8077300" lon="24.4185740">
    <ele>1104.3</ele>
   </trkpt>
   <trkpt lat="-29.8077220" lon="24.4185760">
    <ele>1104.3</ele>
   </trkpt>
   <trkpt lat="-29.8077130" lon="24.4185800">
    <ele>1104.3</ele>
   </trkpt>
   <trkpt lat="-29.8076910" lon="24.4185870">
    <ele>1104.5</ele>
   </trkpt>
   <trkpt lat="-29.8076820" lon="24.4185890">
    <ele>1104.5</ele>
   </trkpt>
   <trkpt lat="-29.8076720" lon="24.4185920">
    <ele>1104.5</ele>
   </trkpt>
   <trkpt lat="-29.8076570" lon="24.4185970">
    <ele>1104.5</ele>
   </trkpt>
   <trkpt lat="-29.8076400" lon="24.4186000">
    <ele>1104.6</ele>
   </trkpt>
   <trkpt lat="-29.8076090" lon="24.4186050">
    <ele>1104.6</ele>
   </trkpt>
   <trkpt lat="-29.8075980" lon="24.4186060">
    <ele>1104.6</ele>
   </trkpt>
   <trkpt lat="-29.8075700" lon="24.4186100">
    <ele>1104.6</ele>
   </trkpt>
   <trkpt lat="-29.8075610" lon="24.4186110">
    <ele>1104.6</ele>
   </trkpt>
   <trkpt lat="-29.8075490" lon="24.4186050">
    <ele>1104.6</ele>
   </trkpt>
   <trkpt lat="-29.8075390" lon="24.4186070">
    <ele>1104.6</ele>
   </trkpt>
   <trkpt lat="-29.8075330" lon="24.4186120">
    <ele>1104.6</ele>
   </trkpt>
   <trkpt lat="-29.8075270" lon="24.4186190">
    <ele>1104.6</ele>
   </trkpt>
   <trkpt lat="-29.8075240" lon="24.4186280">
    <ele>1104.6</ele>
   </trkpt>
   <trkpt lat="-29.8075220" lon="24.4186390">
    <ele>1104.6</ele>
   </trkpt>
   <trkpt lat="-29.8075180" lon="24.4186500">
    <ele>1104.6</ele>
   </trkpt>
   <trkpt lat="-29.8075120" lon="24.4186600">
    <ele>1104.6</ele>
   </trkpt>
   <trkpt lat="-29.8075050" lon="24.4186710">
    <ele>1104.9</ele>
   </trkpt>
   <trkpt lat="-29.8074940" lon="24.4186810">
    <ele>1104.9</ele>
   </trkpt>
   <trkpt lat="-29.8074670" lon="24.4186950">
    <ele>1105.2</ele>
   </trkpt>
   <trkpt lat="-29.8074550" lon="24.4186990">
    <ele>1105.2</ele>
   </trkpt>
   <trkpt lat="-29.8074220" lon="24.4187200">
    <ele>1105.5</ele>
   </trkpt>
   <trkpt lat="-29.8074120" lon="24.4187260">
    <ele>1105.5</ele>
   </trkpt>
   <trkpt lat="-29.8073840" lon="24.4187480">
    <ele>1105.6</ele>
   </trkpt>
   <trkpt lat="-29.8073750" lon="24.4187540">
    <ele>1105.7</ele>
   </trkpt>
   <trkpt lat="-29.8073590" lon="24.4187670">
    <ele>1105.7</ele>
   </trkpt>
   <trkpt lat="-29.8073440" lon="24.4187760">
    <ele>1105.8</ele>
   </trkpt>
   <trkpt lat="-29.8073340" lon="24.4187860">
    <ele>1105.8</ele>
   </trkpt>
   <trkpt lat="-29.8073270" lon="24.4187950">
    <ele>1105.6</ele>
   </trkpt>
   <trkpt lat="-29.8073260" lon="24.4188060">
    <ele>1105.6</ele>
   </trkpt>
   <trkpt lat="-29.8073290" lon="24.4188200">
    <ele>1105.6</ele>
   </trkpt>
   <trkpt lat="-29.8073360" lon="24.4188320">
    <ele>1105.3</ele>
   </trkpt>
   <trkpt lat="-29.8073410" lon="24.4188440">
    <ele>1105.3</ele>
   </trkpt>
   <trkpt lat="-29.8073420" lon="24.4188550">
    <ele>1105.4</ele>
   </trkpt>
   <trkpt lat="-29.8073440" lon="24.4188650">
    <ele>1105.4</ele>
   </trkpt>
   <trkpt lat="-29.8073450" lon="24.4188750">
    <ele>1105.1</ele>
   </trkpt>
   <trkpt lat="-29.8073420" lon="24.4189010">
    <ele>1105.1</ele>
   </trkpt>
   <trkpt lat="-29.8073390" lon="24.4189130">
    <ele>1105.1</ele>
   </trkpt>
   <trkpt lat="-29.8073370" lon="24.4189250">
    <ele>1104.7</ele>
   </trkpt>
   <trkpt lat="-29.8073200" lon="24.4189600">
    <ele>1104.3</ele>
   </trkpt>
   <trkpt lat="-29.8073120" lon="24.4189740">
    <ele>1104.4</ele>
   </trkpt>
   <trkpt lat="-29.8072970" lon="24.4190130">
    <ele>1104.0</ele>
   </trkpt>
   <trkpt lat="-29.8072930" lon="24.4190250">
    <ele>1104.0</ele>
   </trkpt>
   <trkpt lat="-29.8072840" lon="24.4190610">
    <ele>1103.9</ele>
   </trkpt>
   <trkpt lat="-29.8072810" lon="24.4190730">
    <ele>1103.9</ele>
   </trkpt>
   <trkpt lat="-29.8072720" lon="24.4191050">
    <ele>1103.8</ele>
   </trkpt>
   <trkpt lat="-29.8072700" lon="24.4191140">
    <ele>1103.8</ele>
   </trkpt>
   <trkpt lat="-29.8072670" lon="24.4191300">
    <ele>1103.8</ele>
   </trkpt>
   <trkpt lat="-29.8072670" lon="24.4191430">
    <ele>1104.0</ele>
   </trkpt>
   <trkpt lat="-29.8072700" lon="24.4191530">
    <ele>1104.0</ele>
   </trkpt>
   <trkpt lat="-29.8072740" lon="24.4191620">
    <ele>1104.0</ele>
   </trkpt>
   <trkpt lat="-29.8072760" lon="24.4191700">
    <ele>1104.0</ele>
   </trkpt>
   <trkpt lat="-29.8072760" lon="24.4191740">
    <ele>1104.0</ele>
   </trkpt>
   <trkpt lat="-29.8072770" lon="24.4191790">
    <ele>1104.2</ele>
   </trkpt>
   <trkpt lat="-29.8072810" lon="24.4191890">
    <ele>1104.2</ele>
   </trkpt>
   <trkpt lat="-29.8072900" lon="24.4191920">
    <ele>1104.3</ele>
   </trkpt>
   <trkpt lat="-29.8072970" lon="24.4191970">
    <ele>1104.3</ele>
   </trkpt>
   <trkpt lat="-29.8073070" lon="24.4192030">
    <ele>1104.3</ele>
   </trkpt>
   <trkpt lat="-29.8073170" lon="24.4192260">
    <ele>1104.6</ele>
   </trkpt>
   <trkpt lat="-29.8073200" lon="24.4192360">
    <ele>1104.6</ele>
   </trkpt>
   <trkpt lat="-29.8073220" lon="24.4192460">
    <ele>1104.8</ele>
   </trkpt>
   <trkpt lat="-29.8073220" lon="24.4192820">
    <ele>1105.0</ele>
   </trkpt>
   <trkpt lat="-29.8073200" lon="24.4192960">
    <ele>1104.7</ele>
   </trkpt>
   <trkpt lat="-29.8073090" lon="24.4193320">
    <ele>1104.7</ele>
   </trkpt>
   <trkpt lat="-29.8073060" lon="24.4193400">
    <ele>1104.7</ele>
   </trkpt>
   <trkpt lat="-29.8072980" lon="24.4193780">
    <ele>1104.6</ele>
   </trkpt>
   <trkpt lat="-29.8072880" lon="24.4194150">
    <ele>1104.5</ele>
   </trkpt>
   <trkpt lat="-29.8072830" lon="24.4194260">
    <ele>1104.2</ele>
   </trkpt>
   <trkpt lat="-29.8072730" lon="24.4194440">
    <ele>1104.3</ele>
   </trkpt>
   <trkpt lat="-29.8072650" lon="24.4194580">
    <ele>1104.3</ele>
   </trkpt>
   <trkpt lat="-29.8072600" lon="24.4194710">
    <ele>1104.3</ele>
   </trkpt>
   <trkpt lat="-29.8072510" lon="24.4194720">
    <ele>1104.3</ele>
   </trkpt>
   <trkpt lat="-29.8072500" lon="24.4194770">
    <ele>1104.5</ele>
   </trkpt>
   <trkpt lat="-29.8072550" lon="24.4194950">
    <ele>1104.5</ele>
   </trkpt>
   <trkpt lat="-29.8072620" lon="24.4195140">
    <ele>1104.6</ele>
   </trkpt>
   <trkpt lat="-29.8072690" lon="24.4195260">
    <ele>1104.6</ele>
   </trkpt>
   <trkpt lat="-29.8072750" lon="24.4195330">
    <ele>1104.6</ele>
   </trkpt>
   <trkpt lat="-29.8072730" lon="24.4195310">
    <ele>1104.6</ele>
   </trkpt>
   <trkpt lat="-29.8072710" lon="24.4195150">
    <ele>1104.6</ele>
   </trkpt>
   <trkpt lat="-29.8072750" lon="24.4195050">
    <ele>1104.6</ele>
   </trkpt>
   <trkpt lat="-29.8072780" lon="24.4195030">
    <ele>1104.6</ele>
   </trkpt>
   <trkpt lat="-29.8072780" lon="24.4195050">
    <ele>1104.6</ele>
   </trkpt>
   <trkpt lat="-29.8072810" lon="24.4195120">
    <ele>1104.6</ele>
   </trkpt>
   <trkpt lat="-29.8072820" lon="24.4195160">
    <ele>1104.6</ele>
   </trkpt>
   <trkpt lat="-29.8072870" lon="24.4195170">
    <ele>1104.6</ele>
   </trkpt>
   <trkpt lat="-29.8072890" lon="24.4195180">
    <ele>1104.6</ele>
   </trkpt>
   <trkpt lat="-29.8072910" lon="24.4195190">
    <ele>1104.6</ele>
   </trkpt>
   <trkpt lat="-29.8072930" lon="24.4195200">
    <ele>1104.6</ele>
   </trkpt>
   <trkpt lat="-29.8072950" lon="24.4195220">
    <ele>1104.6</ele>
   </trkpt>
   <trkpt lat="-29.8072960" lon="24.4195230">
    <ele>1104.6</ele>
   </trkpt>
   <trkpt lat="-29.8073150" lon="24.4195470">
    <ele>1104.6</ele>
   </trkpt>
   <trkpt lat="-29.8073330" lon="24.4195710">
    <ele>1104.6</ele>
   </trkpt>
   <trkpt lat="-29.8073520" lon="24.4195960">
    <ele>1104.6</ele>
   </trkpt>
   <trkpt lat="-29.8073700" lon="24.4196200">
    <ele>1104.6</ele>
   </trkpt>
   <trkpt lat="-29.8073880" lon="24.4196440">
    <ele>1104.7</ele>
   </trkpt>
   <trkpt lat="-29.8074440" lon="24.4196710">
    <ele>1104.7</ele>
   </trkpt>
   <trkpt lat="-29.8074770" lon="24.4196660">
    <ele>1104.7</ele>
   </trkpt>
   <trkpt lat="-29.8075100" lon="24.4196600">
    <ele>1104.7</ele>
   </trkpt>
   <trkpt lat="-29.8077550" lon="24.4196120">
    <ele>1104.9</ele>
   </trkpt>
   <trkpt lat="-29.8078390" lon="24.4196090">
    <ele>1105.0</ele>
   </trkpt>
   <trkpt lat="-29.8079150" lon="24.4196070">
    <ele>1105.1</ele>
   </trkpt>
   <trkpt lat="-29.8079880" lon="24.4196070">
    <ele>1105.2</ele>
   </trkpt>
   <trkpt lat="-29.8080630" lon="24.4196090">
    <ele>1105.3</ele>
   </trkpt>
   <trkpt lat="-29.8081350" lon="24.4196100">
    <ele>1105.4</ele>
   </trkpt>
   <trkpt lat="-29.8082100" lon="24.4196130">
    <ele>1105.5</ele>
   </trkpt>
   <trkpt lat="-29.8082850" lon="24.4196190">
    <ele>1105.6</ele>
   </trkpt>
   <trkpt lat="-29.8083580" lon="24.4196290">
    <ele>1105.8</ele>
   </trkpt>
   <trkpt lat="-29.8084290" lon="24.4196350">
    <ele>1105.9</ele>
   </trkpt>
   <trkpt lat="-29.8085010" lon="24.4196410">
    <ele>1106.1</ele>
   </trkpt>
   <trkpt lat="-29.8085720" lon="24.4196420">
    <ele>1106.2</ele>
   </trkpt>
   <trkpt lat="-29.8086460" lon="24.4196440">
    <ele>1106.4</ele>
   </trkpt>
   <trkpt lat="-29.8087190" lon="24.4196440">
    <ele>1106.5</ele>
   </trkpt>
   <trkpt lat="-29.8087900" lon="24.4196370">
    <ele>1106.7</ele>
   </trkpt>
   <trkpt lat="-29.8088580" lon="24.4196260">
    <ele>1106.8</ele>
   </trkpt>
   <trkpt lat="-29.8089200" lon="24.4196040">
    <ele>1106.9</ele>
   </trkpt>
   <trkpt lat="-29.8089740" lon="24.4195700">
    <ele>1106.9</ele>
   </trkpt>
   <trkpt lat="-29.8090220" lon="24.4195270">
    <ele>1106.9</ele>
   </trkpt>
   <trkpt lat="-29.8090600" lon="24.4194740">
    <ele>1106.9</ele>
   </trkpt>
   <trkpt lat="-29.8090790" lon="24.4194030">
    <ele>1106.9</ele>
   </trkpt>
   <trkpt lat="-29.8090900" lon="24.4193260">
    <ele>1106.9</ele>
   </trkpt>
   <trkpt lat="-29.8090920" lon="24.4192400">
    <ele>1106.9</ele>
   </trkpt>
   <trkpt lat="-29.8090940" lon="24.4191520">
    <ele>1106.9</ele>
   </trkpt>
   <trkpt lat="-29.8090990" lon="24.4190690">
    <ele>1106.9</ele>
   </trkpt>
   <trkpt lat="-29.8091090" lon="24.4189890">
    <ele>1106.9</ele>
   </trkpt>
   <trkpt lat="-29.8091270" lon="24.4189140">
    <ele>1107.0</ele>
   </trkpt>
   <trkpt lat="-29.8091500" lon="24.4188390">
    <ele>1107.0</ele>
   </trkpt>
   <trkpt lat="-29.8091810" lon="24.4187640">
    <ele>1107.1</ele>
   </trkpt>
   <trkpt lat="-29.8092160" lon="24.4186980">
    <ele>1107.2</ele>
   </trkpt>
   <trkpt lat="-29.8092560" lon="24.4186370">
    <ele>1107.3</ele>
   </trkpt>
   <trkpt lat="-29.8092970" lon="24.4185780">
    <ele>1107.4</ele>
   </trkpt>
   <trkpt lat="-29.8093400" lon="24.4185210">
    <ele>1107.5</ele>
   </trkpt>
   <trkpt lat="-29.8093860" lon="24.4184660">
    <ele>1107.6</ele>
   </trkpt>
   <trkpt lat="-29.8094350" lon="24.4184130">
    <ele>1107.6</ele>
   </trkpt>
   <trkpt lat="-29.8094800" lon="24.4183660">
    <ele>1107.7</ele>
   </trkpt>
   <trkpt lat="-29.8095210" lon="24.4183230">
    <ele>1107.8</ele>
   </trkpt>
   <trkpt lat="-29.8095640" lon="24.4182800">
    <ele>1107.8</ele>
   </trkpt>
   <trkpt lat="-29.8096030" lon="24.4182360">
    <ele>1107.9</ele>
   </trkpt>
   <trkpt lat="-29.8096420" lon="24.4181950">
    <ele>1108.0</ele>
   </trkpt>
   <trkpt lat="-29.8096780" lon="24.4181490">
    <ele>1108.0</ele>
   </trkpt>
   <trkpt lat="-29.8097170" lon="24.4181010">
    <ele>1108.1</ele>
   </trkpt>
   <trkpt lat="-29.8097610" lon="24.4180540">
    <ele>1108.1</ele>
   </trkpt>
   <trkpt lat="-29.8098080" lon="24.4180040">
    <ele>1108.1</ele>
   </trkpt>
   <trkpt lat="-29.8098600" lon="24.4179530">
    <ele>1108.1</ele>
   </trkpt>
   <trkpt lat="-29.8099110" lon="24.4178970">
    <ele>1108.2</ele>
   </trkpt>
   <trkpt lat="-29.8099650" lon="24.4178360">
    <ele>1108.3</ele>
   </trkpt>
   <trkpt lat="-29.8100200" lon="24.4177690">
    <ele>1108.4</ele>
   </trkpt>
   <trkpt lat="-29.8100780" lon="24.4177010">
    <ele>1108.5</ele>
   </trkpt>
   <trkpt lat="-29.8101370" lon="24.4176290">
    <ele>1108.6</ele>
   </trkpt>
   <trkpt lat="-29.8102020" lon="24.4175540">
    <ele>1108.7</ele>
   </trkpt>
   <trkpt lat="-29.8102670" lon="24.4174770">
    <ele>1108.8</ele>
   </trkpt>
   <trkpt lat="-29.8103370" lon="24.4173960">
    <ele>1108.9</ele>
   </trkpt>
   <trkpt lat="-29.8104060" lon="24.4173150">
    <ele>1109.0</ele>
   </trkpt>
   <trkpt lat="-29.8104700" lon="24.4172330">
    <ele>1109.2</ele>
   </trkpt>
   <trkpt lat="-29.8105360" lon="24.4171500">
    <ele>1109.4</ele>
   </trkpt>
   <trkpt lat="-29.8106010" lon="24.4170670">
    <ele>1109.6</ele>
   </trkpt>
   <trkpt lat="-29.8106630" lon="24.4169850">
    <ele>1109.9</ele>
   </trkpt>
   <trkpt lat="-29.8107220" lon="24.4169090">
    <ele>1110.1</ele>
   </trkpt>
   <trkpt lat="-29.8107800" lon="24.4168390">
    <ele>1110.3</ele>
   </trkpt>
   <trkpt lat="-29.8108320" lon="24.4167750">
    <ele>1110.4</ele>
   </trkpt>
   <trkpt lat="-29.8108800" lon="24.4167160">
    <ele>1110.5</ele>
   </trkpt>
   <trkpt lat="-29.8109220" lon="24.4166620">
    <ele>1110.6</ele>
   </trkpt>
   <trkpt lat="-29.8109530" lon="24.4166040">
    <ele>1110.7</ele>
   </trkpt>
   <trkpt lat="-29.8109710" lon="24.4165460">
    <ele>1110.6</ele>
   </trkpt>
   <trkpt lat="-29.8109690" lon="24.4164950">
    <ele>1110.5</ele>
   </trkpt>
   <trkpt lat="-29.8109410" lon="24.4164350">
    <ele>1110.4</ele>
   </trkpt>
   <trkpt lat="-29.8109080" lon="24.4163820">
    <ele>1110.3</ele>
   </trkpt>
   <trkpt lat="-29.8108760" lon="24.4163260">
    <ele>1110.2</ele>
   </trkpt>
   <trkpt lat="-29.8108340" lon="24.4162730">
    <ele>1110.0</ele>
   </trkpt>
   <trkpt lat="-29.8107810" lon="24.4162170">
    <ele>1109.9</ele>
   </trkpt>
   <trkpt lat="-29.8106930" lon="24.4161530">
    <ele>1109.6</ele>
   </trkpt>
   <trkpt lat="-29.8106180" lon="24.4160830">
    <ele>1109.4</ele>
   </trkpt>
   <trkpt lat="-29.8105370" lon="24.4160070">
    <ele>1109.1</ele>
   </trkpt>
   <trkpt lat="-29.8104530" lon="24.4159320">
    <ele>1108.8</ele>
   </trkpt>
   <trkpt lat="-29.8103720" lon="24.4158600">
    <ele>1108.5</ele>
   </trkpt>
   <trkpt lat="-29.8102920" lon="24.4157830">
    <ele>1108.2</ele>
   </trkpt>
   <trkpt lat="-29.8102220" lon="24.4157030">
    <ele>1108.0</ele>
   </trkpt>
   <trkpt lat="-29.8101430" lon="24.4156350">
    <ele>1107.7</ele>
   </trkpt>
   <trkpt lat="-29.8100780" lon="24.4155630">
    <ele>1107.3</ele>
   </trkpt>
   <trkpt lat="-29.8100130" lon="24.4154920">
    <ele>1107.0</ele>
   </trkpt>
   <trkpt lat="-29.8099480" lon="24.4154270">
    <ele>1106.7</ele>
   </trkpt>
   <trkpt lat="-29.8098870" lon="24.4153630">
    <ele>1106.4</ele>
   </trkpt>
   <trkpt lat="-29.8098330" lon="24.4153050">
    <ele>1106.2</ele>
   </trkpt>
   <trkpt lat="-29.8097880" lon="24.4152550">
    <ele>1106.0</ele>
   </trkpt>
   <trkpt lat="-29.8097570" lon="24.4152220">
    <ele>1105.8</ele>
   </trkpt>
   <trkpt lat="-29.8097280" lon="24.4151970">
    <ele>1105.7</ele>
   </trkpt>
   <trkpt lat="-29.8096930" lon="24.4151870">
    <ele>1105.6</ele>
   </trkpt>
   <trkpt lat="-29.8096550" lon="24.4151930">
    <ele>1105.5</ele>
   </trkpt>
   <trkpt lat="-29.8096150" lon="24.4152170">
    <ele>1105.4</ele>
   </trkpt>
   <trkpt lat="-29.8095830" lon="24.4152550">
    <ele>1105.3</ele>
   </trkpt>
   <trkpt lat="-29.8095480" lon="24.4152930">
    <ele>1105.3</ele>
   </trkpt>
   <trkpt lat="-29.8095070" lon="24.4153500">
    <ele>1105.2</ele>
   </trkpt>
   <trkpt lat="-29.8094620" lon="24.4154080">
    <ele>1105.1</ele>
   </trkpt>
   <trkpt lat="-29.8094130" lon="24.4154730">
    <ele>1105.0</ele>
   </trkpt>
   <trkpt lat="-29.8093620" lon="24.4155430">
    <ele>1104.9</ele>
   </trkpt>
   <trkpt lat="-29.8093050" lon="24.4156170">
    <ele>1104.8</ele>
   </trkpt>
   <trkpt lat="-29.8092450" lon="24.4156930">
    <ele>1104.7</ele>
   </trkpt>
   <trkpt lat="-29.8091880" lon="24.4157670">
    <ele>1104.7</ele>
   </trkpt>
   <trkpt lat="-29.8091330" lon="24.4158380">
    <ele>1104.6</ele>
   </trkpt>
   <trkpt lat="-29.8090770" lon="24.4159050">
    <ele>1104.5</ele>
   </trkpt>
   <trkpt lat="-29.8090270" lon="24.4159670">
    <ele>1104.5</ele>
   </trkpt>
   <trkpt lat="-29.8089830" lon="24.4160180">
    <ele>1104.4</ele>
   </trkpt>
   <trkpt lat="-29.8089430" lon="24.4160620">
    <ele>1104.4</ele>
   </trkpt>
   <trkpt lat="-29.8089080" lon="24.4161030">
    <ele>1104.3</ele>
   </trkpt>
   <trkpt lat="-29.8088720" lon="24.4161430">
    <ele>1104.2</ele>
   </trkpt>
   <trkpt lat="-29.8088320" lon="24.4161930">
    <ele>1104.1</ele>
   </trkpt>
   <trkpt lat="-29.8087880" lon="24.4162500">
    <ele>1104.1</ele>
   </trkpt>
   <trkpt lat="-29.8087450" lon="24.4163080">
    <ele>1104.0</ele>
   </trkpt>
   <trkpt lat="-29.8086920" lon="24.4163730">
    <ele>1103.9</ele>
   </trkpt>
   <trkpt lat="-29.8086380" lon="24.4164430">
    <ele>1103.8</ele>
   </trkpt>
   <trkpt lat="-29.8085780" lon="24.4165130">
    <ele>1103.7</ele>
   </trkpt>
   <trkpt lat="-29.8085200" lon="24.4165880">
    <ele>1103.6</ele>
   </trkpt>
   <trkpt lat="-29.8084580" lon="24.4166670">
    <ele>1103.5</ele>
   </trkpt>
   <trkpt lat="-29.8083920" lon="24.4167370">
    <ele>1103.4</ele>
   </trkpt>
   <trkpt lat="-29.8083250" lon="24.4168070">
    <ele>1103.3</ele>
   </trkpt>
   <trkpt lat="-29.8082650" lon="24.4168770">
    <ele>1103.2</ele>
   </trkpt>
   <trkpt lat="-29.8082050" lon="24.4169470">
    <ele>1103.1</ele>
   </trkpt>
   <trkpt lat="-29.8081470" lon="24.4170200">
    <ele>1102.9</ele>
   </trkpt>
   <trkpt lat="-29.8080850" lon="24.4170980">
    <ele>1102.8</ele>
   </trkpt>
   <trkpt lat="-29.8080200" lon="24.4171770">
    <ele>1102.7</ele>
   </trkpt>
   <trkpt lat="-29.8079550" lon="24.4172570">
    <ele>1102.5</ele>
   </trkpt>
   <trkpt lat="-29.8078920" lon="24.4173330">
    <ele>1102.4</ele>
   </trkpt>
   <trkpt lat="-29.8078250" lon="24.4174070">
    <ele>1102.3</ele>
   </trkpt>
   <trkpt lat="-29.8077530" lon="24.4174680">
    <ele>1102.1</ele>
   </trkpt>
   <trkpt lat="-29.8076770" lon="24.4175280">
    <ele>1102.0</ele>
   </trkpt>
   <trkpt lat="-29.8076030" lon="24.4175900">
    <ele>1101.9</ele>
   </trkpt>
   <trkpt lat="-29.8075280" lon="24.4176530">
    <ele>1101.8</ele>
   </trkpt>
   <trkpt lat="-29.8074580" lon="24.4177150">
    <ele>1101.7</ele>
   </trkpt>
   <trkpt lat="-29.8073850" lon="24.4177750">
    <ele>1101.6</ele>
   </trkpt>
   <trkpt lat="-29.8073200" lon="24.4178370">
    <ele>1101.6</ele>
   </trkpt>
   <trkpt lat="-29.8072680" lon="24.4179000">
    <ele>1101.5</ele>
   </trkpt>
   <trkpt lat="-29.8072200" lon="24.4179620">
    <ele>1101.5</ele>
   </trkpt>
   <trkpt lat="-29.8071700" lon="24.4180200">
    <ele>1101.4</ele>
   </trkpt>
   <trkpt lat="-29.8071220" lon="24.4180830">
    <ele>1101.3</ele>
   </trkpt>
   <trkpt lat="-29.8070730" lon="24.4181420">
    <ele>1101.3</ele>
   </trkpt>
   <trkpt lat="-29.8070280" lon="24.4181970">
    <ele>1101.2</ele>
   </trkpt>
   <trkpt lat="-29.8069870" lon="24.4182520">
    <ele>1101.2</ele>
   </trkpt>
   <trkpt lat="-29.8069380" lon="24.4183150">
    <ele>1101.1</ele>
   </trkpt>
   <trkpt lat="-29.8068830" lon="24.4183830">
    <ele>1101.1</ele>
   </trkpt>
   <trkpt lat="-29.8068280" lon="24.4184500">
    <ele>1101.1</ele>
   </trkpt>
   <trkpt lat="-29.8067750" lon="24.4185180">
    <ele>1101.0</ele>
   </trkpt>
   <trkpt lat="-29.8067220" lon="24.4185800">
    <ele>1101.0</ele>
   </trkpt>
   <trkpt lat="-29.8066680" lon="24.4186450">
    <ele>1101.0</ele>
   </trkpt>
   <trkpt lat="-29.8066150" lon="24.4187130">
    <ele>1101.0</ele>
   </trkpt>
   <trkpt lat="-29.8065580" lon="24.4187870">
    <ele>1101.0</ele>
   </trkpt>
   <trkpt lat="-29.8065020" lon="24.4188580">
    <ele>1100.9</ele>
   </trkpt>
   <trkpt lat="-29.8064430" lon="24.4189270">
    <ele>1100.9</ele>
   </trkpt>
   <trkpt lat="-29.8063870" lon="24.4189970">
    <ele>1100.9</ele>
   </trkpt>
   <trkpt lat="-29.8063300" lon="24.4190680">
    <ele>1100.9</ele>
   </trkpt>
   <trkpt lat="-29.8062750" lon="24.4191380">
    <ele>1100.9</ele>
   </trkpt>
   <trkpt lat="-29.8062220" lon="24.4192070">
    <ele>1100.9</ele>
   </trkpt>
   <trkpt lat="-29.8061680" lon="24.4192700">
    <ele>1100.8</ele>
   </trkpt>
   <trkpt lat="-29.8061200" lon="24.4193320">
    <ele>1100.8</ele>
   </trkpt>
   <trkpt lat="-29.8060720" lon="24.4193900">
    <ele>1100.7</ele>
   </trkpt>
   <trkpt lat="-29.8060220" lon="24.4194450">
    <ele>1100.7</ele>
   </trkpt>
   <trkpt lat="-29.8059720" lon="24.4194980">
    <ele>1100.6</ele>
   </trkpt>
   <trkpt lat="-29.8059180" lon="24.4195500">
    <ele>1100.5</ele>
   </trkpt>
   <trkpt lat="-29.8058600" lon="24.4196000">
    <ele>1100.4</ele>
   </trkpt>
   <trkpt lat="-29.8057980" lon="24.4196550">
    <ele>1100.2</ele>
   </trkpt>
   <trkpt lat="-29.8057370" lon="24.4197120">
    <ele>1100.1</ele>
   </trkpt>
   <trkpt lat="-29.8056780" lon="24.4197720">
    <ele>1100.0</ele>
   </trkpt>
   <trkpt lat="-29.8056180" lon="24.4198280">
    <ele>1099.9</ele>
   </trkpt>
   <trkpt lat="-29.8055600" lon="24.4198880">
    <ele>1099.8</ele>
   </trkpt>
   <trkpt lat="-29.8054980" lon="24.4199500">
    <ele>1099.6</ele>
   </trkpt>
   <trkpt lat="-29.8054370" lon="24.4200170">
    <ele>1099.5</ele>
   </trkpt>
   <trkpt lat="-29.8053730" lon="24.4200820">
    <ele>1099.3</ele>
   </trkpt>
   <trkpt lat="-29.8053050" lon="24.4201400">
    <ele>1099.1</ele>
   </trkpt>
   <trkpt lat="-29.8052370" lon="24.4201980">
    <ele>1098.9</ele>
   </trkpt>
   <trkpt lat="-29.8051680" lon="24.4202530">
    <ele>1098.7</ele>
   </trkpt>
   <trkpt lat="-29.8051020" lon="24.4202970">
    <ele>1098.5</ele>
   </trkpt>
   <trkpt lat="-29.8050350" lon="24.4203230">
    <ele>1098.3</ele>
   </trkpt>
   <trkpt lat="-29.8049700" lon="24.4203420">
    <ele>1098.2</ele>
   </trkpt>
   <trkpt lat="-29.8049050" lon="24.4203570">
    <ele>1098.0</ele>
   </trkpt>
   <trkpt lat="-29.8048470" lon="24.4203720">
    <ele>1097.8</ele>
   </trkpt>
   <trkpt lat="-29.8047850" lon="24.4203830">
    <ele>1097.6</ele>
   </trkpt>
   <trkpt lat="-29.8047230" lon="24.4203930">
    <ele>1097.4</ele>
   </trkpt>
   <trkpt lat="-29.8046550" lon="24.4204020">
    <ele>1097.2</ele>
   </trkpt>
   <trkpt lat="-29.8045830" lon="24.4204130">
    <ele>1097.0</ele>
   </trkpt>
   <trkpt lat="-29.8045080" lon="24.4204270">
    <ele>1096.9</ele>
   </trkpt>
   <trkpt lat="-29.8044330" lon="24.4204370">
    <ele>1096.8</ele>
   </trkpt>
   <trkpt lat="-29.8043600" lon="24.4204400">
    <ele>1096.6</ele>
   </trkpt>
   <trkpt lat="-29.8042880" lon="24.4204320">
    <ele>1096.5</ele>
   </trkpt>
   <trkpt lat="-29.8042200" lon="24.4204170">
    <ele>1096.3</ele>
   </trkpt>
   <trkpt lat="-29.8041550" lon="24.4203900">
    <ele>1096.2</ele>
   </trkpt>
   <trkpt lat="-29.8040950" lon="24.4203470">
    <ele>1096.0</ele>
   </trkpt>
   <trkpt lat="-29.8040400" lon="24.4202920">
    <ele>1095.9</ele>
   </trkpt>
   <trkpt lat="-29.8039850" lon="24.4202350">
    <ele>1095.8</ele>
   </trkpt>
   <trkpt lat="-29.8039250" lon="24.4201770">
    <ele>1095.6</ele>
   </trkpt>
   <trkpt lat="-29.8038630" lon="24.4201130">
    <ele>1095.5</ele>
   </trkpt>
   <trkpt lat="-29.8037980" lon="24.4200450">
    <ele>1095.4</ele>
   </trkpt>
   <trkpt lat="-29.8037330" lon="24.4199750">
    <ele>1095.2</ele>
   </trkpt>
   <trkpt lat="-29.8036700" lon="24.4199080">
    <ele>1095.1</ele>
   </trkpt>
   <trkpt lat="-29.8036120" lon="24.4198430">
    <ele>1095.1</ele>
   </trkpt>
   <trkpt lat="-29.8035580" lon="24.4197800">
    <ele>1095.0</ele>
   </trkpt>
   <trkpt lat="-29.8035050" lon="24.4197180">
    <ele>1095.0</ele>
   </trkpt>
   <trkpt lat="-29.8034550" lon="24.4196600">
    <ele>1094.9</ele>
   </trkpt>
   <trkpt lat="-29.8034050" lon="24.4196020">
    <ele>1094.9</ele>
   </trkpt>
   <trkpt lat="-29.8033530" lon="24.4195450">
    <ele>1094.8</ele>
   </trkpt>
   <trkpt lat="-29.8033070" lon="24.4194950">
    <ele>1094.8</ele>
   </trkpt>
   <trkpt lat="-29.8032620" lon="24.4194500">
    <ele>1094.7</ele>
   </trkpt>
   <trkpt lat="-29.8032230" lon="24.4194080">
    <ele>1094.6</ele>
   </trkpt>
   <trkpt lat="-29.8031880" lon="24.4193730">
    <ele>1094.6</ele>
   </trkpt>
   <trkpt lat="-29.8031630" lon="24.4193450">
    <ele>1094.6</ele>
   </trkpt>
   <trkpt lat="-29.8031500" lon="24.4193260">
    <ele>1094.5</ele>
   </trkpt>
   <trkpt lat="-29.8031460" lon="24.4193190">
    <ele>1094.5</ele>
   </trkpt>
   <trkpt lat="-29.8031430" lon="24.4193120">
    <ele>1094.5</ele>
   </trkpt>
   <trkpt lat="-29.8031400" lon="24.4193060">
    <ele>1094.5</ele>
   </trkpt>
   <trkpt lat="-29.8031360" lon="24.4192990">
    <ele>1094.5</ele>
   </trkpt>
   <trkpt lat="-29.8031330" lon="24.4192920">
    <ele>1094.5</ele>
   </trkpt>
   <trkpt lat="-29.8031230" lon="24.4192570">
    <ele>1094.5</ele>
   </trkpt>
   <trkpt lat="-29.8031300" lon="24.4192130">
    <ele>1094.5</ele>
   </trkpt>
   <trkpt lat="-29.8031550" lon="24.4191670">
    <ele>1094.5</ele>
   </trkpt>
   <trkpt lat="-29.8031980" lon="24.4191180">
    <ele>1094.6</ele>
   </trkpt>
   <trkpt lat="-29.8032430" lon="24.4190670">
    <ele>1094.6</ele>
   </trkpt>
   <trkpt lat="-29.8032900" lon="24.4190100">
    <ele>1094.6</ele>
   </trkpt>
   <trkpt lat="-29.8033370" lon="24.4189450">
    <ele>1094.6</ele>
   </trkpt>
   <trkpt lat="-29.8033830" lon="24.4188770">
    <ele>1094.7</ele>
   </trkpt>
   <trkpt lat="-29.8034320" lon="24.4188080">
    <ele>1094.7</ele>
   </trkpt>
   <trkpt lat="-29.8034830" lon="24.4187420">
    <ele>1094.8</ele>
   </trkpt>
   <trkpt lat="-29.8035380" lon="24.4186670">
    <ele>1094.8</ele>
   </trkpt>
   <trkpt lat="-29.8035970" lon="24.4185880">
    <ele>1094.9</ele>
   </trkpt>
   <trkpt lat="-29.8036550" lon="24.4185120">
    <ele>1094.9</ele>
   </trkpt>
   <trkpt lat="-29.8037130" lon="24.4184330">
    <ele>1095.0</ele>
   </trkpt>
   <trkpt lat="-29.8037720" lon="24.4183550">
    <ele>1095.0</ele>
   </trkpt>
   <trkpt lat="-29.8038320" lon="24.4182770">
    <ele>1095.0</ele>
   </trkpt>
   <trkpt lat="-29.8038920" lon="24.4182030">
    <ele>1095.0</ele>
   </trkpt>
   <trkpt lat="-29.8039530" lon="24.4181330">
    <ele>1095.1</ele>
   </trkpt>
   <trkpt lat="-29.8040080" lon="24.4180630">
    <ele>1095.1</ele>
   </trkpt>
   <trkpt lat="-29.8040580" lon="24.4179970">
    <ele>1095.1</ele>
   </trkpt>
   <trkpt lat="-29.8041050" lon="24.4179370">
    <ele>1095.2</ele>
   </trkpt>
   <trkpt lat="-29.8041470" lon="24.4178880">
    <ele>1095.2</ele>
   </trkpt>
   <trkpt lat="-29.8041820" lon="24.4178470">
    <ele>1095.3</ele>
   </trkpt>
   <trkpt lat="-29.8042100" lon="24.4178120">
    <ele>1095.3</ele>
   </trkpt>
   <trkpt lat="-29.8042400" lon="24.4177770">
    <ele>1095.3</ele>
   </trkpt>
   <trkpt lat="-29.8042750" lon="24.4177370">
    <ele>1095.4</ele>
   </trkpt>
   <trkpt lat="-29.8043130" lon="24.4176930">
    <ele>1095.4</ele>
   </trkpt>
   <trkpt lat="-29.8043550" lon="24.4176400">
    <ele>1095.5</ele>
   </trkpt>
   <trkpt lat="-29.8043970" lon="24.4175830">
    <ele>1095.5</ele>
   </trkpt>
   <trkpt lat="-29.8044450" lon="24.4175270">
    <ele>1095.6</ele>
   </trkpt>
   <trkpt lat="-29.8044930" lon="24.4174720">
    <ele>1095.6</ele>
   </trkpt>
   <trkpt lat="-29.8045420" lon="24.4174120">
    <ele>1095.7</ele>
   </trkpt>
   <trkpt lat="-29.8045930" lon="24.4173530">
    <ele>1095.8</ele>
   </trkpt>
   <trkpt lat="-29.8046470" lon="24.4172970">
    <ele>1095.9</ele>
   </trkpt>
   <trkpt lat="-29.8046900" lon="24.4172470">
    <ele>1095.9</ele>
   </trkpt>
   <trkpt lat="-29.8047250" lon="24.4172030">
    <ele>1096.0</ele>
   </trkpt>
   <trkpt lat="-29.8047580" lon="24.4171630">
    <ele>1096.0</ele>
   </trkpt>
   <trkpt lat="-29.8047880" lon="24.4171270">
    <ele>1096.1</ele>
   </trkpt>
   <trkpt lat="-29.8048170" lon="24.4170900">
    <ele>1096.1</ele>
   </trkpt>
   <trkpt lat="-29.8048500" lon="24.4170530">
    <ele>1096.1</ele>
   </trkpt>
   <trkpt lat="-29.8048830" lon="24.4170120">
    <ele>1096.2</ele>
   </trkpt>
   <trkpt lat="-29.8049200" lon="24.4169680">
    <ele>1096.2</ele>
   </trkpt>
   <trkpt lat="-29.8049580" lon="24.4169170">
    <ele>1096.2</ele>
   </trkpt>
   <trkpt lat="-29.8050000" lon="24.4168580">
    <ele>1096.3</ele>
   </trkpt>
   <trkpt lat="-29.8050430" lon="24.4168000">
    <ele>1096.3</ele>
   </trkpt>
   <trkpt lat="-29.8050880" lon="24.4167430">
    <ele>1096.3</ele>
   </trkpt>
   <trkpt lat="-29.8051370" lon="24.4166820">
    <ele>1096.4</ele>
   </trkpt>
   <trkpt lat="-29.8051870" lon="24.4166230">
    <ele>1096.4</ele>
   </trkpt>
   <trkpt lat="-29.8052330" lon="24.4165700">
    <ele>1096.4</ele>
   </trkpt>
   <trkpt lat="-29.8052770" lon="24.4165220">
    <ele>1096.4</ele>
   </trkpt>
   <trkpt lat="-29.8053120" lon="24.4164770">
    <ele>1096.5</ele>
   </trkpt>
   <trkpt lat="-29.8053430" lon="24.4164400">
    <ele>1096.5</ele>
   </trkpt>
   <trkpt lat="-29.8053720" lon="24.4164080">
    <ele>1096.5</ele>
   </trkpt>
   <trkpt lat="-29.8053980" lon="24.4163770">
    <ele>1096.6</ele>
   </trkpt>
   <trkpt lat="-29.8054280" lon="24.4163400">
    <ele>1096.6</ele>
   </trkpt>
   <trkpt lat="-29.8054620" lon="24.4162950">
    <ele>1096.7</ele>
   </trkpt>
   <trkpt lat="-29.8055030" lon="24.4162430">
    <ele>1096.7</ele>
   </trkpt>
   <trkpt lat="-29.8055450" lon="24.4161830">
    <ele>1096.8</ele>
   </trkpt>
   <trkpt lat="-29.8055920" lon="24.4161180">
    <ele>1096.8</ele>
   </trkpt>
   <trkpt lat="-29.8056400" lon="24.4160550">
    <ele>1096.9</ele>
   </trkpt>
   <trkpt lat="-29.8056900" lon="24.4159900">
    <ele>1096.9</ele>
   </trkpt>
   <trkpt lat="-29.8057450" lon="24.4159270">
    <ele>1096.9</ele>
   </trkpt>
   <trkpt lat="-29.8058000" lon="24.4158600">
    <ele>1097.0</ele>
   </trkpt>
   <trkpt lat="-29.8058580" lon="24.4157880">
    <ele>1097.0</ele>
   </trkpt>
   <trkpt lat="-29.8059150" lon="24.4157130">
    <ele>1097.1</ele>
   </trkpt>
   <trkpt lat="-29.8059750" lon="24.4156400">
    <ele>1097.2</ele>
   </trkpt>
   <trkpt lat="-29.8060320" lon="24.4155670">
    <ele>1097.3</ele>
   </trkpt>
   <trkpt lat="-29.8060880" lon="24.4154930">
    <ele>1097.4</ele>
   </trkpt>
   <trkpt lat="-29.8061470" lon="24.4154200">
    <ele>1097.5</ele>
   </trkpt>
   <trkpt lat="-29.8062050" lon="24.4153450">
    <ele>1097.6</ele>
   </trkpt>
   <trkpt lat="-29.8062620" lon="24.4152750">
    <ele>1097.7</ele>
   </trkpt>
   <trkpt lat="-29.8063170" lon="24.4152070">
    <ele>1097.8</ele>
   </trkpt>
   <trkpt lat="-29.8063700" lon="24.4151430">
    <ele>1097.8</ele>
   </trkpt>
   <trkpt lat="-29.8064150" lon="24.4150880">
    <ele>1097.9</ele>
   </trkpt>
   <trkpt lat="-29.8064530" lon="24.4150400">
    <ele>1097.9</ele>
   </trkpt>
   <trkpt lat="-29.8064920" lon="24.4149950">
    <ele>1098.0</ele>
   </trkpt>
   <trkpt lat="-29.8065350" lon="24.4149470">
    <ele>1098.0</ele>
   </trkpt>
   <trkpt lat="-29.8065800" lon="24.4148930">
    <ele>1098.1</ele>
   </trkpt>
   <trkpt lat="-29.8066320" lon="24.4148330">
    <ele>1098.1</ele>
   </trkpt>
   <trkpt lat="-29.8066870" lon="24.4147700">
    <ele>1098.1</ele>
   </trkpt>
   <trkpt lat="-29.8067400" lon="24.4147030">
    <ele>1098.1</ele>
   </trkpt>
   <trkpt lat="-29.8067950" lon="24.4146330">
    <ele>1098.2</ele>
   </trkpt>
   <trkpt lat="-29.8068500" lon="24.4145650">
    <ele>1098.2</ele>
   </trkpt>
   <trkpt lat="-29.8069080" lon="24.4144930">
    <ele>1098.2</ele>
   </trkpt>
   <trkpt lat="-29.8069630" lon="24.4144200">
    <ele>1098.2</ele>
   </trkpt>
   <trkpt lat="-29.8070180" lon="24.4143450">
    <ele>1098.3</ele>
   </trkpt>
   <trkpt lat="-29.8070780" lon="24.4142720">
    <ele>1098.2</ele>
   </trkpt>
   <trkpt lat="-29.8071380" lon="24.4141950">
    <ele>1098.2</ele>
   </trkpt>
   <trkpt lat="-29.8071980" lon="24.4141200">
    <ele>1098.2</ele>
   </trkpt>
   <trkpt lat="-29.8072600" lon="24.4140400">
    <ele>1098.2</ele>
   </trkpt>
   <trkpt lat="-29.8073220" lon="24.4139600">
    <ele>1098.2</ele>
   </trkpt>
   <trkpt lat="-29.8073850" lon="24.4138820">
    <ele>1098.1</ele>
   </trkpt>
   <trkpt lat="-29.8074420" lon="24.4137980">
    <ele>1098.1</ele>
   </trkpt>
   <trkpt lat="-29.8074970" lon="24.4137200">
    <ele>1098.1</ele>
   </trkpt>
   <trkpt lat="-29.8075500" lon="24.4136470">
    <ele>1098.1</ele>
   </trkpt>
   <trkpt lat="-29.8076000" lon="24.4135770">
    <ele>1098.1</ele>
   </trkpt>
   <trkpt lat="-29.8076500" lon="24.4135130">
    <ele>1098.1</ele>
   </trkpt>
   <trkpt lat="-29.8077070" lon="24.4134530">
    <ele>1098.1</ele>
   </trkpt>
   <trkpt lat="-29.8077680" lon="24.4133920">
    <ele>1098.1</ele>
   </trkpt>
   <trkpt lat="-29.8078370" lon="24.4133300">
    <ele>1098.2</ele>
   </trkpt>
   <trkpt lat="-29.8078980" lon="24.4132550">
    <ele>1098.2</ele>
   </trkpt>
   <trkpt lat="-29.8079600" lon="24.4131780">
    <ele>1098.3</ele>
   </trkpt>
   <trkpt lat="-29.8080230" lon="24.4131020">
    <ele>1098.3</ele>
   </trkpt>
   <trkpt lat="-29.8080900" lon="24.4130230">
    <ele>1098.4</ele>
   </trkpt>
   <trkpt lat="-29.8081480" lon="24.4129430">
    <ele>1098.4</ele>
   </trkpt>
   <trkpt lat="-29.8082100" lon="24.4128730">
    <ele>1098.5</ele>
   </trkpt>
   <trkpt lat="-29.8082600" lon="24.4128080">
    <ele>1098.6</ele>
   </trkpt>
   <trkpt lat="-29.8083020" lon="24.4127550">
    <ele>1098.6</ele>
   </trkpt>
   <trkpt lat="-29.8083420" lon="24.4127080">
    <ele>1098.7</ele>
   </trkpt>
   <trkpt lat="-29.8083800" lon="24.4126580">
    <ele>1098.8</ele>
   </trkpt>
   <trkpt lat="-29.8084180" lon="24.4126020">
    <ele>1098.8</ele>
   </trkpt>
   <trkpt lat="-29.8084600" lon="24.4125400">
    <ele>1098.9</ele>
   </trkpt>
   <trkpt lat="-29.8085050" lon="24.4124720">
    <ele>1099.0</ele>
   </trkpt>
   <trkpt lat="-29.8085520" lon="24.4123980">
    <ele>1099.1</ele>
   </trkpt>
   <trkpt lat="-29.8086030" lon="24.4123250">
    <ele>1099.2</ele>
   </trkpt>
   <trkpt lat="-29.8086600" lon="24.4122550">
    <ele>1099.3</ele>
   </trkpt>
   <trkpt lat="-29.8087270" lon="24.4121950">
    <ele>1099.4</ele>
   </trkpt>
   <trkpt lat="-29.8087970" lon="24.4121370">
    <ele>1099.5</ele>
   </trkpt>
   <trkpt lat="-29.8088720" lon="24.4120880">
    <ele>1099.6</ele>
   </trkpt>
   <trkpt lat="-29.8089520" lon="24.4120450">
    <ele>1099.8</ele>
   </trkpt>
   <trkpt lat="-29.8090380" lon="24.4120050">
    <ele>1099.8</ele>
   </trkpt>
   <trkpt lat="-29.8091300" lon="24.4119680">
    <ele>1099.9</ele>
   </trkpt>
   <trkpt lat="-29.8092180" lon="24.4119330">
    <ele>1100.0</ele>
   </trkpt>
   <trkpt lat="-29.8093070" lon="24.4118900">
    <ele>1100.2</ele>
   </trkpt>
   <trkpt lat="-29.8093980" lon="24.4118470">
    <ele>1100.3</ele>
   </trkpt>
   <trkpt lat="-29.8094880" lon="24.4118030">
    <ele>1100.4</ele>
   </trkpt>
   <trkpt lat="-29.8095780" lon="24.4117600">
    <ele>1100.5</ele>
   </trkpt>
   <trkpt lat="-29.8096670" lon="24.4117150">
    <ele>1100.7</ele>
   </trkpt>
   <trkpt lat="-29.8097570" lon="24.4116670">
    <ele>1100.8</ele>
   </trkpt>
   <trkpt lat="-29.8098430" lon="24.4116220">
    <ele>1101.0</ele>
   </trkpt>
   <trkpt lat="-29.8099300" lon="24.4115870">
    <ele>1101.1</ele>
   </trkpt>
   <trkpt lat="-29.8100170" lon="24.4115500">
    <ele>1101.3</ele>
   </trkpt>
   <trkpt lat="-29.8101000" lon="24.4115100">
    <ele>1101.4</ele>
   </trkpt>
   <trkpt lat="-29.8101820" lon="24.4114700">
    <ele>1101.6</ele>
   </trkpt>
   <trkpt lat="-29.8102670" lon="24.4114280">
    <ele>1101.9</ele>
   </trkpt>
   <trkpt lat="-29.8103520" lon="24.4113880">
    <ele>1102.1</ele>
   </trkpt>
   <trkpt lat="-29.8104370" lon="24.4113500">
    <ele>1102.3</ele>
   </trkpt>
   <trkpt lat="-29.8105270" lon="24.4113220">
    <ele>1102.5</ele>
   </trkpt>
   <trkpt lat="-29.8106150" lon="24.4112980">
    <ele>1102.7</ele>
   </trkpt>
   <trkpt lat="-29.8107070" lon="24.4112880">
    <ele>1102.9</ele>
   </trkpt>
   <trkpt lat="-29.8107970" lon="24.4112930">
    <ele>1103.1</ele>
   </trkpt>
   <trkpt lat="-29.8108780" lon="24.4113070">
    <ele>1103.3</ele>
   </trkpt>
   <trkpt lat="-29.8109480" lon="24.4113270">
    <ele>1103.5</ele>
   </trkpt>
   <trkpt lat="-29.8110070" lon="24.4113470">
    <ele>1103.7</ele>
   </trkpt>
   <trkpt lat="-29.8110480" lon="24.4113720">
    <ele>1103.8</ele>
   </trkpt>
   <trkpt lat="-29.8110800" lon="24.4113980">
    <ele>1103.9</ele>
   </trkpt>
   <trkpt lat="-29.8111080" lon="24.4114220">
    <ele>1104.0</ele>
   </trkpt>
   <trkpt lat="-29.8111380" lon="24.4114520">
    <ele>1104.1</ele>
   </trkpt>
   <trkpt lat="-29.8111720" lon="24.4114870">
    <ele>1104.2</ele>
   </trkpt>
   <trkpt lat="-29.8112120" lon="24.4115230">
    <ele>1104.3</ele>
   </trkpt>
   <trkpt lat="-29.8112600" lon="24.4115680">
    <ele>1104.4</ele>
   </trkpt>
   <trkpt lat="-29.8113070" lon="24.4116100">
    <ele>1104.6</ele>
   </trkpt>
   <trkpt lat="-29.8113530" lon="24.4116550">
    <ele>1104.7</ele>
   </trkpt>
   <trkpt lat="-29.8114080" lon="24.4117020">
    <ele>1104.9</ele>
   </trkpt>
   <trkpt lat="-29.8114650" lon="24.4117500">
    <ele>1105.1</ele>
   </trkpt>
   <trkpt lat="-29.8115250" lon="24.4118070">
    <ele>1105.3</ele>
   </trkpt>
   <trkpt lat="-29.8115900" lon="24.4118600">
    <ele>1105.5</ele>
   </trkpt>
   <trkpt lat="-29.8116520" lon="24.4119180">
    <ele>1105.7</ele>
   </trkpt>
   <trkpt lat="-29.8117100" lon="24.4119750">
    <ele>1105.9</ele>
   </trkpt>
   <trkpt lat="-29.8117650" lon="24.4120280">
    <ele>1106.1</ele>
   </trkpt>
   <trkpt lat="-29.8118180" lon="24.4120800">
    <ele>1106.3</ele>
   </trkpt>
   <trkpt lat="-29.8118720" lon="24.4121300">
    <ele>1106.6</ele>
   </trkpt>
   <trkpt lat="-29.8119200" lon="24.4121720">
    <ele>1106.8</ele>
   </trkpt>
   <trkpt lat="-29.8119620" lon="24.4122030">
    <ele>1107.0</ele>
   </trkpt>
   <trkpt lat="-29.8119920" lon="24.4122250">
    <ele>1107.1</ele>
   </trkpt>
   <trkpt lat="-29.8120290" lon="24.4122360">
    <ele>1107.2</ele>
   </trkpt>
   <trkpt lat="-29.8120420" lon="24.4122370">
    <ele>1107.2</ele>
   </trkpt>
   <trkpt lat="-29.8120750" lon="24.4122250">
    <ele>1107.2</ele>
   </trkpt>
   <trkpt lat="-29.8121120" lon="24.4122030">
    <ele>1107.2</ele>
   </trkpt>
   <trkpt lat="-29.8121520" lon="24.4121670">
    <ele>1107.2</ele>
   </trkpt>
   <trkpt lat="-29.8121920" lon="24.4121150">
    <ele>1107.2</ele>
   </trkpt>
   <trkpt lat="-29.8122350" lon="24.4120580">
    <ele>1107.1</ele>
   </trkpt>
   <trkpt lat="-29.8122800" lon="24.4120020">
    <ele>1107.1</ele>
   </trkpt>
   <trkpt lat="-29.8123280" lon="24.4119470">
    <ele>1107.1</ele>
   </trkpt>
   <trkpt lat="-29.8123820" lon="24.4118830">
    <ele>1107.1</ele>
   </trkpt>
   <trkpt lat="-29.8124380" lon="24.4118120">
    <ele>1107.2</ele>
   </trkpt>
   <trkpt lat="-29.8124970" lon="24.4117370">
    <ele>1107.2</ele>
   </trkpt>
   <trkpt lat="-29.8125480" lon="24.4116550">
    <ele>1107.2</ele>
   </trkpt>
   <trkpt lat="-29.8125930" lon="24.4115680">
    <ele>1107.1</ele>
   </trkpt>
   <trkpt lat="-29.8126270" lon="24.4114730">
    <ele>1107.1</ele>
   </trkpt>
   <trkpt lat="-29.8126450" lon="24.4113720">
    <ele>1107.1</ele>
   </trkpt>
   <trkpt lat="-29.8126520" lon="24.4112670">
    <ele>1107.1</ele>
   </trkpt>
   <trkpt lat="-29.8126520" lon="24.4111600">
    <ele>1107.1</ele>
   </trkpt>
   <trkpt lat="-29.8126500" lon="24.4110530">
    <ele>1107.1</ele>
   </trkpt>
   <trkpt lat="-29.8126430" lon="24.4109450">
    <ele>1107.0</ele>
   </trkpt>
   <trkpt lat="-29.8126330" lon="24.4108430">
    <ele>1107.0</ele>
   </trkpt>
   <trkpt lat="-29.8126250" lon="24.4107500">
    <ele>1106.9</ele>
   </trkpt>
   <trkpt lat="-29.8126200" lon="24.4106700">
    <ele>1106.9</ele>
   </trkpt>
   <trkpt lat="-29.8126220" lon="24.4105920">
    <ele>1106.9</ele>
   </trkpt>
   <trkpt lat="-29.8126150" lon="24.4105230">
    <ele>1106.9</ele>
   </trkpt>
   <trkpt lat="-29.8126130" lon="24.4104570">
    <ele>1106.9</ele>
   </trkpt>
   <trkpt lat="-29.8126230" lon="24.4104000">
    <ele>1107.0</ele>
   </trkpt>
   <trkpt lat="-29.8126500" lon="24.4103530">
    <ele>1107.1</ele>
   </trkpt>
   <trkpt lat="-29.8126880" lon="24.4103230">
    <ele>1107.1</ele>
   </trkpt>
   <trkpt lat="-29.8127350" lon="24.4103100">
    <ele>1107.2</ele>
   </trkpt>
   <trkpt lat="-29.8127870" lon="24.4103080">
    <ele>1107.3</ele>
   </trkpt>
   <trkpt lat="-29.8128530" lon="24.4103070">
    <ele>1107.4</ele>
   </trkpt>
   <trkpt lat="-29.8129270" lon="24.4103000">
    <ele>1107.5</ele>
   </trkpt>
   <trkpt lat="-29.8130050" lon="24.4102900">
    <ele>1107.6</ele>
   </trkpt>
   <trkpt lat="-29.8130930" lon="24.4102800">
    <ele>1107.8</ele>
   </trkpt>
   <trkpt lat="-29.8131730" lon="24.4102730">
    <ele>1107.9</ele>
   </trkpt>
   <trkpt lat="-29.8132530" lon="24.4102620">
    <ele>1108.0</ele>
   </trkpt>
   <trkpt lat="-29.8133300" lon="24.4102530">
    <ele>1108.2</ele>
   </trkpt>
   <trkpt lat="-29.8134030" lon="24.4102470">
    <ele>1108.3</ele>
   </trkpt>
   <trkpt lat="-29.8134780" lon="24.4102370">
    <ele>1108.5</ele>
   </trkpt>
   <trkpt lat="-29.8135550" lon="24.4102270">
    <ele>1108.7</ele>
   </trkpt>
   <trkpt lat="-29.8136300" lon="24.4102250">
    <ele>1108.9</ele>
   </trkpt>
   <trkpt lat="-29.8137130" lon="24.4102330">
    <ele>1109.1</ele>
   </trkpt>
   <trkpt lat="-29.8138030" lon="24.4102280">
    <ele>1109.3</ele>
   </trkpt>
   <trkpt lat="-29.8138970" lon="24.4102280">
    <ele>1109.5</ele>
   </trkpt>
   <trkpt lat="-29.8139900" lon="24.4102230">
    <ele>1109.7</ele>
   </trkpt>
   <trkpt lat="-29.8140720" lon="24.4102150">
    <ele>1109.9</ele>
   </trkpt>
   <trkpt lat="-29.8141470" lon="24.4102150">
    <ele>1110.0</ele>
   </trkpt>
   <trkpt lat="-29.8142100" lon="24.4102180">
    <ele>1110.2</ele>
   </trkpt>
   <trkpt lat="-29.8142650" lon="24.4102230">
    <ele>1110.3</ele>
   </trkpt>
   <trkpt lat="-29.8143080" lon="24.4102280">
    <ele>1110.4</ele>
   </trkpt>
   <trkpt lat="-29.8143370" lon="24.4102370">
    <ele>1110.4</ele>
   </trkpt>
   <trkpt lat="-29.8143560" lon="24.4102490">
    <ele>1110.5</ele>
   </trkpt>
   <trkpt lat="-29.8143640" lon="24.4102530">
    <ele>1110.5</ele>
   </trkpt>
   <trkpt lat="-29.8143720" lon="24.4102570">
    <ele>1110.5</ele>
   </trkpt>
   <trkpt lat="-29.8144080" lon="24.4102810">
    <ele>1110.6</ele>
   </trkpt>
   <trkpt lat="-29.8144200" lon="24.4102930">
    <ele>1110.7</ele>
   </trkpt>
   <trkpt lat="-29.8144480" lon="24.4103000">
    <ele>1110.7</ele>
   </trkpt>
   <trkpt lat="-29.8144880" lon="24.4102830">
    <ele>1110.8</ele>
   </trkpt>
   <trkpt lat="-29.8145030" lon="24.4102730">
    <ele>1110.8</ele>
   </trkpt>
   <trkpt lat="-29.8145380" lon="24.4102420">
    <ele>1110.9</ele>
   </trkpt>
   <trkpt lat="-29.8145820" lon="24.4102170">
    <ele>1110.9</ele>
   </trkpt>
   <trkpt lat="-29.8146370" lon="24.4102000">
    <ele>1111.0</ele>
   </trkpt>
   <trkpt lat="-29.8146980" lon="24.4101930">
    <ele>1111.1</ele>
   </trkpt>
   <trkpt lat="-29.8147600" lon="24.4101880">
    <ele>1111.2</ele>
   </trkpt>
   <trkpt lat="-29.8148270" lon="24.4101850">
    <ele>1111.4</ele>
   </trkpt>
   <trkpt lat="-29.8148980" lon="24.4101830">
    <ele>1111.5</ele>
   </trkpt>
   <trkpt lat="-29.8149770" lon="24.4101800">
    <ele>1111.7</ele>
   </trkpt>
   <trkpt lat="-29.8150570" lon="24.4101770">
    <ele>1111.9</ele>
   </trkpt>
   <trkpt lat="-29.8151350" lon="24.4101720">
    <ele>1112.1</ele>
   </trkpt>
   <trkpt lat="-29.8152150" lon="24.4101700">
    <ele>1112.3</ele>
   </trkpt>
   <trkpt lat="-29.8152970" lon="24.4101680">
    <ele>1112.5</ele>
   </trkpt>
   <trkpt lat="-29.8153870" lon="24.4101650">
    <ele>1112.7</ele>
   </trkpt>
   <trkpt lat="-29.8154770" lon="24.4101600">
    <ele>1113.0</ele>
   </trkpt>
   <trkpt lat="-29.8155730" lon="24.4101480">
    <ele>1113.3</ele>
   </trkpt>
   <trkpt lat="-29.8156620" lon="24.4101380">
    <ele>1113.6</ele>
   </trkpt>
   <trkpt lat="-29.8157520" lon="24.4101270">
    <ele>1113.8</ele>
   </trkpt>
   <trkpt lat="-29.8158330" lon="24.4101220">
    <ele>1114.0</ele>
   </trkpt>
   <trkpt lat="-29.8159220" lon="24.4101170">
    <ele>1114.2</ele>
   </trkpt>
   <trkpt lat="-29.8160030" lon="24.4101120">
    <ele>1114.3</ele>
   </trkpt>
   <trkpt lat="-29.8160800" lon="24.4101050">
    <ele>1114.5</ele>
   </trkpt>
   <trkpt lat="-29.8161430" lon="24.4101030">
    <ele>1114.6</ele>
   </trkpt>
   <trkpt lat="-29.8161980" lon="24.4101070">
    <ele>1114.8</ele>
   </trkpt>
   <trkpt lat="-29.8162430" lon="24.4101270">
    <ele>1114.9</ele>
   </trkpt>
   <trkpt lat="-29.8162780" lon="24.4101670">
    <ele>1115.0</ele>
   </trkpt>
   <trkpt lat="-29.8162950" lon="24.4102220">
    <ele>1115.1</ele>
   </trkpt>
   <trkpt lat="-29.8163000" lon="24.4102900">
    <ele>1115.2</ele>
   </trkpt>
   <trkpt lat="-29.8163030" lon="24.4103670">
    <ele>1115.2</ele>
   </trkpt>
   <trkpt lat="-29.8163030" lon="24.4104530">
    <ele>1115.3</ele>
   </trkpt>
   <trkpt lat="-29.8163070" lon="24.4105470">
    <ele>1115.4</ele>
   </trkpt>
   <trkpt lat="-29.8163150" lon="24.4106450">
    <ele>1115.5</ele>
   </trkpt>
   <trkpt lat="-29.8163230" lon="24.4107480">
    <ele>1115.5</ele>
   </trkpt>
   <trkpt lat="-29.8163320" lon="24.4108580">
    <ele>1115.6</ele>
   </trkpt>
   <trkpt lat="-29.8163370" lon="24.4109720">
    <ele>1115.6</ele>
   </trkpt>
   <trkpt lat="-29.8163430" lon="24.4110880">
    <ele>1115.7</ele>
   </trkpt>
   <trkpt lat="-29.8163530" lon="24.4112080">
    <ele>1115.8</ele>
   </trkpt>
   <trkpt lat="-29.8163550" lon="24.4113250">
    <ele>1116.0</ele>
   </trkpt>
   <trkpt lat="-29.8163570" lon="24.4114380">
    <ele>1116.2</ele>
   </trkpt>
   <trkpt lat="-29.8163600" lon="24.4115550">
    <ele>1116.4</ele>
   </trkpt>
   <trkpt lat="-29.8163620" lon="24.4116720">
    <ele>1116.6</ele>
   </trkpt>
   <trkpt lat="-29.8163600" lon="24.4117870">
    <ele>1116.7</ele>
   </trkpt>
   <trkpt lat="-29.8163580" lon="24.4118970">
    <ele>1116.8</ele>
   </trkpt>
   <trkpt lat="-29.8163520" lon="24.4120070">
    <ele>1116.8</ele>
   </trkpt>
   <trkpt lat="-29.8163400" lon="24.4121100">
    <ele>1116.9</ele>
   </trkpt>
   <trkpt lat="-29.8163280" lon="24.4122080">
    <ele>1117.0</ele>
   </trkpt>
   <trkpt lat="-29.8163120" lon="24.4123080">
    <ele>1117.0</ele>
   </trkpt>
   <trkpt lat="-29.8162920" lon="24.4124130">
    <ele>1117.0</ele>
   </trkpt>
   <trkpt lat="-29.8162720" lon="24.4125130">
    <ele>1117.0</ele>
   </trkpt>
   <trkpt lat="-29.8162470" lon="24.4126100">
    <ele>1117.1</ele>
   </trkpt>
   <trkpt lat="-29.8162250" lon="24.4126980">
    <ele>1117.1</ele>
   </trkpt>
   <trkpt lat="-29.8162080" lon="24.4127770">
    <ele>1117.1</ele>
   </trkpt>
   <trkpt lat="-29.8161900" lon="24.4128570">
    <ele>1117.2</ele>
   </trkpt>
   <trkpt lat="-29.8161580" lon="24.4129430">
    <ele>1117.2</ele>
   </trkpt>
   <trkpt lat="-29.8161230" lon="24.4130370">
    <ele>1117.2</ele>
   </trkpt>
   <trkpt lat="-29.8160880" lon="24.4131370">
    <ele>1117.2</ele>
   </trkpt>
   <trkpt lat="-29.8160480" lon="24.4132380">
    <ele>1117.1</ele>
   </trkpt>
   <trkpt lat="-29.8160030" lon="24.4133380">
    <ele>1117.1</ele>
   </trkpt>
   <trkpt lat="-29.8159580" lon="24.4134380">
    <ele>1117.1</ele>
   </trkpt>
   <trkpt lat="-29.8159130" lon="24.4135370">
    <ele>1117.1</ele>
   </trkpt>
   <trkpt lat="-29.8158680" lon="24.4136320">
    <ele>1117.0</ele>
   </trkpt>
   <trkpt lat="-29.8158230" lon="24.4137180">
    <ele>1117.0</ele>
   </trkpt>
   <trkpt lat="-29.8157830" lon="24.4138030">
    <ele>1116.9</ele>
   </trkpt>
   <trkpt lat="-29.8157380" lon="24.4138850">
    <ele>1116.9</ele>
   </trkpt>
   <trkpt lat="-29.8156930" lon="24.4139620">
    <ele>1116.8</ele>
   </trkpt>
   <trkpt lat="-29.8156420" lon="24.4140300">
    <ele>1116.7</ele>
   </trkpt>
   <trkpt lat="-29.8155950" lon="24.4141050">
    <ele>1116.7</ele>
   </trkpt>
   <trkpt lat="-29.8155470" lon="24.4141830">
    <ele>1116.6</ele>
   </trkpt>
   <trkpt lat="-29.8154880" lon="24.4142580">
    <ele>1116.5</ele>
   </trkpt>
   <trkpt lat="-29.8154270" lon="24.4143350">
    <ele>1116.5</ele>
   </trkpt>
   <trkpt lat="-29.8153620" lon="24.4144130">
    <ele>1116.5</ele>
   </trkpt>
   <trkpt lat="-29.8152980" lon="24.4144950">
    <ele>1116.4</ele>
   </trkpt>
   <trkpt lat="-29.8152330" lon="24.4145780">
    <ele>1116.4</ele>
   </trkpt>
   <trkpt lat="-29.8151700" lon="24.4146580">
    <ele>1116.4</ele>
   </trkpt>
   <trkpt lat="-29.8151070" lon="24.4147370">
    <ele>1116.3</ele>
   </trkpt>
   <trkpt lat="-29.8150450" lon="24.4148130">
    <ele>1116.3</ele>
   </trkpt>
   <trkpt lat="-29.8149870" lon="24.4148870">
    <ele>1116.2</ele>
   </trkpt>
   <trkpt lat="-29.8149320" lon="24.4149630">
    <ele>1116.2</ele>
   </trkpt>
   <trkpt lat="-29.8148770" lon="24.4150330">
    <ele>1116.2</ele>
   </trkpt>
   <trkpt lat="-29.8148220" lon="24.4150950">
    <ele>1116.2</ele>
   </trkpt>
   <trkpt lat="-29.8147750" lon="24.4151480">
    <ele>1116.2</ele>
   </trkpt>
   <trkpt lat="-29.8147420" lon="24.4151870">
    <ele>1116.2</ele>
   </trkpt>
   <trkpt lat="-29.8147250" lon="24.4152120">
    <ele>1116.2</ele>
   </trkpt>
   <trkpt lat="-29.8147130" lon="24.4152500">
    <ele>1116.2</ele>
   </trkpt>
   <trkpt lat="-29.8147080" lon="24.4152630">
    <ele>1116.2</ele>
   </trkpt>
   <trkpt lat="-29.8147100" lon="24.4153070">
    <ele>1116.1</ele>
   </trkpt>
   <trkpt lat="-29.8147170" lon="24.4153530">
    <ele>1116.2</ele>
   </trkpt>
   <trkpt lat="-29.8147430" lon="24.4153970">
    <ele>1116.3</ele>
   </trkpt>
   <trkpt lat="-29.8147820" lon="24.4154450">
    <ele>1116.5</ele>
   </trkpt>
   <trkpt lat="-29.8148300" lon="24.4154980">
    <ele>1116.7</ele>
   </trkpt>
   <trkpt lat="-29.8148830" lon="24.4155570">
    <ele>1117.0</ele>
   </trkpt>
   <trkpt lat="-29.8149400" lon="24.4156220">
    <ele>1117.3</ele>
   </trkpt>
   <trkpt lat="-29.8149980" lon="24.4156850">
    <ele>1117.6</ele>
   </trkpt>
   <trkpt lat="-29.8150620" lon="24.4157550">
    <ele>1118.0</ele>
   </trkpt>
   <trkpt lat="-29.8151280" lon="24.4158250">
    <ele>1118.4</ele>
   </trkpt>
   <trkpt lat="-29.8151980" lon="24.4159020">
    <ele>1118.8</ele>
   </trkpt>
   <trkpt lat="-29.8152700" lon="24.4159820">
    <ele>1119.1</ele>
   </trkpt>
   <trkpt lat="-29.8153420" lon="24.4160600">
    <ele>1119.8</ele>
   </trkpt>
   <trkpt lat="-29.8154130" lon="24.4161350">
    <ele>1120.6</ele>
   </trkpt>
   <trkpt lat="-29.8154830" lon="24.4162120">
    <ele>1121.3</ele>
   </trkpt>
   <trkpt lat="-29.8155550" lon="24.4162870">
    <ele>1122.0</ele>
   </trkpt>
   <trkpt lat="-29.8156250" lon="24.4163600">
    <ele>1122.7</ele>
   </trkpt>
   <trkpt lat="-29.8156930" lon="24.4164330">
    <ele>1123.3</ele>
   </trkpt>
   <trkpt lat="-29.8157580" lon="24.4165000">
    <ele>1123.7</ele>
   </trkpt>
   <trkpt lat="-29.8158220" lon="24.4165630">
    <ele>1124.0</ele>
   </trkpt>
   <trkpt lat="-29.8158880" lon="24.4166150">
    <ele>1124.3</ele>
   </trkpt>
   <trkpt lat="-29.8159620" lon="24.4166570">
    <ele>1124.5</ele>
   </trkpt>
   <trkpt lat="-29.8160380" lon="24.4166730">
    <ele>1124.5</ele>
   </trkpt>
   <trkpt lat="-29.8161200" lon="24.4166730">
    <ele>1124.6</ele>
   </trkpt>
   <trkpt lat="-29.8161930" lon="24.4166470">
    <ele>1124.6</ele>
   </trkpt>
   <trkpt lat="-29.8162600" lon="24.4166020">
    <ele>1124.6</ele>
   </trkpt>
   <trkpt lat="-29.8163180" lon="24.4165380">
    <ele>1124.6</ele>
   </trkpt>
   <trkpt lat="-29.8163730" lon="24.4164680">
    <ele>1124.7</ele>
   </trkpt>
   <trkpt lat="-29.8164250" lon="24.4164000">
    <ele>1124.7</ele>
   </trkpt>
   <trkpt lat="-29.8164770" lon="24.4163320">
    <ele>1124.7</ele>
   </trkpt>
   <trkpt lat="-29.8165320" lon="24.4162600">
    <ele>1124.7</ele>
   </trkpt>
   <trkpt lat="-29.8165900" lon="24.4161870">
    <ele>1124.7</ele>
   </trkpt>
   <trkpt lat="-29.8166570" lon="24.4161120">
    <ele>1124.7</ele>
   </trkpt>
   <trkpt lat="-29.8167250" lon="24.4160330">
    <ele>1124.9</ele>
   </trkpt>
   <trkpt lat="-29.8167930" lon="24.4159480">
    <ele>1125.1</ele>
   </trkpt>
   <trkpt lat="-29.8168620" lon="24.4158630">
    <ele>1125.2</ele>
   </trkpt>
   <trkpt lat="-29.8169330" lon="24.4157750">
    <ele>1125.4</ele>
   </trkpt>
   <trkpt lat="-29.8170080" lon="24.4156850">
    <ele>1125.6</ele>
   </trkpt>
   <trkpt lat="-29.8170850" lon="24.4155970">
    <ele>1125.9</ele>
   </trkpt>
   <trkpt lat="-29.8171580" lon="24.4155070">
    <ele>1126.2</ele>
   </trkpt>
   <trkpt lat="-29.8172270" lon="24.4154200">
    <ele>1126.5</ele>
   </trkpt>
   <trkpt lat="-29.8172930" lon="24.4153400">
    <ele>1126.7</ele>
   </trkpt>
   <trkpt lat="-29.8173550" lon="24.4152620">
    <ele>1126.9</ele>
   </trkpt>
   <trkpt lat="-29.8174150" lon="24.4151850">
    <ele>1127.1</ele>
   </trkpt>
   <trkpt lat="-29.8174700" lon="24.4151170">
    <ele>1127.2</ele>
   </trkpt>
   <trkpt lat="-29.8175170" lon="24.4150580">
    <ele>1127.4</ele>
   </trkpt>
   <trkpt lat="-29.8175600" lon="24.4150070">
    <ele>1127.5</ele>
   </trkpt>
   <trkpt lat="-29.8176020" lon="24.4149550">
    <ele>1127.6</ele>
   </trkpt>
   <trkpt lat="-29.8176430" lon="24.4149000">
    <ele>1127.8</ele>
   </trkpt>
   <trkpt lat="-29.8176870" lon="24.4148430">
    <ele>1128.0</ele>
   </trkpt>
   <trkpt lat="-29.8177350" lon="24.4147850">
    <ele>1128.1</ele>
   </trkpt>
   <trkpt lat="-29.8177850" lon="24.4147230">
    <ele>1128.3</ele>
   </trkpt>
   <trkpt lat="-29.8178400" lon="24.4146530">
    <ele>1128.4</ele>
   </trkpt>
   <trkpt lat="-29.8179000" lon="24.4145800">
    <ele>1128.6</ele>
   </trkpt>
   <trkpt lat="-29.8179630" lon="24.4145020">
    <ele>1128.8</ele>
   </trkpt>
   <trkpt lat="-29.8180300" lon="24.4144270">
    <ele>1128.9</ele>
   </trkpt>
   <trkpt lat="-29.8180930" lon="24.4143520">
    <ele>1129.0</ele>
   </trkpt>
   <trkpt lat="-29.8181570" lon="24.4142770">
    <ele>1129.1</ele>
   </trkpt>
   <trkpt lat="-29.8182180" lon="24.4141980">
    <ele>1129.2</ele>
   </trkpt>
   <trkpt lat="-29.8182780" lon="24.4141250">
    <ele>1129.4</ele>
   </trkpt>
   <trkpt lat="-29.8183350" lon="24.4140580">
    <ele>1129.5</ele>
   </trkpt>
   <trkpt lat="-29.8183880" lon="24.4139980">
    <ele>1129.6</ele>
   </trkpt>
   <trkpt lat="-29.8184430" lon="24.4139480">
    <ele>1129.7</ele>
   </trkpt>
   <trkpt lat="-29.8184950" lon="24.4139000">
    <ele>1129.8</ele>
   </trkpt>
   <trkpt lat="-29.8185350" lon="24.4138430">
    <ele>1130.0</ele>
   </trkpt>
   <trkpt lat="-29.8185620" lon="24.4137820">
    <ele>1130.1</ele>
   </trkpt>
   <trkpt lat="-29.8185930" lon="24.4137200">
    <ele>1130.1</ele>
   </trkpt>
   <trkpt lat="-29.8186330" lon="24.4136670">
    <ele>1130.1</ele>
   </trkpt>
   <trkpt lat="-29.8186730" lon="24.4136200">
    <ele>1130.1</ele>
   </trkpt>
   <trkpt lat="-29.8187120" lon="24.4135750">
    <ele>1130.1</ele>
   </trkpt>
   <trkpt lat="-29.8187450" lon="24.4135400">
    <ele>1130.1</ele>
   </trkpt>
   <trkpt lat="-29.8187730" lon="24.4135050">
    <ele>1130.2</ele>
   </trkpt>
   <trkpt lat="-29.8188020" lon="24.4134690">
    <ele>1130.2</ele>
   </trkpt>
   <trkpt lat="-29.8188300" lon="24.4134320">
    <ele>1130.2</ele>
   </trkpt>
   <trkpt lat="-29.8188600" lon="24.4133930">
    <ele>1130.3</ele>
   </trkpt>
   <trkpt lat="-29.8188980" lon="24.4133500">
    <ele>1130.3</ele>
   </trkpt>
   <trkpt lat="-29.8189380" lon="24.4133020">
    <ele>1130.4</ele>
   </trkpt>
   <trkpt lat="-29.8189830" lon="24.4132480">
    <ele>1130.4</ele>
   </trkpt>
   <trkpt lat="-29.8190280" lon="24.4131900">
    <ele>1130.5</ele>
   </trkpt>
   <trkpt lat="-29.8190770" lon="24.4131300">
    <ele>1130.6</ele>
   </trkpt>
   <trkpt lat="-29.8191270" lon="24.4130680">
    <ele>1130.6</ele>
   </trkpt>
   <trkpt lat="-29.8191780" lon="24.4130020">
    <ele>1130.7</ele>
   </trkpt>
   <trkpt lat="-29.8192330" lon="24.4129300">
    <ele>1130.8</ele>
   </trkpt>
   <trkpt lat="-29.8192900" lon="24.4128530">
    <ele>1130.9</ele>
   </trkpt>
   <trkpt lat="-29.8193530" lon="24.4127780">
    <ele>1130.9</ele>
   </trkpt>
   <trkpt lat="-29.8194170" lon="24.4127070">
    <ele>1131.0</ele>
   </trkpt>
   <trkpt lat="-29.8194720" lon="24.4126400">
    <ele>1131.1</ele>
   </trkpt>
   <trkpt lat="-29.8195200" lon="24.4125850">
    <ele>1131.1</ele>
   </trkpt>
   <trkpt lat="-29.8195630" lon="24.4125320">
    <ele>1131.2</ele>
   </trkpt>
   <trkpt lat="-29.8196030" lon="24.4124830">
    <ele>1131.3</ele>
   </trkpt>
   <trkpt lat="-29.8196470" lon="24.4124330">
    <ele>1131.3</ele>
   </trkpt>
   <trkpt lat="-29.8196930" lon="24.4123780">
    <ele>1131.4</ele>
   </trkpt>
   <trkpt lat="-29.8197400" lon="24.4123200">
    <ele>1131.6</ele>
   </trkpt>
   <trkpt lat="-29.8197900" lon="24.4122600">
    <ele>1131.7</ele>
   </trkpt>
   <trkpt lat="-29.8198430" lon="24.4121970">
    <ele>1131.9</ele>
   </trkpt>
   <trkpt lat="-29.8198980" lon="24.4121280">
    <ele>1132.1</ele>
   </trkpt>
   <trkpt lat="-29.8199530" lon="24.4120530">
    <ele>1132.2</ele>
   </trkpt>
   <trkpt lat="-29.8200130" lon="24.4119770">
    <ele>1132.3</ele>
   </trkpt>
   <trkpt lat="-29.8200730" lon="24.4118980">
    <ele>1132.5</ele>
   </trkpt>
   <trkpt lat="-29.8201350" lon="24.4118220">
    <ele>1132.6</ele>
   </trkpt>
   <trkpt lat="-29.8201970" lon="24.4117480">
    <ele>1132.7</ele>
   </trkpt>
   <trkpt lat="-29.8202550" lon="24.4116800">
    <ele>1132.9</ele>
   </trkpt>
   <trkpt lat="-29.8203080" lon="24.4116180">
    <ele>1133.0</ele>
   </trkpt>
   <trkpt lat="-29.8203550" lon="24.4115570">
    <ele>1133.1</ele>
   </trkpt>
   <trkpt lat="-29.8203980" lon="24.4114980">
    <ele>1133.3</ele>
   </trkpt>
   <trkpt lat="-29.8204370" lon="24.4114520">
    <ele>1133.4</ele>
   </trkpt>
   <trkpt lat="-29.8204730" lon="24.4114200">
    <ele>1133.4</ele>
   </trkpt>
   <trkpt lat="-29.8205120" lon="24.4114070">
    <ele>1133.5</ele>
   </trkpt>
   <trkpt lat="-29.8205450" lon="24.4114050">
    <ele>1133.6</ele>
   </trkpt>
   <trkpt lat="-29.8205820" lon="24.4114100">
    <ele>1133.8</ele>
   </trkpt>
   <trkpt lat="-29.8206230" lon="24.4114220">
    <ele>1133.9</ele>
   </trkpt>
   <trkpt lat="-29.8206680" lon="24.4114330">
    <ele>1133.9</ele>
   </trkpt>
   <trkpt lat="-29.8207220" lon="24.4114480">
    <ele>1134.0</ele>
   </trkpt>
   <trkpt lat="-29.8207850" lon="24.4114650">
    <ele>1134.0</ele>
   </trkpt>
   <trkpt lat="-29.8208550" lon="24.4114870">
    <ele>1134.1</ele>
   </trkpt>
   <trkpt lat="-29.8209330" lon="24.4115050">
    <ele>1134.2</ele>
   </trkpt>
   <trkpt lat="-29.8210150" lon="24.4115270">
    <ele>1134.2</ele>
   </trkpt>
   <trkpt lat="-29.8210980" lon="24.4115520">
    <ele>1134.3</ele>
   </trkpt>
   <trkpt lat="-29.8211850" lon="24.4115720">
    <ele>1134.3</ele>
   </trkpt>
   <trkpt lat="-29.8212700" lon="24.4115900">
    <ele>1134.3</ele>
   </trkpt>
   <trkpt lat="-29.8213580" lon="24.4116120">
    <ele>1134.4</ele>
   </trkpt>
   <trkpt lat="-29.8214450" lon="24.4116300">
    <ele>1134.4</ele>
   </trkpt>
   <trkpt lat="-29.8215320" lon="24.4116520">
    <ele>1134.5</ele>
   </trkpt>
   <trkpt lat="-29.8216170" lon="24.4116730">
    <ele>1134.6</ele>
   </trkpt>
   <trkpt lat="-29.8216970" lon="24.4116950">
    <ele>1134.6</ele>
   </trkpt>
   <trkpt lat="-29.8217770" lon="24.4117080">
    <ele>1134.6</ele>
   </trkpt>
   <trkpt lat="-29.8218520" lon="24.4117280">
    <ele>1134.6</ele>
   </trkpt>
   <trkpt lat="-29.8219280" lon="24.4117520">
    <ele>1134.5</ele>
   </trkpt>
   <trkpt lat="-29.8220030" lon="24.4117770">
    <ele>1134.4</ele>
   </trkpt>
   <trkpt lat="-29.8220750" lon="24.4117980">
    <ele>1134.3</ele>
   </trkpt>
   <trkpt lat="-29.8221430" lon="24.4118130">
    <ele>1134.2</ele>
   </trkpt>
   <trkpt lat="-29.8222070" lon="24.4118320">
    <ele>1134.1</ele>
   </trkpt>
   <trkpt lat="-29.8222670" lon="24.4118470">
    <ele>1134.1</ele>
   </trkpt>
   <trkpt lat="-29.8223220" lon="24.4118650">
    <ele>1134.0</ele>
   </trkpt>
   <trkpt lat="-29.8223750" lon="24.4119020">
    <ele>1133.9</ele>
   </trkpt>
   <trkpt lat="-29.8224200" lon="24.4119500">
    <ele>1133.7</ele>
   </trkpt>
   <trkpt lat="-29.8224650" lon="24.4119970">
    <ele>1133.4</ele>
   </trkpt>
   <trkpt lat="-29.8225120" lon="24.4120420">
    <ele>1133.0</ele>
   </trkpt>
   <trkpt lat="-29.8225620" lon="24.4120870">
    <ele>1132.5</ele>
   </trkpt>
   <trkpt lat="-29.8226200" lon="24.4121380">
    <ele>1132.1</ele>
   </trkpt>
   <trkpt lat="-29.8226820" lon="24.4121880">
    <ele>1131.9</ele>
   </trkpt>
   <trkpt lat="-29.8227450" lon="24.4122370">
    <ele>1131.6</ele>
   </trkpt>
   <trkpt lat="-29.8228050" lon="24.4122830">
    <ele>1131.1</ele>
   </trkpt>
   <trkpt lat="-29.8228650" lon="24.4123280">
    <ele>1130.6</ele>
   </trkpt>
   <trkpt lat="-29.8229250" lon="24.4123730">
    <ele>1130.1</ele>
   </trkpt>
   <trkpt lat="-29.8229900" lon="24.4124250">
    <ele>1129.9</ele>
   </trkpt>
   <trkpt lat="-29.8230550" lon="24.4124830">
    <ele>1129.3</ele>
   </trkpt>
   <trkpt lat="-29.8231230" lon="24.4125400">
    <ele>1128.5</ele>
   </trkpt>
   <trkpt lat="-29.8231930" lon="24.4125930">
    <ele>1128.5</ele>
   </trkpt>
   <trkpt lat="-29.8232600" lon="24.4126420">
    <ele>1128.4</ele>
   </trkpt>
   <trkpt lat="-29.8233220" lon="24.4126880">
    <ele>1128.2</ele>
   </trkpt>
   <trkpt lat="-29.8233730" lon="24.4127270">
    <ele>1128.1</ele>
   </trkpt>
   <trkpt lat="-29.8234170" lon="24.4127620">
    <ele>1128.0</ele>
   </trkpt>
   <trkpt lat="-29.8234480" lon="24.4128000">
    <ele>1127.6</ele>
   </trkpt>
   <trkpt lat="-29.8234720" lon="24.4128520">
    <ele>1127.4</ele>
   </trkpt>
   <trkpt lat="-29.8234870" lon="24.4129100">
    <ele>1127.2</ele>
   </trkpt>
   <trkpt lat="-29.8234930" lon="24.4129770">
    <ele>1127.1</ele>
   </trkpt>
   <trkpt lat="-29.8234880" lon="24.4130530">
    <ele>1127.0</ele>
   </trkpt>
   <trkpt lat="-29.8234750" lon="24.4131380">
    <ele>1126.8</ele>
   </trkpt>
   <trkpt lat="-29.8234600" lon="24.4132250">
    <ele>1126.7</ele>
   </trkpt>
   <trkpt lat="-29.8234450" lon="24.4133100">
    <ele>1126.5</ele>
   </trkpt>
   <trkpt lat="-29.8234320" lon="24.4133970">
    <ele>1126.4</ele>
   </trkpt>
   <trkpt lat="-29.8234230" lon="24.4134800">
    <ele>1126.3</ele>
   </trkpt>
   <trkpt lat="-29.8234180" lon="24.4135600">
    <ele>1126.3</ele>
   </trkpt>
   <trkpt lat="-29.8234070" lon="24.4136380">
    <ele>1126.2</ele>
   </trkpt>
   <trkpt lat="-29.8234000" lon="24.4137130">
    <ele>1126.1</ele>
   </trkpt>
   <trkpt lat="-29.8233930" lon="24.4137900">
    <ele>1126.0</ele>
   </trkpt>
   <trkpt lat="-29.8233880" lon="24.4138650">
    <ele>1126.0</ele>
   </trkpt>
   <trkpt lat="-29.8233830" lon="24.4139380">
    <ele>1125.9</ele>
   </trkpt>
   <trkpt lat="-29.8233750" lon="24.4140130">
    <ele>1125.8</ele>
   </trkpt>
   <trkpt lat="-29.8233750" lon="24.4140920">
    <ele>1125.8</ele>
   </trkpt>
   <trkpt lat="-29.8233720" lon="24.4141680">
    <ele>1125.8</ele>
   </trkpt>
   <trkpt lat="-29.8233630" lon="24.4142450">
    <ele>1125.7</ele>
   </trkpt>
   <trkpt lat="-29.8233530" lon="24.4143270">
    <ele>1125.7</ele>
   </trkpt>
   <trkpt lat="-29.8233470" lon="24.4144070">
    <ele>1125.7</ele>
   </trkpt>
   <trkpt lat="-29.8233380" lon="24.4144820">
    <ele>1125.7</ele>
   </trkpt>
   <trkpt lat="-29.8233400" lon="24.4145550">
    <ele>1125.7</ele>
   </trkpt>
   <trkpt lat="-29.8233380" lon="24.4146220">
    <ele>1125.7</ele>
   </trkpt>
   <trkpt lat="-29.8233380" lon="24.4146820">
    <ele>1125.7</ele>
   </trkpt>
   <trkpt lat="-29.8233350" lon="24.4147370">
    <ele>1125.6</ele>
   </trkpt>
   <trkpt lat="-29.8233330" lon="24.4147870">
    <ele>1125.6</ele>
   </trkpt>
   <trkpt lat="-29.8233280" lon="24.4148250">
    <ele>1125.6</ele>
   </trkpt>
   <trkpt lat="-29.8233260" lon="24.4148680">
    <ele>1125.6</ele>
   </trkpt>
   <trkpt lat="-29.8233280" lon="24.4148820">
    <ele>1125.5</ele>
   </trkpt>
   <trkpt lat="-29.8233420" lon="24.4149230">
    <ele>1125.5</ele>
   </trkpt>
   <trkpt lat="-29.8233500" lon="24.4149380">
    <ele>1125.5</ele>
   </trkpt>
   <trkpt lat="-29.8233830" lon="24.4149680">
    <ele>1125.4</ele>
   </trkpt>
   <trkpt lat="-29.8234220" lon="24.4149920">
    <ele>1125.3</ele>
   </trkpt>
   <trkpt lat="-29.8234630" lon="24.4150100">
    <ele>1125.3</ele>
   </trkpt>
   <trkpt lat="-29.8235120" lon="24.4150170">
    <ele>1125.2</ele>
   </trkpt>
   <trkpt lat="-29.8235630" lon="24.4150170">
    <ele>1125.2</ele>
   </trkpt>
   <trkpt lat="-29.8236120" lon="24.4150150">
    <ele>1125.1</ele>
   </trkpt>
   <trkpt lat="-29.8236600" lon="24.4150130">
    <ele>1125.1</ele>
   </trkpt>
   <trkpt lat="-29.8237020" lon="24.4150050">
    <ele>1125.0</ele>
   </trkpt>
   <trkpt lat="-29.8237420" lon="24.4149920">
    <ele>1125.0</ele>
   </trkpt>
   <trkpt lat="-29.8237800" lon="24.4149880">
    <ele>1125.0</ele>
   </trkpt>
   <trkpt lat="-29.8238220" lon="24.4149880">
    <ele>1125.0</ele>
   </trkpt>
   <trkpt lat="-29.8238670" lon="24.4149920">
    <ele>1125.0</ele>
   </trkpt>
   <trkpt lat="-29.8239150" lon="24.4150000">
    <ele>1125.1</ele>
   </trkpt>
   <trkpt lat="-29.8239720" lon="24.4150100">
    <ele>1125.1</ele>
   </trkpt>
   <trkpt lat="-29.8240320" lon="24.4150220">
    <ele>1125.1</ele>
   </trkpt>
   <trkpt lat="-29.8240930" lon="24.4150370">
    <ele>1125.2</ele>
   </trkpt>
   <trkpt lat="-29.8241570" lon="24.4150480">
    <ele>1125.2</ele>
   </trkpt>
   <trkpt lat="-29.8242200" lon="24.4150570">
    <ele>1125.3</ele>
   </trkpt>
   <trkpt lat="-29.8242920" lon="24.4150670">
    <ele>1125.4</ele>
   </trkpt>
   <trkpt lat="-29.8243630" lon="24.4150700">
    <ele>1125.5</ele>
   </trkpt>
   <trkpt lat="-29.8244400" lon="24.4150650">
    <ele>1125.5</ele>
   </trkpt>
   <trkpt lat="-29.8245200" lon="24.4150580">
    <ele>1125.6</ele>
   </trkpt>
   <trkpt lat="-29.8245970" lon="24.4150550">
    <ele>1125.7</ele>
   </trkpt>
   <trkpt lat="-29.8246750" lon="24.4150620">
    <ele>1125.8</ele>
   </trkpt>
   <trkpt lat="-29.8247530" lon="24.4150750">
    <ele>1125.9</ele>
   </trkpt>
   <trkpt lat="-29.8248300" lon="24.4150870">
    <ele>1126.0</ele>
   </trkpt>
   <trkpt lat="-29.8249030" lon="24.4150970">
    <ele>1126.0</ele>
   </trkpt>
   <trkpt lat="-29.8249770" lon="24.4151020">
    <ele>1126.0</ele>
   </trkpt>
   <trkpt lat="-29.8250530" lon="24.4151070">
    <ele>1125.9</ele>
   </trkpt>
   <trkpt lat="-29.8251320" lon="24.4151130">
    <ele>1125.7</ele>
   </trkpt>
   <trkpt lat="-29.8252130" lon="24.4151170">
    <ele>1125.6</ele>
   </trkpt>
   <trkpt lat="-29.8252950" lon="24.4151230">
    <ele>1125.5</ele>
   </trkpt>
   <trkpt lat="-29.8253750" lon="24.4151320">
    <ele>1125.4</ele>
   </trkpt>
   <trkpt lat="-29.8254580" lon="24.4151420">
    <ele>1125.3</ele>
   </trkpt>
   <trkpt lat="-29.8255420" lon="24.4151530">
    <ele>1125.3</ele>
   </trkpt>
   <trkpt lat="-29.8256320" lon="24.4151620">
    <ele>1125.3</ele>
   </trkpt>
   <trkpt lat="-29.8257180" lon="24.4151680">
    <ele>1125.3</ele>
   </trkpt>
   <trkpt lat="-29.8258020" lon="24.4151770">
    <ele>1125.5</ele>
   </trkpt>
   <trkpt lat="-29.8258850" lon="24.4151850">
    <ele>1125.5</ele>
   </trkpt>
   <trkpt lat="-29.8259650" lon="24.4151920">
    <ele>1125.4</ele>
   </trkpt>
   <trkpt lat="-29.8260430" lon="24.4151950">
    <ele>1125.2</ele>
   </trkpt>
   <trkpt lat="-29.8261150" lon="24.4152050">
    <ele>1125.1</ele>
   </trkpt>
   <trkpt lat="-29.8261780" lon="24.4152280">
    <ele>1125.0</ele>
   </trkpt>
   <trkpt lat="-29.8262320" lon="24.4152630">
    <ele>1124.8</ele>
   </trkpt>
   <trkpt lat="-29.8262730" lon="24.4153100">
    <ele>1124.4</ele>
   </trkpt>
   <trkpt lat="-29.8263030" lon="24.4153700">
    <ele>1123.9</ele>
   </trkpt>
   <trkpt lat="-29.8263180" lon="24.4154380">
    <ele>1123.4</ele>
   </trkpt>
   <trkpt lat="-29.8263200" lon="24.4155170">
    <ele>1122.7</ele>
   </trkpt>
   <trkpt lat="-29.8263150" lon="24.4155950">
    <ele>1122.0</ele>
   </trkpt>
   <trkpt lat="-29.8263030" lon="24.4156780">
    <ele>1121.2</ele>
   </trkpt>
   <trkpt lat="-29.8262930" lon="24.4157620">
    <ele>1120.4</ele>
   </trkpt>
   <trkpt lat="-29.8262780" lon="24.4158480">
    <ele>1119.5</ele>
   </trkpt>
   <trkpt lat="-29.8262630" lon="24.4159330">
    <ele>1118.7</ele>
   </trkpt>
   <trkpt lat="-29.8262500" lon="24.4160150">
    <ele>1117.9</ele>
   </trkpt>
   <trkpt lat="-29.8262400" lon="24.4160930">
    <ele>1117.1</ele>
   </trkpt>
   <trkpt lat="-29.8262270" lon="24.4161600">
    <ele>1117.0</ele>
   </trkpt>
   <trkpt lat="-29.8262170" lon="24.4162200">
    <ele>1116.9</ele>
   </trkpt>
   <trkpt lat="-29.8262130" lon="24.4162770">
    <ele>1116.9</ele>
   </trkpt>
   <trkpt lat="-29.8262100" lon="24.4163350">
    <ele>1116.8</ele>
   </trkpt>
   <trkpt lat="-29.8262080" lon="24.4164000">
    <ele>1116.6</ele>
   </trkpt>
   <trkpt lat="-29.8262080" lon="24.4164720">
    <ele>1116.4</ele>
   </trkpt>
   <trkpt lat="-29.8262120" lon="24.4165430">
    <ele>1116.2</ele>
   </trkpt>
   <trkpt lat="-29.8262150" lon="24.4166220">
    <ele>1116.2</ele>
   </trkpt>
   <trkpt lat="-29.8262230" lon="24.4167030">
    <ele>1116.1</ele>
   </trkpt>
   <trkpt lat="-29.8262270" lon="24.4167870">
    <ele>1116.0</ele>
   </trkpt>
   <trkpt lat="-29.8262280" lon="24.4168620">
    <ele>1116.0</ele>
   </trkpt>
   <trkpt lat="-29.8262270" lon="24.4169300">
    <ele>1115.8</ele>
   </trkpt>
   <trkpt lat="-29.8262230" lon="24.4170080">
    <ele>1115.6</ele>
   </trkpt>
   <trkpt lat="-29.8262150" lon="24.4170980">
    <ele>1115.4</ele>
   </trkpt>
   <trkpt lat="-29.8262030" lon="24.4171950">
    <ele>1115.2</ele>
   </trkpt>
   <trkpt lat="-29.8261900" lon="24.4173020">
    <ele>1114.9</ele>
   </trkpt>
   <trkpt lat="-29.8261750" lon="24.4174150">
    <ele>1114.7</ele>
   </trkpt>
   <trkpt lat="-29.8261620" lon="24.4175320">
    <ele>1114.3</ele>
   </trkpt>
   <trkpt lat="-29.8261520" lon="24.4176450">
    <ele>1114.2</ele>
   </trkpt>
   <trkpt lat="-29.8261450" lon="24.4177580">
    <ele>1114.1</ele>
   </trkpt>
   <trkpt lat="-29.8261370" lon="24.4178720">
    <ele>1114.0</ele>
   </trkpt>
   <trkpt lat="-29.8261230" lon="24.4179870">
    <ele>1114.0</ele>
   </trkpt>
   <trkpt lat="-29.8261100" lon="24.4181000">
    <ele>1113.9</ele>
   </trkpt>
   <trkpt lat="-29.8261000" lon="24.4182130">
    <ele>1113.7</ele>
   </trkpt>
   <trkpt lat="-29.8260880" lon="24.4183220">
    <ele>1113.5</ele>
   </trkpt>
   <trkpt lat="-29.8260830" lon="24.4184180">
    <ele>1113.4</ele>
   </trkpt>
   <trkpt lat="-29.8260820" lon="24.4185030">
    <ele>1113.4</ele>
   </trkpt>
   <trkpt lat="-29.8260730" lon="24.4185730">
    <ele>1113.3</ele>
   </trkpt>
   <trkpt lat="-29.8260580" lon="24.4186250">
    <ele>1113.2</ele>
   </trkpt>
   <trkpt lat="-29.8260350" lon="24.4186620">
    <ele>1113.2</ele>
   </trkpt>
   <trkpt lat="-29.8260020" lon="24.4186850">
    <ele>1113.1</ele>
   </trkpt>
   <trkpt lat="-29.8259520" lon="24.4186870">
    <ele>1113.1</ele>
   </trkpt>
   <trkpt lat="-29.8258900" lon="24.4186750">
    <ele>1113.1</ele>
   </trkpt>
   <trkpt lat="-29.8258250" lon="24.4186580">
    <ele>1113.1</ele>
   </trkpt>
   <trkpt lat="-29.8257520" lon="24.4186480">
    <ele>1113.0</ele>
   </trkpt>
   <trkpt lat="-29.8256700" lon="24.4186380">
    <ele>1112.9</ele>
   </trkpt>
   <trkpt lat="-29.8255870" lon="24.4186270">
    <ele>1112.6</ele>
   </trkpt>
   <trkpt lat="-29.8255020" lon="24.4186130">
    <ele>1112.6</ele>
   </trkpt>
   <trkpt lat="-29.8254180" lon="24.4186050">
    <ele>1113.1</ele>
   </trkpt>
   <trkpt lat="-29.8253350" lon="24.4186000">
    <ele>1113.1</ele>
   </trkpt>
   <trkpt lat="-29.8252500" lon="24.4185850">
    <ele>1113.1</ele>
   </trkpt>
   <trkpt lat="-29.8251750" lon="24.4185680">
    <ele>1113.1</ele>
   </trkpt>
   <trkpt lat="-29.8251130" lon="24.4185620">
    <ele>1113.0</ele>
   </trkpt>
   <trkpt lat="-29.8250650" lon="24.4185620">
    <ele>1113.0</ele>
   </trkpt>
   <trkpt lat="-29.8250220" lon="24.4185580">
    <ele>1113.0</ele>
   </trkpt>
   <trkpt lat="-29.8249750" lon="24.4185480">
    <ele>1113.0</ele>
   </trkpt>
   <trkpt lat="-29.8249270" lon="24.4185370">
    <ele>1113.0</ele>
   </trkpt>
   <trkpt lat="-29.8248730" lon="24.4185250">
    <ele>1113.0</ele>
   </trkpt>
   <trkpt lat="-29.8248180" lon="24.4185200">
    <ele>1113.0</ele>
   </trkpt>
   <trkpt lat="-29.8247730" lon="24.4185180">
    <ele>1113.0</ele>
   </trkpt>
   <trkpt lat="-29.8247320" lon="24.4185220">
    <ele>1113.1</ele>
   </trkpt>
   <trkpt lat="-29.8246980" lon="24.4185520">
    <ele>1113.1</ele>
   </trkpt>
   <trkpt lat="-29.8246730" lon="24.4186020">
    <ele>1113.0</ele>
   </trkpt>
   <trkpt lat="-29.8246550" lon="24.4186670">
    <ele>1112.9</ele>
   </trkpt>
   <trkpt lat="-29.8246470" lon="24.4187470">
    <ele>1112.7</ele>
   </trkpt>
   <trkpt lat="-29.8246420" lon="24.4188320">
    <ele>1112.5</ele>
   </trkpt>
   <trkpt lat="-29.8246400" lon="24.4189150">
    <ele>1112.4</ele>
   </trkpt>
   <trkpt lat="-29.8246330" lon="24.4190030">
    <ele>1112.2</ele>
   </trkpt>
   <trkpt lat="-29.8246270" lon="24.4190900">
    <ele>1112.1</ele>
   </trkpt>
   <trkpt lat="-29.8246200" lon="24.4191670">
    <ele>1112.0</ele>
   </trkpt>
   <trkpt lat="-29.8246080" lon="24.4192380">
    <ele>1111.9</ele>
   </trkpt>
   <trkpt lat="-29.8245980" lon="24.4193050">
    <ele>1111.8</ele>
   </trkpt>
   <trkpt lat="-29.8245900" lon="24.4193720">
    <ele>1111.7</ele>
   </trkpt>
   <trkpt lat="-29.8245830" lon="24.4194430">
    <ele>1111.6</ele>
   </trkpt>
   <trkpt lat="-29.8245780" lon="24.4195220">
    <ele>1111.5</ele>
   </trkpt>
   <trkpt lat="-29.8245700" lon="24.4196070">
    <ele>1111.5</ele>
   </trkpt>
   <trkpt lat="-29.8245600" lon="24.4196980">
    <ele>1111.4</ele>
   </trkpt>
   <trkpt lat="-29.8245520" lon="24.4197880">
    <ele>1111.3</ele>
   </trkpt>
   <trkpt lat="-29.8245420" lon="24.4198770">
    <ele>1111.2</ele>
   </trkpt>
   <trkpt lat="-29.8245320" lon="24.4199620">
    <ele>1111.0</ele>
   </trkpt>
   <trkpt lat="-29.8245380" lon="24.4200470">
    <ele>1111.0</ele>
   </trkpt>
   <trkpt lat="-29.8245330" lon="24.4201300">
    <ele>1111.0</ele>
   </trkpt>
   <trkpt lat="-29.8245280" lon="24.4202120">
    <ele>1111.0</ele>
   </trkpt>
   <trkpt lat="-29.8245230" lon="24.4202900">
    <ele>1110.9</ele>
   </trkpt>
   <trkpt lat="-29.8245220" lon="24.4203600">
    <ele>1110.9</ele>
   </trkpt>
   <trkpt lat="-29.8245120" lon="24.4204250">
    <ele>1110.9</ele>
   </trkpt>
   <trkpt lat="-29.8245030" lon="24.4204870">
    <ele>1110.9</ele>
   </trkpt>
   <trkpt lat="-29.8244950" lon="24.4205570">
    <ele>1110.9</ele>
   </trkpt>
   <trkpt lat="-29.8244900" lon="24.4206270">
    <ele>1110.9</ele>
   </trkpt>
   <trkpt lat="-29.8244730" lon="24.4206980">
    <ele>1110.9</ele>
   </trkpt>
   <trkpt lat="-29.8244650" lon="24.4207700">
    <ele>1110.9</ele>
   </trkpt>
   <trkpt lat="-29.8244600" lon="24.4208370">
    <ele>1110.9</ele>
   </trkpt>
   <trkpt lat="-29.8244580" lon="24.4208930">
    <ele>1110.9</ele>
   </trkpt>
   <trkpt lat="-29.8244530" lon="24.4209420">
    <ele>1110.9</ele>
   </trkpt>
   <trkpt lat="-29.8244570" lon="24.4209850">
    <ele>1110.9</ele>
   </trkpt>
   <trkpt lat="-29.8244600" lon="24.4210370">
    <ele>1110.7</ele>
   </trkpt>
   <trkpt lat="-29.8244530" lon="24.4210980">
    <ele>1110.6</ele>
   </trkpt>
   <trkpt lat="-29.8244470" lon="24.4211650">
    <ele>1110.4</ele>
   </trkpt>
   <trkpt lat="-29.8244400" lon="24.4212370">
    <ele>1110.2</ele>
   </trkpt>
   <trkpt lat="-29.8244350" lon="24.4213150">
    <ele>1110.0</ele>
   </trkpt>
   <trkpt lat="-29.8244270" lon="24.4214020">
    <ele>1109.9</ele>
   </trkpt>
   <trkpt lat="-29.8244180" lon="24.4214880">
    <ele>1109.8</ele>
   </trkpt>
   <trkpt lat="-29.8244150" lon="24.4215720">
    <ele>1109.6</ele>
   </trkpt>
   <trkpt lat="-29.8244100" lon="24.4216500">
    <ele>1109.5</ele>
   </trkpt>
   <trkpt lat="-29.8244080" lon="24.4217230">
    <ele>1109.5</ele>
   </trkpt>
   <trkpt lat="-29.8244050" lon="24.4217870">
    <ele>1109.4</ele>
   </trkpt>
   <trkpt lat="-29.8243970" lon="24.4218430">
    <ele>1109.4</ele>
   </trkpt>
   <trkpt lat="-29.8243900" lon="24.4218870">
    <ele>1109.4</ele>
   </trkpt>
   <trkpt lat="-29.8243820" lon="24.4219180">
    <ele>1109.3</ele>
   </trkpt>
   <trkpt lat="-29.8243700" lon="24.4219470">
    <ele>1109.3</ele>
   </trkpt>
   <trkpt lat="-29.8243670" lon="24.4219680">
    <ele>1109.4</ele>
   </trkpt>
   <trkpt lat="-29.8243620" lon="24.4219830">
    <ele>1109.4</ele>
   </trkpt>
   <trkpt lat="-29.8243600" lon="24.4219920">
    <ele>1109.4</ele>
   </trkpt>
   <trkpt lat="-29.8243580" lon="24.4219930">
    <ele>1109.4</ele>
   </trkpt>
   <trkpt lat="-29.8243580" lon="24.4219950">
    <ele>1109.4</ele>
   </trkpt>
   <trkpt lat="-29.8243580" lon="24.4219950">
    <ele>1109.4</ele>
   </trkpt>
   <trkpt lat="-29.8243580" lon="24.4219950">
    <ele>1109.4</ele>
   </trkpt>
   <trkpt lat="-29.8243580" lon="24.4219950">
    <ele>1109.4</ele>
   </trkpt>
   <trkpt lat="-29.8243580" lon="24.4219950">
    <ele>1109.4</ele>
   </trkpt>
   <trkpt lat="-29.8243580" lon="24.4219950">
    <ele>1109.4</ele>
   </trkpt>
   <trkpt lat="-29.8243580" lon="24.4219950">
    <ele>1109.4</ele>
   </trkpt>
   <trkpt lat="-29.8243580" lon="24.4219950">
    <ele>1109.4</ele>
   </trkpt>
   <trkpt lat="-29.8243070" lon="24.4220500">
    <ele>1108.2</ele>
   </trkpt>
   <trkpt lat="-29.8242770" lon="24.4220500">
    <ele>1107.7</ele>
   </trkpt>
   <trkpt lat="-29.8242430" lon="24.4220520">
    <ele>1107.2</ele>
   </trkpt>
   <trkpt lat="-29.8242050" lon="24.4220500">
    <ele>1106.7</ele>
   </trkpt>
   <trkpt lat="-29.8241700" lon="24.4220450">
    <ele>1106.4</ele>
   </trkpt>
   <trkpt lat="-29.8241320" lon="24.4220380">
    <ele>1106.6</ele>
   </trkpt>
   <trkpt lat="-29.8240900" lon="24.4220250">
    <ele>1106.9</ele>
   </trkpt>
   <trkpt lat="-29.8240480" lon="24.4220070">
    <ele>1107.1</ele>
   </trkpt>
   <trkpt lat="-29.8240030" lon="24.4219950">
    <ele>1107.4</ele>
   </trkpt>
   <trkpt lat="-29.8239530" lon="24.4219870">
    <ele>1107.8</ele>
   </trkpt>
   <trkpt lat="-29.8238980" lon="24.4219800">
    <ele>1108.0</ele>
   </trkpt>
   <trkpt lat="-29.8238450" lon="24.4219730">
    <ele>1108.1</ele>
   </trkpt>
   <trkpt lat="-29.8237970" lon="24.4219650">
    <ele>1108.1</ele>
   </trkpt>
   <trkpt lat="-29.8237520" lon="24.4219550">
    <ele>1108.2</ele>
   </trkpt>
   <trkpt lat="-29.8236920" lon="24.4219480">
    <ele>1108.4</ele>
   </trkpt>
   <trkpt lat="-29.8236270" lon="24.4219380">
    <ele>1108.5</ele>
   </trkpt>
   <trkpt lat="-29.8235620" lon="24.4219300">
    <ele>1108.7</ele>
   </trkpt>
   <trkpt lat="-29.8234900" lon="24.4219220">
    <ele>1108.9</ele>
   </trkpt>
   <trkpt lat="-29.8234130" lon="24.4219100">
    <ele>1109.0</ele>
   </trkpt>
   <trkpt lat="-29.8233350" lon="24.4219000">
    <ele>1109.1</ele>
   </trkpt>
   <trkpt lat="-29.8232580" lon="24.4218930">
    <ele>1109.2</ele>
   </trkpt>
   <trkpt lat="-29.8231850" lon="24.4218830">
    <ele>1109.7</ele>
   </trkpt>
   <trkpt lat="-29.8231100" lon="24.4218780">
    <ele>1109.9</ele>
   </trkpt>
   <trkpt lat="-29.8230370" lon="24.4218730">
    <ele>1110.1</ele>
   </trkpt>
   <trkpt lat="-29.8229670" lon="24.4218630">
    <ele>1110.3</ele>
   </trkpt>
   <trkpt lat="-29.8228950" lon="24.4218520">
    <ele>1110.5</ele>
   </trkpt>
   <trkpt lat="-29.8228270" lon="24.4218420">
    <ele>1110.7</ele>
   </trkpt>
   <trkpt lat="-29.8227550" lon="24.4218350">
    <ele>1110.8</ele>
   </trkpt>
   <trkpt lat="-29.8226850" lon="24.4218270">
    <ele>1110.9</ele>
   </trkpt>
   <trkpt lat="-29.8226170" lon="24.4218200">
    <ele>1110.9</ele>
   </trkpt>
   <trkpt lat="-29.8225520" lon="24.4218130">
    <ele>1110.7</ele>
   </trkpt>
   <trkpt lat="-29.8224900" lon="24.4218080">
    <ele>1110.0</ele>
   </trkpt>
   <trkpt lat="-29.8224250" lon="24.4218030">
    <ele>1109.2</ele>
   </trkpt>
   <trkpt lat="-29.8223600" lon="24.4217970">
    <ele>1108.7</ele>
   </trkpt>
   <trkpt lat="-29.8223000" lon="24.4217920">
    <ele>1108.3</ele>
   </trkpt>
   <trkpt lat="-29.8222430" lon="24.4217870">
    <ele>1107.8</ele>
   </trkpt>
   <trkpt lat="-29.8221950" lon="24.4217750">
    <ele>1107.4</ele>
   </trkpt>
   <trkpt lat="-29.8221570" lon="24.4217530">
    <ele>1107.1</ele>
   </trkpt>
   <trkpt lat="-29.8221250" lon="24.4217250">
    <ele>1107.1</ele>
   </trkpt>
   <trkpt lat="-29.8221050" lon="24.4216820">
    <ele>1107.1</ele>
   </trkpt>
   <trkpt lat="-29.8220950" lon="24.4216220">
    <ele>1107.4</ele>
   </trkpt>
   <trkpt lat="-29.8220980" lon="24.4215580">
    <ele>1107.7</ele>
   </trkpt>
   <trkpt lat="-29.8221050" lon="24.4214920">
    <ele>1108.0</ele>
   </trkpt>
   <trkpt lat="-29.8221130" lon="24.4214220">
    <ele>1108.3</ele>
   </trkpt>
   <trkpt lat="-29.8221170" lon="24.4213570">
    <ele>1108.7</ele>
   </trkpt>
   <trkpt lat="-29.8221170" lon="24.4212920">
    <ele>1109.0</ele>
   </trkpt>
   <trkpt lat="-29.8221180" lon="24.4212270">
    <ele>1109.4</ele>
   </trkpt>
   <trkpt lat="-29.8221220" lon="24.4211680">
    <ele>1109.7</ele>
   </trkpt>
   <trkpt lat="-29.8221300" lon="24.4211120">
    <ele>1109.9</ele>
   </trkpt>
   <trkpt lat="-29.8221380" lon="24.4210530">
    <ele>1110.1</ele>
   </trkpt>
   <trkpt lat="-29.8221480" lon="24.4209880">
    <ele>1110.4</ele>
   </trkpt>
   <trkpt lat="-29.8221630" lon="24.4209130">
    <ele>1111.4</ele>
   </trkpt>
   <trkpt lat="-29.8221770" lon="24.4208300">
    <ele>1111.8</ele>
   </trkpt>
   <trkpt lat="-29.8221880" lon="24.4207470">
    <ele>1112.0</ele>
   </trkpt>
   <trkpt lat="-29.8221950" lon="24.4206600">
    <ele>1112.2</ele>
   </trkpt>
   <trkpt lat="-29.8222030" lon="24.4205750">
    <ele>1112.5</ele>
   </trkpt>
   <trkpt lat="-29.8222100" lon="24.4204870">
    <ele>1112.8</ele>
   </trkpt>
   <trkpt lat="-29.8222200" lon="24.4204000">
    <ele>1113.0</ele>
   </trkpt>
   <trkpt lat="-29.8222300" lon="24.4203080">
    <ele>1113.2</ele>
   </trkpt>
   <trkpt lat="-29.8222370" lon="24.4202150">
    <ele>1113.9</ele>
   </trkpt>
   <trkpt lat="-29.8222470" lon="24.4201250">
    <ele>1114.8</ele>
   </trkpt>
   <trkpt lat="-29.8222570" lon="24.4200450">
    <ele>1115.1</ele>
   </trkpt>
   <trkpt lat="-29.8222680" lon="24.4199700">
    <ele>1115.3</ele>
   </trkpt>
   <trkpt lat="-29.8222800" lon="24.4199020">
    <ele>1115.6</ele>
   </trkpt>
   <trkpt lat="-29.8222900" lon="24.4198350">
    <ele>1115.8</ele>
   </trkpt>
   <trkpt lat="-29.8222950" lon="24.4197730">
    <ele>1115.9</ele>
   </trkpt>
   <trkpt lat="-29.8223000" lon="24.4197100">
    <ele>1115.9</ele>
   </trkpt>
   <trkpt lat="-29.8223030" lon="24.4196380">
    <ele>1116.0</ele>
   </trkpt>
   <trkpt lat="-29.8223100" lon="24.4195600">
    <ele>1116.0</ele>
   </trkpt>
   <trkpt lat="-29.8223170" lon="24.4194780">
    <ele>1116.0</ele>
   </trkpt>
   <trkpt lat="-29.8223250" lon="24.4193920">
    <ele>1116.0</ele>
   </trkpt>
   <trkpt lat="-29.8223320" lon="24.4193080">
    <ele>1116.0</ele>
   </trkpt>
   <trkpt lat="-29.8223430" lon="24.4192230">
    <ele>1116.0</ele>
   </trkpt>
   <trkpt lat="-29.8223500" lon="24.4191350">
    <ele>1116.0</ele>
   </trkpt>
   <trkpt lat="-29.8223630" lon="24.4190500">
    <ele>1116.0</ele>
   </trkpt>
   <trkpt lat="-29.8223730" lon="24.4189650">
    <ele>1116.1</ele>
   </trkpt>
   <trkpt lat="-29.8223830" lon="24.4188820">
    <ele>1116.2</ele>
   </trkpt>
   <trkpt lat="-29.8223920" lon="24.4188030">
    <ele>1116.7</ele>
   </trkpt>
   <trkpt lat="-29.8223980" lon="24.4187280">
    <ele>1117.3</ele>
   </trkpt>
   <trkpt lat="-29.8224020" lon="24.4186570">
    <ele>1117.8</ele>
   </trkpt>
   <trkpt lat="-29.8224050" lon="24.4185870">
    <ele>1117.9</ele>
   </trkpt>
   <trkpt lat="-29.8224070" lon="24.4185200">
    <ele>1118.1</ele>
   </trkpt>
   <trkpt lat="-29.8224100" lon="24.4184580">
    <ele>1118.6</ele>
   </trkpt>
   <trkpt lat="-29.8224150" lon="24.4184070">
    <ele>1119.2</ele>
   </trkpt>
   <trkpt lat="-29.8224200" lon="24.4183570">
    <ele>1119.7</ele>
   </trkpt>
   <trkpt lat="-29.8224480" lon="24.4182900">
    <ele>1119.6</ele>
   </trkpt>
   <trkpt lat="-29.8224750" lon="24.4182700">
    <ele>1119.1</ele>
   </trkpt>
   <trkpt lat="-29.8225150" lon="24.4182650">
    <ele>1118.4</ele>
   </trkpt>
   <trkpt lat="-29.8225620" lon="24.4182680">
    <ele>1118.3</ele>
   </trkpt>
   <trkpt lat="-29.8226220" lon="24.4182750">
    <ele>1118.1</ele>
   </trkpt>
   <trkpt lat="-29.8226850" lon="24.4182830">
    <ele>1118.0</ele>
   </trkpt>
   <trkpt lat="-29.8227430" lon="24.4182930">
    <ele>1117.9</ele>
   </trkpt>
   <trkpt lat="-29.8228000" lon="24.4183070">
    <ele>1117.7</ele>
   </trkpt>
   <trkpt lat="-29.8228530" lon="24.4183180">
    <ele>1117.4</ele>
   </trkpt>
   <trkpt lat="-29.8229050" lon="24.4183230">
    <ele>1117.2</ele>
   </trkpt>
   <trkpt lat="-29.8229580" lon="24.4183230">
    <ele>1117.0</ele>
   </trkpt>
   <trkpt lat="-29.8230020" lon="24.4183100">
    <ele>1116.8</ele>
   </trkpt>
   <trkpt lat="-29.8230470" lon="24.4182880">
    <ele>1116.8</ele>
   </trkpt>
   <trkpt lat="-29.8230720" lon="24.4182400">
    <ele>1116.9</ele>
   </trkpt>
   <trkpt lat="-29.8230800" lon="24.4181720">
    <ele>1117.0</ele>
   </trkpt>
   <trkpt lat="-29.8230750" lon="24.4180900">
    <ele>1117.2</ele>
   </trkpt>
   <trkpt lat="-29.8230820" lon="24.4180080">
    <ele>1117.3</ele>
   </trkpt>
   <trkpt lat="-29.8230900" lon="24.4179220">
    <ele>1117.5</ele>
   </trkpt>
   <trkpt lat="-29.8230980" lon="24.4178400">
    <ele>1117.7</ele>
   </trkpt>
   <trkpt lat="-29.8231050" lon="24.4177550">
    <ele>1118.0</ele>
   </trkpt>
   <trkpt lat="-29.8231100" lon="24.4176670">
    <ele>1118.2</ele>
   </trkpt>
   <trkpt lat="-29.8231200" lon="24.4175720">
    <ele>1118.5</ele>
   </trkpt>
   <trkpt lat="-29.8231300" lon="24.4174680">
    <ele>1118.7</ele>
   </trkpt>
   <trkpt lat="-29.8231430" lon="24.4173650">
    <ele>1118.9</ele>
   </trkpt>
   <trkpt lat="-29.8231530" lon="24.4172600">
    <ele>1119.3</ele>
   </trkpt>
   <trkpt lat="-29.8231620" lon="24.4171520">
    <ele>1119.8</ele>
   </trkpt>
   <trkpt lat="-29.8231700" lon="24.4170480">
    <ele>1120.3</ele>
   </trkpt>
   <trkpt lat="-29.8231780" lon="24.4169470">
    <ele>1120.8</ele>
   </trkpt>
   <trkpt lat="-29.8231850" lon="24.4168480">
    <ele>1121.3</ele>
   </trkpt>
   <trkpt lat="-29.8231930" lon="24.4167550">
    <ele>1121.7</ele>
   </trkpt>
   <trkpt lat="-29.8231980" lon="24.4166580">
    <ele>1122.2</ele>
   </trkpt>
   <trkpt lat="-29.8232030" lon="24.4165570">
    <ele>1122.7</ele>
   </trkpt>
   <trkpt lat="-29.8232130" lon="24.4164520">
    <ele>1123.2</ele>
   </trkpt>
   <trkpt lat="-29.8232200" lon="24.4163450">
    <ele>1123.7</ele>
   </trkpt>
   <trkpt lat="-29.8232320" lon="24.4162400">
    <ele>1124.2</ele>
   </trkpt>
   <trkpt lat="-29.8232400" lon="24.4161420">
    <ele>1124.5</ele>
   </trkpt>
   <trkpt lat="-29.8232430" lon="24.4160520">
    <ele>1124.7</ele>
   </trkpt>
   <trkpt lat="-29.8232470" lon="24.4159750">
    <ele>1124.8</ele>
   </trkpt>
   <trkpt lat="-29.8232520" lon="24.4159020">
    <ele>1124.9</ele>
   </trkpt>
   <trkpt lat="-29.8232620" lon="24.4158300">
    <ele>1125.0</ele>
   </trkpt>
   <trkpt lat="-29.8232770" lon="24.4157650">
    <ele>1125.0</ele>
   </trkpt>
   <trkpt lat="-29.8232880" lon="24.4157000">
    <ele>1125.1</ele>
   </trkpt>
   <trkpt lat="-29.8232900" lon="24.4156420">
    <ele>1125.1</ele>
   </trkpt>
   <trkpt lat="-29.8232780" lon="24.4155920">
    <ele>1125.3</ele>
   </trkpt>
   <trkpt lat="-29.8232480" lon="24.4155500">
    <ele>1125.4</ele>
   </trkpt>
   <trkpt lat="-29.8232050" lon="24.4155280">
    <ele>1125.6</ele>
   </trkpt>
   <trkpt lat="-29.8231420" lon="24.4155250">
    <ele>1125.8</ele>
   </trkpt>
   <trkpt lat="-29.8230720" lon="24.4155180">
    <ele>1126.0</ele>
   </trkpt>
   <trkpt lat="-29.8229950" lon="24.4155080">
    <ele>1126.2</ele>
   </trkpt>
   <trkpt lat="-29.8229150" lon="24.4154930">
    <ele>1126.4</ele>
   </trkpt>
   <trkpt lat="-29.8228270" lon="24.4154770">
    <ele>1126.7</ele>
   </trkpt>
   <trkpt lat="-29.8227370" lon="24.4154600">
    <ele>1127.0</ele>
   </trkpt>
   <trkpt lat="-29.8226480" lon="24.4154370">
    <ele>1127.3</ele>
   </trkpt>
   <trkpt lat="-29.8225600" lon="24.4154170">
    <ele>1127.6</ele>
   </trkpt>
   <trkpt lat="-29.8224680" lon="24.4153900">
    <ele>1128.0</ele>
   </trkpt>
   <trkpt lat="-29.8223750" lon="24.4153650">
    <ele>1128.3</ele>
   </trkpt>
   <trkpt lat="-29.8222780" lon="24.4153380">
    <ele>1128.5</ele>
   </trkpt>
   <trkpt lat="-29.8221770" lon="24.4153130">
    <ele>1128.7</ele>
   </trkpt>
   <trkpt lat="-29.8220750" lon="24.4152870">
    <ele>1128.9</ele>
   </trkpt>
   <trkpt lat="-29.8219780" lon="24.4152650">
    <ele>1129.0</ele>
   </trkpt>
   <trkpt lat="-29.8218800" lon="24.4152430">
    <ele>1129.2</ele>
   </trkpt>
   <trkpt lat="-29.8217880" lon="24.4152230">
    <ele>1129.4</ele>
   </trkpt>
   <trkpt lat="-29.8217020" lon="24.4152050">
    <ele>1129.5</ele>
   </trkpt>
   <trkpt lat="-29.8216180" lon="24.4151850">
    <ele>1129.6</ele>
   </trkpt>
   <trkpt lat="-29.8215420" lon="24.4151670">
    <ele>1129.6</ele>
   </trkpt>
   <trkpt lat="-29.8214650" lon="24.4151480">
    <ele>1129.7</ele>
   </trkpt>
   <trkpt lat="-29.8213970" lon="24.4151280">
    <ele>1129.8</ele>
   </trkpt>
   <trkpt lat="-29.8213330" lon="24.4151180">
    <ele>1129.8</ele>
   </trkpt>
   <trkpt lat="-29.8212800" lon="24.4151050">
    <ele>1129.9</ele>
   </trkpt>
   <trkpt lat="-29.8212320" lon="24.4150950">
    <ele>1129.9</ele>
   </trkpt>
   <trkpt lat="-29.8211970" lon="24.4150870">
    <ele>1129.9</ele>
   </trkpt>
   <trkpt lat="-29.8211780" lon="24.4150800">
    <ele>1130.0</ele>
   </trkpt>
   <trkpt lat="-29.8211670" lon="24.4150770">
    <ele>1130.0</ele>
   </trkpt>
   <trkpt lat="-29.8211580" lon="24.4150770">
    <ele>1130.0</ele>
   </trkpt>
   <trkpt lat="-29.8211500" lon="24.4150780">
    <ele>1130.0</ele>
   </trkpt>
   <trkpt lat="-29.8211380" lon="24.4150950">
    <ele>1130.0</ele>
   </trkpt>
   <trkpt lat="-29.8211270" lon="24.4151270">
    <ele>1130.0</ele>
   </trkpt>
   <trkpt lat="-29.8211220" lon="24.4151670">
    <ele>1130.0</ele>
   </trkpt>
   <trkpt lat="-29.8211170" lon="24.4152120">
    <ele>1130.0</ele>
   </trkpt>
   <trkpt lat="-29.8211080" lon="24.4152620">
    <ele>1130.0</ele>
   </trkpt>
   <trkpt lat="-29.8210950" lon="24.4153170">
    <ele>1130.0</ele>
   </trkpt>
   <trkpt lat="-29.8210800" lon="24.4153730">
    <ele>1130.0</ele>
   </trkpt>
   <trkpt lat="-29.8210600" lon="24.4154380">
    <ele>1130.0</ele>
   </trkpt>
   <trkpt lat="-29.8210420" lon="24.4155050">
    <ele>1130.1</ele>
   </trkpt>
   <trkpt lat="-29.8210220" lon="24.4155700">
    <ele>1130.1</ele>
   </trkpt>
   <trkpt lat="-29.8210070" lon="24.4156380">
    <ele>1130.0</ele>
   </trkpt>
   <trkpt lat="-29.8209950" lon="24.4157120">
    <ele>1130.1</ele>
   </trkpt>
   <trkpt lat="-29.8209830" lon="24.4157900">
    <ele>1130.2</ele>
   </trkpt>
   <trkpt lat="-29.8209720" lon="24.4158730">
    <ele>1130.3</ele>
   </trkpt>
   <trkpt lat="-29.8209580" lon="24.4159580">
    <ele>1130.5</ele>
   </trkpt>
   <trkpt lat="-29.8209450" lon="24.4160470">
    <ele>1130.7</ele>
   </trkpt>
   <trkpt lat="-29.8209300" lon="24.4161350">
    <ele>1130.8</ele>
   </trkpt>
   <trkpt lat="-29.8209120" lon="24.4162250">
    <ele>1130.9</ele>
   </trkpt>
   <trkpt lat="-29.8208950" lon="24.4163150">
    <ele>1130.6</ele>
   </trkpt>
   <trkpt lat="-29.8208770" lon="24.4164030">
    <ele>1130.4</ele>
   </trkpt>
   <trkpt lat="-29.8208600" lon="24.4164800">
    <ele>1130.2</ele>
   </trkpt>
   <trkpt lat="-29.8208420" lon="24.4165520">
    <ele>1130.1</ele>
   </trkpt>
   <trkpt lat="-29.8208180" lon="24.4166230">
    <ele>1130.0</ele>
   </trkpt>
   <trkpt lat="-29.8207870" lon="24.4166970">
    <ele>1130.0</ele>
   </trkpt>
   <trkpt lat="-29.8207450" lon="24.4167680">
    <ele>1129.6</ele>
   </trkpt>
   <trkpt lat="-29.8207000" lon="24.4168380">
    <ele>1129.2</ele>
   </trkpt>
   <trkpt lat="-29.8206520" lon="24.4169070">
    <ele>1128.8</ele>
   </trkpt>
   <trkpt lat="-29.8206030" lon="24.4169700">
    <ele>1128.3</ele>
   </trkpt>
   <trkpt lat="-29.8205570" lon="24.4170250">
    <ele>1127.9</ele>
   </trkpt>
   <trkpt lat="-29.8205120" lon="24.4170750">
    <ele>1127.5</ele>
   </trkpt>
   <trkpt lat="-29.8204680" lon="24.4171270">
    <ele>1127.0</ele>
   </trkpt>
   <trkpt lat="-29.8204300" lon="24.4171820">
    <ele>1126.6</ele>
   </trkpt>
   <trkpt lat="-29.8203930" lon="24.4172350">
    <ele>1126.2</ele>
   </trkpt>
   <trkpt lat="-29.8203570" lon="24.4172830">
    <ele>1126.0</ele>
   </trkpt>
   <trkpt lat="-29.8203220" lon="24.4173250">
    <ele>1125.9</ele>
   </trkpt>
   <trkpt lat="-29.8202770" lon="24.4173500">
    <ele>1125.9</ele>
   </trkpt>
   <trkpt lat="-29.8202170" lon="24.4173570">
    <ele>1125.9</ele>
   </trkpt>
   <trkpt lat="-29.8201480" lon="24.4173530">
    <ele>1125.9</ele>
   </trkpt>
   <trkpt lat="-29.8200700" lon="24.4173430">
    <ele>1125.8</ele>
   </trkpt>
   <trkpt lat="-29.8199870" lon="24.4173380">
    <ele>1125.7</ele>
   </trkpt>
   <trkpt lat="-29.8199050" lon="24.4173400">
    <ele>1125.6</ele>
   </trkpt>
   <trkpt lat="-29.8198280" lon="24.4173470">
    <ele>1125.5</ele>
   </trkpt>
   <trkpt lat="-29.8197580" lon="24.4173600">
    <ele>1125.5</ele>
   </trkpt>
   <trkpt lat="-29.8196900" lon="24.4173680">
    <ele>1125.4</ele>
   </trkpt>
   <trkpt lat="-29.8196230" lon="24.4173730">
    <ele>1125.3</ele>
   </trkpt>
   <trkpt lat="-29.8195620" lon="24.4173750">
    <ele>1125.2</ele>
   </trkpt>
   <trkpt lat="-29.8195030" lon="24.4173750">
    <ele>1125.1</ele>
   </trkpt>
   <trkpt lat="-29.8194430" lon="24.4173620">
    <ele>1125.1</ele>
   </trkpt>
   <trkpt lat="-29.8193770" lon="24.4173430">
    <ele>1125.1</ele>
   </trkpt>
   <trkpt lat="-29.8193120" lon="24.4173230">
    <ele>1125.1</ele>
   </trkpt>
   <trkpt lat="-29.8192500" lon="24.4173130">
    <ele>1125.1</ele>
   </trkpt>
   <trkpt lat="-29.8191970" lon="24.4173070">
    <ele>1125.2</ele>
   </trkpt>
   <trkpt lat="-29.8191430" lon="24.4173020">
    <ele>1125.2</ele>
   </trkpt>
   <trkpt lat="-29.8190950" lon="24.4172970">
    <ele>1125.2</ele>
   </trkpt>
   <trkpt lat="-29.8190480" lon="24.4172880">
    <ele>1125.2</ele>
   </trkpt>
   <trkpt lat="-29.8190070" lon="24.4172730">
    <ele>1125.3</ele>
   </trkpt>
   <trkpt lat="-29.8189630" lon="24.4172570">
    <ele>1125.4</ele>
   </trkpt>
   <trkpt lat="-29.8189280" lon="24.4172400">
    <ele>1125.4</ele>
   </trkpt>
   <trkpt lat="-29.8189030" lon="24.4172220">
    <ele>1125.5</ele>
   </trkpt>
   <trkpt lat="-29.8188970" lon="24.4172170">
    <ele>1125.5</ele>
   </trkpt>
   <trkpt lat="-29.8188920" lon="24.4172100">
    <ele>1125.5</ele>
   </trkpt>
   <trkpt lat="-29.8188950" lon="24.4172050">
    <ele>1125.5</ele>
   </trkpt>
   <trkpt lat="-29.8188950" lon="24.4172020">
    <ele>1125.5</ele>
   </trkpt>
   <trkpt lat="-29.8188950" lon="24.4172020">
    <ele>1125.5</ele>
   </trkpt>
   <trkpt lat="-29.8189050" lon="24.4172200">
    <ele>1125.6</ele>
   </trkpt>
   <trkpt lat="-29.8189100" lon="24.4171970">
    <ele>1125.6</ele>
   </trkpt>
   <trkpt lat="-29.8189120" lon="24.4171800">
    <ele>1125.6</ele>
   </trkpt>
   <trkpt lat="-29.8189130" lon="24.4171470">
    <ele>1125.7</ele>
   </trkpt>
   <trkpt lat="-29.8189130" lon="24.4171320">
    <ele>1125.7</ele>
   </trkpt>
   <trkpt lat="-29.8189170" lon="24.4170900">
    <ele>1125.8</ele>
   </trkpt>
   <trkpt lat="-29.8189150" lon="24.4170470">
    <ele>1125.8</ele>
   </trkpt>
   <trkpt lat="-29.8189180" lon="24.4169950">
    <ele>1125.9</ele>
   </trkpt>
   <trkpt lat="-29.8189320" lon="24.4169370">
    <ele>1126.0</ele>
   </trkpt>
   <trkpt lat="-29.8189520" lon="24.4168700">
    <ele>1126.1</ele>
   </trkpt>
   <trkpt lat="-29.8189500" lon="24.4168020">
    <ele>1126.2</ele>
   </trkpt>
   <trkpt lat="-29.8189520" lon="24.4167330">
    <ele>1126.3</ele>
   </trkpt>
   <trkpt lat="-29.8189420" lon="24.4166750">
    <ele>1126.4</ele>
   </trkpt>
   <trkpt lat="-29.8189150" lon="24.4166330">
    <ele>1126.5</ele>
   </trkpt>
   <trkpt lat="-29.8188750" lon="24.4166080">
    <ele>1126.5</ele>
   </trkpt>
   <trkpt lat="-29.8188330" lon="24.4165970">
    <ele>1126.5</ele>
   </trkpt>
   <trkpt lat="-29.8187900" lon="24.4165880">
    <ele>1126.5</ele>
   </trkpt>
   <trkpt lat="-29.8187400" lon="24.4165780">
    <ele>1126.5</ele>
   </trkpt>
   <trkpt lat="-29.8186900" lon="24.4165670">
    <ele>1126.5</ele>
   </trkpt>
   <trkpt lat="-29.8186370" lon="24.4165580">
    <ele>1126.5</ele>
   </trkpt>
   <trkpt lat="-29.8185850" lon="24.4165550">
    <ele>1126.6</ele>
   </trkpt>
   <trkpt lat="-29.8185330" lon="24.4165580">
    <ele>1126.6</ele>
   </trkpt>
   <trkpt lat="-29.8184850" lon="24.4165730">
    <ele>1126.6</ele>
   </trkpt>
   <trkpt lat="-29.8184430" lon="24.4166050">
    <ele>1126.5</ele>
   </trkpt>
   <trkpt lat="-29.8184170" lon="24.4166600">
    <ele>1126.3</ele>
   </trkpt>
   <trkpt lat="-29.8183900" lon="24.4167250">
    <ele>1126.2</ele>
   </trkpt>
   <trkpt lat="-29.8183670" lon="24.4168020">
    <ele>1126.0</ele>
   </trkpt>
   <trkpt lat="-29.8183480" lon="24.4168850">
    <ele>1125.8</ele>
   </trkpt>
   <trkpt lat="-29.8183300" lon="24.4169680">
    <ele>1125.7</ele>
   </trkpt>
   <trkpt lat="-29.8183070" lon="24.4170520">
    <ele>1125.5</ele>
   </trkpt>
   <trkpt lat="-29.8182770" lon="24.4171330">
    <ele>1125.3</ele>
   </trkpt>
   <trkpt lat="-29.8182420" lon="24.4172080">
    <ele>1125.1</ele>
   </trkpt>
   <trkpt lat="-29.8181980" lon="24.4172820">
    <ele>1124.9</ele>
   </trkpt>
   <trkpt lat="-29.8181500" lon="24.4173450">
    <ele>1124.8</ele>
   </trkpt>
   <trkpt lat="-29.8180980" lon="24.4174070">
    <ele>1124.6</ele>
   </trkpt>
   <trkpt lat="-29.8180430" lon="24.4174680">
    <ele>1124.3</ele>
   </trkpt>
   <trkpt lat="-29.8179920" lon="24.4175270">
    <ele>1123.9</ele>
   </trkpt>
   <trkpt lat="-29.8179380" lon="24.4175770">
    <ele>1123.4</ele>
   </trkpt>
   <trkpt lat="-29.8178850" lon="24.4176150">
    <ele>1123.0</ele>
   </trkpt>
   <trkpt lat="-29.8178200" lon="24.4176370">
    <ele>1122.6</ele>
   </trkpt>
   <trkpt lat="-29.8177500" lon="24.4176430">
    <ele>1122.1</ele>
   </trkpt>
   <trkpt lat="-29.8176750" lon="24.4176230">
    <ele>1121.8</ele>
   </trkpt>
   <trkpt lat="-29.8176030" lon="24.4175950">
    <ele>1121.7</ele>
   </trkpt>
   <trkpt lat="-29.8175270" lon="24.4175730">
    <ele>1121.6</ele>
   </trkpt>
   <trkpt lat="-29.8174450" lon="24.4175500">
    <ele>1121.5</ele>
   </trkpt>
   <trkpt lat="-29.8173580" lon="24.4175270">
    <ele>1121.5</ele>
   </trkpt>
   <trkpt lat="-29.8172650" lon="24.4175020">
    <ele>1121.6</ele>
   </trkpt>
   <trkpt lat="-29.8171720" lon="24.4174730">
    <ele>1121.8</ele>
   </trkpt>
   <trkpt lat="-29.8170870" lon="24.4174350">
    <ele>1122.0</ele>
   </trkpt>
   <trkpt lat="-29.8170120" lon="24.4173870">
    <ele>1122.2</ele>
   </trkpt>
   <trkpt lat="-29.8169380" lon="24.4173200">
    <ele>1122.4</ele>
   </trkpt>
   <trkpt lat="-29.8168750" lon="24.4172520">
    <ele>1122.6</ele>
   </trkpt>
   <trkpt lat="-29.8168220" lon="24.4171820">
    <ele>1122.9</ele>
   </trkpt>
   <trkpt lat="-29.8167820" lon="24.4171100">
    <ele>1123.1</ele>
   </trkpt>
   <trkpt lat="-29.8167650" lon="24.4170400">
    <ele>1123.2</ele>
   </trkpt>
   <trkpt lat="-29.8167750" lon="24.4169800">
    <ele>1123.3</ele>
   </trkpt>
   <trkpt lat="-29.8168070" lon="24.4169370">
    <ele>1123.5</ele>
   </trkpt>
   <trkpt lat="-29.8168450" lon="24.4168970">
    <ele>1123.6</ele>
   </trkpt>
   <trkpt lat="-29.8168750" lon="24.4168530">
    <ele>1123.7</ele>
   </trkpt>
   <trkpt lat="-29.8168950" lon="24.4167970">
    <ele>1123.8</ele>
   </trkpt>
   <trkpt lat="-29.8168970" lon="24.4167350">
    <ele>1124.0</ele>
   </trkpt>
   <trkpt lat="-29.8168800" lon="24.4166770">
    <ele>1124.1</ele>
   </trkpt>
   <trkpt lat="-29.8168480" lon="24.4166280">
    <ele>1124.1</ele>
   </trkpt>
   <trkpt lat="-29.8168150" lon="24.4165800">
    <ele>1124.2</ele>
   </trkpt>
   <trkpt lat="-29.8167780" lon="24.4165380">
    <ele>1124.2</ele>
   </trkpt>
   <trkpt lat="-29.8167320" lon="24.4165070">
    <ele>1124.3</ele>
   </trkpt>
   <trkpt lat="-29.8166900" lon="24.4164820">
    <ele>1124.4</ele>
   </trkpt>
   <trkpt lat="-29.8166450" lon="24.4164670">
    <ele>1124.5</ele>
   </trkpt>
   <trkpt lat="-29.8166050" lon="24.4164630">
    <ele>1124.6</ele>
   </trkpt>
   <trkpt lat="-29.8165600" lon="24.4164700">
    <ele>1124.5</ele>
   </trkpt>
   <trkpt lat="-29.8165180" lon="24.4164930">
    <ele>1124.5</ele>
   </trkpt>
   <trkpt lat="-29.8164770" lon="24.4165300">
    <ele>1124.5</ele>
   </trkpt>
   <trkpt lat="-29.8164400" lon="24.4165730">
    <ele>1124.4</ele>
   </trkpt>
   <trkpt lat="-29.8164070" lon="24.4166250">
    <ele>1124.4</ele>
   </trkpt>
   <trkpt lat="-29.8163830" lon="24.4166820">
    <ele>1124.4</ele>
   </trkpt>
   <trkpt lat="-29.8163720" lon="24.4167380">
    <ele>1124.4</ele>
   </trkpt>
   <trkpt lat="-29.8163730" lon="24.4168030">
    <ele>1124.4</ele>
   </trkpt>
   <trkpt lat="-29.8163770" lon="24.4168730">
    <ele>1124.4</ele>
   </trkpt>
   <trkpt lat="-29.8163750" lon="24.4169430">
    <ele>1124.4</ele>
   </trkpt>
   <trkpt lat="-29.8163620" lon="24.4170050">
    <ele>1124.4</ele>
   </trkpt>
   <trkpt lat="-29.8163350" lon="24.4170600">
    <ele>1124.5</ele>
   </trkpt>
   <trkpt lat="-29.8162970" lon="24.4171150">
    <ele>1124.5</ele>
   </trkpt>
   <trkpt lat="-29.8162550" lon="24.4171630">
    <ele>1124.5</ele>
   </trkpt>
   <trkpt lat="-29.8162080" lon="24.4172050">
    <ele>1124.5</ele>
   </trkpt>
   <trkpt lat="-29.8161570" lon="24.4172380">
    <ele>1124.5</ele>
   </trkpt>
   <trkpt lat="-29.8161000" lon="24.4172750">
    <ele>1124.6</ele>
   </trkpt>
   <trkpt lat="-29.8160400" lon="24.4173180">
    <ele>1124.6</ele>
   </trkpt>
   <trkpt lat="-29.8159820" lon="24.4173620">
    <ele>1124.7</ele>
   </trkpt>
   <trkpt lat="-29.8159230" lon="24.4174050">
    <ele>1124.7</ele>
   </trkpt>
   <trkpt lat="-29.8158650" lon="24.4174520">
    <ele>1124.7</ele>
   </trkpt>
   <trkpt lat="-29.8158070" lon="24.4175020">
    <ele>1124.7</ele>
   </trkpt>
   <trkpt lat="-29.8157480" lon="24.4175550">
    <ele>1124.6</ele>
   </trkpt>
   <trkpt lat="-29.8156930" lon="24.4176080">
    <ele>1124.5</ele>
   </trkpt>
   <trkpt lat="-29.8156420" lon="24.4176580">
    <ele>1124.4</ele>
   </trkpt>
   <trkpt lat="-29.8155900" lon="24.4176980">
    <ele>1124.2</ele>
   </trkpt>
   <trkpt lat="-29.8155380" lon="24.4177220">
    <ele>1124.0</ele>
   </trkpt>
   <trkpt lat="-29.8154830" lon="24.4177420">
    <ele>1123.8</ele>
   </trkpt>
   <trkpt lat="-29.8154300" lon="24.4177670">
    <ele>1123.5</ele>
   </trkpt>
   <trkpt lat="-29.8153830" lon="24.4178020">
    <ele>1123.2</ele>
   </trkpt>
   <trkpt lat="-29.8153430" lon="24.4178500">
    <ele>1122.9</ele>
   </trkpt>
   <trkpt lat="-29.8153020" lon="24.4179000">
    <ele>1122.6</ele>
   </trkpt>
   <trkpt lat="-29.8152600" lon="24.4179550">
    <ele>1122.2</ele>
   </trkpt>
   <trkpt lat="-29.8152120" lon="24.4180130">
    <ele>1121.8</ele>
   </trkpt>
   <trkpt lat="-29.8151630" lon="24.4180750">
    <ele>1121.4</ele>
   </trkpt>
   <trkpt lat="-29.8151130" lon="24.4181420">
    <ele>1121.0</ele>
   </trkpt>
   <trkpt lat="-29.8150620" lon="24.4182100">
    <ele>1120.7</ele>
   </trkpt>
   <trkpt lat="-29.8150100" lon="24.4182770">
    <ele>1120.4</ele>
   </trkpt>
   <trkpt lat="-29.8149570" lon="24.4183420">
    <ele>1120.2</ele>
   </trkpt>
   <trkpt lat="-29.8149020" lon="24.4184080">
    <ele>1120.1</ele>
   </trkpt>
   <trkpt lat="-29.8148470" lon="24.4184730">
    <ele>1119.9</ele>
   </trkpt>
   <trkpt lat="-29.8147920" lon="24.4185430">
    <ele>1119.8</ele>
   </trkpt>
   <trkpt lat="-29.8147370" lon="24.4186080">
    <ele>1119.5</ele>
   </trkpt>
   <trkpt lat="-29.8146850" lon="24.4186770">
    <ele>1119.2</ele>
   </trkpt>
   <trkpt lat="-29.8146280" lon="24.4187500">
    <ele>1118.9</ele>
   </trkpt>
   <trkpt lat="-29.8145730" lon="24.4188220">
    <ele>1118.6</ele>
   </trkpt>
   <trkpt lat="-29.8145150" lon="24.4188930">
    <ele>1118.4</ele>
   </trkpt>
   <trkpt lat="-29.8144520" lon="24.4189670">
    <ele>1118.1</ele>
   </trkpt>
   <trkpt lat="-29.8143900" lon="24.4190380">
    <ele>1118.0</ele>
   </trkpt>
   <trkpt lat="-29.8143330" lon="24.4191120">
    <ele>1117.9</ele>
   </trkpt>
   <trkpt lat="-29.8142780" lon="24.4191830">
    <ele>1117.8</ele>
   </trkpt>
   <trkpt lat="-29.8142300" lon="24.4192470">
    <ele>1117.8</ele>
   </trkpt>
   <trkpt lat="-29.8141850" lon="24.4193050">
    <ele>1117.8</ele>
   </trkpt>
   <trkpt lat="-29.8141400" lon="24.4193580">
    <ele>1117.8</ele>
   </trkpt>
   <trkpt lat="-29.8140920" lon="24.4194130">
    <ele>1117.8</ele>
   </trkpt>
   <trkpt lat="-29.8140420" lon="24.4194750">
    <ele>1117.9</ele>
   </trkpt>
   <trkpt lat="-29.8139900" lon="24.4195400">
    <ele>1117.9</ele>
   </trkpt>
   <trkpt lat="-29.8139350" lon="24.4196070">
    <ele>1118.0</ele>
   </trkpt>
   <trkpt lat="-29.8138850" lon="24.4196720">
    <ele>1118.1</ele>
   </trkpt>
   <trkpt lat="-29.8138420" lon="24.4197330">
    <ele>1118.2</ele>
   </trkpt>
   <trkpt lat="-29.8138000" lon="24.4197880">
    <ele>1118.3</ele>
   </trkpt>
   <trkpt lat="-29.8137600" lon="24.4198350">
    <ele>1118.3</ele>
   </trkpt>
   <trkpt lat="-29.8137200" lon="24.4198800">
    <ele>1118.4</ele>
   </trkpt>
   <trkpt lat="-29.8136900" lon="24.4199280">
    <ele>1118.5</ele>
   </trkpt>
   <trkpt lat="-29.8136580" lon="24.4199720">
    <ele>1118.5</ele>
   </trkpt>
   <trkpt lat="-29.8136250" lon="24.4200100">
    <ele>1118.5</ele>
   </trkpt>
   <trkpt lat="-29.8135870" lon="24.4200470">
    <ele>1118.6</ele>
   </trkpt>
   <trkpt lat="-29.8135450" lon="24.4200850">
    <ele>1118.6</ele>
   </trkpt>
   <trkpt lat="-29.8135020" lon="24.4201230">
    <ele>1118.6</ele>
   </trkpt>
   <trkpt lat="-29.8134670" lon="24.4201600">
    <ele>1118.6</ele>
   </trkpt>
   <trkpt lat="-29.8134300" lon="24.4202030">
    <ele>1118.6</ele>
   </trkpt>
   <trkpt lat="-29.8133950" lon="24.4202500">
    <ele>1118.6</ele>
   </trkpt>
   <trkpt lat="-29.8133600" lon="24.4202970">
    <ele>1118.5</ele>
   </trkpt>
   <trkpt lat="-29.8133250" lon="24.4203400">
    <ele>1118.5</ele>
   </trkpt>
   <trkpt lat="-29.8132880" lon="24.4203780">
    <ele>1118.5</ele>
   </trkpt>
   <trkpt lat="-29.8132470" lon="24.4204080">
    <ele>1118.5</ele>
   </trkpt>
   <trkpt lat="-29.8131980" lon="24.4204330">
    <ele>1118.5</ele>
   </trkpt>
   <trkpt lat="-29.8131470" lon="24.4204570">
    <ele>1118.6</ele>
   </trkpt>
   <trkpt lat="-29.8130920" lon="24.4204770">
    <ele>1118.6</ele>
   </trkpt>
   <trkpt lat="-29.8130350" lon="24.4204950">
    <ele>1118.6</ele>
   </trkpt>
   <trkpt lat="-29.8129770" lon="24.4205100">
    <ele>1118.7</ele>
   </trkpt>
   <trkpt lat="-29.8129230" lon="24.4205230">
    <ele>1118.7</ele>
   </trkpt>
   <trkpt lat="-29.8128730" lon="24.4205300">
    <ele>1118.7</ele>
   </trkpt>
   <trkpt lat="-29.8128300" lon="24.4205280">
    <ele>1118.8</ele>
   </trkpt>
   <trkpt lat="-29.8127880" lon="24.4205120">
    <ele>1118.8</ele>
   </trkpt>
   <trkpt lat="-29.8127470" lon="24.4204770">
    <ele>1118.9</ele>
   </trkpt>
   <trkpt lat="-29.8127100" lon="24.4204350">
    <ele>1118.9</ele>
   </trkpt>
   <trkpt lat="-29.8126800" lon="24.4203880">
    <ele>1119.0</ele>
   </trkpt>
   <trkpt lat="-29.8126470" lon="24.4203380">
    <ele>1119.1</ele>
   </trkpt>
   <trkpt lat="-29.8126080" lon="24.4202880">
    <ele>1119.2</ele>
   </trkpt>
   <trkpt lat="-29.8125670" lon="24.4202380">
    <ele>1119.3</ele>
   </trkpt>
   <trkpt lat="-29.8125280" lon="24.4201930">
    <ele>1119.4</ele>
   </trkpt>
   <trkpt lat="-29.8124870" lon="24.4201500">
    <ele>1119.5</ele>
   </trkpt>
   <trkpt lat="-29.8124470" lon="24.4201050">
    <ele>1119.6</ele>
   </trkpt>
   <trkpt lat="-29.8124080" lon="24.4200600">
    <ele>1119.7</ele>
   </trkpt>
   <trkpt lat="-29.8123630" lon="24.4200170">
    <ele>1119.8</ele>
   </trkpt>
   <trkpt lat="-29.8123150" lon="24.4199700">
    <ele>1120.0</ele>
   </trkpt>
   <trkpt lat="-29.8122630" lon="24.4199220">
    <ele>1120.0</ele>
   </trkpt>
   <trkpt lat="-29.8122120" lon="24.4198650">
    <ele>1120.1</ele>
   </trkpt>
   <trkpt lat="-29.8121630" lon="24.4198020">
    <ele>1120.2</ele>
   </trkpt>
   <trkpt lat="-29.8121130" lon="24.4197330">
    <ele>1120.2</ele>
   </trkpt>
   <trkpt lat="-29.8120630" lon="24.4196700">
    <ele>1120.2</ele>
   </trkpt>
   <trkpt lat="-29.8120120" lon="24.4196080">
    <ele>1120.1</ele>
   </trkpt>
   <trkpt lat="-29.8119600" lon="24.4195430">
    <ele>1120.0</ele>
   </trkpt>
   <trkpt lat="-29.8119080" lon="24.4194780">
    <ele>1119.7</ele>
   </trkpt>
   <trkpt lat="-29.8118580" lon="24.4194120">
    <ele>1119.4</ele>
   </trkpt>
   <trkpt lat="-29.8118080" lon="24.4193470">
    <ele>1119.0</ele>
   </trkpt>
   <trkpt lat="-29.8117550" lon="24.4192870">
    <ele>1118.6</ele>
   </trkpt>
   <trkpt lat="-29.8117080" lon="24.4192280">
    <ele>1118.2</ele>
   </trkpt>
   <trkpt lat="-29.8116680" lon="24.4191680">
    <ele>1117.9</ele>
   </trkpt>
   <trkpt lat="-29.8116330" lon="24.4191080">
    <ele>1117.5</ele>
   </trkpt>
   <trkpt lat="-29.8116050" lon="24.4190500">
    <ele>1117.1</ele>
   </trkpt>
   <trkpt lat="-29.8115800" lon="24.4189930">
    <ele>1116.8</ele>
   </trkpt>
   <trkpt lat="-29.8115500" lon="24.4189350">
    <ele>1116.4</ele>
   </trkpt>
   <trkpt lat="-29.8115130" lon="24.4188780">
    <ele>1116.0</ele>
   </trkpt>
   <trkpt lat="-29.8114730" lon="24.4188180">
    <ele>1115.6</ele>
   </trkpt>
   <trkpt lat="-29.8114280" lon="24.4187520">
    <ele>1115.1</ele>
   </trkpt>
   <trkpt lat="-29.8113780" lon="24.4186770">
    <ele>1114.8</ele>
   </trkpt>
   <trkpt lat="-29.8113250" lon="24.4185950">
    <ele>1114.4</ele>
   </trkpt>
   <trkpt lat="-29.8112700" lon="24.4185120">
    <ele>1114.0</ele>
   </trkpt>
   <trkpt lat="-29.8112130" lon="24.4184230">
    <ele>1113.5</ele>
   </trkpt>
   <trkpt lat="-29.8111570" lon="24.4183320">
    <ele>1113.1</ele>
   </trkpt>
   <trkpt lat="-29.8110980" lon="24.4182380">
    <ele>1112.6</ele>
   </trkpt>
   <trkpt lat="-29.8110420" lon="24.4181470">
    <ele>1112.1</ele>
   </trkpt>
   <trkpt lat="-29.8109820" lon="24.4180570">
    <ele>1111.6</ele>
   </trkpt>
   <trkpt lat="-29.8109180" lon="24.4179700">
    <ele>1111.2</ele>
   </trkpt>
   <trkpt lat="-29.8108550" lon="24.4178830">
    <ele>1110.8</ele>
   </trkpt>
   <trkpt lat="-29.8107920" lon="24.4177980">
    <ele>1110.7</ele>
   </trkpt>
   <trkpt lat="-29.8107230" lon="24.4177250">
    <ele>1110.4</ele>
   </trkpt>
   <trkpt lat="-29.8106450" lon="24.4176680">
    <ele>1110.1</ele>
   </trkpt>
   <trkpt lat="-29.8105570" lon="24.4176370">
    <ele>1109.8</ele>
   </trkpt>
   <trkpt lat="-29.8104620" lon="24.4176200">
    <ele>1109.4</ele>
   </trkpt>
   <trkpt lat="-29.8103720" lon="24.4176080">
    <ele>1109.1</ele>
   </trkpt>
   <trkpt lat="-29.8102870" lon="24.4176220">
    <ele>1108.9</ele>
   </trkpt>
   <trkpt lat="-29.8102180" lon="24.4176350">
    <ele>1108.8</ele>
   </trkpt>
   <trkpt lat="-29.8101550" lon="24.4176580">
    <ele>1108.6</ele>
   </trkpt>
   <trkpt lat="-29.8100950" lon="24.4177050">
    <ele>1108.5</ele>
   </trkpt>
   <trkpt lat="-29.8100320" lon="24.4177650">
    <ele>1108.4</ele>
   </trkpt>
   <trkpt lat="-29.8099720" lon="24.4178330">
    <ele>1108.3</ele>
   </trkpt>
   <trkpt lat="-29.8099050" lon="24.4179020">
    <ele>1108.2</ele>
   </trkpt>
   <trkpt lat="-29.8098420" lon="24.4179720">
    <ele>1108.1</ele>
   </trkpt>
   <trkpt lat="-29.8097780" lon="24.4180380">
    <ele>1108.1</ele>
   </trkpt>
   <trkpt lat="-29.8097180" lon="24.4180970">
    <ele>1108.1</ele>
   </trkpt>
   <trkpt lat="-29.8096680" lon="24.4181470">
    <ele>1108.0</ele>
   </trkpt>
   <trkpt lat="-29.8096250" lon="24.4181900">
    <ele>1107.9</ele>
   </trkpt>
   <trkpt lat="-29.8095820" lon="24.4182450">
    <ele>1107.9</ele>
   </trkpt>
   <trkpt lat="-29.8095350" lon="24.4182980">
    <ele>1107.8</ele>
   </trkpt>
   <trkpt lat="-29.8094880" lon="24.4183570">
    <ele>1107.7</ele>
   </trkpt>
   <trkpt lat="-29.8094350" lon="24.4184170">
    <ele>1107.6</ele>
   </trkpt>
   <trkpt lat="-29.8093780" lon="24.4184870">
    <ele>1107.5</ele>
   </trkpt>
   <trkpt lat="-29.8093170" lon="24.4185530">
    <ele>1107.4</ele>
   </trkpt>
   <trkpt lat="-29.8092600" lon="24.4186280">
    <ele>1107.3</ele>
   </trkpt>
   <trkpt lat="-29.8092100" lon="24.4187070">
    <ele>1107.2</ele>
   </trkpt>
   <trkpt lat="-29.8091620" lon="24.4187900">
    <ele>1107.1</ele>
   </trkpt>
   <trkpt lat="-29.8091200" lon="24.4188850">
    <ele>1107.0</ele>
   </trkpt>
   <trkpt lat="-29.8090850" lon="24.4189830">
    <ele>1106.9</ele>
   </trkpt>
   <trkpt lat="-29.8090650" lon="24.4190850">
    <ele>1106.9</ele>
   </trkpt>
   <trkpt lat="-29.8090470" lon="24.4191870">
    <ele>1106.9</ele>
   </trkpt>
   <trkpt lat="-29.8090300" lon="24.4192880">
    <ele>1106.9</ele>
   </trkpt>
   <trkpt lat="-29.8090170" lon="24.4193930">
    <ele>1106.9</ele>
   </trkpt>
   <trkpt lat="-29.8089980" lon="24.4194870">
    <ele>1106.9</ele>
   </trkpt>
   <trkpt lat="-29.8089670" lon="24.4195670">
    <ele>1106.9</ele>
   </trkpt>
   <trkpt lat="-29.8089270" lon="24.4196280">
    <ele>1106.9</ele>
   </trkpt>
   <trkpt lat="-29.8088670" lon="24.4196530">
    <ele>1106.8</ele>
   </trkpt>
   <trkpt lat="-29.8087950" lon="24.4196630">
    <ele>1106.7</ele>
   </trkpt>
   <trkpt lat="-29.8087180" lon="24.4196730">
    <ele>1106.5</ele>
   </trkpt>
   <trkpt lat="-29.8086380" lon="24.4196700">
    <ele>1106.4</ele>
   </trkpt>
   <trkpt lat="-29.8085530" lon="24.4196550">
    <ele>1106.2</ele>
   </trkpt>
   <trkpt lat="-29.8084680" lon="24.4196420">
    <ele>1106.0</ele>
   </trkpt>
   <trkpt lat="-29.8083850" lon="24.4196380">
    <ele>1105.9</ele>
   </trkpt>
   <trkpt lat="-29.8083000" lon="24.4196300">
    <ele>1105.7</ele>
   </trkpt>
   <trkpt lat="-29.8082130" lon="24.4196180">
    <ele>1105.5</ele>
   </trkpt>
   <trkpt lat="-29.8081230" lon="24.4196080">
    <ele>1105.4</ele>
   </trkpt>
   <trkpt lat="-29.8080330" lon="24.4196100">
    <ele>1105.3</ele>
   </trkpt>
   <trkpt lat="-29.8079430" lon="24.4196080">
    <ele>1105.1</ele>
   </trkpt>
   <trkpt lat="-29.8078550" lon="24.4196100">
    <ele>1105.0</ele>
   </trkpt>
   <trkpt lat="-29.8077670" lon="24.4196100">
    <ele>1105.0</ele>
   </trkpt>
   <trkpt lat="-29.8076800" lon="24.4196120">
    <ele>1104.9</ele>
   </trkpt>
   <trkpt lat="-29.8075980" lon="24.4196180">
    <ele>1104.8</ele>
   </trkpt>
   <trkpt lat="-29.8075250" lon="24.4196420">
    <ele>1104.7</ele>
   </trkpt>
   <trkpt lat="-29.8074620" lon="24.4196600">
    <ele>1104.7</ele>
   </trkpt>
   <trkpt lat="-29.8074030" lon="24.4196700">
    <ele>1104.7</ele>
   </trkpt>
   <trkpt lat="-29.8073530" lon="24.4196570">
    <ele>1104.6</ele>
   </trkpt>
   <trkpt lat="-29.8073170" lon="24.4196220">
    <ele>1104.6</ele>
   </trkpt>
   <trkpt lat="-29.8072980" lon="24.4195750">
    <ele>1104.6</ele>
   </trkpt>
   <trkpt lat="-29.8072920" lon="24.4195400">
    <ele>1104.6</ele>
   </trkpt>
   <trkpt lat="-29.8072950" lon="24.4195130">
    <ele>1104.6</ele>
   </trkpt>
   <trkpt lat="-29.8072980" lon="24.4195050">
    <ele>1104.6</ele>
   </trkpt>
   <trkpt lat="-29.8073040" lon="24.4195000">
    <ele>1104.6</ele>
   </trkpt>
   <trkpt lat="-29.8073110" lon="24.4194930">
    <ele>1104.5</ele>
   </trkpt>
   <trkpt lat="-29.8073180" lon="24.4194860">
    <ele>1104.5</ele>
   </trkpt>
   <trkpt lat="-29.8073250" lon="24.4194790">
    <ele>1104.5</ele>
   </trkpt>
   <trkpt lat="-29.8073320" lon="24.4194720">
    <ele>1104.5</ele>
   </trkpt>
   <trkpt lat="-29.8073390" lon="24.4194650">
    <ele>1104.5</ele>
   </trkpt>
   <trkpt lat="-29.8073450" lon="24.4194570">
    <ele>1104.5</ele>
   </trkpt>
   <trkpt lat="-29.8073520" lon="24.4194500">
    <ele>1104.5</ele>
   </trkpt>
   <trkpt lat="-29.8073590" lon="24.4194430">
    <ele>1104.5</ele>
   </trkpt>
   <trkpt lat="-29.8073660" lon="24.4194360">
    <ele>1104.5</ele>
   </trkpt>
   <trkpt lat="-29.8073730" lon="24.4194290">
    <ele>1104.5</ele>
   </trkpt>
   <trkpt lat="-29.8073800" lon="24.4194220">
    <ele>1104.4</ele>
   </trkpt>
   <trkpt lat="-29.8073870" lon="24.4194150">
    <ele>1104.4</ele>
   </trkpt>
   <trkpt lat="-29.8074150" lon="24.4194120">
    <ele>1104.9</ele>
   </trkpt>
   <trkpt lat="-29.8074450" lon="24.4194070">
    <ele>1105.4</ele>
   </trkpt>
   <trkpt lat="-29.8074780" lon="24.4194020">
    <ele>1105.8</ele>
   </trkpt>
   <trkpt lat="-29.8075120" lon="24.4193980">
    <ele>1106.1</ele>
   </trkpt>
   <trkpt lat="-29.8075450" lon="24.4194030">
    <ele>1106.1</ele>
   </trkpt>
   <trkpt lat="-29.8075800" lon="24.4194070">
    <ele>1106.2</ele>
   </trkpt>
   <trkpt lat="-29.8076130" lon="24.4194120">
    <ele>1106.1</ele>
   </trkpt>
   <trkpt lat="-29.8076480" lon="24.4194150">
    <ele>1106.0</ele>
   </trkpt>
   <trkpt lat="-29.8076850" lon="24.4194150">
    <ele>1106.0</ele>
   </trkpt>
   <trkpt lat="-29.8077220" lon="24.4194120">
    <ele>1105.9</ele>
   </trkpt>
   <trkpt lat="-29.8077570" lon="24.4194100">
    <ele>1105.9</ele>
   </trkpt>
   <trkpt lat="-29.8077900" lon="24.4194070">
    <ele>1105.8</ele>
   </trkpt>
   <trkpt lat="-29.8078270" lon="24.4194070">
    <ele>1105.6</ele>
   </trkpt>
   <trkpt lat="-29.8078630" lon="24.4194050">
    <ele>1105.4</ele>
   </trkpt>
   <trkpt lat="-29.8079020" lon="24.4194050">
    <ele>1105.2</ele>
   </trkpt>
   <trkpt lat="-29.8079380" lon="24.4194050">
    <ele>1104.9</ele>
   </trkpt>
   <trkpt lat="-29.8079750" lon="24.4194070">
    <ele>1104.6</ele>
   </trkpt>
   <trkpt lat="-29.8080120" lon="24.4194030">
    <ele>1104.3</ele>
   </trkpt>
   <trkpt lat="-29.8080470" lon="24.4194000">
    <ele>1104.0</ele>
   </trkpt>
   <trkpt lat="-29.8080830" lon="24.4194000">
    <ele>1103.7</ele>
   </trkpt>
   <trkpt lat="-29.8081200" lon="24.4193980">
    <ele>1103.4</ele>
   </trkpt>
   <trkpt lat="-29.8081570" lon="24.4193950">
    <ele>1103.1</ele>
   </trkpt>
   <trkpt lat="-29.8081930" lon="24.4193930">
    <ele>1102.8</ele>
   </trkpt>
   <trkpt lat="-29.8082320" lon="24.4193930">
    <ele>1102.6</ele>
   </trkpt>
   <trkpt lat="-29.8082700" lon="24.4193950">
    <ele>1102.5</ele>
   </trkpt>
   <trkpt lat="-29.8083080" lon="24.4193970">
    <ele>1102.4</ele>
   </trkpt>
   <trkpt lat="-29.8083480" lon="24.4193970">
    <ele>1102.4</ele>
   </trkpt>
   <trkpt lat="-29.8083870" lon="24.4193930">
    <ele>1102.4</ele>
   </trkpt>
   <trkpt lat="-29.8084270" lon="24.4193900">
    <ele>1102.2</ele>
   </trkpt>
   <trkpt lat="-29.8084650" lon="24.4193830">
    <ele>1101.9</ele>
   </trkpt>
   <trkpt lat="-29.8085030" lon="24.4193750">
    <ele>1101.7</ele>
   </trkpt>
   <trkpt lat="-29.8085380" lon="24.4193620">
    <ele>1101.5</ele>
   </trkpt>
   <trkpt lat="-29.8085730" lon="24.4193450">
    <ele>1101.9</ele>
   </trkpt>
   <trkpt lat="-29.8086050" lon="24.4193230">
    <ele>1102.1</ele>
   </trkpt>
   <trkpt lat="-29.8086350" lon="24.4192980">
    <ele>1102.6</ele>
   </trkpt>
   <trkpt lat="-29.8086650" lon="24.4192700">
    <ele>1102.9</ele>
   </trkpt>
   <trkpt lat="-29.8086900" lon="24.4192370">
    <ele>1102.9</ele>
   </trkpt>
   <trkpt lat="-29.8087130" lon="24.4191980">
    <ele>1103.1</ele>
   </trkpt>
   <trkpt lat="-29.8087330" lon="24.4191600">
    <ele>1103.0</ele>
   </trkpt>
   <trkpt lat="-29.8087480" lon="24.4191200">
    <ele>1103.3</ele>
   </trkpt>
   <trkpt lat="-29.8087620" lon="24.4190800">
    <ele>1103.3</ele>
   </trkpt>
   <trkpt lat="-29.8087680" lon="24.4190380">
    <ele>1103.3</ele>
   </trkpt>
   <trkpt lat="-29.8087700" lon="24.4189930">
    <ele>1103.4</ele>
   </trkpt>
   <trkpt lat="-29.8087650" lon="24.4189520">
    <ele>1103.4</ele>
   </trkpt>
   <trkpt lat="-29.8087580" lon="24.4189100">
    <ele>1103.5</ele>
   </trkpt>
   <trkpt lat="-29.8087480" lon="24.4188680">
    <ele>1103.5</ele>
   </trkpt>
   <trkpt lat="-29.8087350" lon="24.4188300">
    <ele>1103.6</ele>
   </trkpt>
   <trkpt lat="-29.8087200" lon="24.4187920">
    <ele>1103.6</ele>
   </trkpt>
   <trkpt lat="-29.8087050" lon="24.4187530">
    <ele>1103.6</ele>
   </trkpt>
   <trkpt lat="-29.8086800" lon="24.4187200">
    <ele>1103.8</ele>
   </trkpt>
   <trkpt lat="-29.8086500" lon="24.4186930">
    <ele>1104.3</ele>
   </trkpt>
   <trkpt lat="-29.8086220" lon="24.4186650">
    <ele>1104.5</ele>
   </trkpt>
   <trkpt lat="-29.8085950" lon="24.4186370">
    <ele>1104.5</ele>
   </trkpt>
   <trkpt lat="-29.8085630" lon="24.4186150">
    <ele>1104.4</ele>
   </trkpt>
   <trkpt lat="-29.8085300" lon="24.4185970">
    <ele>1104.3</ele>
   </trkpt>
   <trkpt lat="-29.8084950" lon="24.4185830">
    <ele>1104.1</ele>
   </trkpt>
   <trkpt lat="-29.8084580" lon="24.4185730">
    <ele>1104.0</ele>
   </trkpt>
   <trkpt lat="-29.8084200" lon="24.4185630">
    <ele>1103.9</ele>
   </trkpt>
   <trkpt lat="-29.8083830" lon="24.4185570">
    <ele>1103.9</ele>
   </trkpt>
   <trkpt lat="-29.8083470" lon="24.4185520">
    <ele>1103.8</ele>
   </trkpt>
   <trkpt lat="-29.8083080" lon="24.4185520">
    <ele>1103.7</ele>
   </trkpt>
   <trkpt lat="-29.8082700" lon="24.4185470">
    <ele>1103.6</ele>
   </trkpt>
   <trkpt lat="-29.8082330" lon="24.4185420">
    <ele>1103.5</ele>
   </trkpt>
   <trkpt lat="-29.8081950" lon="24.4185400">
    <ele>1103.4</ele>
   </trkpt>
   <trkpt lat="-29.8081600" lon="24.4185400">
    <ele>1103.3</ele>
   </trkpt>
   <trkpt lat="-29.8081250" lon="24.4185420">
    <ele>1103.2</ele>
   </trkpt>
   <trkpt lat="-29.8080930" lon="24.4185470">
    <ele>1103.1</ele>
   </trkpt>
   <trkpt lat="-29.8080630" lon="24.4185500">
    <ele>1103.1</ele>
   </trkpt>
   <trkpt lat="-29.8080350" lon="24.4185430">
    <ele>1103.0</ele>
   </trkpt>
   <trkpt lat="-29.8080010" lon="24.4185400">
    <ele>1103.0</ele>
   </trkpt>
   <trkpt lat="-29.8079920" lon="24.4185400">
    <ele>1103.0</ele>
   </trkpt>
   <trkpt lat="-29.8079770" lon="24.4185420">
    <ele>1103.0</ele>
   </trkpt>
   <trkpt lat="-29.8079700" lon="24.4185420">
    <ele>1103.0</ele>
   </trkpt>
   <trkpt lat="-29.8079670" lon="24.4185430">
    <ele>1103.0</ele>
   </trkpt>
   <trkpt lat="-29.8079630" lon="24.4185450">
    <ele>1103.0</ele>
   </trkpt>
   <trkpt lat="-29.8079630" lon="24.4185450">
    <ele>1103.0</ele>
   </trkpt>
   <trkpt lat="-29.8079630" lon="24.4185450">
    <ele>1103.0</ele>
   </trkpt>
   <trkpt lat="-29.8079630" lon="24.4185450">
    <ele>1103.0</ele>
   </trkpt>
   <trkpt lat="-29.8079630" lon="24.4185450">
    <ele>1103.0</ele>
   </trkpt>
   <trkpt lat="-29.8079630" lon="24.4185450">
    <ele>1103.0</ele>
   </trkpt>
   <trkpt lat="-29.8079630" lon="24.4185450">
    <ele>1103.0</ele>
   </trkpt>
   <trkpt lat="-29.8079630" lon="24.4185450">
    <ele>1103.0</ele>
   </trkpt>
  </trkseg>
 </trk>
</gpx>
