<?xml version="1.0" encoding="UTF-8"?>
<gpx creator="StravaGPX" version="1.1" xmlns="http://www.topografix.com/GPX/1/1" xmlns:xsi="http://www.w3.org/2001/XMLSchema-instance" xsi:schemaLocation="http://www.topografix.com/GPX/1/1 http://www.topografix.com/GPX/1/1/gpx.xsd">
 <trk>
  <name>Morning Ride</name>
  <type>cycling</type>
  <trkseg>
   <trkpt lat="-29.8080010" lon="24.4185670">
    <ele>1102.9</ele>
   </trkpt>
   <trkpt lat="-29.8080070" lon="24.4185730">
    <ele>1102.9</ele>
   </trkpt>
   <trkpt lat="-29.8080150" lon="24.4185710">
    <ele>1102.9</ele>
   </trkpt>
   <trkpt lat="-29.8080230" lon="24.4185680">
    <ele>1102.9</ele>
   </trkpt>
   <trkpt lat="-29.8080310" lon="24.4185660">
    <ele>1102.9</ele>
   </trkpt>
   <trkpt lat="-29.8080390" lon="24.4185630">
    <ele>1103.0</ele>
   </trkpt>
   <trkpt lat="-29.8080480" lon="24.4185610">
    <ele>1103.0</ele>
   </trkpt>
   <trkpt lat="-29.8080560" lon="24.4185580">
    <ele>1103.0</ele>
   </trkpt>
   <trkpt lat="-29.8080640" lon="24.4185550">
    <ele>1103.0</ele>
   </trkpt>
   <trkpt lat="-29.8080720" lon="24.4185530">
    <ele>1103.0</ele>
   </trkpt>
   <trkpt lat="-29.8080800" lon="24.4185500">
    <ele>1103.0</ele>
   </trkpt>
   <trkpt lat="-29.8080880" lon="24.4185480">
    <ele>1103.1</ele>
   </trkpt>
   <trkpt lat="-29.8080960" lon="24.4185450">
    <ele>1103.1</ele>
   </trkpt>
   <trkpt lat="-29.8081240" lon="24.4185450">
    <ele>1103.1</ele>
   </trkpt>
   <trkpt lat="-29.8081550" lon="24.4185470">
    <ele>1103.2</ele>
   </trkpt>
   <trkpt lat="-29.8081850" lon="24.4185420">
    <ele>1103.3</ele>
   </trkpt>
   <trkpt lat="-29.8082130" lon="24.4185390">
    <ele>1103.3</ele>
   </trkpt>
   <trkpt lat="-29.8082430" lon="24.4185400">
    <ele>1103.4</ele>
   </trkpt>
   <trkpt lat="-29.8082810" lon="24.4185450">
    <ele>1103.5</ele>
   </trkpt>
   <trkpt lat="-29.8082920" lon="24.4185500">
    <ele>1103.5</ele>
   </trkpt>
   <trkpt lat="-29.8083320" lon="24.4185530">
    <ele>1103.6</ele>
   </trkpt>
   <trkpt lat="-29.8083460" lon="24.4185520">
    <ele>1103.6</ele>
   </trkpt>
   <trkpt lat="-29.8083860" lon="24.4185500">
    <ele>1103.7</ele>
   </trkpt>
   <trkpt lat="-29.8084000" lon="24.4185500">
    <ele>1103.8</ele>
   </trkpt>
   <trkpt lat="-29.8084270" lon="24.4185580">
    <ele>1103.8</ele>
   </trkpt>
   <trkpt lat="-29.8084560" lon="24.4185650">
    <ele>1103.9</ele>
   </trkpt>
   <trkpt lat="-29.8084870" lon="24.4185760">
    <ele>1104.0</ele>
   </trkpt>
   <trkpt lat="-29.8085190" lon="24.4185880">
    <ele>1104.1</ele>
   </trkpt>
   <trkpt lat="-29.8085490" lon="24.4186020">
    <ele>1104.3</ele>
   </trkpt>
   <trkpt lat="-29.8085800" lon="24.4186160">
    <ele>1104.4</ele>
   </trkpt>
   <trkpt lat="-29.8086100" lon="24.4186340">
    <ele>1104.6</ele>
   </trkpt>
   <trkpt lat="-29.8086360" lon="24.4186580">
    <ele>1104.5</ele>
   </trkpt>
   <trkpt lat="-29.8086580" lon="24.4186850">
    <ele>1104.3</ele>
   </trkpt>
   <trkpt lat="-29.8086810" lon="24.4187120">
    <ele>1103.9</ele>
   </trkpt>
   <trkpt lat="-29.8087040" lon="24.4187410">
    <ele>1103.7</ele>
   </trkpt>
   <trkpt lat="-29.8087250" lon="24.4187720">
    <ele>1103.6</ele>
   </trkpt>
   <trkpt lat="-29.8087450" lon="24.4188040">
    <ele>1103.6</ele>
   </trkpt>
   <trkpt lat="-29.8087610" lon="24.4188390">
    <ele>1103.5</ele>
   </trkpt>
   <trkpt lat="-29.8087740" lon="24.4188760">
    <ele>1103.2</ele>
   </trkpt>
   <trkpt lat="-29.8087840" lon="24.4189140">
    <ele>1103.3</ele>
   </trkpt>
   <trkpt lat="-29.8087880" lon="24.4189520">
    <ele>1103.2</ele>
   </trkpt>
   <trkpt lat="-29.8087890" lon="24.4189890">
    <ele>1103.3</ele>
   </trkpt>
   <trkpt lat="-29.8087900" lon="24.4190270">
    <ele>1103.4</ele>
   </trkpt>
   <trkpt lat="-29.8087870" lon="24.4190600">
    <ele>1103.5</ele>
   </trkpt>
   <trkpt lat="-29.8087820" lon="24.4190970">
    <ele>1103.7</ele>
   </trkpt>
   <trkpt lat="-29.8087750" lon="24.4191300">
    <ele>1103.7</ele>
   </trkpt>
   <trkpt lat="-29.8087650" lon="24.4191650">
    <ele>1103.5</ele>
   </trkpt>
   <trkpt lat="-29.8087480" lon="24.4191980">
    <ele>1103.5</ele>
   </trkpt>
   <trkpt lat="-29.8087270" lon="24.4192300">
    <ele>1103.3</ele>
   </trkpt>
   <trkpt lat="-29.8087070" lon="24.4192620">
    <ele>1103.2</ele>
   </trkpt>
   <trkpt lat="-29.8086830" lon="24.4192900">
    <ele>1103.0</ele>
   </trkpt>
   <trkpt lat="-29.8086580" lon="24.4193150">
    <ele>1102.6</ele>
   </trkpt>
   <trkpt lat="-29.8086320" lon="24.4193380">
    <ele>1102.6</ele>
   </trkpt>
   <trkpt lat="-29.8086000" lon="24.4193550">
    <ele>1102.0</ele>
   </trkpt>
   <trkpt lat="-29.8085670" lon="24.4193730">
    <ele>1101.8</ele>
   </trkpt>
   <trkpt lat="-29.8085320" lon="24.4193880">
    <ele>1101.7</ele>
   </trkpt>
   <trkpt lat="-29.8084930" lon="24.4193980">
    <ele>1101.7</ele>
   </trkpt>
   <trkpt lat="-29.8084530" lon="24.4194080">
    <ele>1102.1</ele>
   </trkpt>
   <trkpt lat="-29.8084130" lon="24.4194130">
    <ele>1102.4</ele>
   </trkpt>
   <trkpt lat="-29.8083770" lon="24.4194150">
    <ele>1102.5</ele>
   </trkpt>
   <trkpt lat="-29.8083400" lon="24.4194150">
    <ele>1102.6</ele>
   </trkpt>
   <trkpt lat="-29.8083070" lon="24.4194170">
    <ele>1102.6</ele>
   </trkpt>
   <trkpt lat="-29.8082720" lon="24.4194150">
    <ele>1102.6</ele>
   </trkpt>
   <trkpt lat="-29.8082380" lon="24.4194170">
    <ele>1102.8</ele>
   </trkpt>
   <trkpt lat="-29.8082030" lon="24.4194150">
    <ele>1103.0</ele>
   </trkpt>
   <trkpt lat="-29.8081680" lon="24.4194150">
    <ele>1103.3</ele>
   </trkpt>
   <trkpt lat="-29.8081300" lon="24.4194150">
    <ele>1103.6</ele>
   </trkpt>
   <trkpt lat="-29.8080930" lon="24.4194130">
    <ele>1103.9</ele>
   </trkpt>
   <trkpt lat="-29.8080570" lon="24.4194150">
    <ele>1104.2</ele>
   </trkpt>
   <trkpt lat="-29.8080200" lon="24.4194170">
    <ele>1104.5</ele>
   </trkpt>
   <trkpt lat="-29.8079800" lon="24.4194150">
    <ele>1104.8</ele>
   </trkpt>
   <trkpt lat="-29.8079430" lon="24.4194170">
    <ele>1105.1</ele>
   </trkpt>
   <trkpt lat="-29.8079070" lon="24.4194200">
    <ele>1105.3</ele>
   </trkpt>
   <trkpt lat="-29.8078730" lon="24.4194200">
    <ele>1105.6</ele>
   </trkpt>
   <trkpt lat="-29.8078400" lon="24.4194200">
    <ele>1105.8</ele>
   </trkpt>
   <trkpt lat="-29.8078050" lon="24.4194230">
    <ele>1106.0</ele>
   </trkpt>
   <trkpt lat="-29.8077720" lon="24.4194250">
    <ele>1106.0</ele>
   </trkpt>
   <trkpt lat="-29.8077380" lon="24.4194250">
    <ele>1106.1</ele>
   </trkpt>
   <trkpt lat="-29.8077030" lon="24.4194230">
    <ele>1106.1</ele>
   </trkpt>
   <trkpt lat="-29.8076680" lon="24.4194180">
    <ele>1106.2</ele>
   </trkpt>
   <trkpt lat="-29.8076350" lon="24.4194120">
    <ele>1106.3</ele>
   </trkpt>
   <trkpt lat="-29.8076030" lon="24.4194070">
    <ele>1106.3</ele>
   </trkpt>
   <trkpt lat="-29.8075730" lon="24.4194000">
    <ele>1106.4</ele>
   </trkpt>
   <trkpt lat="-29.8075420" lon="24.4193920">
    <ele>1106.3</ele>
   </trkpt>
   <trkpt lat="-29.8075100" lon="24.4193830">
    <ele>1106.1</ele>
   </trkpt>
   <trkpt lat="-29.8074780" lon="24.4193770">
    <ele>1105.8</ele>
   </trkpt>
   <trkpt lat="-29.8074470" lon="24.4193680">
    <ele>1105.5</ele>
   </trkpt>
   <trkpt lat="-29.8074130" lon="24.4193600">
    <ele>1105.1</ele>
   </trkpt>
   <trkpt lat="-29.8073830" lon="24.4193500">
    <ele>1104.7</ele>
   </trkpt>
   <trkpt lat="-29.8073530" lon="24.4193430">
    <ele>1104.4</ele>
   </trkpt>
   <trkpt lat="-29.8073160" lon="24.4193420">
    <ele>1104.4</ele>
   </trkpt>
   <trkpt lat="-29.8073050" lon="24.4193430">
    <ele>1104.4</ele>
   </trkpt>
   <trkpt lat="-29.8072880" lon="24.4193550">
    <ele>1104.4</ele>
   </trkpt>
   <trkpt lat="-29.8072780" lon="24.4193700">
    <ele>1104.4</ele>
   </trkpt>
   <trkpt lat="-29.8072720" lon="24.4194050">
    <ele>1104.5</ele>
   </trkpt>
   <trkpt lat="-29.8072720" lon="24.4194170">
    <ele>1104.5</ele>
   </trkpt>
   <trkpt lat="-29.8072720" lon="24.4194400">
    <ele>1104.5</ele>
   </trkpt>
   <trkpt lat="-29.8072700" lon="24.4194570">
    <ele>1104.5</ele>
   </trkpt>
   <trkpt lat="-29.8072700" lon="24.4194730">
    <ele>1104.5</ele>
   </trkpt>
   <trkpt lat="-29.8072720" lon="24.4194780">
    <ele>1104.5</ele>
   </trkpt>
   <trkpt lat="-29.8072730" lon="24.4194850">
    <ele>1104.5</ele>
   </trkpt>
   <trkpt lat="-29.8072770" lon="24.4194920">
    <ele>1104.5</ele>
   </trkpt>
   <trkpt lat="-29.8072770" lon="24.4194930">
    <ele>1104.5</ele>
   </trkpt>
   <trkpt lat="-29.8072780" lon="24.4194930">
    <ele>1104.5</ele>
   </trkpt>
   <trkpt lat="-29.8072830" lon="24.4194930">
    <ele>1104.5</ele>
   </trkpt>
   <trkpt lat="-29.8072880" lon="24.4194920">
    <ele>1104.5</ele>
   </trkpt>
   <trkpt lat="-29.8072880" lon="24.4194920">
    <ele>1104.5</ele>
   </trkpt>
   <trkpt lat="-29.8072880" lon="24.4194900">
    <ele>1104.5</ele>
   </trkpt>
   <trkpt lat="-29.8072870" lon="24.4194880">
    <ele>1104.5</ele>
   </trkpt>
   <trkpt lat="-29.8072870" lon="24.4194880">
    <ele>1104.5</ele>
   </trkpt>
   <trkpt lat="-29.8072870" lon="24.4194880">
    <ele>1104.5</ele>
   </trkpt>
   <trkpt lat="-29.8072870" lon="24.4194880">
    <ele>1104.5</ele>
   </trkpt>
   <trkpt lat="-29.8072870" lon="24.4194880">
    <ele>1104.5</ele>
   </trkpt>
   <trkpt lat="-29.8072870" lon="24.4194880">
    <ele>1104.5</ele>
   </trkpt>
   <trkpt lat="-29.8072870" lon="24.4194880">
    <ele>1104.5</ele>
   </trkpt>
   <trkpt lat="-29.8072870" lon="24.4194880">
    <ele>1104.5</ele>
   </trkpt>
   <trkpt lat="-29.8073000" lon="24.4195850">
    <ele>1104.6</ele>
   </trkpt>
   <trkpt lat="-29.8073120" lon="24.4196020">
    <ele>1104.6</ele>
   </trkpt>
   <trkpt lat="-29.8073200" lon="24.4196150">
    <ele>1104.6</ele>
   </trkpt>
   <trkpt lat="-29.8073280" lon="24.4196250">
    <ele>1104.6</ele>
   </trkpt>
   <trkpt lat="-29.8073350" lon="24.4196280">
    <ele>1104.6</ele>
   </trkpt>
   <trkpt lat="-29.8073420" lon="24.4196320">
    <ele>1104.6</ele>
   </trkpt>
   <trkpt lat="-29.8073430" lon="24.4196330">
    <ele>1104.6</ele>
   </trkpt>
   <trkpt lat="-29.8073400" lon="24.4196300">
    <ele>1104.6</ele>
   </trkpt>
   <trkpt lat="-29.8073400" lon="24.4196250">
    <ele>1104.6</ele>
   </trkpt>
   <trkpt lat="-29.8073420" lon="24.4196250">
    <ele>1104.6</ele>
   </trkpt>
   <trkpt lat="-29.8073430" lon="24.4196270">
    <ele>1104.6</ele>
   </trkpt>
   <trkpt lat="-29.8073430" lon="24.4196280">
    <ele>1104.6</ele>
   </trkpt>
   <trkpt lat="-29.8073530" lon="24.4196330">
    <ele>1104.6</ele>
   </trkpt>
   <trkpt lat="-29.8073620" lon="24.4196380">
    <ele>1104.7</ele>
   </trkpt>
   <trkpt lat="-29.8073670" lon="24.4196400">
    <ele>1104.7</ele>
   </trkpt>
   <trkpt lat="-29.8073750" lon="24.4196450">
    <ele>1104.7</ele>
   </trkpt>
   <trkpt lat="-29.8073920" lon="24.4196500">
    <ele>1104.7</ele>
   </trkpt>
   <trkpt lat="-29.8074100" lon="24.4196500">
    <ele>1104.7</ele>
   </trkpt>
   <trkpt lat="-29.8074380" lon="24.4196500">
    <ele>1104.7</ele>
   </trkpt>
   <trkpt lat="-29.8074480" lon="24.4196500">
    <ele>1104.7</ele>
   </trkpt>
   <trkpt lat="-29.8074630" lon="24.4196470">
    <ele>1104.7</ele>
   </trkpt>
   <trkpt lat="-29.8074780" lon="24.4196430">
    <ele>1104.7</ele>
   </trkpt>
   <trkpt lat="-29.8075180" lon="24.4196420">
    <ele>1104.8</ele>
   </trkpt>
   <trkpt lat="-29.8075320" lon="24.4196400">
    <ele>1104.8</ele>
   </trkpt>
   <trkpt lat="-29.8075600" lon="24.4196380">
    <ele>1104.8</ele>
   </trkpt>
   <trkpt lat="-29.8075900" lon="24.4196370">
    <ele>1104.8</ele>
   </trkpt>
   <trkpt lat="-29.8076180" lon="24.4196330">
    <ele>1104.8</ele>
   </trkpt>
   <trkpt lat="-29.8076550" lon="24.4196310">
    <ele>1104.9</ele>
   </trkpt>
   <trkpt lat="-29.8076650" lon="24.4196300">
    <ele>1104.9</ele>
   </trkpt>
   <trkpt lat="-29.8077010" lon="24.4196300">
    <ele>1104.9</ele>
   </trkpt>
   <trkpt lat="-29.8077150" lon="24.4196300">
    <ele>1104.9</ele>
   </trkpt>
   <trkpt lat="-29.8077520" lon="24.4196250">
    <ele>1104.9</ele>
   </trkpt>
   <trkpt lat="-29.8077900" lon="24.4196180">
    <ele>1105.0</ele>
   </trkpt>
   <trkpt lat="-29.8078320" lon="24.4196180">
    <ele>1105.0</ele>
   </trkpt>
   <trkpt lat="-29.8078730" lon="24.4196170">
    <ele>1105.0</ele>
   </trkpt>
   <trkpt lat="-29.8079170" lon="24.4196170">
    <ele>1105.0</ele>
   </trkpt>
   <trkpt lat="-29.8079600" lon="24.4196200">
    <ele>1105.0</ele>
   </trkpt>
   <trkpt lat="-29.8080080" lon="24.4196230">
    <ele>1105.0</ele>
   </trkpt>
   <trkpt lat="-29.8080650" lon="24.4196280">
    <ele>1105.0</ele>
   </trkpt>
   <trkpt lat="-29.8081200" lon="24.4196270">
    <ele>1105.0</ele>
   </trkpt>
   <trkpt lat="-29.8081770" lon="24.4196270">
    <ele>1105.0</ele>
   </trkpt>
   <trkpt lat="-29.8082350" lon="24.4196250">
    <ele>1105.0</ele>
   </trkpt>
   <trkpt lat="-29.8082950" lon="24.4196250">
    <ele>1105.0</ele>
   </trkpt>
   <trkpt lat="-29.8083570" lon="24.4196280">
    <ele>1105.0</ele>
   </trkpt>
   <trkpt lat="-29.8084220" lon="24.4196400">
    <ele>1105.0</ele>
   </trkpt>
   <trkpt lat="-29.8084880" lon="24.4196500">
    <ele>1105.0</ele>
   </trkpt>
   <trkpt lat="-29.8085580" lon="24.4196600">
    <ele>1105.0</ele>
   </trkpt>
   <trkpt lat="-29.8086230" lon="24.4196680">
    <ele>1105.1</ele>
   </trkpt>
   <trkpt lat="-29.8086880" lon="24.4196780">
    <ele>1105.1</ele>
   </trkpt>
   <trkpt lat="-29.8087530" lon="24.4196830">
    <ele>1105.1</ele>
   </trkpt>
   <trkpt lat="-29.8088180" lon="24.4196820">
    <ele>1105.1</ele>
   </trkpt>
   <trkpt lat="-29.8088780" lon="24.4196770">
    <ele>1105.1</ele>
   </trkpt>
   <trkpt lat="-29.8089350" lon="24.4196600">
    <ele>1105.1</ele>
   </trkpt>
   <trkpt lat="-29.8089830" lon="24.4196320">
    <ele>1105.1</ele>
   </trkpt>
   <trkpt lat="-29.8090270" lon="24.4195900">
    <ele>1105.2</ele>
   </trkpt>
   <trkpt lat="-29.8090680" lon="24.4195450">
    <ele>1105.2</ele>
   </trkpt>
   <trkpt lat="-29.8090730" lon="24.4194620">
    <ele>1105.3</ele>
   </trkpt>
   <trkpt lat="-29.8090820" lon="24.4193880">
    <ele>1105.4</ele>
   </trkpt>
   <trkpt lat="-29.8090900" lon="24.4193130">
    <ele>1105.5</ele>
   </trkpt>
   <trkpt lat="-29.8091000" lon="24.4192400">
    <ele>1105.5</ele>
   </trkpt>
   <trkpt lat="-29.8091130" lon="24.4191630">
    <ele>1105.6</ele>
   </trkpt>
   <trkpt lat="-29.8091250" lon="24.4190830">
    <ele>1105.7</ele>
   </trkpt>
   <trkpt lat="-29.8091380" lon="24.4190100">
    <ele>1105.8</ele>
   </trkpt>
   <trkpt lat="-29.8091520" lon="24.4189380">
    <ele>1105.8</ele>
   </trkpt>
   <trkpt lat="-29.8091670" lon="24.4188720">
    <ele>1105.9</ele>
   </trkpt>
   <trkpt lat="-29.8091900" lon="24.4188020">
    <ele>1106.0</ele>
   </trkpt>
   <trkpt lat="-29.8092220" lon="24.4187450">
    <ele>1106.0</ele>
   </trkpt>
   <trkpt lat="-29.8092520" lon="24.4186920">
    <ele>1106.2</ele>
   </trkpt>
   <trkpt lat="-29.8092870" lon="24.4186400">
    <ele>1106.3</ele>
   </trkpt>
   <trkpt lat="-29.8093270" lon="24.4185930">
    <ele>1106.4</ele>
   </trkpt>
   <trkpt lat="-29.8093680" lon="24.4185480">
    <ele>1106.5</ele>
   </trkpt>
   <trkpt lat="-29.8094100" lon="24.4184980">
    <ele>1106.7</ele>
   </trkpt>
   <trkpt lat="-29.8094480" lon="24.4184480">
    <ele>1106.8</ele>
   </trkpt>
   <trkpt lat="-29.8094870" lon="24.4184000">
    <ele>1106.9</ele>
   </trkpt>
   <trkpt lat="-29.8095270" lon="24.4183500">
    <ele>1107.1</ele>
   </trkpt>
   <trkpt lat="-29.8095700" lon="24.4183030">
    <ele>1107.2</ele>
   </trkpt>
   <trkpt lat="-29.8096130" lon="24.4182570">
    <ele>1107.9</ele>
   </trkpt>
   <trkpt lat="-29.8096550" lon="24.4182130">
    <ele>1108.6</ele>
   </trkpt>
   <trkpt lat="-29.8096900" lon="24.4181730">
    <ele>1108.7</ele>
   </trkpt>
   <trkpt lat="-29.8097220" lon="24.4181330">
    <ele>1108.5</ele>
   </trkpt>
   <trkpt lat="-29.8097550" lon="24.4180900">
    <ele>1108.1</ele>
   </trkpt>
   <trkpt lat="-29.8097900" lon="24.4180420">
    <ele>1107.7</ele>
   </trkpt>
   <trkpt lat="-29.8098300" lon="24.4179870">
    <ele>1107.2</ele>
   </trkpt>
   <trkpt lat="-29.8098750" lon="24.4179300">
    <ele>1107.5</ele>
   </trkpt>
   <trkpt lat="-29.8099270" lon="24.4178730">
    <ele>1107.8</ele>
   </trkpt>
   <trkpt lat="-29.8099780" lon="24.4178130">
    <ele>1108.2</ele>
   </trkpt>
   <trkpt lat="-29.8100330" lon="24.4177550">
    <ele>1108.5</ele>
   </trkpt>
   <trkpt lat="-29.8100900" lon="24.4176930">
    <ele>1108.9</ele>
   </trkpt>
   <trkpt lat="-29.8101480" lon="24.4176300">
    <ele>1109.1</ele>
   </trkpt>
   <trkpt lat="-29.8102050" lon="24.4175630">
    <ele>1109.0</ele>
   </trkpt>
   <trkpt lat="-29.8102620" lon="24.4174970">
    <ele>1109.2</ele>
   </trkpt>
   <trkpt lat="-29.8103200" lon="24.4174270">
    <ele>1109.5</ele>
   </trkpt>
   <trkpt lat="-29.8103780" lon="24.4173530">
    <ele>1109.8</ele>
   </trkpt>
   <trkpt lat="-29.8104380" lon="24.4172820">
    <ele>1110.1</ele>
   </trkpt>
   <trkpt lat="-29.8105000" lon="24.4172100">
    <ele>1110.5</ele>
   </trkpt>
   <trkpt lat="-29.8105600" lon="24.4171320">
    <ele>1110.8</ele>
   </trkpt>
   <trkpt lat="-29.8106220" lon="24.4170550">
    <ele>1111.1</ele>
   </trkpt>
   <trkpt lat="-29.8106830" lon="24.4169800">
    <ele>1111.5</ele>
   </trkpt>
   <trkpt lat="-29.8107450" lon="24.4169100">
    <ele>1111.7</ele>
   </trkpt>
   <trkpt lat="-29.8108000" lon="24.4168470">
    <ele>1111.5</ele>
   </trkpt>
   <trkpt lat="-29.8108520" lon="24.4167850">
    <ele>1111.3</ele>
   </trkpt>
   <trkpt lat="-29.8109020" lon="24.4167230">
    <ele>1111.1</ele>
   </trkpt>
   <trkpt lat="-29.8109430" lon="24.4166600">
    <ele>1111.0</ele>
   </trkpt>
   <trkpt lat="-29.8109720" lon="24.4165970">
    <ele>1110.9</ele>
   </trkpt>
   <trkpt lat="-29.8109780" lon="24.4165300">
    <ele>1110.9</ele>
   </trkpt>
   <trkpt lat="-29.8109770" lon="24.4164670">
    <ele>1110.8</ele>
   </trkpt>
   <trkpt lat="-29.8109530" lon="24.4164080">
    <ele>1110.6</ele>
   </trkpt>
   <trkpt lat="-29.8109000" lon="24.4163550">
    <ele>1110.3</ele>
   </trkpt>
   <trkpt lat="-29.8108430" lon="24.4162980">
    <ele>1110.2</ele>
   </trkpt>
   <trkpt lat="-29.8107800" lon="24.4162380">
    <ele>1110.1</ele>
   </trkpt>
   <trkpt lat="-29.8107170" lon="24.4161750">
    <ele>1110.0</ele>
   </trkpt>
   <trkpt lat="-29.8106480" lon="24.4161050">
    <ele>1110.0</ele>
   </trkpt>
   <trkpt lat="-29.8105820" lon="24.4160350">
    <ele>1110.0</ele>
   </trkpt>
   <trkpt lat="-29.8105180" lon="24.4159670">
    <ele>1110.0</ele>
   </trkpt>
   <trkpt lat="-29.8104530" lon="24.4159020">
    <ele>1110.0</ele>
   </trkpt>
   <trkpt lat="-29.8103900" lon="24.4158400">
    <ele>1109.9</ele>
   </trkpt>
   <trkpt lat="-29.8103300" lon="24.4157800">
    <ele>1109.9</ele>
   </trkpt>
   <trkpt lat="-29.8102750" lon="24.4157230">
    <ele>1109.4</ele>
   </trkpt>
   <trkpt lat="-29.8102180" lon="24.4156670">
    <ele>1108.9</ele>
   </trkpt>
   <trkpt lat="-29.8101650" lon="24.4156170">
    <ele>1108.5</ele>
   </trkpt>
   <trkpt lat="-29.8101170" lon="24.4155670">
    <ele>1108.0</ele>
   </trkpt>
   <trkpt lat="-29.8100620" lon="24.4155130">
    <ele>1107.8</ele>
   </trkpt>
   <trkpt lat="-29.8100080" lon="24.4154600">
    <ele>1107.5</ele>
   </trkpt>
   <trkpt lat="-29.8099550" lon="24.4154070">
    <ele>1107.1</ele>
   </trkpt>
   <trkpt lat="-29.8099000" lon="24.4153520">
    <ele>1107.0</ele>
   </trkpt>
   <trkpt lat="-29.8098480" lon="24.4153000">
    <ele>1106.9</ele>
   </trkpt>
   <trkpt lat="-29.8098030" lon="24.4152530">
    <ele>1106.9</ele>
   </trkpt>
   <trkpt lat="-29.8097670" lon="24.4152170">
    <ele>1106.8</ele>
   </trkpt>
   <trkpt lat="-29.8097380" lon="24.4151900">
    <ele>1106.8</ele>
   </trkpt>
   <trkpt lat="-29.8097130" lon="24.4151700">
    <ele>1106.8</ele>
   </trkpt>
   <trkpt lat="-29.8096870" lon="24.4151600">
    <ele>1106.7</ele>
   </trkpt>
   <trkpt lat="-29.8096530" lon="24.4151670">
    <ele>1106.6</ele>
   </trkpt>
   <trkpt lat="-29.8096150" lon="24.4151920">
    <ele>1106.4</ele>
   </trkpt>
   <trkpt lat="-29.8095780" lon="24.4152270">
    <ele>1106.2</ele>
   </trkpt>
   <trkpt lat="-29.8095400" lon="24.4152730">
    <ele>1106.1</ele>
   </trkpt>
   <trkpt lat="-29.8095020" lon="24.4153220">
    <ele>1106.1</ele>
   </trkpt>
   <trkpt lat="-29.8094580" lon="24.4153750">
    <ele>1106.0</ele>
   </trkpt>
   <trkpt lat="-29.8094150" lon="24.4154320">
    <ele>1105.8</ele>
   </trkpt>
   <trkpt lat="-29.8093730" lon="24.4154870">
    <ele>1105.7</ele>
   </trkpt>
   <trkpt lat="-29.8093280" lon="24.4155450">
    <ele>1105.4</ele>
   </trkpt>
   <trkpt lat="-29.8092780" lon="24.4156080">
    <ele>1105.2</ele>
   </trkpt>
   <trkpt lat="-29.8092250" lon="24.4156750">
    <ele>1105.2</ele>
   </trkpt>
   <trkpt lat="-29.8091680" lon="24.4157450">
    <ele>1105.1</ele>
   </trkpt>
   <trkpt lat="-29.8091100" lon="24.4158170">
    <ele>1104.8</ele>
   </trkpt>
   <trkpt lat="-29.8090550" lon="24.4158850">
    <ele>1104.1</ele>
   </trkpt>
   <trkpt lat="-29.8090020" lon="24.4159470">
    <ele>1103.4</ele>
   </trkpt>
   <trkpt lat="-29.8089570" lon="24.4160020">
    <ele>1102.8</ele>
   </trkpt>
   <trkpt lat="-29.8089170" lon="24.4160470">
    <ele>1102.5</ele>
   </trkpt>
   <trkpt lat="-29.8088880" lon="24.4160780">
    <ele>1102.7</ele>
   </trkpt>
   <trkpt lat="-29.8088620" lon="24.4161050">
    <ele>1102.6</ele>
   </trkpt>
   <trkpt lat="-29.8088370" lon="24.4161350">
    <ele>1102.6</ele>
   </trkpt>
   <trkpt lat="-29.8088070" lon="24.4161720">
    <ele>1102.5</ele>
   </trkpt>
   <trkpt lat="-29.8087700" lon="24.4162150">
    <ele>1102.4</ele>
   </trkpt>
   <trkpt lat="-29.8087250" lon="24.4162680">
    <ele>1102.4</ele>
   </trkpt>
   <trkpt lat="-29.8086770" lon="24.4163270">
    <ele>1102.3</ele>
   </trkpt>
   <trkpt lat="-29.8086250" lon="24.4163880">
    <ele>1102.2</ele>
   </trkpt>
   <trkpt lat="-29.8085730" lon="24.4164550">
    <ele>1102.1</ele>
   </trkpt>
   <trkpt lat="-29.8085200" lon="24.4165280">
    <ele>1102.0</ele>
   </trkpt>
   <trkpt lat="-29.8084620" lon="24.4166080">
    <ele>1102.0</ele>
   </trkpt>
   <trkpt lat="-29.8084050" lon="24.4166830">
    <ele>1102.0</ele>
   </trkpt>
   <trkpt lat="-29.8083470" lon="24.4167570">
    <ele>1102.0</ele>
   </trkpt>
   <trkpt lat="-29.8082880" lon="24.4168300">
    <ele>1102.0</ele>
   </trkpt>
   <trkpt lat="-29.8082330" lon="24.4169020">
    <ele>1102.0</ele>
   </trkpt>
   <trkpt lat="-29.8081800" lon="24.4169700">
    <ele>1102.0</ele>
   </trkpt>
   <trkpt lat="-29.8081300" lon="24.4170380">
    <ele>1102.1</ele>
   </trkpt>
   <trkpt lat="-29.8080830" lon="24.4171020">
    <ele>1102.3</ele>
   </trkpt>
   <trkpt lat="-29.8080400" lon="24.4171570">
    <ele>1102.4</ele>
   </trkpt>
   <trkpt lat="-29.8079970" lon="24.4172000">
    <ele>1102.5</ele>
   </trkpt>
   <trkpt lat="-29.8079500" lon="24.4172280">
    <ele>1102.7</ele>
   </trkpt>
   <trkpt lat="-29.8079050" lon="24.4172420">
    <ele>1102.8</ele>
   </trkpt>
   <trkpt lat="-29.8078620" lon="24.4172300">
    <ele>1102.4</ele>
   </trkpt>
   <trkpt lat="-29.8078130" lon="24.4172020">
    <ele>1102.1</ele>
   </trkpt>
   <trkpt lat="-29.8077620" lon="24.4171570">
    <ele>1101.7</ele>
   </trkpt>
   <trkpt lat="-29.8077070" lon="24.4170930">
    <ele>1101.3</ele>
   </trkpt>
   <trkpt lat="-29.8076500" lon="24.4170250">
    <ele>1100.8</ele>
   </trkpt>
   <trkpt lat="-29.8075950" lon="24.4169570">
    <ele>1100.3</ele>
   </trkpt>
   <trkpt lat="-29.8075330" lon="24.4168900">
    <ele>1100.0</ele>
   </trkpt>
   <trkpt lat="-29.8074650" lon="24.4168170">
    <ele>1100.0</ele>
   </trkpt>
   <trkpt lat="-29.8074000" lon="24.4167450">
    <ele>1100.1</ele>
   </trkpt>
   <trkpt lat="-29.8073380" lon="24.4166720">
    <ele>1100.2</ele>
   </trkpt>
   <trkpt lat="-29.8072780" lon="24.4165980">
    <ele>1100.3</ele>
   </trkpt>
   <trkpt lat="-29.8072200" lon="24.4165320">
    <ele>1100.5</ele>
   </trkpt>
   <trkpt lat="-29.8071620" lon="24.4164670">
    <ele>1100.6</ele>
   </trkpt>
   <trkpt lat="-29.8071030" lon="24.4164020">
    <ele>1100.7</ele>
   </trkpt>
   <trkpt lat="-29.8070480" lon="24.4163400">
    <ele>1100.8</ele>
   </trkpt>
   <trkpt lat="-29.8070020" lon="24.4162800">
    <ele>1100.9</ele>
   </trkpt>
   <trkpt lat="-29.8069600" lon="24.4162250">
    <ele>1100.9</ele>
   </trkpt>
   <trkpt lat="-29.8069270" lon="24.4161700">
    <ele>1101.0</ele>
   </trkpt>
   <trkpt lat="-29.8068930" lon="24.4161170">
    <ele>1101.0</ele>
   </trkpt>
   <trkpt lat="-29.8068570" lon="24.4160750">
    <ele>1101.0</ele>
   </trkpt>
   <trkpt lat="-29.8068070" lon="24.4160470">
    <ele>1101.0</ele>
   </trkpt>
   <trkpt lat="-29.8067570" lon="24.4160180">
    <ele>1101.0</ele>
   </trkpt>
   <trkpt lat="-29.8067030" lon="24.4159780">
    <ele>1101.0</ele>
   </trkpt>
   <trkpt lat="-29.8066520" lon="24.4159270">
    <ele>1101.0</ele>
   </trkpt>
   <trkpt lat="-29.8065970" lon="24.4158680">
    <ele>1101.0</ele>
   </trkpt>
   <trkpt lat="-29.8065380" lon="24.4158050">
    <ele>1101.0</ele>
   </trkpt>
   <trkpt lat="-29.8064780" lon="24.4157450">
    <ele>1101.0</ele>
   </trkpt>
   <trkpt lat="-29.8064180" lon="24.4156820">
    <ele>1101.0</ele>
   </trkpt>
   <trkpt lat="-29.8063620" lon="24.4156180">
    <ele>1101.0</ele>
   </trkpt>
   <trkpt lat="-29.8063100" lon="24.4155600">
    <ele>1101.0</ele>
   </trkpt>
   <trkpt lat="-29.8062680" lon="24.4155080">
    <ele>1101.0</ele>
   </trkpt>
   <trkpt lat="-29.8062330" lon="24.4154720">
    <ele>1100.9</ele>
   </trkpt>
   <trkpt lat="-29.8062050" lon="24.4154480">
    <ele>1100.9</ele>
   </trkpt>
   <trkpt lat="-29.8061770" lon="24.4154370">
    <ele>1100.8</ele>
   </trkpt>
   <trkpt lat="-29.8061450" lon="24.4154330">
    <ele>1100.8</ele>
   </trkpt>
   <trkpt lat="-29.8061050" lon="24.4154450">
    <ele>1100.6</ele>
   </trkpt>
   <trkpt lat="-29.8060670" lon="24.4154730">
    <ele>1100.3</ele>
   </trkpt>
   <trkpt lat="-29.8060330" lon="24.4155170">
    <ele>1100.1</ele>
   </trkpt>
   <trkpt lat="-29.8059950" lon="24.4155720">
    <ele>1099.8</ele>
   </trkpt>
   <trkpt lat="-29.8059530" lon="24.4156280">
    <ele>1099.4</ele>
   </trkpt>
   <trkpt lat="-29.8059120" lon="24.4156850">
    <ele>1099.1</ele>
   </trkpt>
   <trkpt lat="-29.8058720" lon="24.4157420">
    <ele>1098.7</ele>
   </trkpt>
   <trkpt lat="-29.8058300" lon="24.4157970">
    <ele>1098.1</ele>
   </trkpt>
   <trkpt lat="-29.8057850" lon="24.4158530">
    <ele>1097.6</ele>
   </trkpt>
   <trkpt lat="-29.8057420" lon="24.4159120">
    <ele>1097.4</ele>
   </trkpt>
   <trkpt lat="-29.8056930" lon="24.4159730">
    <ele>1097.5</ele>
   </trkpt>
   <trkpt lat="-29.8056420" lon="24.4160330">
    <ele>1097.7</ele>
   </trkpt>
   <trkpt lat="-29.8055880" lon="24.4160950">
    <ele>1097.8</ele>
   </trkpt>
   <trkpt lat="-29.8055380" lon="24.4161580">
    <ele>1098.0</ele>
   </trkpt>
   <trkpt lat="-29.8054880" lon="24.4162200">
    <ele>1098.1</ele>
   </trkpt>
   <trkpt lat="-29.8054420" lon="24.4162800">
    <ele>1098.2</ele>
   </trkpt>
   <trkpt lat="-29.8054000" lon="24.4163350">
    <ele>1098.4</ele>
   </trkpt>
   <trkpt lat="-29.8053650" lon="24.4163830">
    <ele>1098.5</ele>
   </trkpt>
   <trkpt lat="-29.8053370" lon="24.4164250">
    <ele>1098.5</ele>
   </trkpt>
   <trkpt lat="-29.8053120" lon="24.4164600">
    <ele>1098.6</ele>
   </trkpt>
   <trkpt lat="-29.8052870" lon="24.4164900">
    <ele>1098.7</ele>
   </trkpt>
   <trkpt lat="-29.8052570" lon="24.4165230">
    <ele>1098.8</ele>
   </trkpt>
   <trkpt lat="-29.8052180" lon="24.4165580">
    <ele>1098.9</ele>
   </trkpt>
   <trkpt lat="-29.8051800" lon="24.4165980">
    <ele>1098.9</ele>
   </trkpt>
   <trkpt lat="-29.8051380" lon="24.4166470">
    <ele>1098.9</ele>
   </trkpt>
   <trkpt lat="-29.8050980" lon="24.4166980">
    <ele>1098.9</ele>
   </trkpt>
   <trkpt lat="-29.8050570" lon="24.4167570">
    <ele>1098.9</ele>
   </trkpt>
   <trkpt lat="-29.8050150" lon="24.4168180">
    <ele>1098.8</ele>
   </trkpt>
   <trkpt lat="-29.8049670" lon="24.4168820">
    <ele>1098.7</ele>
   </trkpt>
   <trkpt lat="-29.8049180" lon="24.4169450">
    <ele>1098.2</ele>
   </trkpt>
   <trkpt lat="-29.8048700" lon="24.4170100">
    <ele>1097.5</ele>
   </trkpt>
   <trkpt lat="-29.8048230" lon="24.4170720">
    <ele>1097.1</ele>
   </trkpt>
   <trkpt lat="-29.8047770" lon="24.4171270">
    <ele>1096.8</ele>
   </trkpt>
   <trkpt lat="-29.8047380" lon="24.4171750">
    <ele>1096.7</ele>
   </trkpt>
   <trkpt lat="-29.8047050" lon="24.4172170">
    <ele>1096.5</ele>
   </trkpt>
   <trkpt lat="-29.8046730" lon="24.4172570">
    <ele>1096.4</ele>
   </trkpt>
   <trkpt lat="-29.8046380" lon="24.4173020">
    <ele>1096.2</ele>
   </trkpt>
   <trkpt lat="-29.8045970" lon="24.4173520">
    <ele>1096.0</ele>
   </trkpt>
   <trkpt lat="-29.8045530" lon="24.4174070">
    <ele>1095.8</ele>
   </trkpt>
   <trkpt lat="-29.8045070" lon="24.4174670">
    <ele>1095.6</ele>
   </trkpt>
   <trkpt lat="-29.8044570" lon="24.4175320">
    <ele>1095.3</ele>
   </trkpt>
   <trkpt lat="-29.8044030" lon="24.4175980">
    <ele>1095.1</ele>
   </trkpt>
   <trkpt lat="-29.8043500" lon="24.4176600">
    <ele>1095.0</ele>
   </trkpt>
   <trkpt lat="-29.8042980" lon="24.4177180">
    <ele>1095.1</ele>
   </trkpt>
   <trkpt lat="-29.8042520" lon="24.4177730">
    <ele>1095.1</ele>
   </trkpt>
   <trkpt lat="-29.8042150" lon="24.4178180">
    <ele>1095.1</ele>
   </trkpt>
   <trkpt lat="-29.8041850" lon="24.4178550">
    <ele>1095.1</ele>
   </trkpt>
   <trkpt lat="-29.8041550" lon="24.4178870">
    <ele>1095.1</ele>
   </trkpt>
   <trkpt lat="-29.8041230" lon="24.4179230">
    <ele>1095.1</ele>
   </trkpt>
   <trkpt lat="-29.8040850" lon="24.4179670">
    <ele>1095.1</ele>
   </trkpt>
   <trkpt lat="-29.8040470" lon="24.4180170">
    <ele>1095.1</ele>
   </trkpt>
   <trkpt lat="-29.8040050" lon="24.4180730">
    <ele>1095.1</ele>
   </trkpt>
   <trkpt lat="-29.8039620" lon="24.4181330">
    <ele>1095.0</ele>
   </trkpt>
   <trkpt lat="-29.8039170" lon="24.4181970">
    <ele>1095.0</ele>
   </trkpt>
   <trkpt lat="-29.8038600" lon="24.4182650">
    <ele>1095.0</ele>
   </trkpt>
   <trkpt lat="-29.8038020" lon="24.4183380">
    <ele>1094.8</ele>
   </trkpt>
   <trkpt lat="-29.8037400" lon="24.4184180">
    <ele>1094.5</ele>
   </trkpt>
   <trkpt lat="-29.8036770" lon="24.4185000">
    <ele>1094.3</ele>
   </trkpt>
   <trkpt lat="-29.8036150" lon="24.4185820">
    <ele>1094.1</ele>
   </trkpt>
   <trkpt lat="-29.8035500" lon="24.4186670">
    <ele>1094.0</ele>
   </trkpt>
   <trkpt lat="-29.8034850" lon="24.4187500">
    <ele>1094.0</ele>
   </trkpt>
   <trkpt lat="-29.8034200" lon="24.4188300">
    <ele>1094.0</ele>
   </trkpt>
   <trkpt lat="-29.8033550" lon="24.4189080">
    <ele>1094.0</ele>
   </trkpt>
   <trkpt lat="-29.8032930" lon="24.4189850">
    <ele>1094.0</ele>
   </trkpt>
   <trkpt lat="-29.8032330" lon="24.4190550">
    <ele>1094.0</ele>
   </trkpt>
   <trkpt lat="-29.8031800" lon="24.4191180">
    <ele>1094.0</ele>
   </trkpt>
   <trkpt lat="-29.8031330" lon="24.4191750">
    <ele>1094.0</ele>
   </trkpt>
   <trkpt lat="-29.8030880" lon="24.4192300">
    <ele>1094.0</ele>
   </trkpt>
   <trkpt lat="-29.8030400" lon="24.4192950">
    <ele>1094.0</ele>
   </trkpt>
   <trkpt lat="-29.8029920" lon="24.4193580">
    <ele>1094.0</ele>
   </trkpt>
   <trkpt lat="-29.8029400" lon="24.4194270">
    <ele>1094.0</ele>
   </trkpt>
   <trkpt lat="-29.8028800" lon="24.4195000">
    <ele>1093.9</ele>
   </trkpt>
   <trkpt lat="-29.8028180" lon="24.4195770">
    <ele>1093.7</ele>
   </trkpt>
   <trkpt lat="-29.8027580" lon="24.4196520">
    <ele>1093.6</ele>
   </trkpt>
   <trkpt lat="-29.8026970" lon="24.4197270">
    <ele>1093.4</ele>
   </trkpt>
   <trkpt lat="-29.8026370" lon="24.4198030">
    <ele>1093.3</ele>
   </trkpt>
   <trkpt lat="-29.8025770" lon="24.4198800">
    <ele>1093.1</ele>
   </trkpt>
   <trkpt lat="-29.8025150" lon="24.4199580">
    <ele>1093.0</ele>
   </trkpt>
   <trkpt lat="-29.8024550" lon="24.4200300">
    <ele>1092.8</ele>
   </trkpt>
   <trkpt lat="-29.8023970" lon="24.4200880">
    <ele>1092.7</ele>
   </trkpt>
   <trkpt lat="-29.8023420" lon="24.4201420">
    <ele>1092.6</ele>
   </trkpt>
   <trkpt lat="-29.8022880" lon="24.4201920">
    <ele>1092.5</ele>
   </trkpt>
   <trkpt lat="-29.8022380" lon="24.4202470">
    <ele>1092.3</ele>
   </trkpt>
   <trkpt lat="-29.8021900" lon="24.4203000">
    <ele>1092.2</ele>
   </trkpt>
   <trkpt lat="-29.8021430" lon="24.4203530">
    <ele>1092.1</ele>
   </trkpt>
   <trkpt lat="-29.8021030" lon="24.4204100">
    <ele>1092.0</ele>
   </trkpt>
   <trkpt lat="-29.8020620" lon="24.4204720">
    <ele>1091.9</ele>
   </trkpt>
   <trkpt lat="-29.8020150" lon="24.4205400">
    <ele>1091.7</ele>
   </trkpt>
   <trkpt lat="-29.8019650" lon="24.4206100">
    <ele>1091.6</ele>
   </trkpt>
   <trkpt lat="-29.8019200" lon="24.4206850">
    <ele>1091.5</ele>
   </trkpt>
   <trkpt lat="-29.8018780" lon="24.4207550">
    <ele>1091.3</ele>
   </trkpt>
   <trkpt lat="-29.8018300" lon="24.4208180">
    <ele>1091.2</ele>
   </trkpt>
   <trkpt lat="-29.8017830" lon="24.4208780">
    <ele>1091.1</ele>
   </trkpt>
   <trkpt lat="-29.8017350" lon="24.4209370">
    <ele>1090.9</ele>
   </trkpt>
   <trkpt lat="-29.8016870" lon="24.4210000">
    <ele>1090.8</ele>
   </trkpt>
   <trkpt lat="-29.8016320" lon="24.4210680">
    <ele>1090.7</ele>
   </trkpt>
   <trkpt lat="-29.8015800" lon="24.4211350">
    <ele>1090.5</ele>
   </trkpt>
   <trkpt lat="-29.8015300" lon="24.4212000">
    <ele>1090.4</ele>
   </trkpt>
   <trkpt lat="-29.8014830" lon="24.4212620">
    <ele>1090.3</ele>
   </trkpt>
   <trkpt lat="-29.8014400" lon="24.4213200">
    <ele>1090.1</ele>
   </trkpt>
   <trkpt lat="-29.8013950" lon="24.4213680">
    <ele>1090.0</ele>
   </trkpt>
   <trkpt lat="-29.8013470" lon="24.4214070">
    <ele>1090.0</ele>
   </trkpt>
   <trkpt lat="-29.8012950" lon="24.4214230">
    <ele>1089.8</ele>
   </trkpt>
   <trkpt lat="-29.8012450" lon="24.4214200">
    <ele>1089.7</ele>
   </trkpt>
   <trkpt lat="-29.8011930" lon="24.4214030">
    <ele>1089.6</ele>
   </trkpt>
   <trkpt lat="-29.8011420" lon="24.4213670">
    <ele>1089.5</ele>
   </trkpt>
   <trkpt lat="-29.8010930" lon="24.4213130">
    <ele>1089.4</ele>
   </trkpt>
   <trkpt lat="-29.8010430" lon="24.4212480">
    <ele>1089.2</ele>
   </trkpt>
   <trkpt lat="-29.8009920" lon="24.4211850">
    <ele>1089.2</ele>
   </trkpt>
   <trkpt lat="-29.8009350" lon="24.4211220">
    <ele>1089.2</ele>
   </trkpt>
   <trkpt lat="-29.8008830" lon="24.4210550">
    <ele>1089.7</ele>
   </trkpt>
   <trkpt lat="-29.8008320" lon="24.4209950">
    <ele>1090.3</ele>
   </trkpt>
   <trkpt lat="-29.8007830" lon="24.4209400">
    <ele>1090.8</ele>
   </trkpt>
   <trkpt lat="-29.8007400" lon="24.4208880">
    <ele>1091.3</ele>
   </trkpt>
   <trkpt lat="-29.8007000" lon="24.4208430">
    <ele>1091.7</ele>
   </trkpt>
   <trkpt lat="-29.8006650" lon="24.4207980">
    <ele>1091.9</ele>
   </trkpt>
   <trkpt lat="-29.8006270" lon="24.4207570">
    <ele>1092.0</ele>
   </trkpt>
   <trkpt lat="-29.8005880" lon="24.4207050">
    <ele>1092.1</ele>
   </trkpt>
   <trkpt lat="-29.8005450" lon="24.4206520">
    <ele>1092.2</ele>
   </trkpt>
   <trkpt lat="-29.8004950" lon="24.4205950">
    <ele>1092.4</ele>
   </trkpt>
   <trkpt lat="-29.8004480" lon="24.4205380">
    <ele>1092.7</ele>
   </trkpt>
   <trkpt lat="-29.8004050" lon="24.4204870">
    <ele>1092.9</ele>
   </trkpt>
   <trkpt lat="-29.8003620" lon="24.4204420">
    <ele>1093.0</ele>
   </trkpt>
   <trkpt lat="-29.8003230" lon="24.4203950">
    <ele>1093.1</ele>
   </trkpt>
   <trkpt lat="-29.8002820" lon="24.4203530">
    <ele>1093.2</ele>
   </trkpt>
   <trkpt lat="-29.8002400" lon="24.4203100">
    <ele>1093.3</ele>
   </trkpt>
   <trkpt lat="-29.8001980" lon="24.4202550">
    <ele>1093.4</ele>
   </trkpt>
   <trkpt lat="-29.8001530" lon="24.4202030">
    <ele>1093.5</ele>
   </trkpt>
   <trkpt lat="-29.8001150" lon="24.4201450">
    <ele>1093.7</ele>
   </trkpt>
   <trkpt lat="-29.8000820" lon="24.4200900">
    <ele>1093.8</ele>
   </trkpt>
   <trkpt lat="-29.8000500" lon="24.4200330">
    <ele>1093.9</ele>
   </trkpt>
   <trkpt lat="-29.8000220" lon="24.4199870">
    <ele>1093.9</ele>
   </trkpt>
   <trkpt lat="-29.7999900" lon="24.4199480">
    <ele>1093.9</ele>
   </trkpt>
   <trkpt lat="-29.7999600" lon="24.4199200">
    <ele>1094.0</ele>
   </trkpt>
   <trkpt lat="-29.7999300" lon="24.4199000">
    <ele>1094.1</ele>
   </trkpt>
   <trkpt lat="-29.7999020" lon="24.4198950">
    <ele>1094.3</ele>
   </trkpt>
   <trkpt lat="-29.7998820" lon="24.4198970">
    <ele>1094.5</ele>
   </trkpt>
   <trkpt lat="-29.7998700" lon="24.4199020">
    <ele>1094.5</ele>
   </trkpt>
   <trkpt lat="-29.7998620" lon="24.4199020">
    <ele>1094.6</ele>
   </trkpt>
   <trkpt lat="-29.7998470" lon="24.4199030">
    <ele>1094.7</ele>
   </trkpt>
   <trkpt lat="-29.7998350" lon="24.4199050">
    <ele>1094.8</ele>
   </trkpt>
   <trkpt lat="-29.7998280" lon="24.4199050">
    <ele>1094.8</ele>
   </trkpt>
   <trkpt lat="-29.7998230" lon="24.4199040">
    <ele>1094.9</ele>
   </trkpt>
   <trkpt lat="-29.7998170" lon="24.4199020">
    <ele>1094.9</ele>
   </trkpt>
   <trkpt lat="-29.7998120" lon="24.4199010">
    <ele>1094.9</ele>
   </trkpt>
   <trkpt lat="-29.7998070" lon="24.4198990">
    <ele>1094.9</ele>
   </trkpt>
   <trkpt lat="-29.7998020" lon="24.4198980">
    <ele>1094.9</ele>
   </trkpt>
   <trkpt lat="-29.7997960" lon="24.4198960">
    <ele>1094.9</ele>
   </trkpt>
   <trkpt lat="-29.7997910" lon="24.4198950">
    <ele>1094.9</ele>
   </trkpt>
   <trkpt lat="-29.7997860" lon="24.4198930">
    <ele>1094.9</ele>
   </trkpt>
   <trkpt lat="-29.7997810" lon="24.4198920">
    <ele>1094.9</ele>
   </trkpt>
   <trkpt lat="-29.7997750" lon="24.4198900">
    <ele>1094.9</ele>
   </trkpt>
   <trkpt lat="-29.7997700" lon="24.4198890">
    <ele>1094.9</ele>
   </trkpt>
   <trkpt lat="-29.7997650" lon="24.4198870">
    <ele>1094.9</ele>
   </trkpt>
   <trkpt lat="-29.7997300" lon="24.4198710">
    <ele>1094.9</ele>
   </trkpt>
   <trkpt lat="-29.7997180" lon="24.4198650">
    <ele>1094.9</ele>
   </trkpt>
   <trkpt lat="-29.7996920" lon="24.4198500">
    <ele>1095.0</ele>
   </trkpt>
   <trkpt lat="-29.7996850" lon="24.4198450">
    <ele>1095.0</ele>
   </trkpt>
   <trkpt lat="-29.7996750" lon="24.4198330">
    <ele>1095.0</ele>
   </trkpt>
   <trkpt lat="-29.7996620" lon="24.4198180">
    <ele>1095.0</ele>
   </trkpt>
   <trkpt lat="-29.7996430" lon="24.4197780">
    <ele>1095.0</ele>
   </trkpt>
   <trkpt lat="-29.7996350" lon="24.4197630">
    <ele>1095.0</ele>
   </trkpt>
   <trkpt lat="-29.7996150" lon="24.4197330">
    <ele>1094.9</ele>
   </trkpt>
   <trkpt lat="-29.7995950" lon="24.4197080">
    <ele>1094.9</ele>
   </trkpt>
   <trkpt lat="-29.7995750" lon="24.4196830">
    <ele>1094.9</ele>
   </trkpt>
   <trkpt lat="-29.7995550" lon="24.4196550">
    <ele>1094.9</ele>
   </trkpt>
   <trkpt lat="-29.7995380" lon="24.4196270">
    <ele>1094.9</ele>
   </trkpt>
   <trkpt lat="-29.7995120" lon="24.4195960">
    <ele>1094.8</ele>
   </trkpt>
   <trkpt lat="-29.7995030" lon="24.4195870">
    <ele>1094.8</ele>
   </trkpt>
   <trkpt lat="-29.7994800" lon="24.4195560">
    <ele>1094.8</ele>
   </trkpt>
   <trkpt lat="-29.7994720" lon="24.4195450">
    <ele>1094.7</ele>
   </trkpt>
   <trkpt lat="-29.7994500" lon="24.4195100">
    <ele>1094.6</ele>
   </trkpt>
   <trkpt lat="-29.7994430" lon="24.4194980">
    <ele>1094.5</ele>
   </trkpt>
   <trkpt lat="-29.7994270" lon="24.4194730">
    <ele>1094.5</ele>
   </trkpt>
   <trkpt lat="-29.7994080" lon="24.4194500">
    <ele>1094.4</ele>
   </trkpt>
   <trkpt lat="-29.7993900" lon="24.4194250">
    <ele>1094.3</ele>
   </trkpt>
   <trkpt lat="-29.7993720" lon="24.4194000">
    <ele>1094.2</ele>
   </trkpt>
   <trkpt lat="-29.7993520" lon="24.4193770">
    <ele>1094.1</ele>
   </trkpt>
   <trkpt lat="-29.7993270" lon="24.4193550">
    <ele>1094.0</ele>
   </trkpt>
   <trkpt lat="-29.7993020" lon="24.4193350">
    <ele>1093.9</ele>
   </trkpt>
   <trkpt lat="-29.7992730" lon="24.4193130">
    <ele>1093.8</ele>
   </trkpt>
   <trkpt lat="-29.7992450" lon="24.4192900">
    <ele>1093.8</ele>
   </trkpt>
   <trkpt lat="-29.7992170" lon="24.4192620">
    <ele>1093.7</ele>
   </trkpt>
   <trkpt lat="-29.7991920" lon="24.4192370">
    <ele>1093.6</ele>
   </trkpt>
   <trkpt lat="-29.7991650" lon="24.4192080">
    <ele>1093.5</ele>
   </trkpt>
   <trkpt lat="-29.7991380" lon="24.4191820">
    <ele>1093.4</ele>
   </trkpt>
   <trkpt lat="-29.7991100" lon="24.4191520">
    <ele>1093.3</ele>
   </trkpt>
   <trkpt lat="-29.7990800" lon="24.4191230">
    <ele>1093.3</ele>
   </trkpt>
   <trkpt lat="-29.7990480" lon="24.4191000">
    <ele>1093.2</ele>
   </trkpt>
   <trkpt lat="-29.7990180" lon="24.4190730">
    <ele>1093.1</ele>
   </trkpt>
   <trkpt lat="-29.7989850" lon="24.4190500">
    <ele>1093.0</ele>
   </trkpt>
   <trkpt lat="-29.7989520" lon="24.4190230">
    <ele>1093.0</ele>
   </trkpt>
   <trkpt lat="-29.7989170" lon="24.4189970">
    <ele>1093.0</ele>
   </trkpt>
   <trkpt lat="-29.7988880" lon="24.4189680">
    <ele>1093.0</ele>
   </trkpt>
   <trkpt lat="-29.7988600" lon="24.4189320">
    <ele>1093.0</ele>
   </trkpt>
   <trkpt lat="-29.7988320" lon="24.4188970">
    <ele>1093.0</ele>
   </trkpt>
   <trkpt lat="-29.7988050" lon="24.4188600">
    <ele>1093.1</ele>
   </trkpt>
   <trkpt lat="-29.7987780" lon="24.4188250">
    <ele>1093.1</ele>
   </trkpt>
   <trkpt lat="-29.7987500" lon="24.4187920">
    <ele>1093.2</ele>
   </trkpt>
   <trkpt lat="-29.7987220" lon="24.4187600">
    <ele>1093.3</ele>
   </trkpt>
   <trkpt lat="-29.7986920" lon="24.4187250">
    <ele>1093.3</ele>
   </trkpt>
   <trkpt lat="-29.7986630" lon="24.4186920">
    <ele>1093.4</ele>
   </trkpt>
   <trkpt lat="-29.7986330" lon="24.4186550">
    <ele>1093.5</ele>
   </trkpt>
   <trkpt lat="-29.7986050" lon="24.4186180">
    <ele>1093.5</ele>
   </trkpt>
   <trkpt lat="-29.7985780" lon="24.4185830">
    <ele>1093.6</ele>
   </trkpt>
   <trkpt lat="-29.7985550" lon="24.4185480">
    <ele>1093.7</ele>
   </trkpt>
   <trkpt lat="-29.7985300" lon="24.4185130">
    <ele>1093.7</ele>
   </trkpt>
   <trkpt lat="-29.7985050" lon="24.4184780">
    <ele>1093.7</ele>
   </trkpt>
   <trkpt lat="-29.7984800" lon="24.4184450">
    <ele>1093.5</ele>
   </trkpt>
   <trkpt lat="-29.7984570" lon="24.4184080">
    <ele>1093.3</ele>
   </trkpt>
   <trkpt lat="-29.7984330" lon="24.4183730">
    <ele>1093.1</ele>
   </trkpt>
   <trkpt lat="-29.7984080" lon="24.4183400">
    <ele>1092.9</ele>
   </trkpt>
   <trkpt lat="-29.7983870" lon="24.4183080">
    <ele>1092.7</ele>
   </trkpt>
   <trkpt lat="-29.7983650" lon="24.4182750">
    <ele>1092.5</ele>
   </trkpt>
   <trkpt lat="-29.7983420" lon="24.4182430">
    <ele>1092.3</ele>
   </trkpt>
   <trkpt lat="-29.7983180" lon="24.4182100">
    <ele>1092.1</ele>
   </trkpt>
   <trkpt lat="-29.7982970" lon="24.4181750">
    <ele>1092.1</ele>
   </trkpt>
   <trkpt lat="-29.7982770" lon="24.4181430">
    <ele>1092.2</ele>
   </trkpt>
   <trkpt lat="-29.7982550" lon="24.4181080">
    <ele>1092.2</ele>
   </trkpt>
   <trkpt lat="-29.7982330" lon="24.4180750">
    <ele>1092.2</ele>
   </trkpt>
   <trkpt lat="-29.7982120" lon="24.4180430">
    <ele>1092.2</ele>
   </trkpt>
   <trkpt lat="-29.7981900" lon="24.4180100">
    <ele>1092.2</ele>
   </trkpt>
   <trkpt lat="-29.7981700" lon="24.4179780">
    <ele>1092.2</ele>
   </trkpt>
   <trkpt lat="-29.7981480" lon="24.4179430">
    <ele>1092.2</ele>
   </trkpt>
   <trkpt lat="-29.7981280" lon="24.4179100">
    <ele>1092.3</ele>
   </trkpt>
   <trkpt lat="-29.7981070" lon="24.4178780">
    <ele>1092.3</ele>
   </trkpt>
   <trkpt lat="-29.7980850" lon="24.4178450">
    <ele>1092.4</ele>
   </trkpt>
   <trkpt lat="-29.7980630" lon="24.4178150">
    <ele>1092.5</ele>
   </trkpt>
   <trkpt lat="-29.7980430" lon="24.4177880">
    <ele>1092.6</ele>
   </trkpt>
   <trkpt lat="-29.7980250" lon="24.4177620">
    <ele>1092.6</ele>
   </trkpt>
   <trkpt lat="-29.7980070" lon="24.4177370">
    <ele>1092.7</ele>
   </trkpt>
   <trkpt lat="-29.7979880" lon="24.4177120">
    <ele>1092.8</ele>
   </trkpt>
   <trkpt lat="-29.7979680" lon="24.4176830">
    <ele>1092.8</ele>
   </trkpt>
   <trkpt lat="-29.7979520" lon="24.4176570">
    <ele>1092.9</ele>
   </trkpt>
   <trkpt lat="-29.7979300" lon="24.4176200">
    <ele>1093.0</ele>
   </trkpt>
   <trkpt lat="-29.7979220" lon="24.4176070">
    <ele>1093.0</ele>
   </trkpt>
   <trkpt lat="-29.7979050" lon="24.4175800">
    <ele>1093.0</ele>
   </trkpt>
   <trkpt lat="-29.7978880" lon="24.4175530">
    <ele>1093.1</ele>
   </trkpt>
   <trkpt lat="-29.7978640" lon="24.4175160">
    <ele>1093.1</ele>
   </trkpt>
   <trkpt lat="-29.7978550" lon="24.4175020">
    <ele>1093.1</ele>
   </trkpt>
   <trkpt lat="-29.7978400" lon="24.4174700">
    <ele>1093.2</ele>
   </trkpt>
   <trkpt lat="-29.7978220" lon="24.4174380">
    <ele>1093.2</ele>
   </trkpt>
   <trkpt lat="-29.7978050" lon="24.4174080">
    <ele>1093.3</ele>
   </trkpt>
   <trkpt lat="-29.7977870" lon="24.4173770">
    <ele>1093.3</ele>
   </trkpt>
   <trkpt lat="-29.7977720" lon="24.4173450">
    <ele>1093.4</ele>
   </trkpt>
   <trkpt lat="-29.7977520" lon="24.4173150">
    <ele>1093.4</ele>
   </trkpt>
   <trkpt lat="-29.7977330" lon="24.4172850">
    <ele>1093.4</ele>
   </trkpt>
   <trkpt lat="-29.7977080" lon="24.4172600">
    <ele>1093.5</ele>
   </trkpt>
   <trkpt lat="-29.7976870" lon="24.4172330">
    <ele>1093.5</ele>
   </trkpt>
   <trkpt lat="-29.7976670" lon="24.4172050">
    <ele>1093.6</ele>
   </trkpt>
   <trkpt lat="-29.7976450" lon="24.4171770">
    <ele>1093.6</ele>
   </trkpt>
   <trkpt lat="-29.7976250" lon="24.4171480">
    <ele>1093.7</ele>
   </trkpt>
   <trkpt lat="-29.7976030" lon="24.4171200">
    <ele>1093.7</ele>
   </trkpt>
   <trkpt lat="-29.7975800" lon="24.4170920">
    <ele>1093.8</ele>
   </trkpt>
   <trkpt lat="-29.7975600" lon="24.4170630">
    <ele>1093.8</ele>
   </trkpt>
   <trkpt lat="-29.7975400" lon="24.4170300">
    <ele>1093.8</ele>
   </trkpt>
   <trkpt lat="-29.7975200" lon="24.4169970">
    <ele>1093.9</ele>
   </trkpt>
   <trkpt lat="-29.7975000" lon="24.4169620">
    <ele>1093.9</ele>
   </trkpt>
   <trkpt lat="-29.7974780" lon="24.4169280">
    <ele>1093.9</ele>
   </trkpt>
   <trkpt lat="-29.7974600" lon="24.4168920">
    <ele>1093.9</ele>
   </trkpt>
   <trkpt lat="-29.7974380" lon="24.4168570">
    <ele>1093.9</ele>
   </trkpt>
   <trkpt lat="-29.7974170" lon="24.4168270">
    <ele>1093.9</ele>
   </trkpt>
   <trkpt lat="-29.7973930" lon="24.4167970">
    <ele>1094.0</ele>
   </trkpt>
   <trkpt lat="-29.7973680" lon="24.4167680">
    <ele>1094.0</ele>
   </trkpt>
   <trkpt lat="-29.7973420" lon="24.4167420">
    <ele>1094.0</ele>
   </trkpt>
   <trkpt lat="-29.7973170" lon="24.4167150">
    <ele>1094.0</ele>
   </trkpt>
   <trkpt lat="-29.7972930" lon="24.4166880">
    <ele>1094.0</ele>
   </trkpt>
   <trkpt lat="-29.7972720" lon="24.4166600">
    <ele>1094.0</ele>
   </trkpt>
   <trkpt lat="-29.7972500" lon="24.4166320">
    <ele>1094.0</ele>
   </trkpt>
   <trkpt lat="-29.7972300" lon="24.4166030">
    <ele>1094.0</ele>
   </trkpt>
   <trkpt lat="-29.7972070" lon="24.4165750">
    <ele>1094.0</ele>
   </trkpt>
   <trkpt lat="-29.7971830" lon="24.4165470">
    <ele>1094.0</ele>
   </trkpt>
   <trkpt lat="-29.7971580" lon="24.4165200">
    <ele>1094.0</ele>
   </trkpt>
   <trkpt lat="-29.7971300" lon="24.4164880">
    <ele>1094.0</ele>
   </trkpt>
   <trkpt lat="-29.7971020" lon="24.4164580">
    <ele>1094.0</ele>
   </trkpt>
   <trkpt lat="-29.7970720" lon="24.4164270">
    <ele>1094.0</ele>
   </trkpt>
   <trkpt lat="-29.7970450" lon="24.4163930">
    <ele>1094.0</ele>
   </trkpt>
   <trkpt lat="-29.7970170" lon="24.4163620">
    <ele>1094.0</ele>
   </trkpt>
   <trkpt lat="-29.7969850" lon="24.4163280">
    <ele>1094.0</ele>
   </trkpt>
   <trkpt lat="-29.7969530" lon="24.4163020">
    <ele>1094.0</ele>
   </trkpt>
   <trkpt lat="-29.7969230" lon="24.4162780">
    <ele>1094.0</ele>
   </trkpt>
   <trkpt lat="-29.7968970" lon="24.4162570">
    <ele>1093.9</ele>
   </trkpt>
   <trkpt lat="-29.7968680" lon="24.4162350">
    <ele>1093.9</ele>
   </trkpt>
   <trkpt lat="-29.7968420" lon="24.4162120">
    <ele>1093.9</ele>
   </trkpt>
   <trkpt lat="-29.7968150" lon="24.4161880">
    <ele>1093.9</ele>
   </trkpt>
   <trkpt lat="-29.7967880" lon="24.4161630">
    <ele>1093.8</ele>
   </trkpt>
   <trkpt lat="-29.7967600" lon="24.4161400">
    <ele>1093.7</ele>
   </trkpt>
   <trkpt lat="-29.7967350" lon="24.4161150">
    <ele>1093.6</ele>
   </trkpt>
   <trkpt lat="-29.7967080" lon="24.4160870">
    <ele>1093.6</ele>
   </trkpt>
   <trkpt lat="-29.7966850" lon="24.4160570">
    <ele>1093.5</ele>
   </trkpt>
   <trkpt lat="-29.7966600" lon="24.4160270">
    <ele>1093.4</ele>
   </trkpt>
   <trkpt lat="-29.7966350" lon="24.4159980">
    <ele>1093.3</ele>
   </trkpt>
   <trkpt lat="-29.7966100" lon="24.4159670">
    <ele>1093.3</ele>
   </trkpt>
   <trkpt lat="-29.7965850" lon="24.4159300">
    <ele>1093.2</ele>
   </trkpt>
   <trkpt lat="-29.7965620" lon="24.4158950">
    <ele>1093.1</ele>
   </trkpt>
   <trkpt lat="-29.7965370" lon="24.4158600">
    <ele>1093.0</ele>
   </trkpt>
   <trkpt lat="-29.7965100" lon="24.4158220">
    <ele>1092.9</ele>
   </trkpt>
   <trkpt lat="-29.7964830" lon="24.4157850">
    <ele>1092.9</ele>
   </trkpt>
   <trkpt lat="-29.7964570" lon="24.4157500">
    <ele>1092.8</ele>
   </trkpt>
   <trkpt lat="-29.7964300" lon="24.4157130">
    <ele>1092.7</ele>
   </trkpt>
   <trkpt lat="-29.7964050" lon="24.4156780">
    <ele>1092.6</ele>
   </trkpt>
   <trkpt lat="-29.7963800" lon="24.4156430">
    <ele>1092.5</ele>
   </trkpt>
   <trkpt lat="-29.7963550" lon="24.4156080">
    <ele>1092.4</ele>
   </trkpt>
   <trkpt lat="-29.7963300" lon="24.4155720">
    <ele>1092.4</ele>
   </trkpt>
   <trkpt lat="-29.7963080" lon="24.4155350">
    <ele>1092.3</ele>
   </trkpt>
   <trkpt lat="-29.7962850" lon="24.4154950">
    <ele>1092.2</ele>
   </trkpt>
   <trkpt lat="-29.7962630" lon="24.4154570">
    <ele>1092.1</ele>
   </trkpt>
   <trkpt lat="-29.7962350" lon="24.4154220">
    <ele>1092.0</ele>
   </trkpt>
   <trkpt lat="-29.7962050" lon="24.4153950">
    <ele>1092.0</ele>
   </trkpt>
   <trkpt lat="-29.7961750" lon="24.4153750">
    <ele>1092.1</ele>
   </trkpt>
   <trkpt lat="-29.7961470" lon="24.4153570">
    <ele>1092.1</ele>
   </trkpt>
   <trkpt lat="-29.7961230" lon="24.4153330">
    <ele>1092.1</ele>
   </trkpt>
   <trkpt lat="-29.7961020" lon="24.4153080">
    <ele>1092.1</ele>
   </trkpt>
   <trkpt lat="-29.7960800" lon="24.4152820">
    <ele>1092.1</ele>
   </trkpt>
   <trkpt lat="-29.7960570" lon="24.4152520">
    <ele>1092.1</ele>
   </trkpt>
   <trkpt lat="-29.7960370" lon="24.4152220">
    <ele>1092.2</ele>
   </trkpt>
   <trkpt lat="-29.7960170" lon="24.4151920">
    <ele>1092.2</ele>
   </trkpt>
   <trkpt lat="-29.7959950" lon="24.4151630">
    <ele>1092.2</ele>
   </trkpt>
   <trkpt lat="-29.7959750" lon="24.4151350">
    <ele>1092.2</ele>
   </trkpt>
   <trkpt lat="-29.7959530" lon="24.4151030">
    <ele>1092.2</ele>
   </trkpt>
   <trkpt lat="-29.7959330" lon="24.4150720">
    <ele>1092.3</ele>
   </trkpt>
   <trkpt lat="-29.7959180" lon="24.4150330">
    <ele>1092.3</ele>
   </trkpt>
   <trkpt lat="-29.7959020" lon="24.4149980">
    <ele>1092.3</ele>
   </trkpt>
   <trkpt lat="-29.7958820" lon="24.4149650">
    <ele>1092.3</ele>
   </trkpt>
   <trkpt lat="-29.7958580" lon="24.4149350">
    <ele>1092.3</ele>
   </trkpt>
   <trkpt lat="-29.7958330" lon="24.4149070">
    <ele>1092.4</ele>
   </trkpt>
   <trkpt lat="-29.7958130" lon="24.4148770">
    <ele>1092.4</ele>
   </trkpt>
   <trkpt lat="-29.7957950" lon="24.4148470">
    <ele>1092.4</ele>
   </trkpt>
   <trkpt lat="-29.7957730" lon="24.4148180">
    <ele>1092.4</ele>
   </trkpt>
   <trkpt lat="-29.7957520" lon="24.4147900">
    <ele>1092.4</ele>
   </trkpt>
   <trkpt lat="-29.7957320" lon="24.4147580">
    <ele>1092.5</ele>
   </trkpt>
   <trkpt lat="-29.7957120" lon="24.4147280">
    <ele>1092.5</ele>
   </trkpt>
   <trkpt lat="-29.7956900" lon="24.4146980">
    <ele>1092.5</ele>
   </trkpt>
   <trkpt lat="-29.7956670" lon="24.4146680">
    <ele>1092.5</ele>
   </trkpt>
   <trkpt lat="-29.7956450" lon="24.4146370">
    <ele>1092.5</ele>
   </trkpt>
   <trkpt lat="-29.7956250" lon="24.4146020">
    <ele>1092.6</ele>
   </trkpt>
   <trkpt lat="-29.7956030" lon="24.4145670">
    <ele>1092.6</ele>
   </trkpt>
   <trkpt lat="-29.7955850" lon="24.4145280">
    <ele>1092.6</ele>
   </trkpt>
   <trkpt lat="-29.7955670" lon="24.4144920">
    <ele>1092.6</ele>
   </trkpt>
   <trkpt lat="-29.7955470" lon="24.4144580">
    <ele>1092.6</ele>
   </trkpt>
   <trkpt lat="-29.7955250" lon="24.4144230">
    <ele>1092.7</ele>
   </trkpt>
   <trkpt lat="-29.7955030" lon="24.4143880">
    <ele>1092.7</ele>
   </trkpt>
   <trkpt lat="-29.7954830" lon="24.4143550">
    <ele>1092.7</ele>
   </trkpt>
   <trkpt lat="-29.7954630" lon="24.4143200">
    <ele>1092.7</ele>
   </trkpt>
   <trkpt lat="-29.7954450" lon="24.4142850">
    <ele>1092.7</ele>
   </trkpt>
   <trkpt lat="-29.7954230" lon="24.4142500">
    <ele>1092.8</ele>
   </trkpt>
   <trkpt lat="-29.7954050" lon="24.4142170">
    <ele>1092.8</ele>
   </trkpt>
   <trkpt lat="-29.7953880" lon="24.4141800">
    <ele>1092.8</ele>
   </trkpt>
   <trkpt lat="-29.7953750" lon="24.4141430">
    <ele>1092.8</ele>
   </trkpt>
   <trkpt lat="-29.7953600" lon="24.4141070">
    <ele>1092.8</ele>
   </trkpt>
   <trkpt lat="-29.7953420" lon="24.4140720">
    <ele>1092.9</ele>
   </trkpt>
   <trkpt lat="-29.7953230" lon="24.4140370">
    <ele>1092.9</ele>
   </trkpt>
   <trkpt lat="-29.7953070" lon="24.4140020">
    <ele>1092.9</ele>
   </trkpt>
   <trkpt lat="-29.7952900" lon="24.4139630">
    <ele>1092.9</ele>
   </trkpt>
   <trkpt lat="-29.7952720" lon="24.4139280">
    <ele>1092.9</ele>
   </trkpt>
   <trkpt lat="-29.7952550" lon="24.4138930">
    <ele>1093.0</ele>
   </trkpt>
   <trkpt lat="-29.7952370" lon="24.4138570">
    <ele>1093.0</ele>
   </trkpt>
   <trkpt lat="-29.7952220" lon="24.4138170">
    <ele>1092.9</ele>
   </trkpt>
   <trkpt lat="-29.7952050" lon="24.4137780">
    <ele>1092.8</ele>
   </trkpt>
   <trkpt lat="-29.7951880" lon="24.4137400">
    <ele>1092.7</ele>
   </trkpt>
   <trkpt lat="-29.7951720" lon="24.4137020">
    <ele>1092.6</ele>
   </trkpt>
   <trkpt lat="-29.7951550" lon="24.4136630">
    <ele>1092.4</ele>
   </trkpt>
   <trkpt lat="-29.7951370" lon="24.4136230">
    <ele>1092.3</ele>
   </trkpt>
   <trkpt lat="-29.7951170" lon="24.4135870">
    <ele>1092.2</ele>
   </trkpt>
   <trkpt lat="-29.7950970" lon="24.4135500">
    <ele>1092.1</ele>
   </trkpt>
   <trkpt lat="-29.7950730" lon="24.4135150">
    <ele>1092.0</ele>
   </trkpt>
   <trkpt lat="-29.7950520" lon="24.4134770">
    <ele>1091.8</ele>
   </trkpt>
   <trkpt lat="-29.7950300" lon="24.4134400">
    <ele>1091.7</ele>
   </trkpt>
   <trkpt lat="-29.7950100" lon="24.4134000">
    <ele>1091.6</ele>
   </trkpt>
   <trkpt lat="-29.7949880" lon="24.4133620">
    <ele>1091.5</ele>
   </trkpt>
   <trkpt lat="-29.7949650" lon="24.4133270">
    <ele>1091.3</ele>
   </trkpt>
   <trkpt lat="-29.7949420" lon="24.4132930">
    <ele>1091.2</ele>
   </trkpt>
   <trkpt lat="-29.7949170" lon="24.4132580">
    <ele>1091.1</ele>
   </trkpt>
   <trkpt lat="-29.7948920" lon="24.4132250">
    <ele>1091.2</ele>
   </trkpt>
   <trkpt lat="-29.7948670" lon="24.4131880">
    <ele>1091.4</ele>
   </trkpt>
   <trkpt lat="-29.7948450" lon="24.4131520">
    <ele>1091.5</ele>
   </trkpt>
   <trkpt lat="-29.7948220" lon="24.4131180">
    <ele>1091.7</ele>
   </trkpt>
   <trkpt lat="-29.7947980" lon="24.4130820">
    <ele>1091.8</ele>
   </trkpt>
   <trkpt lat="-29.7947750" lon="24.4130470">
    <ele>1092.0</ele>
   </trkpt>
   <trkpt lat="-29.7947530" lon="24.4130070">
    <ele>1092.1</ele>
   </trkpt>
   <trkpt lat="-29.7947320" lon="24.4129700">
    <ele>1092.3</ele>
   </trkpt>
   <trkpt lat="-29.7947120" lon="24.4129370">
    <ele>1092.4</ele>
   </trkpt>
   <trkpt lat="-29.7946920" lon="24.4129030">
    <ele>1092.6</ele>
   </trkpt>
   <trkpt lat="-29.7946680" lon="24.4128700">
    <ele>1092.7</ele>
   </trkpt>
   <trkpt lat="-29.7946470" lon="24.4128330">
    <ele>1092.9</ele>
   </trkpt>
   <trkpt lat="-29.7946250" lon="24.4128000">
    <ele>1093.0</ele>
   </trkpt>
   <trkpt lat="-29.7946030" lon="24.4127630">
    <ele>1093.2</ele>
   </trkpt>
   <trkpt lat="-29.7945830" lon="24.4127300">
    <ele>1093.3</ele>
   </trkpt>
   <trkpt lat="-29.7945630" lon="24.4126930">
    <ele>1093.4</ele>
   </trkpt>
   <trkpt lat="-29.7945430" lon="24.4126550">
    <ele>1093.6</ele>
   </trkpt>
   <trkpt lat="-29.7945230" lon="24.4126180">
    <ele>1093.7</ele>
   </trkpt>
   <trkpt lat="-29.7945030" lon="24.4125830">
    <ele>1093.6</ele>
   </trkpt>
   <trkpt lat="-29.7944820" lon="24.4125480">
    <ele>1093.6</ele>
   </trkpt>
   <trkpt lat="-29.7944570" lon="24.4125120">
    <ele>1093.6</ele>
   </trkpt>
   <trkpt lat="-29.7944330" lon="24.4124750">
    <ele>1093.5</ele>
   </trkpt>
   <trkpt lat="-29.7944080" lon="24.4124420">
    <ele>1093.5</ele>
   </trkpt>
   <trkpt lat="-29.7943830" lon="24.4124070">
    <ele>1093.4</ele>
   </trkpt>
   <trkpt lat="-29.7943600" lon="24.4123730">
    <ele>1093.4</ele>
   </trkpt>
   <trkpt lat="-29.7943370" lon="24.4123380">
    <ele>1093.3</ele>
   </trkpt>
   <trkpt lat="-29.7943130" lon="24.4123030">
    <ele>1093.3</ele>
   </trkpt>
   <trkpt lat="-29.7942900" lon="24.4122670">
    <ele>1093.3</ele>
   </trkpt>
   <trkpt lat="-29.7942680" lon="24.4122300">
    <ele>1093.2</ele>
   </trkpt>
   <trkpt lat="-29.7942480" lon="24.4121920">
    <ele>1093.2</ele>
   </trkpt>
   <trkpt lat="-29.7942280" lon="24.4121530">
    <ele>1093.1</ele>
   </trkpt>
   <trkpt lat="-29.7942050" lon="24.4121200">
    <ele>1093.1</ele>
   </trkpt>
   <trkpt lat="-29.7941770" lon="24.4120880">
    <ele>1093.1</ele>
   </trkpt>
   <trkpt lat="-29.7941450" lon="24.4120630">
    <ele>1093.1</ele>
   </trkpt>
   <trkpt lat="-29.7941130" lon="24.4120420">
    <ele>1093.2</ele>
   </trkpt>
   <trkpt lat="-29.7940780" lon="24.4120180">
    <ele>1093.3</ele>
   </trkpt>
   <trkpt lat="-29.7940430" lon="24.4119980">
    <ele>1093.4</ele>
   </trkpt>
   <trkpt lat="-29.7940080" lon="24.4119750">
    <ele>1093.5</ele>
   </trkpt>
   <trkpt lat="-29.7939750" lon="24.4119500">
    <ele>1093.6</ele>
   </trkpt>
   <trkpt lat="-29.7939400" lon="24.4119300">
    <ele>1093.7</ele>
   </trkpt>
   <trkpt lat="-29.7939050" lon="24.4119100">
    <ele>1093.8</ele>
   </trkpt>
   <trkpt lat="-29.7938700" lon="24.4118880">
    <ele>1093.9</ele>
   </trkpt>
   <trkpt lat="-29.7938350" lon="24.4118650">
    <ele>1094.0</ele>
   </trkpt>
   <trkpt lat="-29.7937980" lon="24.4118430">
    <ele>1094.1</ele>
   </trkpt>
   <trkpt lat="-29.7937630" lon="24.4118230">
    <ele>1094.2</ele>
   </trkpt>
   <trkpt lat="-29.7937270" lon="24.4118020">
    <ele>1094.3</ele>
   </trkpt>
   <trkpt lat="-29.7936880" lon="24.4117820">
    <ele>1094.4</ele>
   </trkpt>
   <trkpt lat="-29.7936520" lon="24.4117600">
    <ele>1094.6</ele>
   </trkpt>
   <trkpt lat="-29.7936130" lon="24.4117380">
    <ele>1094.7</ele>
   </trkpt>
   <trkpt lat="-29.7935770" lon="24.4117150">
    <ele>1094.8</ele>
   </trkpt>
   <trkpt lat="-29.7935400" lon="24.4116900">
    <ele>1094.8</ele>
   </trkpt>
   <trkpt lat="-29.7935030" lon="24.4116650">
    <ele>1094.8</ele>
   </trkpt>
   <trkpt lat="-29.7934670" lon="24.4116420">
    <ele>1094.8</ele>
   </trkpt>
   <trkpt lat="-29.7934300" lon="24.4116150">
    <ele>1094.8</ele>
   </trkpt>
   <trkpt lat="-29.7933930" lon="24.4115900">
    <ele>1094.8</ele>
   </trkpt>
   <trkpt lat="-29.7933550" lon="24.4115670">
    <ele>1094.7</ele>
   </trkpt>
   <trkpt lat="-29.7933200" lon="24.4115380">
    <ele>1094.7</ele>
   </trkpt>
   <trkpt lat="-29.7932850" lon="24.4115120">
    <ele>1094.7</ele>
   </trkpt>
   <trkpt lat="-29.7932500" lon="24.4114850">
    <ele>1094.7</ele>
   </trkpt>
   <trkpt lat="-29.7932130" lon="24.4114580">
    <ele>1094.7</ele>
   </trkpt>
   <trkpt lat="-29.7931780" lon="24.4114320">
    <ele>1094.6</ele>
   </trkpt>
   <trkpt lat="-29.7931430" lon="24.4114030">
    <ele>1094.6</ele>
   </trkpt>
   <trkpt lat="-29.7931080" lon="24.4113770">
    <ele>1094.6</ele>
   </trkpt>
   <trkpt lat="-29.7930730" lon="24.4113480">
    <ele>1094.6</ele>
   </trkpt>
   <trkpt lat="-29.7930400" lon="24.4113180">
    <ele>1094.6</ele>
   </trkpt>
   <trkpt lat="-29.7930080" lon="24.4112850">
    <ele>1094.5</ele>
   </trkpt>
   <trkpt lat="-29.7929780" lon="24.4112530">
    <ele>1094.5</ele>
   </trkpt>
   <trkpt lat="-29.7929480" lon="24.4112220">
    <ele>1094.5</ele>
   </trkpt>
   <trkpt lat="-29.7929180" lon="24.4111900">
    <ele>1094.5</ele>
   </trkpt>
   <trkpt lat="-29.7928850" lon="24.4111600">
    <ele>1094.5</ele>
   </trkpt>
   <trkpt lat="-29.7928550" lon="24.4111300">
    <ele>1094.4</ele>
   </trkpt>
   <trkpt lat="-29.7928220" lon="24.4110980">
    <ele>1094.4</ele>
   </trkpt>
   <trkpt lat="-29.7927920" lon="24.4110670">
    <ele>1094.4</ele>
   </trkpt>
   <trkpt lat="-29.7927600" lon="24.4110370">
    <ele>1094.4</ele>
   </trkpt>
   <trkpt lat="-29.7927280" lon="24.4110050">
    <ele>1094.4</ele>
   </trkpt>
   <trkpt lat="-29.7926980" lon="24.4109730">
    <ele>1094.3</ele>
   </trkpt>
   <trkpt lat="-29.7926680" lon="24.4109380">
    <ele>1094.3</ele>
   </trkpt>
   <trkpt lat="-29.7926420" lon="24.4109030">
    <ele>1094.3</ele>
   </trkpt>
   <trkpt lat="-29.7926180" lon="24.4108680">
    <ele>1094.3</ele>
   </trkpt>
   <trkpt lat="-29.7925950" lon="24.4108300">
    <ele>1094.3</ele>
   </trkpt>
   <trkpt lat="-29.7925720" lon="24.4107920">
    <ele>1094.2</ele>
   </trkpt>
   <trkpt lat="-29.7925480" lon="24.4107530">
    <ele>1094.2</ele>
   </trkpt>
   <trkpt lat="-29.7925230" lon="24.4107130">
    <ele>1094.2</ele>
   </trkpt>
   <trkpt lat="-29.7924980" lon="24.4106730">
    <ele>1094.2</ele>
   </trkpt>
   <trkpt lat="-29.7924770" lon="24.4106330">
    <ele>1094.2</ele>
   </trkpt>
   <trkpt lat="-29.7924530" lon="24.4105930">
    <ele>1094.1</ele>
   </trkpt>
   <trkpt lat="-29.7924300" lon="24.4105520">
    <ele>1094.1</ele>
   </trkpt>
   <trkpt lat="-29.7924100" lon="24.4105120">
    <ele>1094.1</ele>
   </trkpt>
   <trkpt lat="-29.7923870" lon="24.4104700">
    <ele>1094.1</ele>
   </trkpt>
   <trkpt lat="-29.7923670" lon="24.4104280">
    <ele>1094.1</ele>
   </trkpt>
   <trkpt lat="-29.7923470" lon="24.4103870">
    <ele>1094.0</ele>
   </trkpt>
   <trkpt lat="-29.7923270" lon="24.4103470">
    <ele>1094.0</ele>
   </trkpt>
   <trkpt lat="-29.7923070" lon="24.4103050">
    <ele>1094.0</ele>
   </trkpt>
   <trkpt lat="-29.7922850" lon="24.4102650">
    <ele>1094.0</ele>
   </trkpt>
   <trkpt lat="-29.7922650" lon="24.4102230">
    <ele>1094.0</ele>
   </trkpt>
   <trkpt lat="-29.7922470" lon="24.4101820">
    <ele>1094.0</ele>
   </trkpt>
   <trkpt lat="-29.7922280" lon="24.4101400">
    <ele>1094.0</ele>
   </trkpt>
   <trkpt lat="-29.7922120" lon="24.4100980">
    <ele>1094.1</ele>
   </trkpt>
   <trkpt lat="-29.7921950" lon="24.4100550">
    <ele>1094.1</ele>
   </trkpt>
   <trkpt lat="-29.7921780" lon="24.4100120">
    <ele>1094.1</ele>
   </trkpt>
   <trkpt lat="-29.7921630" lon="24.4099680">
    <ele>1094.2</ele>
   </trkpt>
   <trkpt lat="-29.7921470" lon="24.4099230">
    <ele>1094.2</ele>
   </trkpt>
   <trkpt lat="-29.7921330" lon="24.4098780">
    <ele>1094.2</ele>
   </trkpt>
   <trkpt lat="-29.7921220" lon="24.4098330">
    <ele>1094.3</ele>
   </trkpt>
   <trkpt lat="-29.7921070" lon="24.4097870">
    <ele>1094.3</ele>
   </trkpt>
   <trkpt lat="-29.7920930" lon="24.4097400">
    <ele>1094.3</ele>
   </trkpt>
   <trkpt lat="-29.7920820" lon="24.4096920">
    <ele>1094.4</ele>
   </trkpt>
   <trkpt lat="-29.7920700" lon="24.4096430">
    <ele>1094.4</ele>
   </trkpt>
   <trkpt lat="-29.7920600" lon="24.4095950">
    <ele>1094.4</ele>
   </trkpt>
   <trkpt lat="-29.7920480" lon="24.4095450">
    <ele>1094.5</ele>
   </trkpt>
   <trkpt lat="-29.7920370" lon="24.4094950">
    <ele>1094.5</ele>
   </trkpt>
   <trkpt lat="-29.7920270" lon="24.4094450">
    <ele>1094.6</ele>
   </trkpt>
   <trkpt lat="-29.7920170" lon="24.4093970">
    <ele>1094.6</ele>
   </trkpt>
   <trkpt lat="-29.7920080" lon="24.4093480">
    <ele>1094.6</ele>
   </trkpt>
   <trkpt lat="-29.7920020" lon="24.4093000">
    <ele>1094.7</ele>
   </trkpt>
   <trkpt lat="-29.7919930" lon="24.4092520">
    <ele>1094.7</ele>
   </trkpt>
   <trkpt lat="-29.7919870" lon="24.4092030">
    <ele>1094.7</ele>
   </trkpt>
   <trkpt lat="-29.7919800" lon="24.4091520">
    <ele>1094.8</ele>
   </trkpt>
   <trkpt lat="-29.7919750" lon="24.4091000">
    <ele>1094.8</ele>
   </trkpt>
   <trkpt lat="-29.7919730" lon="24.4090500">
    <ele>1094.8</ele>
   </trkpt>
   <trkpt lat="-29.7919720" lon="24.4090000">
    <ele>1094.9</ele>
   </trkpt>
   <trkpt lat="-29.7919700" lon="24.4089500">
    <ele>1094.9</ele>
   </trkpt>
   <trkpt lat="-29.7919680" lon="24.4089020">
    <ele>1094.9</ele>
   </trkpt>
   <trkpt lat="-29.7919630" lon="24.4088570">
    <ele>1094.9</ele>
   </trkpt>
   <trkpt lat="-29.7919580" lon="24.4088150">
    <ele>1094.9</ele>
   </trkpt>
   <trkpt lat="-29.7919550" lon="24.4087770">
    <ele>1094.9</ele>
   </trkpt>
   <trkpt lat="-29.7919520" lon="24.4087380">
    <ele>1094.9</ele>
   </trkpt>
   <trkpt lat="-29.7919480" lon="24.4086980">
    <ele>1094.9</ele>
   </trkpt>
   <trkpt lat="-29.7919450" lon="24.4086580">
    <ele>1094.9</ele>
   </trkpt>
   <trkpt lat="-29.7919450" lon="24.4086180">
    <ele>1095.0</ele>
   </trkpt>
   <trkpt lat="-29.7919450" lon="24.4085770">
    <ele>1095.0</ele>
   </trkpt>
   <trkpt lat="-29.7919420" lon="24.4085370">
    <ele>1095.0</ele>
   </trkpt>
   <trkpt lat="-29.7919380" lon="24.4084950">
    <ele>1095.0</ele>
   </trkpt>
   <trkpt lat="-29.7919370" lon="24.4084570">
    <ele>1095.0</ele>
   </trkpt>
   <trkpt lat="-29.7919350" lon="24.4084170">
    <ele>1095.0</ele>
   </trkpt>
   <trkpt lat="-29.7919330" lon="24.4083770">
    <ele>1095.0</ele>
   </trkpt>
   <trkpt lat="-29.7919320" lon="24.4083370">
    <ele>1095.0</ele>
   </trkpt>
   <trkpt lat="-29.7919330" lon="24.4082970">
    <ele>1095.0</ele>
   </trkpt>
   <trkpt lat="-29.7919350" lon="24.4082580">
    <ele>1095.0</ele>
   </trkpt>
   <trkpt lat="-29.7919350" lon="24.4082220">
    <ele>1095.0</ele>
   </trkpt>
   <trkpt lat="-29.7919350" lon="24.4081830">
    <ele>1095.0</ele>
   </trkpt>
   <trkpt lat="-29.7919330" lon="24.4081430">
    <ele>1095.0</ele>
   </trkpt>
   <trkpt lat="-29.7919270" lon="24.4081050">
    <ele>1095.0</ele>
   </trkpt>
   <trkpt lat="-29.7919150" lon="24.4080700">
    <ele>1095.0</ele>
   </trkpt>
   <trkpt lat="-29.7918950" lon="24.4080420">
    <ele>1095.0</ele>
   </trkpt>
   <trkpt lat="-29.7918730" lon="24.4080170">
    <ele>1095.0</ele>
   </trkpt>
   <trkpt lat="-29.7918520" lon="24.4079950">
    <ele>1095.0</ele>
   </trkpt>
   <trkpt lat="-29.7918320" lon="24.4079720">
    <ele>1095.0</ele>
   </trkpt>
   <trkpt lat="-29.7918100" lon="24.4079480">
    <ele>1095.0</ele>
   </trkpt>
   <trkpt lat="-29.7917880" lon="24.4079250">
    <ele>1095.0</ele>
   </trkpt>
   <trkpt lat="-29.7917650" lon="24.4079070">
    <ele>1095.0</ele>
   </trkpt>
   <trkpt lat="-29.7917370" lon="24.4078780">
    <ele>1095.0</ele>
   </trkpt>
   <trkpt lat="-29.7917280" lon="24.4078680">
    <ele>1095.0</ele>
   </trkpt>
   <trkpt lat="-29.7917130" lon="24.4078550">
    <ele>1095.0</ele>
   </trkpt>
   <trkpt lat="-29.7917000" lon="24.4078450">
    <ele>1095.0</ele>
   </trkpt>
   <trkpt lat="-29.7916820" lon="24.4078420">
    <ele>1095.0</ele>
   </trkpt>
   <trkpt lat="-29.7916760" lon="24.4078470">
    <ele>1095.0</ele>
   </trkpt>
   <trkpt lat="-29.7916700" lon="24.4078510">
    <ele>1095.0</ele>
   </trkpt>
   <trkpt lat="-29.7916640" lon="24.4078560">
    <ele>1095.0</ele>
   </trkpt>
   <trkpt lat="-29.7916580" lon="24.4078600">
    <ele>1095.0</ele>
   </trkpt>
   <trkpt lat="-29.7916520" lon="24.4078650">
    <ele>1095.0</ele>
   </trkpt>
   <trkpt lat="-29.7916460" lon="24.4078690">
    <ele>1095.0</ele>
   </trkpt>
   <trkpt lat="-29.7916410" lon="24.4078740">
    <ele>1095.0</ele>
   </trkpt>
   <trkpt lat="-29.7916350" lon="24.4078780">
    <ele>1095.0</ele>
   </trkpt>
   <trkpt lat="-29.7916290" lon="24.4078830">
    <ele>1095.0</ele>
   </trkpt>
   <trkpt lat="-29.7916230" lon="24.4078870">
    <ele>1095.0</ele>
   </trkpt>
   <trkpt lat="-29.7916170" lon="24.4078920">
    <ele>1095.0</ele>
   </trkpt>
   <trkpt lat="-29.7916110" lon="24.4078960">
    <ele>1094.9</ele>
   </trkpt>
   <trkpt lat="-29.7916050" lon="24.4079010">
    <ele>1094.9</ele>
   </trkpt>
   <trkpt lat="-29.7915990" lon="24.4079050">
    <ele>1094.9</ele>
   </trkpt>
   <trkpt lat="-29.7915930" lon="24.4079090">
    <ele>1094.9</ele>
   </trkpt>
   <trkpt lat="-29.7915870" lon="24.4079140">
    <ele>1094.8</ele>
   </trkpt>
   <trkpt lat="-29.7915810" lon="24.4079180">
    <ele>1094.8</ele>
   </trkpt>
   <trkpt lat="-29.7915750" lon="24.4079230">
    <ele>1094.8</ele>
   </trkpt>
   <trkpt lat="-29.7915690" lon="24.4079270">
    <ele>1094.8</ele>
   </trkpt>
   <trkpt lat="-29.7915630" lon="24.4079320">
    <ele>1094.7</ele>
   </trkpt>
   <trkpt lat="-29.7915570" lon="24.4079360">
    <ele>1094.7</ele>
   </trkpt>
   <trkpt lat="-29.7915520" lon="24.4079410">
    <ele>1094.7</ele>
   </trkpt>
   <trkpt lat="-29.7915460" lon="24.4079450">
    <ele>1094.7</ele>
   </trkpt>
   <trkpt lat="-29.7915400" lon="24.4079500">
    <ele>1094.6</ele>
   </trkpt>
   <trkpt lat="-29.7915340" lon="24.4079540">
    <ele>1094.6</ele>
   </trkpt>
   <trkpt lat="-29.7915280" lon="24.4079590">
    <ele>1094.6</ele>
   </trkpt>
   <trkpt lat="-29.7915220" lon="24.4079630">
    <ele>1094.6</ele>
   </trkpt>
   <trkpt lat="-29.7915160" lon="24.4079680">
    <ele>1094.5</ele>
   </trkpt>
   <trkpt lat="-29.7915100" lon="24.4079720">
    <ele>1094.5</ele>
   </trkpt>
   <trkpt lat="-29.7914940" lon="24.4079840">
    <ele>1094.5</ele>
   </trkpt>
   <trkpt lat="-29.7914800" lon="24.4079970">
    <ele>1094.4</ele>
   </trkpt>
   <trkpt lat="-29.7914650" lon="24.4080090">
    <ele>1094.3</ele>
   </trkpt>
   <trkpt lat="-29.7914510" lon="24.4080210">
    <ele>1094.3</ele>
   </trkpt>
   <trkpt lat="-29.7914370" lon="24.4080340">
    <ele>1094.2</ele>
   </trkpt>
   <trkpt lat="-29.7914230" lon="24.4080460">
    <ele>1094.2</ele>
   </trkpt>
   <trkpt lat="-29.7914080" lon="24.4080580">
    <ele>1094.1</ele>
   </trkpt>
   <trkpt lat="-29.7913940" lon="24.4080710">
    <ele>1094.0</ele>
   </trkpt>
   <trkpt lat="-29.7913800" lon="24.4080830">
    <ele>1094.0</ele>
   </trkpt>
   <trkpt lat="-29.7913660" lon="24.4080950">
    <ele>1093.9</ele>
   </trkpt>
   <trkpt lat="-29.7913510" lon="24.4081080">
    <ele>1093.9</ele>
   </trkpt>
   <trkpt lat="-29.7913370" lon="24.4081200">
    <ele>1093.8</ele>
   </trkpt>
   <trkpt lat="-29.7913100" lon="24.4081580">
    <ele>1093.7</ele>
   </trkpt>
   <trkpt lat="-29.7912810" lon="24.4082060">
    <ele>1093.5</ele>
   </trkpt>
   <trkpt lat="-29.7912510" lon="24.4082620">
    <ele>1093.3</ele>
   </trkpt>
   <trkpt lat="-29.7912160" lon="24.4083140">
    <ele>1093.1</ele>
   </trkpt>
   <trkpt lat="-29.7911830" lon="24.4083670">
    <ele>1092.9</ele>
   </trkpt>
   <trkpt lat="-29.7911480" lon="24.4084220">
    <ele>1092.7</ele>
   </trkpt>
   <trkpt lat="-29.7911140" lon="24.4084770">
    <ele>1092.5</ele>
   </trkpt>
   <trkpt lat="-29.7910780" lon="24.4085340">
    <ele>1092.3</ele>
   </trkpt>
   <trkpt lat="-29.7910360" lon="24.4085940">
    <ele>1092.1</ele>
   </trkpt>
   <trkpt lat="-29.7909920" lon="24.4086590">
    <ele>1092.0</ele>
   </trkpt>
   <trkpt lat="-29.7909480" lon="24.4087270">
    <ele>1091.9</ele>
   </trkpt>
   <trkpt lat="-29.7909060" lon="24.4087970">
    <ele>1091.8</ele>
   </trkpt>
   <trkpt lat="-29.7908620" lon="24.4088730">
    <ele>1091.7</ele>
   </trkpt>
   <trkpt lat="-29.7908180" lon="24.4089510">
    <ele>1091.6</ele>
   </trkpt>
   <trkpt lat="-29.7907710" lon="24.4090310">
    <ele>1091.5</ele>
   </trkpt>
   <trkpt lat="-29.7907200" lon="24.4091110">
    <ele>1091.4</ele>
   </trkpt>
   <trkpt lat="-29.7906640" lon="24.4091910">
    <ele>1091.3</ele>
   </trkpt>
   <trkpt lat="-29.7906120" lon="24.4092750">
    <ele>1091.2</ele>
   </trkpt>
   <trkpt lat="-29.7905560" lon="24.4093570">
    <ele>1091.1</ele>
   </trkpt>
   <trkpt lat="-29.7905010" lon="24.4094430">
    <ele>1091.1</ele>
   </trkpt>
   <trkpt lat="-29.7904430" lon="24.4095310">
    <ele>1091.1</ele>
   </trkpt>
   <trkpt lat="-29.7903800" lon="24.4096170">
    <ele>1091.1</ele>
   </trkpt>
   <trkpt lat="-29.7903170" lon="24.4097070">
    <ele>1091.1</ele>
   </trkpt>
   <trkpt lat="-29.7902480" lon="24.4098000">
    <ele>1091.1</ele>
   </trkpt>
   <trkpt lat="-29.7901800" lon="24.4098980">
    <ele>1091.1</ele>
   </trkpt>
   <trkpt lat="-29.7901130" lon="24.4099950">
    <ele>1091.1</ele>
   </trkpt>
   <trkpt lat="-29.7900450" lon="24.4100880">
    <ele>1091.1</ele>
   </trkpt>
   <trkpt lat="-29.7899790" lon="24.4101810">
    <ele>1091.1</ele>
   </trkpt>
   <trkpt lat="-29.7899150" lon="24.4102750">
    <ele>1091.1</ele>
   </trkpt>
   <trkpt lat="-29.7898510" lon="24.4103760">
    <ele>1091.1</ele>
   </trkpt>
   <trkpt lat="-29.7897870" lon="24.4104780">
    <ele>1091.1</ele>
   </trkpt>
   <trkpt lat="-29.7897190" lon="24.4105840">
    <ele>1091.1</ele>
   </trkpt>
   <trkpt lat="-29.7896490" lon="24.4106910">
    <ele>1091.1</ele>
   </trkpt>
   <trkpt lat="-29.7895790" lon="24.4107970">
    <ele>1091.1</ele>
   </trkpt>
   <trkpt lat="-29.7895100" lon="24.4109010">
    <ele>1091.1</ele>
   </trkpt>
   <trkpt lat="-29.7894410" lon="24.4110010">
    <ele>1091.1</ele>
   </trkpt>
   <trkpt lat="-29.7893760" lon="24.4111020">
    <ele>1091.1</ele>
   </trkpt>
   <trkpt lat="-29.7893090" lon="24.4112040">
    <ele>1091.1</ele>
   </trkpt>
   <trkpt lat="-29.7892440" lon="24.4113050">
    <ele>1091.1</ele>
   </trkpt>
   <trkpt lat="-29.7891800" lon="24.4114030">
    <ele>1091.0</ele>
   </trkpt>
   <trkpt lat="-29.7891210" lon="24.4114920">
    <ele>1091.0</ele>
   </trkpt>
   <trkpt lat="-29.7890720" lon="24.4115670">
    <ele>1091.0</ele>
   </trkpt>
   <trkpt lat="-29.7890290" lon="24.4116340">
    <ele>1091.0</ele>
   </trkpt>
   <trkpt lat="-29.7889930" lon="24.4116950">
    <ele>1091.1</ele>
   </trkpt>
   <trkpt lat="-29.7889530" lon="24.4117550">
    <ele>1091.1</ele>
   </trkpt>
   <trkpt lat="-29.7889030" lon="24.4118210">
    <ele>1091.1</ele>
   </trkpt>
   <trkpt lat="-29.7888460" lon="24.4118940">
    <ele>1091.2</ele>
   </trkpt>
   <trkpt lat="-29.7887890" lon="24.4119730">
    <ele>1091.3</ele>
   </trkpt>
   <trkpt lat="-29.7887280" lon="24.4120560">
    <ele>1091.4</ele>
   </trkpt>
   <trkpt lat="-29.7886670" lon="24.4121380">
    <ele>1091.6</ele>
   </trkpt>
   <trkpt lat="-29.7886140" lon="24.4122180">
    <ele>1091.7</ele>
   </trkpt>
   <trkpt lat="-29.7885650" lon="24.4122990">
    <ele>1091.9</ele>
   </trkpt>
   <trkpt lat="-29.7885170" lon="24.4123740">
    <ele>1091.9</ele>
   </trkpt>
   <trkpt lat="-29.7884660" lon="24.4124470">
    <ele>1092.0</ele>
   </trkpt>
   <trkpt lat="-29.7884110" lon="24.4125240">
    <ele>1092.0</ele>
   </trkpt>
   <trkpt lat="-29.7883540" lon="24.4126080">
    <ele>1092.1</ele>
   </trkpt>
   <trkpt lat="-29.7882950" lon="24.4127000">
    <ele>1092.1</ele>
   </trkpt>
   <trkpt lat="-29.7882330" lon="24.4127970">
    <ele>1092.1</ele>
   </trkpt>
   <trkpt lat="-29.7881690" lon="24.4128930">
    <ele>1092.2</ele>
   </trkpt>
   <trkpt lat="-29.7881000" lon="24.4129900">
    <ele>1092.2</ele>
   </trkpt>
   <trkpt lat="-29.7880310" lon="24.4130910">
    <ele>1092.3</ele>
   </trkpt>
   <trkpt lat="-29.7879650" lon="24.4132020">
    <ele>1092.3</ele>
   </trkpt>
   <trkpt lat="-29.7878980" lon="24.4133070">
    <ele>1092.4</ele>
   </trkpt>
   <trkpt lat="-29.7878300" lon="24.4134060">
    <ele>1092.4</ele>
   </trkpt>
   <trkpt lat="-29.7877640" lon="24.4135070">
    <ele>1092.5</ele>
   </trkpt>
   <trkpt lat="-29.7876960" lon="24.4136100">
    <ele>1092.5</ele>
   </trkpt>
   <trkpt lat="-29.7876230" lon="24.4137140">
    <ele>1092.6</ele>
   </trkpt>
   <trkpt lat="-29.7875520" lon="24.4138220">
    <ele>1092.6</ele>
   </trkpt>
   <trkpt lat="-29.7874830" lon="24.4139290">
    <ele>1092.7</ele>
   </trkpt>
   <trkpt lat="-29.7874100" lon="24.4140320">
    <ele>1092.7</ele>
   </trkpt>
   <trkpt lat="-29.7873380" lon="24.4141390">
    <ele>1092.8</ele>
   </trkpt>
   <trkpt lat="-29.7872650" lon="24.4142560">
    <ele>1092.8</ele>
   </trkpt>
   <trkpt lat="-29.7871940" lon="24.4143710">
    <ele>1092.9</ele>
   </trkpt>
   <trkpt lat="-29.7871240" lon="24.4144830">
    <ele>1093.0</ele>
   </trkpt>
   <trkpt lat="-29.7870560" lon="24.4145920">
    <ele>1093.0</ele>
   </trkpt>
   <trkpt lat="-29.7869870" lon="24.4146970">
    <ele>1093.1</ele>
   </trkpt>
   <trkpt lat="-29.7869190" lon="24.4147990">
    <ele>1093.1</ele>
   </trkpt>
   <trkpt lat="-29.7868550" lon="24.4149020">
    <ele>1093.2</ele>
   </trkpt>
   <trkpt lat="-29.7867880" lon="24.4150050">
    <ele>1093.2</ele>
   </trkpt>
   <trkpt lat="-29.7867240" lon="24.4151080">
    <ele>1093.3</ele>
   </trkpt>
   <trkpt lat="-29.7866600" lon="24.4152160">
    <ele>1093.3</ele>
   </trkpt>
   <trkpt lat="-29.7865930" lon="24.4153210">
    <ele>1093.4</ele>
   </trkpt>
   <trkpt lat="-29.7865260" lon="24.4154230">
    <ele>1093.4</ele>
   </trkpt>
   <trkpt lat="-29.7864580" lon="24.4155260">
    <ele>1093.5</ele>
   </trkpt>
   <trkpt lat="-29.7863920" lon="24.4156330">
    <ele>1093.5</ele>
   </trkpt>
   <trkpt lat="-29.7863250" lon="24.4157370">
    <ele>1093.6</ele>
   </trkpt>
   <trkpt lat="-29.7862580" lon="24.4158390">
    <ele>1093.6</ele>
   </trkpt>
   <trkpt lat="-29.7861910" lon="24.4159410">
    <ele>1093.7</ele>
   </trkpt>
   <trkpt lat="-29.7861260" lon="24.4160450">
    <ele>1093.7</ele>
   </trkpt>
   <trkpt lat="-29.7860650" lon="24.4161500">
    <ele>1093.8</ele>
   </trkpt>
   <trkpt lat="-29.7859980" lon="24.4162480">
    <ele>1093.8</ele>
   </trkpt>
   <trkpt lat="-29.7859330" lon="24.4163480">
    <ele>1093.9</ele>
   </trkpt>
   <trkpt lat="-29.7858680" lon="24.4164450">
    <ele>1093.9</ele>
   </trkpt>
   <trkpt lat="-29.7858050" lon="24.4165420">
    <ele>1093.9</ele>
   </trkpt>
   <trkpt lat="-29.7857470" lon="24.4166350">
    <ele>1094.0</ele>
   </trkpt>
   <trkpt lat="-29.7856850" lon="24.4167220">
    <ele>1094.0</ele>
   </trkpt>
   <trkpt lat="-29.7856230" lon="24.4168080">
    <ele>1094.1</ele>
   </trkpt>
   <trkpt lat="-29.7855620" lon="24.4168930">
    <ele>1094.1</ele>
   </trkpt>
   <trkpt lat="-29.7855070" lon="24.4169830">
    <ele>1094.2</ele>
   </trkpt>
   <trkpt lat="-29.7854480" lon="24.4170730">
    <ele>1094.2</ele>
   </trkpt>
   <trkpt lat="-29.7853870" lon="24.4171600">
    <ele>1094.2</ele>
   </trkpt>
   <trkpt lat="-29.7853230" lon="24.4172530">
    <ele>1094.3</ele>
   </trkpt>
   <trkpt lat="-29.7852600" lon="24.4173480">
    <ele>1094.3</ele>
   </trkpt>
   <trkpt lat="-29.7851970" lon="24.4174480">
    <ele>1094.4</ele>
   </trkpt>
   <trkpt lat="-29.7851270" lon="24.4175430">
    <ele>1094.4</ele>
   </trkpt>
   <trkpt lat="-29.7850550" lon="24.4176430">
    <ele>1094.5</ele>
   </trkpt>
   <trkpt lat="-29.7849830" lon="24.4177470">
    <ele>1094.5</ele>
   </trkpt>
   <trkpt lat="-29.7849150" lon="24.4178550">
    <ele>1094.6</ele>
   </trkpt>
   <trkpt lat="-29.7848450" lon="24.4179680">
    <ele>1094.6</ele>
   </trkpt>
   <trkpt lat="-29.7847750" lon="24.4180830">
    <ele>1094.7</ele>
   </trkpt>
   <trkpt lat="-29.7847020" lon="24.4181950">
    <ele>1094.7</ele>
   </trkpt>
   <trkpt lat="-29.7846250" lon="24.4183080">
    <ele>1094.8</ele>
   </trkpt>
   <trkpt lat="-29.7845450" lon="24.4184250">
    <ele>1094.9</ele>
   </trkpt>
   <trkpt lat="-29.7844700" lon="24.4185420">
    <ele>1094.9</ele>
   </trkpt>
   <trkpt lat="-29.7843930" lon="24.4186600">
    <ele>1095.0</ele>
   </trkpt>
   <trkpt lat="-29.7843150" lon="24.4187750">
    <ele>1095.0</ele>
   </trkpt>
   <trkpt lat="-29.7842370" lon="24.4188900">
    <ele>1095.1</ele>
   </trkpt>
   <trkpt lat="-29.7841580" lon="24.4190030">
    <ele>1095.2</ele>
   </trkpt>
   <trkpt lat="-29.7840850" lon="24.4191150">
    <ele>1095.3</ele>
   </trkpt>
   <trkpt lat="-29.7840130" lon="24.4192250">
    <ele>1095.4</ele>
   </trkpt>
   <trkpt lat="-29.7839370" lon="24.4193370">
    <ele>1095.5</ele>
   </trkpt>
   <trkpt lat="-29.7838600" lon="24.4194430">
    <ele>1095.6</ele>
   </trkpt>
   <trkpt lat="-29.7837850" lon="24.4195600">
    <ele>1095.7</ele>
   </trkpt>
   <trkpt lat="-29.7837120" lon="24.4196720">
    <ele>1095.8</ele>
   </trkpt>
   <trkpt lat="-29.7836370" lon="24.4197880">
    <ele>1095.8</ele>
   </trkpt>
   <trkpt lat="-29.7835600" lon="24.4199050">
    <ele>1095.9</ele>
   </trkpt>
   <trkpt lat="-29.7834800" lon="24.4200180">
    <ele>1096.0</ele>
   </trkpt>
   <trkpt lat="-29.7833980" lon="24.4201330">
    <ele>1096.1</ele>
   </trkpt>
   <trkpt lat="-29.7833230" lon="24.4202470">
    <ele>1096.2</ele>
   </trkpt>
   <trkpt lat="-29.7832500" lon="24.4203580">
    <ele>1096.3</ele>
   </trkpt>
   <trkpt lat="-29.7831780" lon="24.4204680">
    <ele>1096.4</ele>
   </trkpt>
   <trkpt lat="-29.7831050" lon="24.4205770">
    <ele>1096.5</ele>
   </trkpt>
   <trkpt lat="-29.7830300" lon="24.4206850">
    <ele>1096.6</ele>
   </trkpt>
   <trkpt lat="-29.7829600" lon="24.4207920">
    <ele>1096.6</ele>
   </trkpt>
   <trkpt lat="-29.7828920" lon="24.4209030">
    <ele>1096.7</ele>
   </trkpt>
   <trkpt lat="-29.7828270" lon="24.4210150">
    <ele>1096.8</ele>
   </trkpt>
   <trkpt lat="-29.7827580" lon="24.4211280">
    <ele>1096.9</ele>
   </trkpt>
   <trkpt lat="-29.7826850" lon="24.4212380">
    <ele>1097.0</ele>
   </trkpt>
   <trkpt lat="-29.7826100" lon="24.4213470">
    <ele>1097.1</ele>
   </trkpt>
   <trkpt lat="-29.7825350" lon="24.4214530">
    <ele>1097.2</ele>
   </trkpt>
   <trkpt lat="-29.7824670" lon="24.4215580">
    <ele>1097.2</ele>
   </trkpt>
   <trkpt lat="-29.7823980" lon="24.4216670">
    <ele>1097.3</ele>
   </trkpt>
   <trkpt lat="-29.7823280" lon="24.4217780">
    <ele>1097.4</ele>
   </trkpt>
   <trkpt lat="-29.7822580" lon="24.4218830">
    <ele>1097.5</ele>
   </trkpt>
   <trkpt lat="-29.7821880" lon="24.4219870">
    <ele>1097.6</ele>
   </trkpt>
   <trkpt lat="-29.7821200" lon="24.4220870">
    <ele>1097.6</ele>
   </trkpt>
   <trkpt lat="-29.7820580" lon="24.4221830">
    <ele>1097.7</ele>
   </trkpt>
   <trkpt lat="-29.7820020" lon="24.4222800">
    <ele>1097.8</ele>
   </trkpt>
   <trkpt lat="-29.7819430" lon="24.4223770">
    <ele>1097.9</ele>
   </trkpt>
   <trkpt lat="-29.7818820" lon="24.4224750">
    <ele>1097.9</ele>
   </trkpt>
   <trkpt lat="-29.7818170" lon="24.4225700">
    <ele>1098.0</ele>
   </trkpt>
   <trkpt lat="-29.7817500" lon="24.4226680">
    <ele>1098.1</ele>
   </trkpt>
   <trkpt lat="-29.7816780" lon="24.4227670">
    <ele>1098.4</ele>
   </trkpt>
   <trkpt lat="-29.7816070" lon="24.4228730">
    <ele>1098.7</ele>
   </trkpt>
   <trkpt lat="-29.7815370" lon="24.4229850">
    <ele>1099.1</ele>
   </trkpt>
   <trkpt lat="-29.7814630" lon="24.4230980">
    <ele>1099.4</ele>
   </trkpt>
   <trkpt lat="-29.7813930" lon="24.4232120">
    <ele>1099.7</ele>
   </trkpt>
   <trkpt lat="-29.7813250" lon="24.4233280">
    <ele>1100.1</ele>
   </trkpt>
   <trkpt lat="-29.7812530" lon="24.4234430">
    <ele>1100.4</ele>
   </trkpt>
   <trkpt lat="-29.7811820" lon="24.4235520">
    <ele>1100.7</ele>
   </trkpt>
   <trkpt lat="-29.7811080" lon="24.4236600">
    <ele>1101.1</ele>
   </trkpt>
   <trkpt lat="-29.7810370" lon="24.4237650">
    <ele>1101.4</ele>
   </trkpt>
   <trkpt lat="-29.7809630" lon="24.4238700">
    <ele>1101.7</ele>
   </trkpt>
   <trkpt lat="-29.7808920" lon="24.4239730">
    <ele>1102.0</ele>
   </trkpt>
   <trkpt lat="-29.7808200" lon="24.4240770">
    <ele>1102.3</ele>
   </trkpt>
   <trkpt lat="-29.7807550" lon="24.4241850">
    <ele>1102.6</ele>
   </trkpt>
   <trkpt lat="-29.7806830" lon="24.4242920">
    <ele>1103.0</ele>
   </trkpt>
   <trkpt lat="-29.7806130" lon="24.4243970">
    <ele>1103.3</ele>
   </trkpt>
   <trkpt lat="-29.7805420" lon="24.4244930">
    <ele>1103.6</ele>
   </trkpt>
   <trkpt lat="-29.7804700" lon="24.4245930">
    <ele>1103.9</ele>
   </trkpt>
   <trkpt lat="-29.7803980" lon="24.4246920">
    <ele>1104.2</ele>
   </trkpt>
   <trkpt lat="-29.7803250" lon="24.4247900">
    <ele>1104.5</ele>
   </trkpt>
   <trkpt lat="-29.7802500" lon="24.4248870">
    <ele>1104.8</ele>
   </trkpt>
   <trkpt lat="-29.7801750" lon="24.4249830">
    <ele>1105.1</ele>
   </trkpt>
   <trkpt lat="-29.7801000" lon="24.4250830">
    <ele>1105.4</ele>
   </trkpt>
   <trkpt lat="-29.7800250" lon="24.4251830">
    <ele>1105.7</ele>
   </trkpt>
   <trkpt lat="-29.7799420" lon="24.4252800">
    <ele>1106.1</ele>
   </trkpt>
   <trkpt lat="-29.7798600" lon="24.4253770">
    <ele>1106.4</ele>
   </trkpt>
   <trkpt lat="-29.7797770" lon="24.4254680">
    <ele>1106.7</ele>
   </trkpt>
   <trkpt lat="-29.7796920" lon="24.4255570">
    <ele>1107.0</ele>
   </trkpt>
   <trkpt lat="-29.7796050" lon="24.4256520">
    <ele>1107.2</ele>
   </trkpt>
   <trkpt lat="-29.7795200" lon="24.4257400">
    <ele>1107.2</ele>
   </trkpt>
   <trkpt lat="-29.7794330" lon="24.4258270">
    <ele>1107.3</ele>
   </trkpt>
   <trkpt lat="-29.7793430" lon="24.4259100">
    <ele>1107.4</ele>
   </trkpt>
   <trkpt lat="-29.7792500" lon="24.4259950">
    <ele>1107.4</ele>
   </trkpt>
   <trkpt lat="-29.7791550" lon="24.4260800">
    <ele>1107.5</ele>
   </trkpt>
   <trkpt lat="-29.7790620" lon="24.4261600">
    <ele>1107.5</ele>
   </trkpt>
   <trkpt lat="-29.7789620" lon="24.4262400">
    <ele>1107.6</ele>
   </trkpt>
   <trkpt lat="-29.7788600" lon="24.4263170">
    <ele>1107.7</ele>
   </trkpt>
   <trkpt lat="-29.7787580" lon="24.4263970">
    <ele>1107.7</ele>
   </trkpt>
   <trkpt lat="-29.7786500" lon="24.4264720">
    <ele>1107.8</ele>
   </trkpt>
   <trkpt lat="-29.7785520" lon="24.4265480">
    <ele>1107.9</ele>
   </trkpt>
   <trkpt lat="-29.7784480" lon="24.4266180">
    <ele>1107.9</ele>
   </trkpt>
   <trkpt lat="-29.7783420" lon="24.4266830">
    <ele>1108.0</ele>
   </trkpt>
   <trkpt lat="-29.7782330" lon="24.4267470">
    <ele>1108.1</ele>
   </trkpt>
   <trkpt lat="-29.7781250" lon="24.4268150">
    <ele>1108.1</ele>
   </trkpt>
   <trkpt lat="-29.7780150" lon="24.4268800">
    <ele>1108.2</ele>
   </trkpt>
   <trkpt lat="-29.7779050" lon="24.4269430">
    <ele>1108.3</ele>
   </trkpt>
   <trkpt lat="-29.7777950" lon="24.4270020">
    <ele>1108.3</ele>
   </trkpt>
   <trkpt lat="-29.7776830" lon="24.4270550">
    <ele>1108.4</ele>
   </trkpt>
   <trkpt lat="-29.7775700" lon="24.4271100">
    <ele>1108.5</ele>
   </trkpt>
   <trkpt lat="-29.7774570" lon="24.4271650">
    <ele>1108.5</ele>
   </trkpt>
   <trkpt lat="-29.7773430" lon="24.4272150">
    <ele>1108.6</ele>
   </trkpt>
   <trkpt lat="-29.7772350" lon="24.4272580">
    <ele>1108.7</ele>
   </trkpt>
   <trkpt lat="-29.7771230" lon="24.4272980">
    <ele>1108.7</ele>
   </trkpt>
   <trkpt lat="-29.7770170" lon="24.4273320">
    <ele>1108.8</ele>
   </trkpt>
   <trkpt lat="-29.7769100" lon="24.4273620">
    <ele>1108.8</ele>
   </trkpt>
   <trkpt lat="-29.7768050" lon="24.4273920">
    <ele>1108.9</ele>
   </trkpt>
   <trkpt lat="-29.7767030" lon="24.4274200">
    <ele>1108.9</ele>
   </trkpt>
   <trkpt lat="-29.7766030" lon="24.4274480">
    <ele>1109.0</ele>
   </trkpt>
   <trkpt lat="-29.7765100" lon="24.4274770">
    <ele>1109.1</ele>
   </trkpt>
   <trkpt lat="-29.7764170" lon="24.4275020">
    <ele>1109.1</ele>
   </trkpt>
   <trkpt lat="-29.7763230" lon="24.4275270">
    <ele>1109.2</ele>
   </trkpt>
   <trkpt lat="-29.7762270" lon="24.4275520">
    <ele>1109.2</ele>
   </trkpt>
   <trkpt lat="-29.7761270" lon="24.4275780">
    <ele>1109.3</ele>
   </trkpt>
   <trkpt lat="-29.7760230" lon="24.4276070">
    <ele>1109.3</ele>
   </trkpt>
   <trkpt lat="-29.7759170" lon="24.4276350">
    <ele>1109.4</ele>
   </trkpt>
   <trkpt lat="-29.7758080" lon="24.4276630">
    <ele>1109.4</ele>
   </trkpt>
   <trkpt lat="-29.7756980" lon="24.4276950">
    <ele>1109.5</ele>
   </trkpt>
   <trkpt lat="-29.7755850" lon="24.4277250">
    <ele>1109.6</ele>
   </trkpt>
   <trkpt lat="-29.7754680" lon="24.4277580">
    <ele>1109.6</ele>
   </trkpt>
   <trkpt lat="-29.7753470" lon="24.4277920">
    <ele>1109.7</ele>
   </trkpt>
   <trkpt lat="-29.7752200" lon="24.4278280">
    <ele>1109.8</ele>
   </trkpt>
   <trkpt lat="-29.7750950" lon="24.4278630">
    <ele>1109.8</ele>
   </trkpt>
   <trkpt lat="-29.7749730" lon="24.4278970">
    <ele>1109.9</ele>
   </trkpt>
   <trkpt lat="-29.7748520" lon="24.4279280">
    <ele>1110.0</ele>
   </trkpt>
   <trkpt lat="-29.7747320" lon="24.4279620">
    <ele>1110.0</ele>
   </trkpt>
   <trkpt lat="-29.7746080" lon="24.4279970">
    <ele>1110.1</ele>
   </trkpt>
   <trkpt lat="-29.7744850" lon="24.4280330">
    <ele>1110.2</ele>
   </trkpt>
   <trkpt lat="-29.7743630" lon="24.4280670">
    <ele>1110.2</ele>
   </trkpt>
   <trkpt lat="-29.7742450" lon="24.4281000">
    <ele>1110.3</ele>
   </trkpt>
   <trkpt lat="-29.7741330" lon="24.4281320">
    <ele>1110.4</ele>
   </trkpt>
   <trkpt lat="-29.7740250" lon="24.4281600">
    <ele>1110.4</ele>
   </trkpt>
   <trkpt lat="-29.7739220" lon="24.4281880">
    <ele>1110.5</ele>
   </trkpt>
   <trkpt lat="-29.7738220" lon="24.4282150">
    <ele>1110.5</ele>
   </trkpt>
   <trkpt lat="-29.7737250" lon="24.4282400">
    <ele>1110.6</ele>
   </trkpt>
   <trkpt lat="-29.7736320" lon="24.4282650">
    <ele>1110.6</ele>
   </trkpt>
   <trkpt lat="-29.7735450" lon="24.4282900">
    <ele>1110.7</ele>
   </trkpt>
   <trkpt lat="-29.7734670" lon="24.4283150">
    <ele>1110.7</ele>
   </trkpt>
   <trkpt lat="-29.7733880" lon="24.4283380">
    <ele>1110.8</ele>
   </trkpt>
   <trkpt lat="-29.7733200" lon="24.4283620">
    <ele>1110.8</ele>
   </trkpt>
   <trkpt lat="-29.7732580" lon="24.4283900">
    <ele>1110.8</ele>
   </trkpt>
   <trkpt lat="-29.7732000" lon="24.4284300">
    <ele>1110.9</ele>
   </trkpt>
   <trkpt lat="-29.7731500" lon="24.4284780">
    <ele>1110.9</ele>
   </trkpt>
   <trkpt lat="-29.7731080" lon="24.4285320">
    <ele>1111.0</ele>
   </trkpt>
   <trkpt lat="-29.7730780" lon="24.4286000">
    <ele>1111.2</ele>
   </trkpt>
   <trkpt lat="-29.7730680" lon="24.4286830">
    <ele>1111.4</ele>
   </trkpt>
   <trkpt lat="-29.7730780" lon="24.4287780">
    <ele>1111.7</ele>
   </trkpt>
   <trkpt lat="-29.7730950" lon="24.4288820">
    <ele>1111.9</ele>
   </trkpt>
   <trkpt lat="-29.7731200" lon="24.4289820">
    <ele>1112.2</ele>
   </trkpt>
   <trkpt lat="-29.7731450" lon="24.4290730">
    <ele>1112.5</ele>
   </trkpt>
   <trkpt lat="-29.7731700" lon="24.4291580">
    <ele>1112.7</ele>
   </trkpt>
   <trkpt lat="-29.7731950" lon="24.4292470">
    <ele>1112.9</ele>
   </trkpt>
   <trkpt lat="-29.7732200" lon="24.4293380">
    <ele>1113.2</ele>
   </trkpt>
   <trkpt lat="-29.7732430" lon="24.4294370">
    <ele>1113.5</ele>
   </trkpt>
   <trkpt lat="-29.7732680" lon="24.4295370">
    <ele>1113.7</ele>
   </trkpt>
   <trkpt lat="-29.7732930" lon="24.4296350">
    <ele>1114.0</ele>
   </trkpt>
   <trkpt lat="-29.7733200" lon="24.4297330">
    <ele>1114.3</ele>
   </trkpt>
   <trkpt lat="-29.7733430" lon="24.4298320">
    <ele>1114.5</ele>
   </trkpt>
   <trkpt lat="-29.7733680" lon="24.4299320">
    <ele>1114.8</ele>
   </trkpt>
   <trkpt lat="-29.7733950" lon="24.4300370">
    <ele>1115.1</ele>
   </trkpt>
   <trkpt lat="-29.7734230" lon="24.4301420">
    <ele>1115.4</ele>
   </trkpt>
   <trkpt lat="-29.7734500" lon="24.4302470">
    <ele>1115.7</ele>
   </trkpt>
   <trkpt lat="-29.7734800" lon="24.4303530">
    <ele>1116.0</ele>
   </trkpt>
   <trkpt lat="-29.7735100" lon="24.4304600">
    <ele>1116.2</ele>
   </trkpt>
   <trkpt lat="-29.7735470" lon="24.4305650">
    <ele>1116.5</ele>
   </trkpt>
   <trkpt lat="-29.7735870" lon="24.4306720">
    <ele>1116.8</ele>
   </trkpt>
   <trkpt lat="-29.7736280" lon="24.4307800">
    <ele>1117.2</ele>
   </trkpt>
   <trkpt lat="-29.7736730" lon="24.4308850">
    <ele>1117.5</ele>
   </trkpt>
   <trkpt lat="-29.7737200" lon="24.4309830">
    <ele>1117.8</ele>
   </trkpt>
   <trkpt lat="-29.7737630" lon="24.4310920">
    <ele>1118.1</ele>
   </trkpt>
   <trkpt lat="-29.7738120" lon="24.4311980">
    <ele>1118.4</ele>
   </trkpt>
   <trkpt lat="-29.7738650" lon="24.4313020">
    <ele>1118.7</ele>
   </trkpt>
   <trkpt lat="-29.7739230" lon="24.4314020">
    <ele>1119.0</ele>
   </trkpt>
   <trkpt lat="-29.7739820" lon="24.4314970">
    <ele>1119.3</ele>
   </trkpt>
   <trkpt lat="-29.7740420" lon="24.4315880">
    <ele>1119.6</ele>
   </trkpt>
   <trkpt lat="-29.7741020" lon="24.4316770">
    <ele>1119.9</ele>
   </trkpt>
   <trkpt lat="-29.7741670" lon="24.4317670">
    <ele>1120.2</ele>
   </trkpt>
   <trkpt lat="-29.7742380" lon="24.4318570">
    <ele>1120.5</ele>
   </trkpt>
   <trkpt lat="-29.7743120" lon="24.4319430">
    <ele>1120.8</ele>
   </trkpt>
   <trkpt lat="-29.7743880" lon="24.4320300">
    <ele>1121.2</ele>
   </trkpt>
   <trkpt lat="-29.7744670" lon="24.4321170">
    <ele>1121.5</ele>
   </trkpt>
   <trkpt lat="-29.7745430" lon="24.4322030">
    <ele>1121.8</ele>
   </trkpt>
   <trkpt lat="-29.7746180" lon="24.4322850">
    <ele>1122.1</ele>
   </trkpt>
   <trkpt lat="-29.7746930" lon="24.4323650">
    <ele>1122.4</ele>
   </trkpt>
   <trkpt lat="-29.7747650" lon="24.4324430">
    <ele>1122.7</ele>
   </trkpt>
   <trkpt lat="-29.7748330" lon="24.4325170">
    <ele>1123.0</ele>
   </trkpt>
   <trkpt lat="-29.7749030" lon="24.4325880">
    <ele>1123.3</ele>
   </trkpt>
   <trkpt lat="-29.7749720" lon="24.4326580">
    <ele>1123.6</ele>
   </trkpt>
   <trkpt lat="-29.7750350" lon="24.4327220">
    <ele>1123.8</ele>
   </trkpt>
   <trkpt lat="-29.7750980" lon="24.4327850">
    <ele>1124.1</ele>
   </trkpt>
   <trkpt lat="-29.7751600" lon="24.4328480">
    <ele>1124.3</ele>
   </trkpt>
   <trkpt lat="-29.7752230" lon="24.4329130">
    <ele>1124.6</ele>
   </trkpt>
   <trkpt lat="-29.7752850" lon="24.4329800">
    <ele>1124.8</ele>
   </trkpt>
   <trkpt lat="-29.7753520" lon="24.4330470">
    <ele>1125.1</ele>
   </trkpt>
   <trkpt lat="-29.7754150" lon="24.4331100">
    <ele>1125.3</ele>
   </trkpt>
   <trkpt lat="-29.7754750" lon="24.4331750">
    <ele>1125.6</ele>
   </trkpt>
   <trkpt lat="-29.7755300" lon="24.4332350">
    <ele>1125.8</ele>
   </trkpt>
   <trkpt lat="-29.7755850" lon="24.4332920">
    <ele>1126.0</ele>
   </trkpt>
   <trkpt lat="-29.7756430" lon="24.4333520">
    <ele>1126.3</ele>
   </trkpt>
   <trkpt lat="-29.7757050" lon="24.4334130">
    <ele>1126.5</ele>
   </trkpt>
   <trkpt lat="-29.7757650" lon="24.4334750">
    <ele>1126.8</ele>
   </trkpt>
   <trkpt lat="-29.7758270" lon="24.4335350">
    <ele>1127.0</ele>
   </trkpt>
   <trkpt lat="-29.7758830" lon="24.4335900">
    <ele>1127.2</ele>
   </trkpt>
   <trkpt lat="-29.7759320" lon="24.4336420">
    <ele>1127.4</ele>
   </trkpt>
   <trkpt lat="-29.7759730" lon="24.4336920">
    <ele>1127.6</ele>
   </trkpt>
   <trkpt lat="-29.7760020" lon="24.4337420">
    <ele>1127.8</ele>
   </trkpt>
   <trkpt lat="-29.7760170" lon="24.4337930">
    <ele>1127.9</ele>
   </trkpt>
   <trkpt lat="-29.7760170" lon="24.4338480">
    <ele>1128.0</ele>
   </trkpt>
   <trkpt lat="-29.7760070" lon="24.4339050">
    <ele>1127.9</ele>
   </trkpt>
   <trkpt lat="-29.7759750" lon="24.4339580">
    <ele>1127.7</ele>
   </trkpt>
   <trkpt lat="-29.7759320" lon="24.4340100">
    <ele>1127.5</ele>
   </trkpt>
   <trkpt lat="-29.7758800" lon="24.4340630">
    <ele>1127.3</ele>
   </trkpt>
   <trkpt lat="-29.7758180" lon="24.4341180">
    <ele>1127.0</ele>
   </trkpt>
   <trkpt lat="-29.7757570" lon="24.4341830">
    <ele>1126.8</ele>
   </trkpt>
   <trkpt lat="-29.7756920" lon="24.4342530">
    <ele>1126.5</ele>
   </trkpt>
   <trkpt lat="-29.7756250" lon="24.4343300">
    <ele>1126.2</ele>
   </trkpt>
   <trkpt lat="-29.7755550" lon="24.4344050">
    <ele>1125.9</ele>
   </trkpt>
   <trkpt lat="-29.7754880" lon="24.4344800">
    <ele>1125.6</ele>
   </trkpt>
   <trkpt lat="-29.7754170" lon="24.4345500">
    <ele>1125.3</ele>
   </trkpt>
   <trkpt lat="-29.7753500" lon="24.4346230">
    <ele>1125.0</ele>
   </trkpt>
   <trkpt lat="-29.7752770" lon="24.4346980">
    <ele>1125.0</ele>
   </trkpt>
   <trkpt lat="-29.7752050" lon="24.4347780">
    <ele>1125.0</ele>
   </trkpt>
   <trkpt lat="-29.7751300" lon="24.4348630">
    <ele>1125.0</ele>
   </trkpt>
   <trkpt lat="-29.7750530" lon="24.4349480">
    <ele>1125.0</ele>
   </trkpt>
   <trkpt lat="-29.7749780" lon="24.4350300">
    <ele>1125.0</ele>
   </trkpt>
   <trkpt lat="-29.7749170" lon="24.4351000">
    <ele>1125.0</ele>
   </trkpt>
   <trkpt lat="-29.7748570" lon="24.4351670">
    <ele>1125.0</ele>
   </trkpt>
   <trkpt lat="-29.7747950" lon="24.4352300">
    <ele>1125.0</ele>
   </trkpt>
   <trkpt lat="-29.7747320" lon="24.4352970">
    <ele>1125.0</ele>
   </trkpt>
   <trkpt lat="-29.7746720" lon="24.4353680">
    <ele>1125.0</ele>
   </trkpt>
   <trkpt lat="-29.7746100" lon="24.4354380">
    <ele>1125.0</ele>
   </trkpt>
   <trkpt lat="-29.7745470" lon="24.4355100">
    <ele>1125.0</ele>
   </trkpt>
   <trkpt lat="-29.7744870" lon="24.4355820">
    <ele>1125.0</ele>
   </trkpt>
   <trkpt lat="-29.7744230" lon="24.4356550">
    <ele>1125.0</ele>
   </trkpt>
   <trkpt lat="-29.7743600" lon="24.4357330">
    <ele>1125.0</ele>
   </trkpt>
   <trkpt lat="-29.7742900" lon="24.4358130">
    <ele>1125.0</ele>
   </trkpt>
   <trkpt lat="-29.7742200" lon="24.4358930">
    <ele>1125.0</ele>
   </trkpt>
   <trkpt lat="-29.7741520" lon="24.4359730">
    <ele>1125.0</ele>
   </trkpt>
   <trkpt lat="-29.7740820" lon="24.4360550">
    <ele>1125.0</ele>
   </trkpt>
   <trkpt lat="-29.7740150" lon="24.4361330">
    <ele>1125.0</ele>
   </trkpt>
   <trkpt lat="-29.7739470" lon="24.4362120">
    <ele>1125.0</ele>
   </trkpt>
   <trkpt lat="-29.7738850" lon="24.4362870">
    <ele>1125.0</ele>
   </trkpt>
   <trkpt lat="-29.7738250" lon="24.4363570">
    <ele>1125.0</ele>
   </trkpt>
   <trkpt lat="-29.7737650" lon="24.4364230">
    <ele>1125.0</ele>
   </trkpt>
   <trkpt lat="-29.7737070" lon="24.4364870">
    <ele>1125.0</ele>
   </trkpt>
   <trkpt lat="-29.7736550" lon="24.4365470">
    <ele>1125.0</ele>
   </trkpt>
   <trkpt lat="-29.7736120" lon="24.4366030">
    <ele>1125.0</ele>
   </trkpt>
   <trkpt lat="-29.7735720" lon="24.4366470">
    <ele>1125.0</ele>
   </trkpt>
   <trkpt lat="-29.7735420" lon="24.4366820">
    <ele>1125.0</ele>
   </trkpt>
   <trkpt lat="-29.7735250" lon="24.4366950">
    <ele>1125.0</ele>
   </trkpt>
   <trkpt lat="-29.7735220" lon="24.4366940">
    <ele>1125.0</ele>
   </trkpt>
   <trkpt lat="-29.7735200" lon="24.4366920">
    <ele>1125.0</ele>
   </trkpt>
   <trkpt lat="-29.7735170" lon="24.4366910">
    <ele>1125.0</ele>
   </trkpt>
   <trkpt lat="-29.7735150" lon="24.4366890">
    <ele>1125.0</ele>
   </trkpt>
   <trkpt lat="-29.7735120" lon="24.4366880">
    <ele>1125.0</ele>
   </trkpt>
   <trkpt lat="-29.7735100" lon="24.4366860">
    <ele>1125.0</ele>
   </trkpt>
   <trkpt lat="-29.7735070" lon="24.4366850">
    <ele>1125.0</ele>
   </trkpt>
   <trkpt lat="-29.7735050" lon="24.4366830">
    <ele>1125.0</ele>
   </trkpt>
   <trkpt lat="-29.7735020" lon="24.4366810">
    <ele>1125.0</ele>
   </trkpt>
   <trkpt lat="-29.7735000" lon="24.4366800">
    <ele>1125.0</ele>
   </trkpt>
   <trkpt lat="-29.7734970" lon="24.4366780">
    <ele>1125.0</ele>
   </trkpt>
   <trkpt lat="-29.7734950" lon="24.4366770">
    <ele>1125.0</ele>
   </trkpt>
   <trkpt lat="-29.7734920" lon="24.4366750">
    <ele>1125.0</ele>
   </trkpt>
   <trkpt lat="-29.7734900" lon="24.4366740">
    <ele>1125.0</ele>
   </trkpt>
   <trkpt lat="-29.7734870" lon="24.4366720">
    <ele>1125.0</ele>
   </trkpt>
   <trkpt lat="-29.7734850" lon="24.4366710">
    <ele>1125.0</ele>
   </trkpt>
   <trkpt lat="-29.7734820" lon="24.4366690">
    <ele>1125.0</ele>
   </trkpt>
   <trkpt lat="-29.7734800" lon="24.4366670">
    <ele>1125.0</ele>
   </trkpt>
   <trkpt lat="-29.7734770" lon="24.4366660">
    <ele>1125.0</ele>
   </trkpt>
   <trkpt lat="-29.7734750" lon="24.4366640">
    <ele>1125.0</ele>
   </trkpt>
   <trkpt lat="-29.7734720" lon="24.4366630">
    <ele>1125.0</ele>
   </trkpt>
   <trkpt lat="-29.7734700" lon="24.4366610">
    <ele>1125.0</ele>
   </trkpt>
   <trkpt lat="-29.7734670" lon="24.4366600">
    <ele>1125.0</ele>
   </trkpt>
   <trkpt lat="-29.7734650" lon="24.4366580">
    <ele>1125.0</ele>
   </trkpt>
   <trkpt lat="-29.7734620" lon="24.4366570">
    <ele>1125.0</ele>
   </trkpt>
   <trkpt lat="-29.7734600" lon="24.4366550">
    <ele>1125.0</ele>
   </trkpt>
   <trkpt lat="-29.7734570" lon="24.4366530">
    <ele>1125.0</ele>
   </trkpt>
   <trkpt lat="-29.7734550" lon="24.4366520">
    <ele>1125.0</ele>
   </trkpt>
   <trkpt lat="-29.7734520" lon="24.4366500">
    <ele>1125.0</ele>
   </trkpt>
   <trkpt lat="-29.7734500" lon="24.4366490">
    <ele>1125.0</ele>
   </trkpt>
   <trkpt lat="-29.7734470" lon="24.4366470">
    <ele>1125.0</ele>
   </trkpt>
   <trkpt lat="-29.7734450" lon="24.4366460">
    <ele>1125.0</ele>
   </trkpt>
   <trkpt lat="-29.7734420" lon="24.4366440">
    <ele>1125.0</ele>
   </trkpt>
   <trkpt lat="-29.7734400" lon="24.4366430">
    <ele>1125.0</ele>
   </trkpt>
   <trkpt lat="-29.7734370" lon="24.4366410">
    <ele>1125.0</ele>
   </trkpt>
   <trkpt lat="-29.7734350" lon="24.4366390">
    <ele>1125.0</ele>
   </trkpt>
   <trkpt lat="-29.7734320" lon="24.4366380">
    <ele>1125.0</ele>
   </trkpt>
   <trkpt lat="-29.7734300" lon="24.4366360">
    <ele>1125.0</ele>
   </trkpt>
   <trkpt lat="-29.7734270" lon="24.4366350">
    <ele>1125.0</ele>
   </trkpt>
   <trkpt lat="-29.7734250" lon="24.4366330">
    <ele>1125.0</ele>
   </trkpt>
   <trkpt lat="-29.7734220" lon="24.4366320">
    <ele>1125.0</ele>
   </trkpt>
   <trkpt lat="-29.7734200" lon="24.4366300">
    <ele>1125.0</ele>
   </trkpt>
   <trkpt lat="-29.7734170" lon="24.4366290">
    <ele>1125.0</ele>
   </trkpt>
   <trkpt lat="-29.7734150" lon="24.4366270">
    <ele>1125.0</ele>
   </trkpt>
   <trkpt lat="-29.7734120" lon="24.4366250">
    <ele>1125.0</ele>
   </trkpt>
   <trkpt lat="-29.7734100" lon="24.4366240">
    <ele>1125.0</ele>
   </trkpt>
   <trkpt lat="-29.7734070" lon="24.4366220">
    <ele>1125.0</ele>
   </trkpt>
   <trkpt lat="-29.7734050" lon="24.4366210">
    <ele>1125.0</ele>
   </trkpt>
   <trkpt lat="-29.7734020" lon="24.4366190">
    <ele>1125.0</ele>
   </trkpt>
   <trkpt lat="-29.7734000" lon="24.4366180">
    <ele>1125.0</ele>
   </trkpt>
   <trkpt lat="-29.7733970" lon="24.4366160">
    <ele>1125.0</ele>
   </trkpt>
   <trkpt lat="-29.7733950" lon="24.4366150">
    <ele>1125.0</ele>
   </trkpt>
   <trkpt lat="-29.7733920" lon="24.4366130">
    <ele>1125.0</ele>
   </trkpt>
   <trkpt lat="-29.7733620" lon="24.4366050">
    <ele>1125.0</ele>
   </trkpt>
   <trkpt lat="-29.7733520" lon="24.4366030">
    <ele>1125.1</ele>
   </trkpt>
   <trkpt lat="-29.7733230" lon="24.4365950">
    <ele>1125.1</ele>
   </trkpt>
   <trkpt lat="-29.7733150" lon="24.4365930">
    <ele>1125.1</ele>
   </trkpt>
   <trkpt lat="-29.7732850" lon="24.4365900">
    <ele>1125.1</ele>
   </trkpt>
   <trkpt lat="-29.7732730" lon="24.4365900">
    <ele>1125.1</ele>
   </trkpt>
   <trkpt lat="-29.7732360" lon="24.4365930">
    <ele>1125.1</ele>
   </trkpt>
   <trkpt lat="-29.7732230" lon="24.4365930">
    <ele>1125.1</ele>
   </trkpt>
   <trkpt lat="-29.7731880" lon="24.4365990">
    <ele>1125.1</ele>
   </trkpt>
   <trkpt lat="-29.7731780" lon="24.4366030">
    <ele>1125.1</ele>
   </trkpt>
   <trkpt lat="-29.7731460" lon="24.4366140">
    <ele>1125.1</ele>
   </trkpt>
   <trkpt lat="-29.7731350" lon="24.4366180">
    <ele>1125.1</ele>
   </trkpt>
   <trkpt lat="-29.7731050" lon="24.4366350">
    <ele>1125.1</ele>
   </trkpt>
   <trkpt lat="-29.7730950" lon="24.4366420">
    <ele>1125.1</ele>
   </trkpt>
   <trkpt lat="-29.7730670" lon="24.4366640">
    <ele>1125.1</ele>
   </trkpt>
   <trkpt lat="-29.7730600" lon="24.4366700">
    <ele>1125.1</ele>
   </trkpt>
   <trkpt lat="-29.7730370" lon="24.4366880">
    <ele>1125.1</ele>
   </trkpt>
   <trkpt lat="-29.7730110" lon="24.4367180">
    <ele>1125.1</ele>
   </trkpt>
   <trkpt lat="-29.7730020" lon="24.4367270">
    <ele>1125.1</ele>
   </trkpt>
   <trkpt lat="-29.7729800" lon="24.4367470">
    <ele>1125.1</ele>
   </trkpt>
   <trkpt lat="-29.7729540" lon="24.4367750">
    <ele>1125.2</ele>
   </trkpt>
   <trkpt lat="-29.7729450" lon="24.4367850">
    <ele>1125.2</ele>
   </trkpt>
   <trkpt lat="-29.7729270" lon="24.4368080">
    <ele>1125.2</ele>
   </trkpt>
   <trkpt lat="-29.7728940" lon="24.4368340">
    <ele>1125.2</ele>
   </trkpt>
   <trkpt lat="-29.7728800" lon="24.4368420">
    <ele>1125.2</ele>
   </trkpt>
   <trkpt lat="-29.7728550" lon="24.4368620">
    <ele>1125.2</ele>
   </trkpt>
   <trkpt lat="-29.7728280" lon="24.4368800">
    <ele>1125.2</ele>
   </trkpt>
   <trkpt lat="-29.7728030" lon="24.4369000">
    <ele>1125.2</ele>
   </trkpt>
   <trkpt lat="-29.7727780" lon="24.4369180">
    <ele>1125.2</ele>
   </trkpt>
   <trkpt lat="-29.7727470" lon="24.4369420">
    <ele>1125.2</ele>
   </trkpt>
   <trkpt lat="-29.7727130" lon="24.4369650">
    <ele>1125.2</ele>
   </trkpt>
   <trkpt lat="-29.7726820" lon="24.4369870">
    <ele>1125.2</ele>
   </trkpt>
   <trkpt lat="-29.7726570" lon="24.4370150">
    <ele>1125.2</ele>
   </trkpt>
   <trkpt lat="-29.7726280" lon="24.4370470">
    <ele>1125.2</ele>
   </trkpt>
   <trkpt lat="-29.7726000" lon="24.4370770">
    <ele>1125.3</ele>
   </trkpt>
   <trkpt lat="-29.7725750" lon="24.4371020">
    <ele>1125.3</ele>
   </trkpt>
   <trkpt lat="-29.7725480" lon="24.4371280">
    <ele>1125.3</ele>
   </trkpt>
   <trkpt lat="-29.7725220" lon="24.4371570">
    <ele>1125.3</ele>
   </trkpt>
   <trkpt lat="-29.7724950" lon="24.4371820">
    <ele>1125.3</ele>
   </trkpt>
   <trkpt lat="-29.7724680" lon="24.4372100">
    <ele>1125.3</ele>
   </trkpt>
   <trkpt lat="-29.7724420" lon="24.4372400">
    <ele>1125.3</ele>
   </trkpt>
   <trkpt lat="-29.7724130" lon="24.4372700">
    <ele>1125.3</ele>
   </trkpt>
   <trkpt lat="-29.7723870" lon="24.4373030">
    <ele>1125.3</ele>
   </trkpt>
   <trkpt lat="-29.7723600" lon="24.4373320">
    <ele>1125.3</ele>
   </trkpt>
   <trkpt lat="-29.7723350" lon="24.4373580">
    <ele>1125.3</ele>
   </trkpt>
   <trkpt lat="-29.7723070" lon="24.4373880">
    <ele>1125.3</ele>
   </trkpt>
   <trkpt lat="-29.7722800" lon="24.4374180">
    <ele>1125.3</ele>
   </trkpt>
   <trkpt lat="-29.7722530" lon="24.4374420">
    <ele>1125.4</ele>
   </trkpt>
   <trkpt lat="-29.7722250" lon="24.4374680">
    <ele>1125.4</ele>
   </trkpt>
   <trkpt lat="-29.7722020" lon="24.4374930">
    <ele>1125.4</ele>
   </trkpt>
   <trkpt lat="-29.7721820" lon="24.4375170">
    <ele>1125.4</ele>
   </trkpt>
   <trkpt lat="-29.7721510" lon="24.4375430">
    <ele>1125.4</ele>
   </trkpt>
   <trkpt lat="-29.7721400" lon="24.4375530">
    <ele>1125.4</ele>
   </trkpt>
   <trkpt lat="-29.7721180" lon="24.4375730">
    <ele>1125.4</ele>
   </trkpt>
   <trkpt lat="-29.7720880" lon="24.4376030">
    <ele>1125.4</ele>
   </trkpt>
   <trkpt lat="-29.7720780" lon="24.4376120">
    <ele>1125.4</ele>
   </trkpt>
   <trkpt lat="-29.7720550" lon="24.4376320">
    <ele>1125.4</ele>
   </trkpt>
   <trkpt lat="-29.7720220" lon="24.4376530">
    <ele>1125.4</ele>
   </trkpt>
   <trkpt lat="-29.7720100" lon="24.4376600">
    <ele>1125.4</ele>
   </trkpt>
   <trkpt lat="-29.7719870" lon="24.4376770">
    <ele>1125.4</ele>
   </trkpt>
   <trkpt lat="-29.7719630" lon="24.4376950">
    <ele>1125.4</ele>
   </trkpt>
   <trkpt lat="-29.7719400" lon="24.4377130">
    <ele>1125.4</ele>
   </trkpt>
   <trkpt lat="-29.7719120" lon="24.4377320">
    <ele>1125.5</ele>
   </trkpt>
   <trkpt lat="-29.7718820" lon="24.4377500">
    <ele>1125.5</ele>
   </trkpt>
   <trkpt lat="-29.7718480" lon="24.4377670">
    <ele>1125.5</ele>
   </trkpt>
   <trkpt lat="-29.7718150" lon="24.4377830">
    <ele>1125.5</ele>
   </trkpt>
   <trkpt lat="-29.7717820" lon="24.4377980">
    <ele>1125.5</ele>
   </trkpt>
   <trkpt lat="-29.7717480" lon="24.4378130">
    <ele>1125.5</ele>
   </trkpt>
   <trkpt lat="-29.7717150" lon="24.4378250">
    <ele>1125.5</ele>
   </trkpt>
   <trkpt lat="-29.7716820" lon="24.4378420">
    <ele>1125.5</ele>
   </trkpt>
   <trkpt lat="-29.7716470" lon="24.4378620">
    <ele>1125.5</ele>
   </trkpt>
   <trkpt lat="-29.7716130" lon="24.4378770">
    <ele>1125.5</ele>
   </trkpt>
   <trkpt lat="-29.7715850" lon="24.4378920">
    <ele>1125.5</ele>
   </trkpt>
   <trkpt lat="-29.7715570" lon="24.4379050">
    <ele>1125.5</ele>
   </trkpt>
   <trkpt lat="-29.7715230" lon="24.4379130">
    <ele>1125.5</ele>
   </trkpt>
   <trkpt lat="-29.7715100" lon="24.4379150">
    <ele>1125.5</ele>
   </trkpt>
   <trkpt lat="-29.7714750" lon="24.4379250">
    <ele>1125.6</ele>
   </trkpt>
   <trkpt lat="-29.7714630" lon="24.4379270">
    <ele>1125.6</ele>
   </trkpt>
   <trkpt lat="-29.7714290" lon="24.4379380">
    <ele>1125.6</ele>
   </trkpt>
   <trkpt lat="-29.7714170" lon="24.4379430">
    <ele>1125.6</ele>
   </trkpt>
   <trkpt lat="-29.7713820" lon="24.4379530">
    <ele>1125.6</ele>
   </trkpt>
   <trkpt lat="-29.7713700" lon="24.4379550">
    <ele>1125.6</ele>
   </trkpt>
   <trkpt lat="-29.7713380" lon="24.4379700">
    <ele>1125.6</ele>
   </trkpt>
   <trkpt lat="-29.7713270" lon="24.4379770">
    <ele>1125.6</ele>
   </trkpt>
   <trkpt lat="-29.7712900" lon="24.4379960">
    <ele>1125.6</ele>
   </trkpt>
   <trkpt lat="-29.7712750" lon="24.4380030">
    <ele>1125.6</ele>
   </trkpt>
   <trkpt lat="-29.7712470" lon="24.4380230">
    <ele>1125.6</ele>
   </trkpt>
   <trkpt lat="-29.7712180" lon="24.4380480">
    <ele>1125.6</ele>
   </trkpt>
   <trkpt lat="-29.7711900" lon="24.4380700">
    <ele>1125.6</ele>
   </trkpt>
   <trkpt lat="-29.7711670" lon="24.4380950">
    <ele>1125.6</ele>
   </trkpt>
   <trkpt lat="-29.7711450" lon="24.4381170">
    <ele>1125.6</ele>
   </trkpt>
   <trkpt lat="-29.7711220" lon="24.4381500">
    <ele>1125.6</ele>
   </trkpt>
   <trkpt lat="-29.7710980" lon="24.4381870">
    <ele>1125.7</ele>
   </trkpt>
   <trkpt lat="-29.7710800" lon="24.4382180">
    <ele>1125.7</ele>
   </trkpt>
   <trkpt lat="-29.7710680" lon="24.4382480">
    <ele>1125.7</ele>
   </trkpt>
   <trkpt lat="-29.7710620" lon="24.4382800">
    <ele>1125.7</ele>
   </trkpt>
   <trkpt lat="-29.7710570" lon="24.4383170">
    <ele>1125.7</ele>
   </trkpt>
   <trkpt lat="-29.7710550" lon="24.4383550">
    <ele>1125.7</ele>
   </trkpt>
   <trkpt lat="-29.7710530" lon="24.4384000">
    <ele>1125.7</ele>
   </trkpt>
   <trkpt lat="-29.7710570" lon="24.4384370">
    <ele>1125.7</ele>
   </trkpt>
   <trkpt lat="-29.7710650" lon="24.4384860">
    <ele>1125.7</ele>
   </trkpt>
   <trkpt lat="-29.7710670" lon="24.4385050">
    <ele>1125.7</ele>
   </trkpt>
   <trkpt lat="-29.7710750" lon="24.4385450">
    <ele>1125.7</ele>
   </trkpt>
   <trkpt lat="-29.7710870" lon="24.4385850">
    <ele>1125.7</ele>
   </trkpt>
   <trkpt lat="-29.7710970" lon="24.4386270">
    <ele>1125.7</ele>
   </trkpt>
   <trkpt lat="-29.7711050" lon="24.4386700">
    <ele>1125.8</ele>
   </trkpt>
   <trkpt lat="-29.7711150" lon="24.4387130">
    <ele>1125.8</ele>
   </trkpt>
   <trkpt lat="-29.7711220" lon="24.4387580">
    <ele>1125.8</ele>
   </trkpt>
   <trkpt lat="-29.7711270" lon="24.4388030">
    <ele>1125.8</ele>
   </trkpt>
   <trkpt lat="-29.7711250" lon="24.4388450">
    <ele>1125.8</ele>
   </trkpt>
   <trkpt lat="-29.7711180" lon="24.4388870">
    <ele>1125.8</ele>
   </trkpt>
   <trkpt lat="-29.7711050" lon="24.4389250">
    <ele>1125.8</ele>
   </trkpt>
   <trkpt lat="-29.7710930" lon="24.4389580">
    <ele>1125.8</ele>
   </trkpt>
   <trkpt lat="-29.7710780" lon="24.4389920">
    <ele>1125.8</ele>
   </trkpt>
   <trkpt lat="-29.7710590" lon="24.4390290">
    <ele>1125.8</ele>
   </trkpt>
   <trkpt lat="-29.7710520" lon="24.4390400">
    <ele>1125.8</ele>
   </trkpt>
   <trkpt lat="-29.7710320" lon="24.4390720">
    <ele>1125.8</ele>
   </trkpt>
   <trkpt lat="-29.7710250" lon="24.4390820">
    <ele>1125.8</ele>
   </trkpt>
   <trkpt lat="-29.7710100" lon="24.4391080">
    <ele>1125.8</ele>
   </trkpt>
   <trkpt lat="-29.7709780" lon="24.4391360">
    <ele>1125.9</ele>
   </trkpt>
   <trkpt lat="-29.7709670" lon="24.4391450">
    <ele>1125.9</ele>
   </trkpt>
   <trkpt lat="-29.7709380" lon="24.4391680">
    <ele>1125.9</ele>
   </trkpt>
   <trkpt lat="-29.7709280" lon="24.4391780">
    <ele>1125.9</ele>
   </trkpt>
   <trkpt lat="-29.7709030" lon="24.4392000">
    <ele>1125.9</ele>
   </trkpt>
   <trkpt lat="-29.7708770" lon="24.4392230">
    <ele>1125.9</ele>
   </trkpt>
   <trkpt lat="-29.7708520" lon="24.4392500">
    <ele>1125.9</ele>
   </trkpt>
   <trkpt lat="-29.7708280" lon="24.4392700">
    <ele>1125.9</ele>
   </trkpt>
   <trkpt lat="-29.7707950" lon="24.4392980">
    <ele>1125.9</ele>
   </trkpt>
   <trkpt lat="-29.7707830" lon="24.4393070">
    <ele>1125.9</ele>
   </trkpt>
   <trkpt lat="-29.7707500" lon="24.4393300">
    <ele>1125.9</ele>
   </trkpt>
   <trkpt lat="-29.7707380" lon="24.4393370">
    <ele>1125.9</ele>
   </trkpt>
   <trkpt lat="-29.7707130" lon="24.4393500">
    <ele>1125.9</ele>
   </trkpt>
   <trkpt lat="-29.7706920" lon="24.4393700">
    <ele>1125.9</ele>
   </trkpt>
   <trkpt lat="-29.7706680" lon="24.4393880">
    <ele>1125.9</ele>
   </trkpt>
   <trkpt lat="-29.7706400" lon="24.4394210">
    <ele>1125.9</ele>
   </trkpt>
   <trkpt lat="-29.7706300" lon="24.4394320">
    <ele>1125.9</ele>
   </trkpt>
   <trkpt lat="-29.7706080" lon="24.4394630">
    <ele>1125.9</ele>
   </trkpt>
   <trkpt lat="-29.7705870" lon="24.4394950">
    <ele>1125.9</ele>
   </trkpt>
   <trkpt lat="-29.7705620" lon="24.4395230">
    <ele>1125.9</ele>
   </trkpt>
   <trkpt lat="-29.7705400" lon="24.4395550">
    <ele>1125.9</ele>
   </trkpt>
   <trkpt lat="-29.7705200" lon="24.4395820">
    <ele>1125.9</ele>
   </trkpt>
   <trkpt lat="-29.7704980" lon="24.4396100">
    <ele>1125.9</ele>
   </trkpt>
   <trkpt lat="-29.7704770" lon="24.4396380">
    <ele>1125.9</ele>
   </trkpt>
   <trkpt lat="-29.7704550" lon="24.4396670">
    <ele>1125.8</ele>
   </trkpt>
   <trkpt lat="-29.7704300" lon="24.4396900">
    <ele>1125.8</ele>
   </trkpt>
   <trkpt lat="-29.7704020" lon="24.4397150">
    <ele>1125.8</ele>
   </trkpt>
   <trkpt lat="-29.7703750" lon="24.4397320">
    <ele>1125.8</ele>
   </trkpt>
   <trkpt lat="-29.7703420" lon="24.4397480">
    <ele>1125.8</ele>
   </trkpt>
   <trkpt lat="-29.7703100" lon="24.4397600">
    <ele>1125.8</ele>
   </trkpt>
   <trkpt lat="-29.7702770" lon="24.4397700">
    <ele>1125.8</ele>
   </trkpt>
   <trkpt lat="-29.7702430" lon="24.4397730">
    <ele>1125.8</ele>
   </trkpt>
   <trkpt lat="-29.7702130" lon="24.4397820">
    <ele>1125.8</ele>
   </trkpt>
   <trkpt lat="-29.7701800" lon="24.4397830">
    <ele>1125.8</ele>
   </trkpt>
   <trkpt lat="-29.7701480" lon="24.4397870">
    <ele>1125.8</ele>
   </trkpt>
   <trkpt lat="-29.7701150" lon="24.4397900">
    <ele>1125.8</ele>
   </trkpt>
   <trkpt lat="-29.7700830" lon="24.4397850">
    <ele>1125.8</ele>
   </trkpt>
   <trkpt lat="-29.7700530" lon="24.4397780">
    <ele>1125.8</ele>
   </trkpt>
   <trkpt lat="-29.7700200" lon="24.4397750">
    <ele>1125.7</ele>
   </trkpt>
   <trkpt lat="-29.7699870" lon="24.4397720">
    <ele>1125.7</ele>
   </trkpt>
   <trkpt lat="-29.7699520" lon="24.4397650">
    <ele>1125.7</ele>
   </trkpt>
   <trkpt lat="-29.7699170" lon="24.4397580">
    <ele>1125.7</ele>
   </trkpt>
   <trkpt lat="-29.7698770" lon="24.4397520">
    <ele>1125.7</ele>
   </trkpt>
   <trkpt lat="-29.7698380" lon="24.4397450">
    <ele>1125.7</ele>
   </trkpt>
   <trkpt lat="-29.7698020" lon="24.4397400">
    <ele>1125.7</ele>
   </trkpt>
   <trkpt lat="-29.7697650" lon="24.4397350">
    <ele>1125.7</ele>
   </trkpt>
   <trkpt lat="-29.7697270" lon="24.4397370">
    <ele>1125.7</ele>
   </trkpt>
   <trkpt lat="-29.7696900" lon="24.4397430">
    <ele>1125.7</ele>
   </trkpt>
   <trkpt lat="-29.7696570" lon="24.4397500">
    <ele>1125.7</ele>
   </trkpt>
   <trkpt lat="-29.7696230" lon="24.4397630">
    <ele>1125.7</ele>
   </trkpt>
   <trkpt lat="-29.7695900" lon="24.4397800">
    <ele>1125.7</ele>
   </trkpt>
   <trkpt lat="-29.7695550" lon="24.4398020">
    <ele>1125.6</ele>
   </trkpt>
   <trkpt lat="-29.7695200" lon="24.4398250">
    <ele>1125.6</ele>
   </trkpt>
   <trkpt lat="-29.7694880" lon="24.4398450">
    <ele>1125.6</ele>
   </trkpt>
   <trkpt lat="-29.7694550" lon="24.4398680">
    <ele>1125.6</ele>
   </trkpt>
   <trkpt lat="-29.7694250" lon="24.4398880">
    <ele>1125.6</ele>
   </trkpt>
   <trkpt lat="-29.7693920" lon="24.4399180">
    <ele>1125.6</ele>
   </trkpt>
   <trkpt lat="-29.7693580" lon="24.4399480">
    <ele>1125.6</ele>
   </trkpt>
   <trkpt lat="-29.7693230" lon="24.4399750">
    <ele>1125.6</ele>
   </trkpt>
   <trkpt lat="-29.7692920" lon="24.4399980">
    <ele>1125.6</ele>
   </trkpt>
   <trkpt lat="-29.7692580" lon="24.4400330">
    <ele>1125.6</ele>
   </trkpt>
   <trkpt lat="-29.7692280" lon="24.4400570">
    <ele>1125.6</ele>
   </trkpt>
   <trkpt lat="-29.7691970" lon="24.4400850">
    <ele>1125.5</ele>
   </trkpt>
   <trkpt lat="-29.7691650" lon="24.4401120">
    <ele>1125.5</ele>
   </trkpt>
   <trkpt lat="-29.7691320" lon="24.4401380">
    <ele>1125.5</ele>
   </trkpt>
   <trkpt lat="-29.7691020" lon="24.4401630">
    <ele>1125.5</ele>
   </trkpt>
   <trkpt lat="-29.7690770" lon="24.4401850">
    <ele>1125.5</ele>
   </trkpt>
   <trkpt lat="-29.7690580" lon="24.4401950">
    <ele>1125.5</ele>
   </trkpt>
   <trkpt lat="-29.7690450" lon="24.4401980">
    <ele>1125.5</ele>
   </trkpt>
   <trkpt lat="-29.7690160" lon="24.4402140">
    <ele>1125.5</ele>
   </trkpt>
   <trkpt lat="-29.7690070" lon="24.4402200">
    <ele>1125.5</ele>
   </trkpt>
   <trkpt lat="-29.7689810" lon="24.4402450">
    <ele>1125.5</ele>
   </trkpt>
   <trkpt lat="-29.7689720" lon="24.4402530">
    <ele>1125.5</ele>
   </trkpt>
   <trkpt lat="-29.7689470" lon="24.4402880">
    <ele>1125.5</ele>
   </trkpt>
   <trkpt lat="-29.7689380" lon="24.4402980">
    <ele>1125.5</ele>
   </trkpt>
   <trkpt lat="-29.7689220" lon="24.4403250">
    <ele>1125.5</ele>
   </trkpt>
   <trkpt lat="-29.7689100" lon="24.4403530">
    <ele>1125.5</ele>
   </trkpt>
   <trkpt lat="-29.7688980" lon="24.4403880">
    <ele>1125.5</ele>
   </trkpt>
   <trkpt lat="-29.7688880" lon="24.4404250">
    <ele>1125.5</ele>
   </trkpt>
   <trkpt lat="-29.7688800" lon="24.4404650">
    <ele>1125.4</ele>
   </trkpt>
   <trkpt lat="-29.7688730" lon="24.4405070">
    <ele>1125.4</ele>
   </trkpt>
   <trkpt lat="-29.7688700" lon="24.4405380">
    <ele>1125.4</ele>
   </trkpt>
   <trkpt lat="-29.7688670" lon="24.4405770">
    <ele>1125.4</ele>
   </trkpt>
   <trkpt lat="-29.7688650" lon="24.4406100">
    <ele>1125.4</ele>
   </trkpt>
   <trkpt lat="-29.7688650" lon="24.4406450">
    <ele>1125.4</ele>
   </trkpt>
   <trkpt lat="-29.7688650" lon="24.4406770">
    <ele>1125.4</ele>
   </trkpt>
   <trkpt lat="-29.7688670" lon="24.4407170">
    <ele>1125.4</ele>
   </trkpt>
   <trkpt lat="-29.7688670" lon="24.4407570">
    <ele>1125.4</ele>
   </trkpt>
   <trkpt lat="-29.7688630" lon="24.4407920">
    <ele>1125.4</ele>
   </trkpt>
   <trkpt lat="-29.7688630" lon="24.4408300">
    <ele>1125.4</ele>
   </trkpt>
   <trkpt lat="-29.7688600" lon="24.4408670">
    <ele>1125.4</ele>
   </trkpt>
   <trkpt lat="-29.7688580" lon="24.4409030">
    <ele>1125.4</ele>
   </trkpt>
   <trkpt lat="-29.7688570" lon="24.4409470">
    <ele>1125.4</ele>
   </trkpt>
   <trkpt lat="-29.7688570" lon="24.4409920">
    <ele>1125.3</ele>
   </trkpt>
   <trkpt lat="-29.7688550" lon="24.4410320">
    <ele>1125.3</ele>
   </trkpt>
   <trkpt lat="-29.7688570" lon="24.4410800">
    <ele>1125.3</ele>
   </trkpt>
   <trkpt lat="-29.7688550" lon="24.4411270">
    <ele>1125.3</ele>
   </trkpt>
   <trkpt lat="-29.7688530" lon="24.4411680">
    <ele>1125.3</ele>
   </trkpt>
   <trkpt lat="-29.7688470" lon="24.4412080">
    <ele>1125.3</ele>
   </trkpt>
   <trkpt lat="-29.7688420" lon="24.4412470">
    <ele>1125.3</ele>
   </trkpt>
   <trkpt lat="-29.7688370" lon="24.4412880">
    <ele>1125.3</ele>
   </trkpt>
   <trkpt lat="-29.7688330" lon="24.4413280">
    <ele>1125.3</ele>
   </trkpt>
   <trkpt lat="-29.7688280" lon="24.4413680">
    <ele>1125.3</ele>
   </trkpt>
   <trkpt lat="-29.7688220" lon="24.4414080">
    <ele>1125.3</ele>
   </trkpt>
   <trkpt lat="-29.7688170" lon="24.4414480">
    <ele>1125.3</ele>
   </trkpt>
   <trkpt lat="-29.7688130" lon="24.4414900">
    <ele>1125.3</ele>
   </trkpt>
   <trkpt lat="-29.7688100" lon="24.4415350">
    <ele>1125.2</ele>
   </trkpt>
   <trkpt lat="-29.7688070" lon="24.4415830">
    <ele>1125.2</ele>
   </trkpt>
   <trkpt lat="-29.7688030" lon="24.4416180">
    <ele>1125.2</ele>
   </trkpt>
   <trkpt lat="-29.7688000" lon="24.4416530">
    <ele>1125.2</ele>
   </trkpt>
   <trkpt lat="-29.7687920" lon="24.4416880">
    <ele>1125.2</ele>
   </trkpt>
   <trkpt lat="-29.7687900" lon="24.4417280">
    <ele>1125.2</ele>
   </trkpt>
   <trkpt lat="-29.7687900" lon="24.4417630">
    <ele>1125.2</ele>
   </trkpt>
   <trkpt lat="-29.7687840" lon="24.4418070">
    <ele>1125.2</ele>
   </trkpt>
   <trkpt lat="-29.7687820" lon="24.4418200">
    <ele>1125.2</ele>
   </trkpt>
   <trkpt lat="-29.7687820" lon="24.4418380">
    <ele>1125.2</ele>
   </trkpt>
   <trkpt lat="-29.7687800" lon="24.4418580">
    <ele>1125.2</ele>
   </trkpt>
   <trkpt lat="-29.7687780" lon="24.4418920">
    <ele>1125.2</ele>
   </trkpt>
   <trkpt lat="-29.7687780" lon="24.4419050">
    <ele>1125.2</ele>
   </trkpt>
   <trkpt lat="-29.7687810" lon="24.4419470">
    <ele>1125.2</ele>
   </trkpt>
   <trkpt lat="-29.7687800" lon="24.4419620">
    <ele>1125.2</ele>
   </trkpt>
   <trkpt lat="-29.7687790" lon="24.4420100">
    <ele>1125.2</ele>
   </trkpt>
   <trkpt lat="-29.7687780" lon="24.4420270">
    <ele>1125.1</ele>
   </trkpt>
   <trkpt lat="-29.7687750" lon="24.4420630">
    <ele>1125.1</ele>
   </trkpt>
   <trkpt lat="-29.7687720" lon="24.4420970">
    <ele>1125.1</ele>
   </trkpt>
   <trkpt lat="-29.7687680" lon="24.4421330">
    <ele>1125.1</ele>
   </trkpt>
   <trkpt lat="-29.7687670" lon="24.4421720">
    <ele>1125.1</ele>
   </trkpt>
   <trkpt lat="-29.7687650" lon="24.4422070">
    <ele>1125.1</ele>
   </trkpt>
   <trkpt lat="-29.7687670" lon="24.4422380">
    <ele>1125.1</ele>
   </trkpt>
   <trkpt lat="-29.7687650" lon="24.4422730">
    <ele>1125.1</ele>
   </trkpt>
   <trkpt lat="-29.7687630" lon="24.4423200">
    <ele>1125.1</ele>
   </trkpt>
   <trkpt lat="-29.7687620" lon="24.4423380">
    <ele>1125.1</ele>
   </trkpt>
   <trkpt lat="-29.7687620" lon="24.4423800">
    <ele>1125.1</ele>
   </trkpt>
   <trkpt lat="-29.7687600" lon="24.4424230">
    <ele>1125.1</ele>
   </trkpt>
   <trkpt lat="-29.7687620" lon="24.4424650">
    <ele>1125.1</ele>
   </trkpt>
   <trkpt lat="-29.7687650" lon="24.4425100">
    <ele>1125.1</ele>
   </trkpt>
   <trkpt lat="-29.7687670" lon="24.4425530">
    <ele>1125.0</ele>
   </trkpt>
   <trkpt lat="-29.7687670" lon="24.4425930">
    <ele>1125.0</ele>
   </trkpt>
   <trkpt lat="-29.7687670" lon="24.4426370">
    <ele>1125.0</ele>
   </trkpt>
   <trkpt lat="-29.7687680" lon="24.4426770">
    <ele>1125.0</ele>
   </trkpt>
   <trkpt lat="-29.7687720" lon="24.4427150">
    <ele>1125.0</ele>
   </trkpt>
   <trkpt lat="-29.7687720" lon="24.4427530">
    <ele>1125.0</ele>
   </trkpt>
   <trkpt lat="-29.7687700" lon="24.4427930">
    <ele>1125.0</ele>
   </trkpt>
   <trkpt lat="-29.7687680" lon="24.4428320">
    <ele>1125.0</ele>
   </trkpt>
   <trkpt lat="-29.7687700" lon="24.4428750">
    <ele>1125.0</ele>
   </trkpt>
   <trkpt lat="-29.7687680" lon="24.4429170">
    <ele>1125.0</ele>
   </trkpt>
   <trkpt lat="-29.7687630" lon="24.4429550">
    <ele>1125.0</ele>
   </trkpt>
   <trkpt lat="-29.7687580" lon="24.4430000">
    <ele>1125.0</ele>
   </trkpt>
   <trkpt lat="-29.7687500" lon="24.4430450">
    <ele>1125.0</ele>
   </trkpt>
   <trkpt lat="-29.7687480" lon="24.4430930">
    <ele>1124.9</ele>
   </trkpt>
   <trkpt lat="-29.7687450" lon="24.4431420">
    <ele>1124.9</ele>
   </trkpt>
   <trkpt lat="-29.7687370" lon="24.4431870">
    <ele>1124.9</ele>
   </trkpt>
   <trkpt lat="-29.7687280" lon="24.4432320">
    <ele>1124.9</ele>
   </trkpt>
   <trkpt lat="-29.7687200" lon="24.4432780">
    <ele>1124.9</ele>
   </trkpt>
   <trkpt lat="-29.7687130" lon="24.4433250">
    <ele>1124.9</ele>
   </trkpt>
   <trkpt lat="-29.7687050" lon="24.4433700">
    <ele>1124.9</ele>
   </trkpt>
   <trkpt lat="-29.7686980" lon="24.4434150">
    <ele>1124.9</ele>
   </trkpt>
   <trkpt lat="-29.7686900" lon="24.4434600">
    <ele>1124.9</ele>
   </trkpt>
   <trkpt lat="-29.7686820" lon="24.4435070">
    <ele>1124.9</ele>
   </trkpt>
   <trkpt lat="-29.7686730" lon="24.4435530">
    <ele>1124.9</ele>
   </trkpt>
   <trkpt lat="-29.7686620" lon="24.4435970">
    <ele>1124.9</ele>
   </trkpt>
   <trkpt lat="-29.7686500" lon="24.4436420">
    <ele>1124.8</ele>
   </trkpt>
   <trkpt lat="-29.7686380" lon="24.4436850">
    <ele>1124.8</ele>
   </trkpt>
   <trkpt lat="-29.7686270" lon="24.4437300">
    <ele>1124.8</ele>
   </trkpt>
   <trkpt lat="-29.7686180" lon="24.4437730">
    <ele>1124.8</ele>
   </trkpt>
   <trkpt lat="-29.7686080" lon="24.4438130">
    <ele>1124.8</ele>
   </trkpt>
   <trkpt lat="-29.7685970" lon="24.4438550">
    <ele>1124.8</ele>
   </trkpt>
   <trkpt lat="-29.7685880" lon="24.4438970">
    <ele>1124.8</ele>
   </trkpt>
   <trkpt lat="-29.7685800" lon="24.4439380">
    <ele>1124.8</ele>
   </trkpt>
   <trkpt lat="-29.7685720" lon="24.4439800">
    <ele>1124.8</ele>
   </trkpt>
   <trkpt lat="-29.7685630" lon="24.4440200">
    <ele>1124.8</ele>
   </trkpt>
   <trkpt lat="-29.7685580" lon="24.4440630">
    <ele>1124.8</ele>
   </trkpt>
   <trkpt lat="-29.7685500" lon="24.4441100">
    <ele>1124.8</ele>
   </trkpt>
   <trkpt lat="-29.7685420" lon="24.4441570">
    <ele>1124.7</ele>
   </trkpt>
   <trkpt lat="-29.7685330" lon="24.4442070">
    <ele>1124.7</ele>
   </trkpt>
   <trkpt lat="-29.7685200" lon="24.4442530">
    <ele>1124.7</ele>
   </trkpt>
   <trkpt lat="-29.7685120" lon="24.4443000">
    <ele>1124.7</ele>
   </trkpt>
   <trkpt lat="-29.7685020" lon="24.4443470">
    <ele>1124.7</ele>
   </trkpt>
   <trkpt lat="-29.7684930" lon="24.4443920">
    <ele>1124.7</ele>
   </trkpt>
   <trkpt lat="-29.7684870" lon="24.4444380">
    <ele>1124.7</ele>
   </trkpt>
   <trkpt lat="-29.7684800" lon="24.4444800">
    <ele>1124.7</ele>
   </trkpt>
   <trkpt lat="-29.7684750" lon="24.4445250">
    <ele>1124.7</ele>
   </trkpt>
   <trkpt lat="-29.7684680" lon="24.4445700">
    <ele>1124.7</ele>
   </trkpt>
   <trkpt lat="-29.7684600" lon="24.4446120">
    <ele>1124.7</ele>
   </trkpt>
   <trkpt lat="-29.7684500" lon="24.4446550">
    <ele>1124.6</ele>
   </trkpt>
   <trkpt lat="-29.7684420" lon="24.4446980">
    <ele>1124.6</ele>
   </trkpt>
   <trkpt lat="-29.7684330" lon="24.4447400">
    <ele>1124.6</ele>
   </trkpt>
   <trkpt lat="-29.7684250" lon="24.4447800">
    <ele>1124.6</ele>
   </trkpt>
   <trkpt lat="-29.7684180" lon="24.4448200">
    <ele>1124.6</ele>
   </trkpt>
   <trkpt lat="-29.7684130" lon="24.4448600">
    <ele>1124.6</ele>
   </trkpt>
   <trkpt lat="-29.7684080" lon="24.4449020">
    <ele>1124.6</ele>
   </trkpt>
   <trkpt lat="-29.7684000" lon="24.4449420">
    <ele>1124.6</ele>
   </trkpt>
   <trkpt lat="-29.7683900" lon="24.4449780">
    <ele>1124.6</ele>
   </trkpt>
   <trkpt lat="-29.7683830" lon="24.4450170">
    <ele>1124.6</ele>
   </trkpt>
   <trkpt lat="-29.7683770" lon="24.4450550">
    <ele>1124.6</ele>
   </trkpt>
   <trkpt lat="-29.7683680" lon="24.4450920">
    <ele>1124.6</ele>
   </trkpt>
   <trkpt lat="-29.7683600" lon="24.4451300">
    <ele>1124.6</ele>
   </trkpt>
   <trkpt lat="-29.7683530" lon="24.4451750">
    <ele>1124.5</ele>
   </trkpt>
   <trkpt lat="-29.7683450" lon="24.4452150">
    <ele>1124.5</ele>
   </trkpt>
   <trkpt lat="-29.7683350" lon="24.4452570">
    <ele>1124.5</ele>
   </trkpt>
   <trkpt lat="-29.7683270" lon="24.4452980">
    <ele>1124.5</ele>
   </trkpt>
   <trkpt lat="-29.7683200" lon="24.4453400">
    <ele>1124.5</ele>
   </trkpt>
   <trkpt lat="-29.7683150" lon="24.4453830">
    <ele>1124.5</ele>
   </trkpt>
   <trkpt lat="-29.7683070" lon="24.4454220">
    <ele>1124.5</ele>
   </trkpt>
   <trkpt lat="-29.7683020" lon="24.4454630">
    <ele>1124.5</ele>
   </trkpt>
   <trkpt lat="-29.7682930" lon="24.4455020">
    <ele>1124.5</ele>
   </trkpt>
   <trkpt lat="-29.7682870" lon="24.4455400">
    <ele>1124.5</ele>
   </trkpt>
   <trkpt lat="-29.7682780" lon="24.4455770">
    <ele>1124.5</ele>
   </trkpt>
   <trkpt lat="-29.7682700" lon="24.4456130">
    <ele>1124.5</ele>
   </trkpt>
   <trkpt lat="-29.7682630" lon="24.4456550">
    <ele>1124.5</ele>
   </trkpt>
   <trkpt lat="-29.7682570" lon="24.4456970">
    <ele>1124.4</ele>
   </trkpt>
   <trkpt lat="-29.7682500" lon="24.4457380">
    <ele>1124.4</ele>
   </trkpt>
   <trkpt lat="-29.7682430" lon="24.4457830">
    <ele>1124.4</ele>
   </trkpt>
   <trkpt lat="-29.7682350" lon="24.4458270">
    <ele>1124.4</ele>
   </trkpt>
   <trkpt lat="-29.7682270" lon="24.4458680">
    <ele>1124.4</ele>
   </trkpt>
   <trkpt lat="-29.7682180" lon="24.4459100">
    <ele>1124.4</ele>
   </trkpt>
   <trkpt lat="-29.7682120" lon="24.4459530">
    <ele>1124.4</ele>
   </trkpt>
   <trkpt lat="-29.7682030" lon="24.4459920">
    <ele>1124.4</ele>
   </trkpt>
   <trkpt lat="-29.7681950" lon="24.4460330">
    <ele>1124.4</ele>
   </trkpt>
   <trkpt lat="-29.7681830" lon="24.4460750">
    <ele>1124.4</ele>
   </trkpt>
   <trkpt lat="-29.7681730" lon="24.4461180">
    <ele>1124.4</ele>
   </trkpt>
   <trkpt lat="-29.7681650" lon="24.4461580">
    <ele>1124.4</ele>
   </trkpt>
   <trkpt lat="-29.7681600" lon="24.4462000">
    <ele>1124.3</ele>
   </trkpt>
   <trkpt lat="-29.7681570" lon="24.4462400">
    <ele>1124.3</ele>
   </trkpt>
   <trkpt lat="-29.7681500" lon="24.4462800">
    <ele>1124.3</ele>
   </trkpt>
   <trkpt lat="-29.7681430" lon="24.4463280">
    <ele>1124.3</ele>
   </trkpt>
   <trkpt lat="-29.7681370" lon="24.4463800">
    <ele>1124.3</ele>
   </trkpt>
   <trkpt lat="-29.7681300" lon="24.4464270">
    <ele>1124.3</ele>
   </trkpt>
   <trkpt lat="-29.7681230" lon="24.4464680">
    <ele>1124.3</ele>
   </trkpt>
   <trkpt lat="-29.7681170" lon="24.4465120">
    <ele>1124.3</ele>
   </trkpt>
   <trkpt lat="-29.7681100" lon="24.4465620">
    <ele>1124.3</ele>
   </trkpt>
   <trkpt lat="-29.7681050" lon="24.4466080">
    <ele>1124.3</ele>
   </trkpt>
   <trkpt lat="-29.7680980" lon="24.4466500">
    <ele>1124.3</ele>
   </trkpt>
   <trkpt lat="-29.7680900" lon="24.4466950">
    <ele>1124.3</ele>
   </trkpt>
   <trkpt lat="-29.7680820" lon="24.4467420">
    <ele>1124.2</ele>
   </trkpt>
   <trkpt lat="-29.7680720" lon="24.4467850">
    <ele>1124.2</ele>
   </trkpt>
   <trkpt lat="-29.7680630" lon="24.4468250">
    <ele>1124.2</ele>
   </trkpt>
   <trkpt lat="-29.7680520" lon="24.4468700">
    <ele>1124.2</ele>
   </trkpt>
   <trkpt lat="-29.7680380" lon="24.4469130">
    <ele>1124.2</ele>
   </trkpt>
   <trkpt lat="-29.7680300" lon="24.4469550">
    <ele>1124.2</ele>
   </trkpt>
   <trkpt lat="-29.7680180" lon="24.4469980">
    <ele>1124.2</ele>
   </trkpt>
   <trkpt lat="-29.7680080" lon="24.4470420">
    <ele>1124.2</ele>
   </trkpt>
   <trkpt lat="-29.7679980" lon="24.4470870">
    <ele>1124.2</ele>
   </trkpt>
   <trkpt lat="-29.7679880" lon="24.4471320">
    <ele>1124.2</ele>
   </trkpt>
   <trkpt lat="-29.7679770" lon="24.4471780">
    <ele>1124.2</ele>
   </trkpt>
   <trkpt lat="-29.7679630" lon="24.4472250">
    <ele>1124.1</ele>
   </trkpt>
   <trkpt lat="-29.7679480" lon="24.4472670">
    <ele>1124.1</ele>
   </trkpt>
   <trkpt lat="-29.7679320" lon="24.4473080">
    <ele>1124.1</ele>
   </trkpt>
   <trkpt lat="-29.7679120" lon="24.4473520">
    <ele>1124.1</ele>
   </trkpt>
   <trkpt lat="-29.7678930" lon="24.4473950">
    <ele>1124.1</ele>
   </trkpt>
   <trkpt lat="-29.7678750" lon="24.4474370">
    <ele>1124.1</ele>
   </trkpt>
   <trkpt lat="-29.7678570" lon="24.4474800">
    <ele>1124.1</ele>
   </trkpt>
   <trkpt lat="-29.7678370" lon="24.4475230">
    <ele>1124.1</ele>
   </trkpt>
   <trkpt lat="-29.7678150" lon="24.4475630">
    <ele>1124.1</ele>
   </trkpt>
   <trkpt lat="-29.7677950" lon="24.4476020">
    <ele>1124.1</ele>
   </trkpt>
   <trkpt lat="-29.7677750" lon="24.4476420">
    <ele>1124.1</ele>
   </trkpt>
   <trkpt lat="-29.7677550" lon="24.4476820">
    <ele>1124.1</ele>
   </trkpt>
   <trkpt lat="-29.7677330" lon="24.4477180">
    <ele>1124.0</ele>
   </trkpt>
   <trkpt lat="-29.7677150" lon="24.4477580">
    <ele>1124.2</ele>
   </trkpt>
   <trkpt lat="-29.7677020" lon="24.4478000">
    <ele>1124.4</ele>
   </trkpt>
   <trkpt lat="-29.7676870" lon="24.4478430">
    <ele>1124.9</ele>
   </trkpt>
   <trkpt lat="-29.7676700" lon="24.4478850">
    <ele>1125.3</ele>
   </trkpt>
   <trkpt lat="-29.7676520" lon="24.4479300">
    <ele>1125.8</ele>
   </trkpt>
   <trkpt lat="-29.7676320" lon="24.4479670">
    <ele>1125.8</ele>
   </trkpt>
   <trkpt lat="-29.7676100" lon="24.4480120">
    <ele>1126.1</ele>
   </trkpt>
   <trkpt lat="-29.7675880" lon="24.4480530">
    <ele>1126.0</ele>
   </trkpt>
   <trkpt lat="-29.7675680" lon="24.4480930">
    <ele>1126.0</ele>
   </trkpt>
   <trkpt lat="-29.7675520" lon="24.4481350">
    <ele>1126.1</ele>
   </trkpt>
   <trkpt lat="-29.7675330" lon="24.4481770">
    <ele>1126.4</ele>
   </trkpt>
   <trkpt lat="-29.7675130" lon="24.4482170">
    <ele>1126.7</ele>
   </trkpt>
   <trkpt lat="-29.7674930" lon="24.4482570">
    <ele>1127.0</ele>
   </trkpt>
   <trkpt lat="-29.7674720" lon="24.4482970">
    <ele>1127.1</ele>
   </trkpt>
   <trkpt lat="-29.7674520" lon="24.4483370">
    <ele>1127.1</ele>
   </trkpt>
   <trkpt lat="-29.7674330" lon="24.4483700">
    <ele>1127.1</ele>
   </trkpt>
   <trkpt lat="-29.7674150" lon="24.4484050">
    <ele>1126.9</ele>
   </trkpt>
   <trkpt lat="-29.7673970" lon="24.4484430">
    <ele>1127.0</ele>
   </trkpt>
   <trkpt lat="-29.7673770" lon="24.4484780">
    <ele>1126.5</ele>
   </trkpt>
   <trkpt lat="-29.7673580" lon="24.4485180">
    <ele>1126.8</ele>
   </trkpt>
   <trkpt lat="-29.7673380" lon="24.4485630">
    <ele>1126.5</ele>
   </trkpt>
   <trkpt lat="-29.7673200" lon="24.4486050">
    <ele>1126.3</ele>
   </trkpt>
   <trkpt lat="-29.7673020" lon="24.4486500">
    <ele>1126.5</ele>
   </trkpt>
   <trkpt lat="-29.7672830" lon="24.4486930">
    <ele>1126.2</ele>
   </trkpt>
   <trkpt lat="-29.7672680" lon="24.4487380">
    <ele>1126.4</ele>
   </trkpt>
   <trkpt lat="-29.7672580" lon="24.4487750">
    <ele>1126.7</ele>
   </trkpt>
   <trkpt lat="-29.7672500" lon="24.4488180">
    <ele>1127.2</ele>
   </trkpt>
   <trkpt lat="-29.7672450" lon="24.4488580">
    <ele>1127.6</ele>
   </trkpt>
   <trkpt lat="-29.7672370" lon="24.4488970">
    <ele>1128.1</ele>
   </trkpt>
   <trkpt lat="-29.7672330" lon="24.4489300">
    <ele>1128.6</ele>
   </trkpt>
   <trkpt lat="-29.7672320" lon="24.4489650">
    <ele>1128.9</ele>
   </trkpt>
   <trkpt lat="-29.7672320" lon="24.4490050">
    <ele>1129.0</ele>
   </trkpt>
   <trkpt lat="-29.7672330" lon="24.4490420">
    <ele>1129.0</ele>
   </trkpt>
   <trkpt lat="-29.7672330" lon="24.4490750">
    <ele>1129.0</ele>
   </trkpt>
   <trkpt lat="-29.7672320" lon="24.4491120">
    <ele>1128.8</ele>
   </trkpt>
   <trkpt lat="-29.7672300" lon="24.4491530">
    <ele>1128.4</ele>
   </trkpt>
   <trkpt lat="-29.7672280" lon="24.4491930">
    <ele>1128.0</ele>
   </trkpt>
   <trkpt lat="-29.7672280" lon="24.4492300">
    <ele>1127.5</ele>
   </trkpt>
   <trkpt lat="-29.7672270" lon="24.4492630">
    <ele>1127.1</ele>
   </trkpt>
   <trkpt lat="-29.7672280" lon="24.4492970">
    <ele>1127.1</ele>
   </trkpt>
   <trkpt lat="-29.7672280" lon="24.4493320">
    <ele>1126.7</ele>
   </trkpt>
   <trkpt lat="-29.7672280" lon="24.4493670">
    <ele>1126.5</ele>
   </trkpt>
   <trkpt lat="-29.7672280" lon="24.4494020">
    <ele>1126.3</ele>
   </trkpt>
   <trkpt lat="-29.7672320" lon="24.4494370">
    <ele>1126.2</ele>
   </trkpt>
   <trkpt lat="-29.7672350" lon="24.4494730">
    <ele>1126.1</ele>
   </trkpt>
   <trkpt lat="-29.7672350" lon="24.4495120">
    <ele>1126.1</ele>
   </trkpt>
   <trkpt lat="-29.7672330" lon="24.4495470">
    <ele>1126.1</ele>
   </trkpt>
   <trkpt lat="-29.7672330" lon="24.4495830">
    <ele>1126.1</ele>
   </trkpt>
   <trkpt lat="-29.7672320" lon="24.4496170">
    <ele>1126.1</ele>
   </trkpt>
   <trkpt lat="-29.7672300" lon="24.4496480">
    <ele>1126.1</ele>
   </trkpt>
   <trkpt lat="-29.7672270" lon="24.4496730">
    <ele>1126.1</ele>
   </trkpt>
   <trkpt lat="-29.7672300" lon="24.4496900">
    <ele>1126.1</ele>
   </trkpt>
   <trkpt lat="-29.7672340" lon="24.4497330">
    <ele>1126.1</ele>
   </trkpt>
   <trkpt lat="-29.7672350" lon="24.4497480">
    <ele>1126.1</ele>
   </trkpt>
   <trkpt lat="-29.7672300" lon="24.4497930">
    <ele>1126.1</ele>
   </trkpt>
   <trkpt lat="-29.7672270" lon="24.4498070">
    <ele>1126.1</ele>
   </trkpt>
   <trkpt lat="-29.7672230" lon="24.4498470">
    <ele>1126.1</ele>
   </trkpt>
   <trkpt lat="-29.7672220" lon="24.4498600">
    <ele>1126.2</ele>
   </trkpt>
   <trkpt lat="-29.7672130" lon="24.4499020">
    <ele>1126.2</ele>
   </trkpt>
   <trkpt lat="-29.7672080" lon="24.4499170">
    <ele>1125.7</ele>
   </trkpt>
   <trkpt lat="-29.7672000" lon="24.4499610">
    <ele>1125.7</ele>
   </trkpt>
   <trkpt lat="-29.7671970" lon="24.4499750">
    <ele>1125.7</ele>
   </trkpt>
   <trkpt lat="-29.7671970" lon="24.4500140">
    <ele>1125.7</ele>
   </trkpt>
   <trkpt lat="-29.7671970" lon="24.4500280">
    <ele>1125.7</ele>
   </trkpt>
   <trkpt lat="-29.7671980" lon="24.4500730">
    <ele>1125.8</ele>
   </trkpt>
   <trkpt lat="-29.7671980" lon="24.4500880">
    <ele>1125.8</ele>
   </trkpt>
   <trkpt lat="-29.7671970" lon="24.4501290">
    <ele>1125.8</ele>
   </trkpt>
   <trkpt lat="-29.7671970" lon="24.4501430">
    <ele>1125.8</ele>
   </trkpt>
   <trkpt lat="-29.7671980" lon="24.4501780">
    <ele>1125.8</ele>
   </trkpt>
   <trkpt lat="-29.7671980" lon="24.4502130">
    <ele>1125.7</ele>
   </trkpt>
   <trkpt lat="-29.7672020" lon="24.4502450">
    <ele>1125.7</ele>
   </trkpt>
   <trkpt lat="-29.7672020" lon="24.4502800">
    <ele>1125.7</ele>
   </trkpt>
   <trkpt lat="-29.7672070" lon="24.4503170">
    <ele>1125.7</ele>
   </trkpt>
   <trkpt lat="-29.7672070" lon="24.4503550">
    <ele>1125.8</ele>
   </trkpt>
   <trkpt lat="-29.7672080" lon="24.4503930">
    <ele>1125.9</ele>
   </trkpt>
   <trkpt lat="-29.7672080" lon="24.4504330">
    <ele>1125.9</ele>
   </trkpt>
   <trkpt lat="-29.7672080" lon="24.4504700">
    <ele>1126.0</ele>
   </trkpt>
   <trkpt lat="-29.7672080" lon="24.4505030">
    <ele>1125.9</ele>
   </trkpt>
   <trkpt lat="-29.7672080" lon="24.4505400">
    <ele>1125.9</ele>
   </trkpt>
   <trkpt lat="-29.7672100" lon="24.4505820">
    <ele>1125.8</ele>
   </trkpt>
   <trkpt lat="-29.7672100" lon="24.4506220">
    <ele>1125.8</ele>
   </trkpt>
   <trkpt lat="-29.7672120" lon="24.4506620">
    <ele>1125.7</ele>
   </trkpt>
   <trkpt lat="-29.7672120" lon="24.4507020">
    <ele>1125.5</ele>
   </trkpt>
   <trkpt lat="-29.7672100" lon="24.4507430">
    <ele>1125.4</ele>
   </trkpt>
   <trkpt lat="-29.7672100" lon="24.4507870">
    <ele>1125.2</ele>
   </trkpt>
   <trkpt lat="-29.7672100" lon="24.4508300">
    <ele>1125.0</ele>
   </trkpt>
   <trkpt lat="-29.7672120" lon="24.4508750">
    <ele>1124.9</ele>
   </trkpt>
   <trkpt lat="-29.7672120" lon="24.4509200">
    <ele>1124.8</ele>
   </trkpt>
   <trkpt lat="-29.7672120" lon="24.4509620">
    <ele>1124.8</ele>
   </trkpt>
   <trkpt lat="-29.7672130" lon="24.4510020">
    <ele>1124.8</ele>
   </trkpt>
   <trkpt lat="-29.7672130" lon="24.4510430">
    <ele>1124.9</ele>
   </trkpt>
   <trkpt lat="-29.7672130" lon="24.4510820">
    <ele>1125.0</ele>
   </trkpt>
   <trkpt lat="-29.7672120" lon="24.4511200">
    <ele>1125.1</ele>
   </trkpt>
   <trkpt lat="-29.7672100" lon="24.4511570">
    <ele>1125.2</ele>
   </trkpt>
   <trkpt lat="-29.7672100" lon="24.4511970">
    <ele>1125.2</ele>
   </trkpt>
   <trkpt lat="-29.7672050" lon="24.4512330">
    <ele>1125.6</ele>
   </trkpt>
   <trkpt lat="-29.7672020" lon="24.4512730">
    <ele>1125.6</ele>
   </trkpt>
   <trkpt lat="-29.7671980" lon="24.4513120">
    <ele>1125.6</ele>
   </trkpt>
   <trkpt lat="-29.7671920" lon="24.4513480">
    <ele>1125.6</ele>
   </trkpt>
   <trkpt lat="-29.7671850" lon="24.4513850">
    <ele>1125.5</ele>
   </trkpt>
   <trkpt lat="-29.7671800" lon="24.4514270">
    <ele>1125.4</ele>
   </trkpt>
   <trkpt lat="-29.7671730" lon="24.4514670">
    <ele>1125.3</ele>
   </trkpt>
   <trkpt lat="-29.7671680" lon="24.4515070">
    <ele>1125.1</ele>
   </trkpt>
   <trkpt lat="-29.7671620" lon="24.4515520">
    <ele>1124.7</ele>
   </trkpt>
   <trkpt lat="-29.7671570" lon="24.4515970">
    <ele>1124.2</ele>
   </trkpt>
   <trkpt lat="-29.7671530" lon="24.4516350">
    <ele>1123.7</ele>
   </trkpt>
   <trkpt lat="-29.7671450" lon="24.4516730">
    <ele>1123.2</ele>
   </trkpt>
   <trkpt lat="-29.7671370" lon="24.4517150">
    <ele>1122.9</ele>
   </trkpt>
   <trkpt lat="-29.7671280" lon="24.4517520">
    <ele>1122.5</ele>
   </trkpt>
   <trkpt lat="-29.7671220" lon="24.4517930">
    <ele>1122.3</ele>
   </trkpt>
   <trkpt lat="-29.7671150" lon="24.4518370">
    <ele>1122.0</ele>
   </trkpt>
   <trkpt lat="-29.7671070" lon="24.4518780">
    <ele>1121.6</ele>
   </trkpt>
   <trkpt lat="-29.7670970" lon="24.4519220">
    <ele>1121.0</ele>
   </trkpt>
   <trkpt lat="-29.7670880" lon="24.4519630">
    <ele>1120.1</ele>
   </trkpt>
   <trkpt lat="-29.7670800" lon="24.4520030">
    <ele>1120.1</ele>
   </trkpt>
   <trkpt lat="-29.7670750" lon="24.4520480">
    <ele>1119.3</ele>
   </trkpt>
   <trkpt lat="-29.7670670" lon="24.4520950">
    <ele>1119.4</ele>
   </trkpt>
   <trkpt lat="-29.7670620" lon="24.4521400">
    <ele>1119.7</ele>
   </trkpt>
   <trkpt lat="-29.7670530" lon="24.4521820">
    <ele>1119.8</ele>
   </trkpt>
   <trkpt lat="-29.7670430" lon="24.4522250">
    <ele>1120.2</ele>
   </trkpt>
   <trkpt lat="-29.7670350" lon="24.4522700">
    <ele>1120.6</ele>
   </trkpt>
   <trkpt lat="-29.7670230" lon="24.4523120">
    <ele>1120.9</ele>
   </trkpt>
   <trkpt lat="-29.7670130" lon="24.4523530">
    <ele>1120.9</ele>
   </trkpt>
   <trkpt lat="-29.7670030" lon="24.4523920">
    <ele>1121.3</ele>
   </trkpt>
   <trkpt lat="-29.7669970" lon="24.4524330">
    <ele>1121.3</ele>
   </trkpt>
   <trkpt lat="-29.7669870" lon="24.4524730">
    <ele>1121.8</ele>
   </trkpt>
   <trkpt lat="-29.7669750" lon="24.4525100">
    <ele>1121.9</ele>
   </trkpt>
   <trkpt lat="-29.7669650" lon="24.4525520">
    <ele>1122.4</ele>
   </trkpt>
   <trkpt lat="-29.7669550" lon="24.4525970">
    <ele>1122.8</ele>
   </trkpt>
   <trkpt lat="-29.7669470" lon="24.4526420">
    <ele>1122.7</ele>
   </trkpt>
   <trkpt lat="-29.7669350" lon="24.4526830">
    <ele>1123.0</ele>
   </trkpt>
   <trkpt lat="-29.7669280" lon="24.4527320">
    <ele>1123.2</ele>
   </trkpt>
   <trkpt lat="-29.7669200" lon="24.4527770">
    <ele>1123.8</ele>
   </trkpt>
   <trkpt lat="-29.7669120" lon="24.4528200">
    <ele>1124.1</ele>
   </trkpt>
   <trkpt lat="-29.7669030" lon="24.4528670">
    <ele>1124.1</ele>
   </trkpt>
   <trkpt lat="-29.7668930" lon="24.4529150">
    <ele>1124.2</ele>
   </trkpt>
   <trkpt lat="-29.7668820" lon="24.4529600">
    <ele>1124.2</ele>
   </trkpt>
   <trkpt lat="-29.7668750" lon="24.4530070">
    <ele>1124.1</ele>
   </trkpt>
   <trkpt lat="-29.7668670" lon="24.4530530">
    <ele>1123.9</ele>
   </trkpt>
   <trkpt lat="-29.7668580" lon="24.4530950">
    <ele>1124.0</ele>
   </trkpt>
   <trkpt lat="-29.7668500" lon="24.4531370">
    <ele>1124.2</ele>
   </trkpt>
   <trkpt lat="-29.7668400" lon="24.4531780">
    <ele>1124.5</ele>
   </trkpt>
   <trkpt lat="-29.7668320" lon="24.4532200">
    <ele>1124.6</ele>
   </trkpt>
   <trkpt lat="-29.7668230" lon="24.4532650">
    <ele>1124.8</ele>
   </trkpt>
   <trkpt lat="-29.7668130" lon="24.4533030">
    <ele>1125.1</ele>
   </trkpt>
   <trkpt lat="-29.7668030" lon="24.4533470">
    <ele>1125.3</ele>
   </trkpt>
   <trkpt lat="-29.7667930" lon="24.4533930">
    <ele>1125.0</ele>
   </trkpt>
   <trkpt lat="-29.7667830" lon="24.4534430">
    <ele>1125.3</ele>
   </trkpt>
   <trkpt lat="-29.7667750" lon="24.4534920">
    <ele>1125.5</ele>
   </trkpt>
   <trkpt lat="-29.7667650" lon="24.4535370">
    <ele>1125.8</ele>
   </trkpt>
   <trkpt lat="-29.7667550" lon="24.4535830">
    <ele>1125.5</ele>
   </trkpt>
   <trkpt lat="-29.7667450" lon="24.4536300">
    <ele>1125.7</ele>
   </trkpt>
   <trkpt lat="-29.7667350" lon="24.4536750">
    <ele>1125.9</ele>
   </trkpt>
   <trkpt lat="-29.7667270" lon="24.4537150">
    <ele>1126.0</ele>
   </trkpt>
   <trkpt lat="-29.7667180" lon="24.4537580">
    <ele>1125.9</ele>
   </trkpt>
   <trkpt lat="-29.7667070" lon="24.4538020">
    <ele>1126.1</ele>
   </trkpt>
   <trkpt lat="-29.7666950" lon="24.4538470">
    <ele>1126.3</ele>
   </trkpt>
   <trkpt lat="-29.7666850" lon="24.4538880">
    <ele>1126.3</ele>
   </trkpt>
   <trkpt lat="-29.7666750" lon="24.4539320">
    <ele>1126.5</ele>
   </trkpt>
   <trkpt lat="-29.7666720" lon="24.4539820">
    <ele>1127.1</ele>
   </trkpt>
   <trkpt lat="-29.7666650" lon="24.4540300">
    <ele>1127.4</ele>
   </trkpt>
   <trkpt lat="-29.7666570" lon="24.4540770">
    <ele>1127.6</ele>
   </trkpt>
   <trkpt lat="-29.7666480" lon="24.4541220">
    <ele>1127.5</ele>
   </trkpt>
   <trkpt lat="-29.7666420" lon="24.4541670">
    <ele>1127.6</ele>
   </trkpt>
   <trkpt lat="-29.7666330" lon="24.4542130">
    <ele>1127.5</ele>
   </trkpt>
   <trkpt lat="-29.7666230" lon="24.4542570">
    <ele>1127.4</ele>
   </trkpt>
   <trkpt lat="-29.7666150" lon="24.4542950">
    <ele>1127.4</ele>
   </trkpt>
   <trkpt lat="-29.7666080" lon="24.4543350">
    <ele>1127.0</ele>
   </trkpt>
   <trkpt lat="-29.7666000" lon="24.4543780">
    <ele>1127.0</ele>
   </trkpt>
   <trkpt lat="-29.7665920" lon="24.4544220">
    <ele>1127.0</ele>
   </trkpt>
   <trkpt lat="-29.7665830" lon="24.4544630">
    <ele>1127.2</ele>
   </trkpt>
   <trkpt lat="-29.7665730" lon="24.4545030">
    <ele>1127.2</ele>
   </trkpt>
   <trkpt lat="-29.7665630" lon="24.4545430">
    <ele>1127.5</ele>
   </trkpt>
   <trkpt lat="-29.7665550" lon="24.4545920">
    <ele>1127.8</ele>
   </trkpt>
   <trkpt lat="-29.7665470" lon="24.4546350">
    <ele>1128.1</ele>
   </trkpt>
   <trkpt lat="-29.7665400" lon="24.4546750">
    <ele>1128.2</ele>
   </trkpt>
   <trkpt lat="-29.7665350" lon="24.4547180">
    <ele>1127.9</ele>
   </trkpt>
   <trkpt lat="-29.7665300" lon="24.4547600">
    <ele>1127.8</ele>
   </trkpt>
   <trkpt lat="-29.7665230" lon="24.4548020">
    <ele>1127.6</ele>
   </trkpt>
   <trkpt lat="-29.7665170" lon="24.4548420">
    <ele>1127.3</ele>
   </trkpt>
   <trkpt lat="-29.7665100" lon="24.4548800">
    <ele>1127.0</ele>
   </trkpt>
   <trkpt lat="-29.7665030" lon="24.4549180">
    <ele>1127.0</ele>
   </trkpt>
   <trkpt lat="-29.7664970" lon="24.4549570">
    <ele>1126.6</ele>
   </trkpt>
   <trkpt lat="-29.7664900" lon="24.4549980">
    <ele>1126.5</ele>
   </trkpt>
   <trkpt lat="-29.7664850" lon="24.4550380">
    <ele>1126.6</ele>
   </trkpt>
   <trkpt lat="-29.7664830" lon="24.4550770">
    <ele>1126.7</ele>
   </trkpt>
   <trkpt lat="-29.7664820" lon="24.4551200">
    <ele>1127.0</ele>
   </trkpt>
   <trkpt lat="-29.7664780" lon="24.4551580">
    <ele>1127.3</ele>
   </trkpt>
   <trkpt lat="-29.7664750" lon="24.4551980">
    <ele>1127.7</ele>
   </trkpt>
   <trkpt lat="-29.7664680" lon="24.4552420">
    <ele>1128.0</ele>
   </trkpt>
   <trkpt lat="-29.7664600" lon="24.4552800">
    <ele>1127.7</ele>
   </trkpt>
   <trkpt lat="-29.7664550" lon="24.4553200">
    <ele>1127.8</ele>
   </trkpt>
   <trkpt lat="-29.7664450" lon="24.4553620">
    <ele>1127.7</ele>
   </trkpt>
   <trkpt lat="-29.7664350" lon="24.4554030">
    <ele>1127.5</ele>
   </trkpt>
   <trkpt lat="-29.7664280" lon="24.4554470">
    <ele>1127.3</ele>
   </trkpt>
   <trkpt lat="-29.7664220" lon="24.4554900">
    <ele>1126.9</ele>
   </trkpt>
   <trkpt lat="-29.7664130" lon="24.4555300">
    <ele>1126.9</ele>
   </trkpt>
   <trkpt lat="-29.7664080" lon="24.4555700">
    <ele>1126.9</ele>
   </trkpt>
   <trkpt lat="-29.7664020" lon="24.4556080">
    <ele>1126.9</ele>
   </trkpt>
   <trkpt lat="-29.7663970" lon="24.4556420">
    <ele>1126.9</ele>
   </trkpt>
   <trkpt lat="-29.7663900" lon="24.4556800">
    <ele>1126.9</ele>
   </trkpt>
   <trkpt lat="-29.7663830" lon="24.4557120">
    <ele>1126.7</ele>
   </trkpt>
   <trkpt lat="-29.7663780" lon="24.4557470">
    <ele>1126.7</ele>
   </trkpt>
   <trkpt lat="-29.7663730" lon="24.4557870">
    <ele>1126.7</ele>
   </trkpt>
   <trkpt lat="-29.7663670" lon="24.4558230">
    <ele>1126.7</ele>
   </trkpt>
   <trkpt lat="-29.7663580" lon="24.4558630">
    <ele>1126.7</ele>
   </trkpt>
   <trkpt lat="-29.7663480" lon="24.4559000">
    <ele>1126.4</ele>
   </trkpt>
   <trkpt lat="-29.7663420" lon="24.4559400">
    <ele>1126.4</ele>
   </trkpt>
   <trkpt lat="-29.7663350" lon="24.4559820">
    <ele>1126.4</ele>
   </trkpt>
   <trkpt lat="-29.7663270" lon="24.4560150">
    <ele>1126.5</ele>
   </trkpt>
   <trkpt lat="-29.7663180" lon="24.4560570">
    <ele>1126.5</ele>
   </trkpt>
   <trkpt lat="-29.7663120" lon="24.4560970">
    <ele>1126.3</ele>
   </trkpt>
   <trkpt lat="-29.7663030" lon="24.4561350">
    <ele>1126.2</ele>
   </trkpt>
   <trkpt lat="-29.7662970" lon="24.4561730">
    <ele>1126.0</ele>
   </trkpt>
   <trkpt lat="-29.7662900" lon="24.4562150">
    <ele>1125.7</ele>
   </trkpt>
   <trkpt lat="-29.7662820" lon="24.4562600">
    <ele>1125.3</ele>
   </trkpt>
   <trkpt lat="-29.7662730" lon="24.4562980">
    <ele>1124.9</ele>
   </trkpt>
   <trkpt lat="-29.7662670" lon="24.4563380">
    <ele>1124.9</ele>
   </trkpt>
   <trkpt lat="-29.7662630" lon="24.4563780">
    <ele>1124.7</ele>
   </trkpt>
   <trkpt lat="-29.7662580" lon="24.4564150">
    <ele>1124.7</ele>
   </trkpt>
   <trkpt lat="-29.7662530" lon="24.4564530">
    <ele>1124.8</ele>
   </trkpt>
   <trkpt lat="-29.7662480" lon="24.4564880">
    <ele>1124.8</ele>
   </trkpt>
   <trkpt lat="-29.7662420" lon="24.4565280">
    <ele>1124.8</ele>
   </trkpt>
   <trkpt lat="-29.7662350" lon="24.4565650">
    <ele>1124.7</ele>
   </trkpt>
   <trkpt lat="-29.7662280" lon="24.4566050">
    <ele>1124.6</ele>
   </trkpt>
   <trkpt lat="-29.7662230" lon="24.4566450">
    <ele>1124.7</ele>
   </trkpt>
   <trkpt lat="-29.7662130" lon="24.4566870">
    <ele>1124.8</ele>
   </trkpt>
   <trkpt lat="-29.7662070" lon="24.4567300">
    <ele>1125.0</ele>
   </trkpt>
   <trkpt lat="-29.7662000" lon="24.4567680">
    <ele>1125.0</ele>
   </trkpt>
   <trkpt lat="-29.7661930" lon="24.4568030">
    <ele>1125.2</ele>
   </trkpt>
   <trkpt lat="-29.7661850" lon="24.4568400">
    <ele>1125.5</ele>
   </trkpt>
   <trkpt lat="-29.7661750" lon="24.4568750">
    <ele>1125.8</ele>
   </trkpt>
   <trkpt lat="-29.7661670" lon="24.4569230">
    <ele>1126.0</ele>
   </trkpt>
   <trkpt lat="-29.7661630" lon="24.4569400">
    <ele>1126.0</ele>
   </trkpt>
   <trkpt lat="-29.7661580" lon="24.4569800">
    <ele>1126.0</ele>
   </trkpt>
   <trkpt lat="-29.7661520" lon="24.4570180">
    <ele>1126.1</ele>
   </trkpt>
   <trkpt lat="-29.7661450" lon="24.4570550">
    <ele>1126.1</ele>
   </trkpt>
   <trkpt lat="-29.7661420" lon="24.4570920">
    <ele>1126.1</ele>
   </trkpt>
   <trkpt lat="-29.7661380" lon="24.4571280">
    <ele>1126.1</ele>
   </trkpt>
   <trkpt lat="-29.7661350" lon="24.4571720">
    <ele>1126.1</ele>
   </trkpt>
   <trkpt lat="-29.7661350" lon="24.4572120">
    <ele>1126.1</ele>
   </trkpt>
   <trkpt lat="-29.7661330" lon="24.4572530">
    <ele>1126.1</ele>
   </trkpt>
   <trkpt lat="-29.7661350" lon="24.4572880">
    <ele>1126.1</ele>
   </trkpt>
   <trkpt lat="-29.7661370" lon="24.4573320">
    <ele>1126.1</ele>
   </trkpt>
   <trkpt lat="-29.7661400" lon="24.4573720">
    <ele>1126.0</ele>
   </trkpt>
   <trkpt lat="-29.7661380" lon="24.4574120">
    <ele>1125.9</ele>
   </trkpt>
   <trkpt lat="-29.7661370" lon="24.4574520">
    <ele>1125.9</ele>
   </trkpt>
   <trkpt lat="-29.7661350" lon="24.4574900">
    <ele>1125.7</ele>
   </trkpt>
   <trkpt lat="-29.7661370" lon="24.4575270">
    <ele>1125.7</ele>
   </trkpt>
   <trkpt lat="-29.7661370" lon="24.4575670">
    <ele>1125.6</ele>
   </trkpt>
   <trkpt lat="-29.7661370" lon="24.4576050">
    <ele>1125.7</ele>
   </trkpt>
   <trkpt lat="-29.7661330" lon="24.4576420">
    <ele>1125.7</ele>
   </trkpt>
   <trkpt lat="-29.7661300" lon="24.4576820">
    <ele>1125.7</ele>
   </trkpt>
   <trkpt lat="-29.7661280" lon="24.4577200">
    <ele>1125.7</ele>
   </trkpt>
   <trkpt lat="-29.7661250" lon="24.4577600">
    <ele>1125.7</ele>
   </trkpt>
   <trkpt lat="-29.7661230" lon="24.4578020">
    <ele>1125.7</ele>
   </trkpt>
   <trkpt lat="-29.7661220" lon="24.4578380">
    <ele>1125.7</ele>
   </trkpt>
   <trkpt lat="-29.7661180" lon="24.4578750">
    <ele>1125.6</ele>
   </trkpt>
   <trkpt lat="-29.7661150" lon="24.4579100">
    <ele>1125.4</ele>
   </trkpt>
   <trkpt lat="-29.7661100" lon="24.4579470">
    <ele>1125.2</ele>
   </trkpt>
   <trkpt lat="-29.7661070" lon="24.4579800">
    <ele>1124.9</ele>
   </trkpt>
   <trkpt lat="-29.7661020" lon="24.4580170">
    <ele>1124.7</ele>
   </trkpt>
   <trkpt lat="-29.7661000" lon="24.4580500">
    <ele>1124.7</ele>
   </trkpt>
   <trkpt lat="-29.7660930" lon="24.4580830">
    <ele>1124.6</ele>
   </trkpt>
   <trkpt lat="-29.7660900" lon="24.4581220">
    <ele>1124.6</ele>
   </trkpt>
   <trkpt lat="-29.7660850" lon="24.4581600">
    <ele>1124.6</ele>
   </trkpt>
   <trkpt lat="-29.7660820" lon="24.4582000">
    <ele>1124.7</ele>
   </trkpt>
   <trkpt lat="-29.7660750" lon="24.4582370">
    <ele>1124.7</ele>
   </trkpt>
   <trkpt lat="-29.7660620" lon="24.4582730">
    <ele>1124.7</ele>
   </trkpt>
   <trkpt lat="-29.7660480" lon="24.4583100">
    <ele>1124.7</ele>
   </trkpt>
   <trkpt lat="-29.7660320" lon="24.4583420">
    <ele>1124.7</ele>
   </trkpt>
   <trkpt lat="-29.7660100" lon="24.4583720">
    <ele>1124.7</ele>
   </trkpt>
   <trkpt lat="-29.7659870" lon="24.4584030">
    <ele>1124.7</ele>
   </trkpt>
   <trkpt lat="-29.7659620" lon="24.4584280">
    <ele>1124.7</ele>
   </trkpt>
   <trkpt lat="-29.7659370" lon="24.4584470">
    <ele>1124.6</ele>
   </trkpt>
   <trkpt lat="-29.7659080" lon="24.4584600">
    <ele>1124.6</ele>
   </trkpt>
   <trkpt lat="-29.7658780" lon="24.4584730">
    <ele>1124.5</ele>
   </trkpt>
   <trkpt lat="-29.7658470" lon="24.4584820">
    <ele>1124.5</ele>
   </trkpt>
   <trkpt lat="-29.7658150" lon="24.4584880">
    <ele>1124.5</ele>
   </trkpt>
   <trkpt lat="-29.7657820" lon="24.4584970">
    <ele>1124.6</ele>
   </trkpt>
   <trkpt lat="-29.7657470" lon="24.4585000">
    <ele>1124.9</ele>
   </trkpt>
   <trkpt lat="-29.7657120" lon="24.4585020">
    <ele>1125.2</ele>
   </trkpt>
   <trkpt lat="-29.7656800" lon="24.4585000">
    <ele>1125.5</ele>
   </trkpt>
   <trkpt lat="-29.7656500" lon="24.4584970">
    <ele>1125.5</ele>
   </trkpt>
   <trkpt lat="-29.7656200" lon="24.4584980">
    <ele>1125.7</ele>
   </trkpt>
   <trkpt lat="-29.7655920" lon="24.4585000">
    <ele>1125.7</ele>
   </trkpt>
   <trkpt lat="-29.7655570" lon="24.4585050">
    <ele>1125.6</ele>
   </trkpt>
   <trkpt lat="-29.7655470" lon="24.4585070">
    <ele>1125.6</ele>
   </trkpt>
   <trkpt lat="-29.7655300" lon="24.4585080">
    <ele>1125.6</ele>
   </trkpt>
   <trkpt lat="-29.7655130" lon="24.4585130">
    <ele>1125.6</ele>
   </trkpt>
   <trkpt lat="-29.7654950" lon="24.4585130">
    <ele>1125.6</ele>
   </trkpt>
   <trkpt lat="-29.7654900" lon="24.4585130">
    <ele>1125.6</ele>
   </trkpt>
   <trkpt lat="-29.7654850" lon="24.4585130">
    <ele>1125.6</ele>
   </trkpt>
   <trkpt lat="-29.7654800" lon="24.4585130">
    <ele>1125.6</ele>
   </trkpt>
   <trkpt lat="-29.7654750" lon="24.4585130">
    <ele>1125.6</ele>
   </trkpt>
   <trkpt lat="-29.7654700" lon="24.4585130">
    <ele>1125.6</ele>
   </trkpt>
   <trkpt lat="-29.7654650" lon="24.4585120">
    <ele>1125.6</ele>
   </trkpt>
   <trkpt lat="-29.7654600" lon="24.4585120">
    <ele>1125.6</ele>
   </trkpt>
   <trkpt lat="-29.7654550" lon="24.4585120">
    <ele>1125.8</ele>
   </trkpt>
   <trkpt lat="-29.7654500" lon="24.4585120">
    <ele>1125.8</ele>
   </trkpt>
   <trkpt lat="-29.7654450" lon="24.4585120">
    <ele>1125.8</ele>
   </trkpt>
   <trkpt lat="-29.7654400" lon="24.4585120">
    <ele>1125.8</ele>
   </trkpt>
   <trkpt lat="-29.7654350" lon="24.4585120">
    <ele>1125.8</ele>
   </trkpt>
   <trkpt lat="-29.7654300" lon="24.4585120">
    <ele>1125.8</ele>
   </trkpt>
   <trkpt lat="-29.7654020" lon="24.4585170">
    <ele>1126.0</ele>
   </trkpt>
   <trkpt lat="-29.7653920" lon="24.4585180">
    <ele>1126.0</ele>
   </trkpt>
   <trkpt lat="-29.7653720" lon="24.4585180">
    <ele>1126.2</ele>
   </trkpt>
   <trkpt lat="-29.7653570" lon="24.4585200">
    <ele>1126.2</ele>
   </trkpt>
   <trkpt lat="-29.7653420" lon="24.4585200">
    <ele>1126.4</ele>
   </trkpt>
   <trkpt lat="-29.7653320" lon="24.4585230">
    <ele>1126.4</ele>
   </trkpt>
   <trkpt lat="-29.7653200" lon="24.4585220">
    <ele>1126.4</ele>
   </trkpt>
   <trkpt lat="-29.7653120" lon="24.4585180">
    <ele>1126.4</ele>
   </trkpt>
   <trkpt lat="-29.7653120" lon="24.4585180">
    <ele>1126.3</ele>
   </trkpt>
   <trkpt lat="-29.7653120" lon="24.4585180">
    <ele>1126.3</ele>
   </trkpt>
   <trkpt lat="-29.7653120" lon="24.4585180">
    <ele>1126.3</ele>
   </trkpt>
   <trkpt lat="-29.7653120" lon="24.4585180">
    <ele>1126.3</ele>
   </trkpt>
   <trkpt lat="-29.7653120" lon="24.4585180">
    <ele>1126.3</ele>
   </trkpt>
   <trkpt lat="-29.7653120" lon="24.4585180">
    <ele>1126.3</ele>
   </trkpt>
   <trkpt lat="-29.7653120" lon="24.4585180">
    <ele>1126.3</ele>
   </trkpt>
   <trkpt lat="-29.7652200" lon="24.4585050">
    <ele>1126.2</ele>
   </trkpt>
   <trkpt lat="-29.7652080" lon="24.4585040">
    <ele>1126.2</ele>
   </trkpt>
   <trkpt lat="-29.7652050" lon="24.4585050">
    <ele>1126.2</ele>
   </trkpt>
   <trkpt lat="-29.7652030" lon="24.4585060">
    <ele>1126.2</ele>
   </trkpt>
   <trkpt lat="-29.7652010" lon="24.4585080">
    <ele>1126.2</ele>
   </trkpt>
   <trkpt lat="-29.7651980" lon="24.4585090">
    <ele>1126.2</ele>
   </trkpt>
   <trkpt lat="-29.7651960" lon="24.4585100">
    <ele>1126.2</ele>
   </trkpt>
   <trkpt lat="-29.7651940" lon="24.4585110">
    <ele>1126.2</ele>
   </trkpt>
   <trkpt lat="-29.7651910" lon="24.4585120">
    <ele>1126.2</ele>
   </trkpt>
   <trkpt lat="-29.7651890" lon="24.4585130">
    <ele>1126.2</ele>
   </trkpt>
   <trkpt lat="-29.7651870" lon="24.4585150">
    <ele>1126.2</ele>
   </trkpt>
   <trkpt lat="-29.7651840" lon="24.4585160">
    <ele>1126.2</ele>
   </trkpt>
   <trkpt lat="-29.7651820" lon="24.4585170">
    <ele>1126.2</ele>
   </trkpt>
   <trkpt lat="-29.7651800" lon="24.4585180">
    <ele>1126.2</ele>
   </trkpt>
   <trkpt lat="-29.7651770" lon="24.4585190">
    <ele>1126.2</ele>
   </trkpt>
   <trkpt lat="-29.7651750" lon="24.4585200">
    <ele>1126.2</ele>
   </trkpt>
   <trkpt lat="-29.7651730" lon="24.4585220">
    <ele>1126.2</ele>
   </trkpt>
   <trkpt lat="-29.7651700" lon="24.4585230">
    <ele>1126.2</ele>
   </trkpt>
   <trkpt lat="-29.7651680" lon="24.4585240">
    <ele>1126.2</ele>
   </trkpt>
   <trkpt lat="-29.7651660" lon="24.4585250">
    <ele>1126.2</ele>
   </trkpt>
   <trkpt lat="-29.7651630" lon="24.4585260">
    <ele>1126.2</ele>
   </trkpt>
   <trkpt lat="-29.7651610" lon="24.4585270">
    <ele>1126.2</ele>
   </trkpt>
   <trkpt lat="-29.7651590" lon="24.4585290">
    <ele>1126.5</ele>
   </trkpt>
   <trkpt lat="-29.7651570" lon="24.4585300">
    <ele>1126.5</ele>
   </trkpt>
   <trkpt lat="-29.7651540" lon="24.4585310">
    <ele>1126.5</ele>
   </trkpt>
   <trkpt lat="-29.7651520" lon="24.4585320">
    <ele>1126.5</ele>
   </trkpt>
   <trkpt lat="-29.7651500" lon="24.4585330">
    <ele>1126.5</ele>
   </trkpt>
   <trkpt lat="-29.7651470" lon="24.4585340">
    <ele>1126.5</ele>
   </trkpt>
   <trkpt lat="-29.7651450" lon="24.4585360">
    <ele>1126.5</ele>
   </trkpt>
   <trkpt lat="-29.7651430" lon="24.4585370">
    <ele>1126.5</ele>
   </trkpt>
   <trkpt lat="-29.7651400" lon="24.4585380">
    <ele>1126.4</ele>
   </trkpt>
   <trkpt lat="-29.7651380" lon="24.4585390">
    <ele>1126.4</ele>
   </trkpt>
   <trkpt lat="-29.7651360" lon="24.4585400">
    <ele>1126.4</ele>
   </trkpt>
   <trkpt lat="-29.7651330" lon="24.4585410">
    <ele>1126.4</ele>
   </trkpt>
   <trkpt lat="-29.7651310" lon="24.4585430">
    <ele>1126.4</ele>
   </trkpt>
   <trkpt lat="-29.7651290" lon="24.4585440">
    <ele>1126.4</ele>
   </trkpt>
   <trkpt lat="-29.7651260" lon="24.4585450">
    <ele>1126.4</ele>
   </trkpt>
   <trkpt lat="-29.7651240" lon="24.4585460">
    <ele>1126.4</ele>
   </trkpt>
   <trkpt lat="-29.7651220" lon="24.4585470">
    <ele>1126.5</ele>
   </trkpt>
   <trkpt lat="-29.7651190" lon="24.4585480">
    <ele>1126.5</ele>
   </trkpt>
   <trkpt lat="-29.7651170" lon="24.4585500">
    <ele>1126.5</ele>
   </trkpt>
   <trkpt lat="-29.7651150" lon="24.4585510">
    <ele>1126.5</ele>
   </trkpt>
   <trkpt lat="-29.7651120" lon="24.4585520">
    <ele>1126.5</ele>
   </trkpt>
   <trkpt lat="-29.7651100" lon="24.4585530">
    <ele>1126.5</ele>
   </trkpt>
   <trkpt lat="-29.7650930" lon="24.4585600">
    <ele>1126.5</ele>
   </trkpt>
   <trkpt lat="-29.7650750" lon="24.4585650">
    <ele>1126.5</ele>
   </trkpt>
   <trkpt lat="-29.7650600" lon="24.4585700">
    <ele>1126.5</ele>
   </trkpt>
   <trkpt lat="-29.7650430" lon="24.4585750">
    <ele>1126.5</ele>
   </trkpt>
   <trkpt lat="-29.7650090" lon="24.4585850">
    <ele>1126.6</ele>
   </trkpt>
   <trkpt lat="-29.7649970" lon="24.4585880">
    <ele>1126.6</ele>
   </trkpt>
   <trkpt lat="-29.7649680" lon="24.4585980">
    <ele>1126.7</ele>
   </trkpt>
   <trkpt lat="-29.7649400" lon="24.4586080">
    <ele>1126.7</ele>
   </trkpt>
   <trkpt lat="-29.7649130" lon="24.4586230">
    <ele>1126.7</ele>
   </trkpt>
   <trkpt lat="-29.7648830" lon="24.4586430">
    <ele>1126.6</ele>
   </trkpt>
   <trkpt lat="-29.7648520" lon="24.4586670">
    <ele>1126.4</ele>
   </trkpt>
   <trkpt lat="-29.7648230" lon="24.4586920">
    <ele>1126.0</ele>
   </trkpt>
   <trkpt lat="-29.7647920" lon="24.4587200">
    <ele>1126.0</ele>
   </trkpt>
   <trkpt lat="-29.7647620" lon="24.4587500">
    <ele>1125.8</ele>
   </trkpt>
   <trkpt lat="-29.7647350" lon="24.4587780">
    <ele>1125.5</ele>
   </trkpt>
   <trkpt lat="-29.7647100" lon="24.4588100">
    <ele>1125.5</ele>
   </trkpt>
   <trkpt lat="-29.7646850" lon="24.4588420">
    <ele>1125.5</ele>
   </trkpt>
   <trkpt lat="-29.7646570" lon="24.4588700">
    <ele>1125.4</ele>
   </trkpt>
   <trkpt lat="-29.7646280" lon="24.4589030">
    <ele>1125.4</ele>
   </trkpt>
   <trkpt lat="-29.7646000" lon="24.4589380">
    <ele>1125.6</ele>
   </trkpt>
   <trkpt lat="-29.7645750" lon="24.4589700">
    <ele>1125.6</ele>
   </trkpt>
   <trkpt lat="-29.7645470" lon="24.4590000">
    <ele>1125.7</ele>
   </trkpt>
   <trkpt lat="-29.7645200" lon="24.4590270">
    <ele>1125.7</ele>
   </trkpt>
   <trkpt lat="-29.7644900" lon="24.4590570">
    <ele>1125.6</ele>
   </trkpt>
   <trkpt lat="-29.7644580" lon="24.4590850">
    <ele>1125.5</ele>
   </trkpt>
   <trkpt lat="-29.7644250" lon="24.4591120">
    <ele>1125.5</ele>
   </trkpt>
   <trkpt lat="-29.7643900" lon="24.4591320">
    <ele>1125.6</ele>
   </trkpt>
   <trkpt lat="-29.7643550" lon="24.4591420">
    <ele>1125.9</ele>
   </trkpt>
   <trkpt lat="-29.7643170" lon="24.4591430">
    <ele>1126.1</ele>
   </trkpt>
   <trkpt lat="-29.7642830" lon="24.4591370">
    <ele>1126.3</ele>
   </trkpt>
   <trkpt lat="-29.7642520" lon="24.4591200">
    <ele>1126.6</ele>
   </trkpt>
   <trkpt lat="-29.7642250" lon="24.4590980">
    <ele>1126.6</ele>
   </trkpt>
   <trkpt lat="-29.7641970" lon="24.4590750">
    <ele>1126.7</ele>
   </trkpt>
   <trkpt lat="-29.7641630" lon="24.4590530">
    <ele>1126.5</ele>
   </trkpt>
   <trkpt lat="-29.7641320" lon="24.4590330">
    <ele>1126.3</ele>
   </trkpt>
   <trkpt lat="-29.7641000" lon="24.4590130">
    <ele>1126.1</ele>
   </trkpt>
   <trkpt lat="-29.7640680" lon="24.4589930">
    <ele>1125.8</ele>
   </trkpt>
   <trkpt lat="-29.7640380" lon="24.4589720">
    <ele>1125.6</ele>
   </trkpt>
   <trkpt lat="-29.7640100" lon="24.4589500">
    <ele>1125.6</ele>
   </trkpt>
   <trkpt lat="-29.7639780" lon="24.4589300">
    <ele>1125.4</ele>
   </trkpt>
   <trkpt lat="-29.7639480" lon="24.4589080">
    <ele>1125.1</ele>
   </trkpt>
   <trkpt lat="-29.7639200" lon="24.4588900">
    <ele>1124.9</ele>
   </trkpt>
   <trkpt lat="-29.7638900" lon="24.4588720">
    <ele>1124.6</ele>
   </trkpt>
   <trkpt lat="-29.7638620" lon="24.4588550">
    <ele>1124.5</ele>
   </trkpt>
   <trkpt lat="-29.7638350" lon="24.4588370">
    <ele>1124.1</ele>
   </trkpt>
   <trkpt lat="-29.7638100" lon="24.4588180">
    <ele>1123.6</ele>
   </trkpt>
   <trkpt lat="-29.7637830" lon="24.4587980">
    <ele>1123.6</ele>
   </trkpt>
   <trkpt lat="-29.7637530" lon="24.4587780">
    <ele>1123.0</ele>
   </trkpt>
   <trkpt lat="-29.7637250" lon="24.4587600">
    <ele>1122.5</ele>
   </trkpt>
   <trkpt lat="-29.7636970" lon="24.4587400">
    <ele>1122.3</ele>
   </trkpt>
   <trkpt lat="-29.7636670" lon="24.4587220">
    <ele>1122.0</ele>
   </trkpt>
   <trkpt lat="-29.7636350" lon="24.4587020">
    <ele>1122.0</ele>
   </trkpt>
   <trkpt lat="-29.7636080" lon="24.4586830">
    <ele>1121.9</ele>
   </trkpt>
   <trkpt lat="-29.7635780" lon="24.4586650">
    <ele>1121.8</ele>
   </trkpt>
   <trkpt lat="-29.7635470" lon="24.4586470">
    <ele>1121.9</ele>
   </trkpt>
   <trkpt lat="-29.7635170" lon="24.4586280">
    <ele>1121.8</ele>
   </trkpt>
   <trkpt lat="-29.7634850" lon="24.4586100">
    <ele>1122.1</ele>
   </trkpt>
   <trkpt lat="-29.7634550" lon="24.4585920">
    <ele>1122.1</ele>
   </trkpt>
   <trkpt lat="-29.7634280" lon="24.4585720">
    <ele>1122.2</ele>
   </trkpt>
   <trkpt lat="-29.7634020" lon="24.4585520">
    <ele>1122.7</ele>
   </trkpt>
   <trkpt lat="-29.7633720" lon="24.4585320">
    <ele>1122.7</ele>
   </trkpt>
   <trkpt lat="-29.7633430" lon="24.4585100">
    <ele>1123.1</ele>
   </trkpt>
   <trkpt lat="-29.7633130" lon="24.4584930">
    <ele>1123.2</ele>
   </trkpt>
   <trkpt lat="-29.7632830" lon="24.4584750">
    <ele>1123.4</ele>
   </trkpt>
   <trkpt lat="-29.7632550" lon="24.4584530">
    <ele>1123.7</ele>
   </trkpt>
   <trkpt lat="-29.7632250" lon="24.4584300">
    <ele>1123.7</ele>
   </trkpt>
   <trkpt lat="-29.7631930" lon="24.4584080">
    <ele>1124.2</ele>
   </trkpt>
   <trkpt lat="-29.7631630" lon="24.4583870">
    <ele>1124.8</ele>
   </trkpt>
   <trkpt lat="-29.7631350" lon="24.4583650">
    <ele>1125.4</ele>
   </trkpt>
   <trkpt lat="-29.7631030" lon="24.4583430">
    <ele>1125.6</ele>
   </trkpt>
   <trkpt lat="-29.7630770" lon="24.4583220">
    <ele>1125.6</ele>
   </trkpt>
   <trkpt lat="-29.7630500" lon="24.4582980">
    <ele>1125.4</ele>
   </trkpt>
   <trkpt lat="-29.7630180" lon="24.4582750">
    <ele>1125.6</ele>
   </trkpt>
   <trkpt lat="-29.7629880" lon="24.4582500">
    <ele>1125.5</ele>
   </trkpt>
   <trkpt lat="-29.7629570" lon="24.4582280">
    <ele>1126.0</ele>
   </trkpt>
   <trkpt lat="-29.7629270" lon="24.4582070">
    <ele>1125.7</ele>
   </trkpt>
   <trkpt lat="-29.7629000" lon="24.4581830">
    <ele>1126.0</ele>
   </trkpt>
   <trkpt lat="-29.7628750" lon="24.4581600">
    <ele>1126.6</ele>
   </trkpt>
   <trkpt lat="-29.7628500" lon="24.4581380">
    <ele>1126.3</ele>
   </trkpt>
   <trkpt lat="-29.7628200" lon="24.4581170">
    <ele>1126.8</ele>
   </trkpt>
   <trkpt lat="-29.7627900" lon="24.4580970">
    <ele>1126.9</ele>
   </trkpt>
   <trkpt lat="-29.7627600" lon="24.4580730">
    <ele>1127.2</ele>
   </trkpt>
   <trkpt lat="-29.7627280" lon="24.4580520">
    <ele>1127.2</ele>
   </trkpt>
   <trkpt lat="-29.7626970" lon="24.4580280">
    <ele>1127.4</ele>
   </trkpt>
   <trkpt lat="-29.7626670" lon="24.4580070">
    <ele>1127.2</ele>
   </trkpt>
   <trkpt lat="-29.7626330" lon="24.4579870">
    <ele>1127.3</ele>
   </trkpt>
   <trkpt lat="-29.7626030" lon="24.4579650">
    <ele>1127.1</ele>
   </trkpt>
   <trkpt lat="-29.7625730" lon="24.4579450">
    <ele>1127.1</ele>
   </trkpt>
   <trkpt lat="-29.7625430" lon="24.4579250">
    <ele>1126.7</ele>
   </trkpt>
   <trkpt lat="-29.7625150" lon="24.4579030">
    <ele>1126.7</ele>
   </trkpt>
   <trkpt lat="-29.7624850" lon="24.4578830">
    <ele>1126.2</ele>
   </trkpt>
   <trkpt lat="-29.7624570" lon="24.4578630">
    <ele>1126.0</ele>
   </trkpt>
   <trkpt lat="-29.7624250" lon="24.4578430">
    <ele>1125.7</ele>
   </trkpt>
   <trkpt lat="-29.7623930" lon="24.4578270">
    <ele>1125.2</ele>
   </trkpt>
   <trkpt lat="-29.7623650" lon="24.4578050">
    <ele>1125.0</ele>
   </trkpt>
   <trkpt lat="-29.7623350" lon="24.4577830">
    <ele>1124.7</ele>
   </trkpt>
   <trkpt lat="-29.7623080" lon="24.4577620">
    <ele>1124.5</ele>
   </trkpt>
   <trkpt lat="-29.7622780" lon="24.4577430">
    <ele>1124.1</ele>
   </trkpt>
   <trkpt lat="-29.7622480" lon="24.4577230">
    <ele>1123.7</ele>
   </trkpt>
   <trkpt lat="-29.7622170" lon="24.4577030">
    <ele>1123.5</ele>
   </trkpt>
   <trkpt lat="-29.7621880" lon="24.4576800">
    <ele>1123.0</ele>
   </trkpt>
   <trkpt lat="-29.7621570" lon="24.4576600">
    <ele>1122.2</ele>
   </trkpt>
   <trkpt lat="-29.7621280" lon="24.4576400">
    <ele>1121.7</ele>
   </trkpt>
   <trkpt lat="-29.7621030" lon="24.4576200">
    <ele>1121.2</ele>
   </trkpt>
   <trkpt lat="-29.7620770" lon="24.4576000">
    <ele>1121.2</ele>
   </trkpt>
   <trkpt lat="-29.7620520" lon="24.4575780">
    <ele>1121.3</ele>
   </trkpt>
   <trkpt lat="-29.7620280" lon="24.4575570">
    <ele>1121.5</ele>
   </trkpt>
   <trkpt lat="-29.7620050" lon="24.4575350">
    <ele>1121.8</ele>
   </trkpt>
   <trkpt lat="-29.7619820" lon="24.4575120">
    <ele>1122.1</ele>
   </trkpt>
   <trkpt lat="-29.7619530" lon="24.4574900">
    <ele>1123.0</ele>
   </trkpt>
   <trkpt lat="-29.7619200" lon="24.4574720">
    <ele>1123.0</ele>
   </trkpt>
   <trkpt lat="-29.7618930" lon="24.4574500">
    <ele>1123.8</ele>
   </trkpt>
   <trkpt lat="-29.7618620" lon="24.4574280">
    <ele>1124.2</ele>
   </trkpt>
   <trkpt lat="-29.7618280" lon="24.4574070">
    <ele>1125.3</ele>
   </trkpt>
   <trkpt lat="-29.7617970" lon="24.4573850">
    <ele>1125.8</ele>
   </trkpt>
   <trkpt lat="-29.7617680" lon="24.4573630">
    <ele>1126.8</ele>
   </trkpt>
   <trkpt lat="-29.7617420" lon="24.4573420">
    <ele>1126.8</ele>
   </trkpt>
   <trkpt lat="-29.7617150" lon="24.4573220">
    <ele>1127.6</ele>
   </trkpt>
   <trkpt lat="-29.7616900" lon="24.4573000">
    <ele>1127.9</ele>
   </trkpt>
   <trkpt lat="-29.7616630" lon="24.4572800">
    <ele>1128.3</ele>
   </trkpt>
   <trkpt lat="-29.7616330" lon="24.4572600">
    <ele>1128.6</ele>
   </trkpt>
   <trkpt lat="-29.7616030" lon="24.4572400">
    <ele>1129.3</ele>
   </trkpt>
   <trkpt lat="-29.7615730" lon="24.4572180">
    <ele>1129.5</ele>
   </trkpt>
   <trkpt lat="-29.7615430" lon="24.4571970">
    <ele>1129.8</ele>
   </trkpt>
   <trkpt lat="-29.7615150" lon="24.4571750">
    <ele>1129.8</ele>
   </trkpt>
   <trkpt lat="-29.7614870" lon="24.4571550">
    <ele>1129.6</ele>
   </trkpt>
   <trkpt lat="-29.7614550" lon="24.4571330">
    <ele>1129.1</ele>
   </trkpt>
   <trkpt lat="-29.7614270" lon="24.4571080">
    <ele>1128.3</ele>
   </trkpt>
   <trkpt lat="-29.7613950" lon="24.4570850">
    <ele>1127.8</ele>
   </trkpt>
   <trkpt lat="-29.7613650" lon="24.4570620">
    <ele>1127.4</ele>
   </trkpt>
   <trkpt lat="-29.7613350" lon="24.4570400">
    <ele>1126.9</ele>
   </trkpt>
   <trkpt lat="-29.7613050" lon="24.4570220">
    <ele>1126.0</ele>
   </trkpt>
   <trkpt lat="-29.7612770" lon="24.4570020">
    <ele>1125.8</ele>
   </trkpt>
   <trkpt lat="-29.7612500" lon="24.4569800">
    <ele>1125.3</ele>
   </trkpt>
   <trkpt lat="-29.7612250" lon="24.4569600">
    <ele>1125.2</ele>
   </trkpt>
   <trkpt lat="-29.7612000" lon="24.4569380">
    <ele>1124.8</ele>
   </trkpt>
   <trkpt lat="-29.7611750" lon="24.4569150">
    <ele>1124.8</ele>
   </trkpt>
   <trkpt lat="-29.7611480" lon="24.4568930">
    <ele>1124.4</ele>
   </trkpt>
   <trkpt lat="-29.7611220" lon="24.4568680">
    <ele>1124.1</ele>
   </trkpt>
   <trkpt lat="-29.7610870" lon="24.4568470">
    <ele>1123.6</ele>
   </trkpt>
   <trkpt lat="-29.7610570" lon="24.4568250">
    <ele>1123.4</ele>
   </trkpt>
   <trkpt lat="-29.7610220" lon="24.4568050">
    <ele>1123.3</ele>
   </trkpt>
   <trkpt lat="-29.7609870" lon="24.4567850">
    <ele>1123.6</ele>
   </trkpt>
   <trkpt lat="-29.7609550" lon="24.4567630">
    <ele>1123.6</ele>
   </trkpt>
   <trkpt lat="-29.7609230" lon="24.4567400">
    <ele>1123.9</ele>
   </trkpt>
   <trkpt lat="-29.7608950" lon="24.4567170">
    <ele>1124.2</ele>
   </trkpt>
   <trkpt lat="-29.7608630" lon="24.4566970">
    <ele>1124.4</ele>
   </trkpt>
   <trkpt lat="-29.7608330" lon="24.4566730">
    <ele>1124.5</ele>
   </trkpt>
   <trkpt lat="-29.7608070" lon="24.4566500">
    <ele>1124.5</ele>
   </trkpt>
   <trkpt lat="-29.7607770" lon="24.4566300">
    <ele>1124.7</ele>
   </trkpt>
   <trkpt lat="-29.7607420" lon="24.4566100">
    <ele>1124.7</ele>
   </trkpt>
   <trkpt lat="-29.7607120" lon="24.4565900">
    <ele>1124.9</ele>
   </trkpt>
   <trkpt lat="-29.7606850" lon="24.4565680">
    <ele>1124.7</ele>
   </trkpt>
   <trkpt lat="-29.7606550" lon="24.4565470">
    <ele>1124.9</ele>
   </trkpt>
   <trkpt lat="-29.7606250" lon="24.4565230">
    <ele>1124.7</ele>
   </trkpt>
   <trkpt lat="-29.7605970" lon="24.4565000">
    <ele>1124.5</ele>
   </trkpt>
   <trkpt lat="-29.7605670" lon="24.4564780">
    <ele>1124.2</ele>
   </trkpt>
   <trkpt lat="-29.7605380" lon="24.4564550">
    <ele>1123.8</ele>
   </trkpt>
   <trkpt lat="-29.7605080" lon="24.4564330">
    <ele>1123.8</ele>
   </trkpt>
   <trkpt lat="-29.7604750" lon="24.4564120">
    <ele>1123.6</ele>
   </trkpt>
   <trkpt lat="-29.7604430" lon="24.4563870">
    <ele>1123.3</ele>
   </trkpt>
   <trkpt lat="-29.7604100" lon="24.4563630">
    <ele>1123.3</ele>
   </trkpt>
   <trkpt lat="-29.7603800" lon="24.4563370">
    <ele>1123.3</ele>
   </trkpt>
   <trkpt lat="-29.7603520" lon="24.4563120">
    <ele>1123.3</ele>
   </trkpt>
   <trkpt lat="-29.7603220" lon="24.4562870">
    <ele>1123.3</ele>
   </trkpt>
   <trkpt lat="-29.7602880" lon="24.4562630">
    <ele>1123.3</ele>
   </trkpt>
   <trkpt lat="-29.7602570" lon="24.4562400">
    <ele>1123.4</ele>
   </trkpt>
   <trkpt lat="-29.7602250" lon="24.4562180">
    <ele>1123.4</ele>
   </trkpt>
   <trkpt lat="-29.7601930" lon="24.4561970">
    <ele>1123.3</ele>
   </trkpt>
   <trkpt lat="-29.7601620" lon="24.4561750">
    <ele>1123.3</ele>
   </trkpt>
   <trkpt lat="-29.7601320" lon="24.4561520">
    <ele>1123.3</ele>
   </trkpt>
   <trkpt lat="-29.7601030" lon="24.4561280">
    <ele>1123.4</ele>
   </trkpt>
   <trkpt lat="-29.7600750" lon="24.4561070">
    <ele>1123.5</ele>
   </trkpt>
   <trkpt lat="-29.7600470" lon="24.4560850">
    <ele>1123.8</ele>
   </trkpt>
   <trkpt lat="-29.7600150" lon="24.4560650">
    <ele>1124.2</ele>
   </trkpt>
   <trkpt lat="-29.7599880" lon="24.4560450">
    <ele>1124.2</ele>
   </trkpt>
   <trkpt lat="-29.7599580" lon="24.4560230">
    <ele>1124.6</ele>
   </trkpt>
   <trkpt lat="-29.7599300" lon="24.4560030">
    <ele>1124.9</ele>
   </trkpt>
   <trkpt lat="-29.7598980" lon="24.4559830">
    <ele>1125.0</ele>
   </trkpt>
   <trkpt lat="-29.7598650" lon="24.4559650">
    <ele>1125.2</ele>
   </trkpt>
   <trkpt lat="-29.7598350" lon="24.4559470">
    <ele>1124.9</ele>
   </trkpt>
   <trkpt lat="-29.7598020" lon="24.4559320">
    <ele>1125.0</ele>
   </trkpt>
   <trkpt lat="-29.7597720" lon="24.4559130">
    <ele>1125.0</ele>
   </trkpt>
   <trkpt lat="-29.7597400" lon="24.4558980">
    <ele>1124.7</ele>
   </trkpt>
   <trkpt lat="-29.7597100" lon="24.4558830">
    <ele>1124.7</ele>
   </trkpt>
   <trkpt lat="-29.7596800" lon="24.4558650">
    <ele>1124.6</ele>
   </trkpt>
   <trkpt lat="-29.7596480" lon="24.4558520">
    <ele>1124.6</ele>
   </trkpt>
   <trkpt lat="-29.7596180" lon="24.4558400">
    <ele>1124.9</ele>
   </trkpt>
   <trkpt lat="-29.7595850" lon="24.4558270">
    <ele>1125.2</ele>
   </trkpt>
   <trkpt lat="-29.7595520" lon="24.4558120">
    <ele>1125.2</ele>
   </trkpt>
   <trkpt lat="-29.7595180" lon="24.4557950">
    <ele>1125.3</ele>
   </trkpt>
   <trkpt lat="-29.7594880" lon="24.4557770">
    <ele>1125.1</ele>
   </trkpt>
   <trkpt lat="-29.7594570" lon="24.4557570">
    <ele>1125.1</ele>
   </trkpt>
   <trkpt lat="-29.7594280" lon="24.4557370">
    <ele>1125.0</ele>
   </trkpt>
   <trkpt lat="-29.7593980" lon="24.4557180">
    <ele>1125.2</ele>
   </trkpt>
   <trkpt lat="-29.7593720" lon="24.4556980">
    <ele>1125.4</ele>
   </trkpt>
   <trkpt lat="-29.7593430" lon="24.4556780">
    <ele>1125.7</ele>
   </trkpt>
   <trkpt lat="-29.7593170" lon="24.4556580">
    <ele>1125.7</ele>
   </trkpt>
   <trkpt lat="-29.7592850" lon="24.4556430">
    <ele>1125.8</ele>
   </trkpt>
   <trkpt lat="-29.7592530" lon="24.4556270">
    <ele>1126.1</ele>
   </trkpt>
   <trkpt lat="-29.7592270" lon="24.4556120">
    <ele>1126.4</ele>
   </trkpt>
   <trkpt lat="-29.7591920" lon="24.4555930">
    <ele>1126.4</ele>
   </trkpt>
   <trkpt lat="-29.7591530" lon="24.4555780">
    <ele>1126.7</ele>
   </trkpt>
   <trkpt lat="-29.7591220" lon="24.4555620">
    <ele>1126.5</ele>
   </trkpt>
   <trkpt lat="-29.7590950" lon="24.4555430">
    <ele>1126.5</ele>
   </trkpt>
   <trkpt lat="-29.7590650" lon="24.4555250">
    <ele>1126.8</ele>
   </trkpt>
   <trkpt lat="-29.7590350" lon="24.4555100">
    <ele>1126.8</ele>
   </trkpt>
   <trkpt lat="-29.7590030" lon="24.4554930">
    <ele>1127.1</ele>
   </trkpt>
   <trkpt lat="-29.7589700" lon="24.4554770">
    <ele>1127.0</ele>
   </trkpt>
   <trkpt lat="-29.7589370" lon="24.4554570">
    <ele>1127.2</ele>
   </trkpt>
   <trkpt lat="-29.7589030" lon="24.4554380">
    <ele>1127.2</ele>
   </trkpt>
   <trkpt lat="-29.7588720" lon="24.4554220">
    <ele>1127.1</ele>
   </trkpt>
   <trkpt lat="-29.7588380" lon="24.4554050">
    <ele>1127.2</ele>
   </trkpt>
   <trkpt lat="-29.7588050" lon="24.4553870">
    <ele>1127.3</ele>
   </trkpt>
   <trkpt lat="-29.7587720" lon="24.4553680">
    <ele>1127.4</ele>
   </trkpt>
   <trkpt lat="-29.7587380" lon="24.4553500">
    <ele>1127.4</ele>
   </trkpt>
   <trkpt lat="-29.7587050" lon="24.4553320">
    <ele>1127.4</ele>
   </trkpt>
   <trkpt lat="-29.7586720" lon="24.4553130">
    <ele>1127.3</ele>
   </trkpt>
   <trkpt lat="-29.7586380" lon="24.4552970">
    <ele>1127.0</ele>
   </trkpt>
   <trkpt lat="-29.7586070" lon="24.4552780">
    <ele>1127.0</ele>
   </trkpt>
   <trkpt lat="-29.7585720" lon="24.4552630">
    <ele>1126.8</ele>
   </trkpt>
   <trkpt lat="-29.7585370" lon="24.4552450">
    <ele>1126.8</ele>
   </trkpt>
   <trkpt lat="-29.7585020" lon="24.4552230">
    <ele>1126.5</ele>
   </trkpt>
   <trkpt lat="-29.7584700" lon="24.4552050">
    <ele>1126.5</ele>
   </trkpt>
   <trkpt lat="-29.7584380" lon="24.4551850">
    <ele>1126.4</ele>
   </trkpt>
   <trkpt lat="-29.7584080" lon="24.4551650">
    <ele>1126.3</ele>
   </trkpt>
   <trkpt lat="-29.7583770" lon="24.4551450">
    <ele>1126.3</ele>
   </trkpt>
   <trkpt lat="-29.7583480" lon="24.4551220">
    <ele>1126.3</ele>
   </trkpt>
   <trkpt lat="-29.7583180" lon="24.4551020">
    <ele>1126.2</ele>
   </trkpt>
   <trkpt lat="-29.7582870" lon="24.4550830">
    <ele>1126.1</ele>
   </trkpt>
   <trkpt lat="-29.7582530" lon="24.4550680">
    <ele>1125.8</ele>
   </trkpt>
   <trkpt lat="-29.7582230" lon="24.4550520">
    <ele>1125.5</ele>
   </trkpt>
   <trkpt lat="-29.7581900" lon="24.4550300">
    <ele>1125.0</ele>
   </trkpt>
   <trkpt lat="-29.7581580" lon="24.4550100">
    <ele>1125.0</ele>
   </trkpt>
   <trkpt lat="-29.7581250" lon="24.4549900">
    <ele>1124.7</ele>
   </trkpt>
   <trkpt lat="-29.7580920" lon="24.4549720">
    <ele>1124.4</ele>
   </trkpt>
   <trkpt lat="-29.7580600" lon="24.4549550">
    <ele>1124.6</ele>
   </trkpt>
   <trkpt lat="-29.7580300" lon="24.4549350">
    <ele>1124.7</ele>
   </trkpt>
   <trkpt lat="-29.7579980" lon="24.4549150">
    <ele>1125.3</ele>
   </trkpt>
   <trkpt lat="-29.7579700" lon="24.4548920">
    <ele>1125.3</ele>
   </trkpt>
   <trkpt lat="-29.7579320" lon="24.4548700">
    <ele>1125.9</ele>
   </trkpt>
   <trkpt lat="-29.7579030" lon="24.4548500">
    <ele>1125.9</ele>
   </trkpt>
   <trkpt lat="-29.7578770" lon="24.4548270">
    <ele>1126.2</ele>
   </trkpt>
   <trkpt lat="-29.7578480" lon="24.4548000">
    <ele>1126.2</ele>
   </trkpt>
   <trkpt lat="-29.7578200" lon="24.4547770">
    <ele>1126.4</ele>
   </trkpt>
   <trkpt lat="-29.7577880" lon="24.4547530">
    <ele>1126.4</ele>
   </trkpt>
   <trkpt lat="-29.7577580" lon="24.4547320">
    <ele>1126.4</ele>
   </trkpt>
   <trkpt lat="-29.7577300" lon="24.4547080">
    <ele>1126.2</ele>
   </trkpt>
   <trkpt lat="-29.7577030" lon="24.4546830">
    <ele>1126.3</ele>
   </trkpt>
   <trkpt lat="-29.7576800" lon="24.4546570">
    <ele>1126.2</ele>
   </trkpt>
   <trkpt lat="-29.7576580" lon="24.4546270">
    <ele>1126.3</ele>
   </trkpt>
   <trkpt lat="-29.7576330" lon="24.4545970">
    <ele>1126.2</ele>
   </trkpt>
   <trkpt lat="-29.7576080" lon="24.4545680">
    <ele>1126.0</ele>
   </trkpt>
   <trkpt lat="-29.7575850" lon="24.4545400">
    <ele>1125.8</ele>
   </trkpt>
   <trkpt lat="-29.7575620" lon="24.4545120">
    <ele>1125.5</ele>
   </trkpt>
   <trkpt lat="-29.7575380" lon="24.4544870">
    <ele>1124.8</ele>
   </trkpt>
   <trkpt lat="-29.7575130" lon="24.4544620">
    <ele>1124.5</ele>
   </trkpt>
   <trkpt lat="-29.7574930" lon="24.4544350">
    <ele>1124.2</ele>
   </trkpt>
   <trkpt lat="-29.7574670" lon="24.4544120">
    <ele>1124.0</ele>
   </trkpt>
   <trkpt lat="-29.7574430" lon="24.4543870">
    <ele>1123.7</ele>
   </trkpt>
   <trkpt lat="-29.7574200" lon="24.4543620">
    <ele>1123.4</ele>
   </trkpt>
   <trkpt lat="-29.7573950" lon="24.4543380">
    <ele>1123.6</ele>
   </trkpt>
   <trkpt lat="-29.7573730" lon="24.4543130">
    <ele>1123.7</ele>
   </trkpt>
   <trkpt lat="-29.7573500" lon="24.4542900">
    <ele>1123.7</ele>
   </trkpt>
   <trkpt lat="-29.7573270" lon="24.4542650">
    <ele>1123.8</ele>
   </trkpt>
   <trkpt lat="-29.7573070" lon="24.4542400">
    <ele>1123.8</ele>
   </trkpt>
   <trkpt lat="-29.7572870" lon="24.4542150">
    <ele>1123.9</ele>
   </trkpt>
   <trkpt lat="-29.7572620" lon="24.4541900">
    <ele>1123.7</ele>
   </trkpt>
   <trkpt lat="-29.7572370" lon="24.4541630">
    <ele>1124.1</ele>
   </trkpt>
   <trkpt lat="-29.7572120" lon="24.4541380">
    <ele>1124.4</ele>
   </trkpt>
   <trkpt lat="-29.7571830" lon="24.4541170">
    <ele>1125.0</ele>
   </trkpt>
   <trkpt lat="-29.7571550" lon="24.4540970">
    <ele>1124.7</ele>
   </trkpt>
   <trkpt lat="-29.7571270" lon="24.4540700">
    <ele>1125.2</ele>
   </trkpt>
   <trkpt lat="-29.7571030" lon="24.4540420">
    <ele>1125.5</ele>
   </trkpt>
   <trkpt lat="-29.7570750" lon="24.4540170">
    <ele>1126.0</ele>
   </trkpt>
   <trkpt lat="-29.7570450" lon="24.4539930">
    <ele>1126.0</ele>
   </trkpt>
   <trkpt lat="-29.7570170" lon="24.4539680">
    <ele>1126.7</ele>
   </trkpt>
   <trkpt lat="-29.7569880" lon="24.4539430">
    <ele>1127.4</ele>
   </trkpt>
   <trkpt lat="-29.7569620" lon="24.4539200">
    <ele>1127.8</ele>
   </trkpt>
   <trkpt lat="-29.7569330" lon="24.4538970">
    <ele>1127.8</ele>
   </trkpt>
   <trkpt lat="-29.7569120" lon="24.4538750">
    <ele>1127.9</ele>
   </trkpt>
   <trkpt lat="-29.7568900" lon="24.4538480">
    <ele>1127.6</ele>
   </trkpt>
   <trkpt lat="-29.7568670" lon="24.4538230">
    <ele>1127.7</ele>
   </trkpt>
   <trkpt lat="-29.7568420" lon="24.4537970">
    <ele>1127.3</ele>
   </trkpt>
   <trkpt lat="-29.7568170" lon="24.4537720">
    <ele>1127.3</ele>
   </trkpt>
   <trkpt lat="-29.7567900" lon="24.4537470">
    <ele>1126.7</ele>
   </trkpt>
   <trkpt lat="-29.7567670" lon="24.4537200">
    <ele>1126.0</ele>
   </trkpt>
   <trkpt lat="-29.7567380" lon="24.4536950">
    <ele>1125.9</ele>
   </trkpt>
   <trkpt lat="-29.7567130" lon="24.4536650">
    <ele>1125.6</ele>
   </trkpt>
   <trkpt lat="-29.7566880" lon="24.4536350">
    <ele>1125.3</ele>
   </trkpt>
   <trkpt lat="-29.7566600" lon="24.4536070">
    <ele>1125.3</ele>
   </trkpt>
   <trkpt lat="-29.7566280" lon="24.4535820">
    <ele>1124.9</ele>
   </trkpt>
   <trkpt lat="-29.7566000" lon="24.4535570">
    <ele>1124.9</ele>
   </trkpt>
   <trkpt lat="-29.7565650" lon="24.4535320">
    <ele>1124.3</ele>
   </trkpt>
   <trkpt lat="-29.7565380" lon="24.4535070">
    <ele>1124.2</ele>
   </trkpt>
   <trkpt lat="-29.7565150" lon="24.4534800">
    <ele>1123.8</ele>
   </trkpt>
   <trkpt lat="-29.7564900" lon="24.4534530">
    <ele>1123.4</ele>
   </trkpt>
   <trkpt lat="-29.7564650" lon="24.4534280">
    <ele>1123.7</ele>
   </trkpt>
   <trkpt lat="-29.7564380" lon="24.4534000">
    <ele>1123.9</ele>
   </trkpt>
   <trkpt lat="-29.7564100" lon="24.4533730">
    <ele>1123.8</ele>
   </trkpt>
   <trkpt lat="-29.7563850" lon="24.4533430">
    <ele>1124.2</ele>
   </trkpt>
   <trkpt lat="-29.7563570" lon="24.4533170">
    <ele>1124.5</ele>
   </trkpt>
   <trkpt lat="-29.7563300" lon="24.4532920">
    <ele>1124.8</ele>
   </trkpt>
   <trkpt lat="-29.7563050" lon="24.4532650">
    <ele>1124.7</ele>
   </trkpt>
   <trkpt lat="-29.7562800" lon="24.4532380">
    <ele>1125.0</ele>
   </trkpt>
   <trkpt lat="-29.7562520" lon="24.4532120">
    <ele>1125.2</ele>
   </trkpt>
   <trkpt lat="-29.7562250" lon="24.4531870">
    <ele>1125.2</ele>
   </trkpt>
   <trkpt lat="-29.7561970" lon="24.4531620">
    <ele>1125.5</ele>
   </trkpt>
   <trkpt lat="-29.7561680" lon="24.4531370">
    <ele>1125.9</ele>
   </trkpt>
   <trkpt lat="-29.7561420" lon="24.4531100">
    <ele>1126.1</ele>
   </trkpt>
   <trkpt lat="-29.7561120" lon="24.4530850">
    <ele>1126.1</ele>
   </trkpt>
   <trkpt lat="-29.7560830" lon="24.4530600">
    <ele>1126.0</ele>
   </trkpt>
   <trkpt lat="-29.7560550" lon="24.4530320">
    <ele>1125.6</ele>
   </trkpt>
   <trkpt lat="-29.7560270" lon="24.4530030">
    <ele>1125.3</ele>
   </trkpt>
   <trkpt lat="-29.7560000" lon="24.4529770">
    <ele>1125.1</ele>
   </trkpt>
   <trkpt lat="-29.7559680" lon="24.4529500">
    <ele>1124.7</ele>
   </trkpt>
   <trkpt lat="-29.7559420" lon="24.4529220">
    <ele>1124.1</ele>
   </trkpt>
   <trkpt lat="-29.7559170" lon="24.4528950">
    <ele>1123.6</ele>
   </trkpt>
   <trkpt lat="-29.7558920" lon="24.4528700">
    <ele>1123.6</ele>
   </trkpt>
   <trkpt lat="-29.7558650" lon="24.4528430">
    <ele>1123.3</ele>
   </trkpt>
   <trkpt lat="-29.7558380" lon="24.4528180">
    <ele>1123.2</ele>
   </trkpt>
   <trkpt lat="-29.7558100" lon="24.4527930">
    <ele>1123.2</ele>
   </trkpt>
   <trkpt lat="-29.7557800" lon="24.4527670">
    <ele>1123.1</ele>
   </trkpt>
   <trkpt lat="-29.7557500" lon="24.4527380">
    <ele>1122.9</ele>
   </trkpt>
   <trkpt lat="-29.7557230" lon="24.4527080">
    <ele>1122.4</ele>
   </trkpt>
   <trkpt lat="-29.7556980" lon="24.4526820">
    <ele>1122.2</ele>
   </trkpt>
   <trkpt lat="-29.7556730" lon="24.4526530">
    <ele>1122.0</ele>
   </trkpt>
   <trkpt lat="-29.7556500" lon="24.4526230">
    <ele>1122.0</ele>
   </trkpt>
   <trkpt lat="-29.7556320" lon="24.4525950">
    <ele>1122.1</ele>
   </trkpt>
   <trkpt lat="-29.7556120" lon="24.4525650">
    <ele>1122.1</ele>
   </trkpt>
   <trkpt lat="-29.7555920" lon="24.4525330">
    <ele>1122.1</ele>
   </trkpt>
   <trkpt lat="-29.7555730" lon="24.4525030">
    <ele>1122.1</ele>
   </trkpt>
   <trkpt lat="-29.7555580" lon="24.4524700">
    <ele>1122.0</ele>
   </trkpt>
   <trkpt lat="-29.7555430" lon="24.4524350">
    <ele>1122.0</ele>
   </trkpt>
   <trkpt lat="-29.7555350" lon="24.4523950">
    <ele>1122.0</ele>
   </trkpt>
   <trkpt lat="-29.7555270" lon="24.4523550">
    <ele>1122.1</ele>
   </trkpt>
   <trkpt lat="-29.7555170" lon="24.4523120">
    <ele>1122.3</ele>
   </trkpt>
   <trkpt lat="-29.7555070" lon="24.4522680">
    <ele>1122.8</ele>
   </trkpt>
   <trkpt lat="-29.7554980" lon="24.4522230">
    <ele>1123.1</ele>
   </trkpt>
   <trkpt lat="-29.7554930" lon="24.4521830">
    <ele>1123.4</ele>
   </trkpt>
   <trkpt lat="-29.7554880" lon="24.4521430">
    <ele>1123.6</ele>
   </trkpt>
   <trkpt lat="-29.7554830" lon="24.4521030">
    <ele>1123.9</ele>
   </trkpt>
   <trkpt lat="-29.7554750" lon="24.4520630">
    <ele>1124.0</ele>
   </trkpt>
   <trkpt lat="-29.7554700" lon="24.4520250">
    <ele>1124.1</ele>
   </trkpt>
   <trkpt lat="-29.7554680" lon="24.4519870">
    <ele>1124.2</ele>
   </trkpt>
   <trkpt lat="-29.7554670" lon="24.4519430">
    <ele>1124.2</ele>
   </trkpt>
   <trkpt lat="-29.7554620" lon="24.4519020">
    <ele>1124.2</ele>
   </trkpt>
   <trkpt lat="-29.7554580" lon="24.4518580">
    <ele>1124.1</ele>
   </trkpt>
   <trkpt lat="-29.7554550" lon="24.4518150">
    <ele>1124.0</ele>
   </trkpt>
   <trkpt lat="-29.7554520" lon="24.4517720">
    <ele>1123.9</ele>
   </trkpt>
   <trkpt lat="-29.7554480" lon="24.4517280">
    <ele>1123.8</ele>
   </trkpt>
   <trkpt lat="-29.7554430" lon="24.4516870">
    <ele>1123.8</ele>
   </trkpt>
   <trkpt lat="-29.7554400" lon="24.4516450">
    <ele>1123.9</ele>
   </trkpt>
   <trkpt lat="-29.7554330" lon="24.4516030">
    <ele>1123.8</ele>
   </trkpt>
   <trkpt lat="-29.7554280" lon="24.4515600">
    <ele>1124.1</ele>
   </trkpt>
   <trkpt lat="-29.7554220" lon="24.4515220">
    <ele>1124.3</ele>
   </trkpt>
   <trkpt lat="-29.7554220" lon="24.4514850">
    <ele>1124.4</ele>
   </trkpt>
   <trkpt lat="-29.7554200" lon="24.4514470">
    <ele>1124.4</ele>
   </trkpt>
   <trkpt lat="-29.7554170" lon="24.4514100">
    <ele>1124.5</ele>
   </trkpt>
   <trkpt lat="-29.7554150" lon="24.4513750">
    <ele>1124.7</ele>
   </trkpt>
   <trkpt lat="-29.7554150" lon="24.4513420">
    <ele>1124.8</ele>
   </trkpt>
   <trkpt lat="-29.7554130" lon="24.4513070">
    <ele>1125.0</ele>
   </trkpt>
   <trkpt lat="-29.7554080" lon="24.4512700">
    <ele>1125.2</ele>
   </trkpt>
   <trkpt lat="-29.7554030" lon="24.4512330">
    <ele>1125.2</ele>
   </trkpt>
   <trkpt lat="-29.7554020" lon="24.4511920">
    <ele>1125.5</ele>
   </trkpt>
   <trkpt lat="-29.7553980" lon="24.4511530">
    <ele>1126.0</ele>
   </trkpt>
   <trkpt lat="-29.7553980" lon="24.4511150">
    <ele>1126.3</ele>
   </trkpt>
   <trkpt lat="-29.7553930" lon="24.4510750">
    <ele>1126.6</ele>
   </trkpt>
   <trkpt lat="-29.7553920" lon="24.4510380">
    <ele>1126.9</ele>
   </trkpt>
   <trkpt lat="-29.7553900" lon="24.4510000">
    <ele>1127.0</ele>
   </trkpt>
   <trkpt lat="-29.7553870" lon="24.4509670">
    <ele>1127.1</ele>
   </trkpt>
   <trkpt lat="-29.7553830" lon="24.4509300">
    <ele>1127.1</ele>
   </trkpt>
   <trkpt lat="-29.7553780" lon="24.4508900">
    <ele>1127.1</ele>
   </trkpt>
   <trkpt lat="-29.7553770" lon="24.4508480">
    <ele>1127.0</ele>
   </trkpt>
   <trkpt lat="-29.7553750" lon="24.4508080">
    <ele>1126.8</ele>
   </trkpt>
   <trkpt lat="-29.7553720" lon="24.4507700">
    <ele>1126.7</ele>
   </trkpt>
   <trkpt lat="-29.7553670" lon="24.4507320">
    <ele>1126.4</ele>
   </trkpt>
   <trkpt lat="-29.7553620" lon="24.4506930">
    <ele>1126.2</ele>
   </trkpt>
   <trkpt lat="-29.7553550" lon="24.4506500">
    <ele>1125.9</ele>
   </trkpt>
   <trkpt lat="-29.7553500" lon="24.4506100">
    <ele>1125.6</ele>
   </trkpt>
   <trkpt lat="-29.7553420" lon="24.4505720">
    <ele>1125.4</ele>
   </trkpt>
   <trkpt lat="-29.7553280" lon="24.4505370">
    <ele>1125.2</ele>
   </trkpt>
   <trkpt lat="-29.7553170" lon="24.4504980">
    <ele>1124.9</ele>
   </trkpt>
   <trkpt lat="-29.7553020" lon="24.4504620">
    <ele>1124.9</ele>
   </trkpt>
   <trkpt lat="-29.7552880" lon="24.4504250">
    <ele>1124.7</ele>
   </trkpt>
   <trkpt lat="-29.7552800" lon="24.4503900">
    <ele>1124.5</ele>
   </trkpt>
   <trkpt lat="-29.7552640" lon="24.4503600">
    <ele>1124.3</ele>
   </trkpt>
   <trkpt lat="-29.7552600" lon="24.4503530">
    <ele>1124.3</ele>
   </trkpt>
   <trkpt lat="-29.7552490" lon="24.4503320">
    <ele>1124.2</ele>
   </trkpt>
   <trkpt lat="-29.7552440" lon="24.4503220">
    <ele>1124.1</ele>
   </trkpt>
   <trkpt lat="-29.7552380" lon="24.4503130">
    <ele>1124.1</ele>
   </trkpt>
   <trkpt lat="-29.7552330" lon="24.4503030">
    <ele>1124.1</ele>
   </trkpt>
   <trkpt lat="-29.7552270" lon="24.4502930">
    <ele>1124.1</ele>
   </trkpt>
   <trkpt lat="-29.7552220" lon="24.4502830">
    <ele>1124.0</ele>
   </trkpt>
   <trkpt lat="-29.7552160" lon="24.4502740">
    <ele>1124.0</ele>
   </trkpt>
   <trkpt lat="-29.7552110" lon="24.4502640">
    <ele>1124.0</ele>
   </trkpt>
   <trkpt lat="-29.7552050" lon="24.4502540">
    <ele>1124.0</ele>
   </trkpt>
   <trkpt lat="-29.7552000" lon="24.4502440">
    <ele>1124.1</ele>
   </trkpt>
   <trkpt lat="-29.7551940" lon="24.4502350">
    <ele>1124.1</ele>
   </trkpt>
   <trkpt lat="-29.7551890" lon="24.4502250">
    <ele>1124.1</ele>
   </trkpt>
   <trkpt lat="-29.7551830" lon="24.4502150">
    <ele>1124.1</ele>
   </trkpt>
   <trkpt lat="-29.7551620" lon="24.4501930">
    <ele>1124.1</ele>
   </trkpt>
   <trkpt lat="-29.7551370" lon="24.4501730">
    <ele>1124.1</ele>
   </trkpt>
   <trkpt lat="-29.7551040" lon="24.4501450">
    <ele>1124.1</ele>
   </trkpt>
   <trkpt lat="-29.7550930" lon="24.4501350">
    <ele>1124.1</ele>
   </trkpt>
   <trkpt lat="-29.7550670" lon="24.4501150">
    <ele>1124.1</ele>
   </trkpt>
   <trkpt lat="-29.7550420" lon="24.4500980">
    <ele>1124.1</ele>
   </trkpt>
   <trkpt lat="-29.7550170" lon="24.4500820">
    <ele>1124.1</ele>
   </trkpt>
   <trkpt lat="-29.7549790" lon="24.4500600">
    <ele>1124.1</ele>
   </trkpt>
   <trkpt lat="-29.7549650" lon="24.4500530">
    <ele>1124.1</ele>
   </trkpt>
   <trkpt lat="-29.7549370" lon="24.4500420">
    <ele>1124.0</ele>
   </trkpt>
   <trkpt lat="-29.7548990" lon="24.4500290">
    <ele>1124.0</ele>
   </trkpt>
   <trkpt lat="-29.7548850" lon="24.4500270">
    <ele>1124.0</ele>
   </trkpt>
   <trkpt lat="-29.7548500" lon="24.4500250">
    <ele>1123.9</ele>
   </trkpt>
   <trkpt lat="-29.7548170" lon="24.4500250">
    <ele>1123.9</ele>
   </trkpt>
   <trkpt lat="-29.7547830" lon="24.4500320">
    <ele>1123.9</ele>
   </trkpt>
   <trkpt lat="-29.7547530" lon="24.4500430">
    <ele>1124.0</ele>
   </trkpt>
   <trkpt lat="-29.7547270" lon="24.4500550">
    <ele>1124.0</ele>
   </trkpt>
   <trkpt lat="-29.7546950" lon="24.4500680">
    <ele>1124.0</ele>
   </trkpt>
   <trkpt lat="-29.7546670" lon="24.4500820">
    <ele>1123.9</ele>
   </trkpt>
   <trkpt lat="-29.7546330" lon="24.4500970">
    <ele>1123.9</ele>
   </trkpt>
   <trkpt lat="-29.7545980" lon="24.4501150">
    <ele>1123.8</ele>
   </trkpt>
   <trkpt lat="-29.7545650" lon="24.4501320">
    <ele>1123.9</ele>
   </trkpt>
   <trkpt lat="-29.7545330" lon="24.4501520">
    <ele>1123.9</ele>
   </trkpt>
   <trkpt lat="-29.7545030" lon="24.4501680">
    <ele>1124.1</ele>
   </trkpt>
   <trkpt lat="-29.7544730" lon="24.4501850">
    <ele>1124.1</ele>
   </trkpt>
   <trkpt lat="-29.7544400" lon="24.4501980">
    <ele>1124.2</ele>
   </trkpt>
   <trkpt lat="-29.7544070" lon="24.4502120">
    <ele>1124.5</ele>
   </trkpt>
   <trkpt lat="-29.7543770" lon="24.4502220">
    <ele>1124.5</ele>
   </trkpt>
   <trkpt lat="-29.7543450" lon="24.4502300">
    <ele>1124.4</ele>
   </trkpt>
   <trkpt lat="-29.7543100" lon="24.4502330">
    <ele>1124.1</ele>
   </trkpt>
   <trkpt lat="-29.7542750" lon="24.4502350">
    <ele>1123.7</ele>
   </trkpt>
   <trkpt lat="-29.7542400" lon="24.4502350">
    <ele>1123.4</ele>
   </trkpt>
   <trkpt lat="-29.7542050" lon="24.4502270">
    <ele>1123.2</ele>
   </trkpt>
   <trkpt lat="-29.7541780" lon="24.4502170">
    <ele>1123.1</ele>
   </trkpt>
   <trkpt lat="-29.7541500" lon="24.4502030">
    <ele>1123.2</ele>
   </trkpt>
   <trkpt lat="-29.7541220" lon="24.4501900">
    <ele>1123.4</ele>
   </trkpt>
   <trkpt lat="-29.7540950" lon="24.4501650">
    <ele>1123.4</ele>
   </trkpt>
   <trkpt lat="-29.7540700" lon="24.4501380">
    <ele>1123.6</ele>
   </trkpt>
   <trkpt lat="-29.7540480" lon="24.4501100">
    <ele>1123.6</ele>
   </trkpt>
   <trkpt lat="-29.7540270" lon="24.4500800">
    <ele>1123.6</ele>
   </trkpt>
   <trkpt lat="-29.7540030" lon="24.4500480">
    <ele>1123.4</ele>
   </trkpt>
   <trkpt lat="-29.7539830" lon="24.4500150">
    <ele>1123.1</ele>
   </trkpt>
   <trkpt lat="-29.7539650" lon="24.4499800">
    <ele>1122.7</ele>
   </trkpt>
   <trkpt lat="-29.7539430" lon="24.4499450">
    <ele>1122.7</ele>
   </trkpt>
   <trkpt lat="-29.7539180" lon="24.4499100">
    <ele>1122.4</ele>
   </trkpt>
   <trkpt lat="-29.7538930" lon="24.4498730">
    <ele>1122.2</ele>
   </trkpt>
   <trkpt lat="-29.7538670" lon="24.4498380">
    <ele>1122.3</ele>
   </trkpt>
   <trkpt lat="-29.7538380" lon="24.4498070">
    <ele>1122.2</ele>
   </trkpt>
   <trkpt lat="-29.7538130" lon="24.4497770">
    <ele>1122.7</ele>
   </trkpt>
   <trkpt lat="-29.7537930" lon="24.4497470">
    <ele>1123.0</ele>
   </trkpt>
   <trkpt lat="-29.7537660" lon="24.4497130">
    <ele>1122.8</ele>
   </trkpt>
   <trkpt lat="-29.7537550" lon="24.4497030">
    <ele>1123.2</ele>
   </trkpt>
   <trkpt lat="-29.7537350" lon="24.4496800">
    <ele>1123.0</ele>
   </trkpt>
   <trkpt lat="-29.7537180" lon="24.4496530">
    <ele>1123.4</ele>
   </trkpt>
   <trkpt lat="-29.7537000" lon="24.4496250">
    <ele>1123.2</ele>
   </trkpt>
   <trkpt lat="-29.7536800" lon="24.4495970">
    <ele>1123.7</ele>
   </trkpt>
   <trkpt lat="-29.7536520" lon="24.4495650">
    <ele>1123.7</ele>
   </trkpt>
   <trkpt lat="-29.7536270" lon="24.4495300">
    <ele>1124.2</ele>
   </trkpt>
   <trkpt lat="-29.7536030" lon="24.4494980">
    <ele>1124.8</ele>
   </trkpt>
   <trkpt lat="-29.7535830" lon="24.4494680">
    <ele>1124.8</ele>
   </trkpt>
   <trkpt lat="-29.7535630" lon="24.4494400">
    <ele>1125.4</ele>
   </trkpt>
   <trkpt lat="-29.7535420" lon="24.4494070">
    <ele>1125.4</ele>
   </trkpt>
   <trkpt lat="-29.7535220" lon="24.4493750">
    <ele>1125.7</ele>
   </trkpt>
   <trkpt lat="-29.7535020" lon="24.4493450">
    <ele>1125.7</ele>
   </trkpt>
   <trkpt lat="-29.7534820" lon="24.4493170">
    <ele>1125.8</ele>
   </trkpt>
   <trkpt lat="-29.7534630" lon="24.4492880">
    <ele>1125.6</ele>
   </trkpt>
   <trkpt lat="-29.7534480" lon="24.4492620">
    <ele>1125.8</ele>
   </trkpt>
   <trkpt lat="-29.7534300" lon="24.4492330">
    <ele>1125.6</ele>
   </trkpt>
   <trkpt lat="-29.7534130" lon="24.4492050">
    <ele>1125.5</ele>
   </trkpt>
   <trkpt lat="-29.7533970" lon="24.4491750">
    <ele>1125.5</ele>
   </trkpt>
   <trkpt lat="-29.7533780" lon="24.4491480">
    <ele>1125.3</ele>
   </trkpt>
   <trkpt lat="-29.7533600" lon="24.4491200">
    <ele>1124.8</ele>
   </trkpt>
   <trkpt lat="-29.7533400" lon="24.4490880">
    <ele>1124.8</ele>
   </trkpt>
   <trkpt lat="-29.7533180" lon="24.4490580">
    <ele>1124.4</ele>
   </trkpt>
   <trkpt lat="-29.7532970" lon="24.4490280">
    <ele>1124.2</ele>
   </trkpt>
   <trkpt lat="-29.7532800" lon="24.4489980">
    <ele>1124.0</ele>
   </trkpt>
   <trkpt lat="-29.7532620" lon="24.4489700">
    <ele>1124.1</ele>
   </trkpt>
   <trkpt lat="-29.7532470" lon="24.4489380">
    <ele>1123.9</ele>
   </trkpt>
   <trkpt lat="-29.7532300" lon="24.4489100">
    <ele>1123.9</ele>
   </trkpt>
   <trkpt lat="-29.7532050" lon="24.4488740">
    <ele>1123.9</ele>
   </trkpt>
   <trkpt lat="-29.7531950" lon="24.4488630">
    <ele>1124.0</ele>
   </trkpt>
   <trkpt lat="-29.7531700" lon="24.4488310">
    <ele>1124.0</ele>
   </trkpt>
   <trkpt lat="-29.7531620" lon="24.4488200">
    <ele>1124.0</ele>
   </trkpt>
   <trkpt lat="-29.7531450" lon="24.4487930">
    <ele>1124.0</ele>
   </trkpt>
   <trkpt lat="-29.7531250" lon="24.4487650">
    <ele>1123.8</ele>
   </trkpt>
   <trkpt lat="-29.7531050" lon="24.4487370">
    <ele>1123.6</ele>
   </trkpt>
   <trkpt lat="-29.7530880" lon="24.4487080">
    <ele>1123.5</ele>
   </trkpt>
   <trkpt lat="-29.7530680" lon="24.4486820">
    <ele>1123.3</ele>
   </trkpt>
   <trkpt lat="-29.7530520" lon="24.4486570">
    <ele>1123.2</ele>
   </trkpt>
   <trkpt lat="-29.7530300" lon="24.4486320">
    <ele>1123.1</ele>
   </trkpt>
   <trkpt lat="-29.7530100" lon="24.4486070">
    <ele>1123.0</ele>
   </trkpt>
   <trkpt lat="-29.7529920" lon="24.4485800">
    <ele>1123.0</ele>
   </trkpt>
   <trkpt lat="-29.7529700" lon="24.4485500">
    <ele>1122.7</ele>
   </trkpt>
   <trkpt lat="-29.7529530" lon="24.4485200">
    <ele>1122.7</ele>
   </trkpt>
   <trkpt lat="-29.7529400" lon="24.4484900">
    <ele>1122.7</ele>
   </trkpt>
   <trkpt lat="-29.7529250" lon="24.4484580">
    <ele>1122.4</ele>
   </trkpt>
   <trkpt lat="-29.7529120" lon="24.4484280">
    <ele>1122.5</ele>
   </trkpt>
   <trkpt lat="-29.7528950" lon="24.4484000">
    <ele>1122.2</ele>
   </trkpt>
   <trkpt lat="-29.7528730" lon="24.4483720">
    <ele>1122.6</ele>
   </trkpt>
   <trkpt lat="-29.7528500" lon="24.4483470">
    <ele>1123.1</ele>
   </trkpt>
   <trkpt lat="-29.7528270" lon="24.4483200">
    <ele>1123.1</ele>
   </trkpt>
   <trkpt lat="-29.7528050" lon="24.4482950">
    <ele>1123.6</ele>
   </trkpt>
   <trkpt lat="-29.7527820" lon="24.4482680">
    <ele>1124.0</ele>
   </trkpt>
   <trkpt lat="-29.7527630" lon="24.4482370">
    <ele>1124.0</ele>
   </trkpt>
   <trkpt lat="-29.7527470" lon="24.4482020">
    <ele>1124.2</ele>
   </trkpt>
   <trkpt lat="-29.7527350" lon="24.4481650">
    <ele>1124.3</ele>
   </trkpt>
   <trkpt lat="-29.7527270" lon="24.4481280">
    <ele>1124.5</ele>
   </trkpt>
   <trkpt lat="-29.7527220" lon="24.4480930">
    <ele>1124.8</ele>
   </trkpt>
   <trkpt lat="-29.7527200" lon="24.4480580">
    <ele>1124.8</ele>
   </trkpt>
   <trkpt lat="-29.7527270" lon="24.4480200">
    <ele>1125.1</ele>
   </trkpt>
   <trkpt lat="-29.7527330" lon="24.4479830">
    <ele>1125.5</ele>
   </trkpt>
   <trkpt lat="-29.7527420" lon="24.4479430">
    <ele>1126.0</ele>
   </trkpt>
   <trkpt lat="-29.7527570" lon="24.4479100">
    <ele>1126.3</ele>
   </trkpt>
   <trkpt lat="-29.7527720" lon="24.4478770">
    <ele>1126.9</ele>
   </trkpt>
   <trkpt lat="-29.7527920" lon="24.4478430">
    <ele>1126.7</ele>
   </trkpt>
   <trkpt lat="-29.7528100" lon="24.4478120">
    <ele>1127.3</ele>
   </trkpt>
   <trkpt lat="-29.7528320" lon="24.4477770">
    <ele>1127.5</ele>
   </trkpt>
   <trkpt lat="-29.7528570" lon="24.4477430">
    <ele>1127.9</ele>
   </trkpt>
   <trkpt lat="-29.7528800" lon="24.4477120">
    <ele>1127.7</ele>
   </trkpt>
   <trkpt lat="-29.7529030" lon="24.4476770">
    <ele>1127.1</ele>
   </trkpt>
   <trkpt lat="-29.7529250" lon="24.4476380">
    <ele>1127.3</ele>
   </trkpt>
   <trkpt lat="-29.7529430" lon="24.4475980">
    <ele>1127.0</ele>
   </trkpt>
   <trkpt lat="-29.7529630" lon="24.4475600">
    <ele>1127.4</ele>
   </trkpt>
   <trkpt lat="-29.7529820" lon="24.4475300">
    <ele>1127.4</ele>
   </trkpt>
   <trkpt lat="-29.7529980" lon="24.4474970">
    <ele>1128.0</ele>
   </trkpt>
   <trkpt lat="-29.7530150" lon="24.4474650">
    <ele>1127.4</ele>
   </trkpt>
   <trkpt lat="-29.7530300" lon="24.4474320">
    <ele>1127.8</ele>
   </trkpt>
   <trkpt lat="-29.7530470" lon="24.4473970">
    <ele>1128.1</ele>
   </trkpt>
   <trkpt lat="-29.7530630" lon="24.4473620">
    <ele>1127.6</ele>
   </trkpt>
   <trkpt lat="-29.7530800" lon="24.4473320">
    <ele>1127.6</ele>
   </trkpt>
   <trkpt lat="-29.7530980" lon="24.4473000">
    <ele>1127.0</ele>
   </trkpt>
   <trkpt lat="-29.7531150" lon="24.4472670">
    <ele>1127.1</ele>
   </trkpt>
   <trkpt lat="-29.7531330" lon="24.4472330">
    <ele>1126.8</ele>
   </trkpt>
   <trkpt lat="-29.7531500" lon="24.4471980">
    <ele>1126.8</ele>
   </trkpt>
   <trkpt lat="-29.7531670" lon="24.4471620">
    <ele>1126.4</ele>
   </trkpt>
   <trkpt lat="-29.7531830" lon="24.4471280">
    <ele>1126.4</ele>
   </trkpt>
   <trkpt lat="-29.7531980" lon="24.4470970">
    <ele>1126.4</ele>
   </trkpt>
   <trkpt lat="-29.7532120" lon="24.4470620">
    <ele>1125.7</ele>
   </trkpt>
   <trkpt lat="-29.7532280" lon="24.4470270">
    <ele>1125.7</ele>
   </trkpt>
   <trkpt lat="-29.7532430" lon="24.4469900">
    <ele>1125.1</ele>
   </trkpt>
   <trkpt lat="-29.7532580" lon="24.4469530">
    <ele>1125.1</ele>
   </trkpt>
   <trkpt lat="-29.7532700" lon="24.4469200">
    <ele>1125.1</ele>
   </trkpt>
   <trkpt lat="-29.7532820" lon="24.4468850">
    <ele>1124.8</ele>
   </trkpt>
   <trkpt lat="-29.7532920" lon="24.4468520">
    <ele>1124.8</ele>
   </trkpt>
   <trkpt lat="-29.7533020" lon="24.4468150">
    <ele>1124.8</ele>
   </trkpt>
   <trkpt lat="-29.7533100" lon="24.4467800">
    <ele>1124.9</ele>
   </trkpt>
   <trkpt lat="-29.7533200" lon="24.4467470">
    <ele>1124.4</ele>
   </trkpt>
   <trkpt lat="-29.7533280" lon="24.4467080">
    <ele>1124.2</ele>
   </trkpt>
   <trkpt lat="-29.7533350" lon="24.4466700">
    <ele>1124.0</ele>
   </trkpt>
   <trkpt lat="-29.7533420" lon="24.4466300">
    <ele>1123.7</ele>
   </trkpt>
   <trkpt lat="-29.7533480" lon="24.4465900">
    <ele>1123.5</ele>
   </trkpt>
   <trkpt lat="-29.7533570" lon="24.4465480">
    <ele>1123.3</ele>
   </trkpt>
   <trkpt lat="-29.7533630" lon="24.4465080">
    <ele>1123.4</ele>
   </trkpt>
   <trkpt lat="-29.7533700" lon="24.4464650">
    <ele>1123.5</ele>
   </trkpt>
   <trkpt lat="-29.7533750" lon="24.4464220">
    <ele>1123.7</ele>
   </trkpt>
   <trkpt lat="-29.7533820" lon="24.4463820">
    <ele>1123.8</ele>
   </trkpt>
   <trkpt lat="-29.7533920" lon="24.4463470">
    <ele>1123.2</ele>
   </trkpt>
   <trkpt lat="-29.7534020" lon="24.4463100">
    <ele>1123.2</ele>
   </trkpt>
   <trkpt lat="-29.7534120" lon="24.4462720">
    <ele>1123.1</ele>
   </trkpt>
   <trkpt lat="-29.7534180" lon="24.4462320">
    <ele>1123.1</ele>
   </trkpt>
   <trkpt lat="-29.7534270" lon="24.4461920">
    <ele>1122.7</ele>
   </trkpt>
   <trkpt lat="-29.7534380" lon="24.4461520">
    <ele>1122.9</ele>
   </trkpt>
   <trkpt lat="-29.7534520" lon="24.4461120">
    <ele>1123.2</ele>
   </trkpt>
   <trkpt lat="-29.7534650" lon="24.4460730">
    <ele>1123.0</ele>
   </trkpt>
   <trkpt lat="-29.7534800" lon="24.4460380">
    <ele>1123.2</ele>
   </trkpt>
   <trkpt lat="-29.7534970" lon="24.4460050">
    <ele>1123.2</ele>
   </trkpt>
   <trkpt lat="-29.7535150" lon="24.4459720">
    <ele>1122.8</ele>
   </trkpt>
   <trkpt lat="-29.7535350" lon="24.4459400">
    <ele>1122.9</ele>
   </trkpt>
   <trkpt lat="-29.7535570" lon="24.4459050">
    <ele>1122.3</ele>
   </trkpt>
   <trkpt lat="-29.7535780" lon="24.4458750">
    <ele>1121.6</ele>
   </trkpt>
   <trkpt lat="-29.7535980" lon="24.4458420">
    <ele>1121.7</ele>
   </trkpt>
   <trkpt lat="-29.7536200" lon="24.4458120">
    <ele>1121.2</ele>
   </trkpt>
   <trkpt lat="-29.7536400" lon="24.4457770">
    <ele>1121.5</ele>
   </trkpt>
   <trkpt lat="-29.7536580" lon="24.4457420">
    <ele>1121.0</ele>
   </trkpt>
   <trkpt lat="-29.7536770" lon="24.4457080">
    <ele>1121.3</ele>
   </trkpt>
   <trkpt lat="-29.7536900" lon="24.4456700">
    <ele>1121.2</ele>
   </trkpt>
   <trkpt lat="-29.7537000" lon="24.4456320">
    <ele>1121.5</ele>
   </trkpt>
   <trkpt lat="-29.7537080" lon="24.4455880">
    <ele>1121.7</ele>
   </trkpt>
   <trkpt lat="-29.7537150" lon="24.4455500">
    <ele>1122.0</ele>
   </trkpt>
   <trkpt lat="-29.7537230" lon="24.4455080">
    <ele>1121.7</ele>
   </trkpt>
   <trkpt lat="-29.7537300" lon="24.4454680">
    <ele>1121.8</ele>
   </trkpt>
   <trkpt lat="-29.7537370" lon="24.4454270">
    <ele>1121.8</ele>
   </trkpt>
   <trkpt lat="-29.7537480" lon="24.4453880">
    <ele>1121.8</ele>
   </trkpt>
   <trkpt lat="-29.7537600" lon="24.4453520">
    <ele>1121.6</ele>
   </trkpt>
   <trkpt lat="-29.7537730" lon="24.4453200">
    <ele>1121.6</ele>
   </trkpt>
   <trkpt lat="-29.7537870" lon="24.4452850">
    <ele>1121.6</ele>
   </trkpt>
   <trkpt lat="-29.7538050" lon="24.4452470">
    <ele>1121.3</ele>
   </trkpt>
   <trkpt lat="-29.7538230" lon="24.4452030">
    <ele>1121.3</ele>
   </trkpt>
   <trkpt lat="-29.7538430" lon="24.4451620">
    <ele>1121.0</ele>
   </trkpt>
   <trkpt lat="-29.7538650" lon="24.4451170">
    <ele>1121.0</ele>
   </trkpt>
   <trkpt lat="-29.7538880" lon="24.4450700">
    <ele>1120.8</ele>
   </trkpt>
   <trkpt lat="-29.7539130" lon="24.4450200">
    <ele>1120.6</ele>
   </trkpt>
   <trkpt lat="-29.7539380" lon="24.4449730">
    <ele>1120.5</ele>
   </trkpt>
   <trkpt lat="-29.7539600" lon="24.4449300">
    <ele>1120.0</ele>
   </trkpt>
   <trkpt lat="-29.7539820" lon="24.4448920">
    <ele>1119.6</ele>
   </trkpt>
   <trkpt lat="-29.7540030" lon="24.4448600">
    <ele>1119.1</ele>
   </trkpt>
   <trkpt lat="-29.7540250" lon="24.4448230">
    <ele>1118.7</ele>
   </trkpt>
   <trkpt lat="-29.7540450" lon="24.4447880">
    <ele>1118.6</ele>
   </trkpt>
   <trkpt lat="-29.7540630" lon="24.4447570">
    <ele>1118.3</ele>
   </trkpt>
   <trkpt lat="-29.7540800" lon="24.4447280">
    <ele>1118.3</ele>
   </trkpt>
   <trkpt lat="-29.7540950" lon="24.4447020">
    <ele>1118.1</ele>
   </trkpt>
   <trkpt lat="-29.7541170" lon="24.4446610">
    <ele>1118.3</ele>
   </trkpt>
   <trkpt lat="-29.7541250" lon="24.4446470">
    <ele>1118.3</ele>
   </trkpt>
   <trkpt lat="-29.7541420" lon="24.4446200">
    <ele>1118.2</ele>
   </trkpt>
   <trkpt lat="-29.7541650" lon="24.4445830">
    <ele>1118.2</ele>
   </trkpt>
   <trkpt lat="-29.7541720" lon="24.4445680">
    <ele>1118.3</ele>
   </trkpt>
   <trkpt lat="-29.7541940" lon="24.4445320">
    <ele>1118.6</ele>
   </trkpt>
   <trkpt lat="-29.7542000" lon="24.4445200">
    <ele>1118.6</ele>
   </trkpt>
   <trkpt lat="-29.7542210" lon="24.4444850">
    <ele>1118.4</ele>
   </trkpt>
   <trkpt lat="-29.7542280" lon="24.4444720">
    <ele>1118.4</ele>
   </trkpt>
   <trkpt lat="-29.7542440" lon="24.4444430">
    <ele>1118.1</ele>
   </trkpt>
   <trkpt lat="-29.7542480" lon="24.4444320">
    <ele>1118.1</ele>
   </trkpt>
   <trkpt lat="-29.7542590" lon="24.4443970">
    <ele>1118.4</ele>
   </trkpt>
   <trkpt lat="-29.7542620" lon="24.4443850">
    <ele>1118.4</ele>
   </trkpt>
   <trkpt lat="-29.7542700" lon="24.4443630">
    <ele>1118.7</ele>
   </trkpt>
   <trkpt lat="-29.7542780" lon="24.4443480">
    <ele>1118.7</ele>
   </trkpt>
   <trkpt lat="-29.7542870" lon="24.4443320">
    <ele>1118.1</ele>
   </trkpt>
   <trkpt lat="-29.7542930" lon="24.4443130">
    <ele>1118.3</ele>
   </trkpt>
   <trkpt lat="-29.7543000" lon="24.4442950">
    <ele>1118.3</ele>
   </trkpt>
   <trkpt lat="-29.7543080" lon="24.4442780">
    <ele>1118.5</ele>
   </trkpt>
   <trkpt lat="-29.7543180" lon="24.4442670">
    <ele>1118.5</ele>
   </trkpt>
   <trkpt lat="-29.7543280" lon="24.4442570">
    <ele>1118.1</ele>
   </trkpt>
   <trkpt lat="-29.7543420" lon="24.4442450">
    <ele>1118.1</ele>
   </trkpt>
   <trkpt lat="-29.7543550" lon="24.4442300">
    <ele>1118.3</ele>
   </trkpt>
   <trkpt lat="-29.7543790" lon="24.4442010">
    <ele>1118.1</ele>
   </trkpt>
   <trkpt lat="-29.7543870" lon="24.4441900">
    <ele>1118.3</ele>
   </trkpt>
   <trkpt lat="-29.7544200" lon="24.4441570">
    <ele>1118.1</ele>
   </trkpt>
   <trkpt lat="-29.7544330" lon="24.4441430">
    <ele>1118.2</ele>
   </trkpt>
   <trkpt lat="-29.7544600" lon="24.4441150">
    <ele>1118.2</ele>
   </trkpt>
   <trkpt lat="-29.7544880" lon="24.4440820">
    <ele>1118.2</ele>
   </trkpt>
   <trkpt lat="-29.7545170" lon="24.4440430">
    <ele>1118.0</ele>
   </trkpt>
   <trkpt lat="-29.7545420" lon="24.4440070">
    <ele>1117.6</ele>
   </trkpt>
   <trkpt lat="-29.7545650" lon="24.4439700">
    <ele>1117.6</ele>
   </trkpt>
   <trkpt lat="-29.7545870" lon="24.4439280">
    <ele>1117.0</ele>
   </trkpt>
   <trkpt lat="-29.7546070" lon="24.4438820">
    <ele>1117.0</ele>
   </trkpt>
   <trkpt lat="-29.7546230" lon="24.4438380">
    <ele>1116.6</ele>
   </trkpt>
   <trkpt lat="-29.7546400" lon="24.4437970">
    <ele>1116.8</ele>
   </trkpt>
   <trkpt lat="-29.7546600" lon="24.4437470">
    <ele>1116.6</ele>
   </trkpt>
   <trkpt lat="-29.7546800" lon="24.4437000">
    <ele>1116.7</ele>
   </trkpt>
   <trkpt lat="-29.7546980" lon="24.4436550">
    <ele>1116.5</ele>
   </trkpt>
   <trkpt lat="-29.7547150" lon="24.4436100">
    <ele>1116.7</ele>
   </trkpt>
   <trkpt lat="-29.7547320" lon="24.4435670">
    <ele>1116.4</ele>
   </trkpt>
   <trkpt lat="-29.7547450" lon="24.4435250">
    <ele>1116.7</ele>
   </trkpt>
   <trkpt lat="-29.7547580" lon="24.4434870">
    <ele>1117.0</ele>
   </trkpt>
   <trkpt lat="-29.7547700" lon="24.4434520">
    <ele>1116.9</ele>
   </trkpt>
   <trkpt lat="-29.7547780" lon="24.4434200">
    <ele>1117.3</ele>
   </trkpt>
   <trkpt lat="-29.7547920" lon="24.4433800">
    <ele>1117.3</ele>
   </trkpt>
   <trkpt lat="-29.7547950" lon="24.4433670">
    <ele>1117.5</ele>
   </trkpt>
   <trkpt lat="-29.7548090" lon="24.4433270">
    <ele>1117.5</ele>
   </trkpt>
   <trkpt lat="-29.7548120" lon="24.4433130">
    <ele>1117.5</ele>
   </trkpt>
   <trkpt lat="-29.7548200" lon="24.4432690">
    <ele>1117.4</ele>
   </trkpt>
   <trkpt lat="-29.7548230" lon="24.4432550">
    <ele>1117.4</ele>
   </trkpt>
   <trkpt lat="-29.7548300" lon="24.4432220">
    <ele>1117.1</ele>
   </trkpt>
   <trkpt lat="-29.7548370" lon="24.4431830">
    <ele>1116.8</ele>
   </trkpt>
   <trkpt lat="-29.7548420" lon="24.4431450">
    <ele>1116.1</ele>
   </trkpt>
   <trkpt lat="-29.7548430" lon="24.4431000">
    <ele>1115.7</ele>
   </trkpt>
   <trkpt lat="-29.7548420" lon="24.4430550">
    <ele>1115.5</ele>
   </trkpt>
   <trkpt lat="-29.7548380" lon="24.4430100">
    <ele>1116.2</ele>
   </trkpt>
   <trkpt lat="-29.7548330" lon="24.4429620">
    <ele>1116.2</ele>
   </trkpt>
   <trkpt lat="-29.7548270" lon="24.4429120">
    <ele>1116.3</ele>
   </trkpt>
   <trkpt lat="-29.7548130" lon="24.4428650">
    <ele>1116.4</ele>
   </trkpt>
   <trkpt lat="-29.7547970" lon="24.4428280">
    <ele>1116.7</ele>
   </trkpt>
   <trkpt lat="-29.7547730" lon="24.4427870">
    <ele>1116.7</ele>
   </trkpt>
   <trkpt lat="-29.7547380" lon="24.4427480">
    <ele>1116.7</ele>
   </trkpt>
   <trkpt lat="-29.7546950" lon="24.4427130">
    <ele>1116.7</ele>
   </trkpt>
   <trkpt lat="-29.7546530" lon="24.4426800">
    <ele>1116.7</ele>
   </trkpt>
   <trkpt lat="-29.7546050" lon="24.4426480">
    <ele>1116.8</ele>
   </trkpt>
   <trkpt lat="-29.7545530" lon="24.4426220">
    <ele>1117.0</ele>
   </trkpt>
   <trkpt lat="-29.7545030" lon="24.4425920">
    <ele>1117.7</ele>
   </trkpt>
   <trkpt lat="-29.7544550" lon="24.4425670">
    <ele>1117.9</ele>
   </trkpt>
   <trkpt lat="-29.7544050" lon="24.4425430">
    <ele>1118.1</ele>
   </trkpt>
   <trkpt lat="-29.7543630" lon="24.4425250">
    <ele>1118.2</ele>
   </trkpt>
   <trkpt lat="-29.7543280" lon="24.4425000">
    <ele>1118.0</ele>
   </trkpt>
   <trkpt lat="-29.7542920" lon="24.4424730">
    <ele>1117.7</ele>
   </trkpt>
   <trkpt lat="-29.7542480" lon="24.4424470">
    <ele>1117.7</ele>
   </trkpt>
   <trkpt lat="-29.7542050" lon="24.4424180">
    <ele>1117.3</ele>
   </trkpt>
   <trkpt lat="-29.7541680" lon="24.4423930">
    <ele>1117.4</ele>
   </trkpt>
   <trkpt lat="-29.7541330" lon="24.4423700">
    <ele>1116.8</ele>
   </trkpt>
   <trkpt lat="-29.7541020" lon="24.4423520">
    <ele>1117.0</ele>
   </trkpt>
   <trkpt lat="-29.7540730" lon="24.4423350">
    <ele>1116.8</ele>
   </trkpt>
   <trkpt lat="-29.7540480" lon="24.4423180">
    <ele>1117.1</ele>
   </trkpt>
   <trkpt lat="-29.7540250" lon="24.4423020">
    <ele>1116.7</ele>
   </trkpt>
   <trkpt lat="-29.7540000" lon="24.4422850">
    <ele>1117.0</ele>
   </trkpt>
   <trkpt lat="-29.7539680" lon="24.4422620">
    <ele>1116.9</ele>
   </trkpt>
   <trkpt lat="-29.7539570" lon="24.4422530">
    <ele>1116.9</ele>
   </trkpt>
   <trkpt lat="-29.7539270" lon="24.4422350">
    <ele>1117.1</ele>
   </trkpt>
   <trkpt lat="-29.7538970" lon="24.4422180">
    <ele>1117.4</ele>
   </trkpt>
   <trkpt lat="-29.7538680" lon="24.4422020">
    <ele>1117.9</ele>
   </trkpt>
   <trkpt lat="-29.7538400" lon="24.4421830">
    <ele>1117.9</ele>
   </trkpt>
   <trkpt lat="-29.7538130" lon="24.4421630">
    <ele>1118.5</ele>
   </trkpt>
   <trkpt lat="-29.7537850" lon="24.4421430">
    <ele>1119.1</ele>
   </trkpt>
   <trkpt lat="-29.7537620" lon="24.4421200">
    <ele>1119.1</ele>
   </trkpt>
   <trkpt lat="-29.7537400" lon="24.4420970">
    <ele>1119.6</ele>
   </trkpt>
   <trkpt lat="-29.7537170" lon="24.4420750">
    <ele>1119.7</ele>
   </trkpt>
   <trkpt lat="-29.7536950" lon="24.4420520">
    <ele>1119.7</ele>
   </trkpt>
   <trkpt lat="-29.7536730" lon="24.4420300">
    <ele>1119.7</ele>
   </trkpt>
   <trkpt lat="-29.7536520" lon="24.4420070">
    <ele>1119.7</ele>
   </trkpt>
   <trkpt lat="-29.7536280" lon="24.4419830">
    <ele>1119.7</ele>
   </trkpt>
   <trkpt lat="-29.7536030" lon="24.4419570">
    <ele>1119.7</ele>
   </trkpt>
   <trkpt lat="-29.7535800" lon="24.4419320">
    <ele>1119.7</ele>
   </trkpt>
   <trkpt lat="-29.7535570" lon="24.4419030">
    <ele>1119.6</ele>
   </trkpt>
   <trkpt lat="-29.7535300" lon="24.4418750">
    <ele>1119.6</ele>
   </trkpt>
   <trkpt lat="-29.7535030" lon="24.4418470">
    <ele>1119.6</ele>
   </trkpt>
   <trkpt lat="-29.7534780" lon="24.4418170">
    <ele>1119.7</ele>
   </trkpt>
   <trkpt lat="-29.7534570" lon="24.4417870">
    <ele>1119.7</ele>
   </trkpt>
   <trkpt lat="-29.7534320" lon="24.4417570">
    <ele>1119.7</ele>
   </trkpt>
   <trkpt lat="-29.7534050" lon="24.4417270">
    <ele>1119.4</ele>
   </trkpt>
   <trkpt lat="-29.7533780" lon="24.4416980">
    <ele>1118.7</ele>
   </trkpt>
   <trkpt lat="-29.7533530" lon="24.4416700">
    <ele>1118.7</ele>
   </trkpt>
   <trkpt lat="-29.7533320" lon="24.4416400">
    <ele>1118.1</ele>
   </trkpt>
   <trkpt lat="-29.7533080" lon="24.4416120">
    <ele>1117.7</ele>
   </trkpt>
   <trkpt lat="-29.7532900" lon="24.4415850">
    <ele>1117.7</ele>
   </trkpt>
   <trkpt lat="-29.7532700" lon="24.4415580">
    <ele>1117.6</ele>
   </trkpt>
   <trkpt lat="-29.7532480" lon="24.4415320">
    <ele>1117.5</ele>
   </trkpt>
   <trkpt lat="-29.7532270" lon="24.4415070">
    <ele>1117.7</ele>
   </trkpt>
   <trkpt lat="-29.7532030" lon="24.4414850">
    <ele>1117.7</ele>
   </trkpt>
   <trkpt lat="-29.7531830" lon="24.4414620">
    <ele>1118.0</ele>
   </trkpt>
   <trkpt lat="-29.7531570" lon="24.4414370">
    <ele>1118.5</ele>
   </trkpt>
   <trkpt lat="-29.7531370" lon="24.4414080">
    <ele>1118.5</ele>
   </trkpt>
   <trkpt lat="-29.7531150" lon="24.4413800">
    <ele>1118.9</ele>
   </trkpt>
   <trkpt lat="-29.7530930" lon="24.4413520">
    <ele>1118.9</ele>
   </trkpt>
   <trkpt lat="-29.7530700" lon="24.4413270">
    <ele>1119.3</ele>
   </trkpt>
   <trkpt lat="-29.7530480" lon="24.4413000">
    <ele>1119.5</ele>
   </trkpt>
   <trkpt lat="-29.7530280" lon="24.4412770">
    <ele>1119.5</ele>
   </trkpt>
   <trkpt lat="-29.7530030" lon="24.4412570">
    <ele>1119.6</ele>
   </trkpt>
   <trkpt lat="-29.7529750" lon="24.4412380">
    <ele>1119.9</ele>
   </trkpt>
   <trkpt lat="-29.7529480" lon="24.4412220">
    <ele>1119.6</ele>
   </trkpt>
   <trkpt lat="-29.7529220" lon="24.4412070">
    <ele>1119.9</ele>
   </trkpt>
   <trkpt lat="-29.7528880" lon="24.4411920">
    <ele>1120.2</ele>
   </trkpt>
   <trkpt lat="-29.7528580" lon="24.4411770">
    <ele>1120.1</ele>
   </trkpt>
   <trkpt lat="-29.7528270" lon="24.4411630">
    <ele>1120.2</ele>
   </trkpt>
   <trkpt lat="-29.7527980" lon="24.4411450">
    <ele>1120.0</ele>
   </trkpt>
   <trkpt lat="-29.7527730" lon="24.4411280">
    <ele>1119.9</ele>
   </trkpt>
   <trkpt lat="-29.7527480" lon="24.4411130">
    <ele>1119.8</ele>
   </trkpt>
   <trkpt lat="-29.7527160" lon="24.4410990">
    <ele>1119.6</ele>
   </trkpt>
   <trkpt lat="-29.7527050" lon="24.4410970">
    <ele>1119.6</ele>
   </trkpt>
   <trkpt lat="-29.7526780" lon="24.4410850">
    <ele>1119.7</ele>
   </trkpt>
   <trkpt lat="-29.7526700" lon="24.4410800">
    <ele>1119.6</ele>
   </trkpt>
   <trkpt lat="-29.7526580" lon="24.4410670">
    <ele>1119.6</ele>
   </trkpt>
   <trkpt lat="-29.7526550" lon="24.4410480">
    <ele>1119.6</ele>
   </trkpt>
   <trkpt lat="-29.7526620" lon="24.4410080">
    <ele>1119.6</ele>
   </trkpt>
   <trkpt lat="-29.7526650" lon="24.4409930">
    <ele>1119.6</ele>
   </trkpt>
   <trkpt lat="-29.7526720" lon="24.4409480">
    <ele>1119.6</ele>
   </trkpt>
   <trkpt lat="-29.7526730" lon="24.4409330">
    <ele>1119.6</ele>
   </trkpt>
   <trkpt lat="-29.7526780" lon="24.4409000">
    <ele>1119.7</ele>
   </trkpt>
   <trkpt lat="-29.7526870" lon="24.4408700">
    <ele>1119.5</ele>
   </trkpt>
   <trkpt lat="-29.7526950" lon="24.4408370">
    <ele>1119.5</ele>
   </trkpt>
   <trkpt lat="-29.7527030" lon="24.4408020">
    <ele>1119.5</ele>
   </trkpt>
   <trkpt lat="-29.7527100" lon="24.4407650">
    <ele>1119.5</ele>
   </trkpt>
   <trkpt lat="-29.7527170" lon="24.4407270">
    <ele>1119.1</ele>
   </trkpt>
   <trkpt lat="-29.7527220" lon="24.4406900">
    <ele>1119.1</ele>
   </trkpt>
   <trkpt lat="-29.7527280" lon="24.4406570">
    <ele>1119.1</ele>
   </trkpt>
   <trkpt lat="-29.7527370" lon="24.4406250">
    <ele>1119.2</ele>
   </trkpt>
   <trkpt lat="-29.7527470" lon="24.4405880">
    <ele>1119.4</ele>
   </trkpt>
   <trkpt lat="-29.7527580" lon="24.4405530">
    <ele>1119.5</ele>
   </trkpt>
   <trkpt lat="-29.7527720" lon="24.4405180">
    <ele>1119.7</ele>
   </trkpt>
   <trkpt lat="-29.7527850" lon="24.4404780">
    <ele>1119.8</ele>
   </trkpt>
   <trkpt lat="-29.7527970" lon="24.4404420">
    <ele>1119.8</ele>
   </trkpt>
   <trkpt lat="-29.7528130" lon="24.4404030">
    <ele>1119.8</ele>
   </trkpt>
   <trkpt lat="-29.7528280" lon="24.4403670">
    <ele>1119.7</ele>
   </trkpt>
   <trkpt lat="-29.7528380" lon="24.4403230">
    <ele>1119.4</ele>
   </trkpt>
   <trkpt lat="-29.7528430" lon="24.4402800">
    <ele>1119.5</ele>
   </trkpt>
   <trkpt lat="-29.7528480" lon="24.4402370">
    <ele>1119.5</ele>
   </trkpt>
   <trkpt lat="-29.7528530" lon="24.4401920">
    <ele>1119.5</ele>
   </trkpt>
   <trkpt lat="-29.7528550" lon="24.4401480">
    <ele>1119.5</ele>
   </trkpt>
   <trkpt lat="-29.7528520" lon="24.4401100">
    <ele>1119.5</ele>
   </trkpt>
   <trkpt lat="-29.7528420" lon="24.4400750">
    <ele>1119.5</ele>
   </trkpt>
   <trkpt lat="-29.7528270" lon="24.4400450">
    <ele>1119.6</ele>
   </trkpt>
   <trkpt lat="-29.7528040" lon="24.4400160">
    <ele>1119.6</ele>
   </trkpt>
   <trkpt lat="-29.7527950" lon="24.4400080">
    <ele>1119.6</ele>
   </trkpt>
   <trkpt lat="-29.7527780" lon="24.4399740">
    <ele>1119.8</ele>
   </trkpt>
   <trkpt lat="-29.7527720" lon="24.4399630">
    <ele>1119.8</ele>
   </trkpt>
   <trkpt lat="-29.7527520" lon="24.4399360">
    <ele>1120.1</ele>
   </trkpt>
   <trkpt lat="-29.7527430" lon="24.4399270">
    <ele>1120.1</ele>
   </trkpt>
   <trkpt lat="-29.7527220" lon="24.4398990">
    <ele>1120.3</ele>
   </trkpt>
   <trkpt lat="-29.7527130" lon="24.4398900">
    <ele>1120.5</ele>
   </trkpt>
   <trkpt lat="-29.7526850" lon="24.4398610">
    <ele>1120.5</ele>
   </trkpt>
   <trkpt lat="-29.7526730" lon="24.4398520">
    <ele>1120.5</ele>
   </trkpt>
   <trkpt lat="-29.7526480" lon="24.4398330">
    <ele>1120.5</ele>
   </trkpt>
   <trkpt lat="-29.7526220" lon="24.4398150">
    <ele>1120.4</ele>
   </trkpt>
   <trkpt lat="-29.7525920" lon="24.4397980">
    <ele>1120.4</ele>
   </trkpt>
   <trkpt lat="-29.7525600" lon="24.4397850">
    <ele>1120.5</ele>
   </trkpt>
   <trkpt lat="-29.7525270" lon="24.4397750">
    <ele>1120.5</ele>
   </trkpt>
   <trkpt lat="-29.7524880" lon="24.4397600">
    <ele>1120.6</ele>
   </trkpt>
   <trkpt lat="-29.7524480" lon="24.4397380">
    <ele>1120.6</ele>
   </trkpt>
   <trkpt lat="-29.7524100" lon="24.4397150">
    <ele>1120.5</ele>
   </trkpt>
   <trkpt lat="-29.7523680" lon="24.4396900">
    <ele>1120.7</ele>
   </trkpt>
   <trkpt lat="-29.7523300" lon="24.4396680">
    <ele>1120.8</ele>
   </trkpt>
   <trkpt lat="-29.7522900" lon="24.4396520">
    <ele>1121.0</ele>
   </trkpt>
   <trkpt lat="-29.7522550" lon="24.4396330">
    <ele>1121.0</ele>
   </trkpt>
   <trkpt lat="-29.7522250" lon="24.4396150">
    <ele>1121.1</ele>
   </trkpt>
   <trkpt lat="-29.7521950" lon="24.4395920">
    <ele>1120.8</ele>
   </trkpt>
   <trkpt lat="-29.7521670" lon="24.4395680">
    <ele>1120.9</ele>
   </trkpt>
   <trkpt lat="-29.7521380" lon="24.4395500">
    <ele>1120.6</ele>
   </trkpt>
   <trkpt lat="-29.7521130" lon="24.4395320">
    <ele>1120.6</ele>
   </trkpt>
   <trkpt lat="-29.7520880" lon="24.4395130">
    <ele>1120.4</ele>
   </trkpt>
   <trkpt lat="-29.7520620" lon="24.4395000">
    <ele>1120.5</ele>
   </trkpt>
   <trkpt lat="-29.7520350" lon="24.4394830">
    <ele>1120.5</ele>
   </trkpt>
   <trkpt lat="-29.7520070" lon="24.4394670">
    <ele>1120.5</ele>
   </trkpt>
   <trkpt lat="-29.7519730" lon="24.4394500">
    <ele>1120.5</ele>
   </trkpt>
   <trkpt lat="-29.7519400" lon="24.4394320">
    <ele>1120.5</ele>
   </trkpt>
   <trkpt lat="-29.7519070" lon="24.4394130">
    <ele>1120.5</ele>
   </trkpt>
   <trkpt lat="-29.7518720" lon="24.4393950">
    <ele>1120.5</ele>
   </trkpt>
   <trkpt lat="-29.7518380" lon="24.4393750">
    <ele>1120.5</ele>
   </trkpt>
   <trkpt lat="-29.7518020" lon="24.4393500">
    <ele>1120.6</ele>
   </trkpt>
   <trkpt lat="-29.7517620" lon="24.4393250">
    <ele>1120.4</ele>
   </trkpt>
   <trkpt lat="-29.7517180" lon="24.4392980">
    <ele>1120.1</ele>
   </trkpt>
   <trkpt lat="-29.7516770" lon="24.4392680">
    <ele>1120.1</ele>
   </trkpt>
   <trkpt lat="-29.7516370" lon="24.4392370">
    <ele>1119.8</ele>
   </trkpt>
   <trkpt lat="-29.7515930" lon="24.4392050">
    <ele>1120.0</ele>
   </trkpt>
   <trkpt lat="-29.7515480" lon="24.4391730">
    <ele>1120.3</ele>
   </trkpt>
   <trkpt lat="-29.7515020" lon="24.4391400">
    <ele>1120.4</ele>
   </trkpt>
   <trkpt lat="-29.7514580" lon="24.4391050">
    <ele>1120.5</ele>
   </trkpt>
   <trkpt lat="-29.7514180" lon="24.4390670">
    <ele>1120.5</ele>
   </trkpt>
   <trkpt lat="-29.7513830" lon="24.4390250">
    <ele>1120.5</ele>
   </trkpt>
   <trkpt lat="-29.7513500" lon="24.4389880">
    <ele>1120.5</ele>
   </trkpt>
   <trkpt lat="-29.7513220" lon="24.4389500">
    <ele>1120.5</ele>
   </trkpt>
   <trkpt lat="-29.7512970" lon="24.4389130">
    <ele>1120.5</ele>
   </trkpt>
   <trkpt lat="-29.7512750" lon="24.4388820">
    <ele>1120.5</ele>
   </trkpt>
   <trkpt lat="-29.7512500" lon="24.4388520">
    <ele>1120.5</ele>
   </trkpt>
   <trkpt lat="-29.7512270" lon="24.4388230">
    <ele>1120.4</ele>
   </trkpt>
   <trkpt lat="-29.7512050" lon="24.4387950">
    <ele>1120.4</ele>
   </trkpt>
   <trkpt lat="-29.7511770" lon="24.4387630">
    <ele>1120.1</ele>
   </trkpt>
   <trkpt lat="-29.7511520" lon="24.4387330">
    <ele>1119.8</ele>
   </trkpt>
   <trkpt lat="-29.7511230" lon="24.4387000">
    <ele>1119.5</ele>
   </trkpt>
   <trkpt lat="-29.7510950" lon="24.4386650">
    <ele>1119.5</ele>
   </trkpt>
   <trkpt lat="-29.7510680" lon="24.4386270">
    <ele>1119.4</ele>
   </trkpt>
   <trkpt lat="-29.7510400" lon="24.4385880">
    <ele>1119.4</ele>
   </trkpt>
   <trkpt lat="-29.7510150" lon="24.4385500">
    <ele>1119.5</ele>
   </trkpt>
   <trkpt lat="-29.7509930" lon="24.4385130">
    <ele>1119.6</ele>
   </trkpt>
   <trkpt lat="-29.7509720" lon="24.4384780">
    <ele>1119.7</ele>
   </trkpt>
   <trkpt lat="-29.7509530" lon="24.4384420">
    <ele>1120.2</ele>
   </trkpt>
   <trkpt lat="-29.7509380" lon="24.4384020">
    <ele>1120.2</ele>
   </trkpt>
   <trkpt lat="-29.7509220" lon="24.4383620">
    <ele>1121.0</ele>
   </trkpt>
   <trkpt lat="-29.7509070" lon="24.4383180">
    <ele>1121.2</ele>
   </trkpt>
   <trkpt lat="-29.7508880" lon="24.4382770">
    <ele>1121.7</ele>
   </trkpt>
   <trkpt lat="-29.7508700" lon="24.4382350">
    <ele>1121.5</ele>
   </trkpt>
   <trkpt lat="-29.7508500" lon="24.4381930">
    <ele>1121.4</ele>
   </trkpt>
   <trkpt lat="-29.7508280" lon="24.4381520">
    <ele>1121.1</ele>
   </trkpt>
   <trkpt lat="-29.7508120" lon="24.4381070">
    <ele>1120.9</ele>
   </trkpt>
   <trkpt lat="-29.7507970" lon="24.4380650">
    <ele>1120.6</ele>
   </trkpt>
   <trkpt lat="-29.7507830" lon="24.4380220">
    <ele>1120.3</ele>
   </trkpt>
   <trkpt lat="-29.7507720" lon="24.4379770">
    <ele>1120.4</ele>
   </trkpt>
   <trkpt lat="-29.7507650" lon="24.4379300">
    <ele>1120.2</ele>
   </trkpt>
   <trkpt lat="-29.7507550" lon="24.4378800">
    <ele>1120.2</ele>
   </trkpt>
   <trkpt lat="-29.7507500" lon="24.4378320">
    <ele>1120.2</ele>
   </trkpt>
   <trkpt lat="-29.7507500" lon="24.4377820">
    <ele>1120.3</ele>
   </trkpt>
   <trkpt lat="-29.7507470" lon="24.4377330">
    <ele>1120.3</ele>
   </trkpt>
   <trkpt lat="-29.7507450" lon="24.4376830">
    <ele>1120.4</ele>
   </trkpt>
   <trkpt lat="-29.7507430" lon="24.4376320">
    <ele>1120.4</ele>
   </trkpt>
   <trkpt lat="-29.7507400" lon="24.4375820">
    <ele>1120.5</ele>
   </trkpt>
   <trkpt lat="-29.7507380" lon="24.4375300">
    <ele>1120.5</ele>
   </trkpt>
   <trkpt lat="-29.7507350" lon="24.4374780">
    <ele>1120.6</ele>
   </trkpt>
   <trkpt lat="-29.7507330" lon="24.4374280">
    <ele>1120.8</ele>
   </trkpt>
   <trkpt lat="-29.7507280" lon="24.4373800">
    <ele>1121.1</ele>
   </trkpt>
   <trkpt lat="-29.7507250" lon="24.4373300">
    <ele>1121.4</ele>
   </trkpt>
   <trkpt lat="-29.7507230" lon="24.4372800">
    <ele>1121.8</ele>
   </trkpt>
   <trkpt lat="-29.7507230" lon="24.4372320">
    <ele>1121.8</ele>
   </trkpt>
   <trkpt lat="-29.7507250" lon="24.4371820">
    <ele>1121.8</ele>
   </trkpt>
   <trkpt lat="-29.7507230" lon="24.4371370">
    <ele>1121.7</ele>
   </trkpt>
   <trkpt lat="-29.7507230" lon="24.4370930">
    <ele>1121.7</ele>
   </trkpt>
   <trkpt lat="-29.7507220" lon="24.4370500">
    <ele>1121.7</ele>
   </trkpt>
   <trkpt lat="-29.7507220" lon="24.4370120">
    <ele>1121.7</ele>
   </trkpt>
   <trkpt lat="-29.7507200" lon="24.4369720">
    <ele>1121.6</ele>
   </trkpt>
   <trkpt lat="-29.7507180" lon="24.4369320">
    <ele>1121.5</ele>
   </trkpt>
   <trkpt lat="-29.7507120" lon="24.4368920">
    <ele>1121.2</ele>
   </trkpt>
   <trkpt lat="-29.7507020" lon="24.4368520">
    <ele>1121.1</ele>
   </trkpt>
   <trkpt lat="-29.7506920" lon="24.4368080">
    <ele>1120.8</ele>
   </trkpt>
   <trkpt lat="-29.7506800" lon="24.4367650">
    <ele>1120.7</ele>
   </trkpt>
   <trkpt lat="-29.7506650" lon="24.4367230">
    <ele>1120.8</ele>
   </trkpt>
   <trkpt lat="-29.7506480" lon="24.4366820">
    <ele>1120.8</ele>
   </trkpt>
   <trkpt lat="-29.7506350" lon="24.4366430">
    <ele>1120.8</ele>
   </trkpt>
   <trkpt lat="-29.7506200" lon="24.4366080">
    <ele>1121.2</ele>
   </trkpt>
   <trkpt lat="-29.7506070" lon="24.4365730">
    <ele>1121.3</ele>
   </trkpt>
   <trkpt lat="-29.7505920" lon="24.4365380">
    <ele>1121.9</ele>
   </trkpt>
   <trkpt lat="-29.7505750" lon="24.4365020">
    <ele>1122.2</ele>
   </trkpt>
   <trkpt lat="-29.7505580" lon="24.4364670">
    <ele>1122.4</ele>
   </trkpt>
   <trkpt lat="-29.7505400" lon="24.4364300">
    <ele>1122.6</ele>
   </trkpt>
   <trkpt lat="-29.7505200" lon="24.4363930">
    <ele>1122.7</ele>
   </trkpt>
   <trkpt lat="-29.7504980" lon="24.4363570">
    <ele>1122.6</ele>
   </trkpt>
   <trkpt lat="-29.7504750" lon="24.4363200">
    <ele>1122.4</ele>
   </trkpt>
   <trkpt lat="-29.7504580" lon="24.4362830">
    <ele>1122.4</ele>
   </trkpt>
   <trkpt lat="-29.7504430" lon="24.4362470">
    <ele>1122.4</ele>
   </trkpt>
   <trkpt lat="-29.7504250" lon="24.4362070">
    <ele>1122.5</ele>
   </trkpt>
   <trkpt lat="-29.7504100" lon="24.4361630">
    <ele>1122.5</ele>
   </trkpt>
   <trkpt lat="-29.7503920" lon="24.4361230">
    <ele>1122.5</ele>
   </trkpt>
   <trkpt lat="-29.7503720" lon="24.4360850">
    <ele>1122.5</ele>
   </trkpt>
   <trkpt lat="-29.7503480" lon="24.4360500">
    <ele>1122.3</ele>
   </trkpt>
   <trkpt lat="-29.7503270" lon="24.4360130">
    <ele>1122.1</ele>
   </trkpt>
   <trkpt lat="-29.7503080" lon="24.4359770">
    <ele>1121.7</ele>
   </trkpt>
   <trkpt lat="-29.7502870" lon="24.4359420">
    <ele>1121.6</ele>
   </trkpt>
   <trkpt lat="-29.7502630" lon="24.4359050">
    <ele>1121.4</ele>
   </trkpt>
   <trkpt lat="-29.7502420" lon="24.4358700">
    <ele>1121.7</ele>
   </trkpt>
   <trkpt lat="-29.7502170" lon="24.4358350">
    <ele>1121.9</ele>
   </trkpt>
   <trkpt lat="-29.7501930" lon="24.4358020">
    <ele>1121.7</ele>
   </trkpt>
   <trkpt lat="-29.7501670" lon="24.4357700">
    <ele>1121.6</ele>
   </trkpt>
   <trkpt lat="-29.7501370" lon="24.4357380">
    <ele>1121.2</ele>
   </trkpt>
   <trkpt lat="-29.7501030" lon="24.4357080">
    <ele>1121.2</ele>
   </trkpt>
   <trkpt lat="-29.7500700" lon="24.4356820">
    <ele>1120.9</ele>
   </trkpt>
   <trkpt lat="-29.7500350" lon="24.4356570">
    <ele>1120.9</ele>
   </trkpt>
   <trkpt lat="-29.7499970" lon="24.4356400">
    <ele>1120.7</ele>
   </trkpt>
   <trkpt lat="-29.7499580" lon="24.4356270">
    <ele>1121.0</ele>
   </trkpt>
   <trkpt lat="-29.7499180" lon="24.4356170">
    <ele>1121.1</ele>
   </trkpt>
   <trkpt lat="-29.7498780" lon="24.4356080">
    <ele>1120.7</ele>
   </trkpt>
   <trkpt lat="-29.7498420" lon="24.4355970">
    <ele>1120.8</ele>
   </trkpt>
   <trkpt lat="-29.7498100" lon="24.4355820">
    <ele>1120.8</ele>
   </trkpt>
   <trkpt lat="-29.7497700" lon="24.4355680">
    <ele>1120.8</ele>
   </trkpt>
   <trkpt lat="-29.7497320" lon="24.4355550">
    <ele>1120.3</ele>
   </trkpt>
   <trkpt lat="-29.7496930" lon="24.4355420">
    <ele>1120.1</ele>
   </trkpt>
   <trkpt lat="-29.7496570" lon="24.4355300">
    <ele>1119.9</ele>
   </trkpt>
   <trkpt lat="-29.7496180" lon="24.4355180">
    <ele>1118.9</ele>
   </trkpt>
   <trkpt lat="-29.7495820" lon="24.4355080">
    <ele>1118.6</ele>
   </trkpt>
   <trkpt lat="-29.7495520" lon="24.4354930">
    <ele>1118.6</ele>
   </trkpt>
   <trkpt lat="-29.7495180" lon="24.4354780">
    <ele>1117.9</ele>
   </trkpt>
   <trkpt lat="-29.7494920" lon="24.4354630">
    <ele>1117.9</ele>
   </trkpt>
   <trkpt lat="-29.7494700" lon="24.4354530">
    <ele>1118.1</ele>
   </trkpt>
   <trkpt lat="-29.7494620" lon="24.4354500">
    <ele>1118.1</ele>
   </trkpt>
   <trkpt lat="-29.7494570" lon="24.4354450">
    <ele>1118.1</ele>
   </trkpt>
   <trkpt lat="-29.7494510" lon="24.4354460">
    <ele>1118.1</ele>
   </trkpt>
   <trkpt lat="-29.7494460" lon="24.4354460">
    <ele>1118.1</ele>
   </trkpt>
   <trkpt lat="-29.7494400" lon="24.4354460">
    <ele>1118.1</ele>
   </trkpt>
   <trkpt lat="-29.7494340" lon="24.4354460">
    <ele>1118.4</ele>
   </trkpt>
   <trkpt lat="-29.7494280" lon="24.4354470">
    <ele>1118.4</ele>
   </trkpt>
   <trkpt lat="-29.7494220" lon="24.4354470">
    <ele>1118.4</ele>
   </trkpt>
   <trkpt lat="-29.7494160" lon="24.4354470">
    <ele>1118.4</ele>
   </trkpt>
   <trkpt lat="-29.7494110" lon="24.4354470">
    <ele>1118.4</ele>
   </trkpt>
   <trkpt lat="-29.7494050" lon="24.4354480">
    <ele>1118.4</ele>
   </trkpt>
   <trkpt lat="-29.7493990" lon="24.4354480">
    <ele>1118.8</ele>
   </trkpt>
   <trkpt lat="-29.7493930" lon="24.4354480">
    <ele>1118.8</ele>
   </trkpt>
   <trkpt lat="-29.7493670" lon="24.4354550">
    <ele>1118.8</ele>
   </trkpt>
   <trkpt lat="-29.7493380" lon="24.4354650">
    <ele>1119.2</ele>
   </trkpt>
   <trkpt lat="-29.7493100" lon="24.4354750">
    <ele>1119.6</ele>
   </trkpt>
   <trkpt lat="-29.7492800" lon="24.4354900">
    <ele>1120.4</ele>
   </trkpt>
   <trkpt lat="-29.7492520" lon="24.4355080">
    <ele>1120.4</ele>
   </trkpt>
   <trkpt lat="-29.7492230" lon="24.4355300">
    <ele>1121.3</ele>
   </trkpt>
   <trkpt lat="-29.7491970" lon="24.4355550">
    <ele>1121.3</ele>
   </trkpt>
   <trkpt lat="-29.7491700" lon="24.4355780">
    <ele>1121.8</ele>
   </trkpt>
   <trkpt lat="-29.7491430" lon="24.4356030">
    <ele>1121.8</ele>
   </trkpt>
   <trkpt lat="-29.7491180" lon="24.4356280">
    <ele>1121.9</ele>
   </trkpt>
   <trkpt lat="-29.7490930" lon="24.4356550">
    <ele>1121.9</ele>
   </trkpt>
   <trkpt lat="-29.7490670" lon="24.4356800">
    <ele>1121.9</ele>
   </trkpt>
   <trkpt lat="-29.7490420" lon="24.4357070">
    <ele>1121.9</ele>
   </trkpt>
   <trkpt lat="-29.7490180" lon="24.4357320">
    <ele>1121.7</ele>
   </trkpt>
   <trkpt lat="-29.7489930" lon="24.4357600">
    <ele>1121.8</ele>
   </trkpt>
   <trkpt lat="-29.7489670" lon="24.4357880">
    <ele>1121.8</ele>
   </trkpt>
   <trkpt lat="-29.7489380" lon="24.4358180">
    <ele>1121.6</ele>
   </trkpt>
   <trkpt lat="-29.7489120" lon="24.4358470">
    <ele>1121.6</ele>
   </trkpt>
   <trkpt lat="-29.7488850" lon="24.4358750">
    <ele>1121.9</ele>
   </trkpt>
   <trkpt lat="-29.7488570" lon="24.4359030">
    <ele>1121.7</ele>
   </trkpt>
   <trkpt lat="-29.7488280" lon="24.4359320">
    <ele>1121.5</ele>
   </trkpt>
   <trkpt lat="-29.7488000" lon="24.4359630">
    <ele>1121.3</ele>
   </trkpt>
   <trkpt lat="-29.7487730" lon="24.4359930">
    <ele>1121.3</ele>
   </trkpt>
   <trkpt lat="-29.7487470" lon="24.4360230">
    <ele>1120.9</ele>
   </trkpt>
   <trkpt lat="-29.7487170" lon="24.4360570">
    <ele>1120.6</ele>
   </trkpt>
   <trkpt lat="-29.7486880" lon="24.4360900">
    <ele>1120.4</ele>
   </trkpt>
   <trkpt lat="-29.7486580" lon="24.4361250">
    <ele>1120.4</ele>
   </trkpt>
   <trkpt lat="-29.7486300" lon="24.4361550">
    <ele>1120.3</ele>
   </trkpt>
   <trkpt lat="-29.7486000" lon="24.4361870">
    <ele>1120.1</ele>
   </trkpt>
   <trkpt lat="-29.7485720" lon="24.4362200">
    <ele>1119.6</ele>
   </trkpt>
   <trkpt lat="-29.7485430" lon="24.4362520">
    <ele>1119.4</ele>
   </trkpt>
   <trkpt lat="-29.7485120" lon="24.4362820">
    <ele>1119.2</ele>
   </trkpt>
   <trkpt lat="-29.7484820" lon="24.4363150">
    <ele>1119.2</ele>
   </trkpt>
   <trkpt lat="-29.7484550" lon="24.4363480">
    <ele>1119.4</ele>
   </trkpt>
   <trkpt lat="-29.7484300" lon="24.4363830">
    <ele>1119.5</ele>
   </trkpt>
   <trkpt lat="-29.7484050" lon="24.4364180">
    <ele>1119.4</ele>
   </trkpt>
   <trkpt lat="-29.7483800" lon="24.4364450">
    <ele>1119.1</ele>
   </trkpt>
   <trkpt lat="-29.7483530" lon="24.4364720">
    <ele>1118.8</ele>
   </trkpt>
   <trkpt lat="-29.7483250" lon="24.4365030">
    <ele>1118.8</ele>
   </trkpt>
   <trkpt lat="-29.7483000" lon="24.4365300">
    <ele>1118.4</ele>
   </trkpt>
   <trkpt lat="-29.7482730" lon="24.4365550">
    <ele>1118.1</ele>
   </trkpt>
   <trkpt lat="-29.7482470" lon="24.4365830">
    <ele>1118.1</ele>
   </trkpt>
   <trkpt lat="-29.7482170" lon="24.4366100">
    <ele>1118.2</ele>
   </trkpt>
   <trkpt lat="-29.7481880" lon="24.4366380">
    <ele>1118.4</ele>
   </trkpt>
   <trkpt lat="-29.7481600" lon="24.4366630">
    <ele>1118.8</ele>
   </trkpt>
   <trkpt lat="-29.7481330" lon="24.4366880">
    <ele>1119.1</ele>
   </trkpt>
   <trkpt lat="-29.7481050" lon="24.4367150">
    <ele>1119.1</ele>
   </trkpt>
   <trkpt lat="-29.7480800" lon="24.4367350">
    <ele>1119.3</ele>
   </trkpt>
   <trkpt lat="-29.7480550" lon="24.4367530">
    <ele>1119.2</ele>
   </trkpt>
   <trkpt lat="-29.7480280" lon="24.4367670">
    <ele>1119.2</ele>
   </trkpt>
   <trkpt lat="-29.7479950" lon="24.4367870">
    <ele>1119.3</ele>
   </trkpt>
   <trkpt lat="-29.7479850" lon="24.4367930">
    <ele>1119.3</ele>
   </trkpt>
   <trkpt lat="-29.7479550" lon="24.4368080">
    <ele>1119.3</ele>
   </trkpt>
   <trkpt lat="-29.7479470" lon="24.4368130">
    <ele>1119.7</ele>
   </trkpt>
   <trkpt lat="-29.7479300" lon="24.4368350">
    <ele>1119.7</ele>
   </trkpt>
   <trkpt lat="-29.7479280" lon="24.4368440">
    <ele>1119.7</ele>
   </trkpt>
   <trkpt lat="-29.7479250" lon="24.4368520">
    <ele>1119.7</ele>
   </trkpt>
   <trkpt lat="-29.7479240" lon="24.4368610">
    <ele>1120.0</ele>
   </trkpt>
   <trkpt lat="-29.7479220" lon="24.4368590">
    <ele>1120.0</ele>
   </trkpt>
   <trkpt lat="-29.7479210" lon="24.4368570">
    <ele>1120.0</ele>
   </trkpt>
   <trkpt lat="-29.7479190" lon="24.4368550">
    <ele>1120.0</ele>
   </trkpt>
   <trkpt lat="-29.7479180" lon="24.4368530">
    <ele>1120.0</ele>
   </trkpt>
   <trkpt lat="-29.7479170" lon="24.4368510">
    <ele>1120.0</ele>
   </trkpt>
   <trkpt lat="-29.7479150" lon="24.4368490">
    <ele>1120.0</ele>
   </trkpt>
   <trkpt lat="-29.7479140" lon="24.4368470">
    <ele>1120.0</ele>
   </trkpt>
   <trkpt lat="-29.7479130" lon="24.4368460">
    <ele>1120.0</ele>
   </trkpt>
   <trkpt lat="-29.7479110" lon="24.4368440">
    <ele>1120.0</ele>
   </trkpt>
   <trkpt lat="-29.7479100" lon="24.4368420">
    <ele>1120.0</ele>
   </trkpt>
   <trkpt lat="-29.7479080" lon="24.4368400">
    <ele>1120.0</ele>
   </trkpt>
   <trkpt lat="-29.7479070" lon="24.4368380">
    <ele>1120.0</ele>
   </trkpt>
   <trkpt lat="-29.7479060" lon="24.4368360">
    <ele>1120.0</ele>
   </trkpt>
   <trkpt lat="-29.7479040" lon="24.4368340">
    <ele>1120.0</ele>
   </trkpt>
   <trkpt lat="-29.7479030" lon="24.4368320">
    <ele>1120.0</ele>
   </trkpt>
   <trkpt lat="-29.7479020" lon="24.4368300">
    <ele>1120.0</ele>
   </trkpt>
   <trkpt lat="-29.7479000" lon="24.4368280">
    <ele>1120.0</ele>
   </trkpt>
   <trkpt lat="-29.7478990" lon="24.4368260">
    <ele>1120.0</ele>
   </trkpt>
   <trkpt lat="-29.7478970" lon="24.4368240">
    <ele>1120.0</ele>
   </trkpt>
   <trkpt lat="-29.7478960" lon="24.4368220">
    <ele>1120.0</ele>
   </trkpt>
   <trkpt lat="-29.7478950" lon="24.4368200">
    <ele>1120.0</ele>
   </trkpt>
   <trkpt lat="-29.7478930" lon="24.4368180">
    <ele>1120.0</ele>
   </trkpt>
   <trkpt lat="-29.7478920" lon="24.4368160">
    <ele>1120.0</ele>
   </trkpt>
   <trkpt lat="-29.7478900" lon="24.4368140">
    <ele>1120.0</ele>
   </trkpt>
   <trkpt lat="-29.7478890" lon="24.4368130">
    <ele>1120.0</ele>
   </trkpt>
   <trkpt lat="-29.7478880" lon="24.4368110">
    <ele>1120.0</ele>
   </trkpt>
   <trkpt lat="-29.7478860" lon="24.4368090">
    <ele>1120.0</ele>
   </trkpt>
   <trkpt lat="-29.7478850" lon="24.4368070">
    <ele>1120.0</ele>
   </trkpt>
   <trkpt lat="-29.7478840" lon="24.4368050">
    <ele>1119.9</ele>
   </trkpt>
   <trkpt lat="-29.7478820" lon="24.4368030">
    <ele>1119.9</ele>
   </trkpt>
   <trkpt lat="-29.7478810" lon="24.4368010">
    <ele>1119.9</ele>
   </trkpt>
   <trkpt lat="-29.7478790" lon="24.4367990">
    <ele>1119.9</ele>
   </trkpt>
   <trkpt lat="-29.7478780" lon="24.4367970">
    <ele>1119.9</ele>
   </trkpt>
   <trkpt lat="-29.7478770" lon="24.4367950">
    <ele>1119.9</ele>
   </trkpt>
   <trkpt lat="-29.7478750" lon="24.4367930">
    <ele>1119.9</ele>
   </trkpt>
   <trkpt lat="-29.7478740" lon="24.4367910">
    <ele>1119.9</ele>
   </trkpt>
   <trkpt lat="-29.7478720" lon="24.4367890">
    <ele>1119.9</ele>
   </trkpt>
   <trkpt lat="-29.7478710" lon="24.4367870">
    <ele>1119.9</ele>
   </trkpt>
   <trkpt lat="-29.7478700" lon="24.4367850">
    <ele>1119.9</ele>
   </trkpt>
   <trkpt lat="-29.7478680" lon="24.4367830">
    <ele>1119.9</ele>
   </trkpt>
   <trkpt lat="-29.7478670" lon="24.4367810">
    <ele>1119.9</ele>
   </trkpt>
   <trkpt lat="-29.7478660" lon="24.4367800">
    <ele>1119.9</ele>
   </trkpt>
   <trkpt lat="-29.7478640" lon="24.4367780">
    <ele>1119.9</ele>
   </trkpt>
   <trkpt lat="-29.7478630" lon="24.4367760">
    <ele>1119.9</ele>
   </trkpt>
   <trkpt lat="-29.7478610" lon="24.4367740">
    <ele>1119.9</ele>
   </trkpt>
   <trkpt lat="-29.7478600" lon="24.4367720">
    <ele>1119.8</ele>
   </trkpt>
   <trkpt lat="-29.7478590" lon="24.4367700">
    <ele>1119.8</ele>
   </trkpt>
   <trkpt lat="-29.7478570" lon="24.4367680">
    <ele>1119.8</ele>
   </trkpt>
   <trkpt lat="-29.7478560" lon="24.4367660">
    <ele>1119.8</ele>
   </trkpt>
   <trkpt lat="-29.7478550" lon="24.4367640">
    <ele>1119.8</ele>
   </trkpt>
   <trkpt lat="-29.7478530" lon="24.4367620">
    <ele>1119.8</ele>
   </trkpt>
   <trkpt lat="-29.7478520" lon="24.4367600">
    <ele>1119.8</ele>
   </trkpt>
   <trkpt lat="-29.7478500" lon="24.4367580">
    <ele>1119.8</ele>
   </trkpt>
   <trkpt lat="-29.7478490" lon="24.4367560">
    <ele>1119.8</ele>
   </trkpt>
   <trkpt lat="-29.7478480" lon="24.4367540">
    <ele>1119.8</ele>
   </trkpt>
   <trkpt lat="-29.7478460" lon="24.4367520">
    <ele>1119.8</ele>
   </trkpt>
   <trkpt lat="-29.7478450" lon="24.4367500">
    <ele>1119.8</ele>
   </trkpt>
   <trkpt lat="-29.7478430" lon="24.4367480">
    <ele>1119.8</ele>
   </trkpt>
   <trkpt lat="-29.7478420" lon="24.4367470">
    <ele>1119.8</ele>
   </trkpt>
   <trkpt lat="-29.7478410" lon="24.4367450">
    <ele>1119.8</ele>
   </trkpt>
   <trkpt lat="-29.7478390" lon="24.4367430">
    <ele>1119.8</ele>
   </trkpt>
   <trkpt lat="-29.7478380" lon="24.4367410">
    <ele>1119.8</ele>
   </trkpt>
   <trkpt lat="-29.7478370" lon="24.4367390">
    <ele>1119.7</ele>
   </trkpt>
   <trkpt lat="-29.7478350" lon="24.4367370">
    <ele>1119.7</ele>
   </trkpt>
   <trkpt lat="-29.7478340" lon="24.4367350">
    <ele>1119.7</ele>
   </trkpt>
   <trkpt lat="-29.7478320" lon="24.4367330">
    <ele>1119.7</ele>
   </trkpt>
   <trkpt lat="-29.7478310" lon="24.4367310">
    <ele>1119.7</ele>
   </trkpt>
   <trkpt lat="-29.7478260" lon="24.4366870">
    <ele>1119.6</ele>
   </trkpt>
   <trkpt lat="-29.7478020" lon="24.4366340">
    <ele>1119.5</ele>
   </trkpt>
   <trkpt lat="-29.7477840" lon="24.4366060">
    <ele>1119.4</ele>
   </trkpt>
   <trkpt lat="-29.7477560" lon="24.4365420">
    <ele>1119.2</ele>
   </trkpt>
   <trkpt lat="-29.7477220" lon="24.4364860">
    <ele>1119.1</ele>
   </trkpt>
   <trkpt lat="-29.7476950" lon="24.4364310">
    <ele>1118.9</ele>
   </trkpt>
   <trkpt lat="-29.7476610" lon="24.4363540">
    <ele>1118.7</ele>
   </trkpt>
   <trkpt lat="-29.7476350" lon="24.4362970">
    <ele>1118.6</ele>
   </trkpt>
   <trkpt lat="-29.7475880" lon="24.4362450">
    <ele>1118.4</ele>
   </trkpt>
   <trkpt lat="-29.7475540" lon="24.4362070">
    <ele>1118.3</ele>
   </trkpt>
   <trkpt lat="-29.7475070" lon="24.4361400">
    <ele>1118.1</ele>
   </trkpt>
   <trkpt lat="-29.7474660" lon="24.4360770">
    <ele>1117.9</ele>
   </trkpt>
   <trkpt lat="-29.7474390" lon="24.4360220">
    <ele>1117.7</ele>
   </trkpt>
   <trkpt lat="-29.7474140" lon="24.4359720">
    <ele>1117.6</ele>
   </trkpt>
   <trkpt lat="-29.7473970" lon="24.4359280">
    <ele>1117.5</ele>
   </trkpt>
   <trkpt lat="-29.7473800" lon="24.4358840">
    <ele>1117.4</ele>
   </trkpt>
   <trkpt lat="-29.7473720" lon="24.4358320">
    <ele>1117.2</ele>
   </trkpt>
   <trkpt lat="-29.7473750" lon="24.4357820">
    <ele>1117.1</ele>
   </trkpt>
   <trkpt lat="-29.7473830" lon="24.4357350">
    <ele>1117.0</ele>
   </trkpt>
   <trkpt lat="-29.7474020" lon="24.4356920">
    <ele>1117.1</ele>
   </trkpt>
   <trkpt lat="-29.7474320" lon="24.4356580">
    <ele>1117.1</ele>
   </trkpt>
   <trkpt lat="-29.7474740" lon="24.4356250">
    <ele>1117.1</ele>
   </trkpt>
   <trkpt lat="-29.7475200" lon="24.4355900">
    <ele>1117.1</ele>
   </trkpt>
   <trkpt lat="-29.7475820" lon="24.4355580">
    <ele>1117.1</ele>
   </trkpt>
   <trkpt lat="-29.7476580" lon="24.4355230">
    <ele>1117.2</ele>
   </trkpt>
   <trkpt lat="-29.7477460" lon="24.4354730">
    <ele>1117.2</ele>
   </trkpt>
   <trkpt lat="-29.7478410" lon="24.4354190">
    <ele>1117.3</ele>
   </trkpt>
   <trkpt lat="-29.7479370" lon="24.4353710">
    <ele>1117.3</ele>
   </trkpt>
   <trkpt lat="-29.7480360" lon="24.4353280">
    <ele>1117.3</ele>
   </trkpt>
   <trkpt lat="-29.7481360" lon="24.4353150">
    <ele>1117.4</ele>
   </trkpt>
   <trkpt lat="-29.7482380" lon="24.4353090">
    <ele>1117.4</ele>
   </trkpt>
   <trkpt lat="-29.7483330" lon="24.4352840">
    <ele>1117.5</ele>
   </trkpt>
   <trkpt lat="-29.7484260" lon="24.4352460">
    <ele>1117.5</ele>
   </trkpt>
   <trkpt lat="-29.7485170" lon="24.4352110">
    <ele>1117.5</ele>
   </trkpt>
   <trkpt lat="-29.7485990" lon="24.4351780">
    <ele>1117.6</ele>
   </trkpt>
   <trkpt lat="-29.7486880" lon="24.4351490">
    <ele>1117.6</ele>
   </trkpt>
   <trkpt lat="-29.7487760" lon="24.4351150">
    <ele>1117.6</ele>
   </trkpt>
   <trkpt lat="-29.7488690" lon="24.4350880">
    <ele>1117.7</ele>
   </trkpt>
   <trkpt lat="-29.7489680" lon="24.4350620">
    <ele>1117.7</ele>
   </trkpt>
   <trkpt lat="-29.7490680" lon="24.4350340">
    <ele>1117.8</ele>
   </trkpt>
   <trkpt lat="-29.7491730" lon="24.4350060">
    <ele>1117.8</ele>
   </trkpt>
   <trkpt lat="-29.7492830" lon="24.4349780">
    <ele>1117.8</ele>
   </trkpt>
   <trkpt lat="-29.7493950" lon="24.4349540">
    <ele>1117.9</ele>
   </trkpt>
   <trkpt lat="-29.7495090" lon="24.4349330">
    <ele>1117.9</ele>
   </trkpt>
   <trkpt lat="-29.7496230" lon="24.4349090">
    <ele>1118.0</ele>
   </trkpt>
   <trkpt lat="-29.7497420" lon="24.4348950">
    <ele>1118.0</ele>
   </trkpt>
   <trkpt lat="-29.7498510" lon="24.4348780">
    <ele>1118.1</ele>
   </trkpt>
   <trkpt lat="-29.7499610" lon="24.4348650">
    <ele>1118.1</ele>
   </trkpt>
   <trkpt lat="-29.7500470" lon="24.4348380">
    <ele>1118.1</ele>
   </trkpt>
   <trkpt lat="-29.7501470" lon="24.4348210">
    <ele>1118.2</ele>
   </trkpt>
   <trkpt lat="-29.7502500" lon="24.4347970">
    <ele>1118.2</ele>
   </trkpt>
   <trkpt lat="-29.7503550" lon="24.4347690">
    <ele>1118.2</ele>
   </trkpt>
   <trkpt lat="-29.7504620" lon="24.4347330">
    <ele>1118.3</ele>
   </trkpt>
   <trkpt lat="-29.7505720" lon="24.4346950">
    <ele>1118.3</ele>
   </trkpt>
   <trkpt lat="-29.7506910" lon="24.4346630">
    <ele>1118.4</ele>
   </trkpt>
   <trkpt lat="-29.7508080" lon="24.4346250">
    <ele>1118.4</ele>
   </trkpt>
   <trkpt lat="-29.7509270" lon="24.4345910">
    <ele>1118.4</ele>
   </trkpt>
   <trkpt lat="-29.7510450" lon="24.4345530">
    <ele>1118.5</ele>
   </trkpt>
   <trkpt lat="-29.7511640" lon="24.4345210">
    <ele>1118.5</ele>
   </trkpt>
   <trkpt lat="-29.7512850" lon="24.4344860">
    <ele>1118.6</ele>
   </trkpt>
   <trkpt lat="-29.7514000" lon="24.4344570">
    <ele>1118.6</ele>
   </trkpt>
   <trkpt lat="-29.7515230" lon="24.4344250">
    <ele>1118.7</ele>
   </trkpt>
   <trkpt lat="-29.7516530" lon="24.4343900">
    <ele>1118.7</ele>
   </trkpt>
   <trkpt lat="-29.7517840" lon="24.4343590">
    <ele>1118.7</ele>
   </trkpt>
   <trkpt lat="-29.7519150" lon="24.4343320">
    <ele>1118.8</ele>
   </trkpt>
   <trkpt lat="-29.7520440" lon="24.4342980">
    <ele>1118.8</ele>
   </trkpt>
   <trkpt lat="-29.7521770" lon="24.4342640">
    <ele>1118.9</ele>
   </trkpt>
   <trkpt lat="-29.7523080" lon="24.4342330">
    <ele>1118.9</ele>
   </trkpt>
   <trkpt lat="-29.7524360" lon="24.4342040">
    <ele>1119.0</ele>
   </trkpt>
   <trkpt lat="-29.7525590" lon="24.4341670">
    <ele>1119.0</ele>
   </trkpt>
   <trkpt lat="-29.7526850" lon="24.4341320">
    <ele>1119.1</ele>
   </trkpt>
   <trkpt lat="-29.7528190" lon="24.4341000">
    <ele>1119.1</ele>
   </trkpt>
   <trkpt lat="-29.7529550" lon="24.4340670">
    <ele>1119.2</ele>
   </trkpt>
   <trkpt lat="-29.7530880" lon="24.4340360">
    <ele>1119.2</ele>
   </trkpt>
   <trkpt lat="-29.7532190" lon="24.4340020">
    <ele>1119.3</ele>
   </trkpt>
   <trkpt lat="-29.7533510" lon="24.4339640">
    <ele>1119.3</ele>
   </trkpt>
   <trkpt lat="-29.7534860" lon="24.4339290">
    <ele>1119.3</ele>
   </trkpt>
   <trkpt lat="-29.7536230" lon="24.4339050">
    <ele>1119.4</ele>
   </trkpt>
   <trkpt lat="-29.7537580" lon="24.4338700">
    <ele>1119.4</ele>
   </trkpt>
   <trkpt lat="-29.7538930" lon="24.4338280">
    <ele>1119.5</ele>
   </trkpt>
   <trkpt lat="-29.7540230" lon="24.4337870">
    <ele>1119.5</ele>
   </trkpt>
   <trkpt lat="-29.7541510" lon="24.4337450">
    <ele>1119.6</ele>
   </trkpt>
   <trkpt lat="-29.7542900" lon="24.4337050">
    <ele>1119.6</ele>
   </trkpt>
   <trkpt lat="-29.7544280" lon="24.4336700">
    <ele>1119.7</ele>
   </trkpt>
   <trkpt lat="-29.7545700" lon="24.4336380">
    <ele>1119.7</ele>
   </trkpt>
   <trkpt lat="-29.7547170" lon="24.4336010">
    <ele>1119.8</ele>
   </trkpt>
   <trkpt lat="-29.7548620" lon="24.4335660">
    <ele>1119.8</ele>
   </trkpt>
   <trkpt lat="-29.7550010" lon="24.4335300">
    <ele>1119.9</ele>
   </trkpt>
   <trkpt lat="-29.7551320" lon="24.4335020">
    <ele>1119.9</ele>
   </trkpt>
   <trkpt lat="-29.7552580" lon="24.4334730">
    <ele>1119.9</ele>
   </trkpt>
   <trkpt lat="-29.7553790" lon="24.4334390">
    <ele>1119.8</ele>
   </trkpt>
   <trkpt lat="-29.7554980" lon="24.4334020">
    <ele>1119.7</ele>
   </trkpt>
   <trkpt lat="-29.7556140" lon="24.4333640">
    <ele>1119.5</ele>
   </trkpt>
   <trkpt lat="-29.7557250" lon="24.4333300">
    <ele>1119.4</ele>
   </trkpt>
   <trkpt lat="-29.7558320" lon="24.4332960">
    <ele>1119.3</ele>
   </trkpt>
   <trkpt lat="-29.7559390" lon="24.4332720">
    <ele>1119.2</ele>
   </trkpt>
   <trkpt lat="-29.7560400" lon="24.4332560">
    <ele>1119.1</ele>
   </trkpt>
   <trkpt lat="-29.7561390" lon="24.4332330">
    <ele>1119.0</ele>
   </trkpt>
   <trkpt lat="-29.7562370" lon="24.4332100">
    <ele>1118.9</ele>
   </trkpt>
   <trkpt lat="-29.7563290" lon="24.4331830">
    <ele>1118.8</ele>
   </trkpt>
   <trkpt lat="-29.7564110" lon="24.4331500">
    <ele>1118.7</ele>
   </trkpt>
   <trkpt lat="-29.7564980" lon="24.4331230">
    <ele>1118.6</ele>
   </trkpt>
   <trkpt lat="-29.7565870" lon="24.4331000">
    <ele>1118.5</ele>
   </trkpt>
   <trkpt lat="-29.7566750" lon="24.4330680">
    <ele>1118.4</ele>
   </trkpt>
   <trkpt lat="-29.7567610" lon="24.4330340">
    <ele>1118.3</ele>
   </trkpt>
   <trkpt lat="-29.7568420" lon="24.4330080">
    <ele>1118.2</ele>
   </trkpt>
   <trkpt lat="-29.7569120" lon="24.4329800">
    <ele>1118.1</ele>
   </trkpt>
   <trkpt lat="-29.7569800" lon="24.4329460">
    <ele>1118.1</ele>
   </trkpt>
   <trkpt lat="-29.7570470" lon="24.4329060">
    <ele>1118.0</ele>
   </trkpt>
   <trkpt lat="-29.7571100" lon="24.4328590">
    <ele>1117.9</ele>
   </trkpt>
   <trkpt lat="-29.7571760" lon="24.4328190">
    <ele>1117.8</ele>
   </trkpt>
   <trkpt lat="-29.7572360" lon="24.4327790">
    <ele>1117.7</ele>
   </trkpt>
   <trkpt lat="-29.7572860" lon="24.4327380">
    <ele>1117.6</ele>
   </trkpt>
   <trkpt lat="-29.7573380" lon="24.4326930">
    <ele>1117.5</ele>
   </trkpt>
   <trkpt lat="-29.7573840" lon="24.4326400">
    <ele>1117.4</ele>
   </trkpt>
   <trkpt lat="-29.7574340" lon="24.4325750">
    <ele>1117.3</ele>
   </trkpt>
   <trkpt lat="-29.7574750" lon="24.4325100">
    <ele>1117.2</ele>
   </trkpt>
   <trkpt lat="-29.7575260" lon="24.4324040">
    <ele>1117.1</ele>
   </trkpt>
   <trkpt lat="-29.7575680" lon="24.4322950">
    <ele>1117.0</ele>
   </trkpt>
   <trkpt lat="-29.7576060" lon="24.4321800">
    <ele>1116.8</ele>
   </trkpt>
   <trkpt lat="-29.7576450" lon="24.4320730">
    <ele>1116.7</ele>
   </trkpt>
   <trkpt lat="-29.7576750" lon="24.4319720">
    <ele>1116.6</ele>
   </trkpt>
   <trkpt lat="-29.7577050" lon="24.4318740">
    <ele>1116.4</ele>
   </trkpt>
   <trkpt lat="-29.7577340" lon="24.4317740">
    <ele>1116.3</ele>
   </trkpt>
   <trkpt lat="-29.7577560" lon="24.4316780">
    <ele>1116.2</ele>
   </trkpt>
   <trkpt lat="-29.7577880" lon="24.4315860">
    <ele>1116.1</ele>
   </trkpt>
   <trkpt lat="-29.7578250" lon="24.4314890">
    <ele>1116.0</ele>
   </trkpt>
   <trkpt lat="-29.7578510" lon="24.4314000">
    <ele>1115.9</ele>
   </trkpt>
   <trkpt lat="-29.7578810" lon="24.4313080">
    <ele>1115.7</ele>
   </trkpt>
   <trkpt lat="-29.7579170" lon="24.4312180">
    <ele>1115.6</ele>
   </trkpt>
   <trkpt lat="-29.7579530" lon="24.4311350">
    <ele>1115.5</ele>
   </trkpt>
   <trkpt lat="-29.7579860" lon="24.4310490">
    <ele>1115.4</ele>
   </trkpt>
   <trkpt lat="-29.7580110" lon="24.4309690">
    <ele>1115.3</ele>
   </trkpt>
   <trkpt lat="-29.7580320" lon="24.4308810">
    <ele>1115.2</ele>
   </trkpt>
   <trkpt lat="-29.7580470" lon="24.4307910">
    <ele>1115.1</ele>
   </trkpt>
   <trkpt lat="-29.7580560" lon="24.4307150">
    <ele>1115.0</ele>
   </trkpt>
   <trkpt lat="-29.7579760" lon="24.4307250">
    <ele>1115.0</ele>
   </trkpt>
   <trkpt lat="-29.7579360" lon="24.4306930">
    <ele>1115.0</ele>
   </trkpt>
   <trkpt lat="-29.7579030" lon="24.4306390">
    <ele>1115.1</ele>
   </trkpt>
   <trkpt lat="-29.7578610" lon="24.4305700">
    <ele>1115.1</ele>
   </trkpt>
   <trkpt lat="-29.7578110" lon="24.4304970">
    <ele>1115.1</ele>
   </trkpt>
   <trkpt lat="-29.7577550" lon="24.4304210">
    <ele>1115.1</ele>
   </trkpt>
   <trkpt lat="-29.7576940" lon="24.4303370">
    <ele>1115.1</ele>
   </trkpt>
   <trkpt lat="-29.7576370" lon="24.4302490">
    <ele>1115.2</ele>
   </trkpt>
   <trkpt lat="-29.7575780" lon="24.4301530">
    <ele>1115.2</ele>
   </trkpt>
   <trkpt lat="-29.7575080" lon="24.4300480">
    <ele>1115.2</ele>
   </trkpt>
   <trkpt lat="-29.7574440" lon="24.4299480">
    <ele>1115.2</ele>
   </trkpt>
   <trkpt lat="-29.7573660" lon="24.4298500">
    <ele>1115.3</ele>
   </trkpt>
   <trkpt lat="-29.7572960" lon="24.4297450">
    <ele>1115.3</ele>
   </trkpt>
   <trkpt lat="-29.7572170" lon="24.4296440">
    <ele>1115.3</ele>
   </trkpt>
   <trkpt lat="-29.7571360" lon="24.4295440">
    <ele>1115.4</ele>
   </trkpt>
   <trkpt lat="-29.7570530" lon="24.4294350">
    <ele>1115.4</ele>
   </trkpt>
   <trkpt lat="-29.7569510" lon="24.4293700">
    <ele>1115.4</ele>
   </trkpt>
   <trkpt lat="-29.7568700" lon="24.4292790">
    <ele>1115.4</ele>
   </trkpt>
   <trkpt lat="-29.7567920" lon="24.4291800">
    <ele>1115.5</ele>
   </trkpt>
   <trkpt lat="-29.7567150" lon="24.4290760">
    <ele>1115.5</ele>
   </trkpt>
   <trkpt lat="-29.7566280" lon="24.4289710">
    <ele>1115.5</ele>
   </trkpt>
   <trkpt lat="-29.7565470" lon="24.4288600">
    <ele>1115.6</ele>
   </trkpt>
   <trkpt lat="-29.7564630" lon="24.4287510">
    <ele>1115.6</ele>
   </trkpt>
   <trkpt lat="-29.7563750" lon="24.4286410">
    <ele>1115.6</ele>
   </trkpt>
   <trkpt lat="-29.7562890" lon="24.4285170">
    <ele>1115.7</ele>
   </trkpt>
   <trkpt lat="-29.7562060" lon="24.4283970">
    <ele>1115.7</ele>
   </trkpt>
   <trkpt lat="-29.7561200" lon="24.4282800">
    <ele>1115.7</ele>
   </trkpt>
   <trkpt lat="-29.7560380" lon="24.4281660">
    <ele>1115.8</ele>
   </trkpt>
   <trkpt lat="-29.7559520" lon="24.4280480">
    <ele>1115.8</ele>
   </trkpt>
   <trkpt lat="-29.7558660" lon="24.4279310">
    <ele>1115.8</ele>
   </trkpt>
   <trkpt lat="-29.7557750" lon="24.4278180">
    <ele>1115.9</ele>
   </trkpt>
   <trkpt lat="-29.7556870" lon="24.4277100">
    <ele>1115.9</ele>
   </trkpt>
   <trkpt lat="-29.7555990" lon="24.4276020">
    <ele>1115.9</ele>
   </trkpt>
   <trkpt lat="-29.7555150" lon="24.4274940">
    <ele>1115.9</ele>
   </trkpt>
   <trkpt lat="-29.7554420" lon="24.4273860">
    <ele>1116.0</ele>
   </trkpt>
   <trkpt lat="-29.7553660" lon="24.4272830">
    <ele>1115.8</ele>
   </trkpt>
   <trkpt lat="-29.7552900" lon="24.4271800">
    <ele>1115.7</ele>
   </trkpt>
   <trkpt lat="-29.7552140" lon="24.4270800">
    <ele>1115.5</ele>
   </trkpt>
   <trkpt lat="-29.7551430" lon="24.4269830">
    <ele>1115.4</ele>
   </trkpt>
   <trkpt lat="-29.7550700" lon="24.4268870">
    <ele>1115.2</ele>
   </trkpt>
   <trkpt lat="-29.7549940" lon="24.4267920">
    <ele>1115.1</ele>
   </trkpt>
   <trkpt lat="-29.7549220" lon="24.4266940">
    <ele>1114.9</ele>
   </trkpt>
   <trkpt lat="-29.7548490" lon="24.4265920">
    <ele>1114.8</ele>
   </trkpt>
   <trkpt lat="-29.7547770" lon="24.4264940">
    <ele>1114.6</ele>
   </trkpt>
   <trkpt lat="-29.7546980" lon="24.4264030">
    <ele>1114.5</ele>
   </trkpt>
   <trkpt lat="-29.7546190" lon="24.4263060">
    <ele>1114.3</ele>
   </trkpt>
   <trkpt lat="-29.7545340" lon="24.4262060">
    <ele>1114.2</ele>
   </trkpt>
   <trkpt lat="-29.7544490" lon="24.4261030">
    <ele>1114.0</ele>
   </trkpt>
   <trkpt lat="-29.7543660" lon="24.4259980">
    <ele>1113.8</ele>
   </trkpt>
   <trkpt lat="-29.7542780" lon="24.4258940">
    <ele>1113.7</ele>
   </trkpt>
   <trkpt lat="-29.7541890" lon="24.4257840">
    <ele>1113.5</ele>
   </trkpt>
   <trkpt lat="-29.7541070" lon="24.4256760">
    <ele>1113.3</ele>
   </trkpt>
   <trkpt lat="-29.7540220" lon="24.4255640">
    <ele>1113.1</ele>
   </trkpt>
   <trkpt lat="-29.7539440" lon="24.4254500">
    <ele>1113.0</ele>
   </trkpt>
   <trkpt lat="-29.7538620" lon="24.4253370">
    <ele>1112.8</ele>
   </trkpt>
   <trkpt lat="-29.7537750" lon="24.4252210">
    <ele>1112.6</ele>
   </trkpt>
   <trkpt lat="-29.7536840" lon="24.4251040">
    <ele>1112.4</ele>
   </trkpt>
   <trkpt lat="-29.7535910" lon="24.4249850">
    <ele>1112.3</ele>
   </trkpt>
   <trkpt lat="-29.7534960" lon="24.4248660">
    <ele>1112.1</ele>
   </trkpt>
   <trkpt lat="-29.7534040" lon="24.4247480">
    <ele>1111.9</ele>
   </trkpt>
   <trkpt lat="-29.7533150" lon="24.4246350">
    <ele>1111.7</ele>
   </trkpt>
   <trkpt lat="-29.7532280" lon="24.4245240">
    <ele>1111.5</ele>
   </trkpt>
   <trkpt lat="-29.7531390" lon="24.4244140">
    <ele>1111.4</ele>
   </trkpt>
   <trkpt lat="-29.7530520" lon="24.4243050">
    <ele>1111.2</ele>
   </trkpt>
   <trkpt lat="-29.7529640" lon="24.4241910">
    <ele>1111.0</ele>
   </trkpt>
   <trkpt lat="-29.7528770" lon="24.4240740">
    <ele>1110.8</ele>
   </trkpt>
   <trkpt lat="-29.7527950" lon="24.4239490">
    <ele>1110.6</ele>
   </trkpt>
   <trkpt lat="-29.7527060" lon="24.4238200">
    <ele>1110.5</ele>
   </trkpt>
   <trkpt lat="-29.7526110" lon="24.4236970">
    <ele>1110.3</ele>
   </trkpt>
   <trkpt lat="-29.7525140" lon="24.4235790">
    <ele>1110.1</ele>
   </trkpt>
   <trkpt lat="-29.7524180" lon="24.4234620">
    <ele>1109.9</ele>
   </trkpt>
   <trkpt lat="-29.7523250" lon="24.4233460">
    <ele>1109.7</ele>
   </trkpt>
   <trkpt lat="-29.7522330" lon="24.4232360">
    <ele>1109.5</ele>
   </trkpt>
   <trkpt lat="-29.7521390" lon="24.4231230">
    <ele>1109.3</ele>
   </trkpt>
   <trkpt lat="-29.7520430" lon="24.4230080">
    <ele>1109.2</ele>
   </trkpt>
   <trkpt lat="-29.7519470" lon="24.4228920">
    <ele>1109.0</ele>
   </trkpt>
   <trkpt lat="-29.7518530" lon="24.4227720">
    <ele>1108.8</ele>
   </trkpt>
   <trkpt lat="-29.7517580" lon="24.4226500">
    <ele>1108.6</ele>
   </trkpt>
   <trkpt lat="-29.7516670" lon="24.4225350">
    <ele>1108.4</ele>
   </trkpt>
   <trkpt lat="-29.7515800" lon="24.4224130">
    <ele>1108.2</ele>
   </trkpt>
   <trkpt lat="-29.7514920" lon="24.4222950">
    <ele>1108.0</ele>
   </trkpt>
   <trkpt lat="-29.7514030" lon="24.4221800">
    <ele>1107.9</ele>
   </trkpt>
   <trkpt lat="-29.7513130" lon="24.4220670">
    <ele>1107.7</ele>
   </trkpt>
   <trkpt lat="-29.7512230" lon="24.4219530">
    <ele>1107.5</ele>
   </trkpt>
   <trkpt lat="-29.7511320" lon="24.4218420">
    <ele>1107.3</ele>
   </trkpt>
   <trkpt lat="-29.7510420" lon="24.4217270">
    <ele>1107.1</ele>
   </trkpt>
   <trkpt lat="-29.7509470" lon="24.4216170">
    <ele>1107.0</ele>
   </trkpt>
   <trkpt lat="-29.7508580" lon="24.4215030">
    <ele>1106.8</ele>
   </trkpt>
   <trkpt lat="-29.7507670" lon="24.4213920">
    <ele>1106.6</ele>
   </trkpt>
   <trkpt lat="-29.7506830" lon="24.4212900">
    <ele>1106.4</ele>
   </trkpt>
   <trkpt lat="-29.7506070" lon="24.4211930">
    <ele>1106.3</ele>
   </trkpt>
   <trkpt lat="-29.7505420" lon="24.4210920">
    <ele>1106.1</ele>
   </trkpt>
   <trkpt lat="-29.7504730" lon="24.4209950">
    <ele>1106.0</ele>
   </trkpt>
   <trkpt lat="-29.7504030" lon="24.4209020">
    <ele>1105.9</ele>
   </trkpt>
   <trkpt lat="-29.7503250" lon="24.4208020">
    <ele>1105.7</ele>
   </trkpt>
   <trkpt lat="-29.7502470" lon="24.4206980">
    <ele>1105.5</ele>
   </trkpt>
   <trkpt lat="-29.7501620" lon="24.4205900">
    <ele>1105.4</ele>
   </trkpt>
   <trkpt lat="-29.7500730" lon="24.4204770">
    <ele>1105.2</ele>
   </trkpt>
   <trkpt lat="-29.7499830" lon="24.4203530">
    <ele>1105.0</ele>
   </trkpt>
   <trkpt lat="-29.7498930" lon="24.4202330">
    <ele>1104.8</ele>
   </trkpt>
   <trkpt lat="-29.7498050" lon="24.4201270">
    <ele>1104.7</ele>
   </trkpt>
   <trkpt lat="-29.7497170" lon="24.4200080">
    <ele>1104.5</ele>
   </trkpt>
   <trkpt lat="-29.7496300" lon="24.4198950">
    <ele>1104.3</ele>
   </trkpt>
   <trkpt lat="-29.7495380" lon="24.4197780">
    <ele>1104.1</ele>
   </trkpt>
   <trkpt lat="-29.7494450" lon="24.4196600">
    <ele>1104.0</ele>
   </trkpt>
   <trkpt lat="-29.7493670" lon="24.4195420">
    <ele>1104.0</ele>
   </trkpt>
   <trkpt lat="-29.7492900" lon="24.4194270">
    <ele>1104.0</ele>
   </trkpt>
   <trkpt lat="-29.7492120" lon="24.4193220">
    <ele>1104.0</ele>
   </trkpt>
   <trkpt lat="-29.7491380" lon="24.4192130">
    <ele>1104.0</ele>
   </trkpt>
   <trkpt lat="-29.7490670" lon="24.4191080">
    <ele>1104.0</ele>
   </trkpt>
   <trkpt lat="-29.7489950" lon="24.4190080">
    <ele>1104.0</ele>
   </trkpt>
   <trkpt lat="-29.7489220" lon="24.4189150">
    <ele>1103.9</ele>
   </trkpt>
   <trkpt lat="-29.7488380" lon="24.4188180">
    <ele>1103.9</ele>
   </trkpt>
   <trkpt lat="-29.7487580" lon="24.4187200">
    <ele>1103.8</ele>
   </trkpt>
   <trkpt lat="-29.7486770" lon="24.4186180">
    <ele>1103.7</ele>
   </trkpt>
   <trkpt lat="-29.7485930" lon="24.4185170">
    <ele>1103.7</ele>
   </trkpt>
   <trkpt lat="-29.7485120" lon="24.4184080">
    <ele>1103.6</ele>
   </trkpt>
   <trkpt lat="-29.7484350" lon="24.4183070">
    <ele>1103.6</ele>
   </trkpt>
   <trkpt lat="-29.7483620" lon="24.4182050">
    <ele>1103.5</ele>
   </trkpt>
   <trkpt lat="-29.7482980" lon="24.4181030">
    <ele>1103.4</ele>
   </trkpt>
   <trkpt lat="-29.7482250" lon="24.4180050">
    <ele>1103.4</ele>
   </trkpt>
   <trkpt lat="-29.7481500" lon="24.4179080">
    <ele>1103.3</ele>
   </trkpt>
   <trkpt lat="-29.7480720" lon="24.4178080">
    <ele>1103.3</ele>
   </trkpt>
   <trkpt lat="-29.7479880" lon="24.4177100">
    <ele>1103.2</ele>
   </trkpt>
   <trkpt lat="-29.7479050" lon="24.4176030">
    <ele>1103.1</ele>
   </trkpt>
   <trkpt lat="-29.7478120" lon="24.4174930">
    <ele>1103.1</ele>
   </trkpt>
   <trkpt lat="-29.7477320" lon="24.4173870">
    <ele>1103.0</ele>
   </trkpt>
   <trkpt lat="-29.7476500" lon="24.4172830">
    <ele>1103.0</ele>
   </trkpt>
   <trkpt lat="-29.7475670" lon="24.4171730">
    <ele>1103.0</ele>
   </trkpt>
   <trkpt lat="-29.7474820" lon="24.4170670">
    <ele>1103.0</ele>
   </trkpt>
   <trkpt lat="-29.7473970" lon="24.4169520">
    <ele>1102.9</ele>
   </trkpt>
   <trkpt lat="-29.7473070" lon="24.4168430">
    <ele>1102.9</ele>
   </trkpt>
   <trkpt lat="-29.7472200" lon="24.4167350">
    <ele>1102.9</ele>
   </trkpt>
   <trkpt lat="-29.7471320" lon="24.4166250">
    <ele>1102.9</ele>
   </trkpt>
   <trkpt lat="-29.7470430" lon="24.4165130">
    <ele>1102.9</ele>
   </trkpt>
   <trkpt lat="-29.7469680" lon="24.4163980">
    <ele>1102.8</ele>
   </trkpt>
   <trkpt lat="-29.7468770" lon="24.4162880">
    <ele>1102.8</ele>
   </trkpt>
   <trkpt lat="-29.7467850" lon="24.4161670">
    <ele>1102.8</ele>
   </trkpt>
   <trkpt lat="-29.7467050" lon="24.4160580">
    <ele>1102.8</ele>
   </trkpt>
   <trkpt lat="-29.7466300" lon="24.4159530">
    <ele>1102.8</ele>
   </trkpt>
   <trkpt lat="-29.7465580" lon="24.4158500">
    <ele>1102.8</ele>
   </trkpt>
   <trkpt lat="-29.7464870" lon="24.4157500">
    <ele>1102.7</ele>
   </trkpt>
   <trkpt lat="-29.7464130" lon="24.4156530">
    <ele>1102.7</ele>
   </trkpt>
   <trkpt lat="-29.7463280" lon="24.4155470">
    <ele>1102.7</ele>
   </trkpt>
   <trkpt lat="-29.7462420" lon="24.4154420">
    <ele>1102.7</ele>
   </trkpt>
   <trkpt lat="-29.7461620" lon="24.4153350">
    <ele>1102.7</ele>
   </trkpt>
   <trkpt lat="-29.7460930" lon="24.4152300">
    <ele>1102.6</ele>
   </trkpt>
   <trkpt lat="-29.7460120" lon="24.4151330">
    <ele>1102.6</ele>
   </trkpt>
   <trkpt lat="-29.7459330" lon="24.4150400">
    <ele>1102.6</ele>
   </trkpt>
   <trkpt lat="-29.7458580" lon="24.4149520">
    <ele>1102.6</ele>
   </trkpt>
   <trkpt lat="-29.7457870" lon="24.4148620">
    <ele>1102.6</ele>
   </trkpt>
   <trkpt lat="-29.7457220" lon="24.4147720">
    <ele>1102.6</ele>
   </trkpt>
   <trkpt lat="-29.7456580" lon="24.4146770">
    <ele>1102.5</ele>
   </trkpt>
   <trkpt lat="-29.7455980" lon="24.4145870">
    <ele>1102.5</ele>
   </trkpt>
   <trkpt lat="-29.7455330" lon="24.4144900">
    <ele>1102.5</ele>
   </trkpt>
   <trkpt lat="-29.7454630" lon="24.4143930">
    <ele>1102.5</ele>
   </trkpt>
   <trkpt lat="-29.7453950" lon="24.4142950">
    <ele>1102.5</ele>
   </trkpt>
   <trkpt lat="-29.7453220" lon="24.4141950">
    <ele>1102.5</ele>
   </trkpt>
   <trkpt lat="-29.7452480" lon="24.4140980">
    <ele>1102.4</ele>
   </trkpt>
   <trkpt lat="-29.7451680" lon="24.4140020">
    <ele>1102.4</ele>
   </trkpt>
   <trkpt lat="-29.7450920" lon="24.4139030">
    <ele>1102.4</ele>
   </trkpt>
   <trkpt lat="-29.7450170" lon="24.4138030">
    <ele>1102.4</ele>
   </trkpt>
   <trkpt lat="-29.7449430" lon="24.4137070">
    <ele>1102.4</ele>
   </trkpt>
   <trkpt lat="-29.7448680" lon="24.4136020">
    <ele>1102.4</ele>
   </trkpt>
   <trkpt lat="-29.7448000" lon="24.4135070">
    <ele>1102.3</ele>
   </trkpt>
   <trkpt lat="-29.7447350" lon="24.4134120">
    <ele>1102.3</ele>
   </trkpt>
   <trkpt lat="-29.7446700" lon="24.4133220">
    <ele>1102.3</ele>
   </trkpt>
   <trkpt lat="-29.7445870" lon="24.4132380">
    <ele>1102.3</ele>
   </trkpt>
   <trkpt lat="-29.7445080" lon="24.4131470">
    <ele>1102.3</ele>
   </trkpt>
   <trkpt lat="-29.7444320" lon="24.4130500">
    <ele>1102.3</ele>
   </trkpt>
   <trkpt lat="-29.7443650" lon="24.4129550">
    <ele>1102.2</ele>
   </trkpt>
   <trkpt lat="-29.7443020" lon="24.4128650">
    <ele>1102.2</ele>
   </trkpt>
   <trkpt lat="-29.7442320" lon="24.4127680">
    <ele>1102.2</ele>
   </trkpt>
   <trkpt lat="-29.7441650" lon="24.4126750">
    <ele>1102.2</ele>
   </trkpt>
   <trkpt lat="-29.7440970" lon="24.4125830">
    <ele>1102.2</ele>
   </trkpt>
   <trkpt lat="-29.7440230" lon="24.4124850">
    <ele>1102.2</ele>
   </trkpt>
   <trkpt lat="-29.7439480" lon="24.4123900">
    <ele>1102.1</ele>
   </trkpt>
   <trkpt lat="-29.7438730" lon="24.4122950">
    <ele>1102.1</ele>
   </trkpt>
   <trkpt lat="-29.7437930" lon="24.4121930">
    <ele>1102.1</ele>
   </trkpt>
   <trkpt lat="-29.7437270" lon="24.4121000">
    <ele>1102.1</ele>
   </trkpt>
   <trkpt lat="-29.7436550" lon="24.4120070">
    <ele>1102.1</ele>
   </trkpt>
   <trkpt lat="-29.7435850" lon="24.4119130">
    <ele>1102.1</ele>
   </trkpt>
   <trkpt lat="-29.7435180" lon="24.4118270">
    <ele>1102.0</ele>
   </trkpt>
   <trkpt lat="-29.7434530" lon="24.4117430">
    <ele>1102.0</ele>
   </trkpt>
   <trkpt lat="-29.7433820" lon="24.4116550">
    <ele>1102.0</ele>
   </trkpt>
   <trkpt lat="-29.7433170" lon="24.4115670">
    <ele>1102.0</ele>
   </trkpt>
   <trkpt lat="-29.7432570" lon="24.4114780">
    <ele>1102.1</ele>
   </trkpt>
   <trkpt lat="-29.7431900" lon="24.4113870">
    <ele>1102.1</ele>
   </trkpt>
   <trkpt lat="-29.7431230" lon="24.4112920">
    <ele>1102.2</ele>
   </trkpt>
   <trkpt lat="-29.7430480" lon="24.4111930">
    <ele>1102.3</ele>
   </trkpt>
   <trkpt lat="-29.7429730" lon="24.4110850">
    <ele>1102.3</ele>
   </trkpt>
   <trkpt lat="-29.7429000" lon="24.4109730">
    <ele>1102.4</ele>
   </trkpt>
   <trkpt lat="-29.7428130" lon="24.4108600">
    <ele>1102.5</ele>
   </trkpt>
   <trkpt lat="-29.7427370" lon="24.4107380">
    <ele>1102.6</ele>
   </trkpt>
   <trkpt lat="-29.7426680" lon="24.4106150">
    <ele>1102.6</ele>
   </trkpt>
   <trkpt lat="-29.7425930" lon="24.4105000">
    <ele>1102.7</ele>
   </trkpt>
   <trkpt lat="-29.7425070" lon="24.4103720">
    <ele>1102.8</ele>
   </trkpt>
   <trkpt lat="-29.7424280" lon="24.4102350">
    <ele>1102.9</ele>
   </trkpt>
   <trkpt lat="-29.7423430" lon="24.4100980">
    <ele>1103.0</ele>
   </trkpt>
   <trkpt lat="-29.7422620" lon="24.4099550">
    <ele>1103.1</ele>
   </trkpt>
   <trkpt lat="-29.7421780" lon="24.4098080">
    <ele>1103.1</ele>
   </trkpt>
   <trkpt lat="-29.7420980" lon="24.4096680">
    <ele>1103.2</ele>
   </trkpt>
   <trkpt lat="-29.7420250" lon="24.4095280">
    <ele>1103.3</ele>
   </trkpt>
   <trkpt lat="-29.7419730" lon="24.4094000">
    <ele>1103.4</ele>
   </trkpt>
   <trkpt lat="-29.7419180" lon="24.4092500">
    <ele>1103.5</ele>
   </trkpt>
   <trkpt lat="-29.7418770" lon="24.4091220">
    <ele>1103.6</ele>
   </trkpt>
   <trkpt lat="-29.7418280" lon="24.4089800">
    <ele>1103.6</ele>
   </trkpt>
   <trkpt lat="-29.7417850" lon="24.4088420">
    <ele>1103.7</ele>
   </trkpt>
   <trkpt lat="-29.7417380" lon="24.4087030">
    <ele>1103.8</ele>
   </trkpt>
   <trkpt lat="-29.7417000" lon="24.4085600">
    <ele>1103.9</ele>
   </trkpt>
   <trkpt lat="-29.7416550" lon="24.4084200">
    <ele>1103.9</ele>
   </trkpt>
   <trkpt lat="-29.7416100" lon="24.4082870">
    <ele>1104.0</ele>
   </trkpt>
   <trkpt lat="-29.7415730" lon="24.4081600">
    <ele>1104.1</ele>
   </trkpt>
   <trkpt lat="-29.7415450" lon="24.4080270">
    <ele>1104.2</ele>
   </trkpt>
   <trkpt lat="-29.7415120" lon="24.4079080">
    <ele>1104.2</ele>
   </trkpt>
   <trkpt lat="-29.7414770" lon="24.4077850">
    <ele>1104.3</ele>
   </trkpt>
   <trkpt lat="-29.7414470" lon="24.4076650">
    <ele>1104.4</ele>
   </trkpt>
   <trkpt lat="-29.7414130" lon="24.4075400">
    <ele>1104.4</ele>
   </trkpt>
   <trkpt lat="-29.7413830" lon="24.4074020">
    <ele>1104.5</ele>
   </trkpt>
   <trkpt lat="-29.7413420" lon="24.4072780">
    <ele>1104.6</ele>
   </trkpt>
   <trkpt lat="-29.7412880" lon="24.4071480">
    <ele>1104.6</ele>
   </trkpt>
   <trkpt lat="-29.7412570" lon="24.4070030">
    <ele>1104.7</ele>
   </trkpt>
   <trkpt lat="-29.7412220" lon="24.4068620">
    <ele>1104.8</ele>
   </trkpt>
   <trkpt lat="-29.7411650" lon="24.4067230">
    <ele>1104.9</ele>
   </trkpt>
   <trkpt lat="-29.7411250" lon="24.4065930">
    <ele>1105.0</ele>
   </trkpt>
   <trkpt lat="-29.7410930" lon="24.4064700">
    <ele>1105.0</ele>
   </trkpt>
   <trkpt lat="-29.7410700" lon="24.4063380">
    <ele>1105.1</ele>
   </trkpt>
   <trkpt lat="-29.7410420" lon="24.4062200">
    <ele>1105.2</ele>
   </trkpt>
   <trkpt lat="-29.7410170" lon="24.4061150">
    <ele>1105.2</ele>
   </trkpt>
   <trkpt lat="-29.7409900" lon="24.4060200">
    <ele>1105.3</ele>
   </trkpt>
   <trkpt lat="-29.7409670" lon="24.4059330">
    <ele>1105.3</ele>
   </trkpt>
   <trkpt lat="-29.7409370" lon="24.4058570">
    <ele>1105.4</ele>
   </trkpt>
   <trkpt lat="-29.7409180" lon="24.4057900">
    <ele>1105.4</ele>
   </trkpt>
   <trkpt lat="-29.7409070" lon="24.4057270">
    <ele>1105.4</ele>
   </trkpt>
   <trkpt lat="-29.7408970" lon="24.4056730">
    <ele>1105.5</ele>
   </trkpt>
   <trkpt lat="-29.7408900" lon="24.4056320">
    <ele>1105.5</ele>
   </trkpt>
   <trkpt lat="-29.7408800" lon="24.4056140">
    <ele>1105.5</ele>
   </trkpt>
   <trkpt lat="-29.7408740" lon="24.4056180">
    <ele>1105.5</ele>
   </trkpt>
   <trkpt lat="-29.7408690" lon="24.4056210">
    <ele>1105.5</ele>
   </trkpt>
   <trkpt lat="-29.7408640" lon="24.4056250">
    <ele>1105.3</ele>
   </trkpt>
   <trkpt lat="-29.7408580" lon="24.4056290">
    <ele>1105.3</ele>
   </trkpt>
   <trkpt lat="-29.7408530" lon="24.4056330">
    <ele>1105.3</ele>
   </trkpt>
   <trkpt lat="-29.7408480" lon="24.4056370">
    <ele>1105.3</ele>
   </trkpt>
   <trkpt lat="-29.7408420" lon="24.4056400">
    <ele>1105.3</ele>
   </trkpt>
   <trkpt lat="-29.7408370" lon="24.4056440">
    <ele>1105.3</ele>
   </trkpt>
   <trkpt lat="-29.7408320" lon="24.4056480">
    <ele>1105.3</ele>
   </trkpt>
   <trkpt lat="-29.7408260" lon="24.4056520">
    <ele>1105.2</ele>
   </trkpt>
   <trkpt lat="-29.7408210" lon="24.4056560">
    <ele>1105.0</ele>
   </trkpt>
   <trkpt lat="-29.7408160" lon="24.4056590">
    <ele>1105.0</ele>
   </trkpt>
   <trkpt lat="-29.7408100" lon="24.4056630">
    <ele>1105.0</ele>
   </trkpt>
   <trkpt lat="-29.7408050" lon="24.4056670">
    <ele>1105.0</ele>
   </trkpt>
   <trkpt lat="-29.7407930" lon="24.4056670">
    <ele>1104.8</ele>
   </trkpt>
   <trkpt lat="-29.7407870" lon="24.4056650">
    <ele>1104.8</ele>
   </trkpt>
   <trkpt lat="-29.7407800" lon="24.4056620">
    <ele>1104.8</ele>
   </trkpt>
   <trkpt lat="-29.7407800" lon="24.4056620">
    <ele>1104.8</ele>
   </trkpt>
   <trkpt lat="-29.7407800" lon="24.4056620">
    <ele>1104.8</ele>
   </trkpt>
   <trkpt lat="-29.7407800" lon="24.4056620">
    <ele>1104.8</ele>
   </trkpt>
   <trkpt lat="-29.7407800" lon="24.4056620">
    <ele>1104.8</ele>
   </trkpt>
   <trkpt lat="-29.7407800" lon="24.4056620">
    <ele>1104.8</ele>
   </trkpt>
   <trkpt lat="-29.7407800" lon="24.4056620">
    <ele>1104.8</ele>
   </trkpt>
   <trkpt lat="-29.7407800" lon="24.4056620">
    <ele>1104.8</ele>
   </trkpt>
   <trkpt lat="-29.7407320" lon="24.4056470">
    <ele>1104.9</ele>
   </trkpt>
   <trkpt lat="-29.7407170" lon="24.4056450">
    <ele>1104.8</ele>
   </trkpt>
   <trkpt lat="-29.7407000" lon="24.4056430">
    <ele>1104.8</ele>
   </trkpt>
   <trkpt lat="-29.7406670" lon="24.4056390">
    <ele>1104.7</ele>
   </trkpt>
   <trkpt lat="-29.7406530" lon="24.4056380">
    <ele>1104.7</ele>
   </trkpt>
   <trkpt lat="-29.7406270" lon="24.4056320">
    <ele>1104.6</ele>
   </trkpt>
   <trkpt lat="-29.7405920" lon="24.4056250">
    <ele>1104.5</ele>
   </trkpt>
   <trkpt lat="-29.7405800" lon="24.4056230">
    <ele>1104.5</ele>
   </trkpt>
   <trkpt lat="-29.7405460" lon="24.4056100">
    <ele>1104.5</ele>
   </trkpt>
   <trkpt lat="-29.7405330" lon="24.4056050">
    <ele>1104.5</ele>
   </trkpt>
   <trkpt lat="-29.7404980" lon="24.4055920">
    <ele>1104.5</ele>
   </trkpt>
   <trkpt lat="-29.7404870" lon="24.4055880">
    <ele>1104.5</ele>
   </trkpt>
   <trkpt lat="-29.7404560" lon="24.4055750">
    <ele>1104.7</ele>
   </trkpt>
   <trkpt lat="-29.7404450" lon="24.4055700">
    <ele>1104.7</ele>
   </trkpt>
   <trkpt lat="-29.7404180" lon="24.4055630">
    <ele>1104.9</ele>
   </trkpt>
   <trkpt lat="-29.7403920" lon="24.4055520">
    <ele>1104.9</ele>
   </trkpt>
   <trkpt lat="-29.7403560" lon="24.4055370">
    <ele>1105.1</ele>
   </trkpt>
   <trkpt lat="-29.7403450" lon="24.4055320">
    <ele>1105.4</ele>
   </trkpt>
   <trkpt lat="-29.7403180" lon="24.4055210">
    <ele>1105.5</ele>
   </trkpt>
   <trkpt lat="-29.7403080" lon="24.4055200">
    <ele>1105.9</ele>
   </trkpt>
   <trkpt lat="-29.7402790" lon="24.4055100">
    <ele>1105.9</ele>
   </trkpt>
   <trkpt lat="-29.7402680" lon="24.4055050">
    <ele>1106.4</ele>
   </trkpt>
   <trkpt lat="-29.7402380" lon="24.4054920">
    <ele>1106.4</ele>
   </trkpt>
   <trkpt lat="-29.7402270" lon="24.4054870">
    <ele>1106.9</ele>
   </trkpt>
   <trkpt lat="-29.7401950" lon="24.4054720">
    <ele>1107.6</ele>
   </trkpt>
   <trkpt lat="-29.7401850" lon="24.4054670">
    <ele>1107.6</ele>
   </trkpt>
   <trkpt lat="-29.7401530" lon="24.4054540">
    <ele>1108.1</ele>
   </trkpt>
   <trkpt lat="-29.7401420" lon="24.4054500">
    <ele>1108.1</ele>
   </trkpt>
   <trkpt lat="-29.7401090" lon="24.4054390">
    <ele>1108.6</ele>
   </trkpt>
   <trkpt lat="-29.7400980" lon="24.4054350">
    <ele>1108.6</ele>
   </trkpt>
   <trkpt lat="-29.7400650" lon="24.4054210">
    <ele>1109.0</ele>
   </trkpt>
   <trkpt lat="-29.7400520" lon="24.4054170">
    <ele>1109.0</ele>
   </trkpt>
   <trkpt lat="-29.7400200" lon="24.4054020">
    <ele>1109.3</ele>
   </trkpt>
   <trkpt lat="-29.7400080" lon="24.4053970">
    <ele>1109.6</ele>
   </trkpt>
   <trkpt lat="-29.7399750" lon="24.4053830">
    <ele>1109.6</ele>
   </trkpt>
   <trkpt lat="-29.7399630" lon="24.4053800">
    <ele>1109.9</ele>
   </trkpt>
   <trkpt lat="-29.7399310" lon="24.4053700">
    <ele>1110.1</ele>
   </trkpt>
   <trkpt lat="-29.7399200" lon="24.4053670">
    <ele>1110.1</ele>
   </trkpt>
   <trkpt lat="-29.7398890" lon="24.4053540">
    <ele>1110.4</ele>
   </trkpt>
   <trkpt lat="-29.7398800" lon="24.4053500">
    <ele>1110.4</ele>
   </trkpt>
   <trkpt lat="-29.7398490" lon="24.4053380">
    <ele>1110.6</ele>
   </trkpt>
   <trkpt lat="-29.7398400" lon="24.4053350">
    <ele>1110.6</ele>
   </trkpt>
   <trkpt lat="-29.7398090" lon="24.4053260">
    <ele>1110.9</ele>
   </trkpt>
   <trkpt lat="-29.7397970" lon="24.4053220">
    <ele>1110.9</ele>
   </trkpt>
   <trkpt lat="-29.7397690" lon="24.4053100">
    <ele>1111.1</ele>
   </trkpt>
   <trkpt lat="-29.7397600" lon="24.4053080">
    <ele>1111.1</ele>
   </trkpt>
   <trkpt lat="-29.7397280" lon="24.4052970">
    <ele>1111.4</ele>
   </trkpt>
   <trkpt lat="-29.7397180" lon="24.4052930">
    <ele>1111.4</ele>
   </trkpt>
   <trkpt lat="-29.7397000" lon="24.4052880">
    <ele>1111.6</ele>
   </trkpt>
   <trkpt lat="-29.7396830" lon="24.4052850">
    <ele>1111.6</ele>
   </trkpt>
   <trkpt lat="-29.7396650" lon="24.4052800">
    <ele>1111.8</ele>
   </trkpt>
   <trkpt lat="-29.7396480" lon="24.4052730">
    <ele>1111.8</ele>
   </trkpt>
   <trkpt lat="-29.7396210" lon="24.4052620">
    <ele>1112.1</ele>
   </trkpt>
   <trkpt lat="-29.7396120" lon="24.4052600">
    <ele>1112.1</ele>
   </trkpt>
   <trkpt lat="-29.7395770" lon="24.4052500">
    <ele>1112.3</ele>
   </trkpt>
   <trkpt lat="-29.7395630" lon="24.4052480">
    <ele>1112.5</ele>
   </trkpt>
   <trkpt lat="-29.7395350" lon="24.4052380">
    <ele>1112.5</ele>
   </trkpt>
   <trkpt lat="-29.7395280" lon="24.4052350">
    <ele>1112.5</ele>
   </trkpt>
   <trkpt lat="-29.7395180" lon="24.4052300">
    <ele>1112.5</ele>
   </trkpt>
   <trkpt lat="-29.7395170" lon="24.4052270">
    <ele>1112.5</ele>
   </trkpt>
   <trkpt lat="-29.7395170" lon="24.4052270">
    <ele>1112.5</ele>
   </trkpt>
   <trkpt lat="-29.7395170" lon="24.4052270">
    <ele>1112.5</ele>
   </trkpt>
   <trkpt lat="-29.7395170" lon="24.4052270">
    <ele>1112.5</ele>
   </trkpt>
   <trkpt lat="-29.7395170" lon="24.4052270">
    <ele>1112.5</ele>
   </trkpt>
   <trkpt lat="-29.7395170" lon="24.4052270">
    <ele>1112.5</ele>
   </trkpt>
   <trkpt lat="-29.7395170" lon="24.4052270">
    <ele>1112.5</ele>
   </trkpt>
   <trkpt lat="-29.7395170" lon="24.4052270">
    <ele>1112.5</ele>
   </trkpt>
   <trkpt lat="-29.7395170" lon="24.4052270">
    <ele>1112.5</ele>
   </trkpt>
   <trkpt lat="-29.7394800" lon="24.4052080">
    <ele>1112.5</ele>
   </trkpt>
   <trkpt lat="-29.7394700" lon="24.4052030">
    <ele>1112.5</ele>
   </trkpt>
   <trkpt lat="-29.7394530" lon="24.4051980">
    <ele>1112.5</ele>
   </trkpt>
   <trkpt lat="-29.7394370" lon="24.4051950">
    <ele>1112.5</ele>
   </trkpt>
   <trkpt lat="-29.7394180" lon="24.4051920">
    <ele>1112.5</ele>
   </trkpt>
   <trkpt lat="-29.7394020" lon="24.4051870">
    <ele>1112.5</ele>
   </trkpt>
   <trkpt lat="-29.7393830" lon="24.4051820">
    <ele>1112.4</ele>
   </trkpt>
   <trkpt lat="-29.7393720" lon="24.4051730">
    <ele>1112.4</ele>
   </trkpt>
   <trkpt lat="-29.7393550" lon="24.4051670">
    <ele>1112.4</ele>
   </trkpt>
   <trkpt lat="-29.7393400" lon="24.4051630">
    <ele>1112.4</ele>
   </trkpt>
   <trkpt lat="-29.7393280" lon="24.4051580">
    <ele>1112.4</ele>
   </trkpt>
   <trkpt lat="-29.7393180" lon="24.4051530">
    <ele>1112.4</ele>
   </trkpt>
   <trkpt lat="-29.7393070" lon="24.4051500">
    <ele>1112.4</ele>
   </trkpt>
   <trkpt lat="-29.7392950" lon="24.4051450">
    <ele>1112.4</ele>
   </trkpt>
   <trkpt lat="-29.7392850" lon="24.4051400">
    <ele>1112.4</ele>
   </trkpt>
   <trkpt lat="-29.7392750" lon="24.4051370">
    <ele>1112.4</ele>
   </trkpt>
   <trkpt lat="-29.7392680" lon="24.4051300">
    <ele>1112.4</ele>
   </trkpt>
   <trkpt lat="-29.7392580" lon="24.4051270">
    <ele>1112.4</ele>
   </trkpt>
   <trkpt lat="-29.7392470" lon="24.4051250">
    <ele>1112.4</ele>
   </trkpt>
   <trkpt lat="-29.7392350" lon="24.4051220">
    <ele>1112.4</ele>
   </trkpt>
   <trkpt lat="-29.7392230" lon="24.4051170">
    <ele>1112.4</ele>
   </trkpt>
   <trkpt lat="-29.7392100" lon="24.4051130">
    <ele>1112.4</ele>
   </trkpt>
   <trkpt lat="-29.7392030" lon="24.4051070">
    <ele>1112.4</ele>
   </trkpt>
   <trkpt lat="-29.7391860" lon="24.4050960">
    <ele>1112.4</ele>
   </trkpt>
   <trkpt lat="-29.7391760" lon="24.4050920">
    <ele>1112.4</ele>
   </trkpt>
   <trkpt lat="-29.7391670" lon="24.4050880">
    <ele>1112.4</ele>
   </trkpt>
   <trkpt lat="-29.7391520" lon="24.4050850">
    <ele>1112.4</ele>
   </trkpt>
   <trkpt lat="-29.7391400" lon="24.4050820">
    <ele>1112.4</ele>
   </trkpt>
   <trkpt lat="-29.7391270" lon="24.4050800">
    <ele>1112.4</ele>
   </trkpt>
   <trkpt lat="-29.7391170" lon="24.4050770">
    <ele>1112.4</ele>
   </trkpt>
   <trkpt lat="-29.7391080" lon="24.4050750">
    <ele>1112.5</ele>
   </trkpt>
   <trkpt lat="-29.7390950" lon="24.4050620">
    <ele>1112.5</ele>
   </trkpt>
   <trkpt lat="-29.7390860" lon="24.4050570">
    <ele>1112.5</ele>
   </trkpt>
   <trkpt lat="-29.7390780" lon="24.4050520">
    <ele>1112.8</ele>
   </trkpt>
   <trkpt lat="-29.7390630" lon="24.4050450">
    <ele>1112.8</ele>
   </trkpt>
   <trkpt lat="-29.7390520" lon="24.4050420">
    <ele>1112.8</ele>
   </trkpt>
   <trkpt lat="-29.7390400" lon="24.4050400">
    <ele>1113.0</ele>
   </trkpt>
   <trkpt lat="-29.7390320" lon="24.4050370">
    <ele>1113.0</ele>
   </trkpt>
   <trkpt lat="-29.7390200" lon="24.4050300">
    <ele>1113.0</ele>
   </trkpt>
   <trkpt lat="-29.7390050" lon="24.4050250">
    <ele>1113.0</ele>
   </trkpt>
   <trkpt lat="-29.7389920" lon="24.4050180">
    <ele>1113.3</ele>
   </trkpt>
   <trkpt lat="-29.7389780" lon="24.4050120">
    <ele>1113.3</ele>
   </trkpt>
   <trkpt lat="-29.7389650" lon="24.4050050">
    <ele>1113.6</ele>
   </trkpt>
   <trkpt lat="-29.7389440" lon="24.4049990">
    <ele>1113.6</ele>
   </trkpt>
   <trkpt lat="-29.7389360" lon="24.4049990">
    <ele>1113.6</ele>
   </trkpt>
   <trkpt lat="-29.7389280" lon="24.4049980">
    <ele>1114.1</ele>
   </trkpt>
   <trkpt lat="-29.7389200" lon="24.4050000">
    <ele>1114.1</ele>
   </trkpt>
   <trkpt lat="-29.7389130" lon="24.4050000">
    <ele>1114.1</ele>
   </trkpt>
   <trkpt lat="-29.7389030" lon="24.4049970">
    <ele>1114.1</ele>
   </trkpt>
   <trkpt lat="-29.7388930" lon="24.4049920">
    <ele>1114.1</ele>
   </trkpt>
   <trkpt lat="-29.7388850" lon="24.4049870">
    <ele>1114.7</ele>
   </trkpt>
   <trkpt lat="-29.7388750" lon="24.4049820">
    <ele>1114.7</ele>
   </trkpt>
   <trkpt lat="-29.7388680" lon="24.4049770">
    <ele>1114.7</ele>
   </trkpt>
   <trkpt lat="-29.7388570" lon="24.4049730">
    <ele>1114.7</ele>
   </trkpt>
   <trkpt lat="-29.7388450" lon="24.4049700">
    <ele>1115.2</ele>
   </trkpt>
   <trkpt lat="-29.7388350" lon="24.4049650">
    <ele>1115.4</ele>
   </trkpt>
   <trkpt lat="-29.7388220" lon="24.4049580">
    <ele>1115.4</ele>
   </trkpt>
   <trkpt lat="-29.7388120" lon="24.4049520">
    <ele>1116.2</ele>
   </trkpt>
   <trkpt lat="-29.7388020" lon="24.4049500">
    <ele>1116.2</ele>
   </trkpt>
   <trkpt lat="-29.7387920" lon="24.4049470">
    <ele>1116.2</ele>
   </trkpt>
   <trkpt lat="-29.7387900" lon="24.4049450">
    <ele>1116.2</ele>
   </trkpt>
   <trkpt lat="-29.7387880" lon="24.4049450">
    <ele>1116.2</ele>
   </trkpt>
   <trkpt lat="-29.7387880" lon="24.4049450">
    <ele>1116.2</ele>
   </trkpt>
   <trkpt lat="-29.7387880" lon="24.4049450">
    <ele>1116.2</ele>
   </trkpt>
   <trkpt lat="-29.7387880" lon="24.4049450">
    <ele>1116.2</ele>
   </trkpt>
   <trkpt lat="-29.7387880" lon="24.4049450">
    <ele>1116.2</ele>
   </trkpt>
   <trkpt lat="-29.7387880" lon="24.4049450">
    <ele>1116.2</ele>
   </trkpt>
   <trkpt lat="-29.7387880" lon="24.4049450">
    <ele>1116.2</ele>
   </trkpt>
   <trkpt lat="-29.7387880" lon="24.4049450">
    <ele>1116.2</ele>
   </trkpt>
   <trkpt lat="-29.7386980" lon="24.4049150">
    <ele>1119.7</ele>
   </trkpt>
   <trkpt lat="-29.7386880" lon="24.4049080">
    <ele>1119.7</ele>
   </trkpt>
   <trkpt lat="-29.7386750" lon="24.4049030">
    <ele>1119.7</ele>
   </trkpt>
   <trkpt lat="-29.7386650" lon="24.4048980">
    <ele>1120.7</ele>
   </trkpt>
   <trkpt lat="-29.7386530" lon="24.4048930">
    <ele>1120.7</ele>
   </trkpt>
   <trkpt lat="-29.7386400" lon="24.4048880">
    <ele>1120.7</ele>
   </trkpt>
   <trkpt lat="-29.7386350" lon="24.4048870">
    <ele>1120.7</ele>
   </trkpt>
   <trkpt lat="-29.7386280" lon="24.4048830">
    <ele>1121.7</ele>
   </trkpt>
   <trkpt lat="-29.7386280" lon="24.4048830">
    <ele>1121.7</ele>
   </trkpt>
   <trkpt lat="-29.7386280" lon="24.4048830">
    <ele>1121.7</ele>
   </trkpt>
   <trkpt lat="-29.7386280" lon="24.4048830">
    <ele>1121.7</ele>
   </trkpt>
   <trkpt lat="-29.7386280" lon="24.4048830">
    <ele>1121.7</ele>
   </trkpt>
   <trkpt lat="-29.7386280" lon="24.4048830">
    <ele>1121.7</ele>
   </trkpt>
   <trkpt lat="-29.7386280" lon="24.4048830">
    <ele>1121.7</ele>
   </trkpt>
   <trkpt lat="-29.7386280" lon="24.4048830">
    <ele>1121.7</ele>
   </trkpt>
   <trkpt lat="-29.7385300" lon="24.4047670">
    <ele>1123.8</ele>
   </trkpt>
   <trkpt lat="-29.7385300" lon="24.4047530">
    <ele>1123.8</ele>
   </trkpt>
   <trkpt lat="-29.7385320" lon="24.4047420">
    <ele>1123.8</ele>
   </trkpt>
   <trkpt lat="-29.7385350" lon="24.4047300">
    <ele>1123.8</ele>
   </trkpt>
   <trkpt lat="-29.7385420" lon="24.4047170">
    <ele>1123.8</ele>
   </trkpt>
   <trkpt lat="-29.7385450" lon="24.4047000">
    <ele>1123.9</ele>
   </trkpt>
   <trkpt lat="-29.7385470" lon="24.4046830">
    <ele>1123.9</ele>
   </trkpt>
   <trkpt lat="-29.7385500" lon="24.4046650">
    <ele>1124.0</ele>
   </trkpt>
   <trkpt lat="-29.7385570" lon="24.4046320">
    <ele>1124.0</ele>
   </trkpt>
   <trkpt lat="-29.7385580" lon="24.4046200">
    <ele>1123.6</ele>
   </trkpt>
   <trkpt lat="-29.7385640" lon="24.4045860">
    <ele>1123.6</ele>
   </trkpt>
   <trkpt lat="-29.7385650" lon="24.4045750">
    <ele>1124.0</ele>
   </trkpt>
   <trkpt lat="-29.7385700" lon="24.4045400">
    <ele>1124.3</ele>
   </trkpt>
   <trkpt lat="-29.7385720" lon="24.4045270">
    <ele>1124.3</ele>
   </trkpt>
   <trkpt lat="-29.7385770" lon="24.4044910">
    <ele>1124.5</ele>
   </trkpt>
   <trkpt lat="-29.7385780" lon="24.4044780">
    <ele>1124.5</ele>
   </trkpt>
   <trkpt lat="-29.7385850" lon="24.4044410">
    <ele>1124.5</ele>
   </trkpt>
   <trkpt lat="-29.7385870" lon="24.4044280">
    <ele>1124.5</ele>
   </trkpt>
   <trkpt lat="-29.7385940" lon="24.4043840">
    <ele>1124.5</ele>
   </trkpt>
   <trkpt lat="-29.7385970" lon="24.4043700">
    <ele>1124.0</ele>
   </trkpt>
   <trkpt lat="-29.7386070" lon="24.4043240">
    <ele>1124.0</ele>
   </trkpt>
   <trkpt lat="-29.7386100" lon="24.4043070">
    <ele>1124.0</ele>
   </trkpt>
   <trkpt lat="-29.7386150" lon="24.4042750">
    <ele>1124.0</ele>
   </trkpt>
   <trkpt lat="-29.7386250" lon="24.4042300">
    <ele>1124.0</ele>
   </trkpt>
   <trkpt lat="-29.7386270" lon="24.4042150">
    <ele>1124.0</ele>
   </trkpt>
   <trkpt lat="-29.7386360" lon="24.4041710">
    <ele>1123.5</ele>
   </trkpt>
   <trkpt lat="-29.7386380" lon="24.4041550">
    <ele>1123.5</ele>
   </trkpt>
   <trkpt lat="-29.7386450" lon="24.4041230">
    <ele>1123.6</ele>
   </trkpt>
   <trkpt lat="-29.7386540" lon="24.4040800">
    <ele>1123.9</ele>
   </trkpt>
   <trkpt lat="-29.7386580" lon="24.4040650">
    <ele>1124.1</ele>
   </trkpt>
   <trkpt lat="-29.7386650" lon="24.4040330">
    <ele>1124.1</ele>
   </trkpt>
   <trkpt lat="-29.7386730" lon="24.4040020">
    <ele>1123.7</ele>
   </trkpt>
   <trkpt lat="-29.7386820" lon="24.4039680">
    <ele>1123.9</ele>
   </trkpt>
   <trkpt lat="-29.7386900" lon="24.4039370">
    <ele>1123.9</ele>
   </trkpt>
   <trkpt lat="-29.7387000" lon="24.4039050">
    <ele>1123.9</ele>
   </trkpt>
   <trkpt lat="-29.7387100" lon="24.4038730">
    <ele>1123.1</ele>
   </trkpt>
   <trkpt lat="-29.7387220" lon="24.4038430">
    <ele>1123.1</ele>
   </trkpt>
   <trkpt lat="-29.7387330" lon="24.4038120">
    <ele>1123.1</ele>
   </trkpt>
   <trkpt lat="-29.7387430" lon="24.4037820">
    <ele>1123.2</ele>
   </trkpt>
   <trkpt lat="-29.7387520" lon="24.4037450">
    <ele>1122.7</ele>
   </trkpt>
   <trkpt lat="-29.7387600" lon="24.4037100">
    <ele>1123.0</ele>
   </trkpt>
   <trkpt lat="-29.7387730" lon="24.4036800">
    <ele>1123.2</ele>
   </trkpt>
   <trkpt lat="-29.7387870" lon="24.4036480">
    <ele>1122.4</ele>
   </trkpt>
   <trkpt lat="-29.7388000" lon="24.4036150">
    <ele>1122.8</ele>
   </trkpt>
   <trkpt lat="-29.7388130" lon="24.4035800">
    <ele>1123.3</ele>
   </trkpt>
   <trkpt lat="-29.7388270" lon="24.4035430">
    <ele>1122.9</ele>
   </trkpt>
   <trkpt lat="-29.7388400" lon="24.4035080">
    <ele>1123.4</ele>
   </trkpt>
   <trkpt lat="-29.7388570" lon="24.4034770">
    <ele>1122.4</ele>
   </trkpt>
   <trkpt lat="-29.7388700" lon="24.4034430">
    <ele>1122.8</ele>
   </trkpt>
   <trkpt lat="-29.7388820" lon="24.4034120">
    <ele>1123.0</ele>
   </trkpt>
   <trkpt lat="-29.7388970" lon="24.4033800">
    <ele>1122.5</ele>
   </trkpt>
   <trkpt lat="-29.7389120" lon="24.4033480">
    <ele>1122.5</ele>
   </trkpt>
   <trkpt lat="-29.7389300" lon="24.4033170">
    <ele>1122.2</ele>
   </trkpt>
   <trkpt lat="-29.7389500" lon="24.4032820">
    <ele>1122.5</ele>
   </trkpt>
   <trkpt lat="-29.7389670" lon="24.4032450">
    <ele>1122.5</ele>
   </trkpt>
   <trkpt lat="-29.7389850" lon="24.4032130">
    <ele>1121.8</ele>
   </trkpt>
   <trkpt lat="-29.7390020" lon="24.4031880">
    <ele>1121.8</ele>
   </trkpt>
   <trkpt lat="-29.7390180" lon="24.4031580">
    <ele>1121.0</ele>
   </trkpt>
   <trkpt lat="-29.7390370" lon="24.4031270">
    <ele>1121.0</ele>
   </trkpt>
   <trkpt lat="-29.7390530" lon="24.4030920">
    <ele>1120.4</ele>
   </trkpt>
   <trkpt lat="-29.7390700" lon="24.4030570">
    <ele>1120.5</ele>
   </trkpt>
   <trkpt lat="-29.7390870" lon="24.4030220">
    <ele>1119.7</ele>
   </trkpt>
   <trkpt lat="-29.7391000" lon="24.4029880">
    <ele>1119.7</ele>
   </trkpt>
   <trkpt lat="-29.7391130" lon="24.4029520">
    <ele>1119.7</ele>
   </trkpt>
   <trkpt lat="-29.7391250" lon="24.4029180">
    <ele>1118.8</ele>
   </trkpt>
   <trkpt lat="-29.7391330" lon="24.4028850">
    <ele>1118.8</ele>
   </trkpt>
   <trkpt lat="-29.7391400" lon="24.4028520">
    <ele>1118.8</ele>
   </trkpt>
   <trkpt lat="-29.7391420" lon="24.4028170">
    <ele>1118.8</ele>
   </trkpt>
   <trkpt lat="-29.7391430" lon="24.4027830">
    <ele>1118.8</ele>
   </trkpt>
   <trkpt lat="-29.7391410" lon="24.4027370">
    <ele>1118.6</ele>
   </trkpt>
   <trkpt lat="-29.7391400" lon="24.4027220">
    <ele>1118.6</ele>
   </trkpt>
   <trkpt lat="-29.7391380" lon="24.4026880">
    <ele>1118.3</ele>
   </trkpt>
   <trkpt lat="-29.7391350" lon="24.4026570">
    <ele>1118.3</ele>
   </trkpt>
   <trkpt lat="-29.7391330" lon="24.4026200">
    <ele>1118.1</ele>
   </trkpt>
   <trkpt lat="-29.7391320" lon="24.4025830">
    <ele>1117.9</ele>
   </trkpt>
   <trkpt lat="-29.7391300" lon="24.4025500">
    <ele>1117.7</ele>
   </trkpt>
   <trkpt lat="-29.7391250" lon="24.4025180">
    <ele>1117.5</ele>
   </trkpt>
   <trkpt lat="-29.7391180" lon="24.4024850">
    <ele>1117.5</ele>
   </trkpt>
   <trkpt lat="-29.7391100" lon="24.4024520">
    <ele>1117.8</ele>
   </trkpt>
   <trkpt lat="-29.7390970" lon="24.4024200">
    <ele>1117.6</ele>
   </trkpt>
   <trkpt lat="-29.7390820" lon="24.4023900">
    <ele>1117.5</ele>
   </trkpt>
   <trkpt lat="-29.7390650" lon="24.4023650">
    <ele>1118.1</ele>
   </trkpt>
   <trkpt lat="-29.7390420" lon="24.4023420">
    <ele>1117.9</ele>
   </trkpt>
   <trkpt lat="-29.7390220" lon="24.4023180">
    <ele>1118.4</ele>
   </trkpt>
   <trkpt lat="-29.7389970" lon="24.4022980">
    <ele>1118.4</ele>
   </trkpt>
   <trkpt lat="-29.7389730" lon="24.4022820">
    <ele>1118.4</ele>
   </trkpt>
   <trkpt lat="-29.7389470" lon="24.4022700">
    <ele>1118.6</ele>
   </trkpt>
   <trkpt lat="-29.7389180" lon="24.4022620">
    <ele>1118.2</ele>
   </trkpt>
   <trkpt lat="-29.7388880" lon="24.4022550">
    <ele>1118.2</ele>
   </trkpt>
   <trkpt lat="-29.7388490" lon="24.4022520">
    <ele>1118.2</ele>
   </trkpt>
   <trkpt lat="-29.7388350" lon="24.4022520">
    <ele>1118.2</ele>
   </trkpt>
   <trkpt lat="-29.7387970" lon="24.4022590">
    <ele>1118.2</ele>
   </trkpt>
   <trkpt lat="-29.7387850" lon="24.4022620">
    <ele>1118.2</ele>
   </trkpt>
   <trkpt lat="-29.7387470" lon="24.4022760">
    <ele>1118.6</ele>
   </trkpt>
   <trkpt lat="-29.7387330" lon="24.4022820">
    <ele>1118.6</ele>
   </trkpt>
   <trkpt lat="-29.7386960" lon="24.4022950">
    <ele>1118.6</ele>
   </trkpt>
   <trkpt lat="-29.7386820" lon="24.4022980">
    <ele>1118.6</ele>
   </trkpt>
   <trkpt lat="-29.7386500" lon="24.4023050">
    <ele>1118.5</ele>
   </trkpt>
   <trkpt lat="-29.7386220" lon="24.4023170">
    <ele>1118.6</ele>
   </trkpt>
   <trkpt lat="-29.7385930" lon="24.4023300">
    <ele>1118.3</ele>
   </trkpt>
   <trkpt lat="-29.7385680" lon="24.4023430">
    <ele>1118.3</ele>
   </trkpt>
   <trkpt lat="-29.7385400" lon="24.4023580">
    <ele>1118.2</ele>
   </trkpt>
   <trkpt lat="-29.7385130" lon="24.4023720">
    <ele>1118.0</ele>
   </trkpt>
   <trkpt lat="-29.7384870" lon="24.4023850">
    <ele>1118.0</ele>
   </trkpt>
   <trkpt lat="-29.7384600" lon="24.4023950">
    <ele>1118.2</ele>
   </trkpt>
   <trkpt lat="-29.7384320" lon="24.4024080">
    <ele>1118.2</ele>
   </trkpt>
   <trkpt lat="-29.7384050" lon="24.4024230">
    <ele>1118.2</ele>
   </trkpt>
   <trkpt lat="-29.7383780" lon="24.4024380">
    <ele>1118.4</ele>
   </trkpt>
   <trkpt lat="-29.7383470" lon="24.4024520">
    <ele>1118.4</ele>
   </trkpt>
   <trkpt lat="-29.7383180" lon="24.4024650">
    <ele>1118.4</ele>
   </trkpt>
   <trkpt lat="-29.7382900" lon="24.4024770">
    <ele>1118.4</ele>
   </trkpt>
   <trkpt lat="-29.7382580" lon="24.4024920">
    <ele>1118.7</ele>
   </trkpt>
   <trkpt lat="-29.7382280" lon="24.4025070">
    <ele>1118.7</ele>
   </trkpt>
   <trkpt lat="-29.7381970" lon="24.4025200">
    <ele>1118.7</ele>
   </trkpt>
   <trkpt lat="-29.7381630" lon="24.4025320">
    <ele>1119.0</ele>
   </trkpt>
   <trkpt lat="-29.7381320" lon="24.4025350">
    <ele>1119.1</ele>
   </trkpt>
   <trkpt lat="-29.7380980" lon="24.4025330">
    <ele>1119.2</ele>
   </trkpt>
   <trkpt lat="-29.7380650" lon="24.4025230">
    <ele>1119.3</ele>
   </trkpt>
   <trkpt lat="-29.7380350" lon="24.4025050">
    <ele>1119.6</ele>
   </trkpt>
   <trkpt lat="-29.7380070" lon="24.4024800">
    <ele>1119.6</ele>
   </trkpt>
   <trkpt lat="-29.7379850" lon="24.4024520">
    <ele>1119.8</ele>
   </trkpt>
   <trkpt lat="-29.7379670" lon="24.4024220">
    <ele>1119.8</ele>
   </trkpt>
   <trkpt lat="-29.7379500" lon="24.4023880">
    <ele>1120.1</ele>
   </trkpt>
   <trkpt lat="-29.7379420" lon="24.4023520">
    <ele>1120.1</ele>
   </trkpt>
   <trkpt lat="-29.7379350" lon="24.4023130">
    <ele>1120.1</ele>
   </trkpt>
   <trkpt lat="-29.7379270" lon="24.4022730">
    <ele>1120.1</ele>
   </trkpt>
   <trkpt lat="-29.7379200" lon="24.4022320">
    <ele>1120.3</ele>
   </trkpt>
   <trkpt lat="-29.7379150" lon="24.4021900">
    <ele>1120.3</ele>
   </trkpt>
   <trkpt lat="-29.7379070" lon="24.4021500">
    <ele>1120.3</ele>
   </trkpt>
   <trkpt lat="-29.7378980" lon="24.4021070">
    <ele>1120.3</ele>
   </trkpt>
   <trkpt lat="-29.7378920" lon="24.4020670">
    <ele>1120.2</ele>
   </trkpt>
   <trkpt lat="-29.7378850" lon="24.4020250">
    <ele>1120.2</ele>
   </trkpt>
   <trkpt lat="-29.7378780" lon="24.4019880">
    <ele>1120.0</ele>
   </trkpt>
   <trkpt lat="-29.7378680" lon="24.4019480">
    <ele>1119.7</ele>
   </trkpt>
   <trkpt lat="-29.7378620" lon="24.4019100">
    <ele>1119.5</ele>
   </trkpt>
   <trkpt lat="-29.7378530" lon="24.4018730">
    <ele>1119.5</ele>
   </trkpt>
   <trkpt lat="-29.7378430" lon="24.4018350">
    <ele>1119.8</ele>
   </trkpt>
   <trkpt lat="-29.7378350" lon="24.4017980">
    <ele>1119.8</ele>
   </trkpt>
   <trkpt lat="-29.7378320" lon="24.4017580">
    <ele>1119.8</ele>
   </trkpt>
   <trkpt lat="-29.7378320" lon="24.4017230">
    <ele>1119.8</ele>
   </trkpt>
   <trkpt lat="-29.7378300" lon="24.4016830">
    <ele>1119.9</ele>
   </trkpt>
   <trkpt lat="-29.7378280" lon="24.4016450">
    <ele>1120.0</ele>
   </trkpt>
   <trkpt lat="-29.7378300" lon="24.4016080">
    <ele>1120.1</ele>
   </trkpt>
   <trkpt lat="-29.7378320" lon="24.4015670">
    <ele>1120.2</ele>
   </trkpt>
   <trkpt lat="-29.7378350" lon="24.4015270">
    <ele>1120.4</ele>
   </trkpt>
   <trkpt lat="-29.7378400" lon="24.4014870">
    <ele>1120.5</ele>
   </trkpt>
   <trkpt lat="-29.7378470" lon="24.4014520">
    <ele>1120.5</ele>
   </trkpt>
   <trkpt lat="-29.7378530" lon="24.4014170">
    <ele>1120.5</ele>
   </trkpt>
   <trkpt lat="-29.7378600" lon="24.4013830">
    <ele>1120.6</ele>
   </trkpt>
   <trkpt lat="-29.7378700" lon="24.4013500">
    <ele>1120.8</ele>
   </trkpt>
   <trkpt lat="-29.7378830" lon="24.4013150">
    <ele>1121.1</ele>
   </trkpt>
   <trkpt lat="-29.7378970" lon="24.4012780">
    <ele>1121.1</ele>
   </trkpt>
   <trkpt lat="-29.7379080" lon="24.4012380">
    <ele>1121.1</ele>
   </trkpt>
   <trkpt lat="-29.7379200" lon="24.4012000">
    <ele>1121.3</ele>
   </trkpt>
   <trkpt lat="-29.7379320" lon="24.4011620">
    <ele>1121.2</ele>
   </trkpt>
   <trkpt lat="-29.7379430" lon="24.4011230">
    <ele>1121.4</ele>
   </trkpt>
   <trkpt lat="-29.7379570" lon="24.4010850">
    <ele>1121.7</ele>
   </trkpt>
   <trkpt lat="-29.7379700" lon="24.4010480">
    <ele>1121.4</ele>
   </trkpt>
   <trkpt lat="-29.7379850" lon="24.4010130">
    <ele>1121.5</ele>
   </trkpt>
   <trkpt lat="-29.7379980" lon="24.4009780">
    <ele>1121.6</ele>
   </trkpt>
   <trkpt lat="-29.7380100" lon="24.4009430">
    <ele>1121.2</ele>
   </trkpt>
   <trkpt lat="-29.7380220" lon="24.4009100">
    <ele>1121.4</ele>
   </trkpt>
   <trkpt lat="-29.7380320" lon="24.4008750">
    <ele>1121.6</ele>
   </trkpt>
   <trkpt lat="-29.7380430" lon="24.4008370">
    <ele>1121.6</ele>
   </trkpt>
   <trkpt lat="-29.7380570" lon="24.4008000">
    <ele>1121.8</ele>
   </trkpt>
   <trkpt lat="-29.7380720" lon="24.4007650">
    <ele>1121.8</ele>
   </trkpt>
   <trkpt lat="-29.7380870" lon="24.4007280">
    <ele>1121.6</ele>
   </trkpt>
   <trkpt lat="-29.7381000" lon="24.4006920">
    <ele>1121.9</ele>
   </trkpt>
   <trkpt lat="-29.7381130" lon="24.4006530">
    <ele>1121.6</ele>
   </trkpt>
   <trkpt lat="-29.7381270" lon="24.4006180">
    <ele>1122.0</ele>
   </trkpt>
   <trkpt lat="-29.7381400" lon="24.4005830">
    <ele>1122.3</ele>
   </trkpt>
   <trkpt lat="-29.7381530" lon="24.4005470">
    <ele>1122.0</ele>
   </trkpt>
   <trkpt lat="-29.7381670" lon="24.4005080">
    <ele>1122.0</ele>
   </trkpt>
   <trkpt lat="-29.7381800" lon="24.4004700">
    <ele>1122.1</ele>
   </trkpt>
   <trkpt lat="-29.7381920" lon="24.4004320">
    <ele>1122.0</ele>
   </trkpt>
   <trkpt lat="-29.7382030" lon="24.4003920">
    <ele>1122.2</ele>
   </trkpt>
   <trkpt lat="-29.7382150" lon="24.4003480">
    <ele>1122.1</ele>
   </trkpt>
   <trkpt lat="-29.7382280" lon="24.4003080">
    <ele>1121.4</ele>
   </trkpt>
   <trkpt lat="-29.7382430" lon="24.4002700">
    <ele>1121.1</ele>
   </trkpt>
   <trkpt lat="-29.7382570" lon="24.4002320">
    <ele>1120.9</ele>
   </trkpt>
   <trkpt lat="-29.7382700" lon="24.4001930">
    <ele>1120.1</ele>
   </trkpt>
   <trkpt lat="-29.7382830" lon="24.4001550">
    <ele>1119.9</ele>
   </trkpt>
   <trkpt lat="-29.7382950" lon="24.4001130">
    <ele>1119.6</ele>
   </trkpt>
   <trkpt lat="-29.7383080" lon="24.4000730">
    <ele>1118.9</ele>
   </trkpt>
   <trkpt lat="-29.7383220" lon="24.4000300">
    <ele>1118.8</ele>
   </trkpt>
   <trkpt lat="-29.7383350" lon="24.3999850">
    <ele>1118.3</ele>
   </trkpt>
   <trkpt lat="-29.7383470" lon="24.3999400">
    <ele>1118.3</ele>
   </trkpt>
   <trkpt lat="-29.7383600" lon="24.3998980">
    <ele>1118.3</ele>
   </trkpt>
   <trkpt lat="-29.7383700" lon="24.3998570">
    <ele>1118.5</ele>
   </trkpt>
   <trkpt lat="-29.7383820" lon="24.3998180">
    <ele>1118.2</ele>
   </trkpt>
   <trkpt lat="-29.7383930" lon="24.3997730">
    <ele>1118.4</ele>
   </trkpt>
   <trkpt lat="-29.7384030" lon="24.3997270">
    <ele>1118.6</ele>
   </trkpt>
   <trkpt lat="-29.7384130" lon="24.3996830">
    <ele>1118.1</ele>
   </trkpt>
   <trkpt lat="-29.7384180" lon="24.3996370">
    <ele>1118.3</ele>
   </trkpt>
   <trkpt lat="-29.7384230" lon="24.3995920">
    <ele>1118.6</ele>
   </trkpt>
   <trkpt lat="-29.7384250" lon="24.3995520">
    <ele>1118.8</ele>
   </trkpt>
   <trkpt lat="-29.7384230" lon="24.3995120">
    <ele>1118.8</ele>
   </trkpt>
   <trkpt lat="-29.7384200" lon="24.3994700">
    <ele>1118.7</ele>
   </trkpt>
   <trkpt lat="-29.7384150" lon="24.3994300">
    <ele>1118.5</ele>
   </trkpt>
   <trkpt lat="-29.7384120" lon="24.3993880">
    <ele>1118.4</ele>
   </trkpt>
   <trkpt lat="-29.7384070" lon="24.3993480">
    <ele>1118.9</ele>
   </trkpt>
   <trkpt lat="-29.7383980" lon="24.3993080">
    <ele>1118.6</ele>
   </trkpt>
   <trkpt lat="-29.7383870" lon="24.3992720">
    <ele>1118.4</ele>
   </trkpt>
   <trkpt lat="-29.7383730" lon="24.3992330">
    <ele>1118.1</ele>
   </trkpt>
   <trkpt lat="-29.7383600" lon="24.3991930">
    <ele>1118.3</ele>
   </trkpt>
   <trkpt lat="-29.7383470" lon="24.3991520">
    <ele>1117.9</ele>
   </trkpt>
   <trkpt lat="-29.7383300" lon="24.3991150">
    <ele>1117.8</ele>
   </trkpt>
   <trkpt lat="-29.7383100" lon="24.3990830">
    <ele>1117.3</ele>
   </trkpt>
   <trkpt lat="-29.7382870" lon="24.3990450">
    <ele>1117.4</ele>
   </trkpt>
   <trkpt lat="-29.7382670" lon="24.3990120">
    <ele>1117.4</ele>
   </trkpt>
   <trkpt lat="-29.7382480" lon="24.3989820">
    <ele>1117.6</ele>
   </trkpt>
   <trkpt lat="-29.7382280" lon="24.3989530">
    <ele>1117.4</ele>
   </trkpt>
   <trkpt lat="-29.7382080" lon="24.3989250">
    <ele>1117.8</ele>
   </trkpt>
   <trkpt lat="-29.7381870" lon="24.3988970">
    <ele>1117.5</ele>
   </trkpt>
   <trkpt lat="-29.7381700" lon="24.3988630">
    <ele>1117.5</ele>
   </trkpt>
   <trkpt lat="-29.7381480" lon="24.3988300">
    <ele>1117.3</ele>
   </trkpt>
   <trkpt lat="-29.7381230" lon="24.3987980">
    <ele>1117.5</ele>
   </trkpt>
   <trkpt lat="-29.7381020" lon="24.3987680">
    <ele>1117.5</ele>
   </trkpt>
   <trkpt lat="-29.7380780" lon="24.3987420">
    <ele>1117.3</ele>
   </trkpt>
   <trkpt lat="-29.7380570" lon="24.3987150">
    <ele>1117.6</ele>
   </trkpt>
   <trkpt lat="-29.7380350" lon="24.3986870">
    <ele>1117.9</ele>
   </trkpt>
   <trkpt lat="-29.7380100" lon="24.3986600">
    <ele>1117.7</ele>
   </trkpt>
   <trkpt lat="-29.7379850" lon="24.3986320">
    <ele>1118.2</ele>
   </trkpt>
   <trkpt lat="-29.7379600" lon="24.3986070">
    <ele>1118.7</ele>
   </trkpt>
   <trkpt lat="-29.7379320" lon="24.3985850">
    <ele>1118.7</ele>
   </trkpt>
   <trkpt lat="-29.7379020" lon="24.3985670">
    <ele>1119.3</ele>
   </trkpt>
   <trkpt lat="-29.7378700" lon="24.3985470">
    <ele>1119.8</ele>
   </trkpt>
   <trkpt lat="-29.7378370" lon="24.3985300">
    <ele>1120.3</ele>
   </trkpt>
   <trkpt lat="-29.7378030" lon="24.3985200">
    <ele>1120.8</ele>
   </trkpt>
   <trkpt lat="-29.7377730" lon="24.3985100">
    <ele>1121.2</ele>
   </trkpt>
   <trkpt lat="-29.7377380" lon="24.3985080">
    <ele>1121.2</ele>
   </trkpt>
   <trkpt lat="-29.7377070" lon="24.3985100">
    <ele>1121.4</ele>
   </trkpt>
   <trkpt lat="-29.7376770" lon="24.3985100">
    <ele>1121.7</ele>
   </trkpt>
   <trkpt lat="-29.7376470" lon="24.3985050">
    <ele>1121.9</ele>
   </trkpt>
   <trkpt lat="-29.7376120" lon="24.3984970">
    <ele>1122.1</ele>
   </trkpt>
   <trkpt lat="-29.7375770" lon="24.3984900">
    <ele>1122.1</ele>
   </trkpt>
   <trkpt lat="-29.7375400" lon="24.3984850">
    <ele>1122.0</ele>
   </trkpt>
   <trkpt lat="-29.7375070" lon="24.3984800">
    <ele>1122.1</ele>
   </trkpt>
   <trkpt lat="-29.7374730" lon="24.3984750">
    <ele>1122.2</ele>
   </trkpt>
   <trkpt lat="-29.7374420" lon="24.3984680">
    <ele>1122.2</ele>
   </trkpt>
   <trkpt lat="-29.7374080" lon="24.3984650">
    <ele>1122.4</ele>
   </trkpt>
   <trkpt lat="-29.7373720" lon="24.3984620">
    <ele>1122.7</ele>
   </trkpt>
   <trkpt lat="-29.7373370" lon="24.3984570">
    <ele>1122.9</ele>
   </trkpt>
   <trkpt lat="-29.7373020" lon="24.3984500">
    <ele>1123.1</ele>
   </trkpt>
   <trkpt lat="-29.7372670" lon="24.3984450">
    <ele>1123.1</ele>
   </trkpt>
   <trkpt lat="-29.7372330" lon="24.3984380">
    <ele>1123.1</ele>
   </trkpt>
   <trkpt lat="-29.7372000" lon="24.3984320">
    <ele>1123.1</ele>
   </trkpt>
   <trkpt lat="-29.7371650" lon="24.3984230">
    <ele>1123.0</ele>
   </trkpt>
   <trkpt lat="-29.7371300" lon="24.3984170">
    <ele>1122.9</ele>
   </trkpt>
   <trkpt lat="-29.7370970" lon="24.3984130">
    <ele>1122.8</ele>
   </trkpt>
   <trkpt lat="-29.7370620" lon="24.3984100">
    <ele>1122.7</ele>
   </trkpt>
   <trkpt lat="-29.7370270" lon="24.3984050">
    <ele>1122.7</ele>
   </trkpt>
   <trkpt lat="-29.7369920" lon="24.3984000">
    <ele>1122.4</ele>
   </trkpt>
   <trkpt lat="-29.7369600" lon="24.3983930">
    <ele>1122.4</ele>
   </trkpt>
   <trkpt lat="-29.7369270" lon="24.3983870">
    <ele>1122.4</ele>
   </trkpt>
   <trkpt lat="-29.7368920" lon="24.3983800">
    <ele>1122.4</ele>
   </trkpt>
   <trkpt lat="-29.7368570" lon="24.3983750">
    <ele>1122.4</ele>
   </trkpt>
   <trkpt lat="-29.7368200" lon="24.3983720">
    <ele>1122.6</ele>
   </trkpt>
   <trkpt lat="-29.7367830" lon="24.3983670">
    <ele>1122.8</ele>
   </trkpt>
   <trkpt lat="-29.7367480" lon="24.3983620">
    <ele>1122.9</ele>
   </trkpt>
   <trkpt lat="-29.7367150" lon="24.3983570">
    <ele>1123.1</ele>
   </trkpt>
   <trkpt lat="-29.7366780" lon="24.3983520">
    <ele>1123.1</ele>
   </trkpt>
   <trkpt lat="-29.7366420" lon="24.3983470">
    <ele>1123.1</ele>
   </trkpt>
   <trkpt lat="-29.7366070" lon="24.3983400">
    <ele>1123.1</ele>
   </trkpt>
   <trkpt lat="-29.7365720" lon="24.3983330">
    <ele>1123.2</ele>
   </trkpt>
   <trkpt lat="-29.7365370" lon="24.3983270">
    <ele>1123.4</ele>
   </trkpt>
   <trkpt lat="-29.7365030" lon="24.3983230">
    <ele>1123.7</ele>
   </trkpt>
   <trkpt lat="-29.7364680" lon="24.3983170">
    <ele>1123.7</ele>
   </trkpt>
   <trkpt lat="-29.7364320" lon="24.3983120">
    <ele>1123.9</ele>
   </trkpt>
   <trkpt lat="-29.7364000" lon="24.3983050">
    <ele>1123.9</ele>
   </trkpt>
   <trkpt lat="-29.7363680" lon="24.3982980">
    <ele>1123.9</ele>
   </trkpt>
   <trkpt lat="-29.7363350" lon="24.3982970">
    <ele>1124.0</ele>
   </trkpt>
   <trkpt lat="-29.7363000" lon="24.3982930">
    <ele>1124.0</ele>
   </trkpt>
   <trkpt lat="-29.7362680" lon="24.3982880">
    <ele>1124.0</ele>
   </trkpt>
   <trkpt lat="-29.7362370" lon="24.3982820">
    <ele>1124.0</ele>
   </trkpt>
   <trkpt lat="-29.7362020" lon="24.3982770">
    <ele>1124.0</ele>
   </trkpt>
   <trkpt lat="-29.7361680" lon="24.3982720">
    <ele>1124.0</ele>
   </trkpt>
   <trkpt lat="-29.7361350" lon="24.3982670">
    <ele>1124.0</ele>
   </trkpt>
   <trkpt lat="-29.7361000" lon="24.3982600">
    <ele>1124.0</ele>
   </trkpt>
   <trkpt lat="-29.7360720" lon="24.3982520">
    <ele>1123.9</ele>
   </trkpt>
   <trkpt lat="-29.7360370" lon="24.3982480">
    <ele>1123.7</ele>
   </trkpt>
   <trkpt lat="-29.7360020" lon="24.3982430">
    <ele>1123.6</ele>
   </trkpt>
   <trkpt lat="-29.7359680" lon="24.3982350">
    <ele>1123.4</ele>
   </trkpt>
   <trkpt lat="-29.7359320" lon="24.3982280">
    <ele>1123.4</ele>
   </trkpt>
   <trkpt lat="-29.7358970" lon="24.3982220">
    <ele>1123.1</ele>
   </trkpt>
   <trkpt lat="-29.7358600" lon="24.3982150">
    <ele>1122.9</ele>
   </trkpt>
   <trkpt lat="-29.7358280" lon="24.3982100">
    <ele>1122.6</ele>
   </trkpt>
   <trkpt lat="-29.7357920" lon="24.3982080">
    <ele>1122.1</ele>
   </trkpt>
   <trkpt lat="-29.7357580" lon="24.3982050">
    <ele>1121.3</ele>
   </trkpt>
   <trkpt lat="-29.7357230" lon="24.3982030">
    <ele>1120.8</ele>
   </trkpt>
   <trkpt lat="-29.7356880" lon="24.3982070">
    <ele>1120.8</ele>
   </trkpt>
   <trkpt lat="-29.7356530" lon="24.3982120">
    <ele>1120.2</ele>
   </trkpt>
   <trkpt lat="-29.7356150" lon="24.3982230">
    <ele>1119.6</ele>
   </trkpt>
   <trkpt lat="-29.7355780" lon="24.3982400">
    <ele>1119.2</ele>
   </trkpt>
   <trkpt lat="-29.7355420" lon="24.3982600">
    <ele>1118.7</ele>
   </trkpt>
   <trkpt lat="-29.7355120" lon="24.3982900">
    <ele>1118.5</ele>
   </trkpt>
   <trkpt lat="-29.7354880" lon="24.3983230">
    <ele>1118.2</ele>
   </trkpt>
   <trkpt lat="-29.7354680" lon="24.3983600">
    <ele>1118.2</ele>
   </trkpt>
   <trkpt lat="-29.7354480" lon="24.3984000">
    <ele>1118.0</ele>
   </trkpt>
   <trkpt lat="-29.7354330" lon="24.3984420">
    <ele>1118.2</ele>
   </trkpt>
   <trkpt lat="-29.7354180" lon="24.3984870">
    <ele>1118.0</ele>
   </trkpt>
   <trkpt lat="-29.7354070" lon="24.3985300">
    <ele>1118.3</ele>
   </trkpt>
   <trkpt lat="-29.7353980" lon="24.3985720">
    <ele>1118.8</ele>
   </trkpt>
   <trkpt lat="-29.7353870" lon="24.3986150">
    <ele>1118.8</ele>
   </trkpt>
   <trkpt lat="-29.7353730" lon="24.3986550">
    <ele>1119.3</ele>
   </trkpt>
   <trkpt lat="-29.7353620" lon="24.3986920">
    <ele>1119.9</ele>
   </trkpt>
   <trkpt lat="-29.7353450" lon="24.3987320">
    <ele>1120.1</ele>
   </trkpt>
   <trkpt lat="-29.7353300" lon="24.3987630">
    <ele>1120.8</ele>
   </trkpt>
   <trkpt lat="-29.7353130" lon="24.3987930">
    <ele>1121.1</ele>
   </trkpt>
   <trkpt lat="-29.7352920" lon="24.3988280">
    <ele>1121.1</ele>
   </trkpt>
   <trkpt lat="-29.7352680" lon="24.3988620">
    <ele>1121.2</ele>
   </trkpt>
   <trkpt lat="-29.7352470" lon="24.3988950">
    <ele>1121.4</ele>
   </trkpt>
   <trkpt lat="-29.7352250" lon="24.3989270">
    <ele>1121.2</ele>
   </trkpt>
   <trkpt lat="-29.7352070" lon="24.3989520">
    <ele>1121.2</ele>
   </trkpt>
   <trkpt lat="-29.7351880" lon="24.3989750">
    <ele>1120.9</ele>
   </trkpt>
   <trkpt lat="-29.7351670" lon="24.3990020">
    <ele>1120.9</ele>
   </trkpt>
   <trkpt lat="-29.7351480" lon="24.3990320">
    <ele>1120.7</ele>
   </trkpt>
   <trkpt lat="-29.7351280" lon="24.3990600">
    <ele>1120.4</ele>
   </trkpt>
   <trkpt lat="-29.7351080" lon="24.3990900">
    <ele>1120.7</ele>
   </trkpt>
   <trkpt lat="-29.7350880" lon="24.3991180">
    <ele>1120.3</ele>
   </trkpt>
   <trkpt lat="-29.7350650" lon="24.3991500">
    <ele>1120.6</ele>
   </trkpt>
   <trkpt lat="-29.7350450" lon="24.3991830">
    <ele>1120.6</ele>
   </trkpt>
   <trkpt lat="-29.7350250" lon="24.3992180">
    <ele>1120.6</ele>
   </trkpt>
   <trkpt lat="-29.7350100" lon="24.3992530">
    <ele>1120.3</ele>
   </trkpt>
   <trkpt lat="-29.7349930" lon="24.3992880">
    <ele>1120.3</ele>
   </trkpt>
   <trkpt lat="-29.7349800" lon="24.3993230">
    <ele>1120.3</ele>
   </trkpt>
   <trkpt lat="-29.7349650" lon="24.3993620">
    <ele>1120.1</ele>
   </trkpt>
   <trkpt lat="-29.7349520" lon="24.3994000">
    <ele>1120.4</ele>
   </trkpt>
   <trkpt lat="-29.7349380" lon="24.3994350">
    <ele>1120.5</ele>
   </trkpt>
   <trkpt lat="-29.7349270" lon="24.3994720">
    <ele>1120.5</ele>
   </trkpt>
   <trkpt lat="-29.7349130" lon="24.3995120">
    <ele>1120.8</ele>
   </trkpt>
   <trkpt lat="-29.7349020" lon="24.3995500">
    <ele>1121.1</ele>
   </trkpt>
   <trkpt lat="-29.7348900" lon="24.3995830">
    <ele>1121.8</ele>
   </trkpt>
   <trkpt lat="-29.7348750" lon="24.3996180">
    <ele>1122.4</ele>
   </trkpt>
   <trkpt lat="-29.7348600" lon="24.3996520">
    <ele>1122.9</ele>
   </trkpt>
   <trkpt lat="-29.7348450" lon="24.3996830">
    <ele>1122.9</ele>
   </trkpt>
   <trkpt lat="-29.7348280" lon="24.3997120">
    <ele>1123.2</ele>
   </trkpt>
   <trkpt lat="-29.7348070" lon="24.3997370">
    <ele>1123.7</ele>
   </trkpt>
   <trkpt lat="-29.7347830" lon="24.3997550">
    <ele>1123.4</ele>
   </trkpt>
   <trkpt lat="-29.7347510" lon="24.3997810">
    <ele>1123.4</ele>
   </trkpt>
   <trkpt lat="-29.7347400" lon="24.3997900">
    <ele>1123.4</ele>
   </trkpt>
   <trkpt lat="-29.7347090" lon="24.3998130">
    <ele>1123.0</ele>
   </trkpt>
   <trkpt lat="-29.7347000" lon="24.3998200">
    <ele>1123.3</ele>
   </trkpt>
   <trkpt lat="-29.7346720" lon="24.3998360">
    <ele>1122.9</ele>
   </trkpt>
   <trkpt lat="-29.7346630" lon="24.3998400">
    <ele>1122.9</ele>
   </trkpt>
   <trkpt lat="-29.7346480" lon="24.3998480">
    <ele>1122.9</ele>
   </trkpt>
   <trkpt lat="-29.7346400" lon="24.3998480">
    <ele>1122.6</ele>
   </trkpt>
   <trkpt lat="-29.7346370" lon="24.3998480">
    <ele>1122.6</ele>
   </trkpt>
   <trkpt lat="-29.7346280" lon="24.3998560">
    <ele>1122.6</ele>
   </trkpt>
   <trkpt lat="-29.7346180" lon="24.3998620">
    <ele>1122.6</ele>
   </trkpt>
   <trkpt lat="-29.7346090" lon="24.3998680">
    <ele>1122.8</ele>
   </trkpt>
   <trkpt lat="-29.7345990" lon="24.3998740">
    <ele>1122.6</ele>
   </trkpt>
   <trkpt lat="-29.7345900" lon="24.3998800">
    <ele>1122.6</ele>
   </trkpt>
   <trkpt lat="-29.7345800" lon="24.3998850">
    <ele>1122.6</ele>
   </trkpt>
   <trkpt lat="-29.7345710" lon="24.3998910">
    <ele>1122.6</ele>
   </trkpt>
   <trkpt lat="-29.7345610" lon="24.3998970">
    <ele>1122.3</ele>
   </trkpt>
   <trkpt lat="-29.7345520" lon="24.3999030">
    <ele>1122.3</ele>
   </trkpt>
   <trkpt lat="-29.7345420" lon="24.3999090">
    <ele>1122.4</ele>
   </trkpt>
   <trkpt lat="-29.7345330" lon="24.3999150">
    <ele>1122.4</ele>
   </trkpt>
   <trkpt lat="-29.7344960" lon="24.3999210">
    <ele>1122.0</ele>
   </trkpt>
   <trkpt lat="-29.7344830" lon="24.3999220">
    <ele>1121.8</ele>
   </trkpt>
   <trkpt lat="-29.7344490" lon="24.3999220">
    <ele>1121.5</ele>
   </trkpt>
   <trkpt lat="-29.7344370" lon="24.3999220">
    <ele>1121.5</ele>
   </trkpt>
   <trkpt lat="-29.7343950" lon="24.3999120">
    <ele>1121.3</ele>
   </trkpt>
   <trkpt lat="-29.7343780" lon="24.3999080">
    <ele>1121.0</ele>
   </trkpt>
   <trkpt lat="-29.7343480" lon="24.3998950">
    <ele>1121.0</ele>
   </trkpt>
   <trkpt lat="-29.7343200" lon="24.3998800">
    <ele>1120.9</ele>
   </trkpt>
   <trkpt lat="-29.7342930" lon="24.3998630">
    <ele>1120.9</ele>
   </trkpt>
   <trkpt lat="-29.7342630" lon="24.3998410">
    <ele>1120.9</ele>
   </trkpt>
   <trkpt lat="-29.7342530" lon="24.3998350">
    <ele>1120.9</ele>
   </trkpt>
   <trkpt lat="-29.7342230" lon="24.3998100">
    <ele>1120.9</ele>
   </trkpt>
   <trkpt lat="-29.7342130" lon="24.3998020">
    <ele>1120.9</ele>
   </trkpt>
   <trkpt lat="-29.7341850" lon="24.3997700">
    <ele>1121.1</ele>
   </trkpt>
   <trkpt lat="-29.7341750" lon="24.3997580">
    <ele>1121.0</ele>
   </trkpt>
   <trkpt lat="-29.7341570" lon="24.3997350">
    <ele>1121.2</ele>
   </trkpt>
   <trkpt lat="-29.7341400" lon="24.3997080">
    <ele>1121.3</ele>
   </trkpt>
   <trkpt lat="-29.7341230" lon="24.3996780">
    <ele>1121.2</ele>
   </trkpt>
   <trkpt lat="-29.7341080" lon="24.3996480">
    <ele>1121.4</ele>
   </trkpt>
   <trkpt lat="-29.7340900" lon="24.3996170">
    <ele>1121.2</ele>
   </trkpt>
   <trkpt lat="-29.7340750" lon="24.3995850">
    <ele>1121.2</ele>
   </trkpt>
   <trkpt lat="-29.7340600" lon="24.3995530">
    <ele>1120.9</ele>
   </trkpt>
   <trkpt lat="-29.7340450" lon="24.3995220">
    <ele>1121.0</ele>
   </trkpt>
   <trkpt lat="-29.7340300" lon="24.3994900">
    <ele>1120.7</ele>
   </trkpt>
   <trkpt lat="-29.7340120" lon="24.3994570">
    <ele>1120.5</ele>
   </trkpt>
   <trkpt lat="-29.7339950" lon="24.3994270">
    <ele>1120.2</ele>
   </trkpt>
   <trkpt lat="-29.7339780" lon="24.3994000">
    <ele>1120.2</ele>
   </trkpt>
   <trkpt lat="-29.7339580" lon="24.3993680">
    <ele>1120.0</ele>
   </trkpt>
   <trkpt lat="-29.7339380" lon="24.3993420">
    <ele>1119.5</ele>
   </trkpt>
   <trkpt lat="-29.7339150" lon="24.3993180">
    <ele>1119.5</ele>
   </trkpt>
   <trkpt lat="-29.7338850" lon="24.3992970">
    <ele>1119.2</ele>
   </trkpt>
   <trkpt lat="-29.7338550" lon="24.3992770">
    <ele>1119.5</ele>
   </trkpt>
   <trkpt lat="-29.7338250" lon="24.3992600">
    <ele>1119.0</ele>
   </trkpt>
   <trkpt lat="-29.7337930" lon="24.3992480">
    <ele>1119.2</ele>
   </trkpt>
   <trkpt lat="-29.7337650" lon="24.3992400">
    <ele>1119.5</ele>
   </trkpt>
   <trkpt lat="-29.7337350" lon="24.3992380">
    <ele>1119.5</ele>
   </trkpt>
   <trkpt lat="-29.7337020" lon="24.3992420">
    <ele>1119.4</ele>
   </trkpt>
   <trkpt lat="-29.7336680" lon="24.3992480">
    <ele>1119.3</ele>
   </trkpt>
   <trkpt lat="-29.7336350" lon="24.3992550">
    <ele>1119.2</ele>
   </trkpt>
   <trkpt lat="-29.7336000" lon="24.3992670">
    <ele>1119.4</ele>
   </trkpt>
   <trkpt lat="-29.7335670" lon="24.3992770">
    <ele>1119.4</ele>
   </trkpt>
   <trkpt lat="-29.7335300" lon="24.3992850">
    <ele>1119.3</ele>
   </trkpt>
   <trkpt lat="-29.7334950" lon="24.3992950">
    <ele>1119.2</ele>
   </trkpt>
   <trkpt lat="-29.7334650" lon="24.3993030">
    <ele>1119.1</ele>
   </trkpt>
   <trkpt lat="-29.7334330" lon="24.3993150">
    <ele>1119.4</ele>
   </trkpt>
   <trkpt lat="-29.7333970" lon="24.3993270">
    <ele>1119.2</ele>
   </trkpt>
   <trkpt lat="-29.7333620" lon="24.3993350">
    <ele>1119.0</ele>
   </trkpt>
   <trkpt lat="-29.7333280" lon="24.3993430">
    <ele>1118.8</ele>
   </trkpt>
   <trkpt lat="-29.7332950" lon="24.3993530">
    <ele>1118.9</ele>
   </trkpt>
   <trkpt lat="-29.7332600" lon="24.3993570">
    <ele>1118.9</ele>
   </trkpt>
   <trkpt lat="-29.7332230" lon="24.3993580">
    <ele>1118.9</ele>
   </trkpt>
   <trkpt lat="-29.7331900" lon="24.3993600">
    <ele>1118.9</ele>
   </trkpt>
   <trkpt lat="-29.7331480" lon="24.3993600">
    <ele>1118.9</ele>
   </trkpt>
   <trkpt lat="-29.7331100" lon="24.3993530">
    <ele>1118.9</ele>
   </trkpt>
   <trkpt lat="-29.7330770" lon="24.3993430">
    <ele>1118.9</ele>
   </trkpt>
   <trkpt lat="-29.7330420" lon="24.3993320">
    <ele>1118.9</ele>
   </trkpt>
   <trkpt lat="-29.7330080" lon="24.3993170">
    <ele>1118.9</ele>
   </trkpt>
   <trkpt lat="-29.7329770" lon="24.3993050">
    <ele>1119.0</ele>
   </trkpt>
   <trkpt lat="-29.7329420" lon="24.3992880">
    <ele>1119.3</ele>
   </trkpt>
   <trkpt lat="-29.7329030" lon="24.3992720">
    <ele>1119.5</ele>
   </trkpt>
   <trkpt lat="-29.7328630" lon="24.3992550">
    <ele>1119.8</ele>
   </trkpt>
   <trkpt lat="-29.7328250" lon="24.3992400">
    <ele>1120.0</ele>
   </trkpt>
   <trkpt lat="-29.7327880" lon="24.3992230">
    <ele>1120.3</ele>
   </trkpt>
   <trkpt lat="-29.7327600" lon="24.3992000">
    <ele>1120.5</ele>
   </trkpt>
   <trkpt lat="-29.7327330" lon="24.3991720">
    <ele>1120.8</ele>
   </trkpt>
   <trkpt lat="-29.7327120" lon="24.3991370">
    <ele>1120.8</ele>
   </trkpt>
   <trkpt lat="-29.7326950" lon="24.3991000">
    <ele>1121.1</ele>
   </trkpt>
   <trkpt lat="-29.7326850" lon="24.3990620">
    <ele>1121.1</ele>
   </trkpt>
   <trkpt lat="-29.7326820" lon="24.3990230">
    <ele>1121.2</ele>
   </trkpt>
   <trkpt lat="-29.7326850" lon="24.3989800">
    <ele>1121.3</ele>
   </trkpt>
   <trkpt lat="-29.7326920" lon="24.3989370">
    <ele>1121.5</ele>
   </trkpt>
   <trkpt lat="-29.7327020" lon="24.3988950">
    <ele>1121.7</ele>
   </trkpt>
   <trkpt lat="-29.7327150" lon="24.3988580">
    <ele>1121.6</ele>
   </trkpt>
   <trkpt lat="-29.7327280" lon="24.3988220">
    <ele>1121.7</ele>
   </trkpt>
   <trkpt lat="-29.7327430" lon="24.3987820">
    <ele>1121.7</ele>
   </trkpt>
   <trkpt lat="-29.7327620" lon="24.3987420">
    <ele>1121.4</ele>
   </trkpt>
   <trkpt lat="-29.7327780" lon="24.3987000">
    <ele>1121.5</ele>
   </trkpt>
   <trkpt lat="-29.7327950" lon="24.3986620">
    <ele>1121.2</ele>
   </trkpt>
   <trkpt lat="-29.7328120" lon="24.3986250">
    <ele>1121.3</ele>
   </trkpt>
   <trkpt lat="-29.7328300" lon="24.3985850">
    <ele>1121.0</ele>
   </trkpt>
   <trkpt lat="-29.7328480" lon="24.3985430">
    <ele>1121.0</ele>
   </trkpt>
   <trkpt lat="-29.7328650" lon="24.3985070">
    <ele>1120.7</ele>
   </trkpt>
   <trkpt lat="-29.7328800" lon="24.3984680">
    <ele>1120.7</ele>
   </trkpt>
   <trkpt lat="-29.7328920" lon="24.3984250">
    <ele>1120.7</ele>
   </trkpt>
   <trkpt lat="-29.7329030" lon="24.3983830">
    <ele>1120.2</ele>
   </trkpt>
   <trkpt lat="-29.7329130" lon="24.3983420">
    <ele>1120.2</ele>
   </trkpt>
   <trkpt lat="-29.7329220" lon="24.3983030">
    <ele>1120.1</ele>
   </trkpt>
   <trkpt lat="-29.7329280" lon="24.3982620">
    <ele>1120.0</ele>
   </trkpt>
   <trkpt lat="-29.7329350" lon="24.3982220">
    <ele>1119.3</ele>
   </trkpt>
   <trkpt lat="-29.7329400" lon="24.3981830">
    <ele>1119.1</ele>
   </trkpt>
   <trkpt lat="-29.7329430" lon="24.3981380">
    <ele>1119.1</ele>
   </trkpt>
   <trkpt lat="-29.7329450" lon="24.3980970">
    <ele>1119.1</ele>
   </trkpt>
   <trkpt lat="-29.7329470" lon="24.3980530">
    <ele>1119.1</ele>
   </trkpt>
   <trkpt lat="-29.7329480" lon="24.3980100">
    <ele>1119.1</ele>
   </trkpt>
   <trkpt lat="-29.7329470" lon="24.3979650">
    <ele>1118.9</ele>
   </trkpt>
   <trkpt lat="-29.7329480" lon="24.3979220">
    <ele>1118.6</ele>
   </trkpt>
   <trkpt lat="-29.7329500" lon="24.3978750">
    <ele>1118.4</ele>
   </trkpt>
   <trkpt lat="-29.7329520" lon="24.3978280">
    <ele>1118.1</ele>
   </trkpt>
   <trkpt lat="-29.7329550" lon="24.3977850">
    <ele>1118.0</ele>
   </trkpt>
   <trkpt lat="-29.7329550" lon="24.3977420">
    <ele>1117.9</ele>
   </trkpt>
   <trkpt lat="-29.7329530" lon="24.3976980">
    <ele>1117.8</ele>
   </trkpt>
   <trkpt lat="-29.7329470" lon="24.3976570">
    <ele>1117.7</ele>
   </trkpt>
   <trkpt lat="-29.7329380" lon="24.3976130">
    <ele>1117.6</ele>
   </trkpt>
   <trkpt lat="-29.7329270" lon="24.3975730">
    <ele>1117.9</ele>
   </trkpt>
   <trkpt lat="-29.7329120" lon="24.3975400">
    <ele>1117.7</ele>
   </trkpt>
   <trkpt lat="-29.7328930" lon="24.3975050">
    <ele>1118.0</ele>
   </trkpt>
   <trkpt lat="-29.7328700" lon="24.3974700">
    <ele>1117.8</ele>
   </trkpt>
   <trkpt lat="-29.7328400" lon="24.3974370">
    <ele>1117.9</ele>
   </trkpt>
   <trkpt lat="-29.7328080" lon="24.3974120">
    <ele>1118.1</ele>
   </trkpt>
   <trkpt lat="-29.7327800" lon="24.3973880">
    <ele>1118.2</ele>
   </trkpt>
   <trkpt lat="-29.7327500" lon="24.3973700">
    <ele>1118.0</ele>
   </trkpt>
   <trkpt lat="-29.7327220" lon="24.3973520">
    <ele>1118.1</ele>
   </trkpt>
   <trkpt lat="-29.7326930" lon="24.3973280">
    <ele>1118.1</ele>
   </trkpt>
   <trkpt lat="-29.7326650" lon="24.3973050">
    <ele>1118.3</ele>
   </trkpt>
   <trkpt lat="-29.7326380" lon="24.3972770">
    <ele>1118.2</ele>
   </trkpt>
   <trkpt lat="-29.7326170" lon="24.3972450">
    <ele>1118.5</ele>
   </trkpt>
   <trkpt lat="-29.7325980" lon="24.3972120">
    <ele>1118.5</ele>
   </trkpt>
   <trkpt lat="-29.7325920" lon="24.3971750">
    <ele>1118.7</ele>
   </trkpt>
   <trkpt lat="-29.7325900" lon="24.3971380">
    <ele>1118.7</ele>
   </trkpt>
   <trkpt lat="-29.7325900" lon="24.3971020">
    <ele>1118.7</ele>
   </trkpt>
   <trkpt lat="-29.7325950" lon="24.3970650">
    <ele>1118.5</ele>
   </trkpt>
   <trkpt lat="-29.7326070" lon="24.3970280">
    <ele>1118.5</ele>
   </trkpt>
   <trkpt lat="-29.7326170" lon="24.3969880">
    <ele>1118.5</ele>
   </trkpt>
   <trkpt lat="-29.7326280" lon="24.3969520">
    <ele>1118.5</ele>
   </trkpt>
   <trkpt lat="-29.7326420" lon="24.3969130">
    <ele>1118.2</ele>
   </trkpt>
   <trkpt lat="-29.7326550" lon="24.3968730">
    <ele>1118.2</ele>
   </trkpt>
   <trkpt lat="-29.7326680" lon="24.3968370">
    <ele>1118.2</ele>
   </trkpt>
   <trkpt lat="-29.7326830" lon="24.3967980">
    <ele>1117.9</ele>
   </trkpt>
   <trkpt lat="-29.7326970" lon="24.3967580">
    <ele>1117.9</ele>
   </trkpt>
   <trkpt lat="-29.7327080" lon="24.3967170">
    <ele>1117.8</ele>
   </trkpt>
   <trkpt lat="-29.7327170" lon="24.3966780">
    <ele>1117.8</ele>
   </trkpt>
   <trkpt lat="-29.7327220" lon="24.3966380">
    <ele>1117.8</ele>
   </trkpt>
   <trkpt lat="-29.7327180" lon="24.3965980">
    <ele>1117.8</ele>
   </trkpt>
   <trkpt lat="-29.7327130" lon="24.3965550">
    <ele>1117.8</ele>
   </trkpt>
   <trkpt lat="-29.7327030" lon="24.3965130">
    <ele>1117.8</ele>
   </trkpt>
   <trkpt lat="-29.7326870" lon="24.3964720">
    <ele>1117.8</ele>
   </trkpt>
   <trkpt lat="-29.7326670" lon="24.3964370">
    <ele>1117.8</ele>
   </trkpt>
   <trkpt lat="-29.7326450" lon="24.3963980">
    <ele>1117.6</ele>
   </trkpt>
   <trkpt lat="-29.7326180" lon="24.3963680">
    <ele>1117.4</ele>
   </trkpt>
   <trkpt lat="-29.7325870" lon="24.3963400">
    <ele>1117.1</ele>
   </trkpt>
   <trkpt lat="-29.7325570" lon="24.3963170">
    <ele>1117.2</ele>
   </trkpt>
   <trkpt lat="-29.7325220" lon="24.3962950">
    <ele>1116.9</ele>
   </trkpt>
   <trkpt lat="-29.7324880" lon="24.3962770">
    <ele>1116.9</ele>
   </trkpt>
   <trkpt lat="-29.7324520" lon="24.3962600">
    <ele>1117.0</ele>
   </trkpt>
   <trkpt lat="-29.7324150" lon="24.3962450">
    <ele>1116.6</ele>
   </trkpt>
   <trkpt lat="-29.7323770" lon="24.3962300">
    <ele>1116.9</ele>
   </trkpt>
   <trkpt lat="-29.7323420" lon="24.3962150">
    <ele>1117.4</ele>
   </trkpt>
   <trkpt lat="-29.7323050" lon="24.3962000">
    <ele>1117.4</ele>
   </trkpt>
   <trkpt lat="-29.7322670" lon="24.3961870">
    <ele>1117.8</ele>
   </trkpt>
   <trkpt lat="-29.7322300" lon="24.3961720">
    <ele>1118.3</ele>
   </trkpt>
   <trkpt lat="-29.7321900" lon="24.3961580">
    <ele>1118.3</ele>
   </trkpt>
   <trkpt lat="-29.7321550" lon="24.3961450">
    <ele>1118.8</ele>
   </trkpt>
   <trkpt lat="-29.7321220" lon="24.3961300">
    <ele>1119.3</ele>
   </trkpt>
   <trkpt lat="-29.7320780" lon="24.3961130">
    <ele>1119.3</ele>
   </trkpt>
   <trkpt lat="-29.7320420" lon="24.3960920">
    <ele>1119.8</ele>
   </trkpt>
   <trkpt lat="-29.7320080" lon="24.3960670">
    <ele>1119.7</ele>
   </trkpt>
   <trkpt lat="-29.7319770" lon="24.3960400">
    <ele>1119.4</ele>
   </trkpt>
   <trkpt lat="-29.7319450" lon="24.3960080">
    <ele>1119.8</ele>
   </trkpt>
   <trkpt lat="-29.7319170" lon="24.3959770">
    <ele>1119.4</ele>
   </trkpt>
   <trkpt lat="-29.7318900" lon="24.3959470">
    <ele>1118.5</ele>
   </trkpt>
   <trkpt lat="-29.7318600" lon="24.3959180">
    <ele>1118.8</ele>
   </trkpt>
   <trkpt lat="-29.7318270" lon="24.3958920">
    <ele>1118.2</ele>
   </trkpt>
   <trkpt lat="-29.7317930" lon="24.3958680">
    <ele>1117.5</ele>
   </trkpt>
   <trkpt lat="-29.7317600" lon="24.3958500">
    <ele>1117.4</ele>
   </trkpt>
   <trkpt lat="-29.7317270" lon="24.3958350">
    <ele>1117.4</ele>
   </trkpt>
   <trkpt lat="-29.7316930" lon="24.3958270">
    <ele>1116.3</ele>
   </trkpt>
   <trkpt lat="-29.7316630" lon="24.3958220">
    <ele>1116.1</ele>
   </trkpt>
   <trkpt lat="-29.7316280" lon="24.3958250">
    <ele>1116.1</ele>
   </trkpt>
   <trkpt lat="-29.7315930" lon="24.3958300">
    <ele>1116.8</ele>
   </trkpt>
   <trkpt lat="-29.7315620" lon="24.3958430">
    <ele>1116.6</ele>
   </trkpt>
   <trkpt lat="-29.7315300" lon="24.3958620">
    <ele>1116.3</ele>
   </trkpt>
   <trkpt lat="-29.7315000" lon="24.3958850">
    <ele>1117.1</ele>
   </trkpt>
   <trkpt lat="-29.7314700" lon="24.3959100">
    <ele>1116.8</ele>
   </trkpt>
   <trkpt lat="-29.7314400" lon="24.3959330">
    <ele>1117.9</ele>
   </trkpt>
   <trkpt lat="-29.7314100" lon="24.3959550">
    <ele>1117.6</ele>
   </trkpt>
   <trkpt lat="-29.7313820" lon="24.3959780">
    <ele>1118.4</ele>
   </trkpt>
   <trkpt lat="-29.7313520" lon="24.3960030">
    <ele>1118.8</ele>
   </trkpt>
   <trkpt lat="-29.7313200" lon="24.3960270">
    <ele>1118.1</ele>
   </trkpt>
   <trkpt lat="-29.7312900" lon="24.3960520">
    <ele>1118.3</ele>
   </trkpt>
   <trkpt lat="-29.7312600" lon="24.3960770">
    <ele>1118.3</ele>
   </trkpt>
   <trkpt lat="-29.7312320" lon="24.3961030">
    <ele>1118.4</ele>
   </trkpt>
   <trkpt lat="-29.7312050" lon="24.3961330">
    <ele>1118.4</ele>
   </trkpt>
   <trkpt lat="-29.7311820" lon="24.3961670">
    <ele>1118.4</ele>
   </trkpt>
   <trkpt lat="-29.7311580" lon="24.3962050">
    <ele>1118.2</ele>
   </trkpt>
   <trkpt lat="-29.7311400" lon="24.3962420">
    <ele>1117.9</ele>
   </trkpt>
   <trkpt lat="-29.7311220" lon="24.3962820">
    <ele>1118.4</ele>
   </trkpt>
   <trkpt lat="-29.7311030" lon="24.3963230">
    <ele>1117.9</ele>
   </trkpt>
   <trkpt lat="-29.7310870" lon="24.3963650">
    <ele>1118.4</ele>
   </trkpt>
   <trkpt lat="-29.7310700" lon="24.3964080">
    <ele>1118.9</ele>
   </trkpt>
   <trkpt lat="-29.7310530" lon="24.3964520">
    <ele>1118.6</ele>
   </trkpt>
   <trkpt lat="-29.7310330" lon="24.3964970">
    <ele>1119.1</ele>
   </trkpt>
   <trkpt lat="-29.7310150" lon="24.3965420">
    <ele>1118.8</ele>
   </trkpt>
   <trkpt lat="-29.7309970" lon="24.3965870">
    <ele>1119.3</ele>
   </trkpt>
   <trkpt lat="-29.7309780" lon="24.3966280">
    <ele>1118.9</ele>
   </trkpt>
   <trkpt lat="-29.7309600" lon="24.3966720">
    <ele>1119.2</ele>
   </trkpt>
   <trkpt lat="-29.7309380" lon="24.3967120">
    <ele>1118.7</ele>
   </trkpt>
   <trkpt lat="-29.7309180" lon="24.3967520">
    <ele>1118.9</ele>
   </trkpt>
   <trkpt lat="-29.7308970" lon="24.3967900">
    <ele>1118.4</ele>
   </trkpt>
   <trkpt lat="-29.7308750" lon="24.3968270">
    <ele>1117.9</ele>
   </trkpt>
   <trkpt lat="-29.7308480" lon="24.3968600">
    <ele>1118.2</ele>
   </trkpt>
   <trkpt lat="-29.7308220" lon="24.3968930">
    <ele>1117.4</ele>
   </trkpt>
   <trkpt lat="-29.7307920" lon="24.3969220">
    <ele>1116.9</ele>
   </trkpt>
   <trkpt lat="-29.7307620" lon="24.3969480">
    <ele>1116.9</ele>
   </trkpt>
   <trkpt lat="-29.7307280" lon="24.3969720">
    <ele>1116.6</ele>
   </trkpt>
   <trkpt lat="-29.7306930" lon="24.3969920">
    <ele>1116.9</ele>
   </trkpt>
   <trkpt lat="-29.7306600" lon="24.3970130">
    <ele>1116.9</ele>
   </trkpt>
   <trkpt lat="-29.7306270" lon="24.3970320">
    <ele>1117.1</ele>
   </trkpt>
   <trkpt lat="-29.7305930" lon="24.3970470">
    <ele>1116.8</ele>
   </trkpt>
   <trkpt lat="-29.7305580" lon="24.3970630">
    <ele>1116.7</ele>
   </trkpt>
   <trkpt lat="-29.7305220" lon="24.3970730">
    <ele>1116.9</ele>
   </trkpt>
   <trkpt lat="-29.7304830" lon="24.3970830">
    <ele>1116.7</ele>
   </trkpt>
   <trkpt lat="-29.7304450" lon="24.3970850">
    <ele>1116.6</ele>
   </trkpt>
   <trkpt lat="-29.7304070" lon="24.3970830">
    <ele>1116.9</ele>
   </trkpt>
   <trkpt lat="-29.7303700" lon="24.3970800">
    <ele>1117.1</ele>
   </trkpt>
   <trkpt lat="-29.7303320" lon="24.3970780">
    <ele>1117.3</ele>
   </trkpt>
   <trkpt lat="-29.7302930" lon="24.3970720">
    <ele>1117.0</ele>
   </trkpt>
   <trkpt lat="-29.7302600" lon="24.3970650">
    <ele>1117.1</ele>
   </trkpt>
   <trkpt lat="-29.7302270" lon="24.3970600">
    <ele>1117.3</ele>
   </trkpt>
   <trkpt lat="-29.7301920" lon="24.3970550">
    <ele>1117.4</ele>
   </trkpt>
   <trkpt lat="-29.7301570" lon="24.3970500">
    <ele>1117.5</ele>
   </trkpt>
   <trkpt lat="-29.7301220" lon="24.3970430">
    <ele>1117.6</ele>
   </trkpt>
   <trkpt lat="-29.7300830" lon="24.3970400">
    <ele>1117.7</ele>
   </trkpt>
   <trkpt lat="-29.7300500" lon="24.3970420">
    <ele>1117.8</ele>
   </trkpt>
   <trkpt lat="-29.7300150" lon="24.3970530">
    <ele>1117.8</ele>
   </trkpt>
   <trkpt lat="-29.7299800" lon="24.3970670">
    <ele>1117.7</ele>
   </trkpt>
   <trkpt lat="-29.7299480" lon="24.3970870">
    <ele>1117.9</ele>
   </trkpt>
   <trkpt lat="-29.7299220" lon="24.3971080">
    <ele>1117.9</ele>
   </trkpt>
   <trkpt lat="-29.7298930" lon="24.3971370">
    <ele>1117.9</ele>
   </trkpt>
   <trkpt lat="-29.7298680" lon="24.3971670">
    <ele>1117.9</ele>
   </trkpt>
   <trkpt lat="-29.7298470" lon="24.3972020">
    <ele>1118.1</ele>
   </trkpt>
   <trkpt lat="-29.7298270" lon="24.3972400">
    <ele>1117.7</ele>
   </trkpt>
   <trkpt lat="-29.7298100" lon="24.3972800">
    <ele>1117.9</ele>
   </trkpt>
   <trkpt lat="-29.7298000" lon="24.3973230">
    <ele>1118.1</ele>
   </trkpt>
   <trkpt lat="-29.7297920" lon="24.3973670">
    <ele>1118.1</ele>
   </trkpt>
   <trkpt lat="-29.7297850" lon="24.3974080">
    <ele>1118.6</ele>
   </trkpt>
   <trkpt lat="-29.7297780" lon="24.3974520">
    <ele>1119.1</ele>
   </trkpt>
   <trkpt lat="-29.7297770" lon="24.3974930">
    <ele>1119.5</ele>
   </trkpt>
   <trkpt lat="-29.7297750" lon="24.3975330">
    <ele>1119.7</ele>
   </trkpt>
   <trkpt lat="-29.7297730" lon="24.3975720">
    <ele>1119.9</ele>
   </trkpt>
   <trkpt lat="-29.7297700" lon="24.3976130">
    <ele>1120.1</ele>
   </trkpt>
   <trkpt lat="-29.7297630" lon="24.3976550">
    <ele>1120.4</ele>
   </trkpt>
   <trkpt lat="-29.7297520" lon="24.3976930">
    <ele>1119.6</ele>
   </trkpt>
   <trkpt lat="-29.7297400" lon="24.3977270">
    <ele>1119.9</ele>
   </trkpt>
   <trkpt lat="-29.7297270" lon="24.3977580">
    <ele>1119.9</ele>
   </trkpt>
   <trkpt lat="-29.7297130" lon="24.3977870">
    <ele>1119.2</ele>
   </trkpt>
   <trkpt lat="-29.7296980" lon="24.3978270">
    <ele>1119.5</ele>
   </trkpt>
   <trkpt lat="-29.7296830" lon="24.3978570">
    <ele>1119.3</ele>
   </trkpt>
   <trkpt lat="-29.7296670" lon="24.3978870">
    <ele>1119.3</ele>
   </trkpt>
   <trkpt lat="-29.7296480" lon="24.3979170">
    <ele>1119.0</ele>
   </trkpt>
   <trkpt lat="-29.7296320" lon="24.3979480">
    <ele>1119.5</ele>
   </trkpt>
   <trkpt lat="-29.7296150" lon="24.3979780">
    <ele>1120.1</ele>
   </trkpt>
   <trkpt lat="-29.7295930" lon="24.3980100">
    <ele>1119.3</ele>
   </trkpt>
   <trkpt lat="-29.7295700" lon="24.3980400">
    <ele>1119.6</ele>
   </trkpt>
   <trkpt lat="-29.7295450" lon="24.3980670">
    <ele>1120.3</ele>
   </trkpt>
   <trkpt lat="-29.7295170" lon="24.3980920">
    <ele>1120.1</ele>
   </trkpt>
   <trkpt lat="-29.7294870" lon="24.3981100">
    <ele>1120.5</ele>
   </trkpt>
   <trkpt lat="-29.7294520" lon="24.3981300">
    <ele>1120.3</ele>
   </trkpt>
   <trkpt lat="-29.7294180" lon="24.3981430">
    <ele>1120.1</ele>
   </trkpt>
   <trkpt lat="-29.7293830" lon="24.3981580">
    <ele>1120.5</ele>
   </trkpt>
   <trkpt lat="-29.7293520" lon="24.3981720">
    <ele>1120.3</ele>
   </trkpt>
   <trkpt lat="-29.7293150" lon="24.3981900">
    <ele>1120.8</ele>
   </trkpt>
   <trkpt lat="-29.7292770" lon="24.3982050">
    <ele>1120.6</ele>
   </trkpt>
   <trkpt lat="-29.7292420" lon="24.3982170">
    <ele>1120.6</ele>
   </trkpt>
   <trkpt lat="-29.7292070" lon="24.3982300">
    <ele>1120.5</ele>
   </trkpt>
   <trkpt lat="-29.7291720" lon="24.3982430">
    <ele>1121.0</ele>
   </trkpt>
   <trkpt lat="-29.7291330" lon="24.3982570">
    <ele>1120.9</ele>
   </trkpt>
   <trkpt lat="-29.7290950" lon="24.3982680">
    <ele>1120.7</ele>
   </trkpt>
   <trkpt lat="-29.7290620" lon="24.3982820">
    <ele>1121.0</ele>
   </trkpt>
   <trkpt lat="-29.7290250" lon="24.3982950">
    <ele>1120.8</ele>
   </trkpt>
   <trkpt lat="-29.7289920" lon="24.3983070">
    <ele>1120.6</ele>
   </trkpt>
   <trkpt lat="-29.7289600" lon="24.3983180">
    <ele>1120.7</ele>
   </trkpt>
   <trkpt lat="-29.7289250" lon="24.3983300">
    <ele>1120.7</ele>
   </trkpt>
   <trkpt lat="-29.7288920" lon="24.3983400">
    <ele>1120.7</ele>
   </trkpt>
   <trkpt lat="-29.7288580" lon="24.3983480">
    <ele>1120.7</ele>
   </trkpt>
   <trkpt lat="-29.7288230" lon="24.3983600">
    <ele>1120.6</ele>
   </trkpt>
   <trkpt lat="-29.7287870" lon="24.3983720">
    <ele>1120.5</ele>
   </trkpt>
   <trkpt lat="-29.7287480" lon="24.3983880">
    <ele>1120.2</ele>
   </trkpt>
   <trkpt lat="-29.7287150" lon="24.3984020">
    <ele>1119.8</ele>
   </trkpt>
   <trkpt lat="-29.7286800" lon="24.3984150">
    <ele>1119.5</ele>
   </trkpt>
   <trkpt lat="-29.7286430" lon="24.3984250">
    <ele>1119.1</ele>
   </trkpt>
   <trkpt lat="-29.7286070" lon="24.3984350">
    <ele>1118.8</ele>
   </trkpt>
   <trkpt lat="-29.7285700" lon="24.3984470">
    <ele>1118.6</ele>
   </trkpt>
   <trkpt lat="-29.7285320" lon="24.3984600">
    <ele>1118.4</ele>
   </trkpt>
   <trkpt lat="-29.7284970" lon="24.3984720">
    <ele>1118.4</ele>
   </trkpt>
   <trkpt lat="-29.7284620" lon="24.3984830">
    <ele>1118.2</ele>
   </trkpt>
   <trkpt lat="-29.7284280" lon="24.3984930">
    <ele>1118.1</ele>
   </trkpt>
   <trkpt lat="-29.7283920" lon="24.3985050">
    <ele>1117.9</ele>
   </trkpt>
   <trkpt lat="-29.7283570" lon="24.3985170">
    <ele>1117.8</ele>
   </trkpt>
   <trkpt lat="-29.7283220" lon="24.3985270">
    <ele>1118.0</ele>
   </trkpt>
   <trkpt lat="-29.7282870" lon="24.3985350">
    <ele>1118.3</ele>
   </trkpt>
   <trkpt lat="-29.7282530" lon="24.3985380">
    <ele>1118.5</ele>
   </trkpt>
   <trkpt lat="-29.7282220" lon="24.3985370">
    <ele>1118.7</ele>
   </trkpt>
   <trkpt lat="-29.7281870" lon="24.3985330">
    <ele>1118.9</ele>
   </trkpt>
   <trkpt lat="-29.7281530" lon="24.3985250">
    <ele>1119.2</ele>
   </trkpt>
   <trkpt lat="-29.7281220" lon="24.3985170">
    <ele>1119.4</ele>
   </trkpt>
   <trkpt lat="-29.7280900" lon="24.3985070">
    <ele>1119.4</ele>
   </trkpt>
   <trkpt lat="-29.7280600" lon="24.3984970">
    <ele>1119.7</ele>
   </trkpt>
   <trkpt lat="-29.7280300" lon="24.3984850">
    <ele>1119.9</ele>
   </trkpt>
   <trkpt lat="-29.7280020" lon="24.3984700">
    <ele>1120.2</ele>
   </trkpt>
   <trkpt lat="-29.7279720" lon="24.3984520">
    <ele>1120.4</ele>
   </trkpt>
   <trkpt lat="-29.7279430" lon="24.3984320">
    <ele>1120.4</ele>
   </trkpt>
   <trkpt lat="-29.7279150" lon="24.3984100">
    <ele>1120.6</ele>
   </trkpt>
   <trkpt lat="-29.7278870" lon="24.3983850">
    <ele>1120.6</ele>
   </trkpt>
   <trkpt lat="-29.7278620" lon="24.3983570">
    <ele>1120.6</ele>
   </trkpt>
   <trkpt lat="-29.7278380" lon="24.3983270">
    <ele>1120.6</ele>
   </trkpt>
   <trkpt lat="-29.7278150" lon="24.3982980">
    <ele>1120.6</ele>
   </trkpt>
   <trkpt lat="-29.7277920" lon="24.3982700">
    <ele>1120.5</ele>
   </trkpt>
   <trkpt lat="-29.7277670" lon="24.3982400">
    <ele>1120.6</ele>
   </trkpt>
   <trkpt lat="-29.7277400" lon="24.3982100">
    <ele>1120.6</ele>
   </trkpt>
   <trkpt lat="-29.7277150" lon="24.3981780">
    <ele>1120.6</ele>
   </trkpt>
   <trkpt lat="-29.7276920" lon="24.3981470">
    <ele>1120.6</ele>
   </trkpt>
   <trkpt lat="-29.7276680" lon="24.3981130">
    <ele>1120.5</ele>
   </trkpt>
   <trkpt lat="-29.7276450" lon="24.3980820">
    <ele>1120.5</ele>
   </trkpt>
   <trkpt lat="-29.7276170" lon="24.3980500">
    <ele>1120.6</ele>
   </trkpt>
   <trkpt lat="-29.7275920" lon="24.3980180">
    <ele>1120.6</ele>
   </trkpt>
   <trkpt lat="-29.7275670" lon="24.3979830">
    <ele>1120.6</ele>
   </trkpt>
   <trkpt lat="-29.7275400" lon="24.3979500">
    <ele>1120.5</ele>
   </trkpt>
   <trkpt lat="-29.7275150" lon="24.3979170">
    <ele>1120.5</ele>
   </trkpt>
   <trkpt lat="-29.7274900" lon="24.3978820">
    <ele>1120.5</ele>
   </trkpt>
   <trkpt lat="-29.7274670" lon="24.3978450">
    <ele>1120.6</ele>
   </trkpt>
   <trkpt lat="-29.7274400" lon="24.3978100">
    <ele>1120.6</ele>
   </trkpt>
   <trkpt lat="-29.7274120" lon="24.3977770">
    <ele>1120.5</ele>
   </trkpt>
   <trkpt lat="-29.7273880" lon="24.3977450">
    <ele>1120.4</ele>
   </trkpt>
   <trkpt lat="-29.7273650" lon="24.3977150">
    <ele>1120.4</ele>
   </trkpt>
   <trkpt lat="-29.7273430" lon="24.3976830">
    <ele>1120.4</ele>
   </trkpt>
   <trkpt lat="-29.7273220" lon="24.3976550">
    <ele>1120.6</ele>
   </trkpt>
   <trkpt lat="-29.7273000" lon="24.3976230">
    <ele>1120.5</ele>
   </trkpt>
   <trkpt lat="-29.7272770" lon="24.3975880">
    <ele>1120.5</ele>
   </trkpt>
   <trkpt lat="-29.7272550" lon="24.3975580">
    <ele>1120.4</ele>
   </trkpt>
   <trkpt lat="-29.7272320" lon="24.3975280">
    <ele>1120.3</ele>
   </trkpt>
   <trkpt lat="-29.7272100" lon="24.3974980">
    <ele>1120.4</ele>
   </trkpt>
   <trkpt lat="-29.7271900" lon="24.3974720">
    <ele>1120.7</ele>
   </trkpt>
   <trkpt lat="-29.7271700" lon="24.3974450">
    <ele>1120.5</ele>
   </trkpt>
   <trkpt lat="-29.7271520" lon="24.3974200">
    <ele>1121.0</ele>
   </trkpt>
   <trkpt lat="-29.7271300" lon="24.3973950">
    <ele>1120.8</ele>
   </trkpt>
   <trkpt lat="-29.7271100" lon="24.3973680">
    <ele>1121.0</ele>
   </trkpt>
   <trkpt lat="-29.7270880" lon="24.3973400">
    <ele>1121.0</ele>
   </trkpt>
   <trkpt lat="-29.7270680" lon="24.3973120">
    <ele>1121.3</ele>
   </trkpt>
   <trkpt lat="-29.7270480" lon="24.3972850">
    <ele>1120.9</ele>
   </trkpt>
   <trkpt lat="-29.7270270" lon="24.3972580">
    <ele>1121.3</ele>
   </trkpt>
   <trkpt lat="-29.7270080" lon="24.3972300">
    <ele>1120.8</ele>
   </trkpt>
   <trkpt lat="-29.7269870" lon="24.3972050">
    <ele>1121.0</ele>
   </trkpt>
   <trkpt lat="-29.7269650" lon="24.3971780">
    <ele>1120.8</ele>
   </trkpt>
   <trkpt lat="-29.7269420" lon="24.3971530">
    <ele>1120.3</ele>
   </trkpt>
   <trkpt lat="-29.7269170" lon="24.3971270">
    <ele>1120.6</ele>
   </trkpt>
   <trkpt lat="-29.7268930" lon="24.3971000">
    <ele>1120.2</ele>
   </trkpt>
   <trkpt lat="-29.7268720" lon="24.3970680">
    <ele>1119.8</ele>
   </trkpt>
   <trkpt lat="-29.7268500" lon="24.3970350">
    <ele>1119.9</ele>
   </trkpt>
   <trkpt lat="-29.7268300" lon="24.3970030">
    <ele>1119.4</ele>
   </trkpt>
   <trkpt lat="-29.7268100" lon="24.3969680">
    <ele>1119.2</ele>
   </trkpt>
   <trkpt lat="-29.7267920" lon="24.3969370">
    <ele>1118.9</ele>
   </trkpt>
   <trkpt lat="-29.7267750" lon="24.3969020">
    <ele>1119.1</ele>
   </trkpt>
   <trkpt lat="-29.7267570" lon="24.3968680">
    <ele>1118.6</ele>
   </trkpt>
   <trkpt lat="-29.7267420" lon="24.3968370">
    <ele>1118.3</ele>
   </trkpt>
   <trkpt lat="-29.7267320" lon="24.3968020">
    <ele>1117.8</ele>
   </trkpt>
   <trkpt lat="-29.7267180" lon="24.3967680">
    <ele>1117.4</ele>
   </trkpt>
   <trkpt lat="-29.7267030" lon="24.3967350">
    <ele>1117.7</ele>
   </trkpt>
   <trkpt lat="-29.7266880" lon="24.3967020">
    <ele>1117.4</ele>
   </trkpt>
   <trkpt lat="-29.7266720" lon="24.3966650">
    <ele>1117.2</ele>
   </trkpt>
   <trkpt lat="-29.7266550" lon="24.3966300">
    <ele>1117.2</ele>
   </trkpt>
   <trkpt lat="-29.7266380" lon="24.3965980">
    <ele>1117.1</ele>
   </trkpt>
   <trkpt lat="-29.7266170" lon="24.3965650">
    <ele>1117.3</ele>
   </trkpt>
   <trkpt lat="-29.7265950" lon="24.3965300">
    <ele>1117.3</ele>
   </trkpt>
   <trkpt lat="-29.7265700" lon="24.3964930">
    <ele>1117.7</ele>
   </trkpt>
   <trkpt lat="-29.7265450" lon="24.3964580">
    <ele>1118.2</ele>
   </trkpt>
   <trkpt lat="-29.7265220" lon="24.3964200">
    <ele>1118.0</ele>
   </trkpt>
   <trkpt lat="-29.7264970" lon="24.3963850">
    <ele>1118.5</ele>
   </trkpt>
   <trkpt lat="-29.7264720" lon="24.3963480">
    <ele>1119.0</ele>
   </trkpt>
   <trkpt lat="-29.7264450" lon="24.3963150">
    <ele>1119.6</ele>
   </trkpt>
   <trkpt lat="-29.7264170" lon="24.3962870">
    <ele>1119.6</ele>
   </trkpt>
   <trkpt lat="-29.7263850" lon="24.3962580">
    <ele>1119.9</ele>
   </trkpt>
   <trkpt lat="-29.7263520" lon="24.3962320">
    <ele>1119.8</ele>
   </trkpt>
   <trkpt lat="-29.7263200" lon="24.3962050">
    <ele>1119.5</ele>
   </trkpt>
   <trkpt lat="-29.7262900" lon="24.3961820">
    <ele>1119.8</ele>
   </trkpt>
   <trkpt lat="-29.7262580" lon="24.3961580">
    <ele>1119.5</ele>
   </trkpt>
   <trkpt lat="-29.7262250" lon="24.3961370">
    <ele>1119.5</ele>
   </trkpt>
   <trkpt lat="-29.7261970" lon="24.3961150">
    <ele>1119.4</ele>
   </trkpt>
   <trkpt lat="-29.7261720" lon="24.3960900">
    <ele>1119.7</ele>
   </trkpt>
   <trkpt lat="-29.7261450" lon="24.3960670">
    <ele>1119.5</ele>
   </trkpt>
   <trkpt lat="-29.7261220" lon="24.3960450">
    <ele>1119.5</ele>
   </trkpt>
   <trkpt lat="-29.7260930" lon="24.3960220">
    <ele>1119.5</ele>
   </trkpt>
   <trkpt lat="-29.7260670" lon="24.3960000">
    <ele>1119.5</ele>
   </trkpt>
   <trkpt lat="-29.7260370" lon="24.3959770">
    <ele>1119.5</ele>
   </trkpt>
   <trkpt lat="-29.7260130" lon="24.3959520">
    <ele>1119.5</ele>
   </trkpt>
   <trkpt lat="-29.7259880" lon="24.3959270">
    <ele>1119.3</ele>
   </trkpt>
   <trkpt lat="-29.7259600" lon="24.3959020">
    <ele>1119.0</ele>
   </trkpt>
   <trkpt lat="-29.7259330" lon="24.3958780">
    <ele>1119.0</ele>
   </trkpt>
   <trkpt lat="-29.7259050" lon="24.3958550">
    <ele>1118.7</ele>
   </trkpt>
   <trkpt lat="-29.7258780" lon="24.3958330">
    <ele>1118.5</ele>
   </trkpt>
   <trkpt lat="-29.7258500" lon="24.3958100">
    <ele>1118.5</ele>
   </trkpt>
   <trkpt lat="-29.7258220" lon="24.3957870">
    <ele>1118.4</ele>
   </trkpt>
   <trkpt lat="-29.7257930" lon="24.3957630">
    <ele>1118.1</ele>
   </trkpt>
   <trkpt lat="-29.7257650" lon="24.3957420">
    <ele>1117.6</ele>
   </trkpt>
   <trkpt lat="-29.7257370" lon="24.3957200">
    <ele>1117.4</ele>
   </trkpt>
   <trkpt lat="-29.7257080" lon="24.3957000">
    <ele>1117.4</ele>
   </trkpt>
   <trkpt lat="-29.7256780" lon="24.3956780">
    <ele>1117.4</ele>
   </trkpt>
   <trkpt lat="-29.7256500" lon="24.3956550">
    <ele>1117.5</ele>
   </trkpt>
   <trkpt lat="-29.7256220" lon="24.3956300">
    <ele>1117.8</ele>
   </trkpt>
   <trkpt lat="-29.7255920" lon="24.3956050">
    <ele>1117.4</ele>
   </trkpt>
   <trkpt lat="-29.7255670" lon="24.3955800">
    <ele>1117.7</ele>
   </trkpt>
   <trkpt lat="-29.7255430" lon="24.3955500">
    <ele>1117.9</ele>
   </trkpt>
   <trkpt lat="-29.7255280" lon="24.3955180">
    <ele>1117.7</ele>
   </trkpt>
   <trkpt lat="-29.7255150" lon="24.3954830">
    <ele>1117.4</ele>
   </trkpt>
   <trkpt lat="-29.7255030" lon="24.3954450">
    <ele>1118.2</ele>
   </trkpt>
   <trkpt lat="-29.7254920" lon="24.3954030">
    <ele>1117.9</ele>
   </trkpt>
   <trkpt lat="-29.7254830" lon="24.3953600">
    <ele>1117.7</ele>
   </trkpt>
   <trkpt lat="-29.7254770" lon="24.3953150">
    <ele>1117.6</ele>
   </trkpt>
   <trkpt lat="-29.7254720" lon="24.3952720">
    <ele>1118.1</ele>
   </trkpt>
   <trkpt lat="-29.7254670" lon="24.3952300">
    <ele>1117.9</ele>
   </trkpt>
   <trkpt lat="-29.7254620" lon="24.3951900">
    <ele>1117.8</ele>
   </trkpt>
   <trkpt lat="-29.7254570" lon="24.3951500">
    <ele>1117.8</ele>
   </trkpt>
   <trkpt lat="-29.7254530" lon="24.3951130">
    <ele>1117.8</ele>
   </trkpt>
   <trkpt lat="-29.7254450" lon="24.3950730">
    <ele>1117.8</ele>
   </trkpt>
   <trkpt lat="-29.7254400" lon="24.3950320">
    <ele>1117.8</ele>
   </trkpt>
   <trkpt lat="-29.7254350" lon="24.3949880">
    <ele>1118.3</ele>
   </trkpt>
   <trkpt lat="-29.7254280" lon="24.3949430">
    <ele>1118.3</ele>
   </trkpt>
   <trkpt lat="-29.7254220" lon="24.3948980">
    <ele>1118.3</ele>
   </trkpt>
   <trkpt lat="-29.7254120" lon="24.3948530">
    <ele>1118.3</ele>
   </trkpt>
   <trkpt lat="-29.7254030" lon="24.3948100">
    <ele>1118.3</ele>
   </trkpt>
   <trkpt lat="-29.7253970" lon="24.3947670">
    <ele>1118.7</ele>
   </trkpt>
   <trkpt lat="-29.7253880" lon="24.3947220">
    <ele>1118.7</ele>
   </trkpt>
   <trkpt lat="-29.7253830" lon="24.3946800">
    <ele>1118.6</ele>
   </trkpt>
   <trkpt lat="-29.7253730" lon="24.3946350">
    <ele>1118.6</ele>
   </trkpt>
   <trkpt lat="-29.7253650" lon="24.3945900">
    <ele>1118.9</ele>
   </trkpt>
   <trkpt lat="-29.7253570" lon="24.3945480">
    <ele>1118.9</ele>
   </trkpt>
   <trkpt lat="-29.7253480" lon="24.3945030">
    <ele>1118.9</ele>
   </trkpt>
   <trkpt lat="-29.7253380" lon="24.3944600">
    <ele>1118.9</ele>
   </trkpt>
   <trkpt lat="-29.7253270" lon="24.3944170">
    <ele>1119.1</ele>
   </trkpt>
   <trkpt lat="-29.7253150" lon="24.3943770">
    <ele>1119.1</ele>
   </trkpt>
   <trkpt lat="-29.7253000" lon="24.3943350">
    <ele>1119.0</ele>
   </trkpt>
   <trkpt lat="-29.7252870" lon="24.3942930">
    <ele>1119.0</ele>
   </trkpt>
   <trkpt lat="-29.7252700" lon="24.3942520">
    <ele>1118.8</ele>
   </trkpt>
   <trkpt lat="-29.7252550" lon="24.3942150">
    <ele>1118.5</ele>
   </trkpt>
   <trkpt lat="-29.7252380" lon="24.3941770">
    <ele>1118.6</ele>
   </trkpt>
   <trkpt lat="-29.7252250" lon="24.3941370">
    <ele>1118.6</ele>
   </trkpt>
   <trkpt lat="-29.7252100" lon="24.3940950">
    <ele>1118.9</ele>
   </trkpt>
   <trkpt lat="-29.7251970" lon="24.3940550">
    <ele>1118.9</ele>
   </trkpt>
   <trkpt lat="-29.7251850" lon="24.3940150">
    <ele>1118.8</ele>
   </trkpt>
   <trkpt lat="-29.7251700" lon="24.3939730">
    <ele>1119.0</ele>
   </trkpt>
   <trkpt lat="-29.7251550" lon="24.3939370">
    <ele>1118.9</ele>
   </trkpt>
   <trkpt lat="-29.7251400" lon="24.3938950">
    <ele>1119.3</ele>
   </trkpt>
   <trkpt lat="-29.7251250" lon="24.3938570">
    <ele>1119.3</ele>
   </trkpt>
   <trkpt lat="-29.7251080" lon="24.3938200">
    <ele>1119.3</ele>
   </trkpt>
   <trkpt lat="-29.7250950" lon="24.3937830">
    <ele>1119.6</ele>
   </trkpt>
   <trkpt lat="-29.7250830" lon="24.3937450">
    <ele>1119.6</ele>
   </trkpt>
   <trkpt lat="-29.7250670" lon="24.3937050">
    <ele>1119.9</ele>
   </trkpt>
   <trkpt lat="-29.7250520" lon="24.3936670">
    <ele>1119.9</ele>
   </trkpt>
   <trkpt lat="-29.7250370" lon="24.3936270">
    <ele>1119.9</ele>
   </trkpt>
   <trkpt lat="-29.7250200" lon="24.3935880">
    <ele>1120.1</ele>
   </trkpt>
   <trkpt lat="-29.7250070" lon="24.3935500">
    <ele>1120.1</ele>
   </trkpt>
   <trkpt lat="-29.7249930" lon="24.3935120">
    <ele>1120.1</ele>
   </trkpt>
   <trkpt lat="-29.7249780" lon="24.3934730">
    <ele>1120.2</ele>
   </trkpt>
   <trkpt lat="-29.7249630" lon="24.3934330">
    <ele>1120.0</ele>
   </trkpt>
   <trkpt lat="-29.7249520" lon="24.3933950">
    <ele>1120.1</ele>
   </trkpt>
   <trkpt lat="-29.7249420" lon="24.3933550">
    <ele>1119.9</ele>
   </trkpt>
   <trkpt lat="-29.7249320" lon="24.3933130">
    <ele>1119.8</ele>
   </trkpt>
   <trkpt lat="-29.7249250" lon="24.3932680">
    <ele>1119.7</ele>
   </trkpt>
   <trkpt lat="-29.7249220" lon="24.3932270">
    <ele>1119.7</ele>
   </trkpt>
   <trkpt lat="-29.7249180" lon="24.3931830">
    <ele>1119.6</ele>
   </trkpt>
   <trkpt lat="-29.7249170" lon="24.3931380">
    <ele>1119.8</ele>
   </trkpt>
   <trkpt lat="-29.7249180" lon="24.3930930">
    <ele>1119.6</ele>
   </trkpt>
   <trkpt lat="-29.7249180" lon="24.3930450">
    <ele>1119.6</ele>
   </trkpt>
   <trkpt lat="-29.7249200" lon="24.3929980">
    <ele>1119.6</ele>
   </trkpt>
   <trkpt lat="-29.7249270" lon="24.3929530">
    <ele>1119.6</ele>
   </trkpt>
   <trkpt lat="-29.7249370" lon="24.3929100">
    <ele>1119.7</ele>
   </trkpt>
   <trkpt lat="-29.7249500" lon="24.3928680">
    <ele>1119.7</ele>
   </trkpt>
   <trkpt lat="-29.7249650" lon="24.3928250">
    <ele>1119.3</ele>
   </trkpt>
   <trkpt lat="-29.7249830" lon="24.3927870">
    <ele>1119.3</ele>
   </trkpt>
   <trkpt lat="-29.7250030" lon="24.3927520">
    <ele>1119.0</ele>
   </trkpt>
   <trkpt lat="-29.7250270" lon="24.3927170">
    <ele>1119.2</ele>
   </trkpt>
   <trkpt lat="-29.7250500" lon="24.3926820">
    <ele>1118.6</ele>
   </trkpt>
   <trkpt lat="-29.7250730" lon="24.3926480">
    <ele>1118.1</ele>
   </trkpt>
   <trkpt lat="-29.7250950" lon="24.3926180">
    <ele>1118.1</ele>
   </trkpt>
   <trkpt lat="-29.7251170" lon="24.3925880">
    <ele>1117.9</ele>
   </trkpt>
   <trkpt lat="-29.7251380" lon="24.3925570">
    <ele>1118.4</ele>
   </trkpt>
   <trkpt lat="-29.7251570" lon="24.3925230">
    <ele>1118.1</ele>
   </trkpt>
   <trkpt lat="-29.7251770" lon="24.3924870">
    <ele>1118.1</ele>
   </trkpt>
   <trkpt lat="-29.7252000" lon="24.3924500">
    <ele>1117.9</ele>
   </trkpt>
   <trkpt lat="-29.7252200" lon="24.3924170">
    <ele>1117.9</ele>
   </trkpt>
   <trkpt lat="-29.7252420" lon="24.3923820">
    <ele>1118.6</ele>
   </trkpt>
   <trkpt lat="-29.7252620" lon="24.3923450">
    <ele>1118.6</ele>
   </trkpt>
   <trkpt lat="-29.7252830" lon="24.3923080">
    <ele>1119.4</ele>
   </trkpt>
   <trkpt lat="-29.7253050" lon="24.3922680">
    <ele>1118.4</ele>
   </trkpt>
   <trkpt lat="-29.7253280" lon="24.3922320">
    <ele>1118.3</ele>
   </trkpt>
   <trkpt lat="-29.7253500" lon="24.3921930">
    <ele>1119.2</ele>
   </trkpt>
   <trkpt lat="-29.7253730" lon="24.3921580">
    <ele>1119.3</ele>
   </trkpt>
   <trkpt lat="-29.7253980" lon="24.3921250">
    <ele>1120.2</ele>
   </trkpt>
   <trkpt lat="-29.7254230" lon="24.3920930">
    <ele>1120.2</ele>
   </trkpt>
   <trkpt lat="-29.7254480" lon="24.3920630">
    <ele>1119.5</ele>
   </trkpt>
   <trkpt lat="-29.7254770" lon="24.3920380">
    <ele>1119.8</ele>
   </trkpt>
   <trkpt lat="-29.7255070" lon="24.3920150">
    <ele>1119.8</ele>
   </trkpt>
   <trkpt lat="-29.7255370" lon="24.3919950">
    <ele>1120.1</ele>
   </trkpt>
   <trkpt lat="-29.7255700" lon="24.3919700">
    <ele>1119.6</ele>
   </trkpt>
   <trkpt lat="-29.7256030" lon="24.3919480">
    <ele>1119.9</ele>
   </trkpt>
   <trkpt lat="-29.7256400" lon="24.3919270">
    <ele>1119.5</ele>
   </trkpt>
   <trkpt lat="-29.7256770" lon="24.3919050">
    <ele>1119.7</ele>
   </trkpt>
   <trkpt lat="-29.7257100" lon="24.3918830">
    <ele>1119.3</ele>
   </trkpt>
   <trkpt lat="-29.7257450" lon="24.3918630">
    <ele>1119.7</ele>
   </trkpt>
   <trkpt lat="-29.7257820" lon="24.3918450">
    <ele>1119.5</ele>
   </trkpt>
   <trkpt lat="-29.7258170" lon="24.3918280">
    <ele>1119.5</ele>
   </trkpt>
   <trkpt lat="-29.7258520" lon="24.3918080">
    <ele>1119.1</ele>
   </trkpt>
   <trkpt lat="-29.7258830" lon="24.3917900">
    <ele>1119.3</ele>
   </trkpt>
   <trkpt lat="-29.7259170" lon="24.3917720">
    <ele>1118.8</ele>
   </trkpt>
   <trkpt lat="-29.7259500" lon="24.3917500">
    <ele>1118.8</ele>
   </trkpt>
   <trkpt lat="-29.7259800" lon="24.3917250">
    <ele>1118.3</ele>
   </trkpt>
   <trkpt lat="-29.7260100" lon="24.3916950">
    <ele>1118.4</ele>
   </trkpt>
   <trkpt lat="-29.7260380" lon="24.3916580">
    <ele>1118.5</ele>
   </trkpt>
   <trkpt lat="-29.7260630" lon="24.3916200">
    <ele>1118.8</ele>
   </trkpt>
   <trkpt lat="-29.7260870" lon="24.3915800">
    <ele>1118.3</ele>
   </trkpt>
   <trkpt lat="-29.7261080" lon="24.3915380">
    <ele>1118.6</ele>
   </trkpt>
   <trkpt lat="-29.7261280" lon="24.3914970">
    <ele>1118.3</ele>
   </trkpt>
   <trkpt lat="-29.7261450" lon="24.3914570">
    <ele>1118.6</ele>
   </trkpt>
   <trkpt lat="-29.7261600" lon="24.3914200">
    <ele>1118.3</ele>
   </trkpt>
   <trkpt lat="-29.7261750" lon="24.3913830">
    <ele>1118.8</ele>
   </trkpt>
   <trkpt lat="-29.7261930" lon="24.3913470">
    <ele>1118.6</ele>
   </trkpt>
   <trkpt lat="-29.7262120" lon="24.3913080">
    <ele>1119.1</ele>
   </trkpt>
   <trkpt lat="-29.7262280" lon="24.3912700">
    <ele>1118.3</ele>
   </trkpt>
   <trkpt lat="-29.7262470" lon="24.3912280">
    <ele>1118.6</ele>
   </trkpt>
   <trkpt lat="-29.7262650" lon="24.3911880">
    <ele>1118.1</ele>
   </trkpt>
   <trkpt lat="-29.7262830" lon="24.3911480">
    <ele>1118.3</ele>
   </trkpt>
   <trkpt lat="-29.7263020" lon="24.3911100">
    <ele>1117.7</ele>
   </trkpt>
   <trkpt lat="-29.7263200" lon="24.3910730">
    <ele>1118.0</ele>
   </trkpt>
   <trkpt lat="-29.7263400" lon="24.3910370">
    <ele>1117.6</ele>
   </trkpt>
   <trkpt lat="-29.7263580" lon="24.3909980">
    <ele>1117.7</ele>
   </trkpt>
   <trkpt lat="-29.7263800" lon="24.3909600">
    <ele>1117.5</ele>
   </trkpt>
   <trkpt lat="-29.7264000" lon="24.3909230">
    <ele>1117.6</ele>
   </trkpt>
   <trkpt lat="-29.7264220" lon="24.3908820">
    <ele>1117.4</ele>
   </trkpt>
   <trkpt lat="-29.7264430" lon="24.3908450">
    <ele>1117.4</ele>
   </trkpt>
   <trkpt lat="-29.7264670" lon="24.3908080">
    <ele>1117.1</ele>
   </trkpt>
   <trkpt lat="-29.7264900" lon="24.3907720">
    <ele>1116.9</ele>
   </trkpt>
   <trkpt lat="-29.7265120" lon="24.3907330">
    <ele>1116.9</ele>
   </trkpt>
   <trkpt lat="-29.7265320" lon="24.3906950">
    <ele>1116.6</ele>
   </trkpt>
   <trkpt lat="-29.7265520" lon="24.3906550">
    <ele>1116.6</ele>
   </trkpt>
   <trkpt lat="-29.7265700" lon="24.3906120">
    <ele>1116.4</ele>
   </trkpt>
   <trkpt lat="-29.7265850" lon="24.3905700">
    <ele>1116.5</ele>
   </trkpt>
   <trkpt lat="-29.7265950" lon="24.3905300">
    <ele>1116.9</ele>
   </trkpt>
   <trkpt lat="-29.7266000" lon="24.3904880">
    <ele>1117.3</ele>
   </trkpt>
   <trkpt lat="-29.7265980" lon="24.3904500">
    <ele>1117.8</ele>
   </trkpt>
   <trkpt lat="-29.7265880" lon="24.3904070">
    <ele>1118.4</ele>
   </trkpt>
   <trkpt lat="-29.7265750" lon="24.3903650">
    <ele>1118.9</ele>
   </trkpt>
   <trkpt lat="-29.7265550" lon="24.3903270">
    <ele>1119.4</ele>
   </trkpt>
   <trkpt lat="-29.7265300" lon="24.3902920">
    <ele>1119.9</ele>
   </trkpt>
   <trkpt lat="-29.7265030" lon="24.3902570">
    <ele>1119.9</ele>
   </trkpt>
   <trkpt lat="-29.7264730" lon="24.3902230">
    <ele>1120.4</ele>
   </trkpt>
   <trkpt lat="-29.7264420" lon="24.3901950">
    <ele>1121.0</ele>
   </trkpt>
   <trkpt lat="-29.7264120" lon="24.3901680">
    <ele>1121.0</ele>
   </trkpt>
   <trkpt lat="-29.7263830" lon="24.3901420">
    <ele>1121.7</ele>
   </trkpt>
   <trkpt lat="-29.7263530" lon="24.3901150">
    <ele>1122.5</ele>
   </trkpt>
   <trkpt lat="-29.7263200" lon="24.3900900">
    <ele>1122.7</ele>
   </trkpt>
   <trkpt lat="-29.7262880" lon="24.3900650">
    <ele>1123.4</ele>
   </trkpt>
   <trkpt lat="-29.7262570" lon="24.3900380">
    <ele>1123.4</ele>
   </trkpt>
   <trkpt lat="-29.7262280" lon="24.3900120">
    <ele>1123.6</ele>
   </trkpt>
   <trkpt lat="-29.7261980" lon="24.3899850">
    <ele>1123.9</ele>
   </trkpt>
   <trkpt lat="-29.7261670" lon="24.3899580">
    <ele>1123.9</ele>
   </trkpt>
   <trkpt lat="-29.7261370" lon="24.3899320">
    <ele>1124.1</ele>
   </trkpt>
   <trkpt lat="-29.7261070" lon="24.3899030">
    <ele>1124.3</ele>
   </trkpt>
   <trkpt lat="-29.7260770" lon="24.3898770">
    <ele>1124.3</ele>
   </trkpt>
   <trkpt lat="-29.7260420" lon="24.3898480">
    <ele>1124.3</ele>
   </trkpt>
   <trkpt lat="-29.7260120" lon="24.3898220">
    <ele>1124.3</ele>
   </trkpt>
   <trkpt lat="-29.7259850" lon="24.3897950">
    <ele>1124.3</ele>
   </trkpt>
   <trkpt lat="-29.7259570" lon="24.3897650">
    <ele>1124.3</ele>
   </trkpt>
   <trkpt lat="-29.7259250" lon="24.3897350">
    <ele>1124.3</ele>
   </trkpt>
   <trkpt lat="-29.7258950" lon="24.3897070">
    <ele>1124.2</ele>
   </trkpt>
   <trkpt lat="-29.7258620" lon="24.3896750">
    <ele>1124.0</ele>
   </trkpt>
   <trkpt lat="-29.7258300" lon="24.3896470">
    <ele>1123.4</ele>
   </trkpt>
   <trkpt lat="-29.7257980" lon="24.3896180">
    <ele>1123.1</ele>
   </trkpt>
   <trkpt lat="-29.7257650" lon="24.3895930">
    <ele>1122.6</ele>
   </trkpt>
   <trkpt lat="-29.7257280" lon="24.3895700">
    <ele>1122.4</ele>
   </trkpt>
   <trkpt lat="-29.7256920" lon="24.3895500">
    <ele>1121.5</ele>
   </trkpt>
   <trkpt lat="-29.7256450" lon="24.3895300">
    <ele>1120.9</ele>
   </trkpt>
   <trkpt lat="-29.7256120" lon="24.3895100">
    <ele>1119.7</ele>
   </trkpt>
   <trkpt lat="-29.7255730" lon="24.3894920">
    <ele>1119.1</ele>
   </trkpt>
   <trkpt lat="-29.7255380" lon="24.3894780">
    <ele>1118.6</ele>
   </trkpt>
   <trkpt lat="-29.7255000" lon="24.3894700">
    <ele>1117.6</ele>
   </trkpt>
   <trkpt lat="-29.7254570" lon="24.3894630">
    <ele>1117.3</ele>
   </trkpt>
   <trkpt lat="-29.7254120" lon="24.3894600">
    <ele>1117.0</ele>
   </trkpt>
   <trkpt lat="-29.7253650" lon="24.3894600">
    <ele>1116.4</ele>
   </trkpt>
   <trkpt lat="-29.7253230" lon="24.3894630">
    <ele>1116.2</ele>
   </trkpt>
   <trkpt lat="-29.7252800" lon="24.3894680">
    <ele>1115.9</ele>
   </trkpt>
   <trkpt lat="-29.7252350" lon="24.3894750">
    <ele>1116.0</ele>
   </trkpt>
   <trkpt lat="-29.7251880" lon="24.3894830">
    <ele>1116.6</ele>
   </trkpt>
   <trkpt lat="-29.7251480" lon="24.3894920">
    <ele>1116.7</ele>
   </trkpt>
   <trkpt lat="-29.7251070" lon="24.3895000">
    <ele>1116.8</ele>
   </trkpt>
   <trkpt lat="-29.7250630" lon="24.3895070">
    <ele>1116.8</ele>
   </trkpt>
   <trkpt lat="-29.7250220" lon="24.3895130">
    <ele>1116.8</ele>
   </trkpt>
   <trkpt lat="-29.7249750" lon="24.3895200">
    <ele>1117.1</ele>
   </trkpt>
   <trkpt lat="-29.7249300" lon="24.3895280">
    <ele>1117.0</ele>
   </trkpt>
   <trkpt lat="-29.7248850" lon="24.3895420">
    <ele>1117.0</ele>
   </trkpt>
   <trkpt lat="-29.7248450" lon="24.3895580">
    <ele>1116.9</ele>
   </trkpt>
   <trkpt lat="-29.7248020" lon="24.3895780">
    <ele>1117.4</ele>
   </trkpt>
   <trkpt lat="-29.7247620" lon="24.3896020">
    <ele>1117.4</ele>
   </trkpt>
   <trkpt lat="-29.7247270" lon="24.3896330">
    <ele>1118.2</ele>
   </trkpt>
   <trkpt lat="-29.7246950" lon="24.3896650">
    <ele>1119.4</ele>
   </trkpt>
   <trkpt lat="-29.7246650" lon="24.3897020">
    <ele>1120.1</ele>
   </trkpt>
   <trkpt lat="-29.7246370" lon="24.3897430">
    <ele>1120.5</ele>
   </trkpt>
   <trkpt lat="-29.7246080" lon="24.3897800">
    <ele>1120.7</ele>
   </trkpt>
   <trkpt lat="-29.7245820" lon="24.3898170">
    <ele>1120.2</ele>
   </trkpt>
   <trkpt lat="-29.7245530" lon="24.3898570">
    <ele>1121.0</ele>
   </trkpt>
   <trkpt lat="-29.7245280" lon="24.3898980">
    <ele>1121.2</ele>
   </trkpt>
   <trkpt lat="-29.7245030" lon="24.3899350">
    <ele>1121.5</ele>
   </trkpt>
   <trkpt lat="-29.7244770" lon="24.3899750">
    <ele>1122.2</ele>
   </trkpt>
   <trkpt lat="-29.7244470" lon="24.3900170">
    <ele>1122.2</ele>
   </trkpt>
   <trkpt lat="-29.7244180" lon="24.3900530">
    <ele>1122.1</ele>
   </trkpt>
   <trkpt lat="-29.7243870" lon="24.3900830">
    <ele>1121.7</ele>
   </trkpt>
   <trkpt lat="-29.7243500" lon="24.3901080">
    <ele>1121.1</ele>
   </trkpt>
   <trkpt lat="-29.7243120" lon="24.3901250">
    <ele>1120.8</ele>
   </trkpt>
   <trkpt lat="-29.7242730" lon="24.3901330">
    <ele>1120.3</ele>
   </trkpt>
   <trkpt lat="-29.7242320" lon="24.3901370">
    <ele>1119.8</ele>
   </trkpt>
   <trkpt lat="-29.7241900" lon="24.3901280">
    <ele>1119.5</ele>
   </trkpt>
   <trkpt lat="-29.7241480" lon="24.3901170">
    <ele>1119.0</ele>
   </trkpt>
   <trkpt lat="-29.7241080" lon="24.3901030">
    <ele>1118.8</ele>
   </trkpt>
   <trkpt lat="-29.7240680" lon="24.3900880">
    <ele>1118.5</ele>
   </trkpt>
   <trkpt lat="-29.7240270" lon="24.3900750">
    <ele>1118.0</ele>
   </trkpt>
   <trkpt lat="-29.7239870" lon="24.3900580">
    <ele>1117.7</ele>
   </trkpt>
   <trkpt lat="-29.7239470" lon="24.3900430">
    <ele>1117.2</ele>
   </trkpt>
   <trkpt lat="-29.7239070" lon="24.3900280">
    <ele>1116.7</ele>
   </trkpt>
   <trkpt lat="-29.7238680" lon="24.3900120">
    <ele>1116.9</ele>
   </trkpt>
   <trkpt lat="-29.7238280" lon="24.3899950">
    <ele>1117.1</ele>
   </trkpt>
   <trkpt lat="-29.7237830" lon="24.3899770">
    <ele>1116.5</ele>
   </trkpt>
   <trkpt lat="-29.7237400" lon="24.3899580">
    <ele>1116.6</ele>
   </trkpt>
   <trkpt lat="-29.7236970" lon="24.3899420">
    <ele>1115.8</ele>
   </trkpt>
   <trkpt lat="-29.7236480" lon="24.3899300">
    <ele>1115.8</ele>
   </trkpt>
   <trkpt lat="-29.7236020" lon="24.3899280">
    <ele>1115.8</ele>
   </trkpt>
   <trkpt lat="-29.7235570" lon="24.3899330">
    <ele>1115.9</ele>
   </trkpt>
   <trkpt lat="-29.7235150" lon="24.3899430">
    <ele>1115.9</ele>
   </trkpt>
   <trkpt lat="-29.7234730" lon="24.3899580">
    <ele>1117.0</ele>
   </trkpt>
   <trkpt lat="-29.7234370" lon="24.3899800">
    <ele>1117.0</ele>
   </trkpt>
   <trkpt lat="-29.7234020" lon="24.3900100">
    <ele>1118.0</ele>
   </trkpt>
   <trkpt lat="-29.7233730" lon="24.3900450">
    <ele>1119.0</ele>
   </trkpt>
   <trkpt lat="-29.7233470" lon="24.3900820">
    <ele>1119.8</ele>
   </trkpt>
   <trkpt lat="-29.7233180" lon="24.3901180">
    <ele>1119.8</ele>
   </trkpt>
   <trkpt lat="-29.7232880" lon="24.3901550">
    <ele>1120.2</ele>
   </trkpt>
   <trkpt lat="-29.7232620" lon="24.3901900">
    <ele>1120.5</ele>
   </trkpt>
   <trkpt lat="-29.7232350" lon="24.3902270">
    <ele>1120.7</ele>
   </trkpt>
   <trkpt lat="-29.7232080" lon="24.3902620">
    <ele>1121.2</ele>
   </trkpt>
   <trkpt lat="-29.7231830" lon="24.3902980">
    <ele>1120.9</ele>
   </trkpt>
   <trkpt lat="-29.7231580" lon="24.3903330">
    <ele>1120.2</ele>
   </trkpt>
   <trkpt lat="-29.7231320" lon="24.3903720">
    <ele>1120.4</ele>
   </trkpt>
   <trkpt lat="-29.7231050" lon="24.3904100">
    <ele>1119.9</ele>
   </trkpt>
   <trkpt lat="-29.7230780" lon="24.3904500">
    <ele>1119.3</ele>
   </trkpt>
   <trkpt lat="-29.7230520" lon="24.3904880">
    <ele>1118.5</ele>
   </trkpt>
   <trkpt lat="-29.7230280" lon="24.3905250">
    <ele>1118.6</ele>
   </trkpt>
   <trkpt lat="-29.7230020" lon="24.3905600">
    <ele>1117.9</ele>
   </trkpt>
   <trkpt lat="-29.7229730" lon="24.3905950">
    <ele>1117.8</ele>
   </trkpt>
   <trkpt lat="-29.7229430" lon="24.3906270">
    <ele>1117.8</ele>
   </trkpt>
   <trkpt lat="-29.7229130" lon="24.3906570">
    <ele>1117.6</ele>
   </trkpt>
   <trkpt lat="-29.7228820" lon="24.3906880">
    <ele>1117.2</ele>
   </trkpt>
   <trkpt lat="-29.7228480" lon="24.3907180">
    <ele>1116.7</ele>
   </trkpt>
   <trkpt lat="-29.7228170" lon="24.3907480">
    <ele>1116.7</ele>
   </trkpt>
   <trkpt lat="-29.7227820" lon="24.3907750">
    <ele>1117.0</ele>
   </trkpt>
   <trkpt lat="-29.7227450" lon="24.3907950">
    <ele>1116.7</ele>
   </trkpt>
   <trkpt lat="-29.7227080" lon="24.3908080">
    <ele>1117.1</ele>
   </trkpt>
   <trkpt lat="-29.7226700" lon="24.3908180">
    <ele>1117.0</ele>
   </trkpt>
   <trkpt lat="-29.7226350" lon="24.3908180">
    <ele>1117.0</ele>
   </trkpt>
   <trkpt lat="-29.7225980" lon="24.3908150">
    <ele>1117.0</ele>
   </trkpt>
   <trkpt lat="-29.7225580" lon="24.3908080">
    <ele>1117.1</ele>
   </trkpt>
   <trkpt lat="-29.7225230" lon="24.3908000">
    <ele>1116.9</ele>
   </trkpt>
   <trkpt lat="-29.7224880" lon="24.3907880">
    <ele>1117.1</ele>
   </trkpt>
   <trkpt lat="-29.7224580" lon="24.3907730">
    <ele>1117.3</ele>
   </trkpt>
   <trkpt lat="-29.7224270" lon="24.3907550">
    <ele>1117.0</ele>
   </trkpt>
   <trkpt lat="-29.7223970" lon="24.3907300">
    <ele>1117.1</ele>
   </trkpt>
   <trkpt lat="-29.7223680" lon="24.3907050">
    <ele>1117.0</ele>
   </trkpt>
   <trkpt lat="-29.7223380" lon="24.3906750">
    <ele>1117.0</ele>
   </trkpt>
   <trkpt lat="-29.7223120" lon="24.3906430">
    <ele>1117.0</ele>
   </trkpt>
   <trkpt lat="-29.7222800" lon="24.3906100">
    <ele>1117.1</ele>
   </trkpt>
   <trkpt lat="-29.7222530" lon="24.3905780">
    <ele>1117.2</ele>
   </trkpt>
   <trkpt lat="-29.7222250" lon="24.3905430">
    <ele>1117.2</ele>
   </trkpt>
   <trkpt lat="-29.7221970" lon="24.3905080">
    <ele>1117.5</ele>
   </trkpt>
   <trkpt lat="-29.7221700" lon="24.3904730">
    <ele>1117.2</ele>
   </trkpt>
   <trkpt lat="-29.7221450" lon="24.3904350">
    <ele>1117.2</ele>
   </trkpt>
   <trkpt lat="-29.7221200" lon="24.3903970">
    <ele>1117.3</ele>
   </trkpt>
   <trkpt lat="-29.7220930" lon="24.3903630">
    <ele>1117.3</ele>
   </trkpt>
   <trkpt lat="-29.7220650" lon="24.3903270">
    <ele>1117.5</ele>
   </trkpt>
   <trkpt lat="-29.7220380" lon="24.3902930">
    <ele>1117.8</ele>
   </trkpt>
   <trkpt lat="-29.7220080" lon="24.3902570">
    <ele>1118.0</ele>
   </trkpt>
   <trkpt lat="-29.7219800" lon="24.3902230">
    <ele>1118.0</ele>
   </trkpt>
   <trkpt lat="-29.7219530" lon="24.3901900">
    <ele>1118.3</ele>
   </trkpt>
   <trkpt lat="-29.7219270" lon="24.3901570">
    <ele>1118.5</ele>
   </trkpt>
   <trkpt lat="-29.7219020" lon="24.3901220">
    <ele>1118.5</ele>
   </trkpt>
   <trkpt lat="-29.7218770" lon="24.3900880">
    <ele>1118.8</ele>
   </trkpt>
   <trkpt lat="-29.7218500" lon="24.3900530">
    <ele>1119.0</ele>
   </trkpt>
   <trkpt lat="-29.7218220" lon="24.3900220">
    <ele>1118.9</ele>
   </trkpt>
   <trkpt lat="-29.7217930" lon="24.3899880">
    <ele>1118.7</ele>
   </trkpt>
   <trkpt lat="-29.7217650" lon="24.3899570">
    <ele>1118.8</ele>
   </trkpt>
   <trkpt lat="-29.7217350" lon="24.3899250">
    <ele>1118.8</ele>
   </trkpt>
   <trkpt lat="-29.7217080" lon="24.3898970">
    <ele>1119.0</ele>
   </trkpt>
   <trkpt lat="-29.7216800" lon="24.3898700">
    <ele>1119.0</ele>
   </trkpt>
   <trkpt lat="-29.7216520" lon="24.3898450">
    <ele>1119.0</ele>
   </trkpt>
   <trkpt lat="-29.7216200" lon="24.3898180">
    <ele>1119.0</ele>
   </trkpt>
   <trkpt lat="-29.7215870" lon="24.3897920">
    <ele>1119.2</ele>
   </trkpt>
   <trkpt lat="-29.7215520" lon="24.3897670">
    <ele>1119.2</ele>
   </trkpt>
   <trkpt lat="-29.7215180" lon="24.3897400">
    <ele>1119.5</ele>
   </trkpt>
   <trkpt lat="-29.7214850" lon="24.3897130">
    <ele>1119.5</ele>
   </trkpt>
   <trkpt lat="-29.7214550" lon="24.3896880">
    <ele>1119.2</ele>
   </trkpt>
   <trkpt lat="-29.7214230" lon="24.3896630">
    <ele>1119.5</ele>
   </trkpt>
   <trkpt lat="-29.7213880" lon="24.3896400">
    <ele>1119.3</ele>
   </trkpt>
   <trkpt lat="-29.7213570" lon="24.3896170">
    <ele>1119.5</ele>
   </trkpt>
   <trkpt lat="-29.7213230" lon="24.3895920">
    <ele>1119.2</ele>
   </trkpt>
   <trkpt lat="-29.7212930" lon="24.3895720">
    <ele>1119.2</ele>
   </trkpt>
   <trkpt lat="-29.7212620" lon="24.3895500">
    <ele>1118.9</ele>
   </trkpt>
   <trkpt lat="-29.7212350" lon="24.3895230">
    <ele>1118.9</ele>
   </trkpt>
   <trkpt lat="-29.7212050" lon="24.3895000">
    <ele>1118.7</ele>
   </trkpt>
   <trkpt lat="-29.7211750" lon="24.3894780">
    <ele>1118.7</ele>
   </trkpt>
   <trkpt lat="-29.7211470" lon="24.3894580">
    <ele>1118.4</ele>
   </trkpt>
   <trkpt lat="-29.7211170" lon="24.3894370">
    <ele>1118.4</ele>
   </trkpt>
   <trkpt lat="-29.7210880" lon="24.3894150">
    <ele>1118.2</ele>
   </trkpt>
   <trkpt lat="-29.7210600" lon="24.3893920">
    <ele>1118.2</ele>
   </trkpt>
   <trkpt lat="-29.7210300" lon="24.3893700">
    <ele>1118.1</ele>
   </trkpt>
   <trkpt lat="-29.7209980" lon="24.3893450">
    <ele>1118.1</ele>
   </trkpt>
   <trkpt lat="-29.7209700" lon="24.3893220">
    <ele>1118.1</ele>
   </trkpt>
   <trkpt lat="-29.7209420" lon="24.3893000">
    <ele>1118.1</ele>
   </trkpt>
   <trkpt lat="-29.7209150" lon="24.3892780">
    <ele>1118.1</ele>
   </trkpt>
   <trkpt lat="-29.7208870" lon="24.3892550">
    <ele>1118.1</ele>
   </trkpt>
   <trkpt lat="-29.7208580" lon="24.3892280">
    <ele>1118.1</ele>
   </trkpt>
   <trkpt lat="-29.7208280" lon="24.3891980">
    <ele>1118.0</ele>
   </trkpt>
   <trkpt lat="-29.7208030" lon="24.3891680">
    <ele>1117.7</ele>
   </trkpt>
   <trkpt lat="-29.7207730" lon="24.3891370">
    <ele>1117.6</ele>
   </trkpt>
   <trkpt lat="-29.7207430" lon="24.3891080">
    <ele>1117.3</ele>
   </trkpt>
   <trkpt lat="-29.7207150" lon="24.3890780">
    <ele>1117.1</ele>
   </trkpt>
   <trkpt lat="-29.7206930" lon="24.3890520">
    <ele>1117.1</ele>
   </trkpt>
   <trkpt lat="-29.7206680" lon="24.3890180">
    <ele>1116.9</ele>
   </trkpt>
   <trkpt lat="-29.7206430" lon="24.3889850">
    <ele>1116.7</ele>
   </trkpt>
   <trkpt lat="-29.7206200" lon="24.3889550">
    <ele>1116.4</ele>
   </trkpt>
   <trkpt lat="-29.7205950" lon="24.3889220">
    <ele>1116.4</ele>
   </trkpt>
   <trkpt lat="-29.7205700" lon="24.3888870">
    <ele>1116.1</ele>
   </trkpt>
   <trkpt lat="-29.7205470" lon="24.3888530">
    <ele>1116.1</ele>
   </trkpt>
   <trkpt lat="-29.7205200" lon="24.3888200">
    <ele>1116.1</ele>
   </trkpt>
   <trkpt lat="-29.7204930" lon="24.3887850">
    <ele>1116.1</ele>
   </trkpt>
   <trkpt lat="-29.7204700" lon="24.3887480">
    <ele>1116.1</ele>
   </trkpt>
   <trkpt lat="-29.7204480" lon="24.3887120">
    <ele>1116.1</ele>
   </trkpt>
   <trkpt lat="-29.7204230" lon="24.3886780">
    <ele>1116.1</ele>
   </trkpt>
   <trkpt lat="-29.7203980" lon="24.3886420">
    <ele>1116.1</ele>
   </trkpt>
   <trkpt lat="-29.7203720" lon="24.3886050">
    <ele>1116.1</ele>
   </trkpt>
   <trkpt lat="-29.7203470" lon="24.3885680">
    <ele>1116.1</ele>
   </trkpt>
   <trkpt lat="-29.7203220" lon="24.3885350">
    <ele>1116.2</ele>
   </trkpt>
   <trkpt lat="-29.7202980" lon="24.3885020">
    <ele>1116.2</ele>
   </trkpt>
   <trkpt lat="-29.7202730" lon="24.3884630">
    <ele>1116.4</ele>
   </trkpt>
   <trkpt lat="-29.7202520" lon="24.3884270">
    <ele>1116.7</ele>
   </trkpt>
   <trkpt lat="-29.7202280" lon="24.3883880">
    <ele>1116.7</ele>
   </trkpt>
   <trkpt lat="-29.7202030" lon="24.3883520">
    <ele>1117.0</ele>
   </trkpt>
   <trkpt lat="-29.7201770" lon="24.3883120">
    <ele>1117.2</ele>
   </trkpt>
   <trkpt lat="-29.7201500" lon="24.3882750">
    <ele>1117.2</ele>
   </trkpt>
   <trkpt lat="-29.7201270" lon="24.3882380">
    <ele>1117.5</ele>
   </trkpt>
   <trkpt lat="-29.7201030" lon="24.3882030">
    <ele>1117.7</ele>
   </trkpt>
   <trkpt lat="-29.7200780" lon="24.3881650">
    <ele>1117.6</ele>
   </trkpt>
   <trkpt lat="-29.7200500" lon="24.3881280">
    <ele>1117.6</ele>
   </trkpt>
   <trkpt lat="-29.7200250" lon="24.3880900">
    <ele>1117.4</ele>
   </trkpt>
   <trkpt lat="-29.7200020" lon="24.3880520">
    <ele>1117.1</ele>
   </trkpt>
   <trkpt lat="-29.7199770" lon="24.3880150">
    <ele>1117.0</ele>
   </trkpt>
   <trkpt lat="-29.7199530" lon="24.3879780">
    <ele>1117.0</ele>
   </trkpt>
   <trkpt lat="-29.7199300" lon="24.3879430">
    <ele>1116.9</ele>
   </trkpt>
   <trkpt lat="-29.7199070" lon="24.3879050">
    <ele>1117.0</ele>
   </trkpt>
   <trkpt lat="-29.7198820" lon="24.3878670">
    <ele>1117.2</ele>
   </trkpt>
   <trkpt lat="-29.7198550" lon="24.3878320">
    <ele>1117.0</ele>
   </trkpt>
   <trkpt lat="-29.7198320" lon="24.3877970">
    <ele>1117.0</ele>
   </trkpt>
   <trkpt lat="-29.7198080" lon="24.3877600">
    <ele>1117.0</ele>
   </trkpt>
   <trkpt lat="-29.7197820" lon="24.3877250">
    <ele>1117.0</ele>
   </trkpt>
   <trkpt lat="-29.7197570" lon="24.3876880">
    <ele>1117.0</ele>
   </trkpt>
   <trkpt lat="-29.7197330" lon="24.3876500">
    <ele>1117.3</ele>
   </trkpt>
   <trkpt lat="-29.7197080" lon="24.3876130">
    <ele>1117.3</ele>
   </trkpt>
   <trkpt lat="-29.7196830" lon="24.3875770">
    <ele>1117.9</ele>
   </trkpt>
   <trkpt lat="-29.7196580" lon="24.3875430">
    <ele>1118.3</ele>
   </trkpt>
   <trkpt lat="-29.7196320" lon="24.3875070">
    <ele>1118.3</ele>
   </trkpt>
   <trkpt lat="-29.7196030" lon="24.3874720">
    <ele>1118.7</ele>
   </trkpt>
   <trkpt lat="-29.7195770" lon="24.3874350">
    <ele>1119.3</ele>
   </trkpt>
   <trkpt lat="-29.7195520" lon="24.3874000">
    <ele>1119.3</ele>
   </trkpt>
   <trkpt lat="-29.7195270" lon="24.3873600">
    <ele>1119.8</ele>
   </trkpt>
   <trkpt lat="-29.7195020" lon="24.3873220">
    <ele>1120.1</ele>
   </trkpt>
   <trkpt lat="-29.7194780" lon="24.3872830">
    <ele>1119.8</ele>
   </trkpt>
   <trkpt lat="-29.7194520" lon="24.3872430">
    <ele>1120.1</ele>
   </trkpt>
   <trkpt lat="-29.7194250" lon="24.3872050">
    <ele>1120.5</ele>
   </trkpt>
   <trkpt lat="-29.7193980" lon="24.3871670">
    <ele>1120.5</ele>
   </trkpt>
   <trkpt lat="-29.7193730" lon="24.3871280">
    <ele>1120.1</ele>
   </trkpt>
   <trkpt lat="-29.7193470" lon="24.3870920">
    <ele>1120.0</ele>
   </trkpt>
   <trkpt lat="-29.7193200" lon="24.3870550">
    <ele>1120.1</ele>
   </trkpt>
   <trkpt lat="-29.7192930" lon="24.3870170">
    <ele>1119.8</ele>
   </trkpt>
   <trkpt lat="-29.7192670" lon="24.3869800">
    <ele>1119.8</ele>
   </trkpt>
   <trkpt lat="-29.7192400" lon="24.3869430">
    <ele>1119.6</ele>
   </trkpt>
   <trkpt lat="-29.7192130" lon="24.3869070">
    <ele>1119.8</ele>
   </trkpt>
   <trkpt lat="-29.7191900" lon="24.3868720">
    <ele>1119.3</ele>
   </trkpt>
   <trkpt lat="-29.7191630" lon="24.3868370">
    <ele>1119.0</ele>
   </trkpt>
   <trkpt lat="-29.7191430" lon="24.3868020">
    <ele>1118.7</ele>
   </trkpt>
   <trkpt lat="-29.7191200" lon="24.3867650">
    <ele>1118.7</ele>
   </trkpt>
   <trkpt lat="-29.7190980" lon="24.3867270">
    <ele>1118.5</ele>
   </trkpt>
   <trkpt lat="-29.7190730" lon="24.3866880">
    <ele>1118.5</ele>
   </trkpt>
   <trkpt lat="-29.7190500" lon="24.3866520">
    <ele>1118.2</ele>
   </trkpt>
   <trkpt lat="-29.7190330" lon="24.3866180">
    <ele>1117.9</ele>
   </trkpt>
   <trkpt lat="-29.7190170" lon="24.3865850">
    <ele>1117.6</ele>
   </trkpt>
   <trkpt lat="-29.7190050" lon="24.3865570">
    <ele>1117.4</ele>
   </trkpt>
   <trkpt lat="-29.7189870" lon="24.3865300">
    <ele>1117.5</ele>
   </trkpt>
   <trkpt lat="-29.7189650" lon="24.3864970">
    <ele>1117.2</ele>
   </trkpt>
   <trkpt lat="-29.7189400" lon="24.3864620">
    <ele>1117.2</ele>
   </trkpt>
   <trkpt lat="-29.7189130" lon="24.3864280">
    <ele>1117.2</ele>
   </trkpt>
   <trkpt lat="-29.7188880" lon="24.3863970">
    <ele>1117.2</ele>
   </trkpt>
   <trkpt lat="-29.7188670" lon="24.3863650">
    <ele>1117.2</ele>
   </trkpt>
   <trkpt lat="-29.7188430" lon="24.3863330">
    <ele>1117.2</ele>
   </trkpt>
   <trkpt lat="-29.7188230" lon="24.3863020">
    <ele>1117.2</ele>
   </trkpt>
   <trkpt lat="-29.7188000" lon="24.3862650">
    <ele>1117.2</ele>
   </trkpt>
   <trkpt lat="-29.7187780" lon="24.3862300">
    <ele>1116.9</ele>
   </trkpt>
   <trkpt lat="-29.7187580" lon="24.3861930">
    <ele>1116.9</ele>
   </trkpt>
   <trkpt lat="-29.7187400" lon="24.3861550">
    <ele>1116.7</ele>
   </trkpt>
   <trkpt lat="-29.7187270" lon="24.3861170">
    <ele>1116.7</ele>
   </trkpt>
   <trkpt lat="-29.7187120" lon="24.3860780">
    <ele>1116.4</ele>
   </trkpt>
   <trkpt lat="-29.7187020" lon="24.3860350">
    <ele>1116.2</ele>
   </trkpt>
   <trkpt lat="-29.7186970" lon="24.3859900">
    <ele>1115.9</ele>
   </trkpt>
   <trkpt lat="-29.7186930" lon="24.3859450">
    <ele>1116.2</ele>
   </trkpt>
   <trkpt lat="-29.7186900" lon="24.3858950">
    <ele>1116.2</ele>
   </trkpt>
   <trkpt lat="-29.7186870" lon="24.3858480">
    <ele>1116.2</ele>
   </trkpt>
   <trkpt lat="-29.7186870" lon="24.3858020">
    <ele>1116.2</ele>
   </trkpt>
   <trkpt lat="-29.7186850" lon="24.3857550">
    <ele>1116.2</ele>
   </trkpt>
   <trkpt lat="-29.7186850" lon="24.3857080">
    <ele>1116.2</ele>
   </trkpt>
   <trkpt lat="-29.7186850" lon="24.3856650">
    <ele>1116.2</ele>
   </trkpt>
   <trkpt lat="-29.7186850" lon="24.3856200">
    <ele>1116.2</ele>
   </trkpt>
   <trkpt lat="-29.7186850" lon="24.3855750">
    <ele>1116.3</ele>
   </trkpt>
   <trkpt lat="-29.7186850" lon="24.3855320">
    <ele>1116.5</ele>
   </trkpt>
   <trkpt lat="-29.7186820" lon="24.3854850">
    <ele>1117.0</ele>
   </trkpt>
   <trkpt lat="-29.7186820" lon="24.3854370">
    <ele>1117.1</ele>
   </trkpt>
   <trkpt lat="-29.7186820" lon="24.3853880">
    <ele>1117.1</ele>
   </trkpt>
   <trkpt lat="-29.7186820" lon="24.3853430">
    <ele>1117.1</ele>
   </trkpt>
   <trkpt lat="-29.7186800" lon="24.3852920">
    <ele>1117.1</ele>
   </trkpt>
   <trkpt lat="-29.7186780" lon="24.3852420">
    <ele>1117.2</ele>
   </trkpt>
   <trkpt lat="-29.7186730" lon="24.3851920">
    <ele>1117.1</ele>
   </trkpt>
   <trkpt lat="-29.7186680" lon="24.3851400">
    <ele>1117.1</ele>
   </trkpt>
   <trkpt lat="-29.7186580" lon="24.3850900">
    <ele>1117.1</ele>
   </trkpt>
   <trkpt lat="-29.7186470" lon="24.3850380">
    <ele>1117.5</ele>
   </trkpt>
   <trkpt lat="-29.7186320" lon="24.3849880">
    <ele>1117.4</ele>
   </trkpt>
   <trkpt lat="-29.7186150" lon="24.3849430">
    <ele>1117.6</ele>
   </trkpt>
   <trkpt lat="-29.7185950" lon="24.3848980">
    <ele>1117.4</ele>
   </trkpt>
   <trkpt lat="-29.7185770" lon="24.3848570">
    <ele>1117.4</ele>
   </trkpt>
   <trkpt lat="-29.7185550" lon="24.3848130">
    <ele>1117.1</ele>
   </trkpt>
   <trkpt lat="-29.7185350" lon="24.3847720">
    <ele>1117.2</ele>
   </trkpt>
   <trkpt lat="-29.7185200" lon="24.3847320">
    <ele>1117.1</ele>
   </trkpt>
   <trkpt lat="-29.7185070" lon="24.3846920">
    <ele>1117.6</ele>
   </trkpt>
   <trkpt lat="-29.7184950" lon="24.3846500">
    <ele>1117.6</ele>
   </trkpt>
   <trkpt lat="-29.7184850" lon="24.3846070">
    <ele>1117.6</ele>
   </trkpt>
   <trkpt lat="-29.7184800" lon="24.3845670">
    <ele>1117.6</ele>
   </trkpt>
   <trkpt lat="-29.7184750" lon="24.3845200">
    <ele>1117.6</ele>
   </trkpt>
   <trkpt lat="-29.7184730" lon="24.3844730">
    <ele>1117.6</ele>
   </trkpt>
   <trkpt lat="-29.7184780" lon="24.3844280">
    <ele>1117.6</ele>
   </trkpt>
   <trkpt lat="-29.7184830" lon="24.3843800">
    <ele>1117.6</ele>
   </trkpt>
   <trkpt lat="-29.7184930" lon="24.3843350">
    <ele>1117.6</ele>
   </trkpt>
   <trkpt lat="-29.7185020" lon="24.3842920">
    <ele>1117.6</ele>
   </trkpt>
   <trkpt lat="-29.7185120" lon="24.3842480">
    <ele>1117.1</ele>
   </trkpt>
   <trkpt lat="-29.7185220" lon="24.3842050">
    <ele>1117.2</ele>
   </trkpt>
   <trkpt lat="-29.7185320" lon="24.3841600">
    <ele>1117.5</ele>
   </trkpt>
   <trkpt lat="-29.7185400" lon="24.3841130">
    <ele>1117.7</ele>
   </trkpt>
   <trkpt lat="-29.7185520" lon="24.3840630">
    <ele>1117.8</ele>
   </trkpt>
   <trkpt lat="-29.7185650" lon="24.3840220">
    <ele>1118.0</ele>
   </trkpt>
   <trkpt lat="-29.7185820" lon="24.3839780">
    <ele>1118.3</ele>
   </trkpt>
   <trkpt lat="-29.7186070" lon="24.3839380">
    <ele>1118.4</ele>
   </trkpt>
   <trkpt lat="-29.7186300" lon="24.3838980">
    <ele>1118.1</ele>
   </trkpt>
   <trkpt lat="-29.7186580" lon="24.3838680">
    <ele>1118.3</ele>
   </trkpt>
   <trkpt lat="-29.7186880" lon="24.3838420">
    <ele>1118.8</ele>
   </trkpt>
   <trkpt lat="-29.7187180" lon="24.3838100">
    <ele>1118.8</ele>
   </trkpt>
   <trkpt lat="-29.7187520" lon="24.3837780">
    <ele>1118.4</ele>
   </trkpt>
   <trkpt lat="-29.7187830" lon="24.3837520">
    <ele>1118.4</ele>
   </trkpt>
   <trkpt lat="-29.7188130" lon="24.3837220">
    <ele>1118.3</ele>
   </trkpt>
   <trkpt lat="-29.7188470" lon="24.3836920">
    <ele>1117.8</ele>
   </trkpt>
   <trkpt lat="-29.7188770" lon="24.3836620">
    <ele>1118.3</ele>
   </trkpt>
   <trkpt lat="-29.7189080" lon="24.3836300">
    <ele>1118.3</ele>
   </trkpt>
   <trkpt lat="-29.7189400" lon="24.3835970">
    <ele>1118.3</ele>
   </trkpt>
   <trkpt lat="-29.7189700" lon="24.3835650">
    <ele>1117.8</ele>
   </trkpt>
   <trkpt lat="-29.7190020" lon="24.3835280">
    <ele>1117.8</ele>
   </trkpt>
   <trkpt lat="-29.7190320" lon="24.3834950">
    <ele>1117.7</ele>
   </trkpt>
   <trkpt lat="-29.7190580" lon="24.3834600">
    <ele>1118.1</ele>
   </trkpt>
   <trkpt lat="-29.7190830" lon="24.3834250">
    <ele>1117.8</ele>
   </trkpt>
   <trkpt lat="-29.7191080" lon="24.3833870">
    <ele>1117.0</ele>
   </trkpt>
   <trkpt lat="-29.7191320" lon="24.3833450">
    <ele>1117.3</ele>
   </trkpt>
   <trkpt lat="-29.7191550" lon="24.3833000">
    <ele>1117.0</ele>
   </trkpt>
   <trkpt lat="-29.7191770" lon="24.3832550">
    <ele>1117.2</ele>
   </trkpt>
   <trkpt lat="-29.7191980" lon="24.3832130">
    <ele>1117.0</ele>
   </trkpt>
   <trkpt lat="-29.7192200" lon="24.3831680">
    <ele>1116.8</ele>
   </trkpt>
   <trkpt lat="-29.7192420" lon="24.3831250">
    <ele>1117.0</ele>
   </trkpt>
   <trkpt lat="-29.7192650" lon="24.3830820">
    <ele>1116.9</ele>
   </trkpt>
   <trkpt lat="-29.7192880" lon="24.3830380">
    <ele>1117.0</ele>
   </trkpt>
   <trkpt lat="-29.7193120" lon="24.3829930">
    <ele>1116.7</ele>
   </trkpt>
   <trkpt lat="-29.7193350" lon="24.3829500">
    <ele>1116.4</ele>
   </trkpt>
   <trkpt lat="-29.7193550" lon="24.3829080">
    <ele>1116.5</ele>
   </trkpt>
   <trkpt lat="-29.7193780" lon="24.3828630">
    <ele>1116.3</ele>
   </trkpt>
   <trkpt lat="-29.7194000" lon="24.3828180">
    <ele>1116.4</ele>
   </trkpt>
   <trkpt lat="-29.7194200" lon="24.3827750">
    <ele>1116.1</ele>
   </trkpt>
   <trkpt lat="-29.7194370" lon="24.3827280">
    <ele>1116.1</ele>
   </trkpt>
   <trkpt lat="-29.7194480" lon="24.3826850">
    <ele>1115.6</ele>
   </trkpt>
   <trkpt lat="-29.7194530" lon="24.3826400">
    <ele>1115.6</ele>
   </trkpt>
   <trkpt lat="-29.7194500" lon="24.3825930">
    <ele>1115.6</ele>
   </trkpt>
   <trkpt lat="-29.7194400" lon="24.3825470">
    <ele>1115.6</ele>
   </trkpt>
   <trkpt lat="-29.7194270" lon="24.3824980">
    <ele>1115.9</ele>
   </trkpt>
   <trkpt lat="-29.7194070" lon="24.3824520">
    <ele>1115.7</ele>
   </trkpt>
   <trkpt lat="-29.7193780" lon="24.3824050">
    <ele>1115.9</ele>
   </trkpt>
   <trkpt lat="-29.7193500" lon="24.3823600">
    <ele>1116.2</ele>
   </trkpt>
   <trkpt lat="-29.7193180" lon="24.3823170">
    <ele>1116.4</ele>
   </trkpt>
   <trkpt lat="-29.7192870" lon="24.3822770">
    <ele>1116.4</ele>
   </trkpt>
   <trkpt lat="-29.7192570" lon="24.3822370">
    <ele>1115.9</ele>
   </trkpt>
   <trkpt lat="-29.7192220" lon="24.3821970">
    <ele>1115.9</ele>
   </trkpt>
   <trkpt lat="-29.7191870" lon="24.3821600">
    <ele>1115.9</ele>
   </trkpt>
   <trkpt lat="-29.7191500" lon="24.3821280">
    <ele>1115.9</ele>
   </trkpt>
   <trkpt lat="-29.7191120" lon="24.3820980">
    <ele>1116.4</ele>
   </trkpt>
   <trkpt lat="-29.7190750" lon="24.3820680">
    <ele>1116.4</ele>
   </trkpt>
   <trkpt lat="-29.7190370" lon="24.3820370">
    <ele>1116.4</ele>
   </trkpt>
   <trkpt lat="-29.7189980" lon="24.3820000">
    <ele>1116.5</ele>
   </trkpt>
   <trkpt lat="-29.7189630" lon="24.3819580">
    <ele>1116.7</ele>
   </trkpt>
   <trkpt lat="-29.7189320" lon="24.3819100">
    <ele>1116.8</ele>
   </trkpt>
   <trkpt lat="-29.7189080" lon="24.3818550">
    <ele>1117.1</ele>
   </trkpt>
   <trkpt lat="-29.7188950" lon="24.3817970">
    <ele>1117.0</ele>
   </trkpt>
   <trkpt lat="-29.7188880" lon="24.3817400">
    <ele>1116.8</ele>
   </trkpt>
   <trkpt lat="-29.7188880" lon="24.3816850">
    <ele>1116.7</ele>
   </trkpt>
   <trkpt lat="-29.7188880" lon="24.3816280">
    <ele>1116.6</ele>
   </trkpt>
   <trkpt lat="-29.7188920" lon="24.3815730">
    <ele>1116.6</ele>
   </trkpt>
   <trkpt lat="-29.7188980" lon="24.3815170">
    <ele>1116.6</ele>
   </trkpt>
   <trkpt lat="-29.7189070" lon="24.3814650">
    <ele>1116.6</ele>
   </trkpt>
   <trkpt lat="-29.7189170" lon="24.3814120">
    <ele>1116.6</ele>
   </trkpt>
   <trkpt lat="-29.7189270" lon="24.3813550">
    <ele>1115.9</ele>
   </trkpt>
   <trkpt lat="-29.7189370" lon="24.3812980">
    <ele>1115.9</ele>
   </trkpt>
   <trkpt lat="-29.7189450" lon="24.3812420">
    <ele>1115.9</ele>
   </trkpt>
   <trkpt lat="-29.7189500" lon="24.3811820">
    <ele>1115.9</ele>
   </trkpt>
   <trkpt lat="-29.7189520" lon="24.3811220">
    <ele>1115.8</ele>
   </trkpt>
   <trkpt lat="-29.7189520" lon="24.3810670">
    <ele>1115.5</ele>
   </trkpt>
   <trkpt lat="-29.7189500" lon="24.3810100">
    <ele>1115.0</ele>
   </trkpt>
   <trkpt lat="-29.7189470" lon="24.3809550">
    <ele>1114.9</ele>
   </trkpt>
   <trkpt lat="-29.7189470" lon="24.3809000">
    <ele>1114.9</ele>
   </trkpt>
   <trkpt lat="-29.7189430" lon="24.3808470">
    <ele>1114.9</ele>
   </trkpt>
   <trkpt lat="-29.7189380" lon="24.3807920">
    <ele>1114.8</ele>
   </trkpt>
   <trkpt lat="-29.7189300" lon="24.3807350">
    <ele>1114.8</ele>
   </trkpt>
   <trkpt lat="-29.7189200" lon="24.3806800">
    <ele>1114.7</ele>
   </trkpt>
   <trkpt lat="-29.7189130" lon="24.3806300">
    <ele>1115.0</ele>
   </trkpt>
   <trkpt lat="-29.7189020" lon="24.3805830">
    <ele>1114.8</ele>
   </trkpt>
   <trkpt lat="-29.7188920" lon="24.3805400">
    <ele>1114.7</ele>
   </trkpt>
   <trkpt lat="-29.7188820" lon="24.3804970">
    <ele>1114.5</ele>
   </trkpt>
   <trkpt lat="-29.7188720" lon="24.3804570">
    <ele>1114.6</ele>
   </trkpt>
   <trkpt lat="-29.7188620" lon="24.3804180">
    <ele>1114.4</ele>
   </trkpt>
   <trkpt lat="-29.7188550" lon="24.3803780">
    <ele>1114.2</ele>
   </trkpt>
   <trkpt lat="-29.7188480" lon="24.3803420">
    <ele>1114.2</ele>
   </trkpt>
   <trkpt lat="-29.7188470" lon="24.3803070">
    <ele>1114.0</ele>
   </trkpt>
   <trkpt lat="-29.7188480" lon="24.3802730">
    <ele>1113.9</ele>
   </trkpt>
   <trkpt lat="-29.7188480" lon="24.3802400">
    <ele>1114.1</ele>
   </trkpt>
   <trkpt lat="-29.7188450" lon="24.3802080">
    <ele>1114.1</ele>
   </trkpt>
   <trkpt lat="-29.7188400" lon="24.3801730">
    <ele>1114.5</ele>
   </trkpt>
   <trkpt lat="-29.7188370" lon="24.3801650">
    <ele>1114.5</ele>
   </trkpt>
   <trkpt lat="-29.7188330" lon="24.3801530">
    <ele>1114.8</ele>
   </trkpt>
   <trkpt lat="-29.7188320" lon="24.3801430">
    <ele>1114.8</ele>
   </trkpt>
   <trkpt lat="-29.7188270" lon="24.3801330">
    <ele>1114.8</ele>
   </trkpt>
   <trkpt lat="-29.7188270" lon="24.3801300">
    <ele>1114.8</ele>
   </trkpt>
   <trkpt lat="-29.7188270" lon="24.3801270">
    <ele>1114.8</ele>
   </trkpt>
   <trkpt lat="-29.7188270" lon="24.3801270">
    <ele>1114.8</ele>
   </trkpt>
   <trkpt lat="-29.7188270" lon="24.3801270">
    <ele>1114.8</ele>
   </trkpt>
   <trkpt lat="-29.7188270" lon="24.3801270">
    <ele>1114.8</ele>
   </trkpt>
   <trkpt lat="-29.7188270" lon="24.3801270">
    <ele>1114.8</ele>
   </trkpt>
   <trkpt lat="-29.7188270" lon="24.3801270">
    <ele>1114.8</ele>
   </trkpt>
   <trkpt lat="-29.7188270" lon="24.3801270">
    <ele>1114.8</ele>
   </trkpt>
   <trkpt lat="-29.7188270" lon="24.3801270">
    <ele>1114.8</ele>
   </trkpt>
   <trkpt lat="-29.7188280" lon="24.3800380">
    <ele>1114.9</ele>
   </trkpt>
   <trkpt lat="-29.7188480" lon="24.3800150">
    <ele>1114.8</ele>
   </trkpt>
   <trkpt lat="-29.7188730" lon="24.3799880">
    <ele>1114.6</ele>
   </trkpt>
   <trkpt lat="-29.7189030" lon="24.3799650">
    <ele>1114.4</ele>
   </trkpt>
   <trkpt lat="-29.7189380" lon="24.3799450">
    <ele>1114.1</ele>
   </trkpt>
   <trkpt lat="-29.7189700" lon="24.3799370">
    <ele>1113.9</ele>
   </trkpt>
   <trkpt lat="-29.7190050" lon="24.3799370">
    <ele>1113.7</ele>
   </trkpt>
   <trkpt lat="-29.7190350" lon="24.3799400">
    <ele>1113.6</ele>
   </trkpt>
   <trkpt lat="-29.7190680" lon="24.3799500">
    <ele>1113.4</ele>
   </trkpt>
   <trkpt lat="-29.7191020" lon="24.3799600">
    <ele>1113.2</ele>
   </trkpt>
   <trkpt lat="-29.7191350" lon="24.3799730">
    <ele>1113.0</ele>
   </trkpt>
   <trkpt lat="-29.7191700" lon="24.3799900">
    <ele>1112.8</ele>
   </trkpt>
   <trkpt lat="-29.7192080" lon="24.3800050">
    <ele>1112.5</ele>
   </trkpt>
   <trkpt lat="-29.7192480" lon="24.3800180">
    <ele>1112.3</ele>
   </trkpt>
   <trkpt lat="-29.7192930" lon="24.3800280">
    <ele>1112.0</ele>
   </trkpt>
   <trkpt lat="-29.7193370" lon="24.3800380">
    <ele>1111.8</ele>
   </trkpt>
   <trkpt lat="-29.7193800" lon="24.3800480">
    <ele>1111.5</ele>
   </trkpt>
   <trkpt lat="-29.7194300" lon="24.3800550">
    <ele>1111.3</ele>
   </trkpt>
   <trkpt lat="-29.7194830" lon="24.3800620">
    <ele>1110.9</ele>
   </trkpt>
   <trkpt lat="-29.7195380" lon="24.3800630">
    <ele>1110.6</ele>
   </trkpt>
   <trkpt lat="-29.7195920" lon="24.3800630">
    <ele>1110.3</ele>
   </trkpt>
   <trkpt lat="-29.7196430" lon="24.3800670">
    <ele>1110.0</ele>
   </trkpt>
   <trkpt lat="-29.7196920" lon="24.3800650">
    <ele>1109.8</ele>
   </trkpt>
   <trkpt lat="-29.7197380" lon="24.3800630">
    <ele>1109.5</ele>
   </trkpt>
   <trkpt lat="-29.7197830" lon="24.3800580">
    <ele>1109.2</ele>
   </trkpt>
   <trkpt lat="-29.7198280" lon="24.3800520">
    <ele>1109.0</ele>
   </trkpt>
   <trkpt lat="-29.7198750" lon="24.3800430">
    <ele>1108.7</ele>
   </trkpt>
   <trkpt lat="-29.7199180" lon="24.3800350">
    <ele>1108.5</ele>
   </trkpt>
   <trkpt lat="-29.7199570" lon="24.3800280">
    <ele>1108.2</ele>
   </trkpt>
   <trkpt lat="-29.7199970" lon="24.3800180">
    <ele>1108.0</ele>
   </trkpt>
   <trkpt lat="-29.7200330" lon="24.3800080">
    <ele>1107.8</ele>
   </trkpt>
   <trkpt lat="-29.7200680" lon="24.3799980">
    <ele>1107.6</ele>
   </trkpt>
   <trkpt lat="-29.7201000" lon="24.3799930">
    <ele>1107.4</ele>
   </trkpt>
   <trkpt lat="-29.7201300" lon="24.3799900">
    <ele>1107.2</ele>
   </trkpt>
   <trkpt lat="-29.7201580" lon="24.3799850">
    <ele>1107.1</ele>
   </trkpt>
   <trkpt lat="-29.7201890" lon="24.3799830">
    <ele>1106.9</ele>
   </trkpt>
   <trkpt lat="-29.7201950" lon="24.3799830">
    <ele>1106.9</ele>
   </trkpt>
   <trkpt lat="-29.7202020" lon="24.3799830">
    <ele>1106.8</ele>
   </trkpt>
   <trkpt lat="-29.7202000" lon="24.3799830">
    <ele>1106.8</ele>
   </trkpt>
   <trkpt lat="-29.7202000" lon="24.3799820">
    <ele>1106.8</ele>
   </trkpt>
   <trkpt lat="-29.7202000" lon="24.3799820">
    <ele>1106.8</ele>
   </trkpt>
   <trkpt lat="-29.7202000" lon="24.3799820">
    <ele>1106.8</ele>
   </trkpt>
   <trkpt lat="-29.7202000" lon="24.3799820">
    <ele>1106.8</ele>
   </trkpt>
   <trkpt lat="-29.7202000" lon="24.3799820">
    <ele>1106.8</ele>
   </trkpt>
   <trkpt lat="-29.7202000" lon="24.3799820">
    <ele>1106.8</ele>
   </trkpt>
   <trkpt lat="-29.7202000" lon="24.3799820">
    <ele>1106.8</ele>
   </trkpt>
   <trkpt lat="-29.7202000" lon="24.3799820">
    <ele>1106.8</ele>
   </trkpt>
   <trkpt lat="-29.7202350" lon="24.3799950">
    <ele>1106.5</ele>
   </trkpt>
   <trkpt lat="-29.7202350" lon="24.3799950">
    <ele>1106.5</ele>
   </trkpt>
   <trkpt lat="-29.7202350" lon="24.3799950">
    <ele>1106.5</ele>
   </trkpt>
   <trkpt lat="-29.7202350" lon="24.3799950">
    <ele>1106.5</ele>
   </trkpt>
   <trkpt lat="-29.7202350" lon="24.3799950">
    <ele>1106.5</ele>
   </trkpt>
   <trkpt lat="-29.7202350" lon="24.3799950">
    <ele>1106.5</ele>
   </trkpt>
   <trkpt lat="-29.7202350" lon="24.3799950">
    <ele>1106.5</ele>
   </trkpt>
   <trkpt lat="-29.7202350" lon="24.3799950">
    <ele>1106.5</ele>
   </trkpt>
   <trkpt lat="-29.7202350" lon="24.3799950">
    <ele>1106.5</ele>
   </trkpt>
   <trkpt lat="-29.7202350" lon="24.3799950">
    <ele>1106.5</ele>
   </trkpt>
   <trkpt lat="-29.7202580" lon="24.3800120">
    <ele>1106.3</ele>
   </trkpt>
   <trkpt lat="-29.7202930" lon="24.3800230">
    <ele>1106.1</ele>
   </trkpt>
   <trkpt lat="-29.7203400" lon="24.3800430">
    <ele>1105.7</ele>
   </trkpt>
   <trkpt lat="-29.7204000" lon="24.3800720">
    <ele>1105.2</ele>
   </trkpt>
   <trkpt lat="-29.7204580" lon="24.3801030">
    <ele>1104.9</ele>
   </trkpt>
   <trkpt lat="-29.7205130" lon="24.3801350">
    <ele>1104.7</ele>
   </trkpt>
   <trkpt lat="-29.7205750" lon="24.3801720">
    <ele>1104.4</ele>
   </trkpt>
   <trkpt lat="-29.7206480" lon="24.3802150">
    <ele>1104.1</ele>
   </trkpt>
   <trkpt lat="-29.7207320" lon="24.3802630">
    <ele>1103.8</ele>
   </trkpt>
   <trkpt lat="-29.7208270" lon="24.3803130">
    <ele>1103.4</ele>
   </trkpt>
   <trkpt lat="-29.7209230" lon="24.3803680">
    <ele>1103.0</ele>
   </trkpt>
   <trkpt lat="-29.7210270" lon="24.3804270">
    <ele>1102.6</ele>
   </trkpt>
   <trkpt lat="-29.7211330" lon="24.3804880">
    <ele>1102.1</ele>
   </trkpt>
   <trkpt lat="-29.7212400" lon="24.3805500">
    <ele>1101.7</ele>
   </trkpt>
   <trkpt lat="-29.7213420" lon="24.3806130">
    <ele>1101.2</ele>
   </trkpt>
   <trkpt lat="-29.7214430" lon="24.3806730">
    <ele>1100.8</ele>
   </trkpt>
   <trkpt lat="-29.7215430" lon="24.3807320">
    <ele>1100.4</ele>
   </trkpt>
   <trkpt lat="-29.7216420" lon="24.3807900">
    <ele>1100.0</ele>
   </trkpt>
   <trkpt lat="-29.7217400" lon="24.3808450">
    <ele>1099.5</ele>
   </trkpt>
   <trkpt lat="-29.7218420" lon="24.3808970">
    <ele>1099.1</ele>
   </trkpt>
   <trkpt lat="-29.7219430" lon="24.3809580">
    <ele>1098.7</ele>
   </trkpt>
   <trkpt lat="-29.7220500" lon="24.3810250">
    <ele>1098.2</ele>
   </trkpt>
   <trkpt lat="-29.7221580" lon="24.3810880">
    <ele>1097.8</ele>
   </trkpt>
   <trkpt lat="-29.7222700" lon="24.3811480">
    <ele>1097.3</ele>
   </trkpt>
   <trkpt lat="-29.7223770" lon="24.3812100">
    <ele>1096.9</ele>
   </trkpt>
   <trkpt lat="-29.7224820" lon="24.3812700">
    <ele>1096.4</ele>
   </trkpt>
   <trkpt lat="-29.7225850" lon="24.3813300">
    <ele>1096.0</ele>
   </trkpt>
   <trkpt lat="-29.7226920" lon="24.3813950">
    <ele>1095.9</ele>
   </trkpt>
   <trkpt lat="-29.7228000" lon="24.3814580">
    <ele>1095.8</ele>
   </trkpt>
   <trkpt lat="-29.7229130" lon="24.3815250">
    <ele>1095.7</ele>
   </trkpt>
   <trkpt lat="-29.7230280" lon="24.3815930">
    <ele>1095.6</ele>
   </trkpt>
   <trkpt lat="-29.7231480" lon="24.3816650">
    <ele>1095.4</ele>
   </trkpt>
   <trkpt lat="-29.7232700" lon="24.3817370">
    <ele>1095.3</ele>
   </trkpt>
   <trkpt lat="-29.7233930" lon="24.3818070">
    <ele>1095.2</ele>
   </trkpt>
   <trkpt lat="-29.7235180" lon="24.3818750">
    <ele>1095.1</ele>
   </trkpt>
   <trkpt lat="-29.7236450" lon="24.3819430">
    <ele>1095.0</ele>
   </trkpt>
   <trkpt lat="-29.7237670" lon="24.3820150">
    <ele>1094.9</ele>
   </trkpt>
   <trkpt lat="-29.7238920" lon="24.3820900">
    <ele>1094.7</ele>
   </trkpt>
   <trkpt lat="-29.7240150" lon="24.3821650">
    <ele>1094.6</ele>
   </trkpt>
   <trkpt lat="-29.7241450" lon="24.3822380">
    <ele>1094.5</ele>
   </trkpt>
   <trkpt lat="-29.7242750" lon="24.3823180">
    <ele>1094.4</ele>
   </trkpt>
   <trkpt lat="-29.7244050" lon="24.3823930">
    <ele>1094.3</ele>
   </trkpt>
   <trkpt lat="-29.7245330" lon="24.3824680">
    <ele>1094.1</ele>
   </trkpt>
   <trkpt lat="-29.7246600" lon="24.3825470">
    <ele>1094.0</ele>
   </trkpt>
   <trkpt lat="-29.7247870" lon="24.3826270">
    <ele>1093.9</ele>
   </trkpt>
   <trkpt lat="-29.7249180" lon="24.3827050">
    <ele>1093.8</ele>
   </trkpt>
   <trkpt lat="-29.7250480" lon="24.3827830">
    <ele>1093.6</ele>
   </trkpt>
   <trkpt lat="-29.7251730" lon="24.3828580">
    <ele>1093.5</ele>
   </trkpt>
   <trkpt lat="-29.7253020" lon="24.3829300">
    <ele>1093.4</ele>
   </trkpt>
   <trkpt lat="-29.7254300" lon="24.3830020">
    <ele>1093.3</ele>
   </trkpt>
   <trkpt lat="-29.7255600" lon="24.3830770">
    <ele>1093.2</ele>
   </trkpt>
   <trkpt lat="-29.7256830" lon="24.3831600">
    <ele>1093.0</ele>
   </trkpt>
   <trkpt lat="-29.7258080" lon="24.3832420">
    <ele>1093.1</ele>
   </trkpt>
   <trkpt lat="-29.7259320" lon="24.3833220">
    <ele>1093.4</ele>
   </trkpt>
   <trkpt lat="-29.7260520" lon="24.3833980">
    <ele>1093.7</ele>
   </trkpt>
   <trkpt lat="-29.7261720" lon="24.3834750">
    <ele>1094.0</ele>
   </trkpt>
   <trkpt lat="-29.7262950" lon="24.3835530">
    <ele>1094.3</ele>
   </trkpt>
   <trkpt lat="-29.7264180" lon="24.3836330">
    <ele>1094.5</ele>
   </trkpt>
   <trkpt lat="-29.7265420" lon="24.3837130">
    <ele>1094.8</ele>
   </trkpt>
   <trkpt lat="-29.7266630" lon="24.3837920">
    <ele>1095.1</ele>
   </trkpt>
   <trkpt lat="-29.7267830" lon="24.3838770">
    <ele>1095.4</ele>
   </trkpt>
   <trkpt lat="-29.7268950" lon="24.3839680">
    <ele>1095.7</ele>
   </trkpt>
   <trkpt lat="-29.7270070" lon="24.3840670">
    <ele>1096.0</ele>
   </trkpt>
   <trkpt lat="-29.7271130" lon="24.3841700">
    <ele>1096.3</ele>
   </trkpt>
   <trkpt lat="-29.7272120" lon="24.3842700">
    <ele>1096.5</ele>
   </trkpt>
   <trkpt lat="-29.7273050" lon="24.3843800">
    <ele>1096.8</ele>
   </trkpt>
   <trkpt lat="-29.7273930" lon="24.3844880">
    <ele>1097.1</ele>
   </trkpt>
   <trkpt lat="-29.7274870" lon="24.3845970">
    <ele>1097.3</ele>
   </trkpt>
   <trkpt lat="-29.7275820" lon="24.3847050">
    <ele>1097.6</ele>
   </trkpt>
   <trkpt lat="-29.7276780" lon="24.3848170">
    <ele>1097.9</ele>
   </trkpt>
   <trkpt lat="-29.7277750" lon="24.3849300">
    <ele>1098.2</ele>
   </trkpt>
   <trkpt lat="-29.7278720" lon="24.3850450">
    <ele>1098.5</ele>
   </trkpt>
   <trkpt lat="-29.7279700" lon="24.3851600">
    <ele>1098.8</ele>
   </trkpt>
   <trkpt lat="-29.7280700" lon="24.3852720">
    <ele>1099.0</ele>
   </trkpt>
   <trkpt lat="-29.7281720" lon="24.3853850">
    <ele>1099.3</ele>
   </trkpt>
   <trkpt lat="-29.7282730" lon="24.3855050">
    <ele>1099.6</ele>
   </trkpt>
   <trkpt lat="-29.7283770" lon="24.3856250">
    <ele>1099.9</ele>
   </trkpt>
   <trkpt lat="-29.7284820" lon="24.3857480">
    <ele>1100.2</ele>
   </trkpt>
   <trkpt lat="-29.7285880" lon="24.3858720">
    <ele>1100.6</ele>
   </trkpt>
   <trkpt lat="-29.7286980" lon="24.3859950">
    <ele>1100.9</ele>
   </trkpt>
   <trkpt lat="-29.7288100" lon="24.3861200">
    <ele>1101.0</ele>
   </trkpt>
   <trkpt lat="-29.7289250" lon="24.3862450">
    <ele>1100.9</ele>
   </trkpt>
   <trkpt lat="-29.7290400" lon="24.3863700">
    <ele>1100.9</ele>
   </trkpt>
   <trkpt lat="-29.7291520" lon="24.3864930">
    <ele>1100.8</ele>
   </trkpt>
   <trkpt lat="-29.7292620" lon="24.3866080">
    <ele>1100.8</ele>
   </trkpt>
   <trkpt lat="-29.7293670" lon="24.3867200">
    <ele>1100.8</ele>
   </trkpt>
   <trkpt lat="-29.7294730" lon="24.3868330">
    <ele>1100.7</ele>
   </trkpt>
   <trkpt lat="-29.7295800" lon="24.3869470">
    <ele>1100.7</ele>
   </trkpt>
   <trkpt lat="-29.7296880" lon="24.3870600">
    <ele>1100.7</ele>
   </trkpt>
   <trkpt lat="-29.7298000" lon="24.3871720">
    <ele>1100.6</ele>
   </trkpt>
   <trkpt lat="-29.7299050" lon="24.3872830">
    <ele>1100.6</ele>
   </trkpt>
   <trkpt lat="-29.7300070" lon="24.3873930">
    <ele>1100.6</ele>
   </trkpt>
   <trkpt lat="-29.7301020" lon="24.3875030">
    <ele>1100.5</ele>
   </trkpt>
   <trkpt lat="-29.7302030" lon="24.3876130">
    <ele>1100.5</ele>
   </trkpt>
   <trkpt lat="-29.7303050" lon="24.3877250">
    <ele>1100.5</ele>
   </trkpt>
   <trkpt lat="-29.7304080" lon="24.3878420">
    <ele>1100.5</ele>
   </trkpt>
   <trkpt lat="-29.7305100" lon="24.3879580">
    <ele>1100.4</ele>
   </trkpt>
   <trkpt lat="-29.7306130" lon="24.3880770">
    <ele>1100.4</ele>
   </trkpt>
   <trkpt lat="-29.7307150" lon="24.3881920">
    <ele>1100.4</ele>
   </trkpt>
   <trkpt lat="-29.7308180" lon="24.3883080">
    <ele>1100.3</ele>
   </trkpt>
   <trkpt lat="-29.7309250" lon="24.3884270">
    <ele>1100.3</ele>
   </trkpt>
   <trkpt lat="-29.7310330" lon="24.3885470">
    <ele>1100.2</ele>
   </trkpt>
   <trkpt lat="-29.7311450" lon="24.3886680">
    <ele>1100.2</ele>
   </trkpt>
   <trkpt lat="-29.7312600" lon="24.3887880">
    <ele>1100.2</ele>
   </trkpt>
   <trkpt lat="-29.7313700" lon="24.3889100">
    <ele>1100.1</ele>
   </trkpt>
   <trkpt lat="-29.7314780" lon="24.3890320">
    <ele>1100.1</ele>
   </trkpt>
   <trkpt lat="-29.7315850" lon="24.3891500">
    <ele>1100.1</ele>
   </trkpt>
   <trkpt lat="-29.7316900" lon="24.3892650">
    <ele>1100.0</ele>
   </trkpt>
   <trkpt lat="-29.7317920" lon="24.3893770">
    <ele>1100.0</ele>
   </trkpt>
   <trkpt lat="-29.7318880" lon="24.3894830">
    <ele>1100.0</ele>
   </trkpt>
   <trkpt lat="-29.7319820" lon="24.3895870">
    <ele>1099.9</ele>
   </trkpt>
   <trkpt lat="-29.7320770" lon="24.3896930">
    <ele>1099.9</ele>
   </trkpt>
   <trkpt lat="-29.7321750" lon="24.3898020">
    <ele>1099.9</ele>
   </trkpt>
   <trkpt lat="-29.7322730" lon="24.3899100">
    <ele>1099.9</ele>
   </trkpt>
   <trkpt lat="-29.7323680" lon="24.3900130">
    <ele>1099.8</ele>
   </trkpt>
   <trkpt lat="-29.7324570" lon="24.3901080">
    <ele>1099.8</ele>
   </trkpt>
   <trkpt lat="-29.7325420" lon="24.3901970">
    <ele>1099.8</ele>
   </trkpt>
   <trkpt lat="-29.7326250" lon="24.3902820">
    <ele>1099.7</ele>
   </trkpt>
   <trkpt lat="-29.7327080" lon="24.3903630">
    <ele>1099.7</ele>
   </trkpt>
   <trkpt lat="-29.7327920" lon="24.3904430">
    <ele>1099.7</ele>
   </trkpt>
   <trkpt lat="-29.7328780" lon="24.3905320">
    <ele>1099.7</ele>
   </trkpt>
   <trkpt lat="-29.7329680" lon="24.3906250">
    <ele>1099.6</ele>
   </trkpt>
   <trkpt lat="-29.7330600" lon="24.3907250">
    <ele>1099.6</ele>
   </trkpt>
   <trkpt lat="-29.7331530" lon="24.3908250">
    <ele>1099.6</ele>
   </trkpt>
   <trkpt lat="-29.7332480" lon="24.3909230">
    <ele>1099.5</ele>
   </trkpt>
   <trkpt lat="-29.7333420" lon="24.3910220">
    <ele>1099.5</ele>
   </trkpt>
   <trkpt lat="-29.7334350" lon="24.3911270">
    <ele>1099.5</ele>
   </trkpt>
   <trkpt lat="-29.7335270" lon="24.3912350">
    <ele>1099.5</ele>
   </trkpt>
   <trkpt lat="-29.7336180" lon="24.3913470">
    <ele>1099.4</ele>
   </trkpt>
   <trkpt lat="-29.7337150" lon="24.3914600">
    <ele>1099.4</ele>
   </trkpt>
   <trkpt lat="-29.7338150" lon="24.3915720">
    <ele>1099.4</ele>
   </trkpt>
   <trkpt lat="-29.7339170" lon="24.3916850">
    <ele>1099.3</ele>
   </trkpt>
   <trkpt lat="-29.7340220" lon="24.3918030">
    <ele>1099.3</ele>
   </trkpt>
   <trkpt lat="-29.7341270" lon="24.3919200">
    <ele>1099.3</ele>
   </trkpt>
   <trkpt lat="-29.7342330" lon="24.3920400">
    <ele>1099.2</ele>
   </trkpt>
   <trkpt lat="-29.7343380" lon="24.3921600">
    <ele>1099.2</ele>
   </trkpt>
   <trkpt lat="-29.7344450" lon="24.3922800">
    <ele>1099.2</ele>
   </trkpt>
   <trkpt lat="-29.7345500" lon="24.3923980">
    <ele>1099.1</ele>
   </trkpt>
   <trkpt lat="-29.7346580" lon="24.3925150">
    <ele>1099.1</ele>
   </trkpt>
   <trkpt lat="-29.7347680" lon="24.3926300">
    <ele>1099.1</ele>
   </trkpt>
   <trkpt lat="-29.7348770" lon="24.3927450">
    <ele>1099.0</ele>
   </trkpt>
   <trkpt lat="-29.7349880" lon="24.3928620">
    <ele>1099.6</ele>
   </trkpt>
   <trkpt lat="-29.7350970" lon="24.3929800">
    <ele>1100.2</ele>
   </trkpt>
   <trkpt lat="-29.7352030" lon="24.3931000">
    <ele>1100.8</ele>
   </trkpt>
   <trkpt lat="-29.7353130" lon="24.3932220">
    <ele>1101.5</ele>
   </trkpt>
   <trkpt lat="-29.7354230" lon="24.3933420">
    <ele>1102.0</ele>
   </trkpt>
   <trkpt lat="-29.7355330" lon="24.3934600">
    <ele>1102.2</ele>
   </trkpt>
   <trkpt lat="-29.7356420" lon="24.3935780">
    <ele>1102.3</ele>
   </trkpt>
   <trkpt lat="-29.7357480" lon="24.3936950">
    <ele>1102.5</ele>
   </trkpt>
   <trkpt lat="-29.7358530" lon="24.3938120">
    <ele>1102.7</ele>
   </trkpt>
   <trkpt lat="-29.7359570" lon="24.3939280">
    <ele>1102.9</ele>
   </trkpt>
   <trkpt lat="-29.7360580" lon="24.3940450">
    <ele>1103.0</ele>
   </trkpt>
   <trkpt lat="-29.7361620" lon="24.3941580">
    <ele>1103.2</ele>
   </trkpt>
   <trkpt lat="-29.7362670" lon="24.3942700">
    <ele>1103.4</ele>
   </trkpt>
   <trkpt lat="-29.7363720" lon="24.3943830">
    <ele>1103.5</ele>
   </trkpt>
   <trkpt lat="-29.7364770" lon="24.3944950">
    <ele>1103.7</ele>
   </trkpt>
   <trkpt lat="-29.7365800" lon="24.3946080">
    <ele>1103.9</ele>
   </trkpt>
   <trkpt lat="-29.7366830" lon="24.3947250">
    <ele>1104.0</ele>
   </trkpt>
   <trkpt lat="-29.7367870" lon="24.3948430">
    <ele>1104.2</ele>
   </trkpt>
   <trkpt lat="-29.7368930" lon="24.3949600">
    <ele>1104.4</ele>
   </trkpt>
   <trkpt lat="-29.7370030" lon="24.3950780">
    <ele>1104.6</ele>
   </trkpt>
   <trkpt lat="-29.7371150" lon="24.3952000">
    <ele>1104.7</ele>
   </trkpt>
   <trkpt lat="-29.7372280" lon="24.3953250">
    <ele>1104.9</ele>
   </trkpt>
   <trkpt lat="-29.7373470" lon="24.3954550">
    <ele>1105.1</ele>
   </trkpt>
   <trkpt lat="-29.7374680" lon="24.3955870">
    <ele>1105.3</ele>
   </trkpt>
   <trkpt lat="-29.7375920" lon="24.3957220">
    <ele>1105.5</ele>
   </trkpt>
   <trkpt lat="-29.7377130" lon="24.3958570">
    <ele>1105.7</ele>
   </trkpt>
   <trkpt lat="-29.7378320" lon="24.3959950">
    <ele>1105.9</ele>
   </trkpt>
   <trkpt lat="-29.7379520" lon="24.3961370">
    <ele>1106.1</ele>
   </trkpt>
   <trkpt lat="-29.7380670" lon="24.3962780">
    <ele>1106.3</ele>
   </trkpt>
   <trkpt lat="-29.7381750" lon="24.3964200">
    <ele>1106.5</ele>
   </trkpt>
   <trkpt lat="-29.7382770" lon="24.3965620">
    <ele>1106.7</ele>
   </trkpt>
   <trkpt lat="-29.7383720" lon="24.3967020">
    <ele>1106.9</ele>
   </trkpt>
   <trkpt lat="-29.7384600" lon="24.3968350">
    <ele>1107.1</ele>
   </trkpt>
   <trkpt lat="-29.7385430" lon="24.3969700">
    <ele>1107.2</ele>
   </trkpt>
   <trkpt lat="-29.7386220" lon="24.3971070">
    <ele>1107.4</ele>
   </trkpt>
   <trkpt lat="-29.7386950" lon="24.3972500">
    <ele>1107.6</ele>
   </trkpt>
   <trkpt lat="-29.7387650" lon="24.3973970">
    <ele>1107.7</ele>
   </trkpt>
   <trkpt lat="-29.7388350" lon="24.3975480">
    <ele>1107.9</ele>
   </trkpt>
   <trkpt lat="-29.7389030" lon="24.3977030">
    <ele>1108.1</ele>
   </trkpt>
   <trkpt lat="-29.7389680" lon="24.3978580">
    <ele>1108.3</ele>
   </trkpt>
   <trkpt lat="-29.7390270" lon="24.3980150">
    <ele>1108.5</ele>
   </trkpt>
   <trkpt lat="-29.7390820" lon="24.3981730">
    <ele>1108.6</ele>
   </trkpt>
   <trkpt lat="-29.7391300" lon="24.3983320">
    <ele>1108.8</ele>
   </trkpt>
   <trkpt lat="-29.7391770" lon="24.3984880">
    <ele>1109.0</ele>
   </trkpt>
   <trkpt lat="-29.7392220" lon="24.3986450">
    <ele>1109.1</ele>
   </trkpt>
   <trkpt lat="-29.7392650" lon="24.3988050">
    <ele>1109.3</ele>
   </trkpt>
   <trkpt lat="-29.7393050" lon="24.3989670">
    <ele>1109.5</ele>
   </trkpt>
   <trkpt lat="-29.7393450" lon="24.3991270">
    <ele>1109.7</ele>
   </trkpt>
   <trkpt lat="-29.7393830" lon="24.3992820">
    <ele>1109.8</ele>
   </trkpt>
   <trkpt lat="-29.7394230" lon="24.3994370">
    <ele>1110.0</ele>
   </trkpt>
   <trkpt lat="-29.7394620" lon="24.3995930">
    <ele>1110.2</ele>
   </trkpt>
   <trkpt lat="-29.7395020" lon="24.3997500">
    <ele>1110.3</ele>
   </trkpt>
   <trkpt lat="-29.7395400" lon="24.3999120">
    <ele>1110.5</ele>
   </trkpt>
   <trkpt lat="-29.7395780" lon="24.4000780">
    <ele>1110.7</ele>
   </trkpt>
   <trkpt lat="-29.7396170" lon="24.4002430">
    <ele>1110.9</ele>
   </trkpt>
   <trkpt lat="-29.7396550" lon="24.4004130">
    <ele>1111.0</ele>
   </trkpt>
   <trkpt lat="-29.7396970" lon="24.4005820">
    <ele>1111.2</ele>
   </trkpt>
   <trkpt lat="-29.7397380" lon="24.4007500">
    <ele>1111.4</ele>
   </trkpt>
   <trkpt lat="-29.7397780" lon="24.4009180">
    <ele>1111.6</ele>
   </trkpt>
   <trkpt lat="-29.7398180" lon="24.4010900">
    <ele>1111.8</ele>
   </trkpt>
   <trkpt lat="-29.7398580" lon="24.4012620">
    <ele>1111.8</ele>
   </trkpt>
   <trkpt lat="-29.7398980" lon="24.4014330">
    <ele>1111.3</ele>
   </trkpt>
   <trkpt lat="-29.7399400" lon="24.4016050">
    <ele>1110.8</ele>
   </trkpt>
   <trkpt lat="-29.7399820" lon="24.4017820">
    <ele>1110.2</ele>
   </trkpt>
   <trkpt lat="-29.7400250" lon="24.4019600">
    <ele>1109.7</ele>
   </trkpt>
   <trkpt lat="-29.7400670" lon="24.4021400">
    <ele>1109.1</ele>
   </trkpt>
   <trkpt lat="-29.7401080" lon="24.4023180">
    <ele>1108.5</ele>
   </trkpt>
   <trkpt lat="-29.7401500" lon="24.4024980">
    <ele>1108.0</ele>
   </trkpt>
   <trkpt lat="-29.7401900" lon="24.4026750">
    <ele>1107.4</ele>
   </trkpt>
   <trkpt lat="-29.7402320" lon="24.4028520">
    <ele>1107.0</ele>
   </trkpt>
   <trkpt lat="-29.7402750" lon="24.4030250">
    <ele>1106.9</ele>
   </trkpt>
   <trkpt lat="-29.7403180" lon="24.4031970">
    <ele>1106.8</ele>
   </trkpt>
   <trkpt lat="-29.7403600" lon="24.4033700">
    <ele>1106.7</ele>
   </trkpt>
   <trkpt lat="-29.7404020" lon="24.4035420">
    <ele>1106.6</ele>
   </trkpt>
   <trkpt lat="-29.7404450" lon="24.4037150">
    <ele>1106.5</ele>
   </trkpt>
   <trkpt lat="-29.7404850" lon="24.4038880">
    <ele>1106.4</ele>
   </trkpt>
   <trkpt lat="-29.7405230" lon="24.4040580">
    <ele>1106.3</ele>
   </trkpt>
   <trkpt lat="-29.7405650" lon="24.4042250">
    <ele>1106.2</ele>
   </trkpt>
   <trkpt lat="-29.7406030" lon="24.4043900">
    <ele>1106.2</ele>
   </trkpt>
   <trkpt lat="-29.7406400" lon="24.4045520">
    <ele>1106.1</ele>
   </trkpt>
   <trkpt lat="-29.7406750" lon="24.4047150">
    <ele>1106.0</ele>
   </trkpt>
   <trkpt lat="-29.7407120" lon="24.4048720">
    <ele>1105.9</ele>
   </trkpt>
   <trkpt lat="-29.7407500" lon="24.4050270">
    <ele>1105.8</ele>
   </trkpt>
   <trkpt lat="-29.7407870" lon="24.4051830">
    <ele>1105.7</ele>
   </trkpt>
   <trkpt lat="-29.7408220" lon="24.4053420">
    <ele>1105.6</ele>
   </trkpt>
   <trkpt lat="-29.7408600" lon="24.4055000">
    <ele>1105.6</ele>
   </trkpt>
   <trkpt lat="-29.7408980" lon="24.4056580">
    <ele>1105.5</ele>
   </trkpt>
   <trkpt lat="-29.7409380" lon="24.4058200">
    <ele>1105.4</ele>
   </trkpt>
   <trkpt lat="-29.7409750" lon="24.4059880">
    <ele>1105.3</ele>
   </trkpt>
   <trkpt lat="-29.7410130" lon="24.4061570">
    <ele>1105.2</ele>
   </trkpt>
   <trkpt lat="-29.7410530" lon="24.4063270">
    <ele>1105.1</ele>
   </trkpt>
   <trkpt lat="-29.7410930" lon="24.4065020">
    <ele>1105.0</ele>
   </trkpt>
   <trkpt lat="-29.7411350" lon="24.4066780">
    <ele>1104.9</ele>
   </trkpt>
   <trkpt lat="-29.7411780" lon="24.4068570">
    <ele>1104.8</ele>
   </trkpt>
   <trkpt lat="-29.7412220" lon="24.4070400">
    <ele>1104.7</ele>
   </trkpt>
   <trkpt lat="-29.7412620" lon="24.4072250">
    <ele>1104.6</ele>
   </trkpt>
   <trkpt lat="-29.7413020" lon="24.4074120">
    <ele>1104.5</ele>
   </trkpt>
   <trkpt lat="-29.7413450" lon="24.4075930">
    <ele>1104.4</ele>
   </trkpt>
   <trkpt lat="-29.7413870" lon="24.4077720">
    <ele>1104.3</ele>
   </trkpt>
   <trkpt lat="-29.7414280" lon="24.4079480">
    <ele>1104.2</ele>
   </trkpt>
   <trkpt lat="-29.7414680" lon="24.4081230">
    <ele>1104.1</ele>
   </trkpt>
   <trkpt lat="-29.7415080" lon="24.4082980">
    <ele>1104.1</ele>
   </trkpt>
   <trkpt lat="-29.7415500" lon="24.4084720">
    <ele>1104.0</ele>
   </trkpt>
   <trkpt lat="-29.7415930" lon="24.4086430">
    <ele>1103.9</ele>
   </trkpt>
   <trkpt lat="-29.7416400" lon="24.4088180">
    <ele>1103.8</ele>
   </trkpt>
   <trkpt lat="-29.7416920" lon="24.4089930">
    <ele>1103.7</ele>
   </trkpt>
   <trkpt lat="-29.7417530" lon="24.4091680">
    <ele>1103.6</ele>
   </trkpt>
   <trkpt lat="-29.7418180" lon="24.4093470">
    <ele>1103.5</ele>
   </trkpt>
   <trkpt lat="-29.7418880" lon="24.4095230">
    <ele>1103.4</ele>
   </trkpt>
   <trkpt lat="-29.7419620" lon="24.4096980">
    <ele>1103.3</ele>
   </trkpt>
   <trkpt lat="-29.7420400" lon="24.4098700">
    <ele>1103.2</ele>
   </trkpt>
   <trkpt lat="-29.7421230" lon="24.4100420">
    <ele>1103.1</ele>
   </trkpt>
   <trkpt lat="-29.7422120" lon="24.4102100">
    <ele>1103.0</ele>
   </trkpt>
   <trkpt lat="-29.7423070" lon="24.4103800">
    <ele>1102.9</ele>
   </trkpt>
   <trkpt lat="-29.7424070" lon="24.4105470">
    <ele>1102.8</ele>
   </trkpt>
   <trkpt lat="-29.7425100" lon="24.4107080">
    <ele>1102.7</ele>
   </trkpt>
   <trkpt lat="-29.7426180" lon="24.4108680">
    <ele>1102.5</ele>
   </trkpt>
   <trkpt lat="-29.7427320" lon="24.4110270">
    <ele>1102.4</ele>
   </trkpt>
   <trkpt lat="-29.7428500" lon="24.4111850">
    <ele>1102.3</ele>
   </trkpt>
   <trkpt lat="-29.7429700" lon="24.4113380">
    <ele>1102.2</ele>
   </trkpt>
   <trkpt lat="-29.7430870" lon="24.4114900">
    <ele>1102.1</ele>
   </trkpt>
   <trkpt lat="-29.7432020" lon="24.4116380">
    <ele>1102.0</ele>
   </trkpt>
   <trkpt lat="-29.7433130" lon="24.4117800">
    <ele>1102.0</ele>
   </trkpt>
   <trkpt lat="-29.7434250" lon="24.4119200">
    <ele>1102.0</ele>
   </trkpt>
   <trkpt lat="-29.7435380" lon="24.4120600">
    <ele>1102.1</ele>
   </trkpt>
   <trkpt lat="-29.7436480" lon="24.4122020">
    <ele>1102.1</ele>
   </trkpt>
   <trkpt lat="-29.7437580" lon="24.4123430">
    <ele>1102.1</ele>
   </trkpt>
   <trkpt lat="-29.7438670" lon="24.4124830">
    <ele>1102.1</ele>
   </trkpt>
   <trkpt lat="-29.7439720" lon="24.4126200">
    <ele>1102.2</ele>
   </trkpt>
   <trkpt lat="-29.7440770" lon="24.4127550">
    <ele>1102.2</ele>
   </trkpt>
   <trkpt lat="-29.7441800" lon="24.4128880">
    <ele>1102.2</ele>
   </trkpt>
   <trkpt lat="-29.7442820" lon="24.4130220">
    <ele>1102.2</ele>
   </trkpt>
   <trkpt lat="-29.7443870" lon="24.4131580">
    <ele>1102.3</ele>
   </trkpt>
   <trkpt lat="-29.7444920" lon="24.4132950">
    <ele>1102.3</ele>
   </trkpt>
   <trkpt lat="-29.7445950" lon="24.4134300">
    <ele>1102.3</ele>
   </trkpt>
   <trkpt lat="-29.7446950" lon="24.4135580">
    <ele>1102.3</ele>
   </trkpt>
   <trkpt lat="-29.7447930" lon="24.4136830">
    <ele>1102.4</ele>
   </trkpt>
   <trkpt lat="-29.7448870" lon="24.4138080">
    <ele>1102.4</ele>
   </trkpt>
   <trkpt lat="-29.7449820" lon="24.4139350">
    <ele>1102.4</ele>
   </trkpt>
   <trkpt lat="-29.7450780" lon="24.4140620">
    <ele>1102.4</ele>
   </trkpt>
   <trkpt lat="-29.7451770" lon="24.4141900">
    <ele>1102.4</ele>
   </trkpt>
   <trkpt lat="-29.7452750" lon="24.4143200">
    <ele>1102.5</ele>
   </trkpt>
   <trkpt lat="-29.7453770" lon="24.4144530">
    <ele>1102.5</ele>
   </trkpt>
   <trkpt lat="-29.7454780" lon="24.4145870">
    <ele>1102.5</ele>
   </trkpt>
   <trkpt lat="-29.7455800" lon="24.4147220">
    <ele>1102.5</ele>
   </trkpt>
   <trkpt lat="-29.7456850" lon="24.4148580">
    <ele>1102.6</ele>
   </trkpt>
   <trkpt lat="-29.7457920" lon="24.4149980">
    <ele>1102.6</ele>
   </trkpt>
   <trkpt lat="-29.7459000" lon="24.4151400">
    <ele>1102.6</ele>
   </trkpt>
   <trkpt lat="-29.7460120" lon="24.4152870">
    <ele>1102.6</ele>
   </trkpt>
   <trkpt lat="-29.7461230" lon="24.4154320">
    <ele>1102.7</ele>
   </trkpt>
   <trkpt lat="-29.7462380" lon="24.4155780">
    <ele>1102.7</ele>
   </trkpt>
   <trkpt lat="-29.7463500" lon="24.4157230">
    <ele>1102.7</ele>
   </trkpt>
   <trkpt lat="-29.7464650" lon="24.4158720">
    <ele>1102.7</ele>
   </trkpt>
   <trkpt lat="-29.7465770" lon="24.4160200">
    <ele>1102.8</ele>
   </trkpt>
   <trkpt lat="-29.7466900" lon="24.4161700">
    <ele>1102.8</ele>
   </trkpt>
   <trkpt lat="-29.7468050" lon="24.4163220">
    <ele>1102.8</ele>
   </trkpt>
   <trkpt lat="-29.7469200" lon="24.4164720">
    <ele>1102.9</ele>
   </trkpt>
   <trkpt lat="-29.7470370" lon="24.4166220">
    <ele>1102.9</ele>
   </trkpt>
   <trkpt lat="-29.7471520" lon="24.4167720">
    <ele>1102.9</ele>
   </trkpt>
   <trkpt lat="-29.7472670" lon="24.4169220">
    <ele>1102.9</ele>
   </trkpt>
   <trkpt lat="-29.7473830" lon="24.4170730">
    <ele>1103.0</ele>
   </trkpt>
   <trkpt lat="-29.7475000" lon="24.4172230">
    <ele>1103.0</ele>
   </trkpt>
   <trkpt lat="-29.7476150" lon="24.4173700">
    <ele>1103.0</ele>
   </trkpt>
   <trkpt lat="-29.7477320" lon="24.4175220">
    <ele>1103.1</ele>
   </trkpt>
   <trkpt lat="-29.7478470" lon="24.4176720">
    <ele>1103.2</ele>
   </trkpt>
   <trkpt lat="-29.7479620" lon="24.4178220">
    <ele>1103.2</ele>
   </trkpt>
   <trkpt lat="-29.7480800" lon="24.4179770">
    <ele>1103.3</ele>
   </trkpt>
   <trkpt lat="-29.7481970" lon="24.4181320">
    <ele>1103.4</ele>
   </trkpt>
   <trkpt lat="-29.7483150" lon="24.4182850">
    <ele>1103.5</ele>
   </trkpt>
   <trkpt lat="-29.7484350" lon="24.4184380">
    <ele>1103.6</ele>
   </trkpt>
   <trkpt lat="-29.7485500" lon="24.4185950">
    <ele>1103.7</ele>
   </trkpt>
   <trkpt lat="-29.7486680" lon="24.4187520">
    <ele>1103.8</ele>
   </trkpt>
   <trkpt lat="-29.7487870" lon="24.4189100">
    <ele>1103.9</ele>
   </trkpt>
   <trkpt lat="-29.7489050" lon="24.4190680">
    <ele>1104.0</ele>
   </trkpt>
   <trkpt lat="-29.7490220" lon="24.4192250">
    <ele>1104.0</ele>
   </trkpt>
   <trkpt lat="-29.7491350" lon="24.4193780">
    <ele>1104.0</ele>
   </trkpt>
   <trkpt lat="-29.7492470" lon="24.4195280">
    <ele>1104.0</ele>
   </trkpt>
   <trkpt lat="-29.7493580" lon="24.4196780">
    <ele>1104.0</ele>
   </trkpt>
   <trkpt lat="-29.7494670" lon="24.4198230">
    <ele>1104.1</ele>
   </trkpt>
   <trkpt lat="-29.7495800" lon="24.4199720">
    <ele>1104.3</ele>
   </trkpt>
   <trkpt lat="-29.7496930" lon="24.4201200">
    <ele>1104.5</ele>
   </trkpt>
   <trkpt lat="-29.7498070" lon="24.4202680">
    <ele>1104.8</ele>
   </trkpt>
   <trkpt lat="-29.7499200" lon="24.4204200">
    <ele>1105.0</ele>
   </trkpt>
   <trkpt lat="-29.7500330" lon="24.4205720">
    <ele>1105.2</ele>
   </trkpt>
   <trkpt lat="-29.7501470" lon="24.4207200">
    <ele>1105.5</ele>
   </trkpt>
   <trkpt lat="-29.7502570" lon="24.4208650">
    <ele>1105.7</ele>
   </trkpt>
   <trkpt lat="-29.7503670" lon="24.4210100">
    <ele>1105.9</ele>
   </trkpt>
   <trkpt lat="-29.7504800" lon="24.4211530">
    <ele>1106.1</ele>
   </trkpt>
   <trkpt lat="-29.7505920" lon="24.4212970">
    <ele>1106.4</ele>
   </trkpt>
   <trkpt lat="-29.7507030" lon="24.4214470">
    <ele>1106.6</ele>
   </trkpt>
   <trkpt lat="-29.7508170" lon="24.4215950">
    <ele>1106.8</ele>
   </trkpt>
   <trkpt lat="-29.7509300" lon="24.4217430">
    <ele>1107.1</ele>
   </trkpt>
   <trkpt lat="-29.7510430" lon="24.4218920">
    <ele>1107.3</ele>
   </trkpt>
   <trkpt lat="-29.7511580" lon="24.4220370">
    <ele>1107.5</ele>
   </trkpt>
   <trkpt lat="-29.7512730" lon="24.4221830">
    <ele>1107.8</ele>
   </trkpt>
   <trkpt lat="-29.7513870" lon="24.4223350">
    <ele>1108.0</ele>
   </trkpt>
   <trkpt lat="-29.7515020" lon="24.4224880">
    <ele>1108.2</ele>
   </trkpt>
   <trkpt lat="-29.7516180" lon="24.4226420">
    <ele>1108.5</ele>
   </trkpt>
   <trkpt lat="-29.7517370" lon="24.4227980">
    <ele>1108.7</ele>
   </trkpt>
   <trkpt lat="-29.7518570" lon="24.4229570">
    <ele>1108.9</ele>
   </trkpt>
   <trkpt lat="-29.7519800" lon="24.4231150">
    <ele>1109.2</ele>
   </trkpt>
   <trkpt lat="-29.7521070" lon="24.4232770">
    <ele>1109.4</ele>
   </trkpt>
   <trkpt lat="-29.7522300" lon="24.4234370">
    <ele>1109.7</ele>
   </trkpt>
   <trkpt lat="-29.7523550" lon="24.4235970">
    <ele>1109.9</ele>
   </trkpt>
   <trkpt lat="-29.7524800" lon="24.4237580">
    <ele>1110.2</ele>
   </trkpt>
   <trkpt lat="-29.7526030" lon="24.4239230">
    <ele>1110.5</ele>
   </trkpt>
   <trkpt lat="-29.7527270" lon="24.4240870">
    <ele>1110.7</ele>
   </trkpt>
   <trkpt lat="-29.7528530" lon="24.4242500">
    <ele>1111.0</ele>
   </trkpt>
   <trkpt lat="-29.7529800" lon="24.4244130">
    <ele>1111.2</ele>
   </trkpt>
   <trkpt lat="-29.7531030" lon="24.4245730">
    <ele>1111.5</ele>
   </trkpt>
   <trkpt lat="-29.7532250" lon="24.4247370">
    <ele>1111.7</ele>
   </trkpt>
   <trkpt lat="-29.7533480" lon="24.4248970">
    <ele>1112.0</ele>
   </trkpt>
   <trkpt lat="-29.7534680" lon="24.4250600">
    <ele>1112.2</ele>
   </trkpt>
   <trkpt lat="-29.7535900" lon="24.4252220">
    <ele>1112.5</ele>
   </trkpt>
   <trkpt lat="-29.7537130" lon="24.4253800">
    <ele>1112.7</ele>
   </trkpt>
   <trkpt lat="-29.7538380" lon="24.4255400">
    <ele>1113.0</ele>
   </trkpt>
   <trkpt lat="-29.7539580" lon="24.4256950">
    <ele>1113.2</ele>
   </trkpt>
   <trkpt lat="-29.7540750" lon="24.4258530">
    <ele>1113.4</ele>
   </trkpt>
   <trkpt lat="-29.7541930" lon="24.4260030">
    <ele>1113.7</ele>
   </trkpt>
   <trkpt lat="-29.7543100" lon="24.4261520">
    <ele>1113.9</ele>
   </trkpt>
   <trkpt lat="-29.7544270" lon="24.4262980">
    <ele>1114.1</ele>
   </trkpt>
   <trkpt lat="-29.7545430" lon="24.4264430">
    <ele>1114.4</ele>
   </trkpt>
   <trkpt lat="-29.7546580" lon="24.4265880">
    <ele>1114.6</ele>
   </trkpt>
   <trkpt lat="-29.7547720" lon="24.4267350">
    <ele>1114.8</ele>
   </trkpt>
   <trkpt lat="-29.7548850" lon="24.4268850">
    <ele>1115.1</ele>
   </trkpt>
   <trkpt lat="-29.7550000" lon="24.4270350">
    <ele>1115.3</ele>
   </trkpt>
   <trkpt lat="-29.7551130" lon="24.4271850">
    <ele>1115.5</ele>
   </trkpt>
   <trkpt lat="-29.7552280" lon="24.4273380">
    <ele>1115.8</ele>
   </trkpt>
   <trkpt lat="-29.7553450" lon="24.4274900">
    <ele>1116.0</ele>
   </trkpt>
   <trkpt lat="-29.7554620" lon="24.4276430">
    <ele>1115.9</ele>
   </trkpt>
   <trkpt lat="-29.7555800" lon="24.4277970">
    <ele>1115.9</ele>
   </trkpt>
   <trkpt lat="-29.7557000" lon="24.4279520">
    <ele>1115.8</ele>
   </trkpt>
   <trkpt lat="-29.7558180" lon="24.4281070">
    <ele>1115.8</ele>
   </trkpt>
   <trkpt lat="-29.7559370" lon="24.4282630">
    <ele>1115.8</ele>
   </trkpt>
   <trkpt lat="-29.7560550" lon="24.4284230">
    <ele>1115.7</ele>
   </trkpt>
   <trkpt lat="-29.7561770" lon="24.4285820">
    <ele>1115.7</ele>
   </trkpt>
   <trkpt lat="-29.7563000" lon="24.4287430">
    <ele>1115.6</ele>
   </trkpt>
   <trkpt lat="-29.7564200" lon="24.4289030">
    <ele>1115.6</ele>
   </trkpt>
   <trkpt lat="-29.7565350" lon="24.4290620">
    <ele>1115.5</ele>
   </trkpt>
   <trkpt lat="-29.7566500" lon="24.4292150">
    <ele>1115.5</ele>
   </trkpt>
   <trkpt lat="-29.7567620" lon="24.4293680">
    <ele>1115.4</ele>
   </trkpt>
   <trkpt lat="-29.7568730" lon="24.4295180">
    <ele>1115.4</ele>
   </trkpt>
   <trkpt lat="-29.7569820" lon="24.4296670">
    <ele>1115.4</ele>
   </trkpt>
   <trkpt lat="-29.7570900" lon="24.4298080">
    <ele>1115.3</ele>
   </trkpt>
   <trkpt lat="-29.7571970" lon="24.4299480">
    <ele>1115.3</ele>
   </trkpt>
   <trkpt lat="-29.7572970" lon="24.4300830">
    <ele>1115.2</ele>
   </trkpt>
   <trkpt lat="-29.7573970" lon="24.4302150">
    <ele>1115.2</ele>
   </trkpt>
   <trkpt lat="-29.7574970" lon="24.4303450">
    <ele>1115.2</ele>
   </trkpt>
   <trkpt lat="-29.7575980" lon="24.4304680">
    <ele>1115.1</ele>
   </trkpt>
   <trkpt lat="-29.7577020" lon="24.4305900">
    <ele>1115.1</ele>
   </trkpt>
   <trkpt lat="-29.7578120" lon="24.4307030">
    <ele>1115.1</ele>
   </trkpt>
   <trkpt lat="-29.7579250" lon="24.4308130">
    <ele>1115.0</ele>
   </trkpt>
   <trkpt lat="-29.7580450" lon="24.4309200">
    <ele>1114.8</ele>
   </trkpt>
   <trkpt lat="-29.7581730" lon="24.4310200">
    <ele>1114.6</ele>
   </trkpt>
   <trkpt lat="-29.7583030" lon="24.4311180">
    <ele>1114.3</ele>
   </trkpt>
   <trkpt lat="-29.7584380" lon="24.4312120">
    <ele>1114.0</ele>
   </trkpt>
   <trkpt lat="-29.7585820" lon="24.4313000">
    <ele>1113.7</ele>
   </trkpt>
   <trkpt lat="-29.7587320" lon="24.4313820">
    <ele>1113.4</ele>
   </trkpt>
   <trkpt lat="-29.7588900" lon="24.4314630">
    <ele>1113.1</ele>
   </trkpt>
   <trkpt lat="-29.7590480" lon="24.4315400">
    <ele>1112.7</ele>
   </trkpt>
   <trkpt lat="-29.7592080" lon="24.4316070">
    <ele>1112.4</ele>
   </trkpt>
   <trkpt lat="-29.7593680" lon="24.4316630">
    <ele>1112.1</ele>
   </trkpt>
   <trkpt lat="-29.7595250" lon="24.4317100">
    <ele>1111.8</ele>
   </trkpt>
   <trkpt lat="-29.7596830" lon="24.4317500">
    <ele>1111.5</ele>
   </trkpt>
   <trkpt lat="-29.7598400" lon="24.4317780">
    <ele>1111.2</ele>
   </trkpt>
   <trkpt lat="-29.7599980" lon="24.4318030">
    <ele>1111.0</ele>
   </trkpt>
   <trkpt lat="-29.7601600" lon="24.4318250">
    <ele>1111.0</ele>
   </trkpt>
   <trkpt lat="-29.7603180" lon="24.4318470">
    <ele>1111.0</ele>
   </trkpt>
   <trkpt lat="-29.7604770" lon="24.4318600">
    <ele>1111.0</ele>
   </trkpt>
   <trkpt lat="-29.7606320" lon="24.4318630">
    <ele>1111.0</ele>
   </trkpt>
   <trkpt lat="-29.7607870" lon="24.4318570">
    <ele>1110.7</ele>
   </trkpt>
   <trkpt lat="-29.7609380" lon="24.4318480">
    <ele>1110.4</ele>
   </trkpt>
   <trkpt lat="-29.7610950" lon="24.4318230">
    <ele>1110.1</ele>
   </trkpt>
   <trkpt lat="-29.7612470" lon="24.4317920">
    <ele>1109.7</ele>
   </trkpt>
   <trkpt lat="-29.7613970" lon="24.4317530">
    <ele>1109.4</ele>
   </trkpt>
   <trkpt lat="-29.7615500" lon="24.4317130">
    <ele>1109.1</ele>
   </trkpt>
   <trkpt lat="-29.7617080" lon="24.4316700">
    <ele>1108.7</ele>
   </trkpt>
   <trkpt lat="-29.7618650" lon="24.4316230">
    <ele>1108.4</ele>
   </trkpt>
   <trkpt lat="-29.7620280" lon="24.4315770">
    <ele>1108.0</ele>
   </trkpt>
   <trkpt lat="-29.7621950" lon="24.4315270">
    <ele>1107.6</ele>
   </trkpt>
   <trkpt lat="-29.7623620" lon="24.4314780">
    <ele>1107.3</ele>
   </trkpt>
   <trkpt lat="-29.7625300" lon="24.4314280">
    <ele>1106.9</ele>
   </trkpt>
   <trkpt lat="-29.7627000" lon="24.4313780">
    <ele>1106.5</ele>
   </trkpt>
   <trkpt lat="-29.7628720" lon="24.4313270">
    <ele>1106.1</ele>
   </trkpt>
   <trkpt lat="-29.7630430" lon="24.4312770">
    <ele>1105.8</ele>
   </trkpt>
   <trkpt lat="-29.7632120" lon="24.4312300">
    <ele>1105.4</ele>
   </trkpt>
   <trkpt lat="-29.7633770" lon="24.4311830">
    <ele>1105.0</ele>
   </trkpt>
   <trkpt lat="-29.7635380" lon="24.4311380">
    <ele>1104.7</ele>
   </trkpt>
   <trkpt lat="-29.7636930" lon="24.4310930">
    <ele>1104.3</ele>
   </trkpt>
   <trkpt lat="-29.7638430" lon="24.4310480">
    <ele>1104.0</ele>
   </trkpt>
   <trkpt lat="-29.7639870" lon="24.4310050">
    <ele>1104.0</ele>
   </trkpt>
   <trkpt lat="-29.7641300" lon="24.4309650">
    <ele>1103.9</ele>
   </trkpt>
   <trkpt lat="-29.7642720" lon="24.4309230">
    <ele>1103.8</ele>
   </trkpt>
   <trkpt lat="-29.7644170" lon="24.4308820">
    <ele>1103.6</ele>
   </trkpt>
   <trkpt lat="-29.7645600" lon="24.4308370">
    <ele>1103.5</ele>
   </trkpt>
   <trkpt lat="-29.7647100" lon="24.4307950">
    <ele>1103.4</ele>
   </trkpt>
   <trkpt lat="-29.7648620" lon="24.4307520">
    <ele>1103.3</ele>
   </trkpt>
   <trkpt lat="-29.7650120" lon="24.4307070">
    <ele>1103.1</ele>
   </trkpt>
   <trkpt lat="-29.7651670" lon="24.4306630">
    <ele>1103.0</ele>
   </trkpt>
   <trkpt lat="-29.7653220" lon="24.4306200">
    <ele>1102.9</ele>
   </trkpt>
   <trkpt lat="-29.7654730" lon="24.4305750">
    <ele>1102.7</ele>
   </trkpt>
   <trkpt lat="-29.7656250" lon="24.4305350">
    <ele>1102.6</ele>
   </trkpt>
   <trkpt lat="-29.7657730" lon="24.4304930">
    <ele>1102.5</ele>
   </trkpt>
   <trkpt lat="-29.7659220" lon="24.4304520">
    <ele>1102.3</ele>
   </trkpt>
   <trkpt lat="-29.7660720" lon="24.4304100">
    <ele>1102.2</ele>
   </trkpt>
   <trkpt lat="-29.7662250" lon="24.4303720">
    <ele>1102.1</ele>
   </trkpt>
   <trkpt lat="-29.7663770" lon="24.4303300">
    <ele>1102.0</ele>
   </trkpt>
   <trkpt lat="-29.7665320" lon="24.4302870">
    <ele>1101.8</ele>
   </trkpt>
   <trkpt lat="-29.7666850" lon="24.4302430">
    <ele>1101.7</ele>
   </trkpt>
   <trkpt lat="-29.7668400" lon="24.4301970">
    <ele>1101.6</ele>
   </trkpt>
   <trkpt lat="-29.7669970" lon="24.4301520">
    <ele>1101.4</ele>
   </trkpt>
   <trkpt lat="-29.7671570" lon="24.4301070">
    <ele>1101.3</ele>
   </trkpt>
   <trkpt lat="-29.7673170" lon="24.4300630">
    <ele>1101.1</ele>
   </trkpt>
   <trkpt lat="-29.7674800" lon="24.4300200">
    <ele>1101.0</ele>
   </trkpt>
   <trkpt lat="-29.7676430" lon="24.4299770">
    <ele>1100.9</ele>
   </trkpt>
   <trkpt lat="-29.7678030" lon="24.4299320">
    <ele>1100.7</ele>
   </trkpt>
   <trkpt lat="-29.7679630" lon="24.4298870">
    <ele>1100.6</ele>
   </trkpt>
   <trkpt lat="-29.7681280" lon="24.4298370">
    <ele>1100.5</ele>
   </trkpt>
   <trkpt lat="-29.7682920" lon="24.4297870">
    <ele>1100.3</ele>
   </trkpt>
   <trkpt lat="-29.7684570" lon="24.4297370">
    <ele>1100.2</ele>
   </trkpt>
   <trkpt lat="-29.7686220" lon="24.4296880">
    <ele>1100.2</ele>
   </trkpt>
   <trkpt lat="-29.7687880" lon="24.4296430">
    <ele>1100.6</ele>
   </trkpt>
   <trkpt lat="-29.7689550" lon="24.4295950">
    <ele>1101.0</ele>
   </trkpt>
   <trkpt lat="-29.7691230" lon="24.4295480">
    <ele>1101.4</ele>
   </trkpt>
   <trkpt lat="-29.7692900" lon="24.4295020">
    <ele>1101.8</ele>
   </trkpt>
   <trkpt lat="-29.7694580" lon="24.4294570">
    <ele>1102.2</ele>
   </trkpt>
   <trkpt lat="-29.7696270" lon="24.4294120">
    <ele>1102.6</ele>
   </trkpt>
   <trkpt lat="-29.7697970" lon="24.4293670">
    <ele>1103.0</ele>
   </trkpt>
   <trkpt lat="-29.7699630" lon="24.4293220">
    <ele>1103.4</ele>
   </trkpt>
   <trkpt lat="-29.7701330" lon="24.4292750">
    <ele>1103.9</ele>
   </trkpt>
   <trkpt lat="-29.7703020" lon="24.4292280">
    <ele>1104.3</ele>
   </trkpt>
   <trkpt lat="-29.7704720" lon="24.4291820">
    <ele>1104.7</ele>
   </trkpt>
   <trkpt lat="-29.7706400" lon="24.4291320">
    <ele>1105.1</ele>
   </trkpt>
   <trkpt lat="-29.7708100" lon="24.4290850">
    <ele>1105.5</ele>
   </trkpt>
   <trkpt lat="-29.7709780" lon="24.4290380">
    <ele>1105.9</ele>
   </trkpt>
   <trkpt lat="-29.7711450" lon="24.4289930">
    <ele>1106.3</ele>
   </trkpt>
   <trkpt lat="-29.7713100" lon="24.4289480">
    <ele>1106.7</ele>
   </trkpt>
   <trkpt lat="-29.7714720" lon="24.4289020">
    <ele>1107.1</ele>
   </trkpt>
   <trkpt lat="-29.7716330" lon="24.4288570">
    <ele>1107.5</ele>
   </trkpt>
   <trkpt lat="-29.7717970" lon="24.4288150">
    <ele>1107.9</ele>
   </trkpt>
   <trkpt lat="-29.7719580" lon="24.4287730">
    <ele>1108.3</ele>
   </trkpt>
   <trkpt lat="-29.7721220" lon="24.4287280">
    <ele>1108.7</ele>
   </trkpt>
   <trkpt lat="-29.7722800" lon="24.4286820">
    <ele>1109.1</ele>
   </trkpt>
   <trkpt lat="-29.7724400" lon="24.4286370">
    <ele>1109.5</ele>
   </trkpt>
   <trkpt lat="-29.7725980" lon="24.4285900">
    <ele>1109.9</ele>
   </trkpt>
   <trkpt lat="-29.7727580" lon="24.4285430">
    <ele>1110.3</ele>
   </trkpt>
   <trkpt lat="-29.7729180" lon="24.4284970">
    <ele>1110.7</ele>
   </trkpt>
   <trkpt lat="-29.7730800" lon="24.4284530">
    <ele>1111.0</ele>
   </trkpt>
   <trkpt lat="-29.7732420" lon="24.4284080">
    <ele>1110.9</ele>
   </trkpt>
   <trkpt lat="-29.7734030" lon="24.4283580">
    <ele>1110.8</ele>
   </trkpt>
   <trkpt lat="-29.7735630" lon="24.4283120">
    <ele>1110.7</ele>
   </trkpt>
   <trkpt lat="-29.7737250" lon="24.4282650">
    <ele>1110.6</ele>
   </trkpt>
   <trkpt lat="-29.7738900" lon="24.4282200">
    <ele>1110.5</ele>
   </trkpt>
   <trkpt lat="-29.7740580" lon="24.4281750">
    <ele>1110.4</ele>
   </trkpt>
   <trkpt lat="-29.7742270" lon="24.4281280">
    <ele>1110.3</ele>
   </trkpt>
   <trkpt lat="-29.7743970" lon="24.4280830">
    <ele>1110.2</ele>
   </trkpt>
   <trkpt lat="-29.7745700" lon="24.4280380">
    <ele>1110.1</ele>
   </trkpt>
   <trkpt lat="-29.7747430" lon="24.4279930">
    <ele>1110.0</ele>
   </trkpt>
   <trkpt lat="-29.7749170" lon="24.4279450">
    <ele>1109.9</ele>
   </trkpt>
   <trkpt lat="-29.7750950" lon="24.4278970">
    <ele>1109.8</ele>
   </trkpt>
   <trkpt lat="-29.7752700" lon="24.4278470">
    <ele>1109.8</ele>
   </trkpt>
   <trkpt lat="-29.7754520" lon="24.4277980">
    <ele>1109.7</ele>
   </trkpt>
   <trkpt lat="-29.7756280" lon="24.4277500">
    <ele>1109.6</ele>
   </trkpt>
   <trkpt lat="-29.7758020" lon="24.4277020">
    <ele>1109.5</ele>
   </trkpt>
   <trkpt lat="-29.7759730" lon="24.4276530">
    <ele>1109.4</ele>
   </trkpt>
   <trkpt lat="-29.7761450" lon="24.4276100">
    <ele>1109.3</ele>
   </trkpt>
   <trkpt lat="-29.7763130" lon="24.4275670">
    <ele>1109.2</ele>
   </trkpt>
   <trkpt lat="-29.7764780" lon="24.4275220">
    <ele>1109.1</ele>
   </trkpt>
   <trkpt lat="-29.7766450" lon="24.4274730">
    <ele>1109.0</ele>
   </trkpt>
   <trkpt lat="-29.7768120" lon="24.4274230">
    <ele>1108.9</ele>
   </trkpt>
   <trkpt lat="-29.7769800" lon="24.4273720">
    <ele>1108.8</ele>
   </trkpt>
   <trkpt lat="-29.7771450" lon="24.4273150">
    <ele>1108.7</ele>
   </trkpt>
   <trkpt lat="-29.7773070" lon="24.4272520">
    <ele>1108.6</ele>
   </trkpt>
   <trkpt lat="-29.7774670" lon="24.4271850">
    <ele>1108.5</ele>
   </trkpt>
   <trkpt lat="-29.7776250" lon="24.4271170">
    <ele>1108.4</ele>
   </trkpt>
   <trkpt lat="-29.7777830" lon="24.4270450">
    <ele>1108.4</ele>
   </trkpt>
   <trkpt lat="-29.7779370" lon="24.4269680">
    <ele>1108.3</ele>
   </trkpt>
   <trkpt lat="-29.7780900" lon="24.4268920">
    <ele>1108.2</ele>
   </trkpt>
   <trkpt lat="-29.7782420" lon="24.4268100">
    <ele>1108.1</ele>
   </trkpt>
   <trkpt lat="-29.7783900" lon="24.4267200">
    <ele>1108.0</ele>
   </trkpt>
   <trkpt lat="-29.7785350" lon="24.4266270">
    <ele>1107.9</ele>
   </trkpt>
   <trkpt lat="-29.7786800" lon="24.4265270">
    <ele>1107.8</ele>
   </trkpt>
   <trkpt lat="-29.7788250" lon="24.4264220">
    <ele>1107.7</ele>
   </trkpt>
   <trkpt lat="-29.7789670" lon="24.4263150">
    <ele>1107.6</ele>
   </trkpt>
   <trkpt lat="-29.7791050" lon="24.4262000">
    <ele>1107.5</ele>
   </trkpt>
   <trkpt lat="-29.7792420" lon="24.4260880">
    <ele>1107.4</ele>
   </trkpt>
   <trkpt lat="-29.7793750" lon="24.4259730">
    <ele>1107.4</ele>
   </trkpt>
   <trkpt lat="-29.7795050" lon="24.4258520">
    <ele>1107.3</ele>
   </trkpt>
   <trkpt lat="-29.7796330" lon="24.4257220">
    <ele>1107.2</ele>
   </trkpt>
   <trkpt lat="-29.7797550" lon="24.4255830">
    <ele>1106.9</ele>
   </trkpt>
   <trkpt lat="-29.7798750" lon="24.4254430">
    <ele>1106.4</ele>
   </trkpt>
   <trkpt lat="-29.7799930" lon="24.4253000">
    <ele>1106.0</ele>
   </trkpt>
   <trkpt lat="-29.7801080" lon="24.4251530">
    <ele>1105.5</ele>
   </trkpt>
   <trkpt lat="-29.7802150" lon="24.4250070">
    <ele>1105.1</ele>
   </trkpt>
   <trkpt lat="-29.7803180" lon="24.4248580">
    <ele>1104.6</ele>
   </trkpt>
   <trkpt lat="-29.7804220" lon="24.4247080">
    <ele>1104.2</ele>
   </trkpt>
   <trkpt lat="-29.7805230" lon="24.4245580">
    <ele>1103.7</ele>
   </trkpt>
   <trkpt lat="-29.7806220" lon="24.4244070">
    <ele>1103.3</ele>
   </trkpt>
   <trkpt lat="-29.7807180" lon="24.4242580">
    <ele>1102.8</ele>
   </trkpt>
   <trkpt lat="-29.7808180" lon="24.4241080">
    <ele>1102.4</ele>
   </trkpt>
   <trkpt lat="-29.7809170" lon="24.4239600">
    <ele>1101.9</ele>
   </trkpt>
   <trkpt lat="-29.7810170" lon="24.4238120">
    <ele>1101.5</ele>
   </trkpt>
   <trkpt lat="-29.7811150" lon="24.4236630">
    <ele>1101.0</ele>
   </trkpt>
   <trkpt lat="-29.7812120" lon="24.4235170">
    <ele>1100.6</ele>
   </trkpt>
   <trkpt lat="-29.7813070" lon="24.4233720">
    <ele>1100.2</ele>
   </trkpt>
   <trkpt lat="-29.7814000" lon="24.4232270">
    <ele>1099.7</ele>
   </trkpt>
   <trkpt lat="-29.7814930" lon="24.4230850">
    <ele>1099.3</ele>
   </trkpt>
   <trkpt lat="-29.7815880" lon="24.4229420">
    <ele>1098.9</ele>
   </trkpt>
   <trkpt lat="-29.7816830" lon="24.4227970">
    <ele>1098.5</ele>
   </trkpt>
   <trkpt lat="-29.7817770" lon="24.4226500">
    <ele>1098.1</ele>
   </trkpt>
   <trkpt lat="-29.7818720" lon="24.4225050">
    <ele>1098.0</ele>
   </trkpt>
   <trkpt lat="-29.7819700" lon="24.4223600">
    <ele>1097.8</ele>
   </trkpt>
   <trkpt lat="-29.7820670" lon="24.4222130">
    <ele>1097.7</ele>
   </trkpt>
   <trkpt lat="-29.7821630" lon="24.4220680">
    <ele>1097.6</ele>
   </trkpt>
   <trkpt lat="-29.7822650" lon="24.4219220">
    <ele>1097.5</ele>
   </trkpt>
   <trkpt lat="-29.7823650" lon="24.4217730">
    <ele>1097.4</ele>
   </trkpt>
   <trkpt lat="-29.7824670" lon="24.4216230">
    <ele>1097.3</ele>
   </trkpt>
   <trkpt lat="-29.7825670" lon="24.4214720">
    <ele>1097.1</ele>
   </trkpt>
   <trkpt lat="-29.7826670" lon="24.4213230">
    <ele>1097.0</ele>
   </trkpt>
   <trkpt lat="-29.7827670" lon="24.4211770">
    <ele>1096.9</ele>
   </trkpt>
   <trkpt lat="-29.7828650" lon="24.4210300">
    <ele>1096.8</ele>
   </trkpt>
   <trkpt lat="-29.7829630" lon="24.4208830">
    <ele>1096.7</ele>
   </trkpt>
   <trkpt lat="-29.7830620" lon="24.4207370">
    <ele>1096.6</ele>
   </trkpt>
   <trkpt lat="-29.7831630" lon="24.4205880">
    <ele>1096.4</ele>
   </trkpt>
   <trkpt lat="-29.7832620" lon="24.4204380">
    <ele>1096.3</ele>
   </trkpt>
   <trkpt lat="-29.7833620" lon="24.4202870">
    <ele>1096.2</ele>
   </trkpt>
   <trkpt lat="-29.7834630" lon="24.4201350">
    <ele>1096.1</ele>
   </trkpt>
   <trkpt lat="-29.7835670" lon="24.4199830">
    <ele>1096.0</ele>
   </trkpt>
   <trkpt lat="-29.7836670" lon="24.4198320">
    <ele>1095.9</ele>
   </trkpt>
   <trkpt lat="-29.7837680" lon="24.4196770">
    <ele>1095.7</ele>
   </trkpt>
   <trkpt lat="-29.7838720" lon="24.4195220">
    <ele>1095.6</ele>
   </trkpt>
   <trkpt lat="-29.7839770" lon="24.4193620">
    <ele>1095.5</ele>
   </trkpt>
   <trkpt lat="-29.7840820" lon="24.4192000">
    <ele>1095.4</ele>
   </trkpt>
   <trkpt lat="-29.7841880" lon="24.4190350">
    <ele>1095.2</ele>
   </trkpt>
   <trkpt lat="-29.7842970" lon="24.4188730">
    <ele>1095.1</ele>
   </trkpt>
   <trkpt lat="-29.7844030" lon="24.4187100">
    <ele>1095.0</ele>
   </trkpt>
   <trkpt lat="-29.7845120" lon="24.4185450">
    <ele>1094.9</ele>
   </trkpt>
   <trkpt lat="-29.7846200" lon="24.4183850">
    <ele>1094.8</ele>
   </trkpt>
   <trkpt lat="-29.7847280" lon="24.4182250">
    <ele>1094.8</ele>
   </trkpt>
   <trkpt lat="-29.7848280" lon="24.4180670">
    <ele>1094.7</ele>
   </trkpt>
   <trkpt lat="-29.7849230" lon="24.4179130">
    <ele>1094.6</ele>
   </trkpt>
   <trkpt lat="-29.7850200" lon="24.4177630">
    <ele>1094.5</ele>
   </trkpt>
   <trkpt lat="-29.7851130" lon="24.4176150">
    <ele>1094.5</ele>
   </trkpt>
   <trkpt lat="-29.7852070" lon="24.4174730">
    <ele>1094.4</ele>
   </trkpt>
   <trkpt lat="-29.7853000" lon="24.4173380">
    <ele>1094.3</ele>
   </trkpt>
   <trkpt lat="-29.7853930" lon="24.4172080">
    <ele>1094.3</ele>
   </trkpt>
   <trkpt lat="-29.7854830" lon="24.4170780">
    <ele>1094.2</ele>
   </trkpt>
   <trkpt lat="-29.7855730" lon="24.4169500">
    <ele>1094.1</ele>
   </trkpt>
   <trkpt lat="-29.7856630" lon="24.4168220">
    <ele>1094.1</ele>
   </trkpt>
   <trkpt lat="-29.7857470" lon="24.4166920">
    <ele>1094.0</ele>
   </trkpt>
   <trkpt lat="-29.7858320" lon="24.4165630">
    <ele>1093.9</ele>
   </trkpt>
   <trkpt lat="-29.7859170" lon="24.4164350">
    <ele>1093.9</ele>
   </trkpt>
   <trkpt lat="-29.7860030" lon="24.4163050">
    <ele>1093.8</ele>
   </trkpt>
   <trkpt lat="-29.7860900" lon="24.4161720">
    <ele>1093.8</ele>
   </trkpt>
   <trkpt lat="-29.7861750" lon="24.4160420">
    <ele>1093.7</ele>
   </trkpt>
   <trkpt lat="-29.7862570" lon="24.4159170">
    <ele>1093.6</ele>
   </trkpt>
   <trkpt lat="-29.7863330" lon="24.4157930">
    <ele>1093.6</ele>
   </trkpt>
   <trkpt lat="-29.7864080" lon="24.4156770">
    <ele>1093.5</ele>
   </trkpt>
   <trkpt lat="-29.7864820" lon="24.4155670">
    <ele>1093.5</ele>
   </trkpt>
   <trkpt lat="-29.7865530" lon="24.4154570">
    <ele>1093.4</ele>
   </trkpt>
   <trkpt lat="-29.7866230" lon="24.4153480">
    <ele>1093.4</ele>
   </trkpt>
   <trkpt lat="-29.7866950" lon="24.4152380">
    <ele>1093.3</ele>
   </trkpt>
   <trkpt lat="-29.7867680" lon="24.4151230">
    <ele>1093.2</ele>
   </trkpt>
   <trkpt lat="-29.7868420" lon="24.4150070">
    <ele>1093.2</ele>
   </trkpt>
   <trkpt lat="-29.7869220" lon="24.4148830">
    <ele>1093.1</ele>
   </trkpt>
   <trkpt lat="-29.7870000" lon="24.4147630">
    <ele>1093.1</ele>
   </trkpt>
   <trkpt lat="-29.7870820" lon="24.4146400">
    <ele>1093.0</ele>
   </trkpt>
   <trkpt lat="-29.7871620" lon="24.4145170">
    <ele>1093.0</ele>
   </trkpt>
   <trkpt lat="-29.7872420" lon="24.4143920">
    <ele>1092.9</ele>
   </trkpt>
   <trkpt lat="-29.7873130" lon="24.4142670">
    <ele>1092.8</ele>
   </trkpt>
   <trkpt lat="-29.7873970" lon="24.4141420">
    <ele>1092.8</ele>
   </trkpt>
   <trkpt lat="-29.7874800" lon="24.4140220">
    <ele>1092.7</ele>
   </trkpt>
   <trkpt lat="-29.7875580" lon="24.4139050">
    <ele>1092.7</ele>
   </trkpt>
   <trkpt lat="-29.7876370" lon="24.4137900">
    <ele>1092.6</ele>
   </trkpt>
   <trkpt lat="-29.7877150" lon="24.4136770">
    <ele>1092.6</ele>
   </trkpt>
   <trkpt lat="-29.7877920" lon="24.4135630">
    <ele>1092.5</ele>
   </trkpt>
   <trkpt lat="-29.7878700" lon="24.4134480">
    <ele>1092.4</ele>
   </trkpt>
   <trkpt lat="-29.7879470" lon="24.4133350">
    <ele>1092.4</ele>
   </trkpt>
   <trkpt lat="-29.7880180" lon="24.4132220">
    <ele>1092.3</ele>
   </trkpt>
   <trkpt lat="-29.7880930" lon="24.4131100">
    <ele>1092.3</ele>
   </trkpt>
   <trkpt lat="-29.7881650" lon="24.4129980">
    <ele>1092.2</ele>
   </trkpt>
   <trkpt lat="-29.7882380" lon="24.4128870">
    <ele>1092.2</ele>
   </trkpt>
   <trkpt lat="-29.7883130" lon="24.4127730">
    <ele>1092.1</ele>
   </trkpt>
   <trkpt lat="-29.7883870" lon="24.4126620">
    <ele>1092.1</ele>
   </trkpt>
   <trkpt lat="-29.7884570" lon="24.4125470">
    <ele>1092.0</ele>
   </trkpt>
   <trkpt lat="-29.7885230" lon="24.4124380">
    <ele>1092.0</ele>
   </trkpt>
   <trkpt lat="-29.7885850" lon="24.4123380">
    <ele>1091.9</ele>
   </trkpt>
   <trkpt lat="-29.7886450" lon="24.4122430">
    <ele>1091.7</ele>
   </trkpt>
   <trkpt lat="-29.7887070" lon="24.4121520">
    <ele>1091.6</ele>
   </trkpt>
   <trkpt lat="-29.7887700" lon="24.4120580">
    <ele>1091.4</ele>
   </trkpt>
   <trkpt lat="-29.7888330" lon="24.4119620">
    <ele>1091.2</ele>
   </trkpt>
   <trkpt lat="-29.7888930" lon="24.4118650">
    <ele>1091.1</ele>
   </trkpt>
   <trkpt lat="-29.7889570" lon="24.4117680">
    <ele>1091.1</ele>
   </trkpt>
   <trkpt lat="-29.7890200" lon="24.4116750">
    <ele>1091.1</ele>
   </trkpt>
   <trkpt lat="-29.7890830" lon="24.4115850">
    <ele>1091.0</ele>
   </trkpt>
   <trkpt lat="-29.7891450" lon="24.4114970">
    <ele>1091.0</ele>
   </trkpt>
   <trkpt lat="-29.7892100" lon="24.4114030">
    <ele>1091.1</ele>
   </trkpt>
   <trkpt lat="-29.7892770" lon="24.4113050">
    <ele>1091.1</ele>
   </trkpt>
   <trkpt lat="-29.7893400" lon="24.4112030">
    <ele>1091.1</ele>
   </trkpt>
   <trkpt lat="-29.7894070" lon="24.4110880">
    <ele>1091.1</ele>
   </trkpt>
   <trkpt lat="-29.7894800" lon="24.4109780">
    <ele>1091.1</ele>
   </trkpt>
   <trkpt lat="-29.7895570" lon="24.4108650">
    <ele>1091.1</ele>
   </trkpt>
   <trkpt lat="-29.7896370" lon="24.4107470">
    <ele>1091.1</ele>
   </trkpt>
   <trkpt lat="-29.7897130" lon="24.4106250">
    <ele>1091.1</ele>
   </trkpt>
   <trkpt lat="-29.7897950" lon="24.4105000">
    <ele>1091.1</ele>
   </trkpt>
   <trkpt lat="-29.7898800" lon="24.4103780">
    <ele>1091.1</ele>
   </trkpt>
   <trkpt lat="-29.7899600" lon="24.4102600">
    <ele>1091.1</ele>
   </trkpt>
   <trkpt lat="-29.7900370" lon="24.4101470">
    <ele>1091.1</ele>
   </trkpt>
   <trkpt lat="-29.7901080" lon="24.4100330">
    <ele>1091.1</ele>
   </trkpt>
   <trkpt lat="-29.7901830" lon="24.4099230">
    <ele>1091.1</ele>
   </trkpt>
   <trkpt lat="-29.7902550" lon="24.4098120">
    <ele>1091.1</ele>
   </trkpt>
   <trkpt lat="-29.7903220" lon="24.4097030">
    <ele>1091.1</ele>
   </trkpt>
   <trkpt lat="-29.7903920" lon="24.4095950">
    <ele>1091.1</ele>
   </trkpt>
   <trkpt lat="-29.7904530" lon="24.4094950">
    <ele>1091.1</ele>
   </trkpt>
   <trkpt lat="-29.7905200" lon="24.4094000">
    <ele>1091.1</ele>
   </trkpt>
   <trkpt lat="-29.7905880" lon="24.4093050">
    <ele>1091.1</ele>
   </trkpt>
   <trkpt lat="-29.7906550" lon="24.4092170">
    <ele>1091.2</ele>
   </trkpt>
   <trkpt lat="-29.7907170" lon="24.4091300">
    <ele>1091.4</ele>
   </trkpt>
   <trkpt lat="-29.7907780" lon="24.4090420">
    <ele>1091.5</ele>
   </trkpt>
   <trkpt lat="-29.7908400" lon="24.4089530">
    <ele>1091.6</ele>
   </trkpt>
   <trkpt lat="-29.7908950" lon="24.4088630">
    <ele>1091.7</ele>
   </trkpt>
   <trkpt lat="-29.7909550" lon="24.4087730">
    <ele>1091.8</ele>
   </trkpt>
   <trkpt lat="-29.7910130" lon="24.4086830">
    <ele>1092.0</ele>
   </trkpt>
   <trkpt lat="-29.7910730" lon="24.4085980">
    <ele>1092.1</ele>
   </trkpt>
   <trkpt lat="-29.7911270" lon="24.4085150">
    <ele>1092.4</ele>
   </trkpt>
   <trkpt lat="-29.7911830" lon="24.4084250">
    <ele>1092.7</ele>
   </trkpt>
   <trkpt lat="-29.7912420" lon="24.4083320">
    <ele>1093.0</ele>
   </trkpt>
   <trkpt lat="-29.7912980" lon="24.4082380">
    <ele>1093.3</ele>
   </trkpt>
   <trkpt lat="-29.7913600" lon="24.4081480">
    <ele>1093.6</ele>
   </trkpt>
   <trkpt lat="-29.7914180" lon="24.4080600">
    <ele>1093.9</ele>
   </trkpt>
   <trkpt lat="-29.7914770" lon="24.4079750">
    <ele>1094.2</ele>
   </trkpt>
   <trkpt lat="-29.7915270" lon="24.4079000">
    <ele>1094.4</ele>
   </trkpt>
   <trkpt lat="-29.7915720" lon="24.4078330">
    <ele>1094.7</ele>
   </trkpt>
   <trkpt lat="-29.7916070" lon="24.4077870">
    <ele>1094.8</ele>
   </trkpt>
   <trkpt lat="-29.7916270" lon="24.4077550">
    <ele>1094.9</ele>
   </trkpt>
   <trkpt lat="-29.7916420" lon="24.4077380">
    <ele>1095.0</ele>
   </trkpt>
   <trkpt lat="-29.7916430" lon="24.4077400">
    <ele>1095.0</ele>
   </trkpt>
   <trkpt lat="-29.7916380" lon="24.4077430">
    <ele>1095.0</ele>
   </trkpt>
   <trkpt lat="-29.7916380" lon="24.4077450">
    <ele>1095.0</ele>
   </trkpt>
   <trkpt lat="-29.7916380" lon="24.4077450">
    <ele>1095.0</ele>
   </trkpt>
   <trkpt lat="-29.7916380" lon="24.4077450">
    <ele>1095.0</ele>
   </trkpt>
   <trkpt lat="-29.7916380" lon="24.4077450">
    <ele>1095.0</ele>
   </trkpt>
   <trkpt lat="-29.7916380" lon="24.4077450">
    <ele>1095.0</ele>
   </trkpt>
   <trkpt lat="-29.7916380" lon="24.4077450">
    <ele>1095.0</ele>
   </trkpt>
   <trkpt lat="-29.7916380" lon="24.4077450">
    <ele>1095.0</ele>
   </trkpt>
   <trkpt lat="-29.7916380" lon="24.4077450">
    <ele>1095.0</ele>
   </trkpt>
   <trkpt lat="-29.7916680" lon="24.4078470">
    <ele>1095.0</ele>
   </trkpt>
   <trkpt lat="-29.7916800" lon="24.4078580">
    <ele>1095.0</ele>
   </trkpt>
   <trkpt lat="-29.7916950" lon="24.4078700">
    <ele>1095.0</ele>
   </trkpt>
   <trkpt lat="-29.7917200" lon="24.4078900">
    <ele>1095.0</ele>
   </trkpt>
   <trkpt lat="-29.7917280" lon="24.4078980">
    <ele>1095.0</ele>
   </trkpt>
   <trkpt lat="-29.7917520" lon="24.4079260">
    <ele>1095.0</ele>
   </trkpt>
   <trkpt lat="-29.7917600" lon="24.4079350">
    <ele>1095.0</ele>
   </trkpt>
   <trkpt lat="-29.7917850" lon="24.4079640">
    <ele>1095.0</ele>
   </trkpt>
   <trkpt lat="-29.7917930" lon="24.4079730">
    <ele>1095.0</ele>
   </trkpt>
   <trkpt lat="-29.7918200" lon="24.4079990">
    <ele>1095.0</ele>
   </trkpt>
   <trkpt lat="-29.7918270" lon="24.4080080">
    <ele>1095.0</ele>
   </trkpt>
   <trkpt lat="-29.7918540" lon="24.4080350">
    <ele>1095.0</ele>
   </trkpt>
   <trkpt lat="-29.7918620" lon="24.4080450">
    <ele>1095.0</ele>
   </trkpt>
   <trkpt lat="-29.7918820" lon="24.4080670">
    <ele>1095.0</ele>
   </trkpt>
   <trkpt lat="-29.7919040" lon="24.4081040">
    <ele>1095.0</ele>
   </trkpt>
   <trkpt lat="-29.7919100" lon="24.4081180">
    <ele>1095.0</ele>
   </trkpt>
   <trkpt lat="-29.7919150" lon="24.4081500">
    <ele>1095.0</ele>
   </trkpt>
   <trkpt lat="-29.7919120" lon="24.4081870">
    <ele>1095.0</ele>
   </trkpt>
   <trkpt lat="-29.7919120" lon="24.4082220">
    <ele>1095.0</ele>
   </trkpt>
   <trkpt lat="-29.7919080" lon="24.4082550">
    <ele>1095.0</ele>
   </trkpt>
   <trkpt lat="-29.7919070" lon="24.4082900">
    <ele>1095.0</ele>
   </trkpt>
   <trkpt lat="-29.7919030" lon="24.4083250">
    <ele>1095.0</ele>
   </trkpt>
   <trkpt lat="-29.7919020" lon="24.4083580">
    <ele>1095.0</ele>
   </trkpt>
   <trkpt lat="-29.7919020" lon="24.4083920">
    <ele>1095.0</ele>
   </trkpt>
   <trkpt lat="-29.7919070" lon="24.4084270">
    <ele>1095.0</ele>
   </trkpt>
   <trkpt lat="-29.7919080" lon="24.4084600">
    <ele>1095.0</ele>
   </trkpt>
   <trkpt lat="-29.7919090" lon="24.4085060">
    <ele>1095.0</ele>
   </trkpt>
   <trkpt lat="-29.7919080" lon="24.4085220">
    <ele>1095.0</ele>
   </trkpt>
   <trkpt lat="-29.7919050" lon="24.4085530">
    <ele>1095.0</ele>
   </trkpt>
   <trkpt lat="-29.7919030" lon="24.4085850">
    <ele>1095.0</ele>
   </trkpt>
   <trkpt lat="-29.7919030" lon="24.4086180">
    <ele>1095.0</ele>
   </trkpt>
   <trkpt lat="-29.7919070" lon="24.4086520">
    <ele>1094.9</ele>
   </trkpt>
   <trkpt lat="-29.7919100" lon="24.4086870">
    <ele>1094.9</ele>
   </trkpt>
   <trkpt lat="-29.7919130" lon="24.4087200">
    <ele>1094.9</ele>
   </trkpt>
   <trkpt lat="-29.7919170" lon="24.4087530">
    <ele>1094.9</ele>
   </trkpt>
   <trkpt lat="-29.7919200" lon="24.4087880">
    <ele>1094.9</ele>
   </trkpt>
   <trkpt lat="-29.7919230" lon="24.4088230">
    <ele>1094.9</ele>
   </trkpt>
   <trkpt lat="-29.7919280" lon="24.4088600">
    <ele>1094.9</ele>
   </trkpt>
   <trkpt lat="-29.7919330" lon="24.4088920">
    <ele>1094.9</ele>
   </trkpt>
   <trkpt lat="-29.7919380" lon="24.4089270">
    <ele>1094.9</ele>
   </trkpt>
   <trkpt lat="-29.7919420" lon="24.4089620">
    <ele>1094.9</ele>
   </trkpt>
   <trkpt lat="-29.7919450" lon="24.4089930">
    <ele>1094.9</ele>
   </trkpt>
   <trkpt lat="-29.7919470" lon="24.4090250">
    <ele>1094.9</ele>
   </trkpt>
   <trkpt lat="-29.7919470" lon="24.4090570">
    <ele>1094.8</ele>
   </trkpt>
   <trkpt lat="-29.7919500" lon="24.4090880">
    <ele>1094.8</ele>
   </trkpt>
   <trkpt lat="-29.7919550" lon="24.4091230">
    <ele>1094.8</ele>
   </trkpt>
   <trkpt lat="-29.7919620" lon="24.4091580">
    <ele>1094.8</ele>
   </trkpt>
   <trkpt lat="-29.7919680" lon="24.4091920">
    <ele>1094.7</ele>
   </trkpt>
   <trkpt lat="-29.7919720" lon="24.4092270">
    <ele>1094.7</ele>
   </trkpt>
   <trkpt lat="-29.7919770" lon="24.4092600">
    <ele>1094.7</ele>
   </trkpt>
   <trkpt lat="-29.7919820" lon="24.4092970">
    <ele>1094.7</ele>
   </trkpt>
   <trkpt lat="-29.7919870" lon="24.4093330">
    <ele>1094.6</ele>
   </trkpt>
   <trkpt lat="-29.7919930" lon="24.4093700">
    <ele>1094.6</ele>
   </trkpt>
   <trkpt lat="-29.7920030" lon="24.4094050">
    <ele>1094.6</ele>
   </trkpt>
   <trkpt lat="-29.7920120" lon="24.4094400">
    <ele>1094.6</ele>
   </trkpt>
   <trkpt lat="-29.7920180" lon="24.4094770">
    <ele>1094.5</ele>
   </trkpt>
   <trkpt lat="-29.7920230" lon="24.4095130">
    <ele>1094.5</ele>
   </trkpt>
   <trkpt lat="-29.7920280" lon="24.4095520">
    <ele>1094.5</ele>
   </trkpt>
   <trkpt lat="-29.7920350" lon="24.4095880">
    <ele>1094.5</ele>
   </trkpt>
   <trkpt lat="-29.7920450" lon="24.4096250">
    <ele>1094.4</ele>
   </trkpt>
   <trkpt lat="-29.7920570" lon="24.4096630">
    <ele>1094.4</ele>
   </trkpt>
   <trkpt lat="-29.7920650" lon="24.4097030">
    <ele>1094.4</ele>
   </trkpt>
   <trkpt lat="-29.7920730" lon="24.4097420">
    <ele>1094.3</ele>
   </trkpt>
   <trkpt lat="-29.7920830" lon="24.4097800">
    <ele>1094.3</ele>
   </trkpt>
   <trkpt lat="-29.7920930" lon="24.4098200">
    <ele>1094.3</ele>
   </trkpt>
   <trkpt lat="-29.7921020" lon="24.4098580">
    <ele>1094.3</ele>
   </trkpt>
   <trkpt lat="-29.7921150" lon="24.4098950">
    <ele>1094.2</ele>
   </trkpt>
   <trkpt lat="-29.7921270" lon="24.4099330">
    <ele>1094.2</ele>
   </trkpt>
   <trkpt lat="-29.7921380" lon="24.4099730">
    <ele>1094.2</ele>
   </trkpt>
   <trkpt lat="-29.7921470" lon="24.4100080">
    <ele>1094.2</ele>
   </trkpt>
   <trkpt lat="-29.7921550" lon="24.4100470">
    <ele>1094.1</ele>
   </trkpt>
   <trkpt lat="-29.7921670" lon="24.4100850">
    <ele>1094.1</ele>
   </trkpt>
   <trkpt lat="-29.7921800" lon="24.4101220">
    <ele>1094.1</ele>
   </trkpt>
   <trkpt lat="-29.7921950" lon="24.4101580">
    <ele>1094.0</ele>
   </trkpt>
   <trkpt lat="-29.7922130" lon="24.4101970">
    <ele>1094.0</ele>
   </trkpt>
   <trkpt lat="-29.7922320" lon="24.4102380">
    <ele>1094.0</ele>
   </trkpt>
   <trkpt lat="-29.7922480" lon="24.4102800">
    <ele>1094.0</ele>
   </trkpt>
   <trkpt lat="-29.7922670" lon="24.4103200">
    <ele>1094.0</ele>
   </trkpt>
   <trkpt lat="-29.7922870" lon="24.4103600">
    <ele>1094.0</ele>
   </trkpt>
   <trkpt lat="-29.7923070" lon="24.4104000">
    <ele>1094.0</ele>
   </trkpt>
   <trkpt lat="-29.7923300" lon="24.4104400">
    <ele>1094.1</ele>
   </trkpt>
   <trkpt lat="-29.7923520" lon="24.4104770">
    <ele>1094.1</ele>
   </trkpt>
   <trkpt lat="-29.7923730" lon="24.4105170">
    <ele>1094.1</ele>
   </trkpt>
   <trkpt lat="-29.7923950" lon="24.4105570">
    <ele>1094.1</ele>
   </trkpt>
   <trkpt lat="-29.7924170" lon="24.4105950">
    <ele>1094.1</ele>
   </trkpt>
   <trkpt lat="-29.7924370" lon="24.4106320">
    <ele>1094.2</ele>
   </trkpt>
   <trkpt lat="-29.7924570" lon="24.4106700">
    <ele>1094.2</ele>
   </trkpt>
   <trkpt lat="-29.7924780" lon="24.4107080">
    <ele>1094.2</ele>
   </trkpt>
   <trkpt lat="-29.7925000" lon="24.4107470">
    <ele>1094.2</ele>
   </trkpt>
   <trkpt lat="-29.7925230" lon="24.4107830">
    <ele>1094.2</ele>
   </trkpt>
   <trkpt lat="-29.7925480" lon="24.4108220">
    <ele>1094.2</ele>
   </trkpt>
   <trkpt lat="-29.7925720" lon="24.4108600">
    <ele>1094.3</ele>
   </trkpt>
   <trkpt lat="-29.7925930" lon="24.4109030">
    <ele>1094.3</ele>
   </trkpt>
   <trkpt lat="-29.7926170" lon="24.4109450">
    <ele>1094.3</ele>
   </trkpt>
   <trkpt lat="-29.7926470" lon="24.4109800">
    <ele>1094.3</ele>
   </trkpt>
   <trkpt lat="-29.7926750" lon="24.4110130">
    <ele>1094.3</ele>
   </trkpt>
   <trkpt lat="-29.7927030" lon="24.4110450">
    <ele>1094.4</ele>
   </trkpt>
   <trkpt lat="-29.7927280" lon="24.4110750">
    <ele>1094.4</ele>
   </trkpt>
   <trkpt lat="-29.7927570" lon="24.4111030">
    <ele>1094.4</ele>
   </trkpt>
   <trkpt lat="-29.7927870" lon="24.4111320">
    <ele>1094.4</ele>
   </trkpt>
   <trkpt lat="-29.7928180" lon="24.4111580">
    <ele>1094.4</ele>
   </trkpt>
   <trkpt lat="-29.7928500" lon="24.4111820">
    <ele>1094.4</ele>
   </trkpt>
   <trkpt lat="-29.7928820" lon="24.4112070">
    <ele>1094.5</ele>
   </trkpt>
   <trkpt lat="-29.7929130" lon="24.4112350">
    <ele>1094.5</ele>
   </trkpt>
   <trkpt lat="-29.7929450" lon="24.4112620">
    <ele>1094.5</ele>
   </trkpt>
   <trkpt lat="-29.7929770" lon="24.4112880">
    <ele>1094.5</ele>
   </trkpt>
   <trkpt lat="-29.7930080" lon="24.4113150">
    <ele>1094.5</ele>
   </trkpt>
   <trkpt lat="-29.7930400" lon="24.4113430">
    <ele>1094.6</ele>
   </trkpt>
   <trkpt lat="-29.7930730" lon="24.4113680">
    <ele>1094.6</ele>
   </trkpt>
   <trkpt lat="-29.7931070" lon="24.4113950">
    <ele>1094.6</ele>
   </trkpt>
   <trkpt lat="-29.7931380" lon="24.4114200">
    <ele>1094.6</ele>
   </trkpt>
   <trkpt lat="-29.7931720" lon="24.4114430">
    <ele>1094.6</ele>
   </trkpt>
   <trkpt lat="-29.7932050" lon="24.4114700">
    <ele>1094.7</ele>
   </trkpt>
   <trkpt lat="-29.7932370" lon="24.4114970">
    <ele>1094.7</ele>
   </trkpt>
   <trkpt lat="-29.7932670" lon="24.4115230">
    <ele>1094.7</ele>
   </trkpt>
   <trkpt lat="-29.7932970" lon="24.4115470">
    <ele>1094.7</ele>
   </trkpt>
   <trkpt lat="-29.7933270" lon="24.4115720">
    <ele>1094.7</ele>
   </trkpt>
   <trkpt lat="-29.7933570" lon="24.4115950">
    <ele>1094.7</ele>
   </trkpt>
   <trkpt lat="-29.7933880" lon="24.4116180">
    <ele>1094.8</ele>
   </trkpt>
   <trkpt lat="-29.7934200" lon="24.4116420">
    <ele>1094.8</ele>
   </trkpt>
   <trkpt lat="-29.7934520" lon="24.4116630">
    <ele>1094.8</ele>
   </trkpt>
   <trkpt lat="-29.7934830" lon="24.4116880">
    <ele>1094.8</ele>
   </trkpt>
   <trkpt lat="-29.7935170" lon="24.4117100">
    <ele>1094.8</ele>
   </trkpt>
   <trkpt lat="-29.7935500" lon="24.4117320">
    <ele>1094.8</ele>
   </trkpt>
   <trkpt lat="-29.7935830" lon="24.4117530">
    <ele>1094.7</ele>
   </trkpt>
   <trkpt lat="-29.7936170" lon="24.4117730">
    <ele>1094.6</ele>
   </trkpt>
   <trkpt lat="-29.7936480" lon="24.4117950">
    <ele>1094.5</ele>
   </trkpt>
   <trkpt lat="-29.7936850" lon="24.4118150">
    <ele>1094.4</ele>
   </trkpt>
   <trkpt lat="-29.7937180" lon="24.4118370">
    <ele>1094.3</ele>
   </trkpt>
   <trkpt lat="-29.7937520" lon="24.4118570">
    <ele>1094.2</ele>
   </trkpt>
   <trkpt lat="-29.7937880" lon="24.4118780">
    <ele>1094.1</ele>
   </trkpt>
   <trkpt lat="-29.7938230" lon="24.4118980">
    <ele>1094.0</ele>
   </trkpt>
   <trkpt lat="-29.7938550" lon="24.4119220">
    <ele>1093.9</ele>
   </trkpt>
   <trkpt lat="-29.7938900" lon="24.4119430">
    <ele>1093.8</ele>
   </trkpt>
   <trkpt lat="-29.7939250" lon="24.4119630">
    <ele>1093.7</ele>
   </trkpt>
   <trkpt lat="-29.7939580" lon="24.4119850">
    <ele>1093.6</ele>
   </trkpt>
   <trkpt lat="-29.7939920" lon="24.4120080">
    <ele>1093.5</ele>
   </trkpt>
   <trkpt lat="-29.7940250" lon="24.4120320">
    <ele>1093.4</ele>
   </trkpt>
   <trkpt lat="-29.7940620" lon="24.4120550">
    <ele>1093.3</ele>
   </trkpt>
   <trkpt lat="-29.7940980" lon="24.4120770">
    <ele>1093.2</ele>
   </trkpt>
   <trkpt lat="-29.7941320" lon="24.4121020">
    <ele>1093.1</ele>
   </trkpt>
   <trkpt lat="-29.7941650" lon="24.4121280">
    <ele>1093.1</ele>
   </trkpt>
   <trkpt lat="-29.7941950" lon="24.4121600">
    <ele>1093.1</ele>
   </trkpt>
   <trkpt lat="-29.7942220" lon="24.4121930">
    <ele>1093.2</ele>
   </trkpt>
   <trkpt lat="-29.7942430" lon="24.4122280">
    <ele>1093.2</ele>
   </trkpt>
   <trkpt lat="-29.7942650" lon="24.4122650">
    <ele>1093.2</ele>
   </trkpt>
   <trkpt lat="-29.7942880" lon="24.4123050">
    <ele>1093.3</ele>
   </trkpt>
   <trkpt lat="-29.7943120" lon="24.4123450">
    <ele>1093.3</ele>
   </trkpt>
   <trkpt lat="-29.7943330" lon="24.4123850">
    <ele>1093.4</ele>
   </trkpt>
   <trkpt lat="-29.7943570" lon="24.4124230">
    <ele>1093.4</ele>
   </trkpt>
   <trkpt lat="-29.7943820" lon="24.4124600">
    <ele>1093.5</ele>
   </trkpt>
   <trkpt lat="-29.7944070" lon="24.4125000">
    <ele>1093.5</ele>
   </trkpt>
   <trkpt lat="-29.7944330" lon="24.4125380">
    <ele>1093.6</ele>
   </trkpt>
   <trkpt lat="-29.7944580" lon="24.4125730">
    <ele>1093.6</ele>
   </trkpt>
   <trkpt lat="-29.7944850" lon="24.4126100">
    <ele>1093.6</ele>
   </trkpt>
   <trkpt lat="-29.7945100" lon="24.4126480">
    <ele>1093.7</ele>
   </trkpt>
   <trkpt lat="-29.7945320" lon="24.4126880">
    <ele>1093.5</ele>
   </trkpt>
   <trkpt lat="-29.7945550" lon="24.4127280">
    <ele>1093.4</ele>
   </trkpt>
   <trkpt lat="-29.7945780" lon="24.4127680">
    <ele>1093.2</ele>
   </trkpt>
   <trkpt lat="-29.7946020" lon="24.4128070">
    <ele>1093.0</ele>
   </trkpt>
   <trkpt lat="-29.7946220" lon="24.4128480">
    <ele>1092.9</ele>
   </trkpt>
   <trkpt lat="-29.7946430" lon="24.4128880">
    <ele>1092.7</ele>
   </trkpt>
   <trkpt lat="-29.7946650" lon="24.4129320">
    <ele>1092.5</ele>
   </trkpt>
   <trkpt lat="-29.7946880" lon="24.4129720">
    <ele>1092.4</ele>
   </trkpt>
   <trkpt lat="-29.7947100" lon="24.4130130">
    <ele>1092.2</ele>
   </trkpt>
   <trkpt lat="-29.7947330" lon="24.4130570">
    <ele>1092.0</ele>
   </trkpt>
   <trkpt lat="-29.7947570" lon="24.4130970">
    <ele>1091.9</ele>
   </trkpt>
   <trkpt lat="-29.7947800" lon="24.4131370">
    <ele>1091.7</ele>
   </trkpt>
   <trkpt lat="-29.7948030" lon="24.4131770">
    <ele>1091.6</ele>
   </trkpt>
   <trkpt lat="-29.7948280" lon="24.4132150">
    <ele>1091.4</ele>
   </trkpt>
   <trkpt lat="-29.7948550" lon="24.4132520">
    <ele>1091.2</ele>
   </trkpt>
   <trkpt lat="-29.7948820" lon="24.4132880">
    <ele>1091.1</ele>
   </trkpt>
   <trkpt lat="-29.7949070" lon="24.4133250">
    <ele>1091.2</ele>
   </trkpt>
   <trkpt lat="-29.7949300" lon="24.4133600">
    <ele>1091.4</ele>
   </trkpt>
   <trkpt lat="-29.7949530" lon="24.4133970">
    <ele>1091.5</ele>
   </trkpt>
   <trkpt lat="-29.7949800" lon="24.4134330">
    <ele>1091.6</ele>
   </trkpt>
   <trkpt lat="-29.7950120" lon="24.4134680">
    <ele>1091.8</ele>
   </trkpt>
   <trkpt lat="-29.7950400" lon="24.4135020">
    <ele>1091.9</ele>
   </trkpt>
   <trkpt lat="-29.7950670" lon="24.4135400">
    <ele>1092.0</ele>
   </trkpt>
   <trkpt lat="-29.7950920" lon="24.4135800">
    <ele>1092.2</ele>
   </trkpt>
   <trkpt lat="-29.7951120" lon="24.4136200">
    <ele>1092.3</ele>
   </trkpt>
   <trkpt lat="-29.7951330" lon="24.4136600">
    <ele>1092.4</ele>
   </trkpt>
   <trkpt lat="-29.7951530" lon="24.4136970">
    <ele>1092.5</ele>
   </trkpt>
   <trkpt lat="-29.7951700" lon="24.4137370">
    <ele>1092.7</ele>
   </trkpt>
   <trkpt lat="-29.7951880" lon="24.4137770">
    <ele>1092.8</ele>
   </trkpt>
   <trkpt lat="-29.7952070" lon="24.4138130">
    <ele>1092.9</ele>
   </trkpt>
   <trkpt lat="-29.7952230" lon="24.4138500">
    <ele>1093.0</ele>
   </trkpt>
   <trkpt lat="-29.7952400" lon="24.4138870">
    <ele>1093.0</ele>
   </trkpt>
   <trkpt lat="-29.7952580" lon="24.4139280">
    <ele>1092.9</ele>
   </trkpt>
   <trkpt lat="-29.7952750" lon="24.4139700">
    <ele>1092.9</ele>
   </trkpt>
   <trkpt lat="-29.7952930" lon="24.4140100">
    <ele>1092.9</ele>
   </trkpt>
   <trkpt lat="-29.7953100" lon="24.4140480">
    <ele>1092.9</ele>
   </trkpt>
   <trkpt lat="-29.7953280" lon="24.4140900">
    <ele>1092.9</ele>
   </trkpt>
   <trkpt lat="-29.7953450" lon="24.4141280">
    <ele>1092.8</ele>
   </trkpt>
   <trkpt lat="-29.7953630" lon="24.4141680">
    <ele>1092.8</ele>
   </trkpt>
   <trkpt lat="-29.7953820" lon="24.4142080">
    <ele>1092.8</ele>
   </trkpt>
   <trkpt lat="-29.7954020" lon="24.4142480">
    <ele>1092.8</ele>
   </trkpt>
   <trkpt lat="-29.7954220" lon="24.4142880">
    <ele>1092.7</ele>
   </trkpt>
   <trkpt lat="-29.7954420" lon="24.4143280">
    <ele>1092.7</ele>
   </trkpt>
   <trkpt lat="-29.7954620" lon="24.4143680">
    <ele>1092.7</ele>
   </trkpt>
   <trkpt lat="-29.7954780" lon="24.4144100">
    <ele>1092.7</ele>
   </trkpt>
   <trkpt lat="-29.7954980" lon="24.4144500">
    <ele>1092.7</ele>
   </trkpt>
   <trkpt lat="-29.7955220" lon="24.4144870">
    <ele>1092.6</ele>
   </trkpt>
   <trkpt lat="-29.7955430" lon="24.4145250">
    <ele>1092.6</ele>
   </trkpt>
   <trkpt lat="-29.7955670" lon="24.4145630">
    <ele>1092.6</ele>
   </trkpt>
   <trkpt lat="-29.7955880" lon="24.4146020">
    <ele>1092.6</ele>
   </trkpt>
   <trkpt lat="-29.7956080" lon="24.4146400">
    <ele>1092.5</ele>
   </trkpt>
   <trkpt lat="-29.7956330" lon="24.4146780">
    <ele>1092.5</ele>
   </trkpt>
   <trkpt lat="-29.7956570" lon="24.4147130">
    <ele>1092.5</ele>
   </trkpt>
   <trkpt lat="-29.7956800" lon="24.4147500">
    <ele>1092.5</ele>
   </trkpt>
   <trkpt lat="-29.7957050" lon="24.4147850">
    <ele>1092.5</ele>
   </trkpt>
   <trkpt lat="-29.7957300" lon="24.4148180">
    <ele>1092.4</ele>
   </trkpt>
   <trkpt lat="-29.7957570" lon="24.4148530">
    <ele>1092.4</ele>
   </trkpt>
   <trkpt lat="-29.7957830" lon="24.4148880">
    <ele>1092.4</ele>
   </trkpt>
   <trkpt lat="-29.7958100" lon="24.4149250">
    <ele>1092.4</ele>
   </trkpt>
   <trkpt lat="-29.7958370" lon="24.4149620">
    <ele>1092.3</ele>
   </trkpt>
   <trkpt lat="-29.7958670" lon="24.4149970">
    <ele>1092.3</ele>
   </trkpt>
   <trkpt lat="-29.7958930" lon="24.4150300">
    <ele>1092.3</ele>
   </trkpt>
   <trkpt lat="-29.7959200" lon="24.4150650">
    <ele>1092.3</ele>
   </trkpt>
   <trkpt lat="-29.7959420" lon="24.4151000">
    <ele>1092.2</ele>
   </trkpt>
   <trkpt lat="-29.7959620" lon="24.4151370">
    <ele>1092.2</ele>
   </trkpt>
   <trkpt lat="-29.7959780" lon="24.4151750">
    <ele>1092.2</ele>
   </trkpt>
   <trkpt lat="-29.7959970" lon="24.4152120">
    <ele>1092.2</ele>
   </trkpt>
   <trkpt lat="-29.7960130" lon="24.4152480">
    <ele>1092.2</ele>
   </trkpt>
   <trkpt lat="-29.7960370" lon="24.4152800">
    <ele>1092.1</ele>
   </trkpt>
   <trkpt lat="-29.7960600" lon="24.4153120">
    <ele>1092.1</ele>
   </trkpt>
   <trkpt lat="-29.7960830" lon="24.4153380">
    <ele>1092.1</ele>
   </trkpt>
   <trkpt lat="-29.7961100" lon="24.4153630">
    <ele>1092.1</ele>
   </trkpt>
   <trkpt lat="-29.7961350" lon="24.4153900">
    <ele>1092.1</ele>
   </trkpt>
   <trkpt lat="-29.7961570" lon="24.4154180">
    <ele>1092.0</ele>
   </trkpt>
   <trkpt lat="-29.7961770" lon="24.4154480">
    <ele>1092.0</ele>
   </trkpt>
   <trkpt lat="-29.7961980" lon="24.4154780">
    <ele>1092.0</ele>
   </trkpt>
   <trkpt lat="-29.7962230" lon="24.4155070">
    <ele>1092.1</ele>
   </trkpt>
   <trkpt lat="-29.7962450" lon="24.4155370">
    <ele>1092.2</ele>
   </trkpt>
   <trkpt lat="-29.7962680" lon="24.4155650">
    <ele>1092.3</ele>
   </trkpt>
   <trkpt lat="-29.7962900" lon="24.4155950">
    <ele>1092.3</ele>
   </trkpt>
   <trkpt lat="-29.7963080" lon="24.4156280">
    <ele>1092.4</ele>
   </trkpt>
   <trkpt lat="-29.7963280" lon="24.4156580">
    <ele>1092.5</ele>
   </trkpt>
   <trkpt lat="-29.7963480" lon="24.4156880">
    <ele>1092.5</ele>
   </trkpt>
   <trkpt lat="-29.7963680" lon="24.4157230">
    <ele>1092.6</ele>
   </trkpt>
   <trkpt lat="-29.7963950" lon="24.4157550">
    <ele>1092.7</ele>
   </trkpt>
   <trkpt lat="-29.7964130" lon="24.4157900">
    <ele>1092.8</ele>
   </trkpt>
   <trkpt lat="-29.7964350" lon="24.4158230">
    <ele>1092.8</ele>
   </trkpt>
   <trkpt lat="-29.7964580" lon="24.4158570">
    <ele>1092.9</ele>
   </trkpt>
   <trkpt lat="-29.7964820" lon="24.4158880">
    <ele>1093.0</ele>
   </trkpt>
   <trkpt lat="-29.7965070" lon="24.4159180">
    <ele>1093.1</ele>
   </trkpt>
   <trkpt lat="-29.7965280" lon="24.4159480">
    <ele>1093.1</ele>
   </trkpt>
   <trkpt lat="-29.7965530" lon="24.4159770">
    <ele>1093.2</ele>
   </trkpt>
   <trkpt lat="-29.7965780" lon="24.4160020">
    <ele>1093.3</ele>
   </trkpt>
   <trkpt lat="-29.7966030" lon="24.4160280">
    <ele>1093.3</ele>
   </trkpt>
   <trkpt lat="-29.7966280" lon="24.4160550">
    <ele>1093.4</ele>
   </trkpt>
   <trkpt lat="-29.7966570" lon="24.4160780">
    <ele>1093.5</ele>
   </trkpt>
   <trkpt lat="-29.7966850" lon="24.4161030">
    <ele>1093.6</ele>
   </trkpt>
   <trkpt lat="-29.7967120" lon="24.4161280">
    <ele>1093.6</ele>
   </trkpt>
   <trkpt lat="-29.7967420" lon="24.4161550">
    <ele>1093.7</ele>
   </trkpt>
   <trkpt lat="-29.7967730" lon="24.4161800">
    <ele>1093.8</ele>
   </trkpt>
   <trkpt lat="-29.7968030" lon="24.4162050">
    <ele>1093.9</ele>
   </trkpt>
   <trkpt lat="-29.7968350" lon="24.4162300">
    <ele>1093.9</ele>
   </trkpt>
   <trkpt lat="-29.7968650" lon="24.4162550">
    <ele>1093.9</ele>
   </trkpt>
   <trkpt lat="-29.7968970" lon="24.4162850">
    <ele>1094.0</ele>
   </trkpt>
   <trkpt lat="-29.7969300" lon="24.4163180">
    <ele>1094.0</ele>
   </trkpt>
   <trkpt lat="-29.7969620" lon="24.4163520">
    <ele>1094.0</ele>
   </trkpt>
   <trkpt lat="-29.7969950" lon="24.4163850">
    <ele>1094.0</ele>
   </trkpt>
   <trkpt lat="-29.7970230" lon="24.4164150">
    <ele>1094.0</ele>
   </trkpt>
   <trkpt lat="-29.7970480" lon="24.4164430">
    <ele>1094.0</ele>
   </trkpt>
   <trkpt lat="-29.7970770" lon="24.4164730">
    <ele>1094.0</ele>
   </trkpt>
   <trkpt lat="-29.7971050" lon="24.4165020">
    <ele>1094.0</ele>
   </trkpt>
   <trkpt lat="-29.7971320" lon="24.4165320">
    <ele>1094.0</ele>
   </trkpt>
   <trkpt lat="-29.7971580" lon="24.4165600">
    <ele>1094.0</ele>
   </trkpt>
   <trkpt lat="-29.7971830" lon="24.4165920">
    <ele>1094.0</ele>
   </trkpt>
   <trkpt lat="-29.7972080" lon="24.4166220">
    <ele>1094.0</ele>
   </trkpt>
   <trkpt lat="-29.7972350" lon="24.4166530">
    <ele>1094.0</ele>
   </trkpt>
   <trkpt lat="-29.7972570" lon="24.4166850">
    <ele>1094.0</ele>
   </trkpt>
   <trkpt lat="-29.7972870" lon="24.4167130">
    <ele>1094.0</ele>
   </trkpt>
   <trkpt lat="-29.7973150" lon="24.4167430">
    <ele>1094.0</ele>
   </trkpt>
   <trkpt lat="-29.7973430" lon="24.4167750">
    <ele>1094.0</ele>
   </trkpt>
   <trkpt lat="-29.7973700" lon="24.4168080">
    <ele>1094.0</ele>
   </trkpt>
   <trkpt lat="-29.7973930" lon="24.4168430">
    <ele>1093.9</ele>
   </trkpt>
   <trkpt lat="-29.7974150" lon="24.4168780">
    <ele>1093.9</ele>
   </trkpt>
   <trkpt lat="-29.7974350" lon="24.4169130">
    <ele>1093.9</ele>
   </trkpt>
   <trkpt lat="-29.7974570" lon="24.4169500">
    <ele>1093.9</ele>
   </trkpt>
   <trkpt lat="-29.7974780" lon="24.4169830">
    <ele>1093.9</ele>
   </trkpt>
   <trkpt lat="-29.7975020" lon="24.4170150">
    <ele>1093.9</ele>
   </trkpt>
   <trkpt lat="-29.7975270" lon="24.4170470">
    <ele>1093.8</ele>
   </trkpt>
   <trkpt lat="-29.7975520" lon="24.4170800">
    <ele>1093.8</ele>
   </trkpt>
   <trkpt lat="-29.7975730" lon="24.4171150">
    <ele>1093.7</ele>
   </trkpt>
   <trkpt lat="-29.7975970" lon="24.4171500">
    <ele>1093.7</ele>
   </trkpt>
   <trkpt lat="-29.7976200" lon="24.4171870">
    <ele>1093.6</ele>
   </trkpt>
   <trkpt lat="-29.7976420" lon="24.4172220">
    <ele>1093.6</ele>
   </trkpt>
   <trkpt lat="-29.7976620" lon="24.4172580">
    <ele>1093.5</ele>
   </trkpt>
   <trkpt lat="-29.7976850" lon="24.4172930">
    <ele>1093.5</ele>
   </trkpt>
   <trkpt lat="-29.7977080" lon="24.4173270">
    <ele>1093.4</ele>
   </trkpt>
   <trkpt lat="-29.7977320" lon="24.4173620">
    <ele>1093.4</ele>
   </trkpt>
   <trkpt lat="-29.7977530" lon="24.4173980">
    <ele>1093.3</ele>
   </trkpt>
   <trkpt lat="-29.7977730" lon="24.4174370">
    <ele>1093.3</ele>
   </trkpt>
   <trkpt lat="-29.7977950" lon="24.4174750">
    <ele>1093.2</ele>
   </trkpt>
   <trkpt lat="-29.7978170" lon="24.4175130">
    <ele>1093.2</ele>
   </trkpt>
   <trkpt lat="-29.7978400" lon="24.4175520">
    <ele>1093.1</ele>
   </trkpt>
   <trkpt lat="-29.7978600" lon="24.4175920">
    <ele>1093.1</ele>
   </trkpt>
   <trkpt lat="-29.7978780" lon="24.4176320">
    <ele>1093.0</ele>
   </trkpt>
   <trkpt lat="-29.7979000" lon="24.4176700">
    <ele>1092.9</ele>
   </trkpt>
   <trkpt lat="-29.7979220" lon="24.4177080">
    <ele>1092.9</ele>
   </trkpt>
   <trkpt lat="-29.7979450" lon="24.4177450">
    <ele>1092.8</ele>
   </trkpt>
   <trkpt lat="-29.7979700" lon="24.4177800">
    <ele>1092.7</ele>
   </trkpt>
   <trkpt lat="-29.7979930" lon="24.4178170">
    <ele>1092.6</ele>
   </trkpt>
   <trkpt lat="-29.7980170" lon="24.4178530">
    <ele>1092.5</ele>
   </trkpt>
   <trkpt lat="-29.7980430" lon="24.4178900">
    <ele>1092.4</ele>
   </trkpt>
   <trkpt lat="-29.7980700" lon="24.4179270">
    <ele>1092.3</ele>
   </trkpt>
   <trkpt lat="-29.7980980" lon="24.4179600">
    <ele>1092.2</ele>
   </trkpt>
   <trkpt lat="-29.7981270" lon="24.4179950">
    <ele>1092.2</ele>
   </trkpt>
   <trkpt lat="-29.7981530" lon="24.4180320">
    <ele>1092.2</ele>
   </trkpt>
   <trkpt lat="-29.7981780" lon="24.4180680">
    <ele>1092.2</ele>
   </trkpt>
   <trkpt lat="-29.7982070" lon="24.4181030">
    <ele>1092.2</ele>
   </trkpt>
   <trkpt lat="-29.7982370" lon="24.4181370">
    <ele>1092.2</ele>
   </trkpt>
   <trkpt lat="-29.7982670" lon="24.4181720">
    <ele>1092.2</ele>
   </trkpt>
   <trkpt lat="-29.7982930" lon="24.4182070">
    <ele>1092.1</ele>
   </trkpt>
   <trkpt lat="-29.7983180" lon="24.4182420">
    <ele>1092.2</ele>
   </trkpt>
   <trkpt lat="-29.7983450" lon="24.4182770">
    <ele>1092.5</ele>
   </trkpt>
   <trkpt lat="-29.7983700" lon="24.4183150">
    <ele>1092.7</ele>
   </trkpt>
   <trkpt lat="-29.7983970" lon="24.4183530">
    <ele>1092.9</ele>
   </trkpt>
   <trkpt lat="-29.7984230" lon="24.4183900">
    <ele>1093.1</ele>
   </trkpt>
   <trkpt lat="-29.7984480" lon="24.4184300">
    <ele>1093.3</ele>
   </trkpt>
   <trkpt lat="-29.7984730" lon="24.4184680">
    <ele>1093.6</ele>
   </trkpt>
   <trkpt lat="-29.7984980" lon="24.4185070">
    <ele>1093.8</ele>
   </trkpt>
   <trkpt lat="-29.7985250" lon="24.4185470">
    <ele>1093.7</ele>
   </trkpt>
   <trkpt lat="-29.7985520" lon="24.4185820">
    <ele>1093.6</ele>
   </trkpt>
   <trkpt lat="-29.7985800" lon="24.4186170">
    <ele>1093.6</ele>
   </trkpt>
   <trkpt lat="-29.7986080" lon="24.4186530">
    <ele>1093.5</ele>
   </trkpt>
   <trkpt lat="-29.7986330" lon="24.4186930">
    <ele>1093.4</ele>
   </trkpt>
   <trkpt lat="-29.7986620" lon="24.4187300">
    <ele>1093.4</ele>
   </trkpt>
   <trkpt lat="-29.7986920" lon="24.4187630">
    <ele>1093.3</ele>
   </trkpt>
   <trkpt lat="-29.7987180" lon="24.4187980">
    <ele>1093.2</ele>
   </trkpt>
   <trkpt lat="-29.7987400" lon="24.4188350">
    <ele>1093.2</ele>
   </trkpt>
   <trkpt lat="-29.7987630" lon="24.4188680">
    <ele>1093.1</ele>
   </trkpt>
   <trkpt lat="-29.7987880" lon="24.4189020">
    <ele>1093.1</ele>
   </trkpt>
   <trkpt lat="-29.7988150" lon="24.4189320">
    <ele>1093.0</ele>
   </trkpt>
   <trkpt lat="-29.7988420" lon="24.4189620">
    <ele>1093.0</ele>
   </trkpt>
   <trkpt lat="-29.7988720" lon="24.4189900">
    <ele>1093.0</ele>
   </trkpt>
   <trkpt lat="-29.7989000" lon="24.4190200">
    <ele>1093.0</ele>
   </trkpt>
   <trkpt lat="-29.7989300" lon="24.4190470">
    <ele>1093.0</ele>
   </trkpt>
   <trkpt lat="-29.7989630" lon="24.4190730">
    <ele>1093.0</ele>
   </trkpt>
   <trkpt lat="-29.7989930" lon="24.4190980">
    <ele>1093.1</ele>
   </trkpt>
   <trkpt lat="-29.7990270" lon="24.4191250">
    <ele>1093.2</ele>
   </trkpt>
   <trkpt lat="-29.7990550" lon="24.4191550">
    <ele>1093.3</ele>
   </trkpt>
   <trkpt lat="-29.7990870" lon="24.4191820">
    <ele>1093.3</ele>
   </trkpt>
   <trkpt lat="-29.7991150" lon="24.4192120">
    <ele>1093.4</ele>
   </trkpt>
   <trkpt lat="-29.7991430" lon="24.4192420">
    <ele>1093.5</ele>
   </trkpt>
   <trkpt lat="-29.7991730" lon="24.4192720">
    <ele>1093.6</ele>
   </trkpt>
   <trkpt lat="-29.7992050" lon="24.4193020">
    <ele>1093.7</ele>
   </trkpt>
   <trkpt lat="-29.7992330" lon="24.4193300">
    <ele>1093.8</ele>
   </trkpt>
   <trkpt lat="-29.7992630" lon="24.4193580">
    <ele>1093.9</ele>
   </trkpt>
   <trkpt lat="-29.7992930" lon="24.4193900">
    <ele>1094.0</ele>
   </trkpt>
   <trkpt lat="-29.7993250" lon="24.4194200">
    <ele>1094.1</ele>
   </trkpt>
   <trkpt lat="-29.7993530" lon="24.4194530">
    <ele>1094.2</ele>
   </trkpt>
   <trkpt lat="-29.7993820" lon="24.4194900">
    <ele>1094.4</ele>
   </trkpt>
   <trkpt lat="-29.7994080" lon="24.4195270">
    <ele>1094.5</ele>
   </trkpt>
   <trkpt lat="-29.7994330" lon="24.4195650">
    <ele>1094.7</ele>
   </trkpt>
   <trkpt lat="-29.7994570" lon="24.4196050">
    <ele>1094.8</ele>
   </trkpt>
   <trkpt lat="-29.7994800" lon="24.4196470">
    <ele>1094.8</ele>
   </trkpt>
   <trkpt lat="-29.7995000" lon="24.4196920">
    <ele>1094.9</ele>
   </trkpt>
   <trkpt lat="-29.7995270" lon="24.4197350">
    <ele>1094.9</ele>
   </trkpt>
   <trkpt lat="-29.7995520" lon="24.4197780">
    <ele>1094.9</ele>
   </trkpt>
   <trkpt lat="-29.7995770" lon="24.4198220">
    <ele>1095.0</ele>
   </trkpt>
   <trkpt lat="-29.7996000" lon="24.4198630">
    <ele>1095.0</ele>
   </trkpt>
   <trkpt lat="-29.7996180" lon="24.4199030">
    <ele>1095.0</ele>
   </trkpt>
   <trkpt lat="-29.7996450" lon="24.4199320">
    <ele>1094.9</ele>
   </trkpt>
   <trkpt lat="-29.7996820" lon="24.4199520">
    <ele>1094.9</ele>
   </trkpt>
   <trkpt lat="-29.7997230" lon="24.4199650">
    <ele>1094.9</ele>
   </trkpt>
   <trkpt lat="-29.7997620" lon="24.4199700">
    <ele>1094.7</ele>
   </trkpt>
   <trkpt lat="-29.7998020" lon="24.4199620">
    <ele>1094.5</ele>
   </trkpt>
   <trkpt lat="-29.7998370" lon="24.4199550">
    <ele>1094.3</ele>
   </trkpt>
   <trkpt lat="-29.7998720" lon="24.4199480">
    <ele>1094.2</ele>
   </trkpt>
   <trkpt lat="-29.7999080" lon="24.4199470">
    <ele>1094.1</ele>
   </trkpt>
   <trkpt lat="-29.7999450" lon="24.4199580">
    <ele>1094.0</ele>
   </trkpt>
   <trkpt lat="-29.7999750" lon="24.4199870">
    <ele>1093.9</ele>
   </trkpt>
   <trkpt lat="-29.8000020" lon="24.4200250">
    <ele>1093.9</ele>
   </trkpt>
   <trkpt lat="-29.8000280" lon="24.4200670">
    <ele>1093.8</ele>
   </trkpt>
   <trkpt lat="-29.8000580" lon="24.4201120">
    <ele>1093.7</ele>
   </trkpt>
   <trkpt lat="-29.8000900" lon="24.4201600">
    <ele>1093.7</ele>
   </trkpt>
   <trkpt lat="-29.8001270" lon="24.4202120">
    <ele>1093.6</ele>
   </trkpt>
   <trkpt lat="-29.8001670" lon="24.4202630">
    <ele>1093.5</ele>
   </trkpt>
   <trkpt lat="-29.8002130" lon="24.4203120">
    <ele>1093.3</ele>
   </trkpt>
   <trkpt lat="-29.8002620" lon="24.4203550">
    <ele>1093.2</ele>
   </trkpt>
   <trkpt lat="-29.8003130" lon="24.4203920">
    <ele>1093.1</ele>
   </trkpt>
   <trkpt lat="-29.8003600" lon="24.4204270">
    <ele>1093.0</ele>
   </trkpt>
   <trkpt lat="-29.8003970" lon="24.4204650">
    <ele>1092.9</ele>
   </trkpt>
   <trkpt lat="-29.8004320" lon="24.4205070">
    <ele>1092.8</ele>
   </trkpt>
   <trkpt lat="-29.8004650" lon="24.4205470">
    <ele>1092.6</ele>
   </trkpt>
   <trkpt lat="-29.8005000" lon="24.4205830">
    <ele>1092.4</ele>
   </trkpt>
   <trkpt lat="-29.8005330" lon="24.4206180">
    <ele>1092.3</ele>
   </trkpt>
   <trkpt lat="-29.8005680" lon="24.4206550">
    <ele>1092.2</ele>
   </trkpt>
   <trkpt lat="-29.8006000" lon="24.4206920">
    <ele>1092.1</ele>
   </trkpt>
   <trkpt lat="-29.8006330" lon="24.4207270">
    <ele>1092.0</ele>
   </trkpt>
   <trkpt lat="-29.8006670" lon="24.4207600">
    <ele>1091.9</ele>
   </trkpt>
   <trkpt lat="-29.8006970" lon="24.4207980">
    <ele>1091.8</ele>
   </trkpt>
   <trkpt lat="-29.8007270" lon="24.4208380">
    <ele>1091.6</ele>
   </trkpt>
   <trkpt lat="-29.8007570" lon="24.4208780">
    <ele>1091.2</ele>
   </trkpt>
   <trkpt lat="-29.8007870" lon="24.4209180">
    <ele>1090.9</ele>
   </trkpt>
   <trkpt lat="-29.8008220" lon="24.4209530">
    <ele>1090.5</ele>
   </trkpt>
   <trkpt lat="-29.8008580" lon="24.4209850">
    <ele>1090.2</ele>
   </trkpt>
   <trkpt lat="-29.8008900" lon="24.4210280">
    <ele>1089.8</ele>
   </trkpt>
   <trkpt lat="-29.8009230" lon="24.4210720">
    <ele>1089.4</ele>
   </trkpt>
   <trkpt lat="-29.8009570" lon="24.4211150">
    <ele>1089.1</ele>
   </trkpt>
   <trkpt lat="-29.8009900" lon="24.4211600">
    <ele>1089.1</ele>
   </trkpt>
   <trkpt lat="-29.8010250" lon="24.4212030">
    <ele>1089.2</ele>
   </trkpt>
   <trkpt lat="-29.8010580" lon="24.4212430">
    <ele>1089.2</ele>
   </trkpt>
   <trkpt lat="-29.8010930" lon="24.4212830">
    <ele>1089.3</ele>
   </trkpt>
   <trkpt lat="-29.8011300" lon="24.4213230">
    <ele>1089.4</ele>
   </trkpt>
   <trkpt lat="-29.8011700" lon="24.4213600">
    <ele>1089.5</ele>
   </trkpt>
   <trkpt lat="-29.8012180" lon="24.4213920">
    <ele>1089.6</ele>
   </trkpt>
   <trkpt lat="-29.8012720" lon="24.4214100">
    <ele>1089.8</ele>
   </trkpt>
   <trkpt lat="-29.8013220" lon="24.4214130">
    <ele>1089.9</ele>
   </trkpt>
   <trkpt lat="-29.8013680" lon="24.4214000">
    <ele>1090.0</ele>
   </trkpt>
   <trkpt lat="-29.8014100" lon="24.4213700">
    <ele>1090.1</ele>
   </trkpt>
   <trkpt lat="-29.8014430" lon="24.4213300">
    <ele>1090.1</ele>
   </trkpt>
   <trkpt lat="-29.8014730" lon="24.4212880">
    <ele>1090.2</ele>
   </trkpt>
   <trkpt lat="-29.8015020" lon="24.4212470">
    <ele>1090.3</ele>
   </trkpt>
   <trkpt lat="-29.8015300" lon="24.4212080">
    <ele>1090.4</ele>
   </trkpt>
   <trkpt lat="-29.8015620" lon="24.4211700">
    <ele>1090.5</ele>
   </trkpt>
   <trkpt lat="-29.8015930" lon="24.4211330">
    <ele>1090.5</ele>
   </trkpt>
   <trkpt lat="-29.8016200" lon="24.4210950">
    <ele>1090.6</ele>
   </trkpt>
   <trkpt lat="-29.8016450" lon="24.4210570">
    <ele>1090.7</ele>
   </trkpt>
   <trkpt lat="-29.8016720" lon="24.4210220">
    <ele>1090.8</ele>
   </trkpt>
   <trkpt lat="-29.8016950" lon="24.4209850">
    <ele>1090.8</ele>
   </trkpt>
   <trkpt lat="-29.8017170" lon="24.4209450">
    <ele>1090.9</ele>
   </trkpt>
   <trkpt lat="-29.8017430" lon="24.4209100">
    <ele>1091.0</ele>
   </trkpt>
   <trkpt lat="-29.8017700" lon="24.4208730">
    <ele>1091.1</ele>
   </trkpt>
   <trkpt lat="-29.8017970" lon="24.4208400">
    <ele>1091.1</ele>
   </trkpt>
   <trkpt lat="-29.8018220" lon="24.4208120">
    <ele>1091.2</ele>
   </trkpt>
   <trkpt lat="-29.8018450" lon="24.4207780">
    <ele>1091.3</ele>
   </trkpt>
   <trkpt lat="-29.8018700" lon="24.4207430">
    <ele>1091.3</ele>
   </trkpt>
   <trkpt lat="-29.8018920" lon="24.4207020">
    <ele>1091.4</ele>
   </trkpt>
   <trkpt lat="-29.8019120" lon="24.4206580">
    <ele>1091.5</ele>
   </trkpt>
   <trkpt lat="-29.8019300" lon="24.4206200">
    <ele>1091.5</ele>
   </trkpt>
   <trkpt lat="-29.8019530" lon="24.4205870">
    <ele>1091.6</ele>
   </trkpt>
   <trkpt lat="-29.8019780" lon="24.4205520">
    <ele>1091.7</ele>
   </trkpt>
   <trkpt lat="-29.8020050" lon="24.4205150">
    <ele>1091.8</ele>
   </trkpt>
   <trkpt lat="-29.8020320" lon="24.4204830">
    <ele>1091.8</ele>
   </trkpt>
   <trkpt lat="-29.8020570" lon="24.4204530">
    <ele>1091.9</ele>
   </trkpt>
   <trkpt lat="-29.8020820" lon="24.4204230">
    <ele>1092.0</ele>
   </trkpt>
   <trkpt lat="-29.8021080" lon="24.4203920">
    <ele>1092.0</ele>
   </trkpt>
   <trkpt lat="-29.8021320" lon="24.4203600">
    <ele>1092.1</ele>
   </trkpt>
   <trkpt lat="-29.8021570" lon="24.4203300">
    <ele>1092.2</ele>
   </trkpt>
   <trkpt lat="-29.8021830" lon="24.4202970">
    <ele>1092.2</ele>
   </trkpt>
   <trkpt lat="-29.8022120" lon="24.4202630">
    <ele>1092.3</ele>
   </trkpt>
   <trkpt lat="-29.8022400" lon="24.4202330">
    <ele>1092.4</ele>
   </trkpt>
   <trkpt lat="-29.8022670" lon="24.4202050">
    <ele>1092.4</ele>
   </trkpt>
   <trkpt lat="-29.8022920" lon="24.4201730">
    <ele>1092.5</ele>
   </trkpt>
   <trkpt lat="-29.8023200" lon="24.4201430">
    <ele>1092.5</ele>
   </trkpt>
   <trkpt lat="-29.8023480" lon="24.4201130">
    <ele>1092.6</ele>
   </trkpt>
   <trkpt lat="-29.8023770" lon="24.4200830">
    <ele>1092.7</ele>
   </trkpt>
   <trkpt lat="-29.8024070" lon="24.4200550">
    <ele>1092.7</ele>
   </trkpt>
   <trkpt lat="-29.8024350" lon="24.4200270">
    <ele>1092.8</ele>
   </trkpt>
   <trkpt lat="-29.8024620" lon="24.4199950">
    <ele>1092.9</ele>
   </trkpt>
   <trkpt lat="-29.8024880" lon="24.4199650">
    <ele>1092.9</ele>
   </trkpt>
   <trkpt lat="-29.8025170" lon="24.4199320">
    <ele>1093.0</ele>
   </trkpt>
   <trkpt lat="-29.8025470" lon="24.4198980">
    <ele>1093.1</ele>
   </trkpt>
   <trkpt lat="-29.8025770" lon="24.4198680">
    <ele>1093.1</ele>
   </trkpt>
   <trkpt lat="-29.8026070" lon="24.4198370">
    <ele>1093.2</ele>
   </trkpt>
   <trkpt lat="-29.8026350" lon="24.4198070">
    <ele>1093.3</ele>
   </trkpt>
   <trkpt lat="-29.8026620" lon="24.4197730">
    <ele>1093.3</ele>
   </trkpt>
   <trkpt lat="-29.8026900" lon="24.4197400">
    <ele>1093.4</ele>
   </trkpt>
   <trkpt lat="-29.8027150" lon="24.4197030">
    <ele>1093.5</ele>
   </trkpt>
   <trkpt lat="-29.8027400" lon="24.4196680">
    <ele>1093.6</ele>
   </trkpt>
   <trkpt lat="-29.8027700" lon="24.4196420">
    <ele>1093.6</ele>
   </trkpt>
   <trkpt lat="-29.8027980" lon="24.4196150">
    <ele>1093.7</ele>
   </trkpt>
   <trkpt lat="-29.8028250" lon="24.4195820">
    <ele>1093.7</ele>
   </trkpt>
   <trkpt lat="-29.8028500" lon="24.4195520">
    <ele>1093.8</ele>
   </trkpt>
   <trkpt lat="-29.8028750" lon="24.4195220">
    <ele>1093.9</ele>
   </trkpt>
   <trkpt lat="-29.8029000" lon="24.4194920">
    <ele>1093.9</ele>
   </trkpt>
   <trkpt lat="-29.8029220" lon="24.4194650">
    <ele>1094.0</ele>
   </trkpt>
   <trkpt lat="-29.8029430" lon="24.4194330">
    <ele>1094.0</ele>
   </trkpt>
   <trkpt lat="-29.8029670" lon="24.4194030">
    <ele>1094.0</ele>
   </trkpt>
   <trkpt lat="-29.8029930" lon="24.4193750">
    <ele>1094.0</ele>
   </trkpt>
   <trkpt lat="-29.8030220" lon="24.4193520">
    <ele>1094.0</ele>
   </trkpt>
   <trkpt lat="-29.8030530" lon="24.4193420">
    <ele>1094.0</ele>
   </trkpt>
   <trkpt lat="-29.8030830" lon="24.4193450">
    <ele>1094.0</ele>
   </trkpt>
   <trkpt lat="-29.8031120" lon="24.4193570">
    <ele>1094.1</ele>
   </trkpt>
   <trkpt lat="-29.8031380" lon="24.4193800">
    <ele>1094.1</ele>
   </trkpt>
   <trkpt lat="-29.8031620" lon="24.4194070">
    <ele>1094.2</ele>
   </trkpt>
   <trkpt lat="-29.8031830" lon="24.4194380">
    <ele>1094.2</ele>
   </trkpt>
   <trkpt lat="-29.8032100" lon="24.4194700">
    <ele>1094.3</ele>
   </trkpt>
   <trkpt lat="-29.8032380" lon="24.4195030">
    <ele>1094.3</ele>
   </trkpt>
   <trkpt lat="-29.8032700" lon="24.4195300">
    <ele>1094.4</ele>
   </trkpt>
   <trkpt lat="-29.8033000" lon="24.4195530">
    <ele>1094.4</ele>
   </trkpt>
   <trkpt lat="-29.8033330" lon="24.4195770">
    <ele>1094.5</ele>
   </trkpt>
   <trkpt lat="-29.8033650" lon="24.4196000">
    <ele>1094.6</ele>
   </trkpt>
   <trkpt lat="-29.8033950" lon="24.4196250">
    <ele>1094.6</ele>
   </trkpt>
   <trkpt lat="-29.8034220" lon="24.4196550">
    <ele>1094.7</ele>
   </trkpt>
   <trkpt lat="-29.8034480" lon="24.4196870">
    <ele>1094.7</ele>
   </trkpt>
   <trkpt lat="-29.8034730" lon="24.4197200">
    <ele>1094.8</ele>
   </trkpt>
   <trkpt lat="-29.8034980" lon="24.4197520">
    <ele>1094.8</ele>
   </trkpt>
   <trkpt lat="-29.8035200" lon="24.4197830">
    <ele>1094.9</ele>
   </trkpt>
   <trkpt lat="-29.8035350" lon="24.4198200">
    <ele>1094.9</ele>
   </trkpt>
   <trkpt lat="-29.8035530" lon="24.4198550">
    <ele>1095.0</ele>
   </trkpt>
   <trkpt lat="-29.8035750" lon="24.4198900">
    <ele>1095.0</ele>
   </trkpt>
   <trkpt lat="-29.8035980" lon="24.4199200">
    <ele>1095.1</ele>
   </trkpt>
   <trkpt lat="-29.8036250" lon="24.4199480">
    <ele>1095.1</ele>
   </trkpt>
   <trkpt lat="-29.8036500" lon="24.4199770">
    <ele>1095.2</ele>
   </trkpt>
   <trkpt lat="-29.8036770" lon="24.4200030">
    <ele>1095.2</ele>
   </trkpt>
   <trkpt lat="-29.8037030" lon="24.4200320">
    <ele>1095.3</ele>
   </trkpt>
   <trkpt lat="-29.8037300" lon="24.4200600">
    <ele>1095.3</ele>
   </trkpt>
   <trkpt lat="-29.8037570" lon="24.4200880">
    <ele>1095.4</ele>
   </trkpt>
   <trkpt lat="-29.8037850" lon="24.4201150">
    <ele>1095.4</ele>
   </trkpt>
   <trkpt lat="-29.8038150" lon="24.4201400">
    <ele>1095.5</ele>
   </trkpt>
   <trkpt lat="-29.8038430" lon="24.4201680">
    <ele>1095.5</ele>
   </trkpt>
   <trkpt lat="-29.8038720" lon="24.4201970">
    <ele>1095.6</ele>
   </trkpt>
   <trkpt lat="-29.8038980" lon="24.4202270">
    <ele>1095.6</ele>
   </trkpt>
   <trkpt lat="-29.8039270" lon="24.4202520">
    <ele>1095.6</ele>
   </trkpt>
   <trkpt lat="-29.8039550" lon="24.4202780">
    <ele>1095.6</ele>
   </trkpt>
   <trkpt lat="-29.8039820" lon="24.4203050">
    <ele>1095.5</ele>
   </trkpt>
   <trkpt lat="-29.8040070" lon="24.4203350">
    <ele>1095.4</ele>
   </trkpt>
   <trkpt lat="-29.8040300" lon="24.4203650">
    <ele>1095.3</ele>
   </trkpt>
   <trkpt lat="-29.8040550" lon="24.4203920">
    <ele>1095.3</ele>
   </trkpt>
   <trkpt lat="-29.8040830" lon="24.4204170">
    <ele>1095.5</ele>
   </trkpt>
   <trkpt lat="-29.8041120" lon="24.4204400">
    <ele>1095.6</ele>
   </trkpt>
   <trkpt lat="-29.8041420" lon="24.4204570">
    <ele>1095.7</ele>
   </trkpt>
   <trkpt lat="-29.8041730" lon="24.4204700">
    <ele>1095.9</ele>
   </trkpt>
   <trkpt lat="-29.8042070" lon="24.4204800">
    <ele>1096.0</ele>
   </trkpt>
   <trkpt lat="-29.8042420" lon="24.4204880">
    <ele>1096.1</ele>
   </trkpt>
   <trkpt lat="-29.8042800" lon="24.4204930">
    <ele>1096.3</ele>
   </trkpt>
   <trkpt lat="-29.8043150" lon="24.4204980">
    <ele>1096.4</ele>
   </trkpt>
   <trkpt lat="-29.8043480" lon="24.4204980">
    <ele>1096.5</ele>
   </trkpt>
   <trkpt lat="-29.8043820" lon="24.4204980">
    <ele>1096.7</ele>
   </trkpt>
   <trkpt lat="-29.8044150" lon="24.4204970">
    <ele>1096.8</ele>
   </trkpt>
   <trkpt lat="-29.8044470" lon="24.4204930">
    <ele>1096.9</ele>
   </trkpt>
   <trkpt lat="-29.8044820" lon="24.4204930">
    <ele>1096.9</ele>
   </trkpt>
   <trkpt lat="-29.8045170" lon="24.4204880">
    <ele>1097.0</ele>
   </trkpt>
   <trkpt lat="-29.8045500" lon="24.4204830">
    <ele>1097.0</ele>
   </trkpt>
   <trkpt lat="-29.8045830" lon="24.4204780">
    <ele>1097.2</ele>
   </trkpt>
   <trkpt lat="-29.8046180" lon="24.4204720">
    <ele>1097.3</ele>
   </trkpt>
   <trkpt lat="-29.8046500" lon="24.4204650">
    <ele>1097.4</ele>
   </trkpt>
   <trkpt lat="-29.8046850" lon="24.4204570">
    <ele>1097.6</ele>
   </trkpt>
   <trkpt lat="-29.8047180" lon="24.4204500">
    <ele>1097.7</ele>
   </trkpt>
   <trkpt lat="-29.8047500" lon="24.4204450">
    <ele>1097.9</ele>
   </trkpt>
   <trkpt lat="-29.8047800" lon="24.4204420">
    <ele>1098.0</ele>
   </trkpt>
   <trkpt lat="-29.8048100" lon="24.4204330">
    <ele>1098.1</ele>
   </trkpt>
   <trkpt lat="-29.8048400" lon="24.4204230">
    <ele>1098.2</ele>
   </trkpt>
   <trkpt lat="-29.8048720" lon="24.4204130">
    <ele>1098.4</ele>
   </trkpt>
   <trkpt lat="-29.8049000" lon="24.4204030">
    <ele>1098.5</ele>
   </trkpt>
   <trkpt lat="-29.8049300" lon="24.4203950">
    <ele>1098.6</ele>
   </trkpt>
   <trkpt lat="-29.8049620" lon="24.4203850">
    <ele>1098.8</ele>
   </trkpt>
   <trkpt lat="-29.8049950" lon="24.4203720">
    <ele>1098.9</ele>
   </trkpt>
   <trkpt lat="-29.8050270" lon="24.4203620">
    <ele>1099.1</ele>
   </trkpt>
   <trkpt lat="-29.8050580" lon="24.4203500">
    <ele>1099.2</ele>
   </trkpt>
   <trkpt lat="-29.8050900" lon="24.4203370">
    <ele>1099.3</ele>
   </trkpt>
   <trkpt lat="-29.8051200" lon="24.4203220">
    <ele>1099.5</ele>
   </trkpt>
   <trkpt lat="-29.8051480" lon="24.4203050">
    <ele>1099.6</ele>
   </trkpt>
   <trkpt lat="-29.8051750" lon="24.4202870">
    <ele>1099.7</ele>
   </trkpt>
   <trkpt lat="-29.8052030" lon="24.4202650">
    <ele>1099.9</ele>
   </trkpt>
   <trkpt lat="-29.8052300" lon="24.4202450">
    <ele>1100.0</ele>
   </trkpt>
   <trkpt lat="-29.8052570" lon="24.4202200">
    <ele>1100.1</ele>
   </trkpt>
   <trkpt lat="-29.8052830" lon="24.4201950">
    <ele>1100.3</ele>
   </trkpt>
   <trkpt lat="-29.8053080" lon="24.4201680">
    <ele>1100.4</ele>
   </trkpt>
   <trkpt lat="-29.8053320" lon="24.4201420">
    <ele>1100.6</ele>
   </trkpt>
   <trkpt lat="-29.8053550" lon="24.4201170">
    <ele>1100.7</ele>
   </trkpt>
   <trkpt lat="-29.8053770" lon="24.4200930">
    <ele>1100.8</ele>
   </trkpt>
   <trkpt lat="-29.8054000" lon="24.4200770">
    <ele>1100.9</ele>
   </trkpt>
   <trkpt lat="-29.8054250" lon="24.4200530">
    <ele>1101.0</ele>
   </trkpt>
   <trkpt lat="-29.8054470" lon="24.4200250">
    <ele>1101.0</ele>
   </trkpt>
   <trkpt lat="-29.8054680" lon="24.4199950">
    <ele>1101.0</ele>
   </trkpt>
   <trkpt lat="-29.8054880" lon="24.4199650">
    <ele>1100.9</ele>
   </trkpt>
   <trkpt lat="-29.8055120" lon="24.4199380">
    <ele>1100.9</ele>
   </trkpt>
   <trkpt lat="-29.8055370" lon="24.4199150">
    <ele>1100.9</ele>
   </trkpt>
   <trkpt lat="-29.8055630" lon="24.4198950">
    <ele>1100.9</ele>
   </trkpt>
   <trkpt lat="-29.8055880" lon="24.4198720">
    <ele>1100.9</ele>
   </trkpt>
   <trkpt lat="-29.8056130" lon="24.4198500">
    <ele>1100.9</ele>
   </trkpt>
   <trkpt lat="-29.8056420" lon="24.4198280">
    <ele>1100.9</ele>
   </trkpt>
   <trkpt lat="-29.8056680" lon="24.4198080">
    <ele>1100.9</ele>
   </trkpt>
   <trkpt lat="-29.8056950" lon="24.4197880">
    <ele>1100.9</ele>
   </trkpt>
   <trkpt lat="-29.8057220" lon="24.4197680">
    <ele>1100.9</ele>
   </trkpt>
   <trkpt lat="-29.8057480" lon="24.4197450">
    <ele>1100.9</ele>
   </trkpt>
   <trkpt lat="-29.8057730" lon="24.4197230">
    <ele>1100.9</ele>
   </trkpt>
   <trkpt lat="-29.8058000" lon="24.4197030">
    <ele>1100.9</ele>
   </trkpt>
   <trkpt lat="-29.8058280" lon="24.4196850">
    <ele>1100.9</ele>
   </trkpt>
   <trkpt lat="-29.8058550" lon="24.4196630">
    <ele>1100.9</ele>
   </trkpt>
   <trkpt lat="-29.8058780" lon="24.4196400">
    <ele>1100.8</ele>
   </trkpt>
   <trkpt lat="-29.8059030" lon="24.4196170">
    <ele>1100.8</ele>
   </trkpt>
   <trkpt lat="-29.8059250" lon="24.4195880">
    <ele>1100.7</ele>
   </trkpt>
   <trkpt lat="-29.8059470" lon="24.4195620">
    <ele>1100.7</ele>
   </trkpt>
   <trkpt lat="-29.8059700" lon="24.4195380">
    <ele>1100.6</ele>
   </trkpt>
   <trkpt lat="-29.8059930" lon="24.4195170">
    <ele>1100.6</ele>
   </trkpt>
   <trkpt lat="-29.8060170" lon="24.4194920">
    <ele>1100.5</ele>
   </trkpt>
   <trkpt lat="-29.8060420" lon="24.4194680">
    <ele>1100.5</ele>
   </trkpt>
   <trkpt lat="-29.8060650" lon="24.4194450">
    <ele>1100.4</ele>
   </trkpt>
   <trkpt lat="-29.8060880" lon="24.4194220">
    <ele>1100.4</ele>
   </trkpt>
   <trkpt lat="-29.8061130" lon="24.4193950">
    <ele>1100.6</ele>
   </trkpt>
   <trkpt lat="-29.8061370" lon="24.4193650">
    <ele>1100.7</ele>
   </trkpt>
   <trkpt lat="-29.8061580" lon="24.4193330">
    <ele>1100.8</ele>
   </trkpt>
   <trkpt lat="-29.8061800" lon="24.4193000">
    <ele>1101.0</ele>
   </trkpt>
   <trkpt lat="-29.8062050" lon="24.4192700">
    <ele>1101.1</ele>
   </trkpt>
   <trkpt lat="-29.8062280" lon="24.4192400">
    <ele>1101.3</ele>
   </trkpt>
   <trkpt lat="-29.8062530" lon="24.4192100">
    <ele>1101.4</ele>
   </trkpt>
   <trkpt lat="-29.8062800" lon="24.4191780">
    <ele>1101.6</ele>
   </trkpt>
   <trkpt lat="-29.8063070" lon="24.4191450">
    <ele>1101.7</ele>
   </trkpt>
   <trkpt lat="-29.8063320" lon="24.4191080">
    <ele>1101.9</ele>
   </trkpt>
   <trkpt lat="-29.8063550" lon="24.4190730">
    <ele>1102.0</ele>
   </trkpt>
   <trkpt lat="-29.8063800" lon="24.4190400">
    <ele>1102.1</ele>
   </trkpt>
   <trkpt lat="-29.8064080" lon="24.4190070">
    <ele>1102.2</ele>
   </trkpt>
   <trkpt lat="-29.8064350" lon="24.4189730">
    <ele>1102.3</ele>
   </trkpt>
   <trkpt lat="-29.8064620" lon="24.4189370">
    <ele>1102.4</ele>
   </trkpt>
   <trkpt lat="-29.8064880" lon="24.4189030">
    <ele>1102.5</ele>
   </trkpt>
   <trkpt lat="-29.8065120" lon="24.4188720">
    <ele>1102.6</ele>
   </trkpt>
   <trkpt lat="-29.8065400" lon="24.4188420">
    <ele>1102.7</ele>
   </trkpt>
   <trkpt lat="-29.8065680" lon="24.4188100">
    <ele>1102.8</ele>
   </trkpt>
   <trkpt lat="-29.8065970" lon="24.4187780">
    <ele>1102.9</ele>
   </trkpt>
   <trkpt lat="-29.8066220" lon="24.4187450">
    <ele>1103.0</ele>
   </trkpt>
   <trkpt lat="-29.8066470" lon="24.4187100">
    <ele>1103.1</ele>
   </trkpt>
   <trkpt lat="-29.8066720" lon="24.4186730">
    <ele>1103.3</ele>
   </trkpt>
   <trkpt lat="-29.8066970" lon="24.4186380">
    <ele>1103.4</ele>
   </trkpt>
   <trkpt lat="-29.8067220" lon="24.4186030">
    <ele>1103.6</ele>
   </trkpt>
   <trkpt lat="-29.8067450" lon="24.4185670">
    <ele>1103.5</ele>
   </trkpt>
   <trkpt lat="-29.8067680" lon="24.4185300">
    <ele>1103.3</ele>
   </trkpt>
   <trkpt lat="-29.8067970" lon="24.4184980">
    <ele>1103.0</ele>
   </trkpt>
   <trkpt lat="-29.8068270" lon="24.4184680">
    <ele>1102.8</ele>
   </trkpt>
   <trkpt lat="-29.8068580" lon="24.4184380">
    <ele>1102.6</ele>
   </trkpt>
   <trkpt lat="-29.8068900" lon="24.4184120">
    <ele>1102.3</ele>
   </trkpt>
   <trkpt lat="-29.8069250" lon="24.4183980">
    <ele>1102.1</ele>
   </trkpt>
   <trkpt lat="-29.8069580" lon="24.4184020">
    <ele>1102.1</ele>
   </trkpt>
   <trkpt lat="-29.8069780" lon="24.4184230">
    <ele>1102.1</ele>
   </trkpt>
   <trkpt lat="-29.8069790" lon="24.4184670">
    <ele>1102.1</ele>
   </trkpt>
   <trkpt lat="-29.8069770" lon="24.4184820">
    <ele>1102.1</ele>
   </trkpt>
   <trkpt lat="-29.8069780" lon="24.4185270">
    <ele>1102.1</ele>
   </trkpt>
   <trkpt lat="-29.8069780" lon="24.4185430">
    <ele>1102.1</ele>
   </trkpt>
   <trkpt lat="-29.8069780" lon="24.4185780">
    <ele>1102.1</ele>
   </trkpt>
   <trkpt lat="-29.8069780" lon="24.4186120">
    <ele>1102.1</ele>
   </trkpt>
   <trkpt lat="-29.8069770" lon="24.4186480">
    <ele>1102.1</ele>
   </trkpt>
   <trkpt lat="-29.8069780" lon="24.4186870">
    <ele>1102.1</ele>
   </trkpt>
   <trkpt lat="-29.8069820" lon="24.4187250">
    <ele>1102.1</ele>
   </trkpt>
   <trkpt lat="-29.8069830" lon="24.4187630">
    <ele>1102.1</ele>
   </trkpt>
   <trkpt lat="-29.8069850" lon="24.4188030">
    <ele>1102.1</ele>
   </trkpt>
   <trkpt lat="-29.8069880" lon="24.4188420">
    <ele>1102.1</ele>
   </trkpt>
   <trkpt lat="-29.8069920" lon="24.4188820">
    <ele>1102.1</ele>
   </trkpt>
   <trkpt lat="-29.8069950" lon="24.4189200">
    <ele>1102.1</ele>
   </trkpt>
   <trkpt lat="-29.8070000" lon="24.4189550">
    <ele>1102.1</ele>
   </trkpt>
   <trkpt lat="-29.8069970" lon="24.4189920">
    <ele>1102.1</ele>
   </trkpt>
   <trkpt lat="-29.8069900" lon="24.4190280">
    <ele>1102.1</ele>
   </trkpt>
   <trkpt lat="-29.8069830" lon="24.4190670">
    <ele>1102.1</ele>
   </trkpt>
   <trkpt lat="-29.8069830" lon="24.4191080">
    <ele>1102.1</ele>
   </trkpt>
   <trkpt lat="-29.8069850" lon="24.4191480">
    <ele>1102.1</ele>
   </trkpt>
   <trkpt lat="-29.8069880" lon="24.4191880">
    <ele>1102.1</ele>
   </trkpt>
   <trkpt lat="-29.8069920" lon="24.4192270">
    <ele>1102.1</ele>
   </trkpt>
   <trkpt lat="-29.8069950" lon="24.4192650">
    <ele>1102.1</ele>
   </trkpt>
   <trkpt lat="-29.8069970" lon="24.4193030">
    <ele>1102.1</ele>
   </trkpt>
   <trkpt lat="-29.8070020" lon="24.4193420">
    <ele>1102.1</ele>
   </trkpt>
   <trkpt lat="-29.8070030" lon="24.4193800">
    <ele>1102.1</ele>
   </trkpt>
   <trkpt lat="-29.8070050" lon="24.4194170">
    <ele>1102.1</ele>
   </trkpt>
   <trkpt lat="-29.8070080" lon="24.4194570">
    <ele>1102.1</ele>
   </trkpt>
   <trkpt lat="-29.8070100" lon="24.4194930">
    <ele>1102.1</ele>
   </trkpt>
   <trkpt lat="-29.8070120" lon="24.4195320">
    <ele>1102.1</ele>
   </trkpt>
   <trkpt lat="-29.8070130" lon="24.4195680">
    <ele>1102.1</ele>
   </trkpt>
   <trkpt lat="-29.8070120" lon="24.4196050">
    <ele>1102.1</ele>
   </trkpt>
   <trkpt lat="-29.8070120" lon="24.4196380">
    <ele>1102.1</ele>
   </trkpt>
   <trkpt lat="-29.8070080" lon="24.4196700">
    <ele>1102.1</ele>
   </trkpt>
   <trkpt lat="-29.8070050" lon="24.4197030">
    <ele>1102.1</ele>
   </trkpt>
   <trkpt lat="-29.8070100" lon="24.4197400">
    <ele>1102.1</ele>
   </trkpt>
   <trkpt lat="-29.8070230" lon="24.4197730">
    <ele>1102.1</ele>
   </trkpt>
   <trkpt lat="-29.8070450" lon="24.4198000">
    <ele>1102.1</ele>
   </trkpt>
   <trkpt lat="-29.8070730" lon="24.4198150">
    <ele>1102.2</ele>
   </trkpt>
   <trkpt lat="-29.8071020" lon="24.4198230">
    <ele>1102.3</ele>
   </trkpt>
   <trkpt lat="-29.8071400" lon="24.4198240">
    <ele>1102.4</ele>
   </trkpt>
   <trkpt lat="-29.8071520" lon="24.4198230">
    <ele>1102.5</ele>
   </trkpt>
   <trkpt lat="-29.8071870" lon="24.4198230">
    <ele>1102.6</ele>
   </trkpt>
   <trkpt lat="-29.8071980" lon="24.4198250">
    <ele>1102.7</ele>
   </trkpt>
   <trkpt lat="-29.8072380" lon="24.4198260">
    <ele>1102.8</ele>
   </trkpt>
   <trkpt lat="-29.8072500" lon="24.4198250">
    <ele>1102.9</ele>
   </trkpt>
   <trkpt lat="-29.8072820" lon="24.4198270">
    <ele>1103.0</ele>
   </trkpt>
   <trkpt lat="-29.8072930" lon="24.4198270">
    <ele>1103.0</ele>
   </trkpt>
   <trkpt lat="-29.8073240" lon="24.4198270">
    <ele>1103.2</ele>
   </trkpt>
   <trkpt lat="-29.8073350" lon="24.4198270">
    <ele>1103.2</ele>
   </trkpt>
   <trkpt lat="-29.8073730" lon="24.4198300">
    <ele>1103.4</ele>
   </trkpt>
   <trkpt lat="-29.8073850" lon="24.4198330">
    <ele>1103.4</ele>
   </trkpt>
   <trkpt lat="-29.8074190" lon="24.4198400">
    <ele>1103.6</ele>
   </trkpt>
   <trkpt lat="-29.8074300" lon="24.4198430">
    <ele>1103.6</ele>
   </trkpt>
   <trkpt lat="-29.8074620" lon="24.4198460">
    <ele>1103.7</ele>
   </trkpt>
   <trkpt lat="-29.8074730" lon="24.4198470">
    <ele>1103.8</ele>
   </trkpt>
   <trkpt lat="-29.8075050" lon="24.4198470">
    <ele>1103.9</ele>
   </trkpt>
   <trkpt lat="-29.8075150" lon="24.4198480">
    <ele>1103.9</ele>
   </trkpt>
   <trkpt lat="-29.8075490" lon="24.4198510">
    <ele>1104.1</ele>
   </trkpt>
   <trkpt lat="-29.8075600" lon="24.4198530">
    <ele>1104.1</ele>
   </trkpt>
   <trkpt lat="-29.8075940" lon="24.4198560">
    <ele>1104.3</ele>
   </trkpt>
   <trkpt lat="-29.8076050" lon="24.4198570">
    <ele>1104.3</ele>
   </trkpt>
   <trkpt lat="-29.8076350" lon="24.4198600">
    <ele>1104.4</ele>
   </trkpt>
   <trkpt lat="-29.8076450" lon="24.4198600">
    <ele>1104.5</ele>
   </trkpt>
   <trkpt lat="-29.8076740" lon="24.4198660">
    <ele>1104.6</ele>
   </trkpt>
   <trkpt lat="-29.8076830" lon="24.4198680">
    <ele>1104.6</ele>
   </trkpt>
   <trkpt lat="-29.8077110" lon="24.4198600">
    <ele>1105.0</ele>
   </trkpt>
   <trkpt lat="-29.8077180" lon="24.4198550">
    <ele>1105.0</ele>
   </trkpt>
   <trkpt lat="-29.8077350" lon="24.4198220">
    <ele>1105.0</ele>
   </trkpt>
   <trkpt lat="-29.8077370" lon="24.4198080">
    <ele>1105.0</ele>
   </trkpt>
   <trkpt lat="-29.8077350" lon="24.4197730">
    <ele>1105.0</ele>
   </trkpt>
   <trkpt lat="-29.8077270" lon="24.4197400">
    <ele>1105.0</ele>
   </trkpt>
   <trkpt lat="-29.8077080" lon="24.4197130">
    <ele>1104.9</ele>
   </trkpt>
   <trkpt lat="-29.8076850" lon="24.4196900">
    <ele>1104.9</ele>
   </trkpt>
   <trkpt lat="-29.8076530" lon="24.4196770">
    <ele>1104.9</ele>
   </trkpt>
   <trkpt lat="-29.8076200" lon="24.4196700">
    <ele>1104.9</ele>
   </trkpt>
   <trkpt lat="-29.8075850" lon="24.4196720">
    <ele>1104.9</ele>
   </trkpt>
   <trkpt lat="-29.8075530" lon="24.4196770">
    <ele>1104.9</ele>
   </trkpt>
   <trkpt lat="-29.8075200" lon="24.4196830">
    <ele>1104.9</ele>
   </trkpt>
   <trkpt lat="-29.8074870" lon="24.4196950">
    <ele>1104.9</ele>
   </trkpt>
   <trkpt lat="-29.8074530" lon="24.4197000">
    <ele>1104.9</ele>
   </trkpt>
   <trkpt lat="-29.8074220" lon="24.4197030">
    <ele>1104.9</ele>
   </trkpt>
   <trkpt lat="-29.8073880" lon="24.4196970">
    <ele>1104.9</ele>
   </trkpt>
   <trkpt lat="-29.8073580" lon="24.4196830">
    <ele>1104.9</ele>
   </trkpt>
   <trkpt lat="-29.8073320" lon="24.4196670">
    <ele>1104.8</ele>
   </trkpt>
   <trkpt lat="-29.8073100" lon="24.4196450">
    <ele>1104.8</ele>
   </trkpt>
   <trkpt lat="-29.8072930" lon="24.4196200">
    <ele>1104.8</ele>
   </trkpt>
   <trkpt lat="-29.8072780" lon="24.4195810">
    <ele>1104.8</ele>
   </trkpt>
   <trkpt lat="-29.8072750" lon="24.4195650">
    <ele>1104.8</ele>
   </trkpt>
   <trkpt lat="-29.8072780" lon="24.4195450">
    <ele>1104.8</ele>
   </trkpt>
   <trkpt lat="-29.8072830" lon="24.4195280">
    <ele>1104.8</ele>
   </trkpt>
   <trkpt lat="-29.8072950" lon="24.4195120">
    <ele>1104.8</ele>
   </trkpt>
   <trkpt lat="-29.8072980" lon="24.4195060">
    <ele>1104.8</ele>
   </trkpt>
   <trkpt lat="-29.8073020" lon="24.4195000">
    <ele>1104.8</ele>
   </trkpt>
   <trkpt lat="-29.8073050" lon="24.4194930">
    <ele>1104.8</ele>
   </trkpt>
   <trkpt lat="-29.8073080" lon="24.4194870">
    <ele>1104.8</ele>
   </trkpt>
   <trkpt lat="-29.8073110" lon="24.4194810">
    <ele>1104.8</ele>
   </trkpt>
   <trkpt lat="-29.8073150" lon="24.4194750">
    <ele>1104.8</ele>
   </trkpt>
   <trkpt lat="-29.8073180" lon="24.4194690">
    <ele>1104.8</ele>
   </trkpt>
   <trkpt lat="-29.8073210" lon="24.4194630">
    <ele>1104.8</ele>
   </trkpt>
   <trkpt lat="-29.8073240" lon="24.4194570">
    <ele>1104.8</ele>
   </trkpt>
   <trkpt lat="-29.8073270" lon="24.4194500">
    <ele>1104.8</ele>
   </trkpt>
   <trkpt lat="-29.8073310" lon="24.4194440">
    <ele>1104.8</ele>
   </trkpt>
   <trkpt lat="-29.8073340" lon="24.4194380">
    <ele>1104.8</ele>
   </trkpt>
   <trkpt lat="-29.8073370" lon="24.4194320">
    <ele>1104.8</ele>
   </trkpt>
   <trkpt lat="-29.8073570" lon="24.4194200">
    <ele>1104.8</ele>
   </trkpt>
   <trkpt lat="-29.8073630" lon="24.4194180">
    <ele>1104.8</ele>
   </trkpt>
   <trkpt lat="-29.8073700" lon="24.4194150">
    <ele>1104.8</ele>
   </trkpt>
   <trkpt lat="-29.8073850" lon="24.4194120">
    <ele>1104.8</ele>
   </trkpt>
   <trkpt lat="-29.8073930" lon="24.4194120">
    <ele>1104.8</ele>
   </trkpt>
   <trkpt lat="-29.8074000" lon="24.4194120">
    <ele>1104.8</ele>
   </trkpt>
   <trkpt lat="-29.8074080" lon="24.4194120">
    <ele>1104.8</ele>
   </trkpt>
   <trkpt lat="-29.8074290" lon="24.4194110">
    <ele>1104.8</ele>
   </trkpt>
   <trkpt lat="-29.8074390" lon="24.4194110">
    <ele>1104.8</ele>
   </trkpt>
   <trkpt lat="-29.8074480" lon="24.4194120">
    <ele>1104.8</ele>
   </trkpt>
   <trkpt lat="-29.8074630" lon="24.4194120">
    <ele>1104.8</ele>
   </trkpt>
   <trkpt lat="-29.8074770" lon="24.4194120">
    <ele>1104.8</ele>
   </trkpt>
   <trkpt lat="-29.8074870" lon="24.4194150">
    <ele>1104.8</ele>
   </trkpt>
   <trkpt lat="-29.8074970" lon="24.4194170">
    <ele>1104.8</ele>
   </trkpt>
   <trkpt lat="-29.8075070" lon="24.4194180">
    <ele>1104.8</ele>
   </trkpt>
   <trkpt lat="-29.8075170" lon="24.4194220">
    <ele>1104.8</ele>
   </trkpt>
   <trkpt lat="-29.8075230" lon="24.4194130">
    <ele>1104.7</ele>
   </trkpt>
   <trkpt lat="-29.8075380" lon="24.4194100">
    <ele>1104.8</ele>
   </trkpt>
   <trkpt lat="-29.8075660" lon="24.4194160">
    <ele>1104.8</ele>
   </trkpt>
   <trkpt lat="-29.8075780" lon="24.4194200">
    <ele>1104.8</ele>
   </trkpt>
   <trkpt lat="-29.8076170" lon="24.4194220">
    <ele>1104.8</ele>
   </trkpt>
   <trkpt lat="-29.8076300" lon="24.4194230">
    <ele>1104.8</ele>
   </trkpt>
   <trkpt lat="-29.8076580" lon="24.4194230">
    <ele>1104.9</ele>
   </trkpt>
   <trkpt lat="-29.8076920" lon="24.4194220">
    <ele>1104.9</ele>
   </trkpt>
   <trkpt lat="-29.8077220" lon="24.4194200">
    <ele>1104.9</ele>
   </trkpt>
   <trkpt lat="-29.8077530" lon="24.4194200">
    <ele>1104.9</ele>
   </trkpt>
   <trkpt lat="-29.8077880" lon="24.4194180">
    <ele>1105.0</ele>
   </trkpt>
   <trkpt lat="-29.8078220" lon="24.4194200">
    <ele>1105.0</ele>
   </trkpt>
   <trkpt lat="-29.8078550" lon="24.4194230">
    <ele>1105.0</ele>
   </trkpt>
   <trkpt lat="-29.8078870" lon="24.4194250">
    <ele>1105.0</ele>
   </trkpt>
   <trkpt lat="-29.8079180" lon="24.4194280">
    <ele>1105.0</ele>
   </trkpt>
   <trkpt lat="-29.8079520" lon="24.4194320">
    <ele>1105.0</ele>
   </trkpt>
   <trkpt lat="-29.8079830" lon="24.4194370">
    <ele>1105.0</ele>
   </trkpt>
   <trkpt lat="-29.8080170" lon="24.4194400">
    <ele>1105.0</ele>
   </trkpt>
   <trkpt lat="-29.8080500" lon="24.4194400">
    <ele>1105.0</ele>
   </trkpt>
   <trkpt lat="-29.8080830" lon="24.4194400">
    <ele>1105.0</ele>
   </trkpt>
   <trkpt lat="-29.8081170" lon="24.4194350">
    <ele>1105.0</ele>
   </trkpt>
   <trkpt lat="-29.8081520" lon="24.4194320">
    <ele>1105.0</ele>
   </trkpt>
   <trkpt lat="-29.8081870" lon="24.4194270">
    <ele>1105.0</ele>
   </trkpt>
   <trkpt lat="-29.8082230" lon="24.4194180">
    <ele>1105.0</ele>
   </trkpt>
   <trkpt lat="-29.8082600" lon="24.4194150">
    <ele>1105.0</ele>
   </trkpt>
   <trkpt lat="-29.8082950" lon="24.4194080">
    <ele>1104.9</ele>
   </trkpt>
   <trkpt lat="-29.8083300" lon="24.4194000">
    <ele>1104.9</ele>
   </trkpt>
   <trkpt lat="-29.8083670" lon="24.4193920">
    <ele>1104.8</ele>
   </trkpt>
   <trkpt lat="-29.8084000" lon="24.4193820">
    <ele>1104.6</ele>
   </trkpt>
   <trkpt lat="-29.8084330" lon="24.4193720">
    <ele>1104.4</ele>
   </trkpt>
   <trkpt lat="-29.8084700" lon="24.4193620">
    <ele>1104.1</ele>
   </trkpt>
   <trkpt lat="-29.8085050" lon="24.4193500">
    <ele>1103.8</ele>
   </trkpt>
   <trkpt lat="-29.8085380" lon="24.4193370">
    <ele>1103.8</ele>
   </trkpt>
   <trkpt lat="-29.8085700" lon="24.4193170">
    <ele>1103.9</ele>
   </trkpt>
   <trkpt lat="-29.8086020" lon="24.4192970">
    <ele>1104.3</ele>
   </trkpt>
   <trkpt lat="-29.8086300" lon="24.4192720">
    <ele>1104.5</ele>
   </trkpt>
   <trkpt lat="-29.8086620" lon="24.4192420">
    <ele>1104.5</ele>
   </trkpt>
   <trkpt lat="-29.8086900" lon="24.4192080">
    <ele>1104.7</ele>
   </trkpt>
   <trkpt lat="-29.8087130" lon="24.4191770">
    <ele>1104.8</ele>
   </trkpt>
   <trkpt lat="-29.8087320" lon="24.4191400">
    <ele>1104.7</ele>
   </trkpt>
   <trkpt lat="-29.8087430" lon="24.4191030">
    <ele>1104.9</ele>
   </trkpt>
   <trkpt lat="-29.8087500" lon="24.4190650">
    <ele>1104.8</ele>
   </trkpt>
   <trkpt lat="-29.8087530" lon="24.4190250">
    <ele>1104.8</ele>
   </trkpt>
   <trkpt lat="-29.8087530" lon="24.4189820">
    <ele>1104.8</ele>
   </trkpt>
   <trkpt lat="-29.8087500" lon="24.4189420">
    <ele>1104.8</ele>
   </trkpt>
   <trkpt lat="-29.8087450" lon="24.4189030">
    <ele>1104.8</ele>
   </trkpt>
   <trkpt lat="-29.8087350" lon="24.4188670">
    <ele>1105.0</ele>
   </trkpt>
   <trkpt lat="-29.8087180" lon="24.4188300">
    <ele>1104.9</ele>
   </trkpt>
   <trkpt lat="-29.8087030" lon="24.4187950">
    <ele>1104.8</ele>
   </trkpt>
   <trkpt lat="-29.8086880" lon="24.4187630">
    <ele>1104.9</ele>
   </trkpt>
   <trkpt lat="-29.8086720" lon="24.4187320">
    <ele>1104.9</ele>
   </trkpt>
   <trkpt lat="-29.8086480" lon="24.4187050">
    <ele>1105.1</ele>
   </trkpt>
   <trkpt lat="-29.8086220" lon="24.4186780">
    <ele>1105.4</ele>
   </trkpt>
   <trkpt lat="-29.8085900" lon="24.4186580">
    <ele>1105.4</ele>
   </trkpt>
   <trkpt lat="-29.8085570" lon="24.4186430">
    <ele>1105.4</ele>
   </trkpt>
   <trkpt lat="-29.8085200" lon="24.4186300">
    <ele>1105.3</ele>
   </trkpt>
   <trkpt lat="-29.8084850" lon="24.4186170">
    <ele>1105.1</ele>
   </trkpt>
   <trkpt lat="-29.8084520" lon="24.4186020">
    <ele>1104.7</ele>
   </trkpt>
   <trkpt lat="-29.8084180" lon="24.4185920">
    <ele>1104.2</ele>
   </trkpt>
   <trkpt lat="-29.8083830" lon="24.4185830">
    <ele>1103.7</ele>
   </trkpt>
   <trkpt lat="-29.8083520" lon="24.4185800">
    <ele>1103.6</ele>
   </trkpt>
   <trkpt lat="-29.8083170" lon="24.4185780">
    <ele>1103.6</ele>
   </trkpt>
   <trkpt lat="-29.8082820" lon="24.4185800">
    <ele>1103.5</ele>
   </trkpt>
   <trkpt lat="-29.8082480" lon="24.4185800">
    <ele>1103.4</ele>
   </trkpt>
   <trkpt lat="-29.8082170" lon="24.4185780">
    <ele>1103.3</ele>
   </trkpt>
   <trkpt lat="-29.8081870" lon="24.4185770">
    <ele>1103.3</ele>
   </trkpt>
   <trkpt lat="-29.8081450" lon="24.4185720">
    <ele>1103.2</ele>
   </trkpt>
   <trkpt lat="-29.8081300" lon="24.4185720">
    <ele>1103.1</ele>
   </trkpt>
   <trkpt lat="-29.8081020" lon="24.4185730">
    <ele>1103.1</ele>
   </trkpt>
   <trkpt lat="-29.8080750" lon="24.4185780">
    <ele>1103.0</ele>
   </trkpt>
   <trkpt lat="-29.8080370" lon="24.4185830">
    <ele>1102.9</ele>
   </trkpt>
   <trkpt lat="-29.8080270" lon="24.4185830">
    <ele>1102.9</ele>
   </trkpt>
   <trkpt lat="-29.8080080" lon="24.4185800">
    <ele>1102.9</ele>
   </trkpt>
   <trkpt lat="-29.8079930" lon="24.4185780">
    <ele>1102.9</ele>
   </trkpt>
   <trkpt lat="-29.8079800" lon="24.4185770">
    <ele>1102.9</ele>
   </trkpt>
   <trkpt lat="-29.8079720" lon="24.4185770">
    <ele>1102.9</ele>
   </trkpt>
   <trkpt lat="-29.8079730" lon="24.4185730">
    <ele>1102.9</ele>
   </trkpt>
   <trkpt lat="-29.8079730" lon="24.4185730">
    <ele>1102.9</ele>
   </trkpt>
   <trkpt lat="-29.8079730" lon="24.4185730">
    <ele>1102.9</ele>
   </trkpt>
   <trkpt lat="-29.8079730" lon="24.4185730">
    <ele>1102.9</ele>
   </trkpt>
   <trkpt lat="-29.8079730" lon="24.4185730">
    <ele>1102.9</ele>
   </trkpt>
   <trkpt lat="-29.8079730" lon="24.4185730">
    <ele>1102.9</ele>
   </trkpt>
   <trkpt lat="-29.8079730" lon="24.4185730">
    <ele>1102.9</ele>
   </trkpt>
   <trkpt lat="-29.8079730" lon="24.4185730">
    <ele>1102.9</ele>
   </trkpt>
   <trkpt lat="-29.8079730" lon="24.4185730">
    <ele>1102.9</ele>
   </trkpt>
  </trkseg>
 </trk>
</gpx>
