<?xml version="1.0" encoding="UTF-8"?>
<gpx creator="StravaGPX" version="1.1" xmlns="http://www.topografix.com/GPX/1/1" xmlns:xsi="http://www.w3.org/2001/XMLSchema-instance" xsi:schemaLocation="http://www.topografix.com/GPX/1/1 http://www.topografix.com/GPX/1/1/gpx.xsd">
 <trk>
  <name>Morning Gravel Ride</name>
  <type>gravel_biking</type>
  <trkseg>
   <trkpt lat="-29.8077720" lon="24.4194600">
    <ele>1105.0</ele>
   </trkpt>
   <trkpt lat="-29.8077600" lon="24.4194710">
    <ele>1105.0</ele>
   </trkpt>
   <trkpt lat="-29.8077430" lon="24.4194740">
    <ele>1104.9</ele>
   </trkpt>
   <trkpt lat="-29.8077320" lon="24.4194710">
    <ele>1104.9</ele>
   </trkpt>
   <trkpt lat="-29.8077010" lon="24.4194690">
    <ele>1104.9</ele>
   </trkpt>
   <trkpt lat="-29.8076880" lon="24.4194690">
    <ele>1104.9</ele>
   </trkpt>
   <trkpt lat="-29.8076530" lon="24.4194780">
    <ele>1104.9</ele>
   </trkpt>
   <trkpt lat="-29.8076400" lon="24.4194810">
    <ele>1104.9</ele>
   </trkpt>
   <trkpt lat="-29.8076120" lon="24.4194850">
    <ele>1104.9</ele>
   </trkpt>
   <trkpt lat="-29.8076020" lon="24.4194880">
    <ele>1104.8</ele>
   </trkpt>
   <trkpt lat="-29.8075710" lon="24.4194910">
    <ele>1104.8</ele>
   </trkpt>
   <trkpt lat="-29.8075600" lon="24.4194930">
    <ele>1104.8</ele>
   </trkpt>
   <trkpt lat="-29.8075450" lon="24.4194950">
    <ele>1104.8</ele>
   </trkpt>
   <trkpt lat="-29.8075300" lon="24.4194960">
    <ele>1104.8</ele>
   </trkpt>
   <trkpt lat="-29.8075150" lon="24.4194980">
    <ele>1104.8</ele>
   </trkpt>
   <trkpt lat="-29.8075020" lon="24.4195010">
    <ele>1104.8</ele>
   </trkpt>
   <trkpt lat="-29.8074730" lon="24.4194970">
    <ele>1104.8</ele>
   </trkpt>
   <trkpt lat="-29.8074650" lon="24.4194930">
    <ele>1104.7</ele>
   </trkpt>
   <trkpt lat="-29.8074580" lon="24.4194840">
    <ele>1104.7</ele>
   </trkpt>
   <trkpt lat="-29.8074640" lon="24.4194980">
    <ele>1104.7</ele>
   </trkpt>
   <trkpt lat="-29.8074650" lon="24.4194970">
    <ele>1104.7</ele>
   </trkpt>
   <trkpt lat="-29.8074680" lon="24.4194950">
    <ele>1104.7</ele>
   </trkpt>
   <trkpt lat="-29.8074700" lon="24.4195020">
    <ele>1104.7</ele>
   </trkpt>
   <trkpt lat="-29.8074740" lon="24.4195010">
    <ele>1104.7</ele>
   </trkpt>
   <trkpt lat="-29.8074700" lon="24.4195000">
    <ele>1104.7</ele>
   </trkpt>
   <trkpt lat="-29.8074660" lon="24.4195030">
    <ele>1104.7</ele>
   </trkpt>
   <trkpt lat="-29.8074640" lon="24.4195040">
    <ele>1104.7</ele>
   </trkpt>
   <trkpt lat="-29.8074610" lon="24.4194930">
    <ele>1104.7</ele>
   </trkpt>
   <trkpt lat="-29.8074280" lon="24.4194970">
    <ele>1104.7</ele>
   </trkpt>
   <trkpt lat="-29.8074220" lon="24.4194980">
    <ele>1104.7</ele>
   </trkpt>
   <trkpt lat="-29.8074160" lon="24.4194960">
    <ele>1104.7</ele>
   </trkpt>
   <trkpt lat="-29.8074100" lon="24.4194970">
    <ele>1104.7</ele>
   </trkpt>
   <trkpt lat="-29.8074020" lon="24.4194950">
    <ele>1104.7</ele>
   </trkpt>
   <trkpt lat="-29.8073930" lon="24.4194950">
    <ele>1104.7</ele>
   </trkpt>
   <trkpt lat="-29.8073840" lon="24.4194930">
    <ele>1104.7</ele>
   </trkpt>
   <trkpt lat="-29.8073770" lon="24.4194930">
    <ele>1104.7</ele>
   </trkpt>
   <trkpt lat="-29.8073680" lon="24.4194950">
    <ele>1104.7</ele>
   </trkpt>
   <trkpt lat="-29.8073590" lon="24.4194910">
    <ele>1104.7</ele>
   </trkpt>
   <trkpt lat="-29.8073480" lon="24.4194880">
    <ele>1104.7</ele>
   </trkpt>
   <trkpt lat="-29.8073300" lon="24.4194930">
    <ele>1104.7</ele>
   </trkpt>
   <trkpt lat="-29.8073190" lon="24.4194950">
    <ele>1104.7</ele>
   </trkpt>
   <trkpt lat="-29.8073090" lon="24.4194980">
    <ele>1104.7</ele>
   </trkpt>
   <trkpt lat="-29.8072900" lon="24.4195170">
    <ele>1104.7</ele>
   </trkpt>
   <trkpt lat="-29.8072970" lon="24.4195320">
    <ele>1104.7</ele>
   </trkpt>
   <trkpt lat="-29.8073040" lon="24.4195710">
    <ele>1104.7</ele>
   </trkpt>
   <trkpt lat="-29.8073170" lon="24.4195930">
    <ele>1104.7</ele>
   </trkpt>
   <trkpt lat="-29.8073220" lon="24.4196080">
    <ele>1104.7</ele>
   </trkpt>
   <trkpt lat="-29.8073510" lon="24.4196290">
    <ele>1104.6</ele>
   </trkpt>
   <trkpt lat="-29.8073570" lon="24.4196340">
    <ele>1104.6</ele>
   </trkpt>
   <trkpt lat="-29.8073880" lon="24.4196310">
    <ele>1104.7</ele>
   </trkpt>
   <trkpt lat="-29.8073960" lon="24.4196270">
    <ele>1104.7</ele>
   </trkpt>
   <trkpt lat="-29.8074210" lon="24.4196270">
    <ele>1104.7</ele>
   </trkpt>
   <trkpt lat="-29.8074220" lon="24.4196200">
    <ele>1104.7</ele>
   </trkpt>
   <trkpt lat="-29.8074500" lon="24.4196060">
    <ele>1104.7</ele>
   </trkpt>
   <trkpt lat="-29.8074820" lon="24.4195980">
    <ele>1104.7</ele>
   </trkpt>
   <trkpt lat="-29.8075020" lon="24.4195860">
    <ele>1104.7</ele>
   </trkpt>
   <trkpt lat="-29.8075480" lon="24.4195850">
    <ele>1104.7</ele>
   </trkpt>
   <trkpt lat="-29.8075720" lon="24.4195790">
    <ele>1104.7</ele>
   </trkpt>
   <trkpt lat="-29.8076070" lon="24.4195740">
    <ele>1104.8</ele>
   </trkpt>
   <trkpt lat="-29.8076350" lon="24.4195680">
    <ele>1104.8</ele>
   </trkpt>
   <trkpt lat="-29.8076720" lon="24.4195700">
    <ele>1104.8</ele>
   </trkpt>
   <trkpt lat="-29.8077090" lon="24.4195730">
    <ele>1104.9</ele>
   </trkpt>
   <trkpt lat="-29.8077490" lon="24.4195720">
    <ele>1104.9</ele>
   </trkpt>
   <trkpt lat="-29.8077820" lon="24.4195630">
    <ele>1105.0</ele>
   </trkpt>
   <trkpt lat="-29.8078220" lon="24.4195820">
    <ele>1105.0</ele>
   </trkpt>
   <trkpt lat="-29.8078560" lon="24.4195890">
    <ele>1105.0</ele>
   </trkpt>
   <trkpt lat="-29.8078910" lon="24.4195980">
    <ele>1105.1</ele>
   </trkpt>
   <trkpt lat="-29.8079250" lon="24.4196100">
    <ele>1105.1</ele>
   </trkpt>
   <trkpt lat="-29.8079560" lon="24.4196120">
    <ele>1105.1</ele>
   </trkpt>
   <trkpt lat="-29.8079880" lon="24.4196100">
    <ele>1105.2</ele>
   </trkpt>
   <trkpt lat="-29.8080200" lon="24.4195950">
    <ele>1105.2</ele>
   </trkpt>
   <trkpt lat="-29.8080570" lon="24.4196100">
    <ele>1105.3</ele>
   </trkpt>
   <trkpt lat="-29.8080840" lon="24.4196050">
    <ele>1105.4</ele>
   </trkpt>
   <trkpt lat="-29.8081180" lon="24.4196080">
    <ele>1105.4</ele>
   </trkpt>
   <trkpt lat="-29.8081480" lon="24.4196100">
    <ele>1105.5</ele>
   </trkpt>
   <trkpt lat="-29.8081790" lon="24.4196090">
    <ele>1105.5</ele>
   </trkpt>
   <trkpt lat="-29.8082080" lon="24.4196110">
    <ele>1105.6</ele>
   </trkpt>
   <trkpt lat="-29.8082360" lon="24.4196080">
    <ele>1105.6</ele>
   </trkpt>
   <trkpt lat="-29.8082660" lon="24.4196090">
    <ele>1105.7</ele>
   </trkpt>
   <trkpt lat="-29.8082950" lon="24.4196100">
    <ele>1105.7</ele>
   </trkpt>
   <trkpt lat="-29.8083220" lon="24.4196080">
    <ele>1105.8</ele>
   </trkpt>
   <trkpt lat="-29.8083500" lon="24.4196100">
    <ele>1105.8</ele>
   </trkpt>
   <trkpt lat="-29.8083790" lon="24.4196140">
    <ele>1105.9</ele>
   </trkpt>
   <trkpt lat="-29.8084070" lon="24.4196160">
    <ele>1105.9</ele>
   </trkpt>
   <trkpt lat="-29.8084350" lon="24.4196110">
    <ele>1106.0</ele>
   </trkpt>
   <trkpt lat="-29.8084650" lon="24.4196130">
    <ele>1106.1</ele>
   </trkpt>
   <trkpt lat="-29.8085060" lon="24.4196200">
    <ele>1106.1</ele>
   </trkpt>
   <trkpt lat="-29.8085210" lon="24.4196240">
    <ele>1106.2</ele>
   </trkpt>
   <trkpt lat="-29.8085640" lon="24.4196240">
    <ele>1106.3</ele>
   </trkpt>
   <trkpt lat="-29.8085810" lon="24.4196270">
    <ele>1106.3</ele>
   </trkpt>
   <trkpt lat="-29.8086220" lon="24.4196200">
    <ele>1106.4</ele>
   </trkpt>
   <trkpt lat="-29.8086360" lon="24.4196210">
    <ele>1106.4</ele>
   </trkpt>
   <trkpt lat="-29.8086690" lon="24.4196250">
    <ele>1106.5</ele>
   </trkpt>
   <trkpt lat="-29.8086960" lon="24.4196260">
    <ele>1106.6</ele>
   </trkpt>
   <trkpt lat="-29.8087220" lon="24.4196340">
    <ele>1106.6</ele>
   </trkpt>
   <trkpt lat="-29.8087630" lon="24.4196310">
    <ele>1106.7</ele>
   </trkpt>
   <trkpt lat="-29.8087770" lon="24.4196290">
    <ele>1106.7</ele>
   </trkpt>
   <trkpt lat="-29.8088180" lon="24.4196170">
    <ele>1106.8</ele>
   </trkpt>
   <trkpt lat="-29.8088320" lon="24.4196090">
    <ele>1106.8</ele>
   </trkpt>
   <trkpt lat="-29.8088730" lon="24.4195960">
    <ele>1106.9</ele>
   </trkpt>
   <trkpt lat="-29.8088900" lon="24.4195930">
    <ele>1106.9</ele>
   </trkpt>
   <trkpt lat="-29.8089180" lon="24.4195820">
    <ele>1106.9</ele>
   </trkpt>
   <trkpt lat="-29.8089430" lon="24.4195670">
    <ele>1106.9</ele>
   </trkpt>
   <trkpt lat="-29.8089640" lon="24.4195410">
    <ele>1106.9</ele>
   </trkpt>
   <trkpt lat="-29.8089820" lon="24.4195080">
    <ele>1106.9</ele>
   </trkpt>
   <trkpt lat="-29.8089940" lon="24.4194650">
    <ele>1106.9</ele>
   </trkpt>
   <trkpt lat="-29.8090090" lon="24.4194180">
    <ele>1106.9</ele>
   </trkpt>
   <trkpt lat="-29.8090190" lon="24.4193740">
    <ele>1106.9</ele>
   </trkpt>
   <trkpt lat="-29.8090270" lon="24.4193370">
    <ele>1106.9</ele>
   </trkpt>
   <trkpt lat="-29.8090340" lon="24.4192900">
    <ele>1106.9</ele>
   </trkpt>
   <trkpt lat="-29.8090450" lon="24.4192500">
    <ele>1106.9</ele>
   </trkpt>
   <trkpt lat="-29.8090530" lon="24.4192090">
    <ele>1106.9</ele>
   </trkpt>
   <trkpt lat="-29.8090560" lon="24.4191650">
    <ele>1106.9</ele>
   </trkpt>
   <trkpt lat="-29.8090640" lon="24.4191200">
    <ele>1106.9</ele>
   </trkpt>
   <trkpt lat="-29.8090770" lon="24.4190770">
    <ele>1106.9</ele>
   </trkpt>
   <trkpt lat="-29.8090840" lon="24.4190310">
    <ele>1106.9</ele>
   </trkpt>
   <trkpt lat="-29.8090870" lon="24.4189920">
    <ele>1106.9</ele>
   </trkpt>
   <trkpt lat="-29.8090970" lon="24.4189460">
    <ele>1106.9</ele>
   </trkpt>
   <trkpt lat="-29.8091110" lon="24.4189030">
    <ele>1107.0</ele>
   </trkpt>
   <trkpt lat="-29.8091280" lon="24.4188630">
    <ele>1107.0</ele>
   </trkpt>
   <trkpt lat="-29.8091460" lon="24.4188210">
    <ele>1107.0</ele>
   </trkpt>
   <trkpt lat="-29.8091610" lon="24.4187800">
    <ele>1107.1</ele>
   </trkpt>
   <trkpt lat="-29.8091810" lon="24.4187390">
    <ele>1107.1</ele>
   </trkpt>
   <trkpt lat="-29.8092020" lon="24.4187020">
    <ele>1107.2</ele>
   </trkpt>
   <trkpt lat="-29.8092210" lon="24.4186600">
    <ele>1107.2</ele>
   </trkpt>
   <trkpt lat="-29.8092460" lon="24.4186260">
    <ele>1107.3</ele>
   </trkpt>
   <trkpt lat="-29.8092800" lon="24.4185990">
    <ele>1107.3</ele>
   </trkpt>
   <trkpt lat="-29.8093050" lon="24.4185640">
    <ele>1107.4</ele>
   </trkpt>
   <trkpt lat="-29.8093330" lon="24.4185350">
    <ele>1107.4</ele>
   </trkpt>
   <trkpt lat="-29.8093570" lon="24.4184990">
    <ele>1107.5</ele>
   </trkpt>
   <trkpt lat="-29.8093820" lon="24.4184720">
    <ele>1107.5</ele>
   </trkpt>
   <trkpt lat="-29.8094130" lon="24.4184450">
    <ele>1107.6</ele>
   </trkpt>
   <trkpt lat="-29.8094350" lon="24.4184200">
    <ele>1107.6</ele>
   </trkpt>
   <trkpt lat="-29.8094600" lon="24.4183920">
    <ele>1107.7</ele>
   </trkpt>
   <trkpt lat="-29.8094900" lon="24.4183690">
    <ele>1107.7</ele>
   </trkpt>
   <trkpt lat="-29.8095180" lon="24.4183440">
    <ele>1107.7</ele>
   </trkpt>
   <trkpt lat="-29.8095430" lon="24.4183190">
    <ele>1107.8</ele>
   </trkpt>
   <trkpt lat="-29.8095610" lon="24.4182910">
    <ele>1107.8</ele>
   </trkpt>
   <trkpt lat="-29.8095840" lon="24.4182690">
    <ele>1107.9</ele>
   </trkpt>
   <trkpt lat="-29.8096020" lon="24.4182410">
    <ele>1107.9</ele>
   </trkpt>
   <trkpt lat="-29.8096280" lon="24.4182120">
    <ele>1107.9</ele>
   </trkpt>
   <trkpt lat="-29.8096570" lon="24.4181850">
    <ele>1108.0</ele>
   </trkpt>
   <trkpt lat="-29.8096620" lon="24.4181710">
    <ele>1108.0</ele>
   </trkpt>
   <trkpt lat="-29.8096830" lon="24.4181320">
    <ele>1108.0</ele>
   </trkpt>
   <trkpt lat="-29.8096920" lon="24.4181180">
    <ele>1108.0</ele>
   </trkpt>
   <trkpt lat="-29.8097270" lon="24.4181140">
    <ele>1108.1</ele>
   </trkpt>
   <trkpt lat="-29.8097390" lon="24.4180800">
    <ele>1108.1</ele>
   </trkpt>
   <trkpt lat="-29.8097590" lon="24.4180440">
    <ele>1108.1</ele>
   </trkpt>
   <trkpt lat="-29.8097770" lon="24.4180100">
    <ele>1108.1</ele>
   </trkpt>
   <trkpt lat="-29.8098000" lon="24.4179750">
    <ele>1108.1</ele>
   </trkpt>
   <trkpt lat="-29.8098250" lon="24.4179510">
    <ele>1108.1</ele>
   </trkpt>
   <trkpt lat="-29.8098540" lon="24.4179280">
    <ele>1108.2</ele>
   </trkpt>
   <trkpt lat="-29.8098830" lon="24.4179010">
    <ele>1108.2</ele>
   </trkpt>
   <trkpt lat="-29.8099060" lon="24.4178740">
    <ele>1108.2</ele>
   </trkpt>
   <trkpt lat="-29.8099240" lon="24.4178400">
    <ele>1108.3</ele>
   </trkpt>
   <trkpt lat="-29.8099470" lon="24.4178130">
    <ele>1108.3</ele>
   </trkpt>
   <trkpt lat="-29.8099670" lon="24.4177800">
    <ele>1108.3</ele>
   </trkpt>
   <trkpt lat="-29.8099880" lon="24.4177460">
    <ele>1108.4</ele>
   </trkpt>
   <trkpt lat="-29.8100110" lon="24.4177140">
    <ele>1108.4</ele>
   </trkpt>
   <trkpt lat="-29.8100320" lon="24.4176810">
    <ele>1108.5</ele>
   </trkpt>
   <trkpt lat="-29.8100520" lon="24.4176490">
    <ele>1108.6</ele>
   </trkpt>
   <trkpt lat="-29.8100700" lon="24.4176150">
    <ele>1108.6</ele>
   </trkpt>
   <trkpt lat="-29.8100900" lon="24.4175830">
    <ele>1108.6</ele>
   </trkpt>
   <trkpt lat="-29.8101110" lon="24.4175480">
    <ele>1108.7</ele>
   </trkpt>
   <trkpt lat="-29.8101340" lon="24.4175190">
    <ele>1108.7</ele>
   </trkpt>
   <trkpt lat="-29.8101580" lon="24.4174890">
    <ele>1108.7</ele>
   </trkpt>
   <trkpt lat="-29.8101840" lon="24.4174580">
    <ele>1108.8</ele>
   </trkpt>
   <trkpt lat="-29.8102090" lon="24.4174300">
    <ele>1108.8</ele>
   </trkpt>
   <trkpt lat="-29.8102310" lon="24.4173980">
    <ele>1108.8</ele>
   </trkpt>
   <trkpt lat="-29.8102550" lon="24.4173700">
    <ele>1108.8</ele>
   </trkpt>
   <trkpt lat="-29.8102700" lon="24.4173420">
    <ele>1108.9</ele>
   </trkpt>
   <trkpt lat="-29.8102980" lon="24.4173100">
    <ele>1108.9</ele>
   </trkpt>
   <trkpt lat="-29.8103300" lon="24.4172810">
    <ele>1109.0</ele>
   </trkpt>
   <trkpt lat="-29.8103550" lon="24.4172520">
    <ele>1109.0</ele>
   </trkpt>
   <trkpt lat="-29.8103780" lon="24.4172190">
    <ele>1109.1</ele>
   </trkpt>
   <trkpt lat="-29.8104000" lon="24.4171890">
    <ele>1109.2</ele>
   </trkpt>
   <trkpt lat="-29.8104250" lon="24.4171610">
    <ele>1109.2</ele>
   </trkpt>
   <trkpt lat="-29.8104460" lon="24.4171340">
    <ele>1109.3</ele>
   </trkpt>
   <trkpt lat="-29.8104680" lon="24.4171030">
    <ele>1109.4</ele>
   </trkpt>
   <trkpt lat="-29.8104840" lon="24.4170560">
    <ele>1109.5</ele>
   </trkpt>
   <trkpt lat="-29.8105010" lon="24.4170390">
    <ele>1109.5</ele>
   </trkpt>
   <trkpt lat="-29.8105210" lon="24.4170100">
    <ele>1109.6</ele>
   </trkpt>
   <trkpt lat="-29.8105460" lon="24.4169800">
    <ele>1109.7</ele>
   </trkpt>
   <trkpt lat="-29.8105680" lon="24.4169550">
    <ele>1109.8</ele>
   </trkpt>
   <trkpt lat="-29.8105930" lon="24.4169310">
    <ele>1109.9</ele>
   </trkpt>
   <trkpt lat="-29.8106190" lon="24.4169110">
    <ele>1109.9</ele>
   </trkpt>
   <trkpt lat="-29.8106400" lon="24.4168870">
    <ele>1110.0</ele>
   </trkpt>
   <trkpt lat="-29.8106670" lon="24.4168650">
    <ele>1110.1</ele>
   </trkpt>
   <trkpt lat="-29.8106880" lon="24.4168390">
    <ele>1110.2</ele>
   </trkpt>
   <trkpt lat="-29.8107110" lon="24.4168110">
    <ele>1110.3</ele>
   </trkpt>
   <trkpt lat="-29.8107280" lon="24.4167800">
    <ele>1110.3</ele>
   </trkpt>
   <trkpt lat="-29.8107560" lon="24.4167430">
    <ele>1110.4</ele>
   </trkpt>
   <trkpt lat="-29.8107650" lon="24.4167270">
    <ele>1110.5</ele>
   </trkpt>
   <trkpt lat="-29.8107910" lon="24.4166970">
    <ele>1110.5</ele>
   </trkpt>
   <trkpt lat="-29.8108040" lon="24.4166910">
    <ele>1110.6</ele>
   </trkpt>
   <trkpt lat="-29.8108110" lon="24.4166800">
    <ele>1110.6</ele>
   </trkpt>
   <trkpt lat="-29.8108180" lon="24.4166680">
    <ele>1110.6</ele>
   </trkpt>
   <trkpt lat="-29.8108220" lon="24.4166290">
    <ele>1110.7</ele>
   </trkpt>
   <trkpt lat="-29.8108490" lon="24.4166000">
    <ele>1110.7</ele>
   </trkpt>
   <trkpt lat="-29.8108590" lon="24.4165910">
    <ele>1110.7</ele>
   </trkpt>
   <trkpt lat="-29.8108710" lon="24.4165550">
    <ele>1110.7</ele>
   </trkpt>
   <trkpt lat="-29.8108730" lon="24.4165440">
    <ele>1110.6</ele>
   </trkpt>
   <trkpt lat="-29.8108660" lon="24.4165070">
    <ele>1110.6</ele>
   </trkpt>
   <trkpt lat="-29.8108580" lon="24.4164950">
    <ele>1110.5</ele>
   </trkpt>
   <trkpt lat="-29.8108290" lon="24.4164980">
    <ele>1110.5</ele>
   </trkpt>
   <trkpt lat="-29.8107980" lon="24.4164690">
    <ele>1110.4</ele>
   </trkpt>
   <trkpt lat="-29.8107750" lon="24.4164390">
    <ele>1110.3</ele>
   </trkpt>
   <trkpt lat="-29.8107520" lon="24.4164030">
    <ele>1110.1</ele>
   </trkpt>
   <trkpt lat="-29.8107280" lon="24.4163630">
    <ele>1110.0</ele>
   </trkpt>
   <trkpt lat="-29.8107040" lon="24.4163120">
    <ele>1109.9</ele>
   </trkpt>
   <trkpt lat="-29.8106700" lon="24.4162730">
    <ele>1109.8</ele>
   </trkpt>
   <trkpt lat="-29.8106420" lon="24.4162300">
    <ele>1109.7</ele>
   </trkpt>
   <trkpt lat="-29.8106110" lon="24.4161910">
    <ele>1109.5</ele>
   </trkpt>
   <trkpt lat="-29.8105790" lon="24.4161550">
    <ele>1109.4</ele>
   </trkpt>
   <trkpt lat="-29.8105420" lon="24.4161090">
    <ele>1109.3</ele>
   </trkpt>
   <trkpt lat="-29.8105040" lon="24.4160730">
    <ele>1109.1</ele>
   </trkpt>
   <trkpt lat="-29.8104670" lon="24.4160240">
    <ele>1109.0</ele>
   </trkpt>
   <trkpt lat="-29.8104310" lon="24.4159790">
    <ele>1108.8</ele>
   </trkpt>
   <trkpt lat="-29.8103950" lon="24.4159300">
    <ele>1108.6</ele>
   </trkpt>
   <trkpt lat="-29.8103580" lon="24.4158760">
    <ele>1108.5</ele>
   </trkpt>
   <trkpt lat="-29.8103200" lon="24.4158310">
    <ele>1108.4</ele>
   </trkpt>
   <trkpt lat="-29.8102790" lon="24.4157900">
    <ele>1108.2</ele>
   </trkpt>
   <trkpt lat="-29.8102410" lon="24.4157480">
    <ele>1108.1</ele>
   </trkpt>
   <trkpt lat="-29.8102030" lon="24.4157040">
    <ele>1107.9</ele>
   </trkpt>
   <trkpt lat="-29.8101660" lon="24.4156540">
    <ele>1107.7</ele>
   </trkpt>
   <trkpt lat="-29.8101260" lon="24.4156080">
    <ele>1107.6</ele>
   </trkpt>
   <trkpt lat="-29.8100850" lon="24.4155660">
    <ele>1107.4</ele>
   </trkpt>
   <trkpt lat="-29.8100490" lon="24.4155240">
    <ele>1107.2</ele>
   </trkpt>
   <trkpt lat="-29.8100110" lon="24.4154830">
    <ele>1107.0</ele>
   </trkpt>
   <trkpt lat="-29.8099730" lon="24.4154360">
    <ele>1106.9</ele>
   </trkpt>
   <trkpt lat="-29.8099310" lon="24.4153960">
    <ele>1106.6</ele>
   </trkpt>
   <trkpt lat="-29.8098890" lon="24.4153470">
    <ele>1106.4</ele>
   </trkpt>
   <trkpt lat="-29.8098480" lon="24.4153020">
    <ele>1106.2</ele>
   </trkpt>
   <trkpt lat="-29.8098080" lon="24.4152660">
    <ele>1106.1</ele>
   </trkpt>
   <trkpt lat="-29.8097730" lon="24.4152210">
    <ele>1105.9</ele>
   </trkpt>
   <trkpt lat="-29.8097330" lon="24.4151940">
    <ele>1105.7</ele>
   </trkpt>
   <trkpt lat="-29.8096860" lon="24.4151900">
    <ele>1105.6</ele>
   </trkpt>
   <trkpt lat="-29.8096390" lon="24.4151990">
    <ele>1105.5</ele>
   </trkpt>
   <trkpt lat="-29.8095860" lon="24.4152230">
    <ele>1105.4</ele>
   </trkpt>
   <trkpt lat="-29.8095410" lon="24.4152590">
    <ele>1105.3</ele>
   </trkpt>
   <trkpt lat="-29.8095040" lon="24.4153020">
    <ele>1105.2</ele>
   </trkpt>
   <trkpt lat="-29.8094730" lon="24.4153470">
    <ele>1105.2</ele>
   </trkpt>
   <trkpt lat="-29.8094440" lon="24.4153920">
    <ele>1105.1</ele>
   </trkpt>
   <trkpt lat="-29.8094190" lon="24.4154300">
    <ele>1105.0</ele>
   </trkpt>
   <trkpt lat="-29.8093880" lon="24.4154700">
    <ele>1105.0</ele>
   </trkpt>
   <trkpt lat="-29.8093600" lon="24.4155120">
    <ele>1104.9</ele>
   </trkpt>
   <trkpt lat="-29.8093260" lon="24.4155510">
    <ele>1104.9</ele>
   </trkpt>
   <trkpt lat="-29.8092950" lon="24.4155870">
    <ele>1104.8</ele>
   </trkpt>
   <trkpt lat="-29.8092680" lon="24.4156250">
    <ele>1104.8</ele>
   </trkpt>
   <trkpt lat="-29.8092400" lon="24.4156650">
    <ele>1104.7</ele>
   </trkpt>
   <trkpt lat="-29.8092100" lon="24.4157020">
    <ele>1104.7</ele>
   </trkpt>
   <trkpt lat="-29.8091820" lon="24.4157380">
    <ele>1104.7</ele>
   </trkpt>
   <trkpt lat="-29.8091430" lon="24.4157660">
    <ele>1104.6</ele>
   </trkpt>
   <trkpt lat="-29.8091140" lon="24.4158080">
    <ele>1104.6</ele>
   </trkpt>
   <trkpt lat="-29.8090740" lon="24.4158550">
    <ele>1104.6</ele>
   </trkpt>
   <trkpt lat="-29.8090320" lon="24.4159020">
    <ele>1104.5</ele>
   </trkpt>
   <trkpt lat="-29.8090000" lon="24.4159420">
    <ele>1104.5</ele>
   </trkpt>
   <trkpt lat="-29.8089600" lon="24.4159620">
    <ele>1104.5</ele>
   </trkpt>
   <trkpt lat="-29.8089400" lon="24.4160070">
    <ele>1104.4</ele>
   </trkpt>
   <trkpt lat="-29.8088860" lon="24.4160500">
    <ele>1104.3</ele>
   </trkpt>
   <trkpt lat="-29.8088540" lon="24.4160930">
    <ele>1104.3</ele>
   </trkpt>
   <trkpt lat="-29.8088270" lon="24.4161400">
    <ele>1104.2</ele>
   </trkpt>
   <trkpt lat="-29.8088030" lon="24.4161740">
    <ele>1104.1</ele>
   </trkpt>
   <trkpt lat="-29.8087670" lon="24.4162100">
    <ele>1104.1</ele>
   </trkpt>
   <trkpt lat="-29.8087370" lon="24.4162480">
    <ele>1104.0</ele>
   </trkpt>
   <trkpt lat="-29.8087020" lon="24.4162860">
    <ele>1103.9</ele>
   </trkpt>
   <trkpt lat="-29.8086780" lon="24.4163250">
    <ele>1103.9</ele>
   </trkpt>
   <trkpt lat="-29.8086490" lon="24.4163600">
    <ele>1103.8</ele>
   </trkpt>
   <trkpt lat="-29.8086170" lon="24.4163920">
    <ele>1103.8</ele>
   </trkpt>
   <trkpt lat="-29.8085840" lon="24.4164250">
    <ele>1103.7</ele>
   </trkpt>
   <trkpt lat="-29.8085670" lon="24.4164590">
    <ele>1103.7</ele>
   </trkpt>
   <trkpt lat="-29.8085370" lon="24.4164920">
    <ele>1103.6</ele>
   </trkpt>
   <trkpt lat="-29.8085140" lon="24.4165280">
    <ele>1103.6</ele>
   </trkpt>
   <trkpt lat="-29.8084860" lon="24.4165670">
    <ele>1103.6</ele>
   </trkpt>
   <trkpt lat="-29.8084650" lon="24.4166060">
    <ele>1103.5</ele>
   </trkpt>
   <trkpt lat="-29.8084410" lon="24.4166420">
    <ele>1103.5</ele>
   </trkpt>
   <trkpt lat="-29.8084090" lon="24.4166790">
    <ele>1103.5</ele>
   </trkpt>
   <trkpt lat="-29.8083850" lon="24.4167170">
    <ele>1103.4</ele>
   </trkpt>
   <trkpt lat="-29.8083610" lon="24.4167590">
    <ele>1103.4</ele>
   </trkpt>
   <trkpt lat="-29.8083370" lon="24.4167940">
    <ele>1103.3</ele>
   </trkpt>
   <trkpt lat="-29.8082970" lon="24.4168310">
    <ele>1103.2</ele>
   </trkpt>
   <trkpt lat="-29.8082720" lon="24.4168740">
    <ele>1103.2</ele>
   </trkpt>
   <trkpt lat="-29.8082350" lon="24.4169060">
    <ele>1103.1</ele>
   </trkpt>
   <trkpt lat="-29.8081930" lon="24.4169500">
    <ele>1103.0</ele>
   </trkpt>
   <trkpt lat="-29.8081620" lon="24.4169880">
    <ele>1103.0</ele>
   </trkpt>
   <trkpt lat="-29.8081290" lon="24.4170300">
    <ele>1102.9</ele>
   </trkpt>
   <trkpt lat="-29.8081010" lon="24.4170770">
    <ele>1102.8</ele>
   </trkpt>
   <trkpt lat="-29.8080650" lon="24.4171240">
    <ele>1102.8</ele>
   </trkpt>
   <trkpt lat="-29.8080400" lon="24.4171570">
    <ele>1102.7</ele>
   </trkpt>
   <trkpt lat="-29.8080070" lon="24.4171910">
    <ele>1102.6</ele>
   </trkpt>
   <trkpt lat="-29.8079700" lon="24.4172270">
    <ele>1102.6</ele>
   </trkpt>
   <trkpt lat="-29.8079380" lon="24.4172630">
    <ele>1102.5</ele>
   </trkpt>
   <trkpt lat="-29.8079080" lon="24.4173010">
    <ele>1102.4</ele>
   </trkpt>
   <trkpt lat="-29.8078740" lon="24.4173370">
    <ele>1102.4</ele>
   </trkpt>
   <trkpt lat="-29.8078380" lon="24.4173690">
    <ele>1102.3</ele>
   </trkpt>
   <trkpt lat="-29.8078010" lon="24.4173970">
    <ele>1102.3</ele>
   </trkpt>
   <trkpt lat="-29.8077650" lon="24.4174250">
    <ele>1102.2</ele>
   </trkpt>
   <trkpt lat="-29.8077260" lon="24.4174530">
    <ele>1102.1</ele>
   </trkpt>
   <trkpt lat="-29.8076880" lon="24.4174830">
    <ele>1102.1</ele>
   </trkpt>
   <trkpt lat="-29.8076430" lon="24.4175150">
    <ele>1102.0</ele>
   </trkpt>
   <trkpt lat="-29.8075990" lon="24.4175440">
    <ele>1101.9</ele>
   </trkpt>
   <trkpt lat="-29.8075610" lon="24.4175800">
    <ele>1101.8</ele>
   </trkpt>
   <trkpt lat="-29.8075210" lon="24.4176040">
    <ele>1101.8</ele>
   </trkpt>
   <trkpt lat="-29.8074820" lon="24.4176270">
    <ele>1101.7</ele>
   </trkpt>
   <trkpt lat="-29.8074450" lon="24.4176640">
    <ele>1101.7</ele>
   </trkpt>
   <trkpt lat="-29.8074110" lon="24.4177000">
    <ele>1101.6</ele>
   </trkpt>
   <trkpt lat="-29.8073760" lon="24.4177340">
    <ele>1101.6</ele>
   </trkpt>
   <trkpt lat="-29.8073430" lon="24.4177630">
    <ele>1101.6</ele>
   </trkpt>
   <trkpt lat="-29.8073100" lon="24.4178020">
    <ele>1101.6</ele>
   </trkpt>
   <trkpt lat="-29.8072810" lon="24.4178430">
    <ele>1101.5</ele>
   </trkpt>
   <trkpt lat="-29.8072520" lon="24.4178750">
    <ele>1101.5</ele>
   </trkpt>
   <trkpt lat="-29.8072170" lon="24.4179120">
    <ele>1101.5</ele>
   </trkpt>
   <trkpt lat="-29.8071910" lon="24.4179440">
    <ele>1101.5</ele>
   </trkpt>
   <trkpt lat="-29.8071540" lon="24.4179750">
    <ele>1101.4</ele>
   </trkpt>
   <trkpt lat="-29.8071210" lon="24.4180160">
    <ele>1101.4</ele>
   </trkpt>
   <trkpt lat="-29.8070870" lon="24.4180540">
    <ele>1101.3</ele>
   </trkpt>
   <trkpt lat="-29.8070610" lon="24.4180980">
    <ele>1101.3</ele>
   </trkpt>
   <trkpt lat="-29.8070320" lon="24.4181360">
    <ele>1101.3</ele>
   </trkpt>
   <trkpt lat="-29.8069950" lon="24.4181630">
    <ele>1101.2</ele>
   </trkpt>
   <trkpt lat="-29.8069680" lon="24.4181950">
    <ele>1101.2</ele>
   </trkpt>
   <trkpt lat="-29.8069480" lon="24.4182340">
    <ele>1101.2</ele>
   </trkpt>
   <trkpt lat="-29.8069190" lon="24.4182780">
    <ele>1101.1</ele>
   </trkpt>
   <trkpt lat="-29.8068900" lon="24.4183130">
    <ele>1101.1</ele>
   </trkpt>
   <trkpt lat="-29.8068560" lon="24.4183420">
    <ele>1101.1</ele>
   </trkpt>
   <trkpt lat="-29.8068200" lon="24.4183630">
    <ele>1101.1</ele>
   </trkpt>
   <trkpt lat="-29.8067980" lon="24.4184150">
    <ele>1101.1</ele>
   </trkpt>
   <trkpt lat="-29.8067660" lon="24.4184560">
    <ele>1101.1</ele>
   </trkpt>
   <trkpt lat="-29.8067320" lon="24.4184970">
    <ele>1101.0</ele>
   </trkpt>
   <trkpt lat="-29.8066960" lon="24.4185370">
    <ele>1101.0</ele>
   </trkpt>
   <trkpt lat="-29.8066610" lon="24.4185730">
    <ele>1101.0</ele>
   </trkpt>
   <trkpt lat="-29.8066340" lon="24.4186080">
    <ele>1101.0</ele>
   </trkpt>
   <trkpt lat="-29.8066080" lon="24.4186470">
    <ele>1101.0</ele>
   </trkpt>
   <trkpt lat="-29.8065830" lon="24.4186820">
    <ele>1101.0</ele>
   </trkpt>
   <trkpt lat="-29.8065580" lon="24.4187160">
    <ele>1101.0</ele>
   </trkpt>
   <trkpt lat="-29.8065370" lon="24.4187480">
    <ele>1101.0</ele>
   </trkpt>
   <trkpt lat="-29.8065100" lon="24.4187820">
    <ele>1100.9</ele>
   </trkpt>
   <trkpt lat="-29.8064820" lon="24.4188120">
    <ele>1100.9</ele>
   </trkpt>
   <trkpt lat="-29.8064470" lon="24.4188380">
    <ele>1100.9</ele>
   </trkpt>
   <trkpt lat="-29.8064180" lon="24.4188710">
    <ele>1100.9</ele>
   </trkpt>
   <trkpt lat="-29.8063920" lon="24.4189100">
    <ele>1100.9</ele>
   </trkpt>
   <trkpt lat="-29.8063650" lon="24.4189400">
    <ele>1100.9</ele>
   </trkpt>
   <trkpt lat="-29.8063380" lon="24.4189740">
    <ele>1100.9</ele>
   </trkpt>
   <trkpt lat="-29.8063090" lon="24.4190120">
    <ele>1100.9</ele>
   </trkpt>
   <trkpt lat="-29.8062810" lon="24.4190470">
    <ele>1100.9</ele>
   </trkpt>
   <trkpt lat="-29.8062520" lon="24.4190870">
    <ele>1100.9</ele>
   </trkpt>
   <trkpt lat="-29.8062220" lon="24.4191320">
    <ele>1100.9</ele>
   </trkpt>
   <trkpt lat="-29.8061900" lon="24.4191590">
    <ele>1100.9</ele>
   </trkpt>
   <trkpt lat="-29.8061610" lon="24.4192010">
    <ele>1100.8</ele>
   </trkpt>
   <trkpt lat="-29.8061370" lon="24.4192320">
    <ele>1100.8</ele>
   </trkpt>
   <trkpt lat="-29.8061180" lon="24.4192710">
    <ele>1100.8</ele>
   </trkpt>
   <trkpt lat="-29.8060960" lon="24.4193140">
    <ele>1100.8</ele>
   </trkpt>
   <trkpt lat="-29.8060750" lon="24.4193510">
    <ele>1100.7</ele>
   </trkpt>
   <trkpt lat="-29.8060450" lon="24.4193830">
    <ele>1100.7</ele>
   </trkpt>
   <trkpt lat="-29.8060100" lon="24.4194210">
    <ele>1100.7</ele>
   </trkpt>
   <trkpt lat="-29.8059760" lon="24.4194580">
    <ele>1100.6</ele>
   </trkpt>
   <trkpt lat="-29.8059460" lon="24.4195030">
    <ele>1100.5</ele>
   </trkpt>
   <trkpt lat="-29.8059210" lon="24.4195330">
    <ele>1100.5</ele>
   </trkpt>
   <trkpt lat="-29.8059300" lon="24.4195480">
    <ele>1100.5</ele>
   </trkpt>
   <trkpt lat="-29.8059260" lon="24.4195680">
    <ele>1100.5</ele>
   </trkpt>
   <trkpt lat="-29.8059210" lon="24.4195870">
    <ele>1100.4</ele>
   </trkpt>
   <trkpt lat="-29.8059110" lon="24.4195930">
    <ele>1100.4</ele>
   </trkpt>
   <trkpt lat="-29.8059050" lon="24.4196240">
    <ele>1100.4</ele>
   </trkpt>
   <trkpt lat="-29.8058840" lon="24.4196510">
    <ele>1100.4</ele>
   </trkpt>
   <trkpt lat="-29.8058730" lon="24.4196660">
    <ele>1100.3</ele>
   </trkpt>
   <trkpt lat="-29.8058360" lon="24.4196980">
    <ele>1100.2</ele>
   </trkpt>
   <trkpt lat="-29.8057830" lon="24.4197320">
    <ele>1100.2</ele>
   </trkpt>
   <trkpt lat="-29.8057200" lon="24.4197690">
    <ele>1100.1</ele>
   </trkpt>
   <trkpt lat="-29.8056790" lon="24.4198070">
    <ele>1100.0</ele>
   </trkpt>
   <trkpt lat="-29.8056410" lon="24.4198440">
    <ele>1099.9</ele>
   </trkpt>
   <trkpt lat="-29.8056020" lon="24.4198860">
    <ele>1099.9</ele>
   </trkpt>
   <trkpt lat="-29.8055700" lon="24.4199290">
    <ele>1099.8</ele>
   </trkpt>
   <trkpt lat="-29.8055310" lon="24.4199580">
    <ele>1099.7</ele>
   </trkpt>
   <trkpt lat="-29.8054880" lon="24.4199920">
    <ele>1099.6</ele>
   </trkpt>
   <trkpt lat="-29.8054510" lon="24.4200380">
    <ele>1099.5</ele>
   </trkpt>
   <trkpt lat="-29.8054110" lon="24.4200780">
    <ele>1099.4</ele>
   </trkpt>
   <trkpt lat="-29.8053750" lon="24.4201180">
    <ele>1099.3</ele>
   </trkpt>
   <trkpt lat="-29.8053320" lon="24.4201480">
    <ele>1099.2</ele>
   </trkpt>
   <trkpt lat="-29.8052990" lon="24.4201720">
    <ele>1099.1</ele>
   </trkpt>
   <trkpt lat="-29.8052480" lon="24.4202040">
    <ele>1099.0</ele>
   </trkpt>
   <trkpt lat="-29.8052180" lon="24.4202240">
    <ele>1098.9</ele>
   </trkpt>
   <trkpt lat="-29.8051740" lon="24.4202550">
    <ele>1098.8</ele>
   </trkpt>
   <trkpt lat="-29.8051310" lon="24.4202880">
    <ele>1098.6</ele>
   </trkpt>
   <trkpt lat="-29.8050780" lon="24.4203250">
    <ele>1098.5</ele>
   </trkpt>
   <trkpt lat="-29.8050420" lon="24.4203320">
    <ele>1098.4</ele>
   </trkpt>
   <trkpt lat="-29.8050280" lon="24.4203330">
    <ele>1098.3</ele>
   </trkpt>
   <trkpt lat="-29.8050150" lon="24.4203350">
    <ele>1098.3</ele>
   </trkpt>
   <trkpt lat="-29.8049470" lon="24.4203840">
    <ele>1098.1</ele>
   </trkpt>
   <trkpt lat="-29.8048640" lon="24.4203730">
    <ele>1097.8</ele>
   </trkpt>
   <trkpt lat="-29.8048050" lon="24.4203850">
    <ele>1097.7</ele>
   </trkpt>
   <trkpt lat="-29.8047520" lon="24.4204050">
    <ele>1097.5</ele>
   </trkpt>
   <trkpt lat="-29.8046920" lon="24.4204150">
    <ele>1097.3</ele>
   </trkpt>
   <trkpt lat="-29.8046240" lon="24.4204310">
    <ele>1097.2</ele>
   </trkpt>
   <trkpt lat="-29.8045710" lon="24.4204330">
    <ele>1097.0</ele>
   </trkpt>
   <trkpt lat="-29.8045220" lon="24.4204490">
    <ele>1096.9</ele>
   </trkpt>
   <trkpt lat="-29.8044750" lon="24.4204620">
    <ele>1096.9</ele>
   </trkpt>
   <trkpt lat="-29.8044250" lon="24.4204740">
    <ele>1096.8</ele>
   </trkpt>
   <trkpt lat="-29.8043670" lon="24.4204910">
    <ele>1096.7</ele>
   </trkpt>
   <trkpt lat="-29.8043080" lon="24.4204870">
    <ele>1096.6</ele>
   </trkpt>
   <trkpt lat="-29.8042520" lon="24.4204670">
    <ele>1096.4</ele>
   </trkpt>
   <trkpt lat="-29.8042090" lon="24.4204570">
    <ele>1096.3</ele>
   </trkpt>
   <trkpt lat="-29.8041520" lon="24.4204390">
    <ele>1096.2</ele>
   </trkpt>
   <trkpt lat="-29.8041140" lon="24.4204130">
    <ele>1096.1</ele>
   </trkpt>
   <trkpt lat="-29.8040540" lon="24.4203820">
    <ele>1096.0</ele>
   </trkpt>
   <trkpt lat="-29.8040330" lon="24.4203320">
    <ele>1095.9</ele>
   </trkpt>
   <trkpt lat="-29.8040230" lon="24.4203060">
    <ele>1095.9</ele>
   </trkpt>
   <trkpt lat="-29.8039760" lon="24.4202540">
    <ele>1095.8</ele>
   </trkpt>
   <trkpt lat="-29.8039540" lon="24.4202230">
    <ele>1095.7</ele>
   </trkpt>
   <trkpt lat="-29.8039020" lon="24.4201780">
    <ele>1095.6</ele>
   </trkpt>
   <trkpt lat="-29.8038550" lon="24.4201580">
    <ele>1095.5</ele>
   </trkpt>
   <trkpt lat="-29.8038250" lon="24.4201200">
    <ele>1095.5</ele>
   </trkpt>
   <trkpt lat="-29.8037810" lon="24.4200870">
    <ele>1095.4</ele>
   </trkpt>
   <trkpt lat="-29.8037300" lon="24.4200400">
    <ele>1095.3</ele>
   </trkpt>
   <trkpt lat="-29.8037090" lon="24.4199950">
    <ele>1095.2</ele>
   </trkpt>
   <trkpt lat="-29.8036700" lon="24.4199500">
    <ele>1095.2</ele>
   </trkpt>
   <trkpt lat="-29.8036420" lon="24.4199070">
    <ele>1095.1</ele>
   </trkpt>
   <trkpt lat="-29.8036060" lon="24.4198700">
    <ele>1095.1</ele>
   </trkpt>
   <trkpt lat="-29.8035900" lon="24.4198300">
    <ele>1095.0</ele>
   </trkpt>
   <trkpt lat="-29.8035550" lon="24.4197940">
    <ele>1095.0</ele>
   </trkpt>
   <trkpt lat="-29.8035230" lon="24.4197550">
    <ele>1095.0</ele>
   </trkpt>
   <trkpt lat="-29.8035030" lon="24.4197310">
    <ele>1095.0</ele>
   </trkpt>
   <trkpt lat="-29.8034780" lon="24.4196950">
    <ele>1094.9</ele>
   </trkpt>
   <trkpt lat="-29.8034440" lon="24.4196600">
    <ele>1094.9</ele>
   </trkpt>
   <trkpt lat="-29.8034030" lon="24.4196350">
    <ele>1094.9</ele>
   </trkpt>
   <trkpt lat="-29.8033820" lon="24.4195960">
    <ele>1094.9</ele>
   </trkpt>
   <trkpt lat="-29.8033410" lon="24.4195690">
    <ele>1094.8</ele>
   </trkpt>
   <trkpt lat="-29.8033160" lon="24.4195620">
    <ele>1094.8</ele>
   </trkpt>
   <trkpt lat="-29.8032960" lon="24.4195210">
    <ele>1094.8</ele>
   </trkpt>
   <trkpt lat="-29.8032560" lon="24.4194830">
    <ele>1094.7</ele>
   </trkpt>
   <trkpt lat="-29.8032210" lon="24.4194460">
    <ele>1094.7</ele>
   </trkpt>
   <trkpt lat="-29.8031900" lon="24.4194150">
    <ele>1094.6</ele>
   </trkpt>
   <trkpt lat="-29.8031580" lon="24.4193800">
    <ele>1094.6</ele>
   </trkpt>
   <trkpt lat="-29.8031250" lon="24.4193560">
    <ele>1094.6</ele>
   </trkpt>
   <trkpt lat="-29.8030840" lon="24.4193220">
    <ele>1094.5</ele>
   </trkpt>
   <trkpt lat="-29.8030450" lon="24.4192800">
    <ele>1094.5</ele>
   </trkpt>
   <trkpt lat="-29.8030350" lon="24.4192390">
    <ele>1094.5</ele>
   </trkpt>
   <trkpt lat="-29.8030570" lon="24.4192100">
    <ele>1094.5</ele>
   </trkpt>
   <trkpt lat="-29.8030940" lon="24.4191680">
    <ele>1094.6</ele>
   </trkpt>
   <trkpt lat="-29.8031780" lon="24.4191440">
    <ele>1094.6</ele>
   </trkpt>
   <trkpt lat="-29.8031940" lon="24.4191050">
    <ele>1094.6</ele>
   </trkpt>
   <trkpt lat="-29.8032200" lon="24.4190730">
    <ele>1094.6</ele>
   </trkpt>
   <trkpt lat="-29.8032490" lon="24.4190580">
    <ele>1094.6</ele>
   </trkpt>
   <trkpt lat="-29.8032810" lon="24.4190370">
    <ele>1094.6</ele>
   </trkpt>
   <trkpt lat="-29.8033100" lon="24.4189840">
    <ele>1094.6</ele>
   </trkpt>
   <trkpt lat="-29.8033400" lon="24.4189590">
    <ele>1094.6</ele>
   </trkpt>
   <trkpt lat="-29.8033540" lon="24.4189070">
    <ele>1094.7</ele>
   </trkpt>
   <trkpt lat="-29.8033840" lon="24.4188740">
    <ele>1094.7</ele>
   </trkpt>
   <trkpt lat="-29.8034140" lon="24.4188440">
    <ele>1094.7</ele>
   </trkpt>
   <trkpt lat="-29.8034410" lon="24.4188010">
    <ele>1094.7</ele>
   </trkpt>
   <trkpt lat="-29.8034690" lon="24.4187720">
    <ele>1094.8</ele>
   </trkpt>
   <trkpt lat="-29.8034450" lon="24.4187920">
    <ele>1094.8</ele>
   </trkpt>
   <trkpt lat="-29.8034610" lon="24.4187610">
    <ele>1094.8</ele>
   </trkpt>
   <trkpt lat="-29.8034750" lon="24.4187300">
    <ele>1094.8</ele>
   </trkpt>
   <trkpt lat="-29.8034990" lon="24.4187000">
    <ele>1094.8</ele>
   </trkpt>
   <trkpt lat="-29.8035110" lon="24.4186870">
    <ele>1094.8</ele>
   </trkpt>
   <trkpt lat="-29.8035320" lon="24.4186600">
    <ele>1094.8</ele>
   </trkpt>
   <trkpt lat="-29.8035390" lon="24.4186430">
    <ele>1094.9</ele>
   </trkpt>
   <trkpt lat="-29.8035680" lon="24.4186260">
    <ele>1094.9</ele>
   </trkpt>
   <trkpt lat="-29.8035810" lon="24.4186190">
    <ele>1094.9</ele>
   </trkpt>
   <trkpt lat="-29.8036180" lon="24.4185830">
    <ele>1094.9</ele>
   </trkpt>
   <trkpt lat="-29.8036460" lon="24.4185620">
    <ele>1094.9</ele>
   </trkpt>
   <trkpt lat="-29.8036630" lon="24.4185490">
    <ele>1094.9</ele>
   </trkpt>
   <trkpt lat="-29.8036750" lon="24.4185170">
    <ele>1094.9</ele>
   </trkpt>
   <trkpt lat="-29.8036830" lon="24.4185070">
    <ele>1095.0</ele>
   </trkpt>
   <trkpt lat="-29.8037200" lon="24.4184720">
    <ele>1095.0</ele>
   </trkpt>
   <trkpt lat="-29.8037350" lon="24.4184530">
    <ele>1095.0</ele>
   </trkpt>
   <trkpt lat="-29.8037460" lon="24.4184350">
    <ele>1095.0</ele>
   </trkpt>
   <trkpt lat="-29.8037680" lon="24.4183970">
    <ele>1095.0</ele>
   </trkpt>
   <trkpt lat="-29.8037940" lon="24.4183870">
    <ele>1095.0</ele>
   </trkpt>
   <trkpt lat="-29.8038130" lon="24.4183800">
    <ele>1095.0</ele>
   </trkpt>
   <trkpt lat="-29.8038250" lon="24.4183420">
    <ele>1095.0</ele>
   </trkpt>
   <trkpt lat="-29.8038290" lon="24.4183260">
    <ele>1095.0</ele>
   </trkpt>
   <trkpt lat="-29.8038660" lon="24.4182770">
    <ele>1095.0</ele>
   </trkpt>
   <trkpt lat="-29.8038910" lon="24.4182620">
    <ele>1095.0</ele>
   </trkpt>
   <trkpt lat="-29.8039290" lon="24.4182360">
    <ele>1095.0</ele>
   </trkpt>
   <trkpt lat="-29.8039370" lon="24.4182010">
    <ele>1095.0</ele>
   </trkpt>
   <trkpt lat="-29.8039390" lon="24.4181650">
    <ele>1095.1</ele>
   </trkpt>
   <trkpt lat="-29.8039950" lon="24.4180880">
    <ele>1095.1</ele>
   </trkpt>
   <trkpt lat="-29.8040070" lon="24.4180440">
    <ele>1095.1</ele>
   </trkpt>
   <trkpt lat="-29.8040170" lon="24.4180290">
    <ele>1095.1</ele>
   </trkpt>
   <trkpt lat="-29.8040350" lon="24.4180040">
    <ele>1095.1</ele>
   </trkpt>
   <trkpt lat="-29.8040620" lon="24.4179830">
    <ele>1095.1</ele>
   </trkpt>
   <trkpt lat="-29.8040950" lon="24.4179370">
    <ele>1095.2</ele>
   </trkpt>
   <trkpt lat="-29.8041470" lon="24.4178730">
    <ele>1095.2</ele>
   </trkpt>
   <trkpt lat="-29.8041970" lon="24.4178170">
    <ele>1095.3</ele>
   </trkpt>
   <trkpt lat="-29.8042480" lon="24.4177650">
    <ele>1095.3</ele>
   </trkpt>
   <trkpt lat="-29.8042820" lon="24.4176980">
    <ele>1095.3</ele>
   </trkpt>
   <trkpt lat="-29.8043270" lon="24.4176640">
    <ele>1095.4</ele>
   </trkpt>
   <trkpt lat="-29.8043030" lon="24.4177200">
    <ele>1095.4</ele>
   </trkpt>
   <trkpt lat="-29.8043390" lon="24.4176870">
    <ele>1095.4</ele>
   </trkpt>
   <trkpt lat="-29.8043580" lon="24.4176740">
    <ele>1095.4</ele>
   </trkpt>
   <trkpt lat="-29.8043930" lon="24.4176150">
    <ele>1095.5</ele>
   </trkpt>
   <trkpt lat="-29.8044320" lon="24.4176010">
    <ele>1095.5</ele>
   </trkpt>
   <trkpt lat="-29.8044540" lon="24.4175980">
    <ele>1095.5</ele>
   </trkpt>
   <trkpt lat="-29.8044650" lon="24.4175600">
    <ele>1095.6</ele>
   </trkpt>
   <trkpt lat="-29.8044840" lon="24.4175220">
    <ele>1095.6</ele>
   </trkpt>
   <trkpt lat="-29.8044970" lon="24.4175110">
    <ele>1095.6</ele>
   </trkpt>
   <trkpt lat="-29.8045290" lon="24.4174940">
    <ele>1095.6</ele>
   </trkpt>
   <trkpt lat="-29.8045540" lon="24.4174900">
    <ele>1095.7</ele>
   </trkpt>
   <trkpt lat="-29.8045630" lon="24.4174720">
    <ele>1095.7</ele>
   </trkpt>
   <trkpt lat="-29.8045850" lon="24.4174070">
    <ele>1095.7</ele>
   </trkpt>
   <trkpt lat="-29.8046000" lon="24.4173600">
    <ele>1095.8</ele>
   </trkpt>
   <trkpt lat="-29.8046100" lon="24.4173200">
    <ele>1095.8</ele>
   </trkpt>
   <trkpt lat="-29.8046150" lon="24.4172730">
    <ele>1095.8</ele>
   </trkpt>
   <trkpt lat="-29.8046570" lon="24.4172990">
    <ele>1095.9</ele>
   </trkpt>
   <trkpt lat="-29.8046870" lon="24.4172590">
    <ele>1095.9</ele>
   </trkpt>
   <trkpt lat="-29.8047030" lon="24.4172390">
    <ele>1095.9</ele>
   </trkpt>
   <trkpt lat="-29.8047260" lon="24.4172160">
    <ele>1096.0</ele>
   </trkpt>
   <trkpt lat="-29.8047430" lon="24.4172020">
    <ele>1096.0</ele>
   </trkpt>
   <trkpt lat="-29.8047750" lon="24.4171550">
    <ele>1096.0</ele>
   </trkpt>
   <trkpt lat="-29.8047990" lon="24.4171240">
    <ele>1096.1</ele>
   </trkpt>
   <trkpt lat="-29.8048200" lon="24.4170800">
    <ele>1096.1</ele>
   </trkpt>
   <trkpt lat="-29.8048290" lon="24.4170620">
    <ele>1096.1</ele>
   </trkpt>
   <trkpt lat="-29.8048480" lon="24.4170260">
    <ele>1096.1</ele>
   </trkpt>
   <trkpt lat="-29.8048560" lon="24.4170030">
    <ele>1096.2</ele>
   </trkpt>
   <trkpt lat="-29.8048820" lon="24.4169870">
    <ele>1096.2</ele>
   </trkpt>
   <trkpt lat="-29.8048970" lon="24.4169780">
    <ele>1096.2</ele>
   </trkpt>
   <trkpt lat="-29.8049270" lon="24.4169500">
    <ele>1096.2</ele>
   </trkpt>
   <trkpt lat="-29.8049370" lon="24.4169290">
    <ele>1096.2</ele>
   </trkpt>
   <trkpt lat="-29.8049470" lon="24.4169090">
    <ele>1096.2</ele>
   </trkpt>
   <trkpt lat="-29.8049580" lon="24.4168280">
    <ele>1096.3</ele>
   </trkpt>
   <trkpt lat="-29.8049700" lon="24.4168010">
    <ele>1096.3</ele>
   </trkpt>
   <trkpt lat="-29.8049780" lon="24.4167890">
    <ele>1096.3</ele>
   </trkpt>
   <trkpt lat="-29.8049970" lon="24.4167630">
    <ele>1096.3</ele>
   </trkpt>
   <trkpt lat="-29.8050360" lon="24.4167300">
    <ele>1096.3</ele>
   </trkpt>
   <trkpt lat="-29.8050770" lon="24.4166680">
    <ele>1096.4</ele>
   </trkpt>
   <trkpt lat="-29.8051220" lon="24.4166000">
    <ele>1096.4</ele>
   </trkpt>
   <trkpt lat="-29.8051800" lon="24.4165390">
    <ele>1096.4</ele>
   </trkpt>
   <trkpt lat="-29.8052540" lon="24.4164680">
    <ele>1096.5</ele>
   </trkpt>
   <trkpt lat="-29.8052860" lon="24.4164250">
    <ele>1096.5</ele>
   </trkpt>
   <trkpt lat="-29.8053530" lon="24.4163720">
    <ele>1096.6</ele>
   </trkpt>
   <trkpt lat="-29.8053940" lon="24.4163180">
    <ele>1096.6</ele>
   </trkpt>
   <trkpt lat="-29.8054380" lon="24.4162910">
    <ele>1096.7</ele>
   </trkpt>
   <trkpt lat="-29.8054710" lon="24.4162450">
    <ele>1096.7</ele>
   </trkpt>
   <trkpt lat="-29.8055100" lon="24.4161950">
    <ele>1096.7</ele>
   </trkpt>
   <trkpt lat="-29.8055550" lon="24.4161500">
    <ele>1096.8</ele>
   </trkpt>
   <trkpt lat="-29.8055790" lon="24.4161000">
    <ele>1096.8</ele>
   </trkpt>
   <trkpt lat="-29.8056110" lon="24.4160610">
    <ele>1096.8</ele>
   </trkpt>
   <trkpt lat="-29.8056330" lon="24.4160290">
    <ele>1096.8</ele>
   </trkpt>
   <trkpt lat="-29.8056200" lon="24.4160620">
    <ele>1096.9</ele>
   </trkpt>
   <trkpt lat="-29.8056330" lon="24.4160280">
    <ele>1096.9</ele>
   </trkpt>
   <trkpt lat="-29.8056460" lon="24.4159820">
    <ele>1096.9</ele>
   </trkpt>
   <trkpt lat="-29.8056760" lon="24.4159450">
    <ele>1096.9</ele>
   </trkpt>
   <trkpt lat="-29.8056950" lon="24.4159390">
    <ele>1096.9</ele>
   </trkpt>
   <trkpt lat="-29.8057060" lon="24.4159190">
    <ele>1096.9</ele>
   </trkpt>
   <trkpt lat="-29.8057160" lon="24.4158980">
    <ele>1096.9</ele>
   </trkpt>
   <trkpt lat="-29.8057440" lon="24.4158900">
    <ele>1097.0</ele>
   </trkpt>
   <trkpt lat="-29.8057590" lon="24.4158820">
    <ele>1097.0</ele>
   </trkpt>
   <trkpt lat="-29.8057890" lon="24.4158660">
    <ele>1097.0</ele>
   </trkpt>
   <trkpt lat="-29.8057990" lon="24.4158300">
    <ele>1097.0</ele>
   </trkpt>
   <trkpt lat="-29.8058130" lon="24.4158120">
    <ele>1097.0</ele>
   </trkpt>
   <trkpt lat="-29.8058310" lon="24.4157730">
    <ele>1097.0</ele>
   </trkpt>
   <trkpt lat="-29.8058430" lon="24.4157500">
    <ele>1097.1</ele>
   </trkpt>
   <trkpt lat="-29.8058540" lon="24.4157350">
    <ele>1097.1</ele>
   </trkpt>
   <trkpt lat="-29.8058720" lon="24.4157060">
    <ele>1097.1</ele>
   </trkpt>
   <trkpt lat="-29.8058880" lon="24.4156690">
    <ele>1097.1</ele>
   </trkpt>
   <trkpt lat="-29.8059060" lon="24.4156500">
    <ele>1097.2</ele>
   </trkpt>
   <trkpt lat="-29.8059210" lon="24.4156120">
    <ele>1097.2</ele>
   </trkpt>
   <trkpt lat="-29.8059310" lon="24.4155950">
    <ele>1097.2</ele>
   </trkpt>
   <trkpt lat="-29.8059630" lon="24.4155640">
    <ele>1097.3</ele>
   </trkpt>
   <trkpt lat="-29.8059810" lon="24.4155340">
    <ele>1097.3</ele>
   </trkpt>
   <trkpt lat="-29.8060010" lon="24.4155210">
    <ele>1097.3</ele>
   </trkpt>
   <trkpt lat="-29.8060270" lon="24.4154960">
    <ele>1097.4</ele>
   </trkpt>
   <trkpt lat="-29.8060440" lon="24.4154880">
    <ele>1097.4</ele>
   </trkpt>
   <trkpt lat="-29.8060700" lon="24.4154560">
    <ele>1097.5</ele>
   </trkpt>
   <trkpt lat="-29.8060970" lon="24.4154390">
    <ele>1097.5</ele>
   </trkpt>
   <trkpt lat="-29.8061110" lon="24.4154220">
    <ele>1097.5</ele>
   </trkpt>
   <trkpt lat="-29.8061480" lon="24.4153760">
    <ele>1097.6</ele>
   </trkpt>
   <trkpt lat="-29.8061830" lon="24.4153530">
    <ele>1097.6</ele>
   </trkpt>
   <trkpt lat="-29.8062050" lon="24.4153320">
    <ele>1097.6</ele>
   </trkpt>
   <trkpt lat="-29.8062300" lon="24.4152820">
    <ele>1097.6</ele>
   </trkpt>
   <trkpt lat="-29.8062530" lon="24.4152570">
    <ele>1097.7</ele>
   </trkpt>
   <trkpt lat="-29.8062700" lon="24.4152420">
    <ele>1097.7</ele>
   </trkpt>
   <trkpt lat="-29.8062960" lon="24.4152320">
    <ele>1097.7</ele>
   </trkpt>
   <trkpt lat="-29.8063180" lon="24.4152080">
    <ele>1097.8</ele>
   </trkpt>
   <trkpt lat="-29.8063290" lon="24.4151840">
    <ele>1097.8</ele>
   </trkpt>
   <trkpt lat="-29.8063490" lon="24.4151430">
    <ele>1097.8</ele>
   </trkpt>
   <trkpt lat="-29.8063690" lon="24.4151280">
    <ele>1097.8</ele>
   </trkpt>
   <trkpt lat="-29.8063750" lon="24.4151080">
    <ele>1097.9</ele>
   </trkpt>
   <trkpt lat="-29.8064150" lon="24.4150740">
    <ele>1097.9</ele>
   </trkpt>
   <trkpt lat="-29.8064370" lon="24.4150440">
    <ele>1097.9</ele>
   </trkpt>
   <trkpt lat="-29.8064520" lon="24.4150300">
    <ele>1098.0</ele>
   </trkpt>
   <trkpt lat="-29.8064880" lon="24.4150110">
    <ele>1098.0</ele>
   </trkpt>
   <trkpt lat="-29.8064940" lon="24.4149880">
    <ele>1098.0</ele>
   </trkpt>
   <trkpt lat="-29.8064940" lon="24.4149590">
    <ele>1098.0</ele>
   </trkpt>
   <trkpt lat="-29.8065010" lon="24.4149170">
    <ele>1098.0</ele>
   </trkpt>
   <trkpt lat="-29.8065310" lon="24.4148740">
    <ele>1098.1</ele>
   </trkpt>
   <trkpt lat="-29.8065380" lon="24.4148850">
    <ele>1098.1</ele>
   </trkpt>
   <trkpt lat="-29.8065530" lon="24.4148500">
    <ele>1098.1</ele>
   </trkpt>
   <trkpt lat="-29.8065730" lon="24.4147990">
    <ele>1098.1</ele>
   </trkpt>
   <trkpt lat="-29.8065900" lon="24.4147720">
    <ele>1098.1</ele>
   </trkpt>
   <trkpt lat="-29.8066050" lon="24.4147600">
    <ele>1098.1</ele>
   </trkpt>
   <trkpt lat="-29.8066420" lon="24.4147150">
    <ele>1098.1</ele>
   </trkpt>
   <trkpt lat="-29.8066690" lon="24.4147040">
    <ele>1098.1</ele>
   </trkpt>
   <trkpt lat="-29.8066820" lon="24.4146870">
    <ele>1098.1</ele>
   </trkpt>
   <trkpt lat="-29.8067080" lon="24.4146450">
    <ele>1098.1</ele>
   </trkpt>
   <trkpt lat="-29.8067360" lon="24.4146450">
    <ele>1098.1</ele>
   </trkpt>
   <trkpt lat="-29.8067700" lon="24.4145990">
    <ele>1098.2</ele>
   </trkpt>
   <trkpt lat="-29.8068110" lon="24.4145520">
    <ele>1098.2</ele>
   </trkpt>
   <trkpt lat="-29.8068480" lon="24.4145390">
    <ele>1098.2</ele>
   </trkpt>
   <trkpt lat="-29.8068750" lon="24.4145310">
    <ele>1098.2</ele>
   </trkpt>
   <trkpt lat="-29.8069220" lon="24.4144870">
    <ele>1098.2</ele>
   </trkpt>
   <trkpt lat="-29.8069380" lon="24.4144430">
    <ele>1098.2</ele>
   </trkpt>
   <trkpt lat="-29.8069550" lon="24.4144280">
    <ele>1098.2</ele>
   </trkpt>
   <trkpt lat="-29.8070000" lon="24.4143900">
    <ele>1098.2</ele>
   </trkpt>
   <trkpt lat="-29.8070270" lon="24.4143690">
    <ele>1098.2</ele>
   </trkpt>
   <trkpt lat="-29.8070410" lon="24.4143560">
    <ele>1098.2</ele>
   </trkpt>
   <trkpt lat="-29.8070720" lon="24.4143230">
    <ele>1098.2</ele>
   </trkpt>
   <trkpt lat="-29.8071030" lon="24.4142920">
    <ele>1098.2</ele>
   </trkpt>
   <trkpt lat="-29.8071180" lon="24.4142750">
    <ele>1098.2</ele>
   </trkpt>
   <trkpt lat="-29.8071580" lon="24.4142500">
    <ele>1098.2</ele>
   </trkpt>
   <trkpt lat="-29.8071920" lon="24.4142250">
    <ele>1098.2</ele>
   </trkpt>
   <trkpt lat="-29.8072130" lon="24.4142190">
    <ele>1098.2</ele>
   </trkpt>
   <trkpt lat="-29.8072510" lon="24.4142170">
    <ele>1098.2</ele>
   </trkpt>
   <trkpt lat="-29.8072480" lon="24.4141620">
    <ele>1098.2</ele>
   </trkpt>
   <trkpt lat="-29.8072790" lon="24.4141050">
    <ele>1098.2</ele>
   </trkpt>
   <trkpt lat="-29.8073260" lon="24.4140340">
    <ele>1098.2</ele>
   </trkpt>
   <trkpt lat="-29.8073580" lon="24.4139880">
    <ele>1098.1</ele>
   </trkpt>
   <trkpt lat="-29.8073820" lon="24.4139480">
    <ele>1098.1</ele>
   </trkpt>
   <trkpt lat="-29.8073940" lon="24.4139320">
    <ele>1098.1</ele>
   </trkpt>
   <trkpt lat="-29.8074340" lon="24.4138670">
    <ele>1098.1</ele>
   </trkpt>
   <trkpt lat="-29.8074450" lon="24.4138250">
    <ele>1098.1</ele>
   </trkpt>
   <trkpt lat="-29.8074550" lon="24.4138060">
    <ele>1098.1</ele>
   </trkpt>
   <trkpt lat="-29.8075060" lon="24.4137530">
    <ele>1098.1</ele>
   </trkpt>
   <trkpt lat="-29.8075310" lon="24.4137270">
    <ele>1098.1</ele>
   </trkpt>
   <trkpt lat="-29.8075490" lon="24.4137160">
    <ele>1098.1</ele>
   </trkpt>
   <trkpt lat="-29.8075970" lon="24.4137070">
    <ele>1098.1</ele>
   </trkpt>
   <trkpt lat="-29.8076100" lon="24.4136900">
    <ele>1098.1</ele>
   </trkpt>
   <trkpt lat="-29.8076220" lon="24.4136760">
    <ele>1098.1</ele>
   </trkpt>
   <trkpt lat="-29.8076530" lon="24.4136580">
    <ele>1098.1</ele>
   </trkpt>
   <trkpt lat="-29.8077000" lon="24.4135730">
    <ele>1098.1</ele>
   </trkpt>
   <trkpt lat="-29.8076860" lon="24.4135740">
    <ele>1098.1</ele>
   </trkpt>
   <trkpt lat="-29.8076980" lon="24.4135350">
    <ele>1098.1</ele>
   </trkpt>
   <trkpt lat="-29.8077290" lon="24.4135130">
    <ele>1098.1</ele>
   </trkpt>
   <trkpt lat="-29.8077410" lon="24.4135040">
    <ele>1098.1</ele>
   </trkpt>
   <trkpt lat="-29.8077830" lon="24.4134710">
    <ele>1098.1</ele>
   </trkpt>
   <trkpt lat="-29.8078020" lon="24.4134390">
    <ele>1098.1</ele>
   </trkpt>
   <trkpt lat="-29.8078130" lon="24.4134140">
    <ele>1098.1</ele>
   </trkpt>
   <trkpt lat="-29.8078560" lon="24.4133510">
    <ele>1098.2</ele>
   </trkpt>
   <trkpt lat="-29.8078830" lon="24.4133420">
    <ele>1098.2</ele>
   </trkpt>
   <trkpt lat="-29.8078990" lon="24.4133270">
    <ele>1098.2</ele>
   </trkpt>
   <trkpt lat="-29.8079520" lon="24.4133000">
    <ele>1098.2</ele>
   </trkpt>
   <trkpt lat="-29.8079820" lon="24.4132710">
    <ele>1098.3</ele>
   </trkpt>
   <trkpt lat="-29.8080190" lon="24.4132330">
    <ele>1098.3</ele>
   </trkpt>
   <trkpt lat="-29.8080450" lon="24.4132110">
    <ele>1098.3</ele>
   </trkpt>
   <trkpt lat="-29.8080480" lon="24.4131920">
    <ele>1098.3</ele>
   </trkpt>
   <trkpt lat="-29.8080790" lon="24.4131480">
    <ele>1098.3</ele>
   </trkpt>
   <trkpt lat="-29.8080950" lon="24.4131200">
    <ele>1098.4</ele>
   </trkpt>
   <trkpt lat="-29.8081070" lon="24.4131250">
    <ele>1098.4</ele>
   </trkpt>
   <trkpt lat="-29.8081180" lon="24.4130910">
    <ele>1098.4</ele>
   </trkpt>
   <trkpt lat="-29.8081400" lon="24.4130360">
    <ele>1098.4</ele>
   </trkpt>
   <trkpt lat="-29.8081690" lon="24.4130240">
    <ele>1098.4</ele>
   </trkpt>
   <trkpt lat="-29.8081910" lon="24.4129670">
    <ele>1098.4</ele>
   </trkpt>
   <trkpt lat="-29.8081650" lon="24.4129170">
    <ele>1098.5</ele>
   </trkpt>
   <trkpt lat="-29.8081670" lon="24.4128770">
    <ele>1098.5</ele>
   </trkpt>
   <trkpt lat="-29.8081790" lon="24.4128350">
    <ele>1098.5</ele>
   </trkpt>
   <trkpt lat="-29.8081830" lon="24.4128150">
    <ele>1098.5</ele>
   </trkpt>
   <trkpt lat="-29.8082200" lon="24.4127170">
    <ele>1098.6</ele>
   </trkpt>
   <trkpt lat="-29.8082610" lon="24.4126900">
    <ele>1098.7</ele>
   </trkpt>
   <trkpt lat="-29.8082840" lon="24.4126660">
    <ele>1098.7</ele>
   </trkpt>
   <trkpt lat="-29.8083100" lon="24.4126490">
    <ele>1098.7</ele>
   </trkpt>
   <trkpt lat="-29.8083510" lon="24.4126250">
    <ele>1098.8</ele>
   </trkpt>
   <trkpt lat="-29.8084010" lon="24.4126090">
    <ele>1098.8</ele>
   </trkpt>
   <trkpt lat="-29.8084530" lon="24.4125620">
    <ele>1098.9</ele>
   </trkpt>
   <trkpt lat="-29.8084520" lon="24.4125480">
    <ele>1098.9</ele>
   </trkpt>
   <trkpt lat="-29.8084710" lon="24.4125270">
    <ele>1098.9</ele>
   </trkpt>
   <trkpt lat="-29.8084920" lon="24.4124980">
    <ele>1099.0</ele>
   </trkpt>
   <trkpt lat="-29.8085300" lon="24.4124500">
    <ele>1099.0</ele>
   </trkpt>
   <trkpt lat="-29.8085520" lon="24.4124290">
    <ele>1099.1</ele>
   </trkpt>
   <trkpt lat="-29.8085680" lon="24.4124200">
    <ele>1099.1</ele>
   </trkpt>
   <trkpt lat="-29.8085970" lon="24.4124010">
    <ele>1099.1</ele>
   </trkpt>
   <trkpt lat="-29.8086450" lon="24.4123670">
    <ele>1099.2</ele>
   </trkpt>
   <trkpt lat="-29.8086710" lon="24.4123500">
    <ele>1099.3</ele>
   </trkpt>
   <trkpt lat="-29.8086800" lon="24.4123220">
    <ele>1099.3</ele>
   </trkpt>
   <trkpt lat="-29.8087260" lon="24.4122350">
    <ele>1099.4</ele>
   </trkpt>
   <trkpt lat="-29.8087730" lon="24.4122410">
    <ele>1099.4</ele>
   </trkpt>
   <trkpt lat="-29.8087980" lon="24.4122340">
    <ele>1099.5</ele>
   </trkpt>
   <trkpt lat="-29.8088400" lon="24.4122080">
    <ele>1099.5</ele>
   </trkpt>
   <trkpt lat="-29.8088770" lon="24.4121660">
    <ele>1099.6</ele>
   </trkpt>
   <trkpt lat="-29.8088920" lon="24.4121390">
    <ele>1099.6</ele>
   </trkpt>
   <trkpt lat="-29.8089110" lon="24.4121120">
    <ele>1099.7</ele>
   </trkpt>
   <trkpt lat="-29.8089490" lon="24.4120860">
    <ele>1099.7</ele>
   </trkpt>
   <trkpt lat="-29.8089640" lon="24.4120700">
    <ele>1099.8</ele>
   </trkpt>
   <trkpt lat="-29.8089950" lon="24.4120390">
    <ele>1099.8</ele>
   </trkpt>
   <trkpt lat="-29.8090190" lon="24.4120170">
    <ele>1099.8</ele>
   </trkpt>
   <trkpt lat="-29.8090660" lon="24.4119870">
    <ele>1099.9</ele>
   </trkpt>
   <trkpt lat="-29.8090950" lon="24.4119810">
    <ele>1099.9</ele>
   </trkpt>
   <trkpt lat="-29.8091170" lon="24.4119790">
    <ele>1099.9</ele>
   </trkpt>
   <trkpt lat="-29.8091690" lon="24.4119600">
    <ele>1100.0</ele>
   </trkpt>
   <trkpt lat="-29.8092140" lon="24.4119370">
    <ele>1100.0</ele>
   </trkpt>
   <trkpt lat="-29.8092600" lon="24.4119230">
    <ele>1100.1</ele>
   </trkpt>
   <trkpt lat="-29.8092720" lon="24.4119330">
    <ele>1100.1</ele>
   </trkpt>
   <trkpt lat="-29.8092910" lon="24.4119300">
    <ele>1100.1</ele>
   </trkpt>
   <trkpt lat="-29.8093110" lon="24.4119260">
    <ele>1100.2</ele>
   </trkpt>
   <trkpt lat="-29.8093450" lon="24.4119080">
    <ele>1100.2</ele>
   </trkpt>
   <trkpt lat="-29.8093590" lon="24.4118930">
    <ele>1100.2</ele>
   </trkpt>
   <trkpt lat="-29.8094020" lon="24.4118440">
    <ele>1100.3</ele>
   </trkpt>
   <trkpt lat="-29.8094050" lon="24.4118400">
    <ele>1100.3</ele>
   </trkpt>
   <trkpt lat="-29.8094300" lon="24.4118200">
    <ele>1100.3</ele>
   </trkpt>
   <trkpt lat="-29.8094790" lon="24.4117750">
    <ele>1100.4</ele>
   </trkpt>
   <trkpt lat="-29.8095050" lon="24.4117410">
    <ele>1100.5</ele>
   </trkpt>
   <trkpt lat="-29.8095160" lon="24.4117290">
    <ele>1100.5</ele>
   </trkpt>
   <trkpt lat="-29.8095670" lon="24.4117060">
    <ele>1100.5</ele>
   </trkpt>
   <trkpt lat="-29.8095990" lon="24.4116850">
    <ele>1100.6</ele>
   </trkpt>
   <trkpt lat="-29.8096190" lon="24.4116770">
    <ele>1100.6</ele>
   </trkpt>
   <trkpt lat="-29.8096350" lon="24.4116660">
    <ele>1100.7</ele>
   </trkpt>
   <trkpt lat="-29.8096490" lon="24.4116600">
    <ele>1100.7</ele>
   </trkpt>
   <trkpt lat="-29.8096710" lon="24.4116480">
    <ele>1100.7</ele>
   </trkpt>
   <trkpt lat="-29.8097150" lon="24.4116390">
    <ele>1100.8</ele>
   </trkpt>
   <trkpt lat="-29.8097230" lon="24.4116090">
    <ele>1100.8</ele>
   </trkpt>
   <trkpt lat="-29.8097360" lon="24.4116000">
    <ele>1100.9</ele>
   </trkpt>
   <trkpt lat="-29.8097870" lon="24.4115980">
    <ele>1100.9</ele>
   </trkpt>
   <trkpt lat="-29.8098200" lon="24.4115750">
    <ele>1101.0</ele>
   </trkpt>
   <trkpt lat="-29.8098370" lon="24.4115570">
    <ele>1101.0</ele>
   </trkpt>
   <trkpt lat="-29.8098850" lon="24.4115500">
    <ele>1101.1</ele>
   </trkpt>
   <trkpt lat="-29.8099090" lon="24.4115340">
    <ele>1101.1</ele>
   </trkpt>
   <trkpt lat="-29.8099260" lon="24.4115240">
    <ele>1101.2</ele>
   </trkpt>
   <trkpt lat="-29.8099650" lon="24.4115100">
    <ele>1101.2</ele>
   </trkpt>
   <trkpt lat="-29.8099800" lon="24.4115020">
    <ele>1101.3</ele>
   </trkpt>
   <trkpt lat="-29.8099960" lon="24.4115030">
    <ele>1101.3</ele>
   </trkpt>
   <trkpt lat="-29.8100150" lon="24.4114900">
    <ele>1101.3</ele>
   </trkpt>
   <trkpt lat="-29.8100530" lon="24.4114630">
    <ele>1101.4</ele>
   </trkpt>
   <trkpt lat="-29.8100790" lon="24.4114490">
    <ele>1101.4</ele>
   </trkpt>
   <trkpt lat="-29.8100950" lon="24.4114430">
    <ele>1101.5</ele>
   </trkpt>
   <trkpt lat="-29.8101430" lon="24.4114450">
    <ele>1101.5</ele>
   </trkpt>
   <trkpt lat="-29.8101700" lon="24.4114360">
    <ele>1101.6</ele>
   </trkpt>
   <trkpt lat="-29.8101850" lon="24.4114260">
    <ele>1101.7</ele>
   </trkpt>
   <trkpt lat="-29.8102170" lon="24.4114070">
    <ele>1101.8</ele>
   </trkpt>
   <trkpt lat="-29.8102330" lon="24.4114080">
    <ele>1101.8</ele>
   </trkpt>
   <trkpt lat="-29.8102720" lon="24.4113840">
    <ele>1101.9</ele>
   </trkpt>
   <trkpt lat="-29.8102950" lon="24.4113620">
    <ele>1102.0</ele>
   </trkpt>
   <trkpt lat="-29.8103080" lon="24.4113450">
    <ele>1102.0</ele>
   </trkpt>
   <trkpt lat="-29.8103400" lon="24.4113160">
    <ele>1102.1</ele>
   </trkpt>
   <trkpt lat="-29.8103530" lon="24.4113080">
    <ele>1102.2</ele>
   </trkpt>
   <trkpt lat="-29.8103940" lon="24.4113030">
    <ele>1102.2</ele>
   </trkpt>
   <trkpt lat="-29.8104330" lon="24.4112940">
    <ele>1102.3</ele>
   </trkpt>
   <trkpt lat="-29.8104570" lon="24.4112910">
    <ele>1102.4</ele>
   </trkpt>
   <trkpt lat="-29.8104880" lon="24.4112730">
    <ele>1102.4</ele>
   </trkpt>
   <trkpt lat="-29.8105050" lon="24.4112670">
    <ele>1102.5</ele>
   </trkpt>
   <trkpt lat="-29.8105480" lon="24.4112700">
    <ele>1102.6</ele>
   </trkpt>
   <trkpt lat="-29.8105680" lon="24.4112700">
    <ele>1102.6</ele>
   </trkpt>
   <trkpt lat="-29.8106130" lon="24.4112780">
    <ele>1102.7</ele>
   </trkpt>
   <trkpt lat="-29.8106340" lon="24.4112750">
    <ele>1102.8</ele>
   </trkpt>
   <trkpt lat="-29.8106990" lon="24.4112640">
    <ele>1102.9</ele>
   </trkpt>
   <trkpt lat="-29.8107410" lon="24.4112650">
    <ele>1103.0</ele>
   </trkpt>
   <trkpt lat="-29.8107860" lon="24.4112780">
    <ele>1103.1</ele>
   </trkpt>
   <trkpt lat="-29.8108140" lon="24.4112930">
    <ele>1103.2</ele>
   </trkpt>
   <trkpt lat="-29.8108280" lon="24.4112970">
    <ele>1103.2</ele>
   </trkpt>
   <trkpt lat="-29.8108570" lon="24.4113120">
    <ele>1103.3</ele>
   </trkpt>
   <trkpt lat="-29.8108710" lon="24.4113210">
    <ele>1103.3</ele>
   </trkpt>
   <trkpt lat="-29.8108980" lon="24.4113100">
    <ele>1103.4</ele>
   </trkpt>
   <trkpt lat="-29.8109270" lon="24.4113240">
    <ele>1103.5</ele>
   </trkpt>
   <trkpt lat="-29.8109720" lon="24.4113750">
    <ele>1103.6</ele>
   </trkpt>
   <trkpt lat="-29.8109950" lon="24.4113950">
    <ele>1103.7</ele>
   </trkpt>
   <trkpt lat="-29.8110140" lon="24.4114030">
    <ele>1103.7</ele>
   </trkpt>
   <trkpt lat="-29.8110460" lon="24.4114150">
    <ele>1103.8</ele>
   </trkpt>
   <trkpt lat="-29.8110590" lon="24.4114220">
    <ele>1103.9</ele>
   </trkpt>
   <trkpt lat="-29.8110950" lon="24.4114700">
    <ele>1104.0</ele>
   </trkpt>
   <trkpt lat="-29.8111020" lon="24.4115080">
    <ele>1104.1</ele>
   </trkpt>
   <trkpt lat="-29.8111340" lon="24.4115270">
    <ele>1104.2</ele>
   </trkpt>
   <trkpt lat="-29.8111680" lon="24.4115390">
    <ele>1104.2</ele>
   </trkpt>
   <trkpt lat="-29.8111840" lon="24.4115360">
    <ele>1104.3</ele>
   </trkpt>
   <trkpt lat="-29.8112160" lon="24.4115450">
    <ele>1104.3</ele>
   </trkpt>
   <trkpt lat="-29.8112490" lon="24.4115540">
    <ele>1104.4</ele>
   </trkpt>
   <trkpt lat="-29.8112620" lon="24.4115660">
    <ele>1104.4</ele>
   </trkpt>
   <trkpt lat="-29.8112980" lon="24.4115930">
    <ele>1104.5</ele>
   </trkpt>
   <trkpt lat="-29.8113160" lon="24.4116060">
    <ele>1104.6</ele>
   </trkpt>
   <trkpt lat="-29.8113450" lon="24.4116310">
    <ele>1104.7</ele>
   </trkpt>
   <trkpt lat="-29.8113580" lon="24.4116490">
    <ele>1104.7</ele>
   </trkpt>
   <trkpt lat="-29.8113890" lon="24.4116630">
    <ele>1104.8</ele>
   </trkpt>
   <trkpt lat="-29.8114090" lon="24.4116760">
    <ele>1104.9</ele>
   </trkpt>
   <trkpt lat="-29.8114230" lon="24.4116820">
    <ele>1104.9</ele>
   </trkpt>
   <trkpt lat="-29.8114620" lon="24.4117180">
    <ele>1105.0</ele>
   </trkpt>
   <trkpt lat="-29.8114750" lon="24.4117660">
    <ele>1105.1</ele>
   </trkpt>
   <trkpt lat="-29.8114890" lon="24.4117840">
    <ele>1105.2</ele>
   </trkpt>
   <trkpt lat="-29.8115100" lon="24.4118070">
    <ele>1105.2</ele>
   </trkpt>
   <trkpt lat="-29.8115260" lon="24.4118080">
    <ele>1105.3</ele>
   </trkpt>
   <trkpt lat="-29.8115540" lon="24.4118250">
    <ele>1105.3</ele>
   </trkpt>
   <trkpt lat="-29.8115780" lon="24.4118370">
    <ele>1105.4</ele>
   </trkpt>
   <trkpt lat="-29.8115960" lon="24.4118420">
    <ele>1105.5</ele>
   </trkpt>
   <trkpt lat="-29.8116250" lon="24.4118950">
    <ele>1105.6</ele>
   </trkpt>
   <trkpt lat="-29.8116650" lon="24.4119020">
    <ele>1105.7</ele>
   </trkpt>
   <trkpt lat="-29.8116850" lon="24.4119150">
    <ele>1105.8</ele>
   </trkpt>
   <trkpt lat="-29.8117180" lon="24.4119240">
    <ele>1105.9</ele>
   </trkpt>
   <trkpt lat="-29.8117280" lon="24.4119340">
    <ele>1105.9</ele>
   </trkpt>
   <trkpt lat="-29.8117610" lon="24.4119580">
    <ele>1106.0</ele>
   </trkpt>
   <trkpt lat="-29.8117810" lon="24.4119990">
    <ele>1106.1</ele>
   </trkpt>
   <trkpt lat="-29.8117890" lon="24.4120210">
    <ele>1106.2</ele>
   </trkpt>
   <trkpt lat="-29.8118150" lon="24.4120500">
    <ele>1106.3</ele>
   </trkpt>
   <trkpt lat="-29.8118580" lon="24.4120540">
    <ele>1106.6</ele>
   </trkpt>
   <trkpt lat="-29.8118950" lon="24.4120500">
    <ele>1106.8</ele>
   </trkpt>
   <trkpt lat="-29.8119320" lon="24.4120330">
    <ele>1107.0</ele>
   </trkpt>
   <trkpt lat="-29.8119670" lon="24.4120210">
    <ele>1107.2</ele>
   </trkpt>
   <trkpt lat="-29.8120100" lon="24.4120130">
    <ele>1107.2</ele>
   </trkpt>
   <trkpt lat="-29.8120540" lon="24.4120250">
    <ele>1107.2</ele>
   </trkpt>
   <trkpt lat="-29.8119930" lon="24.4120210">
    <ele>1107.2</ele>
   </trkpt>
   <trkpt lat="-29.8120230" lon="24.4120080">
    <ele>1107.2</ele>
   </trkpt>
   <trkpt lat="-29.8120320" lon="24.4120070">
    <ele>1107.2</ele>
   </trkpt>
   <trkpt lat="-29.8120610" lon="24.4119790">
    <ele>1107.2</ele>
   </trkpt>
   <trkpt lat="-29.8121010" lon="24.4119480">
    <ele>1107.2</ele>
   </trkpt>
   <trkpt lat="-29.8121210" lon="24.4119770">
    <ele>1107.1</ele>
   </trkpt>
   <trkpt lat="-29.8121480" lon="24.4119630">
    <ele>1107.1</ele>
   </trkpt>
   <trkpt lat="-29.8121940" lon="24.4119460">
    <ele>1107.1</ele>
   </trkpt>
   <trkpt lat="-29.8122260" lon="24.4119120">
    <ele>1107.1</ele>
   </trkpt>
   <trkpt lat="-29.8122630" lon="24.4118760">
    <ele>1107.1</ele>
   </trkpt>
   <trkpt lat="-29.8122990" lon="24.4118350">
    <ele>1107.1</ele>
   </trkpt>
   <trkpt lat="-29.8123410" lon="24.4118010">
    <ele>1107.1</ele>
   </trkpt>
   <trkpt lat="-29.8123780" lon="24.4117680">
    <ele>1107.2</ele>
   </trkpt>
   <trkpt lat="-29.8124130" lon="24.4117290">
    <ele>1107.2</ele>
   </trkpt>
   <trkpt lat="-29.8124550" lon="24.4116950">
    <ele>1107.2</ele>
   </trkpt>
   <trkpt lat="-29.8124880" lon="24.4116560">
    <ele>1107.2</ele>
   </trkpt>
   <trkpt lat="-29.8125240" lon="24.4116240">
    <ele>1107.2</ele>
   </trkpt>
   <trkpt lat="-29.8125550" lon="24.4115730">
    <ele>1107.1</ele>
   </trkpt>
   <trkpt lat="-29.8125770" lon="24.4115180">
    <ele>1107.1</ele>
   </trkpt>
   <trkpt lat="-29.8125930" lon="24.4114790">
    <ele>1107.1</ele>
   </trkpt>
   <trkpt lat="-29.8125920" lon="24.4114340">
    <ele>1107.1</ele>
   </trkpt>
   <trkpt lat="-29.8126060" lon="24.4114080">
    <ele>1107.1</ele>
   </trkpt>
   <trkpt lat="-29.8126070" lon="24.4113700">
    <ele>1107.1</ele>
   </trkpt>
   <trkpt lat="-29.8126140" lon="24.4112900">
    <ele>1107.1</ele>
   </trkpt>
   <trkpt lat="-29.8126200" lon="24.4112280">
    <ele>1107.1</ele>
   </trkpt>
   <trkpt lat="-29.8126210" lon="24.4111850">
    <ele>1107.1</ele>
   </trkpt>
   <trkpt lat="-29.8126220" lon="24.4111680">
    <ele>1107.1</ele>
   </trkpt>
   <trkpt lat="-29.8126150" lon="24.4111170">
    <ele>1107.1</ele>
   </trkpt>
   <trkpt lat="-29.8126150" lon="24.4110660">
    <ele>1107.1</ele>
   </trkpt>
   <trkpt lat="-29.8126070" lon="24.4110200">
    <ele>1107.8</ele>
   </trkpt>
   <trkpt lat="-29.8126140" lon="24.4109830">
    <ele>1108.4</ele>
   </trkpt>
   <trkpt lat="-29.8126100" lon="24.4109060">
    <ele>1108.3</ele>
   </trkpt>
   <trkpt lat="-29.8126090" lon="24.4108530">
    <ele>1108.2</ele>
   </trkpt>
   <trkpt lat="-29.8126220" lon="24.4108850">
    <ele>1108.2</ele>
   </trkpt>
   <trkpt lat="-29.8126270" lon="24.4108550">
    <ele>1108.2</ele>
   </trkpt>
   <trkpt lat="-29.8126240" lon="24.4108420">
    <ele>1108.1</ele>
   </trkpt>
   <trkpt lat="-29.8126360" lon="24.4107710">
    <ele>1108.1</ele>
   </trkpt>
   <trkpt lat="-29.8126290" lon="24.4107560">
    <ele>1108.0</ele>
   </trkpt>
   <trkpt lat="-29.8126390" lon="24.4107140">
    <ele>1108.0</ele>
   </trkpt>
   <trkpt lat="-29.8126400" lon="24.4106780">
    <ele>1108.0</ele>
   </trkpt>
   <trkpt lat="-29.8126430" lon="24.4106590">
    <ele>1107.9</ele>
   </trkpt>
   <trkpt lat="-29.8126410" lon="24.4106110">
    <ele>1107.9</ele>
   </trkpt>
   <trkpt lat="-29.8126440" lon="24.4105910">
    <ele>1107.9</ele>
   </trkpt>
   <trkpt lat="-29.8126370" lon="24.4105760">
    <ele>1107.9</ele>
   </trkpt>
   <trkpt lat="-29.8126360" lon="24.4105560">
    <ele>1107.9</ele>
   </trkpt>
   <trkpt lat="-29.8126770" lon="24.4105300">
    <ele>1107.7</ele>
   </trkpt>
   <trkpt lat="-29.8127050" lon="24.4105310">
    <ele>1107.8</ele>
   </trkpt>
   <trkpt lat="-29.8127590" lon="24.4105210">
    <ele>1108.0</ele>
   </trkpt>
   <trkpt lat="-29.8128070" lon="24.4105120">
    <ele>1108.2</ele>
   </trkpt>
   <trkpt lat="-29.8128330" lon="24.4105000">
    <ele>1108.3</ele>
   </trkpt>
   <trkpt lat="-29.8128770" lon="24.4104980">
    <ele>1108.5</ele>
   </trkpt>
   <trkpt lat="-29.8129250" lon="24.4104760">
    <ele>1108.6</ele>
   </trkpt>
   <trkpt lat="-29.8129580" lon="24.4104780">
    <ele>1108.7</ele>
   </trkpt>
   <trkpt lat="-29.8129980" lon="24.4104690">
    <ele>1108.7</ele>
   </trkpt>
   <trkpt lat="-29.8130190" lon="24.4104650">
    <ele>1108.7</ele>
   </trkpt>
   <trkpt lat="-29.8130540" lon="24.4104470">
    <ele>1108.6</ele>
   </trkpt>
   <trkpt lat="-29.8130910" lon="24.4104360">
    <ele>1108.6</ele>
   </trkpt>
   <trkpt lat="-29.8131320" lon="24.4104260">
    <ele>1108.5</ele>
   </trkpt>
   <trkpt lat="-29.8131510" lon="24.4104210">
    <ele>1108.5</ele>
   </trkpt>
   <trkpt lat="-29.8131940" lon="24.4104140">
    <ele>1108.4</ele>
   </trkpt>
   <trkpt lat="-29.8132260" lon="24.4104030">
    <ele>1108.3</ele>
   </trkpt>
   <trkpt lat="-29.8132530" lon="24.4103920">
    <ele>1108.2</ele>
   </trkpt>
   <trkpt lat="-29.8132890" lon="24.4103870">
    <ele>1108.1</ele>
   </trkpt>
   <trkpt lat="-29.8133180" lon="24.4103830">
    <ele>1108.1</ele>
   </trkpt>
   <trkpt lat="-29.8133680" lon="24.4103840">
    <ele>1108.0</ele>
   </trkpt>
   <trkpt lat="-29.8134030" lon="24.4103800">
    <ele>1108.0</ele>
   </trkpt>
   <trkpt lat="-29.8134310" lon="24.4103710">
    <ele>1107.8</ele>
   </trkpt>
   <trkpt lat="-29.8134890" lon="24.4103590">
    <ele>1107.5</ele>
   </trkpt>
   <trkpt lat="-29.8135250" lon="24.4103570">
    <ele>1107.3</ele>
   </trkpt>
   <trkpt lat="-29.8135650" lon="24.4103640">
    <ele>1107.1</ele>
   </trkpt>
   <trkpt lat="-29.8135980" lon="24.4103600">
    <ele>1106.9</ele>
   </trkpt>
   <trkpt lat="-29.8136360" lon="24.4103710">
    <ele>1106.7</ele>
   </trkpt>
   <trkpt lat="-29.8136840" lon="24.4103340">
    <ele>1106.5</ele>
   </trkpt>
   <trkpt lat="-29.8136490" lon="24.4103330">
    <ele>1106.3</ele>
   </trkpt>
   <trkpt lat="-29.8136710" lon="24.4103620">
    <ele>1106.2</ele>
   </trkpt>
   <trkpt lat="-29.8136830" lon="24.4103750">
    <ele>1106.2</ele>
   </trkpt>
   <trkpt lat="-29.8137170" lon="24.4103810">
    <ele>1106.1</ele>
   </trkpt>
   <trkpt lat="-29.8137510" lon="24.4103880">
    <ele>1106.1</ele>
   </trkpt>
   <trkpt lat="-29.8137870" lon="24.4103840">
    <ele>1106.1</ele>
   </trkpt>
   <trkpt lat="-29.8138360" lon="24.4103470">
    <ele>1106.1</ele>
   </trkpt>
   <trkpt lat="-29.8138740" lon="24.4103370">
    <ele>1106.1</ele>
   </trkpt>
   <trkpt lat="-29.8139110" lon="24.4103280">
    <ele>1106.1</ele>
   </trkpt>
   <trkpt lat="-29.8139450" lon="24.4103220">
    <ele>1106.1</ele>
   </trkpt>
   <trkpt lat="-29.8139880" lon="24.4103000">
    <ele>1106.0</ele>
   </trkpt>
   <trkpt lat="-29.8140170" lon="24.4102900">
    <ele>1106.1</ele>
   </trkpt>
   <trkpt lat="-29.8140580" lon="24.4102910">
    <ele>1106.7</ele>
   </trkpt>
   <trkpt lat="-29.8140870" lon="24.4102830">
    <ele>1107.1</ele>
   </trkpt>
   <trkpt lat="-29.8141260" lon="24.4102770">
    <ele>1107.6</ele>
   </trkpt>
   <trkpt lat="-29.8141590" lon="24.4102770">
    <ele>1108.1</ele>
   </trkpt>
   <trkpt lat="-29.8141890" lon="24.4102830">
    <ele>1108.5</ele>
   </trkpt>
   <trkpt lat="-29.8142190" lon="24.4102790">
    <ele>1108.9</ele>
   </trkpt>
   <trkpt lat="-29.8142570" lon="24.4102940">
    <ele>1109.4</ele>
   </trkpt>
   <trkpt lat="-29.8142970" lon="24.4103010">
    <ele>1109.9</ele>
   </trkpt>
   <trkpt lat="-29.8143460" lon="24.4102820">
    <ele>1110.5</ele>
   </trkpt>
   <trkpt lat="-29.8143560" lon="24.4103470">
    <ele>1110.6</ele>
   </trkpt>
   <trkpt lat="-29.8143900" lon="24.4103500">
    <ele>1110.6</ele>
   </trkpt>
   <trkpt lat="-29.8144340" lon="24.4103480">
    <ele>1110.7</ele>
   </trkpt>
   <trkpt lat="-29.8144630" lon="24.4103450">
    <ele>1110.7</ele>
   </trkpt>
   <trkpt lat="-29.8144750" lon="24.4102870">
    <ele>1110.8</ele>
   </trkpt>
   <trkpt lat="-29.8144980" lon="24.4102640">
    <ele>1110.8</ele>
   </trkpt>
   <trkpt lat="-29.8145340" lon="24.4102460">
    <ele>1110.9</ele>
   </trkpt>
   <trkpt lat="-29.8145780" lon="24.4102400">
    <ele>1110.9</ele>
   </trkpt>
   <trkpt lat="-29.8146110" lon="24.4102400">
    <ele>1111.0</ele>
   </trkpt>
   <trkpt lat="-29.8146420" lon="24.4102250">
    <ele>1111.0</ele>
   </trkpt>
   <trkpt lat="-29.8146310" lon="24.4102660">
    <ele>1111.0</ele>
   </trkpt>
   <trkpt lat="-29.8146650" lon="24.4102670">
    <ele>1111.1</ele>
   </trkpt>
   <trkpt lat="-29.8147060" lon="24.4102480">
    <ele>1111.1</ele>
   </trkpt>
   <trkpt lat="-29.8147470" lon="24.4102460">
    <ele>1111.2</ele>
   </trkpt>
   <trkpt lat="-29.8147890" lon="24.4102280">
    <ele>1111.3</ele>
   </trkpt>
   <trkpt lat="-29.8148240" lon="24.4102220">
    <ele>1111.3</ele>
   </trkpt>
   <trkpt lat="-29.8148590" lon="24.4102180">
    <ele>1111.4</ele>
   </trkpt>
   <trkpt lat="-29.8148430" lon="24.4102190">
    <ele>1111.4</ele>
   </trkpt>
   <trkpt lat="-29.8148700" lon="24.4101890">
    <ele>1111.5</ele>
   </trkpt>
   <trkpt lat="-29.8149020" lon="24.4102180">
    <ele>1111.6</ele>
   </trkpt>
   <trkpt lat="-29.8149170" lon="24.4102340">
    <ele>1111.6</ele>
   </trkpt>
   <trkpt lat="-29.8149640" lon="24.4102320">
    <ele>1111.7</ele>
   </trkpt>
   <trkpt lat="-29.8150100" lon="24.4102290">
    <ele>1111.8</ele>
   </trkpt>
   <trkpt lat="-29.8150470" lon="24.4102170">
    <ele>1111.9</ele>
   </trkpt>
   <trkpt lat="-29.8150970" lon="24.4102160">
    <ele>1112.0</ele>
   </trkpt>
   <trkpt lat="-29.8151450" lon="24.4102150">
    <ele>1112.1</ele>
   </trkpt>
   <trkpt lat="-29.8151660" lon="24.4102200">
    <ele>1112.2</ele>
   </trkpt>
   <trkpt lat="-29.8151990" lon="24.4102180">
    <ele>1112.3</ele>
   </trkpt>
   <trkpt lat="-29.8152340" lon="24.4102110">
    <ele>1112.3</ele>
   </trkpt>
   <trkpt lat="-29.8152670" lon="24.4101990">
    <ele>1112.4</ele>
   </trkpt>
   <trkpt lat="-29.8153130" lon="24.4102060">
    <ele>1112.5</ele>
   </trkpt>
   <trkpt lat="-29.8153530" lon="24.4102090">
    <ele>1112.6</ele>
   </trkpt>
   <trkpt lat="-29.8153920" lon="24.4102130">
    <ele>1112.7</ele>
   </trkpt>
   <trkpt lat="-29.8154360" lon="24.4102090">
    <ele>1112.9</ele>
   </trkpt>
   <trkpt lat="-29.8154640" lon="24.4102110">
    <ele>1113.0</ele>
   </trkpt>
   <trkpt lat="-29.8155090" lon="24.4102130">
    <ele>1113.1</ele>
   </trkpt>
   <trkpt lat="-29.8155490" lon="24.4102070">
    <ele>1113.2</ele>
   </trkpt>
   <trkpt lat="-29.8155960" lon="24.4102100">
    <ele>1113.3</ele>
   </trkpt>
   <trkpt lat="-29.8156310" lon="24.4102060">
    <ele>1113.4</ele>
   </trkpt>
   <trkpt lat="-29.8156700" lon="24.4102000">
    <ele>1113.5</ele>
   </trkpt>
   <trkpt lat="-29.8156930" lon="24.4101660">
    <ele>1113.6</ele>
   </trkpt>
   <trkpt lat="-29.8157320" lon="24.4101600">
    <ele>1113.8</ele>
   </trkpt>
   <trkpt lat="-29.8157450" lon="24.4101590">
    <ele>1113.8</ele>
   </trkpt>
   <trkpt lat="-29.8158000" lon="24.4101630">
    <ele>1113.9</ele>
   </trkpt>
   <trkpt lat="-29.8158190" lon="24.4101410">
    <ele>1114.0</ele>
   </trkpt>
   <trkpt lat="-29.8158240" lon="24.4101340">
    <ele>1114.0</ele>
   </trkpt>
   <trkpt lat="-29.8158290" lon="24.4101260">
    <ele>1114.0</ele>
   </trkpt>
   <trkpt lat="-29.8158340" lon="24.4101190">
    <ele>1114.0</ele>
   </trkpt>
   <trkpt lat="-29.8158820" lon="24.4101180">
    <ele>1114.1</ele>
   </trkpt>
   <trkpt lat="-29.8159100" lon="24.4101350">
    <ele>1114.2</ele>
   </trkpt>
   <trkpt lat="-29.8159130" lon="24.4101700">
    <ele>1114.3</ele>
   </trkpt>
   <trkpt lat="-29.8159360" lon="24.4101440">
    <ele>1114.3</ele>
   </trkpt>
   <trkpt lat="-29.8159690" lon="24.4101240">
    <ele>1114.4</ele>
   </trkpt>
   <trkpt lat="-29.8160060" lon="24.4101220">
    <ele>1114.5</ele>
   </trkpt>
   <trkpt lat="-29.8160030" lon="24.4101350">
    <ele>1114.5</ele>
   </trkpt>
   <trkpt lat="-29.8160220" lon="24.4101560">
    <ele>1114.6</ele>
   </trkpt>
   <trkpt lat="-29.8160520" lon="24.4101920">
    <ele>1114.7</ele>
   </trkpt>
   <trkpt lat="-29.8161000" lon="24.4102220">
    <ele>1114.9</ele>
   </trkpt>
   <trkpt lat="-29.8161170" lon="24.4102490">
    <ele>1115.0</ele>
   </trkpt>
   <trkpt lat="-29.8161440" lon="24.4103280">
    <ele>1115.2</ele>
   </trkpt>
   <trkpt lat="-29.8161660" lon="24.4103250">
    <ele>1115.2</ele>
   </trkpt>
   <trkpt lat="-29.8161600" lon="24.4102990">
    <ele>1115.2</ele>
   </trkpt>
   <trkpt lat="-29.8161760" lon="24.4103400">
    <ele>1115.2</ele>
   </trkpt>
   <trkpt lat="-29.8161860" lon="24.4103520">
    <ele>1115.2</ele>
   </trkpt>
   <trkpt lat="-29.8161900" lon="24.4103690">
    <ele>1115.2</ele>
   </trkpt>
   <trkpt lat="-29.8161900" lon="24.4104170">
    <ele>1115.3</ele>
   </trkpt>
   <trkpt lat="-29.8161930" lon="24.4104510">
    <ele>1115.3</ele>
   </trkpt>
   <trkpt lat="-29.8161810" lon="24.4104440">
    <ele>1115.3</ele>
   </trkpt>
   <trkpt lat="-29.8162050" lon="24.4104640">
    <ele>1115.3</ele>
   </trkpt>
   <trkpt lat="-29.8162880" lon="24.4104990">
    <ele>1115.4</ele>
   </trkpt>
   <trkpt lat="-29.8163230" lon="24.4105350">
    <ele>1115.4</ele>
   </trkpt>
   <trkpt lat="-29.8163350" lon="24.4105810">
    <ele>1115.5</ele>
   </trkpt>
   <trkpt lat="-29.8163380" lon="24.4106280">
    <ele>1115.5</ele>
   </trkpt>
   <trkpt lat="-29.8163330" lon="24.4106840">
    <ele>1115.5</ele>
   </trkpt>
   <trkpt lat="-29.8163450" lon="24.4106830">
    <ele>1115.5</ele>
   </trkpt>
   <trkpt lat="-29.8163740" lon="24.4106970">
    <ele>1115.5</ele>
   </trkpt>
   <trkpt lat="-29.8163560" lon="24.4107410">
    <ele>1115.5</ele>
   </trkpt>
   <trkpt lat="-29.8163520" lon="24.4107900">
    <ele>1115.6</ele>
   </trkpt>
   <trkpt lat="-29.8163520" lon="24.4108500">
    <ele>1115.6</ele>
   </trkpt>
   <trkpt lat="-29.8163520" lon="24.4108990">
    <ele>1115.6</ele>
   </trkpt>
   <trkpt lat="-29.8163580" lon="24.4109480">
    <ele>1115.6</ele>
   </trkpt>
   <trkpt lat="-29.8163650" lon="24.4109960">
    <ele>1115.6</ele>
   </trkpt>
   <trkpt lat="-29.8163580" lon="24.4110690">
    <ele>1115.7</ele>
   </trkpt>
   <trkpt lat="-29.8163560" lon="24.4111060">
    <ele>1115.7</ele>
   </trkpt>
   <trkpt lat="-29.8163350" lon="24.4111560">
    <ele>1115.8</ele>
   </trkpt>
   <trkpt lat="-29.8163300" lon="24.4111980">
    <ele>1115.8</ele>
   </trkpt>
   <trkpt lat="-29.8163350" lon="24.4112340">
    <ele>1115.8</ele>
   </trkpt>
   <trkpt lat="-29.8163480" lon="24.4112900">
    <ele>1116.0</ele>
   </trkpt>
   <trkpt lat="-29.8163340" lon="24.4113310">
    <ele>1116.1</ele>
   </trkpt>
   <trkpt lat="-29.8163370" lon="24.4113670">
    <ele>1116.1</ele>
   </trkpt>
   <trkpt lat="-29.8163400" lon="24.4114090">
    <ele>1116.2</ele>
   </trkpt>
   <trkpt lat="-29.8163630" lon="24.4114440">
    <ele>1116.3</ele>
   </trkpt>
   <trkpt lat="-29.8163680" lon="24.4114840">
    <ele>1116.3</ele>
   </trkpt>
   <trkpt lat="-29.8163740" lon="24.4115230">
    <ele>1116.4</ele>
   </trkpt>
   <trkpt lat="-29.8163800" lon="24.4115630">
    <ele>1116.4</ele>
   </trkpt>
   <trkpt lat="-29.8163790" lon="24.4116150">
    <ele>1116.5</ele>
   </trkpt>
   <trkpt lat="-29.8163650" lon="24.4116570">
    <ele>1116.5</ele>
   </trkpt>
   <trkpt lat="-29.8163660" lon="24.4116960">
    <ele>1116.6</ele>
   </trkpt>
   <trkpt lat="-29.8163480" lon="24.4117440">
    <ele>1116.6</ele>
   </trkpt>
   <trkpt lat="-29.8163460" lon="24.4118060">
    <ele>1116.7</ele>
   </trkpt>
   <trkpt lat="-29.8163380" lon="24.4118520">
    <ele>1116.7</ele>
   </trkpt>
   <trkpt lat="-29.8163280" lon="24.4119000">
    <ele>1116.8</ele>
   </trkpt>
   <trkpt lat="-29.8163390" lon="24.4119350">
    <ele>1116.8</ele>
   </trkpt>
   <trkpt lat="-29.8163360" lon="24.4119880">
    <ele>1116.8</ele>
   </trkpt>
   <trkpt lat="-29.8163760" lon="24.4119990">
    <ele>1116.8</ele>
   </trkpt>
   <trkpt lat="-29.8163500" lon="24.4120340">
    <ele>1116.9</ele>
   </trkpt>
   <trkpt lat="-29.8163610" lon="24.4120450">
    <ele>1116.9</ele>
   </trkpt>
   <trkpt lat="-29.8163580" lon="24.4120690">
    <ele>1116.9</ele>
   </trkpt>
   <trkpt lat="-29.8163560" lon="24.4120920">
    <ele>1116.9</ele>
   </trkpt>
   <trkpt lat="-29.8163480" lon="24.4121440">
    <ele>1116.9</ele>
   </trkpt>
   <trkpt lat="-29.8163550" lon="24.4121970">
    <ele>1117.0</ele>
   </trkpt>
   <trkpt lat="-29.8163580" lon="24.4122410">
    <ele>1117.0</ele>
   </trkpt>
   <trkpt lat="-29.8163590" lon="24.4122910">
    <ele>1117.0</ele>
   </trkpt>
   <trkpt lat="-29.8163550" lon="24.4123280">
    <ele>1117.0</ele>
   </trkpt>
   <trkpt lat="-29.8163470" lon="24.4123740">
    <ele>1117.0</ele>
   </trkpt>
   <trkpt lat="-29.8163340" lon="24.4124280">
    <ele>1117.0</ele>
   </trkpt>
   <trkpt lat="-29.8163290" lon="24.4124520">
    <ele>1117.0</ele>
   </trkpt>
   <trkpt lat="-29.8163210" lon="24.4124910">
    <ele>1117.0</ele>
   </trkpt>
   <trkpt lat="-29.8162980" lon="24.4125650">
    <ele>1117.0</ele>
   </trkpt>
   <trkpt lat="-29.8163240" lon="24.4125260">
    <ele>1117.0</ele>
   </trkpt>
   <trkpt lat="-29.8163210" lon="24.4125640">
    <ele>1117.1</ele>
   </trkpt>
   <trkpt lat="-29.8163190" lon="24.4125800">
    <ele>1117.1</ele>
   </trkpt>
   <trkpt lat="-29.8163120" lon="24.4125960">
    <ele>1117.1</ele>
   </trkpt>
   <trkpt lat="-29.8163090" lon="24.4126110">
    <ele>1117.1</ele>
   </trkpt>
   <trkpt lat="-29.8163020" lon="24.4126350">
    <ele>1117.1</ele>
   </trkpt>
   <trkpt lat="-29.8163020" lon="24.4126480">
    <ele>1117.1</ele>
   </trkpt>
   <trkpt lat="-29.8163020" lon="24.4126610">
    <ele>1117.1</ele>
   </trkpt>
   <trkpt lat="-29.8162860" lon="24.4127550">
    <ele>1117.1</ele>
   </trkpt>
   <trkpt lat="-29.8162480" lon="24.4128220">
    <ele>1117.1</ele>
   </trkpt>
   <trkpt lat="-29.8162320" lon="24.4128520">
    <ele>1117.1</ele>
   </trkpt>
   <trkpt lat="-29.8162210" lon="24.4128600">
    <ele>1117.2</ele>
   </trkpt>
   <trkpt lat="-29.8162200" lon="24.4128650">
    <ele>1117.2</ele>
   </trkpt>
   <trkpt lat="-29.8162210" lon="24.4128710">
    <ele>1117.2</ele>
   </trkpt>
   <trkpt lat="-29.8162250" lon="24.4128870">
    <ele>1117.2</ele>
   </trkpt>
   <trkpt lat="-29.8162330" lon="24.4128920">
    <ele>1117.2</ele>
   </trkpt>
   <trkpt lat="-29.8162450" lon="24.4128970">
    <ele>1117.2</ele>
   </trkpt>
   <trkpt lat="-29.8162500" lon="24.4129090">
    <ele>1117.2</ele>
   </trkpt>
   <trkpt lat="-29.8162490" lon="24.4129130">
    <ele>1117.2</ele>
   </trkpt>
   <trkpt lat="-29.8162570" lon="24.4129200">
    <ele>1117.2</ele>
   </trkpt>
   <trkpt lat="-29.8162630" lon="24.4129180">
    <ele>1117.2</ele>
   </trkpt>
   <trkpt lat="-29.8162740" lon="24.4129260">
    <ele>1117.3</ele>
   </trkpt>
   <trkpt lat="-29.8162770" lon="24.4129320">
    <ele>1117.3</ele>
   </trkpt>
   <trkpt lat="-29.8162840" lon="24.4129350">
    <ele>1117.3</ele>
   </trkpt>
   <trkpt lat="-29.8162900" lon="24.4129390">
    <ele>1117.3</ele>
   </trkpt>
   <trkpt lat="-29.8163030" lon="24.4129450">
    <ele>1117.3</ele>
   </trkpt>
   <trkpt lat="-29.8163110" lon="24.4129470">
    <ele>1117.4</ele>
   </trkpt>
   <trkpt lat="-29.8163190" lon="24.4129560">
    <ele>1117.4</ele>
   </trkpt>
   <trkpt lat="-29.8163110" lon="24.4129590">
    <ele>1117.4</ele>
   </trkpt>
   <trkpt lat="-29.8163200" lon="24.4129630">
    <ele>1117.4</ele>
   </trkpt>
   <trkpt lat="-29.8163340" lon="24.4129700">
    <ele>1117.5</ele>
   </trkpt>
   <trkpt lat="-29.8163480" lon="24.4129750">
    <ele>1117.5</ele>
   </trkpt>
   <trkpt lat="-29.8163430" lon="24.4129760">
    <ele>1117.5</ele>
   </trkpt>
   <trkpt lat="-29.8163490" lon="24.4129800">
    <ele>1117.5</ele>
   </trkpt>
   <trkpt lat="-29.8163540" lon="24.4129870">
    <ele>1117.6</ele>
   </trkpt>
   <trkpt lat="-29.8163640" lon="24.4129890">
    <ele>1117.7</ele>
   </trkpt>
   <trkpt lat="-29.8163720" lon="24.4129920">
    <ele>1117.8</ele>
   </trkpt>
   <trkpt lat="-29.8163790" lon="24.4129940">
    <ele>1117.9</ele>
   </trkpt>
   <trkpt lat="-29.8163790" lon="24.4129890">
    <ele>1117.9</ele>
   </trkpt>
   <trkpt lat="-29.8163880" lon="24.4129940">
    <ele>1118.0</ele>
   </trkpt>
   <trkpt lat="-29.8163920" lon="24.4129890">
    <ele>1118.1</ele>
   </trkpt>
   <trkpt lat="-29.8164050" lon="24.4130000">
    <ele>1118.3</ele>
   </trkpt>
   <trkpt lat="-29.8164060" lon="24.4130010">
    <ele>1118.3</ele>
   </trkpt>
   <trkpt lat="-29.8164160" lon="24.4130080">
    <ele>1118.4</ele>
   </trkpt>
   <trkpt lat="-29.8164140" lon="24.4130110">
    <ele>1118.4</ele>
   </trkpt>
   <trkpt lat="-29.8164240" lon="24.4130190">
    <ele>1118.6</ele>
   </trkpt>
   <trkpt lat="-29.8164260" lon="24.4130210">
    <ele>1118.6</ele>
   </trkpt>
   <trkpt lat="-29.8164380" lon="24.4130290">
    <ele>1118.8</ele>
   </trkpt>
   <trkpt lat="-29.8164510" lon="24.4130300">
    <ele>1118.9</ele>
   </trkpt>
   <trkpt lat="-29.8164550" lon="24.4130360">
    <ele>1119.0</ele>
   </trkpt>
   <trkpt lat="-29.8164650" lon="24.4130360">
    <ele>1119.1</ele>
   </trkpt>
   <trkpt lat="-29.8164770" lon="24.4130410">
    <ele>1119.3</ele>
   </trkpt>
   <trkpt lat="-29.8164870" lon="24.4130420">
    <ele>1119.4</ele>
   </trkpt>
   <trkpt lat="-29.8164910" lon="24.4130420">
    <ele>1119.5</ele>
   </trkpt>
   <trkpt lat="-29.8164980" lon="24.4130460">
    <ele>1119.6</ele>
   </trkpt>
   <trkpt lat="-29.8165090" lon="24.4130440">
    <ele>1119.7</ele>
   </trkpt>
   <trkpt lat="-29.8165070" lon="24.4130490">
    <ele>1119.8</ele>
   </trkpt>
   <trkpt lat="-29.8165170" lon="24.4130530">
    <ele>1119.9</ele>
   </trkpt>
   <trkpt lat="-29.8165280" lon="24.4130560">
    <ele>1120.1</ele>
   </trkpt>
   <trkpt lat="-29.8165450" lon="24.4130670">
    <ele>1120.4</ele>
   </trkpt>
   <trkpt lat="-29.8165510" lon="24.4130720">
    <ele>1120.6</ele>
   </trkpt>
   <trkpt lat="-29.8165580" lon="24.4130780">
    <ele>1120.7</ele>
   </trkpt>
   <trkpt lat="-29.8165640" lon="24.4130840">
    <ele>1120.8</ele>
   </trkpt>
   <trkpt lat="-29.8165730" lon="24.4130870">
    <ele>1121.0</ele>
   </trkpt>
   <trkpt lat="-29.8165960" lon="24.4130910">
    <ele>1121.4</ele>
   </trkpt>
   <trkpt lat="-29.8166040" lon="24.4130850">
    <ele>1121.6</ele>
   </trkpt>
   <trkpt lat="-29.8166190" lon="24.4130880">
    <ele>1121.9</ele>
   </trkpt>
   <trkpt lat="-29.8166200" lon="24.4130870">
    <ele>1121.9</ele>
   </trkpt>
   <trkpt lat="-29.8166100" lon="24.4130940">
    <ele>1122.2</ele>
   </trkpt>
   <trkpt lat="-29.8166150" lon="24.4130940">
    <ele>1122.3</ele>
   </trkpt>
   <trkpt lat="-29.8166210" lon="24.4130980">
    <ele>1122.4</ele>
   </trkpt>
   <trkpt lat="-29.8166290" lon="24.4131030">
    <ele>1122.6</ele>
   </trkpt>
   <trkpt lat="-29.8166360" lon="24.4131030">
    <ele>1122.8</ele>
   </trkpt>
   <trkpt lat="-29.8166420" lon="24.4131030">
    <ele>1122.9</ele>
   </trkpt>
   <trkpt lat="-29.8166480" lon="24.4131020">
    <ele>1123.0</ele>
   </trkpt>
   <trkpt lat="-29.8166480" lon="24.4131090">
    <ele>1123.2</ele>
   </trkpt>
   <trkpt lat="-29.8166580" lon="24.4131060">
    <ele>1123.4</ele>
   </trkpt>
   <trkpt lat="-29.8166560" lon="24.4131070">
    <ele>1123.5</ele>
   </trkpt>
   <trkpt lat="-29.8166680" lon="24.4131120">
    <ele>1123.8</ele>
   </trkpt>
   <trkpt lat="-29.8166750" lon="24.4131100">
    <ele>1123.9</ele>
   </trkpt>
   <trkpt lat="-29.8166820" lon="24.4131110">
    <ele>1124.1</ele>
   </trkpt>
   <trkpt lat="-29.8166860" lon="24.4131120">
    <ele>1124.2</ele>
   </trkpt>
   <trkpt lat="-29.8166900" lon="24.4131100">
    <ele>1124.3</ele>
   </trkpt>
   <trkpt lat="-29.8166930" lon="24.4131090">
    <ele>1124.3</ele>
   </trkpt>
   <trkpt lat="-29.8166860" lon="24.4131070">
    <ele>1124.5</ele>
   </trkpt>
   <trkpt lat="-29.8166840" lon="24.4131110">
    <ele>1124.6</ele>
   </trkpt>
   <trkpt lat="-29.8166750" lon="24.4131100">
    <ele>1124.8</ele>
   </trkpt>
   <trkpt lat="-29.8166850" lon="24.4131200">
    <ele>1125.1</ele>
   </trkpt>
   <trkpt lat="-29.8166900" lon="24.4131290">
    <ele>1125.3</ele>
   </trkpt>
   <trkpt lat="-29.8166960" lon="24.4131380">
    <ele>1125.5</ele>
   </trkpt>
   <trkpt lat="-29.8167050" lon="24.4131400">
    <ele>1125.7</ele>
   </trkpt>
   <trkpt lat="-29.8167130" lon="24.4131450">
    <ele>1125.9</ele>
   </trkpt>
   <trkpt lat="-29.8167330" lon="24.4131530">
    <ele>1126.4</ele>
   </trkpt>
   <trkpt lat="-29.8167390" lon="24.4131490">
    <ele>1126.6</ele>
   </trkpt>
   <trkpt lat="-29.8167440" lon="24.4131460">
    <ele>1126.7</ele>
   </trkpt>
   <trkpt lat="-29.8167440" lon="24.4131450">
    <ele>1126.7</ele>
   </trkpt>
   <trkpt lat="-29.8167540" lon="24.4131530">
    <ele>1127.0</ele>
   </trkpt>
   <trkpt lat="-29.8167580" lon="24.4131530">
    <ele>1127.1</ele>
   </trkpt>
   <trkpt lat="-29.8167690" lon="24.4131560">
    <ele>1127.2</ele>
   </trkpt>
   <trkpt lat="-29.8167920" lon="24.4131530">
    <ele>1127.3</ele>
   </trkpt>
   <trkpt lat="-29.8168060" lon="24.4131510">
    <ele>1127.4</ele>
   </trkpt>
   <trkpt lat="-29.8168210" lon="24.4131490">
    <ele>1127.5</ele>
   </trkpt>
   <trkpt lat="-29.8168130" lon="24.4131460">
    <ele>1127.5</ele>
   </trkpt>
   <trkpt lat="-29.8168280" lon="24.4131560">
    <ele>1127.6</ele>
   </trkpt>
   <trkpt lat="-29.8168350" lon="24.4131580">
    <ele>1127.6</ele>
   </trkpt>
   <trkpt lat="-29.8168470" lon="24.4131600">
    <ele>1127.7</ele>
   </trkpt>
   <trkpt lat="-29.8168580" lon="24.4131580">
    <ele>1127.7</ele>
   </trkpt>
   <trkpt lat="-29.8168750" lon="24.4131510">
    <ele>1127.8</ele>
   </trkpt>
   <trkpt lat="-29.8168780" lon="24.4131500">
    <ele>1127.8</ele>
   </trkpt>
   <trkpt lat="-29.8168890" lon="24.4131490">
    <ele>1127.8</ele>
   </trkpt>
   <trkpt lat="-29.8169070" lon="24.4131550">
    <ele>1127.9</ele>
   </trkpt>
   <trkpt lat="-29.8169460" lon="24.4131630">
    <ele>1128.0</ele>
   </trkpt>
   <trkpt lat="-29.8169420" lon="24.4131490">
    <ele>1128.0</ele>
   </trkpt>
   <trkpt lat="-29.8169470" lon="24.4131400">
    <ele>1128.0</ele>
   </trkpt>
   <trkpt lat="-29.8169590" lon="24.4131350">
    <ele>1128.0</ele>
   </trkpt>
   <trkpt lat="-29.8169870" lon="24.4131410">
    <ele>1128.1</ele>
   </trkpt>
   <trkpt lat="-29.8170040" lon="24.4131510">
    <ele>1128.1</ele>
   </trkpt>
   <trkpt lat="-29.8170220" lon="24.4131610">
    <ele>1128.1</ele>
   </trkpt>
   <trkpt lat="-29.8170350" lon="24.4131640">
    <ele>1128.1</ele>
   </trkpt>
   <trkpt lat="-29.8170570" lon="24.4131670">
    <ele>1128.1</ele>
   </trkpt>
   <trkpt lat="-29.8170860" lon="24.4131450">
    <ele>1128.2</ele>
   </trkpt>
   <trkpt lat="-29.8170670" lon="24.4131110">
    <ele>1128.2</ele>
   </trkpt>
   <trkpt lat="-29.8170810" lon="24.4130780">
    <ele>1128.2</ele>
   </trkpt>
   <trkpt lat="-29.8171080" lon="24.4130530">
    <ele>1128.2</ele>
   </trkpt>
   <trkpt lat="-29.8171450" lon="24.4130730">
    <ele>1128.3</ele>
   </trkpt>
   <trkpt lat="-29.8171710" lon="24.4130930">
    <ele>1128.3</ele>
   </trkpt>
   <trkpt lat="-29.8172000" lon="24.4130970">
    <ele>1128.3</ele>
   </trkpt>
   <trkpt lat="-29.8172160" lon="24.4131090">
    <ele>1128.4</ele>
   </trkpt>
   <trkpt lat="-29.8172400" lon="24.4131190">
    <ele>1128.4</ele>
   </trkpt>
   <trkpt lat="-29.8172630" lon="24.4131280">
    <ele>1128.5</ele>
   </trkpt>
   <trkpt lat="-29.8173220" lon="24.4131460">
    <ele>1128.6</ele>
   </trkpt>
   <trkpt lat="-29.8173520" lon="24.4131460">
    <ele>1128.7</ele>
   </trkpt>
   <trkpt lat="-29.8173730" lon="24.4131590">
    <ele>1128.7</ele>
   </trkpt>
   <trkpt lat="-29.8174060" lon="24.4131590">
    <ele>1128.8</ele>
   </trkpt>
   <trkpt lat="-29.8174330" lon="24.4131580">
    <ele>1128.8</ele>
   </trkpt>
   <trkpt lat="-29.8174480" lon="24.4131570">
    <ele>1128.8</ele>
   </trkpt>
   <trkpt lat="-29.8174950" lon="24.4131790">
    <ele>1128.9</ele>
   </trkpt>
   <trkpt lat="-29.8175090" lon="24.4131760">
    <ele>1129.0</ele>
   </trkpt>
   <trkpt lat="-29.8175300" lon="24.4131760">
    <ele>1129.0</ele>
   </trkpt>
   <trkpt lat="-29.8175500" lon="24.4131770">
    <ele>1129.1</ele>
   </trkpt>
   <trkpt lat="-29.8175570" lon="24.4131900">
    <ele>1129.1</ele>
   </trkpt>
   <trkpt lat="-29.8175760" lon="24.4132040">
    <ele>1129.1</ele>
   </trkpt>
   <trkpt lat="-29.8176080" lon="24.4132110">
    <ele>1129.2</ele>
   </trkpt>
   <trkpt lat="-29.8176470" lon="24.4132130">
    <ele>1129.3</ele>
   </trkpt>
   <trkpt lat="-29.8176660" lon="24.4132190">
    <ele>1129.3</ele>
   </trkpt>
   <trkpt lat="-29.8176710" lon="24.4132270">
    <ele>1129.3</ele>
   </trkpt>
   <trkpt lat="-29.8176990" lon="24.4132270">
    <ele>1129.3</ele>
   </trkpt>
   <trkpt lat="-29.8177510" lon="24.4132480">
    <ele>1129.4</ele>
   </trkpt>
   <trkpt lat="-29.8177590" lon="24.4132890">
    <ele>1129.5</ele>
   </trkpt>
   <trkpt lat="-29.8177650" lon="24.4133000">
    <ele>1129.5</ele>
   </trkpt>
   <trkpt lat="-29.8177950" lon="24.4133170">
    <ele>1129.5</ele>
   </trkpt>
   <trkpt lat="-29.8178010" lon="24.4133230">
    <ele>1129.5</ele>
   </trkpt>
   <trkpt lat="-29.8178510" lon="24.4133450">
    <ele>1129.6</ele>
   </trkpt>
   <trkpt lat="-29.8178880" lon="24.4133620">
    <ele>1129.6</ele>
   </trkpt>
   <trkpt lat="-29.8179320" lon="24.4133380">
    <ele>1129.7</ele>
   </trkpt>
   <trkpt lat="-29.8179650" lon="24.4133460">
    <ele>1129.8</ele>
   </trkpt>
   <trkpt lat="-29.8179920" lon="24.4133490">
    <ele>1129.8</ele>
   </trkpt>
   <trkpt lat="-29.8180040" lon="24.4133530">
    <ele>1129.8</ele>
   </trkpt>
   <trkpt lat="-29.8180190" lon="24.4133370">
    <ele>1129.7</ele>
   </trkpt>
   <trkpt lat="-29.8180270" lon="24.4133290">
    <ele>1129.7</ele>
   </trkpt>
   <trkpt lat="-29.8180330" lon="24.4133140">
    <ele>1129.7</ele>
   </trkpt>
   <trkpt lat="-29.8180270" lon="24.4132970">
    <ele>1129.7</ele>
   </trkpt>
   <trkpt lat="-29.8180220" lon="24.4132810">
    <ele>1129.7</ele>
   </trkpt>
   <trkpt lat="-29.8180160" lon="24.4132640">
    <ele>1129.7</ele>
   </trkpt>
   <trkpt lat="-29.8180100" lon="24.4132480">
    <ele>1129.7</ele>
   </trkpt>
   <trkpt lat="-29.8179970" lon="24.4132190">
    <ele>1129.7</ele>
   </trkpt>
   <trkpt lat="-29.8179850" lon="24.4131800">
    <ele>1129.8</ele>
   </trkpt>
   <trkpt lat="-29.8179680" lon="24.4131380">
    <ele>1129.8</ele>
   </trkpt>
   <trkpt lat="-29.8179560" lon="24.4130940">
    <ele>1129.8</ele>
   </trkpt>
   <trkpt lat="-29.8179460" lon="24.4130510">
    <ele>1129.8</ele>
   </trkpt>
   <trkpt lat="-29.8179380" lon="24.4130060">
    <ele>1129.8</ele>
   </trkpt>
   <trkpt lat="-29.8179320" lon="24.4129580">
    <ele>1129.8</ele>
   </trkpt>
   <trkpt lat="-29.8179240" lon="24.4129070">
    <ele>1129.8</ele>
   </trkpt>
   <trkpt lat="-29.8179190" lon="24.4128570">
    <ele>1129.7</ele>
   </trkpt>
   <trkpt lat="-29.8179140" lon="24.4128060">
    <ele>1129.7</ele>
   </trkpt>
   <trkpt lat="-29.8179170" lon="24.4127530">
    <ele>1129.6</ele>
   </trkpt>
   <trkpt lat="-29.8179160" lon="24.4127000">
    <ele>1129.6</ele>
   </trkpt>
   <trkpt lat="-29.8179210" lon="24.4126470">
    <ele>1129.5</ele>
   </trkpt>
   <trkpt lat="-29.8179270" lon="24.4125920">
    <ele>1129.4</ele>
   </trkpt>
   <trkpt lat="-29.8179370" lon="24.4125380">
    <ele>1129.4</ele>
   </trkpt>
   <trkpt lat="-29.8179480" lon="24.4124830">
    <ele>1129.6</ele>
   </trkpt>
   <trkpt lat="-29.8179590" lon="24.4124290">
    <ele>1129.5</ele>
   </trkpt>
   <trkpt lat="-29.8179750" lon="24.4123790">
    <ele>1129.4</ele>
   </trkpt>
   <trkpt lat="-29.8179890" lon="24.4123290">
    <ele>1129.4</ele>
   </trkpt>
   <trkpt lat="-29.8180050" lon="24.4122790">
    <ele>1129.3</ele>
   </trkpt>
   <trkpt lat="-29.8180090" lon="24.4122290">
    <ele>1129.2</ele>
   </trkpt>
   <trkpt lat="-29.8180270" lon="24.4121790">
    <ele>1129.2</ele>
   </trkpt>
   <trkpt lat="-29.8180370" lon="24.4121340">
    <ele>1129.1</ele>
   </trkpt>
   <trkpt lat="-29.8180490" lon="24.4120850">
    <ele>1129.4</ele>
   </trkpt>
   <trkpt lat="-29.8180660" lon="24.4120420">
    <ele>1129.7</ele>
   </trkpt>
   <trkpt lat="-29.8180820" lon="24.4119960">
    <ele>1130.0</ele>
   </trkpt>
   <trkpt lat="-29.8180980" lon="24.4119500">
    <ele>1130.3</ele>
   </trkpt>
   <trkpt lat="-29.8181150" lon="24.4119010">
    <ele>1130.6</ele>
   </trkpt>
   <trkpt lat="-29.8181330" lon="24.4118530">
    <ele>1131.0</ele>
   </trkpt>
   <trkpt lat="-29.8181600" lon="24.4118150">
    <ele>1131.3</ele>
   </trkpt>
   <trkpt lat="-29.8181850" lon="24.4117730">
    <ele>1131.6</ele>
   </trkpt>
   <trkpt lat="-29.8182120" lon="24.4117220">
    <ele>1131.9</ele>
   </trkpt>
   <trkpt lat="-29.8182370" lon="24.4116810">
    <ele>1132.2</ele>
   </trkpt>
   <trkpt lat="-29.8182620" lon="24.4116490">
    <ele>1132.5</ele>
   </trkpt>
   <trkpt lat="-29.8182820" lon="24.4116180">
    <ele>1132.7</ele>
   </trkpt>
   <trkpt lat="-29.8182960" lon="24.4115830">
    <ele>1133.0</ele>
   </trkpt>
   <trkpt lat="-29.8182930" lon="24.4115420">
    <ele>1132.9</ele>
   </trkpt>
   <trkpt lat="-29.8182750" lon="24.4115090">
    <ele>1132.7</ele>
   </trkpt>
   <trkpt lat="-29.8182520" lon="24.4114810">
    <ele>1132.5</ele>
   </trkpt>
   <trkpt lat="-29.8182190" lon="24.4114550">
    <ele>1131.9</ele>
   </trkpt>
   <trkpt lat="-29.8181820" lon="24.4114310">
    <ele>1131.4</ele>
   </trkpt>
   <trkpt lat="-29.8181410" lon="24.4114330">
    <ele>1131.3</ele>
   </trkpt>
   <trkpt lat="-29.8181030" lon="24.4114420">
    <ele>1131.3</ele>
   </trkpt>
   <trkpt lat="-29.8180670" lon="24.4114450">
    <ele>1131.2</ele>
   </trkpt>
   <trkpt lat="-29.8180260" lon="24.4114460">
    <ele>1131.2</ele>
   </trkpt>
   <trkpt lat="-29.8179900" lon="24.4114540">
    <ele>1131.2</ele>
   </trkpt>
   <trkpt lat="-29.8179550" lon="24.4114710">
    <ele>1131.1</ele>
   </trkpt>
   <trkpt lat="-29.8179190" lon="24.4114870">
    <ele>1131.1</ele>
   </trkpt>
   <trkpt lat="-29.8178860" lon="24.4114940">
    <ele>1131.0</ele>
   </trkpt>
   <trkpt lat="-29.8178510" lon="24.4114960">
    <ele>1131.0</ele>
   </trkpt>
   <trkpt lat="-29.8178150" lon="24.4114830">
    <ele>1131.0</ele>
   </trkpt>
   <trkpt lat="-29.8177890" lon="24.4114520">
    <ele>1131.0</ele>
   </trkpt>
   <trkpt lat="-29.8177740" lon="24.4114110">
    <ele>1131.0</ele>
   </trkpt>
   <trkpt lat="-29.8177730" lon="24.4113710">
    <ele>1131.0</ele>
   </trkpt>
   <trkpt lat="-29.8177730" lon="24.4113350">
    <ele>1131.0</ele>
   </trkpt>
   <trkpt lat="-29.8177720" lon="24.4113020">
    <ele>1131.0</ele>
   </trkpt>
   <trkpt lat="-29.8177660" lon="24.4112700">
    <ele>1131.0</ele>
   </trkpt>
   <trkpt lat="-29.8177870" lon="24.4112380">
    <ele>1131.1</ele>
   </trkpt>
   <trkpt lat="-29.8178220" lon="24.4112360">
    <ele>1131.2</ele>
   </trkpt>
   <trkpt lat="-29.8178510" lon="24.4112390">
    <ele>1131.3</ele>
   </trkpt>
   <trkpt lat="-29.8178640" lon="24.4112400">
    <ele>1131.3</ele>
   </trkpt>
   <trkpt lat="-29.8178990" lon="24.4112300">
    <ele>1131.5</ele>
   </trkpt>
   <trkpt lat="-29.8179140" lon="24.4112260">
    <ele>1131.5</ele>
   </trkpt>
   <trkpt lat="-29.8179410" lon="24.4112170">
    <ele>1131.6</ele>
   </trkpt>
   <trkpt lat="-29.8179640" lon="24.4111920">
    <ele>1131.3</ele>
   </trkpt>
   <trkpt lat="-29.8179680" lon="24.4111550">
    <ele>1131.2</ele>
   </trkpt>
   <trkpt lat="-29.8179700" lon="24.4111400">
    <ele>1131.2</ele>
   </trkpt>
   <trkpt lat="-29.8179610" lon="24.4111070">
    <ele>1131.1</ele>
   </trkpt>
   <trkpt lat="-29.8179550" lon="24.4110630">
    <ele>1131.0</ele>
   </trkpt>
   <trkpt lat="-29.8179540" lon="24.4110470">
    <ele>1131.0</ele>
   </trkpt>
   <trkpt lat="-29.8179420" lon="24.4110260">
    <ele>1131.0</ele>
   </trkpt>
   <trkpt lat="-29.8179420" lon="24.4110160">
    <ele>1130.9</ele>
   </trkpt>
   <trkpt lat="-29.8179400" lon="24.4109960">
    <ele>1130.9</ele>
   </trkpt>
   <trkpt lat="-29.8179410" lon="24.4109870">
    <ele>1130.9</ele>
   </trkpt>
   <trkpt lat="-29.8179410" lon="24.4109770">
    <ele>1130.9</ele>
   </trkpt>
   <trkpt lat="-29.8179420" lon="24.4109680">
    <ele>1130.9</ele>
   </trkpt>
   <trkpt lat="-29.8179460" lon="24.4109630">
    <ele>1130.8</ele>
   </trkpt>
   <trkpt lat="-29.8179390" lon="24.4109460">
    <ele>1130.8</ele>
   </trkpt>
   <trkpt lat="-29.8179290" lon="24.4109400">
    <ele>1130.8</ele>
   </trkpt>
   <trkpt lat="-29.8179300" lon="24.4109320">
    <ele>1130.8</ele>
   </trkpt>
   <trkpt lat="-29.8179290" lon="24.4109260">
    <ele>1130.8</ele>
   </trkpt>
   <trkpt lat="-29.8179290" lon="24.4109200">
    <ele>1130.7</ele>
   </trkpt>
   <trkpt lat="-29.8179280" lon="24.4109140">
    <ele>1130.7</ele>
   </trkpt>
   <trkpt lat="-29.8179280" lon="24.4109080">
    <ele>1130.7</ele>
   </trkpt>
   <trkpt lat="-29.8179270" lon="24.4109020">
    <ele>1130.7</ele>
   </trkpt>
   <trkpt lat="-29.8179270" lon="24.4108960">
    <ele>1130.7</ele>
   </trkpt>
   <trkpt lat="-29.8179240" lon="24.4108790">
    <ele>1130.7</ele>
   </trkpt>
   <trkpt lat="-29.8179220" lon="24.4108640">
    <ele>1130.6</ele>
   </trkpt>
   <trkpt lat="-29.8179220" lon="24.4108500">
    <ele>1130.6</ele>
   </trkpt>
   <trkpt lat="-29.8179150" lon="24.4108370">
    <ele>1130.6</ele>
   </trkpt>
   <trkpt lat="-29.8179160" lon="24.4108250">
    <ele>1130.6</ele>
   </trkpt>
   <trkpt lat="-29.8179190" lon="24.4108110">
    <ele>1130.5</ele>
   </trkpt>
   <trkpt lat="-29.8179280" lon="24.4107970">
    <ele>1130.5</ele>
   </trkpt>
   <trkpt lat="-29.8179320" lon="24.4107810">
    <ele>1130.5</ele>
   </trkpt>
   <trkpt lat="-29.8179380" lon="24.4107690">
    <ele>1130.4</ele>
   </trkpt>
   <trkpt lat="-29.8179500" lon="24.4107720">
    <ele>1130.4</ele>
   </trkpt>
   <trkpt lat="-29.8179680" lon="24.4107730">
    <ele>1130.4</ele>
   </trkpt>
   <trkpt lat="-29.8179790" lon="24.4107710">
    <ele>1130.4</ele>
   </trkpt>
   <trkpt lat="-29.8179890" lon="24.4107700">
    <ele>1130.3</ele>
   </trkpt>
   <trkpt lat="-29.8180250" lon="24.4107720">
    <ele>1130.3</ele>
   </trkpt>
   <trkpt lat="-29.8180370" lon="24.4107720">
    <ele>1130.2</ele>
   </trkpt>
   <trkpt lat="-29.8180640" lon="24.4107950">
    <ele>1130.2</ele>
   </trkpt>
   <trkpt lat="-29.8180880" lon="24.4108140">
    <ele>1130.1</ele>
   </trkpt>
   <trkpt lat="-29.8181160" lon="24.4108270">
    <ele>1130.0</ele>
   </trkpt>
   <trkpt lat="-29.8181480" lon="24.4108310">
    <ele>1130.0</ele>
   </trkpt>
   <trkpt lat="-29.8181620" lon="24.4108300">
    <ele>1129.9</ele>
   </trkpt>
   <trkpt lat="-29.8181860" lon="24.4108440">
    <ele>1129.9</ele>
   </trkpt>
   <trkpt lat="-29.8182020" lon="24.4108920">
    <ele>1130.2</ele>
   </trkpt>
   <trkpt lat="-29.8181980" lon="24.4109400">
    <ele>1130.4</ele>
   </trkpt>
   <trkpt lat="-29.8181980" lon="24.4109740">
    <ele>1130.6</ele>
   </trkpt>
   <trkpt lat="-29.8182080" lon="24.4110210">
    <ele>1130.8</ele>
   </trkpt>
   <trkpt lat="-29.8182140" lon="24.4110650">
    <ele>1131.0</ele>
   </trkpt>
   <trkpt lat="-29.8182180" lon="24.4111080">
    <ele>1131.2</ele>
   </trkpt>
   <trkpt lat="-29.8182290" lon="24.4111480">
    <ele>1131.4</ele>
   </trkpt>
   <trkpt lat="-29.8182290" lon="24.4111940">
    <ele>1131.7</ele>
   </trkpt>
   <trkpt lat="-29.8182380" lon="24.4112380">
    <ele>1131.6</ele>
   </trkpt>
   <trkpt lat="-29.8182420" lon="24.4112750">
    <ele>1131.5</ele>
   </trkpt>
   <trkpt lat="-29.8182510" lon="24.4113140">
    <ele>1131.5</ele>
   </trkpt>
   <trkpt lat="-29.8182600" lon="24.4113570">
    <ele>1131.4</ele>
   </trkpt>
   <trkpt lat="-29.8182730" lon="24.4113930">
    <ele>1131.4</ele>
   </trkpt>
   <trkpt lat="-29.8182970" lon="24.4114220">
    <ele>1131.8</ele>
   </trkpt>
   <trkpt lat="-29.8183240" lon="24.4114490">
    <ele>1132.2</ele>
   </trkpt>
   <trkpt lat="-29.8183480" lon="24.4114730">
    <ele>1132.5</ele>
   </trkpt>
   <trkpt lat="-29.8183720" lon="24.4114930">
    <ele>1132.7</ele>
   </trkpt>
   <trkpt lat="-29.8183960" lon="24.4115130">
    <ele>1132.8</ele>
   </trkpt>
   <trkpt lat="-29.8184270" lon="24.4115200">
    <ele>1133.0</ele>
   </trkpt>
   <trkpt lat="-29.8184590" lon="24.4115250">
    <ele>1133.0</ele>
   </trkpt>
   <trkpt lat="-29.8184900" lon="24.4115250">
    <ele>1132.9</ele>
   </trkpt>
   <trkpt lat="-29.8185230" lon="24.4115150">
    <ele>1132.9</ele>
   </trkpt>
   <trkpt lat="-29.8185550" lon="24.4114880">
    <ele>1132.9</ele>
   </trkpt>
   <trkpt lat="-29.8185900" lon="24.4114740">
    <ele>1132.9</ele>
   </trkpt>
   <trkpt lat="-29.8186190" lon="24.4114540">
    <ele>1132.9</ele>
   </trkpt>
   <trkpt lat="-29.8186430" lon="24.4114380">
    <ele>1132.9</ele>
   </trkpt>
   <trkpt lat="-29.8186650" lon="24.4114130">
    <ele>1132.9</ele>
   </trkpt>
   <trkpt lat="-29.8186900" lon="24.4113910">
    <ele>1132.9</ele>
   </trkpt>
   <trkpt lat="-29.8187160" lon="24.4113760">
    <ele>1132.8</ele>
   </trkpt>
   <trkpt lat="-29.8187400" lon="24.4113610">
    <ele>1132.8</ele>
   </trkpt>
   <trkpt lat="-29.8187700" lon="24.4113400">
    <ele>1132.7</ele>
   </trkpt>
   <trkpt lat="-29.8188000" lon="24.4113240">
    <ele>1132.7</ele>
   </trkpt>
   <trkpt lat="-29.8188300" lon="24.4113070">
    <ele>1132.6</ele>
   </trkpt>
   <trkpt lat="-29.8188630" lon="24.4112950">
    <ele>1132.5</ele>
   </trkpt>
   <trkpt lat="-29.8188970" lon="24.4112890">
    <ele>1132.5</ele>
   </trkpt>
   <trkpt lat="-29.8189280" lon="24.4112760">
    <ele>1132.4</ele>
   </trkpt>
   <trkpt lat="-29.8189610" lon="24.4112640">
    <ele>1132.3</ele>
   </trkpt>
   <trkpt lat="-29.8189940" lon="24.4112600">
    <ele>1132.3</ele>
   </trkpt>
   <trkpt lat="-29.8190290" lon="24.4112520">
    <ele>1132.3</ele>
   </trkpt>
   <trkpt lat="-29.8190650" lon="24.4112570">
    <ele>1132.2</ele>
   </trkpt>
   <trkpt lat="-29.8191060" lon="24.4112550">
    <ele>1132.2</ele>
   </trkpt>
   <trkpt lat="-29.8191240" lon="24.4112540">
    <ele>1132.2</ele>
   </trkpt>
   <trkpt lat="-29.8191560" lon="24.4112530">
    <ele>1132.2</ele>
   </trkpt>
   <trkpt lat="-29.8191870" lon="24.4112440">
    <ele>1132.2</ele>
   </trkpt>
   <trkpt lat="-29.8192210" lon="24.4112320">
    <ele>1132.1</ele>
   </trkpt>
   <trkpt lat="-29.8192480" lon="24.4112350">
    <ele>1132.1</ele>
   </trkpt>
   <trkpt lat="-29.8192820" lon="24.4112270">
    <ele>1132.2</ele>
   </trkpt>
   <trkpt lat="-29.8193110" lon="24.4112240">
    <ele>1132.3</ele>
   </trkpt>
   <trkpt lat="-29.8193430" lon="24.4112220">
    <ele>1132.3</ele>
   </trkpt>
   <trkpt lat="-29.8193740" lon="24.4112210">
    <ele>1132.4</ele>
   </trkpt>
   <trkpt lat="-29.8194040" lon="24.4112170">
    <ele>1132.5</ele>
   </trkpt>
   <trkpt lat="-29.8194380" lon="24.4112110">
    <ele>1132.5</ele>
   </trkpt>
   <trkpt lat="-29.8194720" lon="24.4112060">
    <ele>1132.6</ele>
   </trkpt>
   <trkpt lat="-29.8195120" lon="24.4112020">
    <ele>1132.6</ele>
   </trkpt>
   <trkpt lat="-29.8195440" lon="24.4111990">
    <ele>1132.6</ele>
   </trkpt>
   <trkpt lat="-29.8195780" lon="24.4111960">
    <ele>1132.6</ele>
   </trkpt>
   <trkpt lat="-29.8196120" lon="24.4111870">
    <ele>1132.7</ele>
   </trkpt>
   <trkpt lat="-29.8196470" lon="24.4111870">
    <ele>1132.7</ele>
   </trkpt>
   <trkpt lat="-29.8196920" lon="24.4111860">
    <ele>1132.7</ele>
   </trkpt>
   <trkpt lat="-29.8197250" lon="24.4111780">
    <ele>1132.8</ele>
   </trkpt>
   <trkpt lat="-29.8197600" lon="24.4111750">
    <ele>1132.8</ele>
   </trkpt>
   <trkpt lat="-29.8197960" lon="24.4111710">
    <ele>1132.8</ele>
   </trkpt>
   <trkpt lat="-29.8198300" lon="24.4111660">
    <ele>1132.8</ele>
   </trkpt>
   <trkpt lat="-29.8198660" lon="24.4111610">
    <ele>1132.9</ele>
   </trkpt>
   <trkpt lat="-29.8199020" lon="24.4111580">
    <ele>1132.9</ele>
   </trkpt>
   <trkpt lat="-29.8199310" lon="24.4111580">
    <ele>1132.9</ele>
   </trkpt>
   <trkpt lat="-29.8199700" lon="24.4111560">
    <ele>1133.0</ele>
   </trkpt>
   <trkpt lat="-29.8200080" lon="24.4111540">
    <ele>1133.0</ele>
   </trkpt>
   <trkpt lat="-29.8200450" lon="24.4111510">
    <ele>1133.0</ele>
   </trkpt>
   <trkpt lat="-29.8200860" lon="24.4111450">
    <ele>1133.1</ele>
   </trkpt>
   <trkpt lat="-29.8201220" lon="24.4111410">
    <ele>1133.1</ele>
   </trkpt>
   <trkpt lat="-29.8201590" lon="24.4111390">
    <ele>1133.1</ele>
   </trkpt>
   <trkpt lat="-29.8201930" lon="24.4111250">
    <ele>1133.1</ele>
   </trkpt>
   <trkpt lat="-29.8202280" lon="24.4111300">
    <ele>1133.2</ele>
   </trkpt>
   <trkpt lat="-29.8202650" lon="24.4111230">
    <ele>1133.2</ele>
   </trkpt>
   <trkpt lat="-29.8202970" lon="24.4111200">
    <ele>1133.2</ele>
   </trkpt>
   <trkpt lat="-29.8203270" lon="24.4111250">
    <ele>1133.2</ele>
   </trkpt>
   <trkpt lat="-29.8203650" lon="24.4111440">
    <ele>1133.3</ele>
   </trkpt>
   <trkpt lat="-29.8203780" lon="24.4111510">
    <ele>1133.3</ele>
   </trkpt>
   <trkpt lat="-29.8204180" lon="24.4111500">
    <ele>1133.3</ele>
   </trkpt>
   <trkpt lat="-29.8204310" lon="24.4111490">
    <ele>1133.4</ele>
   </trkpt>
   <trkpt lat="-29.8204640" lon="24.4111510">
    <ele>1133.4</ele>
   </trkpt>
   <trkpt lat="-29.8204740" lon="24.4111520">
    <ele>1133.4</ele>
   </trkpt>
   <trkpt lat="-29.8205060" lon="24.4111570">
    <ele>1133.4</ele>
   </trkpt>
   <trkpt lat="-29.8205140" lon="24.4111610">
    <ele>1133.4</ele>
   </trkpt>
   <trkpt lat="-29.8205410" lon="24.4111710">
    <ele>1133.5</ele>
   </trkpt>
   <trkpt lat="-29.8205590" lon="24.4112070">
    <ele>1133.5</ele>
   </trkpt>
   <trkpt lat="-29.8205610" lon="24.4112210">
    <ele>1133.5</ele>
   </trkpt>
   <trkpt lat="-29.8205600" lon="24.4112540">
    <ele>1133.6</ele>
   </trkpt>
   <trkpt lat="-29.8205580" lon="24.4112690">
    <ele>1133.6</ele>
   </trkpt>
   <trkpt lat="-29.8205370" lon="24.4113060">
    <ele>1133.6</ele>
   </trkpt>
   <trkpt lat="-29.8205320" lon="24.4113170">
    <ele>1133.6</ele>
   </trkpt>
   <trkpt lat="-29.8205240" lon="24.4113550">
    <ele>1133.6</ele>
   </trkpt>
   <trkpt lat="-29.8205220" lon="24.4113660">
    <ele>1133.6</ele>
   </trkpt>
   <trkpt lat="-29.8205350" lon="24.4114000">
    <ele>1133.7</ele>
   </trkpt>
   <trkpt lat="-29.8205430" lon="24.4114110">
    <ele>1133.7</ele>
   </trkpt>
   <trkpt lat="-29.8205760" lon="24.4114410">
    <ele>1133.8</ele>
   </trkpt>
   <trkpt lat="-29.8205900" lon="24.4114500">
    <ele>1133.8</ele>
   </trkpt>
   <trkpt lat="-29.8206260" lon="24.4114540">
    <ele>1133.9</ele>
   </trkpt>
   <trkpt lat="-29.8206650" lon="24.4114530">
    <ele>1133.9</ele>
   </trkpt>
   <trkpt lat="-29.8206780" lon="24.4114540">
    <ele>1133.9</ele>
   </trkpt>
   <trkpt lat="-29.8207070" lon="24.4114600">
    <ele>1133.9</ele>
   </trkpt>
   <trkpt lat="-29.8207420" lon="24.4114740">
    <ele>1134.0</ele>
   </trkpt>
   <trkpt lat="-29.8207560" lon="24.4114790">
    <ele>1134.0</ele>
   </trkpt>
   <trkpt lat="-29.8207840" lon="24.4114900">
    <ele>1134.0</ele>
   </trkpt>
   <trkpt lat="-29.8208250" lon="24.4115000">
    <ele>1134.1</ele>
   </trkpt>
   <trkpt lat="-29.8208390" lon="24.4115030">
    <ele>1134.1</ele>
   </trkpt>
   <trkpt lat="-29.8208700" lon="24.4115000">
    <ele>1134.1</ele>
   </trkpt>
   <trkpt lat="-29.8209000" lon="24.4115060">
    <ele>1134.2</ele>
   </trkpt>
   <trkpt lat="-29.8209340" lon="24.4115170">
    <ele>1134.2</ele>
   </trkpt>
   <trkpt lat="-29.8209630" lon="24.4115250">
    <ele>1134.2</ele>
   </trkpt>
   <trkpt lat="-29.8209890" lon="24.4115380">
    <ele>1134.2</ele>
   </trkpt>
   <trkpt lat="-29.8210260" lon="24.4115500">
    <ele>1134.2</ele>
   </trkpt>
   <trkpt lat="-29.8210610" lon="24.4115580">
    <ele>1134.3</ele>
   </trkpt>
   <trkpt lat="-29.8210950" lon="24.4115700">
    <ele>1134.3</ele>
   </trkpt>
   <trkpt lat="-29.8211320" lon="24.4115800">
    <ele>1134.3</ele>
   </trkpt>
   <trkpt lat="-29.8211700" lon="24.4115870">
    <ele>1134.3</ele>
   </trkpt>
   <trkpt lat="-29.8212050" lon="24.4115980">
    <ele>1134.3</ele>
   </trkpt>
   <trkpt lat="-29.8212360" lon="24.4116050">
    <ele>1134.3</ele>
   </trkpt>
   <trkpt lat="-29.8212740" lon="24.4116100">
    <ele>1134.3</ele>
   </trkpt>
   <trkpt lat="-29.8213020" lon="24.4116170">
    <ele>1134.4</ele>
   </trkpt>
   <trkpt lat="-29.8213220" lon="24.4116190">
    <ele>1134.4</ele>
   </trkpt>
   <trkpt lat="-29.8213330" lon="24.4116190">
    <ele>1134.4</ele>
   </trkpt>
   <trkpt lat="-29.8213410" lon="24.4116110">
    <ele>1134.4</ele>
   </trkpt>
   <trkpt lat="-29.8213480" lon="24.4116130">
    <ele>1134.4</ele>
   </trkpt>
   <trkpt lat="-29.8213550" lon="24.4116160">
    <ele>1134.4</ele>
   </trkpt>
   <trkpt lat="-29.8213620" lon="24.4116180">
    <ele>1134.4</ele>
   </trkpt>
   <trkpt lat="-29.8213690" lon="24.4116200">
    <ele>1134.4</ele>
   </trkpt>
   <trkpt lat="-29.8213760" lon="24.4116220">
    <ele>1134.4</ele>
   </trkpt>
   <trkpt lat="-29.8213830" lon="24.4116240">
    <ele>1134.4</ele>
   </trkpt>
   <trkpt lat="-29.8213900" lon="24.4116270">
    <ele>1134.4</ele>
   </trkpt>
   <trkpt lat="-29.8213970" lon="24.4116290">
    <ele>1134.4</ele>
   </trkpt>
   <trkpt lat="-29.8214040" lon="24.4116310">
    <ele>1134.4</ele>
   </trkpt>
   <trkpt lat="-29.8214110" lon="24.4116330">
    <ele>1134.4</ele>
   </trkpt>
   <trkpt lat="-29.8214180" lon="24.4116350">
    <ele>1134.4</ele>
   </trkpt>
   <trkpt lat="-29.8214250" lon="24.4116380">
    <ele>1134.4</ele>
   </trkpt>
   <trkpt lat="-29.8214320" lon="24.4116400">
    <ele>1134.4</ele>
   </trkpt>
   <trkpt lat="-29.8214390" lon="24.4116420">
    <ele>1134.4</ele>
   </trkpt>
   <trkpt lat="-29.8214780" lon="24.4116560">
    <ele>1134.5</ele>
   </trkpt>
   <trkpt lat="-29.8214920" lon="24.4116590">
    <ele>1134.5</ele>
   </trkpt>
   <trkpt lat="-29.8215210" lon="24.4116620">
    <ele>1134.5</ele>
   </trkpt>
   <trkpt lat="-29.8215520" lon="24.4116610">
    <ele>1134.5</ele>
   </trkpt>
   <trkpt lat="-29.8215850" lon="24.4116640">
    <ele>1134.5</ele>
   </trkpt>
   <trkpt lat="-29.8216210" lon="24.4116720">
    <ele>1134.6</ele>
   </trkpt>
   <trkpt lat="-29.8216570" lon="24.4116810">
    <ele>1134.6</ele>
   </trkpt>
   <trkpt lat="-29.8217000" lon="24.4116920">
    <ele>1134.6</ele>
   </trkpt>
   <trkpt lat="-29.8217380" lon="24.4117090">
    <ele>1134.6</ele>
   </trkpt>
   <trkpt lat="-29.8217740" lon="24.4117270">
    <ele>1134.6</ele>
   </trkpt>
   <trkpt lat="-29.8218030" lon="24.4117360">
    <ele>1134.6</ele>
   </trkpt>
   <trkpt lat="-29.8218440" lon="24.4117440">
    <ele>1134.6</ele>
   </trkpt>
   <trkpt lat="-29.8218870" lon="24.4117600">
    <ele>1134.5</ele>
   </trkpt>
   <trkpt lat="-29.8219320" lon="24.4117820">
    <ele>1134.5</ele>
   </trkpt>
   <trkpt lat="-29.8219760" lon="24.4117930">
    <ele>1134.4</ele>
   </trkpt>
   <trkpt lat="-29.8220190" lon="24.4118040">
    <ele>1134.3</ele>
   </trkpt>
   <trkpt lat="-29.8220470" lon="24.4118050">
    <ele>1134.3</ele>
   </trkpt>
   <trkpt lat="-29.8220830" lon="24.4118120">
    <ele>1134.3</ele>
   </trkpt>
   <trkpt lat="-29.8221040" lon="24.4118130">
    <ele>1134.2</ele>
   </trkpt>
   <trkpt lat="-29.8221070" lon="24.4118140">
    <ele>1134.2</ele>
   </trkpt>
   <trkpt lat="-29.8221110" lon="24.4118150">
    <ele>1134.2</ele>
   </trkpt>
   <trkpt lat="-29.8221150" lon="24.4118150">
    <ele>1134.2</ele>
   </trkpt>
   <trkpt lat="-29.8221180" lon="24.4118160">
    <ele>1134.2</ele>
   </trkpt>
   <trkpt lat="-29.8221220" lon="24.4118170">
    <ele>1134.2</ele>
   </trkpt>
   <trkpt lat="-29.8221260" lon="24.4118180">
    <ele>1134.2</ele>
   </trkpt>
   <trkpt lat="-29.8221290" lon="24.4118190">
    <ele>1134.2</ele>
   </trkpt>
   <trkpt lat="-29.8221330" lon="24.4118200">
    <ele>1134.2</ele>
   </trkpt>
   <trkpt lat="-29.8221360" lon="24.4118210">
    <ele>1134.2</ele>
   </trkpt>
   <trkpt lat="-29.8221400" lon="24.4118210">
    <ele>1134.2</ele>
   </trkpt>
   <trkpt lat="-29.8221440" lon="24.4118220">
    <ele>1134.2</ele>
   </trkpt>
   <trkpt lat="-29.8221470" lon="24.4118230">
    <ele>1134.2</ele>
   </trkpt>
   <trkpt lat="-29.8221510" lon="24.4118240">
    <ele>1134.2</ele>
   </trkpt>
   <trkpt lat="-29.8221840" lon="24.4118360">
    <ele>1134.1</ele>
   </trkpt>
   <trkpt lat="-29.8221960" lon="24.4118420">
    <ele>1134.1</ele>
   </trkpt>
   <trkpt lat="-29.8222320" lon="24.4118410">
    <ele>1134.1</ele>
   </trkpt>
   <trkpt lat="-29.8222600" lon="24.4118490">
    <ele>1134.1</ele>
   </trkpt>
   <trkpt lat="-29.8222860" lon="24.4118660">
    <ele>1134.0</ele>
   </trkpt>
   <trkpt lat="-29.8223180" lon="24.4118840">
    <ele>1134.0</ele>
   </trkpt>
   <trkpt lat="-29.8223570" lon="24.4119100">
    <ele>1133.9</ele>
   </trkpt>
   <trkpt lat="-29.8223890" lon="24.4119350">
    <ele>1133.9</ele>
   </trkpt>
   <trkpt lat="-29.8224210" lon="24.4119630">
    <ele>1133.7</ele>
   </trkpt>
   <trkpt lat="-29.8224550" lon="24.4119870">
    <ele>1133.5</ele>
   </trkpt>
   <trkpt lat="-29.8224810" lon="24.4120160">
    <ele>1133.2</ele>
   </trkpt>
   <trkpt lat="-29.8225270" lon="24.4120460">
    <ele>1132.9</ele>
   </trkpt>
   <trkpt lat="-29.8225580" lon="24.4120680">
    <ele>1132.6</ele>
   </trkpt>
   <trkpt lat="-29.8225970" lon="24.4121030">
    <ele>1132.2</ele>
   </trkpt>
   <trkpt lat="-29.8226410" lon="24.4121400">
    <ele>1132.0</ele>
   </trkpt>
   <trkpt lat="-29.8226830" lon="24.4121720">
    <ele>1132.0</ele>
   </trkpt>
   <trkpt lat="-29.8227260" lon="24.4122040">
    <ele>1131.9</ele>
   </trkpt>
   <trkpt lat="-29.8227650" lon="24.4122320">
    <ele>1131.5</ele>
   </trkpt>
   <trkpt lat="-29.8228060" lon="24.4122660">
    <ele>1131.2</ele>
   </trkpt>
   <trkpt lat="-29.8228550" lon="24.4123150">
    <ele>1130.7</ele>
   </trkpt>
   <trkpt lat="-29.8228950" lon="24.4123460">
    <ele>1130.4</ele>
   </trkpt>
   <trkpt lat="-29.8229390" lon="24.4123780">
    <ele>1130.1</ele>
   </trkpt>
   <trkpt lat="-29.8229900" lon="24.4124160">
    <ele>1129.9</ele>
   </trkpt>
   <trkpt lat="-29.8230420" lon="24.4124550">
    <ele>1129.7</ele>
   </trkpt>
   <trkpt lat="-29.8230950" lon="24.4124960">
    <ele>1128.6</ele>
   </trkpt>
   <trkpt lat="-29.8231410" lon="24.4125300">
    <ele>1128.5</ele>
   </trkpt>
   <trkpt lat="-29.8231940" lon="24.4125730">
    <ele>1128.5</ele>
   </trkpt>
   <trkpt lat="-29.8232520" lon="24.4126190">
    <ele>1128.4</ele>
   </trkpt>
   <trkpt lat="-29.8232990" lon="24.4126500">
    <ele>1128.3</ele>
   </trkpt>
   <trkpt lat="-29.8233450" lon="24.4126840">
    <ele>1128.2</ele>
   </trkpt>
   <trkpt lat="-29.8233860" lon="24.4127260">
    <ele>1128.0</ele>
   </trkpt>
   <trkpt lat="-29.8234140" lon="24.4127570">
    <ele>1127.9</ele>
   </trkpt>
   <trkpt lat="-29.8234210" lon="24.4127920">
    <ele>1127.7</ele>
   </trkpt>
   <trkpt lat="-29.8234430" lon="24.4128460">
    <ele>1127.4</ele>
   </trkpt>
   <trkpt lat="-29.8234580" lon="24.4128870">
    <ele>1127.2</ele>
   </trkpt>
   <trkpt lat="-29.8234630" lon="24.4129380">
    <ele>1127.1</ele>
   </trkpt>
   <trkpt lat="-29.8234620" lon="24.4129630">
    <ele>1127.1</ele>
   </trkpt>
   <trkpt lat="-29.8234660" lon="24.4129990">
    <ele>1127.1</ele>
   </trkpt>
   <trkpt lat="-29.8234670" lon="24.4130070">
    <ele>1127.1</ele>
   </trkpt>
   <trkpt lat="-29.8234690" lon="24.4130150">
    <ele>1127.0</ele>
   </trkpt>
   <trkpt lat="-29.8234700" lon="24.4130260">
    <ele>1127.0</ele>
   </trkpt>
   <trkpt lat="-29.8234620" lon="24.4130420">
    <ele>1127.0</ele>
   </trkpt>
   <trkpt lat="-29.8234540" lon="24.4130570">
    <ele>1127.0</ele>
   </trkpt>
   <trkpt lat="-29.8234460" lon="24.4130720">
    <ele>1127.0</ele>
   </trkpt>
   <trkpt lat="-29.8234350" lon="24.4131080">
    <ele>1126.9</ele>
   </trkpt>
   <trkpt lat="-29.8234230" lon="24.4131180">
    <ele>1126.9</ele>
   </trkpt>
   <trkpt lat="-29.8234200" lon="24.4131060">
    <ele>1126.9</ele>
   </trkpt>
   <trkpt lat="-29.8234240" lon="24.4130990">
    <ele>1126.9</ele>
   </trkpt>
   <trkpt lat="-29.8234270" lon="24.4130910">
    <ele>1126.9</ele>
   </trkpt>
   <trkpt lat="-29.8234310" lon="24.4130840">
    <ele>1126.8</ele>
   </trkpt>
   <trkpt lat="-29.8234350" lon="24.4130760">
    <ele>1126.8</ele>
   </trkpt>
   <trkpt lat="-29.8234490" lon="24.4130360">
    <ele>1126.8</ele>
   </trkpt>
   <trkpt lat="-29.8234510" lon="24.4130220">
    <ele>1126.8</ele>
   </trkpt>
   <trkpt lat="-29.8234530" lon="24.4130070">
    <ele>1126.7</ele>
   </trkpt>
   <trkpt lat="-29.8234640" lon="24.4130040">
    <ele>1126.7</ele>
   </trkpt>
   <trkpt lat="-29.8234700" lon="24.4129970">
    <ele>1126.7</ele>
   </trkpt>
   <trkpt lat="-29.8234680" lon="24.4129970">
    <ele>1126.7</ele>
   </trkpt>
   <trkpt lat="-29.8234560" lon="24.4130120">
    <ele>1126.7</ele>
   </trkpt>
   <trkpt lat="-29.8234580" lon="24.4130090">
    <ele>1126.7</ele>
   </trkpt>
   <trkpt lat="-29.8234540" lon="24.4130100">
    <ele>1126.7</ele>
   </trkpt>
   <trkpt lat="-29.8234520" lon="24.4130080">
    <ele>1126.7</ele>
   </trkpt>
   <trkpt lat="-29.8234500" lon="24.4130110">
    <ele>1126.7</ele>
   </trkpt>
   <trkpt lat="-29.8234460" lon="24.4130160">
    <ele>1126.6</ele>
   </trkpt>
   <trkpt lat="-29.8234450" lon="24.4130490">
    <ele>1126.6</ele>
   </trkpt>
   <trkpt lat="-29.8234430" lon="24.4130790">
    <ele>1126.6</ele>
   </trkpt>
   <trkpt lat="-29.8234410" lon="24.4131100">
    <ele>1126.5</ele>
   </trkpt>
   <trkpt lat="-29.8234380" lon="24.4131410">
    <ele>1126.5</ele>
   </trkpt>
   <trkpt lat="-29.8234360" lon="24.4131710">
    <ele>1126.5</ele>
   </trkpt>
   <trkpt lat="-29.8234340" lon="24.4132020">
    <ele>1126.4</ele>
   </trkpt>
   <trkpt lat="-29.8234300" lon="24.4132530">
    <ele>1126.4</ele>
   </trkpt>
   <trkpt lat="-29.8234270" lon="24.4133090">
    <ele>1126.4</ele>
   </trkpt>
   <trkpt lat="-29.8234160" lon="24.4133610">
    <ele>1126.3</ele>
   </trkpt>
   <trkpt lat="-29.8234180" lon="24.4134090">
    <ele>1126.3</ele>
   </trkpt>
   <trkpt lat="-29.8234180" lon="24.4134800">
    <ele>1126.2</ele>
   </trkpt>
   <trkpt lat="-29.8234210" lon="24.4135300">
    <ele>1126.2</ele>
   </trkpt>
   <trkpt lat="-29.8234200" lon="24.4135830">
    <ele>1126.1</ele>
   </trkpt>
   <trkpt lat="-29.8234170" lon="24.4136290">
    <ele>1126.1</ele>
   </trkpt>
   <trkpt lat="-29.8234150" lon="24.4136790">
    <ele>1126.1</ele>
   </trkpt>
   <trkpt lat="-29.8233980" lon="24.4137260">
    <ele>1126.0</ele>
   </trkpt>
   <trkpt lat="-29.8234030" lon="24.4137740">
    <ele>1126.0</ele>
   </trkpt>
   <trkpt lat="-29.8234020" lon="24.4138160">
    <ele>1126.0</ele>
   </trkpt>
   <trkpt lat="-29.8233990" lon="24.4138700">
    <ele>1125.9</ele>
   </trkpt>
   <trkpt lat="-29.8233960" lon="24.4139170">
    <ele>1125.9</ele>
   </trkpt>
   <trkpt lat="-29.8233920" lon="24.4139700">
    <ele>1125.9</ele>
   </trkpt>
   <trkpt lat="-29.8233980" lon="24.4140050">
    <ele>1125.8</ele>
   </trkpt>
   <trkpt lat="-29.8233850" lon="24.4140430">
    <ele>1125.8</ele>
   </trkpt>
   <trkpt lat="-29.8233830" lon="24.4140840">
    <ele>1125.8</ele>
   </trkpt>
   <trkpt lat="-29.8233840" lon="24.4141120">
    <ele>1125.8</ele>
   </trkpt>
   <trkpt lat="-29.8233850" lon="24.4141380">
    <ele>1125.8</ele>
   </trkpt>
   <trkpt lat="-29.8233850" lon="24.4141630">
    <ele>1125.8</ele>
   </trkpt>
   <trkpt lat="-29.8233640" lon="24.4141920">
    <ele>1125.7</ele>
   </trkpt>
   <trkpt lat="-29.8233540" lon="24.4142130">
    <ele>1125.7</ele>
   </trkpt>
   <trkpt lat="-29.8233710" lon="24.4142530">
    <ele>1125.7</ele>
   </trkpt>
   <trkpt lat="-29.8233700" lon="24.4142720">
    <ele>1125.7</ele>
   </trkpt>
   <trkpt lat="-29.8233620" lon="24.4143330">
    <ele>1125.7</ele>
   </trkpt>
   <trkpt lat="-29.8233600" lon="24.4144010">
    <ele>1125.7</ele>
   </trkpt>
   <trkpt lat="-29.8233530" lon="24.4144670">
    <ele>1125.7</ele>
   </trkpt>
   <trkpt lat="-29.8233490" lon="24.4145280">
    <ele>1125.7</ele>
   </trkpt>
   <trkpt lat="-29.8233520" lon="24.4145980">
    <ele>1125.7</ele>
   </trkpt>
   <trkpt lat="-29.8233420" lon="24.4146380">
    <ele>1125.7</ele>
   </trkpt>
   <trkpt lat="-29.8233420" lon="24.4146760">
    <ele>1125.7</ele>
   </trkpt>
   <trkpt lat="-29.8233350" lon="24.4147250">
    <ele>1125.7</ele>
   </trkpt>
   <trkpt lat="-29.8233330" lon="24.4147680">
    <ele>1125.6</ele>
   </trkpt>
   <trkpt lat="-29.8233310" lon="24.4148090">
    <ele>1125.6</ele>
   </trkpt>
   <trkpt lat="-29.8233330" lon="24.4148590">
    <ele>1125.6</ele>
   </trkpt>
   <trkpt lat="-29.8233200" lon="24.4148970">
    <ele>1125.6</ele>
   </trkpt>
   <trkpt lat="-29.8233190" lon="24.4149300">
    <ele>1125.5</ele>
   </trkpt>
   <trkpt lat="-29.8233360" lon="24.4149600">
    <ele>1125.5</ele>
   </trkpt>
   <trkpt lat="-29.8233540" lon="24.4149980">
    <ele>1125.4</ele>
   </trkpt>
   <trkpt lat="-29.8233990" lon="24.4150240">
    <ele>1125.4</ele>
   </trkpt>
   <trkpt lat="-29.8234270" lon="24.4150340">
    <ele>1125.4</ele>
   </trkpt>
   <trkpt lat="-29.8234780" lon="24.4150400">
    <ele>1125.3</ele>
   </trkpt>
   <trkpt lat="-29.8234960" lon="24.4149990">
    <ele>1125.3</ele>
   </trkpt>
   <trkpt lat="-29.8234890" lon="24.4150040">
    <ele>1125.3</ele>
   </trkpt>
   <trkpt lat="-29.8235060" lon="24.4150010">
    <ele>1125.2</ele>
   </trkpt>
   <trkpt lat="-29.8235220" lon="24.4149990">
    <ele>1125.2</ele>
   </trkpt>
   <trkpt lat="-29.8235380" lon="24.4149960">
    <ele>1125.2</ele>
   </trkpt>
   <trkpt lat="-29.8235770" lon="24.4150090">
    <ele>1125.2</ele>
   </trkpt>
   <trkpt lat="-29.8235950" lon="24.4149810">
    <ele>1125.1</ele>
   </trkpt>
   <trkpt lat="-29.8236260" lon="24.4149610">
    <ele>1125.1</ele>
   </trkpt>
   <trkpt lat="-29.8236830" lon="24.4149590">
    <ele>1125.1</ele>
   </trkpt>
   <trkpt lat="-29.8237080" lon="24.4149330">
    <ele>1125.0</ele>
   </trkpt>
   <trkpt lat="-29.8237240" lon="24.4149310">
    <ele>1125.0</ele>
   </trkpt>
   <trkpt lat="-29.8237740" lon="24.4149220">
    <ele>1125.0</ele>
   </trkpt>
   <trkpt lat="-29.8238150" lon="24.4149500">
    <ele>1125.0</ele>
   </trkpt>
   <trkpt lat="-29.8238400" lon="24.4149560">
    <ele>1125.0</ele>
   </trkpt>
   <trkpt lat="-29.8238790" lon="24.4149470">
    <ele>1125.0</ele>
   </trkpt>
   <trkpt lat="-29.8239040" lon="24.4149430">
    <ele>1125.1</ele>
   </trkpt>
   <trkpt lat="-29.8239410" lon="24.4149670">
    <ele>1125.1</ele>
   </trkpt>
   <trkpt lat="-29.8239840" lon="24.4149680">
    <ele>1125.1</ele>
   </trkpt>
   <trkpt lat="-29.8240120" lon="24.4149600">
    <ele>1125.1</ele>
   </trkpt>
   <trkpt lat="-29.8240670" lon="24.4149750">
    <ele>1125.1</ele>
   </trkpt>
   <trkpt lat="-29.8240950" lon="24.4149730">
    <ele>1125.2</ele>
   </trkpt>
   <trkpt lat="-29.8241510" lon="24.4149930">
    <ele>1125.2</ele>
   </trkpt>
   <trkpt lat="-29.8241890" lon="24.4149940">
    <ele>1125.2</ele>
   </trkpt>
   <trkpt lat="-29.8242110" lon="24.4149910">
    <ele>1125.3</ele>
   </trkpt>
   <trkpt lat="-29.8242510" lon="24.4149930">
    <ele>1125.3</ele>
   </trkpt>
   <trkpt lat="-29.8242740" lon="24.4149990">
    <ele>1125.3</ele>
   </trkpt>
   <trkpt lat="-29.8243050" lon="24.4149950">
    <ele>1125.4</ele>
   </trkpt>
   <trkpt lat="-29.8243590" lon="24.4149890">
    <ele>1125.4</ele>
   </trkpt>
   <trkpt lat="-29.8243960" lon="24.4149820">
    <ele>1125.5</ele>
   </trkpt>
   <trkpt lat="-29.8244170" lon="24.4149710">
    <ele>1125.5</ele>
   </trkpt>
   <trkpt lat="-29.8244830" lon="24.4149640">
    <ele>1125.6</ele>
   </trkpt>
   <trkpt lat="-29.8245700" lon="24.4149730">
    <ele>1125.7</ele>
   </trkpt>
   <trkpt lat="-29.8246450" lon="24.4149780">
    <ele>1125.8</ele>
   </trkpt>
   <trkpt lat="-29.8247160" lon="24.4149890">
    <ele>1125.8</ele>
   </trkpt>
   <trkpt lat="-29.8247910" lon="24.4149970">
    <ele>1125.9</ele>
   </trkpt>
   <trkpt lat="-29.8248670" lon="24.4150140">
    <ele>1126.0</ele>
   </trkpt>
   <trkpt lat="-29.8249340" lon="24.4150320">
    <ele>1126.0</ele>
   </trkpt>
   <trkpt lat="-29.8249980" lon="24.4150360">
    <ele>1126.0</ele>
   </trkpt>
   <trkpt lat="-29.8250660" lon="24.4150390">
    <ele>1125.9</ele>
   </trkpt>
   <trkpt lat="-29.8251260" lon="24.4150490">
    <ele>1125.8</ele>
   </trkpt>
   <trkpt lat="-29.8251800" lon="24.4150540">
    <ele>1125.7</ele>
   </trkpt>
   <trkpt lat="-29.8252380" lon="24.4150640">
    <ele>1125.6</ele>
   </trkpt>
   <trkpt lat="-29.8252960" lon="24.4150710">
    <ele>1125.5</ele>
   </trkpt>
   <trkpt lat="-29.8253550" lon="24.4150880">
    <ele>1125.4</ele>
   </trkpt>
   <trkpt lat="-29.8254080" lon="24.4151080">
    <ele>1125.3</ele>
   </trkpt>
   <trkpt lat="-29.8254650" lon="24.4151260">
    <ele>1125.3</ele>
   </trkpt>
   <trkpt lat="-29.8255190" lon="24.4151280">
    <ele>1125.3</ele>
   </trkpt>
   <trkpt lat="-29.8255760" lon="24.4151390">
    <ele>1125.3</ele>
   </trkpt>
   <trkpt lat="-29.8256300" lon="24.4151440">
    <ele>1125.3</ele>
   </trkpt>
   <trkpt lat="-29.8256880" lon="24.4151470">
    <ele>1125.3</ele>
   </trkpt>
   <trkpt lat="-29.8257490" lon="24.4151660">
    <ele>1125.4</ele>
   </trkpt>
   <trkpt lat="-29.8258050" lon="24.4151780">
    <ele>1125.5</ele>
   </trkpt>
   <trkpt lat="-29.8258660" lon="24.4151980">
    <ele>1125.5</ele>
   </trkpt>
   <trkpt lat="-29.8259180" lon="24.4151920">
    <ele>1125.4</ele>
   </trkpt>
   <trkpt lat="-29.8259760" lon="24.4151840">
    <ele>1125.4</ele>
   </trkpt>
   <trkpt lat="-29.8260250" lon="24.4151870">
    <ele>1125.3</ele>
   </trkpt>
   <trkpt lat="-29.8260740" lon="24.4151940">
    <ele>1125.2</ele>
   </trkpt>
   <trkpt lat="-29.8261240" lon="24.4152120">
    <ele>1125.1</ele>
   </trkpt>
   <trkpt lat="-29.8261670" lon="24.4152370">
    <ele>1125.0</ele>
   </trkpt>
   <trkpt lat="-29.8261990" lon="24.4152630">
    <ele>1124.9</ele>
   </trkpt>
   <trkpt lat="-29.8262280" lon="24.4153170">
    <ele>1124.7</ele>
   </trkpt>
   <trkpt lat="-29.8262430" lon="24.4153440">
    <ele>1124.5</ele>
   </trkpt>
   <trkpt lat="-29.8262410" lon="24.4153800">
    <ele>1124.2</ele>
   </trkpt>
   <trkpt lat="-29.8262440" lon="24.4153990">
    <ele>1124.0</ele>
   </trkpt>
   <trkpt lat="-29.8262410" lon="24.4154560">
    <ele>1123.5</ele>
   </trkpt>
   <trkpt lat="-29.8262410" lon="24.4154880">
    <ele>1123.2</ele>
   </trkpt>
   <trkpt lat="-29.8262420" lon="24.4155800">
    <ele>1122.4</ele>
   </trkpt>
   <trkpt lat="-29.8262400" lon="24.4156380">
    <ele>1121.8</ele>
   </trkpt>
   <trkpt lat="-29.8262590" lon="24.4157150">
    <ele>1121.0</ele>
   </trkpt>
   <trkpt lat="-29.8262460" lon="24.4157770">
    <ele>1120.4</ele>
   </trkpt>
   <trkpt lat="-29.8262340" lon="24.4158420">
    <ele>1119.7</ele>
   </trkpt>
   <trkpt lat="-29.8262270" lon="24.4159070">
    <ele>1119.0</ele>
   </trkpt>
   <trkpt lat="-29.8262210" lon="24.4159720">
    <ele>1118.3</ele>
   </trkpt>
   <trkpt lat="-29.8262140" lon="24.4160410">
    <ele>1117.6</ele>
   </trkpt>
   <trkpt lat="-29.8262110" lon="24.4161040">
    <ele>1117.0</ele>
   </trkpt>
   <trkpt lat="-29.8262080" lon="24.4161640">
    <ele>1117.0</ele>
   </trkpt>
   <trkpt lat="-29.8261970" lon="24.4162270">
    <ele>1116.9</ele>
   </trkpt>
   <trkpt lat="-29.8261930" lon="24.4162840">
    <ele>1116.9</ele>
   </trkpt>
   <trkpt lat="-29.8261950" lon="24.4163480">
    <ele>1116.8</ele>
   </trkpt>
   <trkpt lat="-29.8261990" lon="24.4164110">
    <ele>1116.6</ele>
   </trkpt>
   <trkpt lat="-29.8262000" lon="24.4164730">
    <ele>1116.4</ele>
   </trkpt>
   <trkpt lat="-29.8262110" lon="24.4165320">
    <ele>1116.3</ele>
   </trkpt>
   <trkpt lat="-29.8262150" lon="24.4165980">
    <ele>1116.2</ele>
   </trkpt>
   <trkpt lat="-29.8262150" lon="24.4166700">
    <ele>1116.1</ele>
   </trkpt>
   <trkpt lat="-29.8262140" lon="24.4167370">
    <ele>1116.1</ele>
   </trkpt>
   <trkpt lat="-29.8262160" lon="24.4168080">
    <ele>1116.0</ele>
   </trkpt>
   <trkpt lat="-29.8262080" lon="24.4168720">
    <ele>1115.9</ele>
   </trkpt>
   <trkpt lat="-29.8262000" lon="24.4169390">
    <ele>1115.8</ele>
   </trkpt>
   <trkpt lat="-29.8261960" lon="24.4170120">
    <ele>1115.6</ele>
   </trkpt>
   <trkpt lat="-29.8261920" lon="24.4170870">
    <ele>1115.4</ele>
   </trkpt>
   <trkpt lat="-29.8261860" lon="24.4171590">
    <ele>1115.2</ele>
   </trkpt>
   <trkpt lat="-29.8261850" lon="24.4172370">
    <ele>1115.1</ele>
   </trkpt>
   <trkpt lat="-29.8261820" lon="24.4173160">
    <ele>1114.9</ele>
   </trkpt>
   <trkpt lat="-29.8261720" lon="24.4173940">
    <ele>1114.7</ele>
   </trkpt>
   <trkpt lat="-29.8261560" lon="24.4174670">
    <ele>1114.4</ele>
   </trkpt>
   <trkpt lat="-29.8261450" lon="24.4175430">
    <ele>1114.3</ele>
   </trkpt>
   <trkpt lat="-29.8261420" lon="24.4176280">
    <ele>1114.2</ele>
   </trkpt>
   <trkpt lat="-29.8261330" lon="24.4177110">
    <ele>1114.1</ele>
   </trkpt>
   <trkpt lat="-29.8261310" lon="24.4177880">
    <ele>1114.1</ele>
   </trkpt>
   <trkpt lat="-29.8261270" lon="24.4178700">
    <ele>1114.0</ele>
   </trkpt>
   <trkpt lat="-29.8261170" lon="24.4179540">
    <ele>1114.0</ele>
   </trkpt>
   <trkpt lat="-29.8261080" lon="24.4180360">
    <ele>1113.9</ele>
   </trkpt>
   <trkpt lat="-29.8261090" lon="24.4181200">
    <ele>1113.8</ele>
   </trkpt>
   <trkpt lat="-29.8261100" lon="24.4182010">
    <ele>1113.7</ele>
   </trkpt>
   <trkpt lat="-29.8261090" lon="24.4182830">
    <ele>1113.6</ele>
   </trkpt>
   <trkpt lat="-29.8261020" lon="24.4183650">
    <ele>1113.5</ele>
   </trkpt>
   <trkpt lat="-29.8260950" lon="24.4184510">
    <ele>1113.4</ele>
   </trkpt>
   <trkpt lat="-29.8260880" lon="24.4185320">
    <ele>1113.4</ele>
   </trkpt>
   <trkpt lat="-29.8260690" lon="24.4186140">
    <ele>1113.3</ele>
   </trkpt>
   <trkpt lat="-29.8260200" lon="24.4186840">
    <ele>1113.3</ele>
   </trkpt>
   <trkpt lat="-29.8259690" lon="24.4187330">
    <ele>1113.2</ele>
   </trkpt>
   <trkpt lat="-29.8259150" lon="24.4187460">
    <ele>1113.1</ele>
   </trkpt>
   <trkpt lat="-29.8258660" lon="24.4187500">
    <ele>1113.1</ele>
   </trkpt>
   <trkpt lat="-29.8257980" lon="24.4186930">
    <ele>1113.1</ele>
   </trkpt>
   <trkpt lat="-29.8257440" lon="24.4186720">
    <ele>1113.0</ele>
   </trkpt>
   <trkpt lat="-29.8256660" lon="24.4186600">
    <ele>1112.9</ele>
   </trkpt>
   <trkpt lat="-29.8256160" lon="24.4186430">
    <ele>1112.7</ele>
   </trkpt>
   <trkpt lat="-29.8255570" lon="24.4186500">
    <ele>1112.6</ele>
   </trkpt>
   <trkpt lat="-29.8254910" lon="24.4186370">
    <ele>1112.7</ele>
   </trkpt>
   <trkpt lat="-29.8254480" lon="24.4186190">
    <ele>1113.0</ele>
   </trkpt>
   <trkpt lat="-29.8253950" lon="24.4186150">
    <ele>1113.1</ele>
   </trkpt>
   <trkpt lat="-29.8253320" lon="24.4185900">
    <ele>1113.1</ele>
   </trkpt>
   <trkpt lat="-29.8252710" lon="24.4185730">
    <ele>1113.1</ele>
   </trkpt>
   <trkpt lat="-29.8252190" lon="24.4185630">
    <ele>1113.1</ele>
   </trkpt>
   <trkpt lat="-29.8251650" lon="24.4185630">
    <ele>1113.1</ele>
   </trkpt>
   <trkpt lat="-29.8251170" lon="24.4185550">
    <ele>1113.0</ele>
   </trkpt>
   <trkpt lat="-29.8250740" lon="24.4185400">
    <ele>1113.0</ele>
   </trkpt>
   <trkpt lat="-29.8250260" lon="24.4185340">
    <ele>1113.0</ele>
   </trkpt>
   <trkpt lat="-29.8249680" lon="24.4185260">
    <ele>1113.0</ele>
   </trkpt>
   <trkpt lat="-29.8249110" lon="24.4185340">
    <ele>1113.0</ele>
   </trkpt>
   <trkpt lat="-29.8248380" lon="24.4185220">
    <ele>1113.0</ele>
   </trkpt>
   <trkpt lat="-29.8247700" lon="24.4185230">
    <ele>1113.0</ele>
   </trkpt>
   <trkpt lat="-29.8247190" lon="24.4185350">
    <ele>1113.1</ele>
   </trkpt>
   <trkpt lat="-29.8246710" lon="24.4185480">
    <ele>1113.1</ele>
   </trkpt>
   <trkpt lat="-29.8246370" lon="24.4185830">
    <ele>1113.0</ele>
   </trkpt>
   <trkpt lat="-29.8246060" lon="24.4186280">
    <ele>1112.9</ele>
   </trkpt>
   <trkpt lat="-29.8246000" lon="24.4186960">
    <ele>1112.8</ele>
   </trkpt>
   <trkpt lat="-29.8245790" lon="24.4187690">
    <ele>1112.6</ele>
   </trkpt>
   <trkpt lat="-29.8245790" lon="24.4188270">
    <ele>1112.5</ele>
   </trkpt>
   <trkpt lat="-29.8245640" lon="24.4188830">
    <ele>1112.4</ele>
   </trkpt>
   <trkpt lat="-29.8245790" lon="24.4189290">
    <ele>1112.3</ele>
   </trkpt>
   <trkpt lat="-29.8246080" lon="24.4190280">
    <ele>1112.2</ele>
   </trkpt>
   <trkpt lat="-29.8246030" lon="24.4190790">
    <ele>1112.1</ele>
   </trkpt>
   <trkpt lat="-29.8246080" lon="24.4191380">
    <ele>1112.0</ele>
   </trkpt>
   <trkpt lat="-29.8246130" lon="24.4191930">
    <ele>1111.9</ele>
   </trkpt>
   <trkpt lat="-29.8246170" lon="24.4192530">
    <ele>1111.8</ele>
   </trkpt>
   <trkpt lat="-29.8246080" lon="24.4192940">
    <ele>1111.8</ele>
   </trkpt>
   <trkpt lat="-29.8245990" lon="24.4193730">
    <ele>1111.7</ele>
   </trkpt>
   <trkpt lat="-29.8245860" lon="24.4194420">
    <ele>1111.6</ele>
   </trkpt>
   <trkpt lat="-29.8245800" lon="24.4194870">
    <ele>1111.6</ele>
   </trkpt>
   <trkpt lat="-29.8245780" lon="24.4195200">
    <ele>1111.5</ele>
   </trkpt>
   <trkpt lat="-29.8245680" lon="24.4196590">
    <ele>1111.4</ele>
   </trkpt>
   <trkpt lat="-29.8245620" lon="24.4197260">
    <ele>1111.4</ele>
   </trkpt>
   <trkpt lat="-29.8245490" lon="24.4197880">
    <ele>1111.3</ele>
   </trkpt>
   <trkpt lat="-29.8245490" lon="24.4198440">
    <ele>1111.2</ele>
   </trkpt>
   <trkpt lat="-29.8245540" lon="24.4199260">
    <ele>1111.1</ele>
   </trkpt>
   <trkpt lat="-29.8245140" lon="24.4199900">
    <ele>1111.0</ele>
   </trkpt>
   <trkpt lat="-29.8245150" lon="24.4200350">
    <ele>1111.0</ele>
   </trkpt>
   <trkpt lat="-29.8244930" lon="24.4201120">
    <ele>1111.0</ele>
   </trkpt>
   <trkpt lat="-29.8244880" lon="24.4201640">
    <ele>1111.0</ele>
   </trkpt>
   <trkpt lat="-29.8244820" lon="24.4202250">
    <ele>1111.0</ele>
   </trkpt>
   <trkpt lat="-29.8244770" lon="24.4202590">
    <ele>1110.9</ele>
   </trkpt>
   <trkpt lat="-29.8244820" lon="24.4203130">
    <ele>1110.9</ele>
   </trkpt>
   <trkpt lat="-29.8244600" lon="24.4203750">
    <ele>1110.9</ele>
   </trkpt>
   <trkpt lat="-29.8244640" lon="24.4204350">
    <ele>1110.9</ele>
   </trkpt>
   <trkpt lat="-29.8244620" lon="24.4204850">
    <ele>1110.9</ele>
   </trkpt>
   <trkpt lat="-29.8244510" lon="24.4205460">
    <ele>1110.9</ele>
   </trkpt>
   <trkpt lat="-29.8244670" lon="24.4205960">
    <ele>1110.9</ele>
   </trkpt>
   <trkpt lat="-29.8244580" lon="24.4206540">
    <ele>1110.9</ele>
   </trkpt>
   <trkpt lat="-29.8244620" lon="24.4207120">
    <ele>1110.9</ele>
   </trkpt>
   <trkpt lat="-29.8244290" lon="24.4207820">
    <ele>1110.9</ele>
   </trkpt>
   <trkpt lat="-29.8244510" lon="24.4208400">
    <ele>1110.9</ele>
   </trkpt>
   <trkpt lat="-29.8244440" lon="24.4209150">
    <ele>1110.9</ele>
   </trkpt>
   <trkpt lat="-29.8244450" lon="24.4209620">
    <ele>1110.9</ele>
   </trkpt>
   <trkpt lat="-29.8244600" lon="24.4210060">
    <ele>1110.8</ele>
   </trkpt>
   <trkpt lat="-29.8244510" lon="24.4210590">
    <ele>1110.7</ele>
   </trkpt>
   <trkpt lat="-29.8244470" lon="24.4211150">
    <ele>1110.5</ele>
   </trkpt>
   <trkpt lat="-29.8244550" lon="24.4211700">
    <ele>1110.4</ele>
   </trkpt>
   <trkpt lat="-29.8244540" lon="24.4212510">
    <ele>1110.2</ele>
   </trkpt>
   <trkpt lat="-29.8244430" lon="24.4213100">
    <ele>1110.0</ele>
   </trkpt>
   <trkpt lat="-29.8244330" lon="24.4213810">
    <ele>1109.9</ele>
   </trkpt>
   <trkpt lat="-29.8244280" lon="24.4214330">
    <ele>1109.9</ele>
   </trkpt>
   <trkpt lat="-29.8244250" lon="24.4214960">
    <ele>1109.8</ele>
   </trkpt>
   <trkpt lat="-29.8244180" lon="24.4215580">
    <ele>1109.7</ele>
   </trkpt>
   <trkpt lat="-29.8244040" lon="24.4216360">
    <ele>1109.6</ele>
   </trkpt>
   <trkpt lat="-29.8243980" lon="24.4216990">
    <ele>1109.5</ele>
   </trkpt>
   <trkpt lat="-29.8243970" lon="24.4217490">
    <ele>1109.4</ele>
   </trkpt>
   <trkpt lat="-29.8244110" lon="24.4218110">
    <ele>1109.4</ele>
   </trkpt>
   <trkpt lat="-29.8244150" lon="24.4218650">
    <ele>1109.4</ele>
   </trkpt>
   <trkpt lat="-29.8244020" lon="24.4219240">
    <ele>1109.4</ele>
   </trkpt>
   <trkpt lat="-29.8243910" lon="24.4219770">
    <ele>1109.3</ele>
   </trkpt>
   <trkpt lat="-29.8243640" lon="24.4220270">
    <ele>1109.4</ele>
   </trkpt>
   <trkpt lat="-29.8243290" lon="24.4220640">
    <ele>1109.4</ele>
   </trkpt>
   <trkpt lat="-29.8242890" lon="24.4220640">
    <ele>1108.2</ele>
   </trkpt>
   <trkpt lat="-29.8242740" lon="24.4220660">
    <ele>1107.9</ele>
   </trkpt>
   <trkpt lat="-29.8242490" lon="24.4220490">
    <ele>1107.4</ele>
   </trkpt>
   <trkpt lat="-29.8242330" lon="24.4220420">
    <ele>1107.1</ele>
   </trkpt>
   <trkpt lat="-29.8241670" lon="24.4220250">
    <ele>1106.4</ele>
   </trkpt>
   <trkpt lat="-29.8240920" lon="24.4220080">
    <ele>1106.9</ele>
   </trkpt>
   <trkpt lat="-29.8240260" lon="24.4219970">
    <ele>1107.3</ele>
   </trkpt>
   <trkpt lat="-29.8239640" lon="24.4219910">
    <ele>1107.7</ele>
   </trkpt>
   <trkpt lat="-29.8239190" lon="24.4219740">
    <ele>1107.9</ele>
   </trkpt>
   <trkpt lat="-29.8238680" lon="24.4219600">
    <ele>1108.0</ele>
   </trkpt>
   <trkpt lat="-29.8238360" lon="24.4219710">
    <ele>1108.1</ele>
   </trkpt>
   <trkpt lat="-29.8237900" lon="24.4219690">
    <ele>1108.1</ele>
   </trkpt>
   <trkpt lat="-29.8237400" lon="24.4219590">
    <ele>1108.2</ele>
   </trkpt>
   <trkpt lat="-29.8237040" lon="24.4219400">
    <ele>1108.3</ele>
   </trkpt>
   <trkpt lat="-29.8236410" lon="24.4219250">
    <ele>1108.4</ele>
   </trkpt>
   <trkpt lat="-29.8235810" lon="24.4219160">
    <ele>1108.5</ele>
   </trkpt>
   <trkpt lat="-29.8236130" lon="24.4219110">
    <ele>1108.6</ele>
   </trkpt>
   <trkpt lat="-29.8235990" lon="24.4219180">
    <ele>1108.6</ele>
   </trkpt>
   <trkpt lat="-29.8235770" lon="24.4219150">
    <ele>1108.7</ele>
   </trkpt>
   <trkpt lat="-29.8235490" lon="24.4219150">
    <ele>1108.7</ele>
   </trkpt>
   <trkpt lat="-29.8235030" lon="24.4219200">
    <ele>1108.8</ele>
   </trkpt>
   <trkpt lat="-29.8234810" lon="24.4219140">
    <ele>1108.9</ele>
   </trkpt>
   <trkpt lat="-29.8234480" lon="24.4219090">
    <ele>1109.0</ele>
   </trkpt>
   <trkpt lat="-29.8234310" lon="24.4219120">
    <ele>1109.0</ele>
   </trkpt>
   <trkpt lat="-29.8233960" lon="24.4218980">
    <ele>1109.0</ele>
   </trkpt>
   <trkpt lat="-29.8233580" lon="24.4219040">
    <ele>1109.1</ele>
   </trkpt>
   <trkpt lat="-29.8233230" lon="24.4219060">
    <ele>1109.1</ele>
   </trkpt>
   <trkpt lat="-29.8233040" lon="24.4219070">
    <ele>1109.1</ele>
   </trkpt>
   <trkpt lat="-29.8232630" lon="24.4219060">
    <ele>1109.2</ele>
   </trkpt>
   <trkpt lat="-29.8232310" lon="24.4218830">
    <ele>1109.3</ele>
   </trkpt>
   <trkpt lat="-29.8232110" lon="24.4218710">
    <ele>1109.5</ele>
   </trkpt>
   <trkpt lat="-29.8231840" lon="24.4218580">
    <ele>1109.7</ele>
   </trkpt>
   <trkpt lat="-29.8231310" lon="24.4218500">
    <ele>1109.9</ele>
   </trkpt>
   <trkpt lat="-29.8230820" lon="24.4218490">
    <ele>1110.0</ele>
   </trkpt>
   <trkpt lat="-29.8230570" lon="24.4218500">
    <ele>1110.1</ele>
   </trkpt>
   <trkpt lat="-29.8230180" lon="24.4218400">
    <ele>1110.2</ele>
   </trkpt>
   <trkpt lat="-29.8229990" lon="24.4218400">
    <ele>1110.3</ele>
   </trkpt>
   <trkpt lat="-29.8229690" lon="24.4218290">
    <ele>1110.3</ele>
   </trkpt>
   <trkpt lat="-29.8229430" lon="24.4218130">
    <ele>1110.4</ele>
   </trkpt>
   <trkpt lat="-29.8228710" lon="24.4217870">
    <ele>1110.6</ele>
   </trkpt>
   <trkpt lat="-29.8228360" lon="24.4218010">
    <ele>1110.6</ele>
   </trkpt>
   <trkpt lat="-29.8228100" lon="24.4218040">
    <ele>1110.7</ele>
   </trkpt>
   <trkpt lat="-29.8227610" lon="24.4217920">
    <ele>1110.8</ele>
   </trkpt>
   <trkpt lat="-29.8227350" lon="24.4217940">
    <ele>1110.8</ele>
   </trkpt>
   <trkpt lat="-29.8227120" lon="24.4218160">
    <ele>1110.9</ele>
   </trkpt>
   <trkpt lat="-29.8226640" lon="24.4218020">
    <ele>1110.9</ele>
   </trkpt>
   <trkpt lat="-29.8226310" lon="24.4218020">
    <ele>1110.9</ele>
   </trkpt>
   <trkpt lat="-29.8225720" lon="24.4217900">
    <ele>1110.8</ele>
   </trkpt>
   <trkpt lat="-29.8224890" lon="24.4217820">
    <ele>1110.0</ele>
   </trkpt>
   <trkpt lat="-29.8224170" lon="24.4217680">
    <ele>1109.1</ele>
   </trkpt>
   <trkpt lat="-29.8223500" lon="24.4216950">
    <ele>1107.8</ele>
   </trkpt>
   <trkpt lat="-29.8223200" lon="24.4216490">
    <ele>1107.2</ele>
   </trkpt>
   <trkpt lat="-29.8222920" lon="24.4215760">
    <ele>1107.1</ele>
   </trkpt>
   <trkpt lat="-29.8222680" lon="24.4215230">
    <ele>1107.1</ele>
   </trkpt>
   <trkpt lat="-29.8222610" lon="24.4214680">
    <ele>1107.6</ele>
   </trkpt>
   <trkpt lat="-29.8222470" lon="24.4214100">
    <ele>1108.1</ele>
   </trkpt>
   <trkpt lat="-29.8222350" lon="24.4213620">
    <ele>1108.5</ele>
   </trkpt>
   <trkpt lat="-29.8222330" lon="24.4213040">
    <ele>1108.9</ele>
   </trkpt>
   <trkpt lat="-29.8222240" lon="24.4212500">
    <ele>1109.3</ele>
   </trkpt>
   <trkpt lat="-29.8222200" lon="24.4212090">
    <ele>1109.6</ele>
   </trkpt>
   <trkpt lat="-29.8222100" lon="24.4211610">
    <ele>1109.8</ele>
   </trkpt>
   <trkpt lat="-29.8222120" lon="24.4211200">
    <ele>1109.9</ele>
   </trkpt>
   <trkpt lat="-29.8222070" lon="24.4210890">
    <ele>1110.0</ele>
   </trkpt>
   <trkpt lat="-29.8221990" lon="24.4210850">
    <ele>1110.0</ele>
   </trkpt>
   <trkpt lat="-29.8221900" lon="24.4210810">
    <ele>1110.1</ele>
   </trkpt>
   <trkpt lat="-29.8221790" lon="24.4210470">
    <ele>1110.2</ele>
   </trkpt>
   <trkpt lat="-29.8221790" lon="24.4210300">
    <ele>1110.2</ele>
   </trkpt>
   <trkpt lat="-29.8221770" lon="24.4210190">
    <ele>1110.3</ele>
   </trkpt>
   <trkpt lat="-29.8221780" lon="24.4209940">
    <ele>1110.3</ele>
   </trkpt>
   <trkpt lat="-29.8221760" lon="24.4209460">
    <ele>1111.0</ele>
   </trkpt>
   <trkpt lat="-29.8221760" lon="24.4209440">
    <ele>1111.0</ele>
   </trkpt>
   <trkpt lat="-29.8221710" lon="24.4209140">
    <ele>1111.4</ele>
   </trkpt>
   <trkpt lat="-29.8221720" lon="24.4208830">
    <ele>1111.7</ele>
   </trkpt>
   <trkpt lat="-29.8221810" lon="24.4208810">
    <ele>1111.7</ele>
   </trkpt>
   <trkpt lat="-29.8221780" lon="24.4208500">
    <ele>1111.8</ele>
   </trkpt>
   <trkpt lat="-29.8221820" lon="24.4208100">
    <ele>1111.8</ele>
   </trkpt>
   <trkpt lat="-29.8221820" lon="24.4207490">
    <ele>1112.0</ele>
   </trkpt>
   <trkpt lat="-29.8221810" lon="24.4206670">
    <ele>1112.2</ele>
   </trkpt>
   <trkpt lat="-29.8221640" lon="24.4206120">
    <ele>1112.4</ele>
   </trkpt>
   <trkpt lat="-29.8221800" lon="24.4205150">
    <ele>1112.7</ele>
   </trkpt>
   <trkpt lat="-29.8221890" lon="24.4204590">
    <ele>1112.8</ele>
   </trkpt>
   <trkpt lat="-29.8221990" lon="24.4204230">
    <ele>1112.9</ele>
   </trkpt>
   <trkpt lat="-29.8221960" lon="24.4204100">
    <ele>1113.0</ele>
   </trkpt>
   <trkpt lat="-29.8221860" lon="24.4203850">
    <ele>1113.0</ele>
   </trkpt>
   <trkpt lat="-29.8221780" lon="24.4203350">
    <ele>1113.1</ele>
   </trkpt>
   <trkpt lat="-29.8221860" lon="24.4202780">
    <ele>1113.2</ele>
   </trkpt>
   <trkpt lat="-29.8221900" lon="24.4202270">
    <ele>1113.7</ele>
   </trkpt>
   <trkpt lat="-29.8221930" lon="24.4202030">
    <ele>1114.0</ele>
   </trkpt>
   <trkpt lat="-29.8222000" lon="24.4201510">
    <ele>1114.6</ele>
   </trkpt>
   <trkpt lat="-29.8222010" lon="24.4201040">
    <ele>1114.9</ele>
   </trkpt>
   <trkpt lat="-29.8221980" lon="24.4200570">
    <ele>1115.0</ele>
   </trkpt>
   <trkpt lat="-29.8222060" lon="24.4200140">
    <ele>1115.2</ele>
   </trkpt>
   <trkpt lat="-29.8222090" lon="24.4200090">
    <ele>1115.2</ele>
   </trkpt>
   <trkpt lat="-29.8222050" lon="24.4199910">
    <ele>1115.2</ele>
   </trkpt>
   <trkpt lat="-29.8222000" lon="24.4199730">
    <ele>1115.3</ele>
   </trkpt>
   <trkpt lat="-29.8221940" lon="24.4199380">
    <ele>1115.4</ele>
   </trkpt>
   <trkpt lat="-29.8222060" lon="24.4199020">
    <ele>1115.5</ele>
   </trkpt>
   <trkpt lat="-29.8222080" lon="24.4198800">
    <ele>1115.6</ele>
   </trkpt>
   <trkpt lat="-29.8222130" lon="24.4198440">
    <ele>1115.7</ele>
   </trkpt>
   <trkpt lat="-29.8222090" lon="24.4198240">
    <ele>1115.8</ele>
   </trkpt>
   <trkpt lat="-29.8221970" lon="24.4197890">
    <ele>1115.8</ele>
   </trkpt>
   <trkpt lat="-29.8222050" lon="24.4197700">
    <ele>1115.9</ele>
   </trkpt>
   <trkpt lat="-29.8222200" lon="24.4197410">
    <ele>1115.9</ele>
   </trkpt>
   <trkpt lat="-29.8222290" lon="24.4197240">
    <ele>1115.9</ele>
   </trkpt>
   <trkpt lat="-29.8222290" lon="24.4196790">
    <ele>1115.9</ele>
   </trkpt>
   <trkpt lat="-29.8222280" lon="24.4196530">
    <ele>1116.0</ele>
   </trkpt>
   <trkpt lat="-29.8222340" lon="24.4196340">
    <ele>1116.0</ele>
   </trkpt>
   <trkpt lat="-29.8222560" lon="24.4195940">
    <ele>1116.0</ele>
   </trkpt>
   <trkpt lat="-29.8222780" lon="24.4195690">
    <ele>1116.0</ele>
   </trkpt>
   <trkpt lat="-29.8222900" lon="24.4195540">
    <ele>1116.0</ele>
   </trkpt>
   <trkpt lat="-29.8223070" lon="24.4195190">
    <ele>1116.0</ele>
   </trkpt>
   <trkpt lat="-29.8223040" lon="24.4194790">
    <ele>1116.0</ele>
   </trkpt>
   <trkpt lat="-29.8223020" lon="24.4194610">
    <ele>1116.0</ele>
   </trkpt>
   <trkpt lat="-29.8222990" lon="24.4194040">
    <ele>1116.0</ele>
   </trkpt>
   <trkpt lat="-29.8222730" lon="24.4193530">
    <ele>1116.0</ele>
   </trkpt>
   <trkpt lat="-29.8222630" lon="24.4193240">
    <ele>1116.0</ele>
   </trkpt>
   <trkpt lat="-29.8222820" lon="24.4192850">
    <ele>1116.0</ele>
   </trkpt>
   <trkpt lat="-29.8222860" lon="24.4192700">
    <ele>1116.0</ele>
   </trkpt>
   <trkpt lat="-29.8223030" lon="24.4192300">
    <ele>1116.0</ele>
   </trkpt>
   <trkpt lat="-29.8223100" lon="24.4191930">
    <ele>1116.0</ele>
   </trkpt>
   <trkpt lat="-29.8223130" lon="24.4191670">
    <ele>1116.0</ele>
   </trkpt>
   <trkpt lat="-29.8223180" lon="24.4191220">
    <ele>1116.0</ele>
   </trkpt>
   <trkpt lat="-29.8223150" lon="24.4190980">
    <ele>1116.0</ele>
   </trkpt>
   <trkpt lat="-29.8223380" lon="24.4190650">
    <ele>1116.0</ele>
   </trkpt>
   <trkpt lat="-29.8223470" lon="24.4190490">
    <ele>1116.0</ele>
   </trkpt>
   <trkpt lat="-29.8223430" lon="24.4189970">
    <ele>1116.0</ele>
   </trkpt>
   <trkpt lat="-29.8223650" lon="24.4189720">
    <ele>1116.1</ele>
   </trkpt>
   <trkpt lat="-29.8223730" lon="24.4189530">
    <ele>1116.2</ele>
   </trkpt>
   <trkpt lat="-29.8223860" lon="24.4189230">
    <ele>1116.2</ele>
   </trkpt>
   <trkpt lat="-29.8223880" lon="24.4189070">
    <ele>1116.4</ele>
   </trkpt>
   <trkpt lat="-29.8223750" lon="24.4188590">
    <ele>1116.8</ele>
   </trkpt>
   <trkpt lat="-29.8223670" lon="24.4188360">
    <ele>1117.0</ele>
   </trkpt>
   <trkpt lat="-29.8223560" lon="24.4187820">
    <ele>1117.5</ele>
   </trkpt>
   <trkpt lat="-29.8223630" lon="24.4187460">
    <ele>1117.8</ele>
   </trkpt>
   <trkpt lat="-29.8223670" lon="24.4187290">
    <ele>1117.8</ele>
   </trkpt>
   <trkpt lat="-29.8223520" lon="24.4186740">
    <ele>1117.9</ele>
   </trkpt>
   <trkpt lat="-29.8223490" lon="24.4186610">
    <ele>1118.0</ele>
   </trkpt>
   <trkpt lat="-29.8223560" lon="24.4186380">
    <ele>1118.0</ele>
   </trkpt>
   <trkpt lat="-29.8223510" lon="24.4186010">
    <ele>1118.2</ele>
   </trkpt>
   <trkpt lat="-29.8223790" lon="24.4185870">
    <ele>1118.6</ele>
   </trkpt>
   <trkpt lat="-29.8223890" lon="24.4185800">
    <ele>1118.8</ele>
   </trkpt>
   <trkpt lat="-29.8224270" lon="24.4185580">
    <ele>1119.3</ele>
   </trkpt>
   <trkpt lat="-29.8224460" lon="24.4185520">
    <ele>1119.6</ele>
   </trkpt>
   <trkpt lat="-29.8225040" lon="24.4185200">
    <ele>1119.5</ele>
   </trkpt>
   <trkpt lat="-29.8224950" lon="24.4185150">
    <ele>1119.4</ele>
   </trkpt>
   <trkpt lat="-29.8225290" lon="24.4184910">
    <ele>1118.5</ele>
   </trkpt>
   <trkpt lat="-29.8225580" lon="24.4184710">
    <ele>1118.3</ele>
   </trkpt>
   <trkpt lat="-29.8225920" lon="24.4184530">
    <ele>1118.2</ele>
   </trkpt>
   <trkpt lat="-29.8226260" lon="24.4184340">
    <ele>1118.1</ele>
   </trkpt>
   <trkpt lat="-29.8226710" lon="24.4184310">
    <ele>1118.0</ele>
   </trkpt>
   <trkpt lat="-29.8227160" lon="24.4184330">
    <ele>1117.9</ele>
   </trkpt>
   <trkpt lat="-29.8227500" lon="24.4184410">
    <ele>1117.8</ele>
   </trkpt>
   <trkpt lat="-29.8228070" lon="24.4184240">
    <ele>1117.6</ele>
   </trkpt>
   <trkpt lat="-29.8228690" lon="24.4184150">
    <ele>1117.4</ele>
   </trkpt>
   <trkpt lat="-29.8229220" lon="24.4184100">
    <ele>1117.2</ele>
   </trkpt>
   <trkpt lat="-29.8229590" lon="24.4183970">
    <ele>1117.1</ele>
   </trkpt>
   <trkpt lat="-29.8229870" lon="24.4183710">
    <ele>1117.0</ele>
   </trkpt>
   <trkpt lat="-29.8230080" lon="24.4183460">
    <ele>1116.9</ele>
   </trkpt>
   <trkpt lat="-29.8230230" lon="24.4182800">
    <ele>1116.8</ele>
   </trkpt>
   <trkpt lat="-29.8230350" lon="24.4182280">
    <ele>1116.9</ele>
   </trkpt>
   <trkpt lat="-29.8230400" lon="24.4181740">
    <ele>1117.0</ele>
   </trkpt>
   <trkpt lat="-29.8230550" lon="24.4181310">
    <ele>1117.1</ele>
   </trkpt>
   <trkpt lat="-29.8230640" lon="24.4180830">
    <ele>1117.2</ele>
   </trkpt>
   <trkpt lat="-29.8230710" lon="24.4180400">
    <ele>1117.3</ele>
   </trkpt>
   <trkpt lat="-29.8230710" lon="24.4179750">
    <ele>1117.4</ele>
   </trkpt>
   <trkpt lat="-29.8230750" lon="24.4179390">
    <ele>1117.4</ele>
   </trkpt>
   <trkpt lat="-29.8230890" lon="24.4179280">
    <ele>1117.5</ele>
   </trkpt>
   <trkpt lat="-29.8230890" lon="24.4179080">
    <ele>1117.6</ele>
   </trkpt>
   <trkpt lat="-29.8230880" lon="24.4178880">
    <ele>1117.6</ele>
   </trkpt>
   <trkpt lat="-29.8230840" lon="24.4178500">
    <ele>1117.7</ele>
   </trkpt>
   <trkpt lat="-29.8230840" lon="24.4178340">
    <ele>1117.8</ele>
   </trkpt>
   <trkpt lat="-29.8230930" lon="24.4178020">
    <ele>1117.9</ele>
   </trkpt>
   <trkpt lat="-29.8230920" lon="24.4177860">
    <ele>1117.9</ele>
   </trkpt>
   <trkpt lat="-29.8231010" lon="24.4177550">
    <ele>1118.0</ele>
   </trkpt>
   <trkpt lat="-29.8231010" lon="24.4177370">
    <ele>1118.1</ele>
   </trkpt>
   <trkpt lat="-29.8231040" lon="24.4177030">
    <ele>1118.1</ele>
   </trkpt>
   <trkpt lat="-29.8231070" lon="24.4176820">
    <ele>1118.2</ele>
   </trkpt>
   <trkpt lat="-29.8231200" lon="24.4176410">
    <ele>1118.3</ele>
   </trkpt>
   <trkpt lat="-29.8231160" lon="24.4176220">
    <ele>1118.4</ele>
   </trkpt>
   <trkpt lat="-29.8231180" lon="24.4175760">
    <ele>1118.5</ele>
   </trkpt>
   <trkpt lat="-29.8231200" lon="24.4175580">
    <ele>1118.5</ele>
   </trkpt>
   <trkpt lat="-29.8231230" lon="24.4175090">
    <ele>1118.6</ele>
   </trkpt>
   <trkpt lat="-29.8231230" lon="24.4174890">
    <ele>1118.6</ele>
   </trkpt>
   <trkpt lat="-29.8231280" lon="24.4174550">
    <ele>1118.7</ele>
   </trkpt>
   <trkpt lat="-29.8231310" lon="24.4174370">
    <ele>1118.7</ele>
   </trkpt>
   <trkpt lat="-29.8231390" lon="24.4173870">
    <ele>1118.8</ele>
   </trkpt>
   <trkpt lat="-29.8231460" lon="24.4173400">
    <ele>1118.9</ele>
   </trkpt>
   <trkpt lat="-29.8231440" lon="24.4173210">
    <ele>1119.0</ele>
   </trkpt>
   <trkpt lat="-29.8231410" lon="24.4172900">
    <ele>1119.1</ele>
   </trkpt>
   <trkpt lat="-29.8231420" lon="24.4172760">
    <ele>1119.2</ele>
   </trkpt>
   <trkpt lat="-29.8231390" lon="24.4172200">
    <ele>1119.4</ele>
   </trkpt>
   <trkpt lat="-29.8231330" lon="24.4171870">
    <ele>1119.6</ele>
   </trkpt>
   <trkpt lat="-29.8231320" lon="24.4171650">
    <ele>1119.7</ele>
   </trkpt>
   <trkpt lat="-29.8231430" lon="24.4171320">
    <ele>1119.9</ele>
   </trkpt>
   <trkpt lat="-29.8231480" lon="24.4171170">
    <ele>1119.9</ele>
   </trkpt>
   <trkpt lat="-29.8231550" lon="24.4170710">
    <ele>1120.2</ele>
   </trkpt>
   <trkpt lat="-29.8231650" lon="24.4170240">
    <ele>1120.4</ele>
   </trkpt>
   <trkpt lat="-29.8231690" lon="24.4169720">
    <ele>1120.6</ele>
   </trkpt>
   <trkpt lat="-29.8231700" lon="24.4169150">
    <ele>1120.9</ele>
   </trkpt>
   <trkpt lat="-29.8231700" lon="24.4168590">
    <ele>1121.2</ele>
   </trkpt>
   <trkpt lat="-29.8231680" lon="24.4168110">
    <ele>1121.4</ele>
   </trkpt>
   <trkpt lat="-29.8231730" lon="24.4167610">
    <ele>1121.7</ele>
   </trkpt>
   <trkpt lat="-29.8231790" lon="24.4167120">
    <ele>1121.9</ele>
   </trkpt>
   <trkpt lat="-29.8231820" lon="24.4166620">
    <ele>1122.2</ele>
   </trkpt>
   <trkpt lat="-29.8231810" lon="24.4166260">
    <ele>1122.4</ele>
   </trkpt>
   <trkpt lat="-29.8231870" lon="24.4165780">
    <ele>1122.6</ele>
   </trkpt>
   <trkpt lat="-29.8231960" lon="24.4165680">
    <ele>1122.7</ele>
   </trkpt>
   <trkpt lat="-29.8232000" lon="24.4165530">
    <ele>1122.7</ele>
   </trkpt>
   <trkpt lat="-29.8232040" lon="24.4165390">
    <ele>1122.8</ele>
   </trkpt>
   <trkpt lat="-29.8232060" lon="24.4164920">
    <ele>1123.0</ele>
   </trkpt>
   <trkpt lat="-29.8232060" lon="24.4164810">
    <ele>1123.1</ele>
   </trkpt>
   <trkpt lat="-29.8232110" lon="24.4164550">
    <ele>1123.2</ele>
   </trkpt>
   <trkpt lat="-29.8232140" lon="24.4164090">
    <ele>1123.4</ele>
   </trkpt>
   <trkpt lat="-29.8232230" lon="24.4163800">
    <ele>1123.6</ele>
   </trkpt>
   <trkpt lat="-29.8232170" lon="24.4163600">
    <ele>1123.7</ele>
   </trkpt>
   <trkpt lat="-29.8232160" lon="24.4163260">
    <ele>1123.8</ele>
   </trkpt>
   <trkpt lat="-29.8232140" lon="24.4163100">
    <ele>1123.9</ele>
   </trkpt>
   <trkpt lat="-29.8232170" lon="24.4162630">
    <ele>1124.1</ele>
   </trkpt>
   <trkpt lat="-29.8232280" lon="24.4162310">
    <ele>1124.2</ele>
   </trkpt>
   <trkpt lat="-29.8232300" lon="24.4162130">
    <ele>1124.3</ele>
   </trkpt>
   <trkpt lat="-29.8232230" lon="24.4161720">
    <ele>1124.4</ele>
   </trkpt>
   <trkpt lat="-29.8232230" lon="24.4161530">
    <ele>1124.5</ele>
   </trkpt>
   <trkpt lat="-29.8232260" lon="24.4161120">
    <ele>1124.6</ele>
   </trkpt>
   <trkpt lat="-29.8232280" lon="24.4160920">
    <ele>1124.6</ele>
   </trkpt>
   <trkpt lat="-29.8232270" lon="24.4160560">
    <ele>1124.7</ele>
   </trkpt>
   <trkpt lat="-29.8232260" lon="24.4160360">
    <ele>1124.7</ele>
   </trkpt>
   <trkpt lat="-29.8232250" lon="24.4160010">
    <ele>1124.8</ele>
   </trkpt>
   <trkpt lat="-29.8232220" lon="24.4159850">
    <ele>1124.8</ele>
   </trkpt>
   <trkpt lat="-29.8232280" lon="24.4159390">
    <ele>1124.9</ele>
   </trkpt>
   <trkpt lat="-29.8232370" lon="24.4159070">
    <ele>1125.0</ele>
   </trkpt>
   <trkpt lat="-29.8232390" lon="24.4158820">
    <ele>1125.0</ele>
   </trkpt>
   <trkpt lat="-29.8232420" lon="24.4158700">
    <ele>1125.0</ele>
   </trkpt>
   <trkpt lat="-29.8232370" lon="24.4158420">
    <ele>1125.1</ele>
   </trkpt>
   <trkpt lat="-29.8232390" lon="24.4157940">
    <ele>1125.1</ele>
   </trkpt>
   <trkpt lat="-29.8232380" lon="24.4157530">
    <ele>1125.2</ele>
   </trkpt>
   <trkpt lat="-29.8232330" lon="24.4157320">
    <ele>1125.3</ele>
   </trkpt>
   <trkpt lat="-29.8231980" lon="24.4157080">
    <ele>1125.3</ele>
   </trkpt>
   <trkpt lat="-29.8231820" lon="24.4157010">
    <ele>1125.4</ele>
   </trkpt>
   <trkpt lat="-29.8231730" lon="24.4156580">
    <ele>1125.5</ele>
   </trkpt>
   <trkpt lat="-29.8231610" lon="24.4156460">
    <ele>1125.5</ele>
   </trkpt>
   <trkpt lat="-29.8231600" lon="24.4156300">
    <ele>1125.6</ele>
   </trkpt>
   <trkpt lat="-29.8231360" lon="24.4156240">
    <ele>1125.6</ele>
   </trkpt>
   <trkpt lat="-29.8231080" lon="24.4156080">
    <ele>1125.7</ele>
   </trkpt>
   <trkpt lat="-29.8231030" lon="24.4156100">
    <ele>1125.7</ele>
   </trkpt>
   <trkpt lat="-29.8230790" lon="24.4155840">
    <ele>1125.9</ele>
   </trkpt>
   <trkpt lat="-29.8230480" lon="24.4155680">
    <ele>1126.0</ele>
   </trkpt>
   <trkpt lat="-29.8230460" lon="24.4155530">
    <ele>1126.0</ele>
   </trkpt>
   <trkpt lat="-29.8230240" lon="24.4155480">
    <ele>1126.1</ele>
   </trkpt>
   <trkpt lat="-29.8229990" lon="24.4155340">
    <ele>1126.2</ele>
   </trkpt>
   <trkpt lat="-29.8229660" lon="24.4155160">
    <ele>1126.3</ele>
   </trkpt>
   <trkpt lat="-29.8229490" lon="24.4155070">
    <ele>1126.3</ele>
   </trkpt>
   <trkpt lat="-29.8229180" lon="24.4155090">
    <ele>1126.4</ele>
   </trkpt>
   <trkpt lat="-29.8229000" lon="24.4155090">
    <ele>1126.5</ele>
   </trkpt>
   <trkpt lat="-29.8228560" lon="24.4155010">
    <ele>1126.6</ele>
   </trkpt>
   <trkpt lat="-29.8228260" lon="24.4154800">
    <ele>1126.7</ele>
   </trkpt>
   <trkpt lat="-29.8228020" lon="24.4154720">
    <ele>1126.8</ele>
   </trkpt>
   <trkpt lat="-29.8227450" lon="24.4154560">
    <ele>1127.0</ele>
   </trkpt>
   <trkpt lat="-29.8226930" lon="24.4154460">
    <ele>1127.2</ele>
   </trkpt>
   <trkpt lat="-29.8226500" lon="24.4154320">
    <ele>1127.3</ele>
   </trkpt>
   <trkpt lat="-29.8226080" lon="24.4154190">
    <ele>1127.5</ele>
   </trkpt>
   <trkpt lat="-29.8225720" lon="24.4154090">
    <ele>1127.6</ele>
   </trkpt>
   <trkpt lat="-29.8225300" lon="24.4153940">
    <ele>1127.7</ele>
   </trkpt>
   <trkpt lat="-29.8224990" lon="24.4153790">
    <ele>1127.8</ele>
   </trkpt>
   <trkpt lat="-29.8224410" lon="24.4153640">
    <ele>1128.0</ele>
   </trkpt>
   <trkpt lat="-29.8224080" lon="24.4153530">
    <ele>1128.1</ele>
   </trkpt>
   <trkpt lat="-29.8223710" lon="24.4153470">
    <ele>1128.2</ele>
   </trkpt>
   <trkpt lat="-29.8223300" lon="24.4153410">
    <ele>1128.3</ele>
   </trkpt>
   <trkpt lat="-29.8222960" lon="24.4153250">
    <ele>1128.4</ele>
   </trkpt>
   <trkpt lat="-29.8223050" lon="24.4153340">
    <ele>1128.5</ele>
   </trkpt>
   <trkpt lat="-29.8222670" lon="24.4153270">
    <ele>1128.5</ele>
   </trkpt>
   <trkpt lat="-29.8222560" lon="24.4153260">
    <ele>1128.6</ele>
   </trkpt>
   <trkpt lat="-29.8222370" lon="24.4153100">
    <ele>1128.6</ele>
   </trkpt>
   <trkpt lat="-29.8221900" lon="24.4153030">
    <ele>1128.7</ele>
   </trkpt>
   <trkpt lat="-29.8221940" lon="24.4152970">
    <ele>1128.7</ele>
   </trkpt>
   <trkpt lat="-29.8221620" lon="24.4153040">
    <ele>1128.8</ele>
   </trkpt>
   <trkpt lat="-29.8221290" lon="24.4153000">
    <ele>1128.8</ele>
   </trkpt>
   <trkpt lat="-29.8221050" lon="24.4152970">
    <ele>1128.9</ele>
   </trkpt>
   <trkpt lat="-29.8220780" lon="24.4153000">
    <ele>1128.9</ele>
   </trkpt>
   <trkpt lat="-29.8220610" lon="24.4152990">
    <ele>1128.9</ele>
   </trkpt>
   <trkpt lat="-29.8220230" lon="24.4152960">
    <ele>1129.0</ele>
   </trkpt>
   <trkpt lat="-29.8220030" lon="24.4152940">
    <ele>1129.0</ele>
   </trkpt>
   <trkpt lat="-29.8219810" lon="24.4152810">
    <ele>1129.0</ele>
   </trkpt>
   <trkpt lat="-29.8219700" lon="24.4152740">
    <ele>1129.1</ele>
   </trkpt>
   <trkpt lat="-29.8219590" lon="24.4152780">
    <ele>1129.1</ele>
   </trkpt>
   <trkpt lat="-29.8219370" lon="24.4152800">
    <ele>1129.1</ele>
   </trkpt>
   <trkpt lat="-29.8219200" lon="24.4152480">
    <ele>1129.1</ele>
   </trkpt>
   <trkpt lat="-29.8218920" lon="24.4152280">
    <ele>1129.2</ele>
   </trkpt>
   <trkpt lat="-29.8218650" lon="24.4152210">
    <ele>1129.2</ele>
   </trkpt>
   <trkpt lat="-29.8218500" lon="24.4152170">
    <ele>1129.3</ele>
   </trkpt>
   <trkpt lat="-29.8218200" lon="24.4152050">
    <ele>1129.3</ele>
   </trkpt>
   <trkpt lat="-29.8218040" lon="24.4151990">
    <ele>1129.3</ele>
   </trkpt>
   <trkpt lat="-29.8217790" lon="24.4151850">
    <ele>1129.4</ele>
   </trkpt>
   <trkpt lat="-29.8217650" lon="24.4151830">
    <ele>1129.4</ele>
   </trkpt>
   <trkpt lat="-29.8217160" lon="24.4151690">
    <ele>1129.5</ele>
   </trkpt>
   <trkpt lat="-29.8216920" lon="24.4151590">
    <ele>1129.5</ele>
   </trkpt>
   <trkpt lat="-29.8216730" lon="24.4151570">
    <ele>1129.5</ele>
   </trkpt>
   <trkpt lat="-29.8216400" lon="24.4151570">
    <ele>1129.5</ele>
   </trkpt>
   <trkpt lat="-29.8216060" lon="24.4151570">
    <ele>1129.6</ele>
   </trkpt>
   <trkpt lat="-29.8215770" lon="24.4151280">
    <ele>1129.6</ele>
   </trkpt>
   <trkpt lat="-29.8215350" lon="24.4151230">
    <ele>1129.6</ele>
   </trkpt>
   <trkpt lat="-29.8215080" lon="24.4151220">
    <ele>1129.6</ele>
   </trkpt>
   <trkpt lat="-29.8214720" lon="24.4151020">
    <ele>1129.7</ele>
   </trkpt>
   <trkpt lat="-29.8214360" lon="24.4150820">
    <ele>1129.7</ele>
   </trkpt>
   <trkpt lat="-29.8214190" lon="24.4150710">
    <ele>1129.7</ele>
   </trkpt>
   <trkpt lat="-29.8213680" lon="24.4150740">
    <ele>1129.8</ele>
   </trkpt>
   <trkpt lat="-29.8213430" lon="24.4150740">
    <ele>1129.8</ele>
   </trkpt>
   <trkpt lat="-29.8213020" lon="24.4150450">
    <ele>1129.8</ele>
   </trkpt>
   <trkpt lat="-29.8212610" lon="24.4150500">
    <ele>1129.9</ele>
   </trkpt>
   <trkpt lat="-29.8212140" lon="24.4150440">
    <ele>1129.9</ele>
   </trkpt>
   <trkpt lat="-29.8211790" lon="24.4150370">
    <ele>1130.0</ele>
   </trkpt>
   <trkpt lat="-29.8211570" lon="24.4150390">
    <ele>1130.0</ele>
   </trkpt>
   <trkpt lat="-29.8211270" lon="24.4150220">
    <ele>1130.0</ele>
   </trkpt>
   <trkpt lat="-29.8211150" lon="24.4150120">
    <ele>1130.0</ele>
   </trkpt>
   <trkpt lat="-29.8210720" lon="24.4149930">
    <ele>1130.0</ele>
   </trkpt>
   <trkpt lat="-29.8210180" lon="24.4149840">
    <ele>1130.0</ele>
   </trkpt>
   <trkpt lat="-29.8209880" lon="24.4149670">
    <ele>1130.0</ele>
   </trkpt>
   <trkpt lat="-29.8209630" lon="24.4149460">
    <ele>1130.1</ele>
   </trkpt>
   <trkpt lat="-29.8209540" lon="24.4149410">
    <ele>1130.1</ele>
   </trkpt>
   <trkpt lat="-29.8209240" lon="24.4149380">
    <ele>1130.1</ele>
   </trkpt>
   <trkpt lat="-29.8208930" lon="24.4149330">
    <ele>1130.1</ele>
   </trkpt>
   <trkpt lat="-29.8207970" lon="24.4149330">
    <ele>1130.2</ele>
   </trkpt>
   <trkpt lat="-29.8207370" lon="24.4149370">
    <ele>1130.2</ele>
   </trkpt>
   <trkpt lat="-29.8207200" lon="24.4149310">
    <ele>1130.2</ele>
   </trkpt>
   <trkpt lat="-29.8207010" lon="24.4149330">
    <ele>1130.2</ele>
   </trkpt>
   <trkpt lat="-29.8206670" lon="24.4149360">
    <ele>1130.2</ele>
   </trkpt>
   <trkpt lat="-29.8206180" lon="24.4149050">
    <ele>1130.2</ele>
   </trkpt>
   <trkpt lat="-29.8206050" lon="24.4149000">
    <ele>1130.2</ele>
   </trkpt>
   <trkpt lat="-29.8206060" lon="24.4149000">
    <ele>1130.2</ele>
   </trkpt>
   <trkpt lat="-29.8205200" lon="24.4148450">
    <ele>1130.2</ele>
   </trkpt>
   <trkpt lat="-29.8205310" lon="24.4148730">
    <ele>1130.2</ele>
   </trkpt>
   <trkpt lat="-29.8205330" lon="24.4148880">
    <ele>1130.2</ele>
   </trkpt>
   <trkpt lat="-29.8205120" lon="24.4148970">
    <ele>1130.2</ele>
   </trkpt>
   <trkpt lat="-29.8204950" lon="24.4148990">
    <ele>1130.2</ele>
   </trkpt>
   <trkpt lat="-29.8204760" lon="24.4148970">
    <ele>1130.2</ele>
   </trkpt>
   <trkpt lat="-29.8204420" lon="24.4148930">
    <ele>1130.2</ele>
   </trkpt>
   <trkpt lat="-29.8204290" lon="24.4148920">
    <ele>1130.3</ele>
   </trkpt>
   <trkpt lat="-29.8203890" lon="24.4148860">
    <ele>1130.3</ele>
   </trkpt>
   <trkpt lat="-29.8203740" lon="24.4148840">
    <ele>1130.3</ele>
   </trkpt>
   <trkpt lat="-29.8203430" lon="24.4148790">
    <ele>1130.3</ele>
   </trkpt>
   <trkpt lat="-29.8203140" lon="24.4148730">
    <ele>1130.3</ele>
   </trkpt>
   <trkpt lat="-29.8202860" lon="24.4148660">
    <ele>1130.3</ele>
   </trkpt>
   <trkpt lat="-29.8202590" lon="24.4148600">
    <ele>1130.4</ele>
   </trkpt>
   <trkpt lat="-29.8202320" lon="24.4148550">
    <ele>1130.4</ele>
   </trkpt>
   <trkpt lat="-29.8202050" lon="24.4148470">
    <ele>1130.4</ele>
   </trkpt>
   <trkpt lat="-29.8201750" lon="24.4148360">
    <ele>1130.4</ele>
   </trkpt>
   <trkpt lat="-29.8201470" lon="24.4148270">
    <ele>1130.5</ele>
   </trkpt>
   <trkpt lat="-29.8201170" lon="24.4148190">
    <ele>1130.5</ele>
   </trkpt>
   <trkpt lat="-29.8200830" lon="24.4148110">
    <ele>1130.5</ele>
   </trkpt>
   <trkpt lat="-29.8200460" lon="24.4148020">
    <ele>1130.5</ele>
   </trkpt>
   <trkpt lat="-29.8200110" lon="24.4147950">
    <ele>1130.5</ele>
   </trkpt>
   <trkpt lat="-29.8199770" lon="24.4147860">
    <ele>1130.5</ele>
   </trkpt>
   <trkpt lat="-29.8199420" lon="24.4147790">
    <ele>1130.5</ele>
   </trkpt>
   <trkpt lat="-29.8199060" lon="24.4147700">
    <ele>1130.5</ele>
   </trkpt>
   <trkpt lat="-29.8198690" lon="24.4147630">
    <ele>1130.5</ele>
   </trkpt>
   <trkpt lat="-29.8198290" lon="24.4147530">
    <ele>1130.5</ele>
   </trkpt>
   <trkpt lat="-29.8197940" lon="24.4147430">
    <ele>1130.5</ele>
   </trkpt>
   <trkpt lat="-29.8197580" lon="24.4147290">
    <ele>1130.5</ele>
   </trkpt>
   <trkpt lat="-29.8197200" lon="24.4147150">
    <ele>1130.5</ele>
   </trkpt>
   <trkpt lat="-29.8196770" lon="24.4147140">
    <ele>1130.5</ele>
   </trkpt>
   <trkpt lat="-29.8196410" lon="24.4146970">
    <ele>1130.5</ele>
   </trkpt>
   <trkpt lat="-29.8196050" lon="24.4146810">
    <ele>1130.5</ele>
   </trkpt>
   <trkpt lat="-29.8195760" lon="24.4146600">
    <ele>1130.5</ele>
   </trkpt>
   <trkpt lat="-29.8195400" lon="24.4146460">
    <ele>1130.5</ele>
   </trkpt>
   <trkpt lat="-29.8195010" lon="24.4146360">
    <ele>1130.5</ele>
   </trkpt>
   <trkpt lat="-29.8194610" lon="24.4146220">
    <ele>1130.5</ele>
   </trkpt>
   <trkpt lat="-29.8194170" lon="24.4146120">
    <ele>1130.5</ele>
   </trkpt>
   <trkpt lat="-29.8193720" lon="24.4146010">
    <ele>1130.5</ele>
   </trkpt>
   <trkpt lat="-29.8193300" lon="24.4145940">
    <ele>1130.5</ele>
   </trkpt>
   <trkpt lat="-29.8192940" lon="24.4145830">
    <ele>1130.5</ele>
   </trkpt>
   <trkpt lat="-29.8192610" lon="24.4145650">
    <ele>1130.5</ele>
   </trkpt>
   <trkpt lat="-29.8192300" lon="24.4145460">
    <ele>1130.5</ele>
   </trkpt>
   <trkpt lat="-29.8192040" lon="24.4145210">
    <ele>1130.5</ele>
   </trkpt>
   <trkpt lat="-29.8191790" lon="24.4144920">
    <ele>1130.5</ele>
   </trkpt>
   <trkpt lat="-29.8191490" lon="24.4144650">
    <ele>1130.5</ele>
   </trkpt>
   <trkpt lat="-29.8191180" lon="24.4144380">
    <ele>1130.4</ele>
   </trkpt>
   <trkpt lat="-29.8190880" lon="24.4144040">
    <ele>1130.4</ele>
   </trkpt>
   <trkpt lat="-29.8190520" lon="24.4143710">
    <ele>1130.4</ele>
   </trkpt>
   <trkpt lat="-29.8190140" lon="24.4143380">
    <ele>1130.4</ele>
   </trkpt>
   <trkpt lat="-29.8189770" lon="24.4143130">
    <ele>1130.4</ele>
   </trkpt>
   <trkpt lat="-29.8189420" lon="24.4142820">
    <ele>1130.3</ele>
   </trkpt>
   <trkpt lat="-29.8189070" lon="24.4142590">
    <ele>1130.3</ele>
   </trkpt>
   <trkpt lat="-29.8188730" lon="24.4142310">
    <ele>1130.3</ele>
   </trkpt>
   <trkpt lat="-29.8188350" lon="24.4142020">
    <ele>1130.3</ele>
   </trkpt>
   <trkpt lat="-29.8188040" lon="24.4141750">
    <ele>1130.3</ele>
   </trkpt>
   <trkpt lat="-29.8187750" lon="24.4141430">
    <ele>1130.3</ele>
   </trkpt>
   <trkpt lat="-29.8187450" lon="24.4141150">
    <ele>1130.2</ele>
   </trkpt>
   <trkpt lat="-29.8187170" lon="24.4140830">
    <ele>1130.2</ele>
   </trkpt>
   <trkpt lat="-29.8186850" lon="24.4140560">
    <ele>1130.2</ele>
   </trkpt>
   <trkpt lat="-29.8186540" lon="24.4140230">
    <ele>1130.2</ele>
   </trkpt>
   <trkpt lat="-29.8186230" lon="24.4139950">
    <ele>1130.1</ele>
   </trkpt>
   <trkpt lat="-29.8185920" lon="24.4139700">
    <ele>1130.1</ele>
   </trkpt>
   <trkpt lat="-29.8185610" lon="24.4139390">
    <ele>1130.0</ele>
   </trkpt>
   <trkpt lat="-29.8185340" lon="24.4139080">
    <ele>1130.0</ele>
   </trkpt>
   <trkpt lat="-29.8185080" lon="24.4138720">
    <ele>1129.9</ele>
   </trkpt>
   <trkpt lat="-29.8184880" lon="24.4138370">
    <ele>1129.9</ele>
   </trkpt>
   <trkpt lat="-29.8184610" lon="24.4138190">
    <ele>1129.9</ele>
   </trkpt>
   <trkpt lat="-29.8184180" lon="24.4138380">
    <ele>1129.8</ele>
   </trkpt>
   <trkpt lat="-29.8183900" lon="24.4138770">
    <ele>1129.8</ele>
   </trkpt>
   <trkpt lat="-29.8183720" lon="24.4139180">
    <ele>1129.7</ele>
   </trkpt>
   <trkpt lat="-29.8183450" lon="24.4139550">
    <ele>1129.6</ele>
   </trkpt>
   <trkpt lat="-29.8183180" lon="24.4139890">
    <ele>1129.6</ele>
   </trkpt>
   <trkpt lat="-29.8182830" lon="24.4140150">
    <ele>1129.5</ele>
   </trkpt>
   <trkpt lat="-29.8182480" lon="24.4140400">
    <ele>1129.4</ele>
   </trkpt>
   <trkpt lat="-29.8182170" lon="24.4140570">
    <ele>1129.4</ele>
   </trkpt>
   <trkpt lat="-29.8181840" lon="24.4140740">
    <ele>1129.3</ele>
   </trkpt>
   <trkpt lat="-29.8181480" lon="24.4140890">
    <ele>1129.3</ele>
   </trkpt>
   <trkpt lat="-29.8181130" lon="24.4140850">
    <ele>1129.3</ele>
   </trkpt>
   <trkpt lat="-29.8180740" lon="24.4140740">
    <ele>1129.2</ele>
   </trkpt>
   <trkpt lat="-29.8180480" lon="24.4140840">
    <ele>1129.2</ele>
   </trkpt>
   <trkpt lat="-29.8180410" lon="24.4140930">
    <ele>1129.2</ele>
   </trkpt>
   <trkpt lat="-29.8180390" lon="24.4141000">
    <ele>1129.2</ele>
   </trkpt>
   <trkpt lat="-29.8180470" lon="24.4141010">
    <ele>1129.2</ele>
   </trkpt>
   <trkpt lat="-29.8180530" lon="24.4141080">
    <ele>1129.2</ele>
   </trkpt>
   <trkpt lat="-29.8180500" lon="24.4140990">
    <ele>1129.2</ele>
   </trkpt>
   <trkpt lat="-29.8180510" lon="24.4140940">
    <ele>1129.2</ele>
   </trkpt>
   <trkpt lat="-29.8180510" lon="24.4140980">
    <ele>1129.2</ele>
   </trkpt>
   <trkpt lat="-29.8180820" lon="24.4141550">
    <ele>1129.1</ele>
   </trkpt>
   <trkpt lat="-29.8180750" lon="24.4141750">
    <ele>1129.1</ele>
   </trkpt>
   <trkpt lat="-29.8180770" lon="24.4141870">
    <ele>1129.1</ele>
   </trkpt>
   <trkpt lat="-29.8180750" lon="24.4142240">
    <ele>1129.1</ele>
   </trkpt>
   <trkpt lat="-29.8180730" lon="24.4142340">
    <ele>1129.1</ele>
   </trkpt>
   <trkpt lat="-29.8180620" lon="24.4142650">
    <ele>1129.0</ele>
   </trkpt>
   <trkpt lat="-29.8180470" lon="24.4142930">
    <ele>1129.0</ele>
   </trkpt>
   <trkpt lat="-29.8180210" lon="24.4143640">
    <ele>1128.9</ele>
   </trkpt>
   <trkpt lat="-29.8180000" lon="24.4143950">
    <ele>1128.9</ele>
   </trkpt>
   <trkpt lat="-29.8179860" lon="24.4144300">
    <ele>1128.9</ele>
   </trkpt>
   <trkpt lat="-29.8179670" lon="24.4144610">
    <ele>1128.8</ele>
   </trkpt>
   <trkpt lat="-29.8179460" lon="24.4144910">
    <ele>1128.7</ele>
   </trkpt>
   <trkpt lat="-29.8179220" lon="24.4145210">
    <ele>1128.7</ele>
   </trkpt>
   <trkpt lat="-29.8178950" lon="24.4145580">
    <ele>1128.6</ele>
   </trkpt>
   <trkpt lat="-29.8178860" lon="24.4145720">
    <ele>1128.6</ele>
   </trkpt>
   <trkpt lat="-29.8178580" lon="24.4146020">
    <ele>1128.5</ele>
   </trkpt>
   <trkpt lat="-29.8178320" lon="24.4146250">
    <ele>1128.4</ele>
   </trkpt>
   <trkpt lat="-29.8178060" lon="24.4146520">
    <ele>1128.4</ele>
   </trkpt>
   <trkpt lat="-29.8177850" lon="24.4146860">
    <ele>1128.3</ele>
   </trkpt>
   <trkpt lat="-29.8177640" lon="24.4147190">
    <ele>1128.2</ele>
   </trkpt>
   <trkpt lat="-29.8177390" lon="24.4147500">
    <ele>1128.2</ele>
   </trkpt>
   <trkpt lat="-29.8177060" lon="24.4147760">
    <ele>1128.1</ele>
   </trkpt>
   <trkpt lat="-29.8176780" lon="24.4147940">
    <ele>1128.0</ele>
   </trkpt>
   <trkpt lat="-29.8176470" lon="24.4148230">
    <ele>1127.9</ele>
   </trkpt>
   <trkpt lat="-29.8176180" lon="24.4148570">
    <ele>1127.8</ele>
   </trkpt>
   <trkpt lat="-29.8175840" lon="24.4148970">
    <ele>1127.7</ele>
   </trkpt>
   <trkpt lat="-29.8175500" lon="24.4149390">
    <ele>1127.6</ele>
   </trkpt>
   <trkpt lat="-29.8175490" lon="24.4148950">
    <ele>1127.6</ele>
   </trkpt>
   <trkpt lat="-29.8174210" lon="24.4150940">
    <ele>1127.2</ele>
   </trkpt>
   <trkpt lat="-29.8174050" lon="24.4151190">
    <ele>1127.2</ele>
   </trkpt>
   <trkpt lat="-29.8173740" lon="24.4151670">
    <ele>1127.1</ele>
   </trkpt>
   <trkpt lat="-29.8173390" lon="24.4152110">
    <ele>1126.9</ele>
   </trkpt>
   <trkpt lat="-29.8173020" lon="24.4152580">
    <ele>1126.8</ele>
   </trkpt>
   <trkpt lat="-29.8172660" lon="24.4153140">
    <ele>1126.7</ele>
   </trkpt>
   <trkpt lat="-29.8172330" lon="24.4153510">
    <ele>1126.6</ele>
   </trkpt>
   <trkpt lat="-29.8171990" lon="24.4153990">
    <ele>1126.4</ele>
   </trkpt>
   <trkpt lat="-29.8171600" lon="24.4154410">
    <ele>1126.3</ele>
   </trkpt>
   <trkpt lat="-29.8171230" lon="24.4154820">
    <ele>1126.2</ele>
   </trkpt>
   <trkpt lat="-29.8170850" lon="24.4155330">
    <ele>1126.0</ele>
   </trkpt>
   <trkpt lat="-29.8170430" lon="24.4155790">
    <ele>1125.8</ele>
   </trkpt>
   <trkpt lat="-29.8169990" lon="24.4156270">
    <ele>1125.7</ele>
   </trkpt>
   <trkpt lat="-29.8169600" lon="24.4156740">
    <ele>1125.6</ele>
   </trkpt>
   <trkpt lat="-29.8169250" lon="24.4157210">
    <ele>1125.5</ele>
   </trkpt>
   <trkpt lat="-29.8168870" lon="24.4157680">
    <ele>1125.4</ele>
   </trkpt>
   <trkpt lat="-29.8168030" lon="24.4158770">
    <ele>1125.2</ele>
   </trkpt>
   <trkpt lat="-29.8167640" lon="24.4159210">
    <ele>1125.1</ele>
   </trkpt>
   <trkpt lat="-29.8167290" lon="24.4159740">
    <ele>1124.9</ele>
   </trkpt>
   <trkpt lat="-29.8166850" lon="24.4160180">
    <ele>1124.9</ele>
   </trkpt>
   <trkpt lat="-29.8166440" lon="24.4160740">
    <ele>1124.8</ele>
   </trkpt>
   <trkpt lat="-29.8166070" lon="24.4161330">
    <ele>1124.7</ele>
   </trkpt>
   <trkpt lat="-29.8165640" lon="24.4161780">
    <ele>1124.7</ele>
   </trkpt>
   <trkpt lat="-29.8165270" lon="24.4162220">
    <ele>1124.7</ele>
   </trkpt>
   <trkpt lat="-29.8164810" lon="24.4162700">
    <ele>1124.7</ele>
   </trkpt>
   <trkpt lat="-29.8164420" lon="24.4163160">
    <ele>1124.7</ele>
   </trkpt>
   <trkpt lat="-29.8164090" lon="24.4163620">
    <ele>1124.7</ele>
   </trkpt>
   <trkpt lat="-29.8163750" lon="24.4164030">
    <ele>1124.7</ele>
   </trkpt>
   <trkpt lat="-29.8163470" lon="24.4164470">
    <ele>1124.7</ele>
   </trkpt>
   <trkpt lat="-29.8163140" lon="24.4164960">
    <ele>1124.6</ele>
   </trkpt>
   <trkpt lat="-29.8162760" lon="24.4165420">
    <ele>1124.6</ele>
   </trkpt>
   <trkpt lat="-29.8162450" lon="24.4165790">
    <ele>1124.6</ele>
   </trkpt>
   <trkpt lat="-29.8162100" lon="24.4166140">
    <ele>1124.6</ele>
   </trkpt>
   <trkpt lat="-29.8161620" lon="24.4166310">
    <ele>1124.6</ele>
   </trkpt>
   <trkpt lat="-29.8161090" lon="24.4166440">
    <ele>1124.6</ele>
   </trkpt>
   <trkpt lat="-29.8160630" lon="24.4166520">
    <ele>1124.6</ele>
   </trkpt>
   <trkpt lat="-29.8160190" lon="24.4166560">
    <ele>1124.5</ele>
   </trkpt>
   <trkpt lat="-29.8159620" lon="24.4166430">
    <ele>1124.5</ele>
   </trkpt>
   <trkpt lat="-29.8159100" lon="24.4166240">
    <ele>1124.3</ele>
   </trkpt>
   <trkpt lat="-29.8158730" lon="24.4166000">
    <ele>1124.2</ele>
   </trkpt>
   <trkpt lat="-29.8158260" lon="24.4165680">
    <ele>1124.1</ele>
   </trkpt>
   <trkpt lat="-29.8157870" lon="24.4165160">
    <ele>1123.8</ele>
   </trkpt>
   <trkpt lat="-29.8157540" lon="24.4164570">
    <ele>1123.6</ele>
   </trkpt>
   <trkpt lat="-29.8157140" lon="24.4164170">
    <ele>1123.3</ele>
   </trkpt>
   <trkpt lat="-29.8156700" lon="24.4163690">
    <ele>1122.9</ele>
   </trkpt>
   <trkpt lat="-29.8156290" lon="24.4163150">
    <ele>1122.5</ele>
   </trkpt>
   <trkpt lat="-29.8155830" lon="24.4162680">
    <ele>1122.1</ele>
   </trkpt>
   <trkpt lat="-29.8155380" lon="24.4162110">
    <ele>1121.6</ele>
   </trkpt>
   <trkpt lat="-29.8154860" lon="24.4161660">
    <ele>1121.1</ele>
   </trkpt>
   <trkpt lat="-29.8154350" lon="24.4161030">
    <ele>1120.6</ele>
   </trkpt>
   <trkpt lat="-29.8153850" lon="24.4160360">
    <ele>1120.0</ele>
   </trkpt>
   <trkpt lat="-29.8153240" lon="24.4159810">
    <ele>1119.3</ele>
   </trkpt>
   <trkpt lat="-29.8152630" lon="24.4159220">
    <ele>1119.0</ele>
   </trkpt>
   <trkpt lat="-29.8152050" lon="24.4158470">
    <ele>1118.7</ele>
   </trkpt>
   <trkpt lat="-29.8151370" lon="24.4157840">
    <ele>1118.3</ele>
   </trkpt>
   <trkpt lat="-29.8150720" lon="24.4157240">
    <ele>1118.0</ele>
   </trkpt>
   <trkpt lat="-29.8150030" lon="24.4156520">
    <ele>1117.6</ele>
   </trkpt>
   <trkpt lat="-29.8149440" lon="24.4155880">
    <ele>1117.2</ele>
   </trkpt>
   <trkpt lat="-29.8148760" lon="24.4155220">
    <ele>1116.9</ele>
   </trkpt>
   <trkpt lat="-29.8148150" lon="24.4154650">
    <ele>1116.6</ele>
   </trkpt>
   <trkpt lat="-29.8147510" lon="24.4153990">
    <ele>1116.4</ele>
   </trkpt>
   <trkpt lat="-29.8146930" lon="24.4153340">
    <ele>1116.1</ele>
   </trkpt>
   <trkpt lat="-29.8146350" lon="24.4152540">
    <ele>1115.9</ele>
   </trkpt>
   <trkpt lat="-29.8145670" lon="24.4151990">
    <ele>1115.6</ele>
   </trkpt>
   <trkpt lat="-29.8145050" lon="24.4151270">
    <ele>1115.3</ele>
   </trkpt>
   <trkpt lat="-29.8144500" lon="24.4150540">
    <ele>1115.1</ele>
   </trkpt>
   <trkpt lat="-29.8143970" lon="24.4149720">
    <ele>1114.9</ele>
   </trkpt>
   <trkpt lat="-29.8143370" lon="24.4149280">
    <ele>1114.8</ele>
   </trkpt>
   <trkpt lat="-29.8142770" lon="24.4148670">
    <ele>1114.6</ele>
   </trkpt>
   <trkpt lat="-29.8142200" lon="24.4148150">
    <ele>1114.4</ele>
   </trkpt>
   <trkpt lat="-29.8141630" lon="24.4147560">
    <ele>1114.3</ele>
   </trkpt>
   <trkpt lat="-29.8141100" lon="24.4146940">
    <ele>1114.1</ele>
   </trkpt>
   <trkpt lat="-29.8140500" lon="24.4146460">
    <ele>1113.9</ele>
   </trkpt>
   <trkpt lat="-29.8139970" lon="24.4145810">
    <ele>1113.7</ele>
   </trkpt>
   <trkpt lat="-29.8139420" lon="24.4145250">
    <ele>1113.6</ele>
   </trkpt>
   <trkpt lat="-29.8138890" lon="24.4144610">
    <ele>1113.4</ele>
   </trkpt>
   <trkpt lat="-29.8138370" lon="24.4144040">
    <ele>1113.2</ele>
   </trkpt>
   <trkpt lat="-29.8137810" lon="24.4143540">
    <ele>1113.1</ele>
   </trkpt>
   <trkpt lat="-29.8137230" lon="24.4143040">
    <ele>1113.0</ele>
   </trkpt>
   <trkpt lat="-29.8136730" lon="24.4142360">
    <ele>1112.8</ele>
   </trkpt>
   <trkpt lat="-29.8136180" lon="24.4141860">
    <ele>1112.7</ele>
   </trkpt>
   <trkpt lat="-29.8135680" lon="24.4141250">
    <ele>1112.5</ele>
   </trkpt>
   <trkpt lat="-29.8135120" lon="24.4140710">
    <ele>1112.4</ele>
   </trkpt>
   <trkpt lat="-29.8134620" lon="24.4140160">
    <ele>1112.2</ele>
   </trkpt>
   <trkpt lat="-29.8134100" lon="24.4139730">
    <ele>1112.0</ele>
   </trkpt>
   <trkpt lat="-29.8133610" lon="24.4139210">
    <ele>1111.9</ele>
   </trkpt>
   <trkpt lat="-29.8133090" lon="24.4138740">
    <ele>1111.8</ele>
   </trkpt>
   <trkpt lat="-29.8132560" lon="24.4138550">
    <ele>1111.8</ele>
   </trkpt>
   <trkpt lat="-29.8132050" lon="24.4138540">
    <ele>1111.7</ele>
   </trkpt>
   <trkpt lat="-29.8131300" lon="24.4139020">
    <ele>1111.8</ele>
   </trkpt>
   <trkpt lat="-29.8130960" lon="24.4139600">
    <ele>1111.8</ele>
   </trkpt>
   <trkpt lat="-29.8130460" lon="24.4140560">
    <ele>1111.8</ele>
   </trkpt>
   <trkpt lat="-29.8130080" lon="24.4140970">
    <ele>1111.8</ele>
   </trkpt>
   <trkpt lat="-29.8129850" lon="24.4141450">
    <ele>1111.8</ele>
   </trkpt>
   <trkpt lat="-29.8129530" lon="24.4141860">
    <ele>1111.8</ele>
   </trkpt>
   <trkpt lat="-29.8129170" lon="24.4142380">
    <ele>1111.8</ele>
   </trkpt>
   <trkpt lat="-29.8128760" lon="24.4142870">
    <ele>1111.8</ele>
   </trkpt>
   <trkpt lat="-29.8128390" lon="24.4143370">
    <ele>1111.8</ele>
   </trkpt>
   <trkpt lat="-29.8127890" lon="24.4143870">
    <ele>1111.8</ele>
   </trkpt>
   <trkpt lat="-29.8127550" lon="24.4144380">
    <ele>1111.8</ele>
   </trkpt>
   <trkpt lat="-29.8127150" lon="24.4144720">
    <ele>1111.8</ele>
   </trkpt>
   <trkpt lat="-29.8126660" lon="24.4145180">
    <ele>1111.9</ele>
   </trkpt>
   <trkpt lat="-29.8126300" lon="24.4145630">
    <ele>1111.9</ele>
   </trkpt>
   <trkpt lat="-29.8125960" lon="24.4146170">
    <ele>1111.9</ele>
   </trkpt>
   <trkpt lat="-29.8125690" lon="24.4146620">
    <ele>1111.9</ele>
   </trkpt>
   <trkpt lat="-29.8125310" lon="24.4147140">
    <ele>1112.0</ele>
   </trkpt>
   <trkpt lat="-29.8124940" lon="24.4147570">
    <ele>1112.0</ele>
   </trkpt>
   <trkpt lat="-29.8124590" lon="24.4148040">
    <ele>1112.1</ele>
   </trkpt>
   <trkpt lat="-29.8124230" lon="24.4148430">
    <ele>1112.1</ele>
   </trkpt>
   <trkpt lat="-29.8123870" lon="24.4148810">
    <ele>1112.2</ele>
   </trkpt>
   <trkpt lat="-29.8123600" lon="24.4149320">
    <ele>1112.2</ele>
   </trkpt>
   <trkpt lat="-29.8123310" lon="24.4149780">
    <ele>1112.2</ele>
   </trkpt>
   <trkpt lat="-29.8122850" lon="24.4150130">
    <ele>1112.3</ele>
   </trkpt>
   <trkpt lat="-29.8122520" lon="24.4150560">
    <ele>1112.3</ele>
   </trkpt>
   <trkpt lat="-29.8122190" lon="24.4151000">
    <ele>1112.4</ele>
   </trkpt>
   <trkpt lat="-29.8121820" lon="24.4151500">
    <ele>1112.4</ele>
   </trkpt>
   <trkpt lat="-29.8121500" lon="24.4151880">
    <ele>1112.5</ele>
   </trkpt>
   <trkpt lat="-29.8121140" lon="24.4152230">
    <ele>1112.5</ele>
   </trkpt>
   <trkpt lat="-29.8120820" lon="24.4152650">
    <ele>1112.5</ele>
   </trkpt>
   <trkpt lat="-29.8120440" lon="24.4153060">
    <ele>1112.4</ele>
   </trkpt>
   <trkpt lat="-29.8120110" lon="24.4153550">
    <ele>1112.4</ele>
   </trkpt>
   <trkpt lat="-29.8119670" lon="24.4153940">
    <ele>1112.4</ele>
   </trkpt>
   <trkpt lat="-29.8119340" lon="24.4154420">
    <ele>1112.4</ele>
   </trkpt>
   <trkpt lat="-29.8118950" lon="24.4154940">
    <ele>1112.4</ele>
   </trkpt>
   <trkpt lat="-29.8118650" lon="24.4155450">
    <ele>1112.3</ele>
   </trkpt>
   <trkpt lat="-29.8118220" lon="24.4155800">
    <ele>1112.3</ele>
   </trkpt>
   <trkpt lat="-29.8117870" lon="24.4156210">
    <ele>1112.2</ele>
   </trkpt>
   <trkpt lat="-29.8117460" lon="24.4156690">
    <ele>1112.2</ele>
   </trkpt>
   <trkpt lat="-29.8117060" lon="24.4157110">
    <ele>1112.2</ele>
   </trkpt>
   <trkpt lat="-29.8116650" lon="24.4157580">
    <ele>1112.1</ele>
   </trkpt>
   <trkpt lat="-29.8116330" lon="24.4158000">
    <ele>1112.1</ele>
   </trkpt>
   <trkpt lat="-29.8115960" lon="24.4158380">
    <ele>1112.1</ele>
   </trkpt>
   <trkpt lat="-29.8115640" lon="24.4158840">
    <ele>1112.0</ele>
   </trkpt>
   <trkpt lat="-29.8115340" lon="24.4159310">
    <ele>1111.9</ele>
   </trkpt>
   <trkpt lat="-29.8115010" lon="24.4159820">
    <ele>1111.8</ele>
   </trkpt>
   <trkpt lat="-29.8114670" lon="24.4160090">
    <ele>1111.8</ele>
   </trkpt>
   <trkpt lat="-29.8114300" lon="24.4160480">
    <ele>1111.7</ele>
   </trkpt>
   <trkpt lat="-29.8114020" lon="24.4160900">
    <ele>1111.6</ele>
   </trkpt>
   <trkpt lat="-29.8113690" lon="24.4161370">
    <ele>1111.5</ele>
   </trkpt>
   <trkpt lat="-29.8113340" lon="24.4161830">
    <ele>1111.5</ele>
   </trkpt>
   <trkpt lat="-29.8113100" lon="24.4162260">
    <ele>1111.4</ele>
   </trkpt>
   <trkpt lat="-29.8112730" lon="24.4162650">
    <ele>1111.3</ele>
   </trkpt>
   <trkpt lat="-29.8112360" lon="24.4163060">
    <ele>1111.2</ele>
   </trkpt>
   <trkpt lat="-29.8111910" lon="24.4163480">
    <ele>1111.2</ele>
   </trkpt>
   <trkpt lat="-29.8111470" lon="24.4164050">
    <ele>1111.1</ele>
   </trkpt>
   <trkpt lat="-29.8111070" lon="24.4164480">
    <ele>1111.0</ele>
   </trkpt>
   <trkpt lat="-29.8110720" lon="24.4165010">
    <ele>1110.9</ele>
   </trkpt>
   <trkpt lat="-29.8110330" lon="24.4165490">
    <ele>1110.8</ele>
   </trkpt>
   <trkpt lat="-29.8109930" lon="24.4165930">
    <ele>1110.7</ele>
   </trkpt>
   <trkpt lat="-29.8109480" lon="24.4166350">
    <ele>1110.6</ele>
   </trkpt>
   <trkpt lat="-29.8109130" lon="24.4166800">
    <ele>1110.6</ele>
   </trkpt>
   <trkpt lat="-29.8108760" lon="24.4167320">
    <ele>1110.5</ele>
   </trkpt>
   <trkpt lat="-29.8108410" lon="24.4167980">
    <ele>1110.4</ele>
   </trkpt>
   <trkpt lat="-29.8108100" lon="24.4168410">
    <ele>1110.3</ele>
   </trkpt>
   <trkpt lat="-29.8107680" lon="24.4168960">
    <ele>1110.2</ele>
   </trkpt>
   <trkpt lat="-29.8107240" lon="24.4169430">
    <ele>1110.0</ele>
   </trkpt>
   <trkpt lat="-29.8106810" lon="24.4169990">
    <ele>1109.9</ele>
   </trkpt>
   <trkpt lat="-29.8106440" lon="24.4170370">
    <ele>1109.8</ele>
   </trkpt>
   <trkpt lat="-29.8105900" lon="24.4170890">
    <ele>1109.6</ele>
   </trkpt>
   <trkpt lat="-29.8105490" lon="24.4171380">
    <ele>1109.4</ele>
   </trkpt>
   <trkpt lat="-29.8105100" lon="24.4171780">
    <ele>1109.3</ele>
   </trkpt>
   <trkpt lat="-29.8104690" lon="24.4172250">
    <ele>1109.2</ele>
   </trkpt>
   <trkpt lat="-29.8104310" lon="24.4172720">
    <ele>1109.1</ele>
   </trkpt>
   <trkpt lat="-29.8103830" lon="24.4173170">
    <ele>1109.0</ele>
   </trkpt>
   <trkpt lat="-29.8103470" lon="24.4173750">
    <ele>1108.9</ele>
   </trkpt>
   <trkpt lat="-29.8103100" lon="24.4174220">
    <ele>1108.8</ele>
   </trkpt>
   <trkpt lat="-29.8102630" lon="24.4174690">
    <ele>1108.8</ele>
   </trkpt>
   <trkpt lat="-29.8102070" lon="24.4175120">
    <ele>1108.7</ele>
   </trkpt>
   <trkpt lat="-29.8101630" lon="24.4175690">
    <ele>1108.7</ele>
   </trkpt>
   <trkpt lat="-29.8101150" lon="24.4176270">
    <ele>1108.6</ele>
   </trkpt>
   <trkpt lat="-29.8100770" lon="24.4176730">
    <ele>1108.6</ele>
   </trkpt>
   <trkpt lat="-29.8100400" lon="24.4177280">
    <ele>1108.5</ele>
   </trkpt>
   <trkpt lat="-29.8099940" lon="24.4177740">
    <ele>1108.4</ele>
   </trkpt>
   <trkpt lat="-29.8099550" lon="24.4178260">
    <ele>1108.3</ele>
   </trkpt>
   <trkpt lat="-29.8099190" lon="24.4178840">
    <ele>1108.2</ele>
   </trkpt>
   <trkpt lat="-29.8098730" lon="24.4179320">
    <ele>1108.2</ele>
   </trkpt>
   <trkpt lat="-29.8098340" lon="24.4179890">
    <ele>1108.1</ele>
   </trkpt>
   <trkpt lat="-29.8097950" lon="24.4180340">
    <ele>1108.1</ele>
   </trkpt>
   <trkpt lat="-29.8097550" lon="24.4180870">
    <ele>1108.1</ele>
   </trkpt>
   <trkpt lat="-29.8097140" lon="24.4181330">
    <ele>1108.0</ele>
   </trkpt>
   <trkpt lat="-29.8096800" lon="24.4181810">
    <ele>1108.0</ele>
   </trkpt>
   <trkpt lat="-29.8096400" lon="24.4182240">
    <ele>1107.9</ele>
   </trkpt>
   <trkpt lat="-29.8096200" lon="24.4182700">
    <ele>1107.9</ele>
   </trkpt>
   <trkpt lat="-29.8095950" lon="24.4183150">
    <ele>1107.8</ele>
   </trkpt>
   <trkpt lat="-29.8095640" lon="24.4183620">
    <ele>1107.8</ele>
   </trkpt>
   <trkpt lat="-29.8095300" lon="24.4184000">
    <ele>1107.7</ele>
   </trkpt>
   <trkpt lat="-29.8095000" lon="24.4184370">
    <ele>1107.7</ele>
   </trkpt>
   <trkpt lat="-29.8094660" lon="24.4184670">
    <ele>1107.6</ele>
   </trkpt>
   <trkpt lat="-29.8094340" lon="24.4184990">
    <ele>1107.6</ele>
   </trkpt>
   <trkpt lat="-29.8093940" lon="24.4185310">
    <ele>1107.5</ele>
   </trkpt>
   <trkpt lat="-29.8093580" lon="24.4185760">
    <ele>1107.4</ele>
   </trkpt>
   <trkpt lat="-29.8093200" lon="24.4186160">
    <ele>1107.4</ele>
   </trkpt>
   <trkpt lat="-29.8092930" lon="24.4186580">
    <ele>1107.3</ele>
   </trkpt>
   <trkpt lat="-29.8092630" lon="24.4187030">
    <ele>1107.2</ele>
   </trkpt>
   <trkpt lat="-29.8092370" lon="24.4187590">
    <ele>1107.1</ele>
   </trkpt>
   <trkpt lat="-29.8092110" lon="24.4188160">
    <ele>1107.1</ele>
   </trkpt>
   <trkpt lat="-29.8091840" lon="24.4188720">
    <ele>1107.0</ele>
   </trkpt>
   <trkpt lat="-29.8091600" lon="24.4189280">
    <ele>1107.0</ele>
   </trkpt>
   <trkpt lat="-29.8091300" lon="24.4189820">
    <ele>1106.9</ele>
   </trkpt>
   <trkpt lat="-29.8091120" lon="24.4190440">
    <ele>1106.9</ele>
   </trkpt>
   <trkpt lat="-29.8090900" lon="24.4191000">
    <ele>1106.9</ele>
   </trkpt>
   <trkpt lat="-29.8090790" lon="24.4191620">
    <ele>1106.9</ele>
   </trkpt>
   <trkpt lat="-29.8090660" lon="24.4192180">
    <ele>1106.9</ele>
   </trkpt>
   <trkpt lat="-29.8090590" lon="24.4192750">
    <ele>1106.9</ele>
   </trkpt>
   <trkpt lat="-29.8090500" lon="24.4193350">
    <ele>1106.9</ele>
   </trkpt>
   <trkpt lat="-29.8090480" lon="24.4193920">
    <ele>1106.9</ele>
   </trkpt>
   <trkpt lat="-29.8090280" lon="24.4194450">
    <ele>1106.9</ele>
   </trkpt>
   <trkpt lat="-29.8090340" lon="24.4195030">
    <ele>1106.9</ele>
   </trkpt>
   <trkpt lat="-29.8090110" lon="24.4195540">
    <ele>1106.9</ele>
   </trkpt>
   <trkpt lat="-29.8089860" lon="24.4195970">
    <ele>1106.9</ele>
   </trkpt>
   <trkpt lat="-29.8089530" lon="24.4196300">
    <ele>1106.9</ele>
   </trkpt>
   <trkpt lat="-29.8089070" lon="24.4196500">
    <ele>1106.9</ele>
   </trkpt>
   <trkpt lat="-29.8088720" lon="24.4196670">
    <ele>1106.8</ele>
   </trkpt>
   <trkpt lat="-29.8088350" lon="24.4196730">
    <ele>1106.8</ele>
   </trkpt>
   <trkpt lat="-29.8087900" lon="24.4196640">
    <ele>1106.7</ele>
   </trkpt>
   <trkpt lat="-29.8087480" lon="24.4196720">
    <ele>1106.6</ele>
   </trkpt>
   <trkpt lat="-29.8087090" lon="24.4196750">
    <ele>1106.5</ele>
   </trkpt>
   <trkpt lat="-29.8086670" lon="24.4196740">
    <ele>1106.5</ele>
   </trkpt>
   <trkpt lat="-29.8086270" lon="24.4196550">
    <ele>1106.4</ele>
   </trkpt>
   <trkpt lat="-29.8085930" lon="24.4196410">
    <ele>1106.3</ele>
   </trkpt>
   <trkpt lat="-29.8085490" lon="24.4196430">
    <ele>1106.2</ele>
   </trkpt>
   <trkpt lat="-29.8085090" lon="24.4196420">
    <ele>1106.1</ele>
   </trkpt>
   <trkpt lat="-29.8084680" lon="24.4196440">
    <ele>1106.0</ele>
   </trkpt>
   <trkpt lat="-29.8084200" lon="24.4196570">
    <ele>1105.9</ele>
   </trkpt>
   <trkpt lat="-29.8083770" lon="24.4196450">
    <ele>1105.8</ele>
   </trkpt>
   <trkpt lat="-29.8083300" lon="24.4196430">
    <ele>1105.8</ele>
   </trkpt>
   <trkpt lat="-29.8082950" lon="24.4196440">
    <ele>1105.7</ele>
   </trkpt>
   <trkpt lat="-29.8082360" lon="24.4196540">
    <ele>1105.6</ele>
   </trkpt>
   <trkpt lat="-29.8081960" lon="24.4196500">
    <ele>1105.5</ele>
   </trkpt>
   <trkpt lat="-29.8081660" lon="24.4196360">
    <ele>1105.5</ele>
   </trkpt>
   <trkpt lat="-29.8081110" lon="24.4196350">
    <ele>1105.4</ele>
   </trkpt>
   <trkpt lat="-29.8080600" lon="24.4196270">
    <ele>1105.3</ele>
   </trkpt>
   <trkpt lat="-29.8080140" lon="24.4196280">
    <ele>1105.2</ele>
   </trkpt>
   <trkpt lat="-29.8079530" lon="24.4196340">
    <ele>1105.1</ele>
   </trkpt>
   <trkpt lat="-29.8078970" lon="24.4196340">
    <ele>1105.1</ele>
   </trkpt>
   <trkpt lat="-29.8078360" lon="24.4196230">
    <ele>1105.0</ele>
   </trkpt>
   <trkpt lat="-29.8077750" lon="24.4196340">
    <ele>1105.0</ele>
   </trkpt>
   <trkpt lat="-29.8077270" lon="24.4196320">
    <ele>1105.0</ele>
   </trkpt>
   <trkpt lat="-29.8076710" lon="24.4196340">
    <ele>1104.9</ele>
   </trkpt>
   <trkpt lat="-29.8076260" lon="24.4196440">
    <ele>1104.9</ele>
   </trkpt>
   <trkpt lat="-29.8075760" lon="24.4196580">
    <ele>1104.9</ele>
   </trkpt>
   <trkpt lat="-29.8075280" lon="24.4196760">
    <ele>1104.9</ele>
   </trkpt>
   <trkpt lat="-29.8074870" lon="24.4196810">
    <ele>1104.8</ele>
   </trkpt>
   <trkpt lat="-29.8074450" lon="24.4196860">
    <ele>1104.8</ele>
   </trkpt>
   <trkpt lat="-29.8074030" lon="24.4197060">
    <ele>1104.8</ele>
   </trkpt>
   <trkpt lat="-29.8073650" lon="24.4196980">
    <ele>1104.8</ele>
   </trkpt>
   <trkpt lat="-29.8073360" lon="24.4196770">
    <ele>1104.8</ele>
   </trkpt>
   <trkpt lat="-29.8073110" lon="24.4196420">
    <ele>1104.8</ele>
   </trkpt>
   <trkpt lat="-29.8073050" lon="24.4196210">
    <ele>1104.7</ele>
   </trkpt>
   <trkpt lat="-29.8073000" lon="24.4196050">
    <ele>1104.7</ele>
   </trkpt>
   <trkpt lat="-29.8073100" lon="24.4195750">
    <ele>1104.7</ele>
   </trkpt>
   <trkpt lat="-29.8073320" lon="24.4195510">
    <ele>1104.7</ele>
   </trkpt>
   <trkpt lat="-29.8073710" lon="24.4195470">
    <ele>1104.7</ele>
   </trkpt>
   <trkpt lat="-29.8073940" lon="24.4195510">
    <ele>1104.7</ele>
   </trkpt>
   <trkpt lat="-29.8074320" lon="24.4195550">
    <ele>1104.7</ele>
   </trkpt>
   <trkpt lat="-29.8074650" lon="24.4195690">
    <ele>1104.7</ele>
   </trkpt>
   <trkpt lat="-29.8075020" lon="24.4195690">
    <ele>1104.7</ele>
   </trkpt>
   <trkpt lat="-29.8075370" lon="24.4195670">
    <ele>1104.7</ele>
   </trkpt>
   <trkpt lat="-29.8075650" lon="24.4195540">
    <ele>1104.7</ele>
   </trkpt>
   <trkpt lat="-29.8075940" lon="24.4195450">
    <ele>1104.8</ele>
   </trkpt>
   <trkpt lat="-29.8076220" lon="24.4195170">
    <ele>1104.8</ele>
   </trkpt>
   <trkpt lat="-29.8076620" lon="24.4195020">
    <ele>1104.8</ele>
   </trkpt>
   <trkpt lat="-29.8077060" lon="24.4194920">
    <ele>1104.9</ele>
   </trkpt>
   <trkpt lat="-29.8077230" lon="24.4194850">
    <ele>1104.9</ele>
   </trkpt>
   <trkpt lat="-29.8077700" lon="24.4194780">
    <ele>1105.0</ele>
   </trkpt>
  </trkseg>
 </trk>
</gpx>
