<?xml version="1.0" encoding="UTF-8"?>
<gpx creator="StravaGPX" version="1.1" xmlns="http://www.topografix.com/GPX/1/1" xmlns:xsi="http://www.w3.org/2001/XMLSchema-instance" xsi:schemaLocation="http://www.topografix.com/GPX/1/1 http://www.topografix.com/GPX/1/1/gpx.xsd">
 <trk>
  <name>Morning Ride</name>
  <type>cycling</type>
  <trkseg>
   <trkpt lat="-29.8076800" lon="24.4194020">
    <ele>1106.5</ele>
   </trkpt>
   <trkpt lat="-29.8076480" lon="24.4194030">
    <ele>1106.6</ele>
   </trkpt>
   <trkpt lat="-29.8076130" lon="24.4193970">
    <ele>1106.7</ele>
   </trkpt>
   <trkpt lat="-29.8075820" lon="24.4193920">
    <ele>1106.7</ele>
   </trkpt>
   <trkpt lat="-29.8075480" lon="24.4193880">
    <ele>1106.6</ele>
   </trkpt>
   <trkpt lat="-29.8075160" lon="24.4193830">
    <ele>1106.5</ele>
   </trkpt>
   <trkpt lat="-29.8074870" lon="24.4193740">
    <ele>1106.2</ele>
   </trkpt>
   <trkpt lat="-29.8074570" lon="24.4193680">
    <ele>1105.8</ele>
   </trkpt>
   <trkpt lat="-29.8074240" lon="24.4193670">
    <ele>1105.4</ele>
   </trkpt>
   <trkpt lat="-29.8073980" lon="24.4193580">
    <ele>1105.4</ele>
   </trkpt>
   <trkpt lat="-29.8073670" lon="24.4193530">
    <ele>1105.0</ele>
   </trkpt>
   <trkpt lat="-29.8073310" lon="24.4193510">
    <ele>1104.7</ele>
   </trkpt>
   <trkpt lat="-29.8073200" lon="24.4193510">
    <ele>1104.4</ele>
   </trkpt>
   <trkpt lat="-29.8072920" lon="24.4193730">
    <ele>1104.4</ele>
   </trkpt>
   <trkpt lat="-29.8072860" lon="24.4193830">
    <ele>1104.4</ele>
   </trkpt>
   <trkpt lat="-29.8072810" lon="24.4194240">
    <ele>1104.5</ele>
   </trkpt>
   <trkpt lat="-29.8072810" lon="24.4194360">
    <ele>1104.5</ele>
   </trkpt>
   <trkpt lat="-29.8072860" lon="24.4194570">
    <ele>1104.5</ele>
   </trkpt>
   <trkpt lat="-29.8072860" lon="24.4194750">
    <ele>1104.5</ele>
   </trkpt>
   <trkpt lat="-29.8072880" lon="24.4194900">
    <ele>1104.5</ele>
   </trkpt>
   <trkpt lat="-29.8072900" lon="24.4194960">
    <ele>1104.5</ele>
   </trkpt>
   <trkpt lat="-29.8072920" lon="24.4195030">
    <ele>1104.5</ele>
   </trkpt>
   <trkpt lat="-29.8072930" lon="24.4195090">
    <ele>1104.5</ele>
   </trkpt>
   <trkpt lat="-29.8072950" lon="24.4195150">
    <ele>1104.5</ele>
   </trkpt>
   <trkpt lat="-29.8072970" lon="24.4195210">
    <ele>1104.5</ele>
   </trkpt>
   <trkpt lat="-29.8072990" lon="24.4195280">
    <ele>1104.5</ele>
   </trkpt>
   <trkpt lat="-29.8073010" lon="24.4195340">
    <ele>1104.5</ele>
   </trkpt>
   <trkpt lat="-29.8073030" lon="24.4195400">
    <ele>1104.5</ele>
   </trkpt>
   <trkpt lat="-29.8073040" lon="24.4195460">
    <ele>1104.5</ele>
   </trkpt>
   <trkpt lat="-29.8073060" lon="24.4195530">
    <ele>1104.5</ele>
   </trkpt>
   <trkpt lat="-29.8073080" lon="24.4195590">
    <ele>1104.5</ele>
   </trkpt>
   <trkpt lat="-29.8073100" lon="24.4195650">
    <ele>1104.6</ele>
   </trkpt>
   <trkpt lat="-29.8073120" lon="24.4195710">
    <ele>1104.6</ele>
   </trkpt>
   <trkpt lat="-29.8073140" lon="24.4195780">
    <ele>1104.6</ele>
   </trkpt>
   <trkpt lat="-29.8073150" lon="24.4195840">
    <ele>1104.6</ele>
   </trkpt>
   <trkpt lat="-29.8073170" lon="24.4195900">
    <ele>1104.6</ele>
   </trkpt>
   <trkpt lat="-29.8073190" lon="24.4195960">
    <ele>1104.6</ele>
   </trkpt>
   <trkpt lat="-29.8073210" lon="24.4196030">
    <ele>1104.6</ele>
   </trkpt>
   <trkpt lat="-29.8073230" lon="24.4196090">
    <ele>1104.6</ele>
   </trkpt>
   <trkpt lat="-29.8073250" lon="24.4196150">
    <ele>1104.6</ele>
   </trkpt>
   <trkpt lat="-29.8073260" lon="24.4196210">
    <ele>1104.6</ele>
   </trkpt>
   <trkpt lat="-29.8073280" lon="24.4196280">
    <ele>1104.6</ele>
   </trkpt>
   <trkpt lat="-29.8073300" lon="24.4196340">
    <ele>1104.6</ele>
   </trkpt>
   <trkpt lat="-29.8073350" lon="24.4196410">
    <ele>1104.6</ele>
   </trkpt>
   <trkpt lat="-29.8073440" lon="24.4196450">
    <ele>1104.6</ele>
   </trkpt>
   <trkpt lat="-29.8073490" lon="24.4196480">
    <ele>1104.6</ele>
   </trkpt>
   <trkpt lat="-29.8073460" lon="24.4196470">
    <ele>1104.6</ele>
   </trkpt>
   <trkpt lat="-29.8073460" lon="24.4196480">
    <ele>1104.6</ele>
   </trkpt>
   <trkpt lat="-29.8073450" lon="24.4196490">
    <ele>1104.6</ele>
   </trkpt>
   <trkpt lat="-29.8073510" lon="24.4196490">
    <ele>1104.6</ele>
   </trkpt>
   <trkpt lat="-29.8073510" lon="24.4196460">
    <ele>1104.6</ele>
   </trkpt>
   <trkpt lat="-29.8073480" lon="24.4196450">
    <ele>1104.6</ele>
   </trkpt>
   <trkpt lat="-29.8073460" lon="24.4196450">
    <ele>1104.6</ele>
   </trkpt>
   <trkpt lat="-29.8073490" lon="24.4196460">
    <ele>1104.6</ele>
   </trkpt>
   <trkpt lat="-29.8073620" lon="24.4196480">
    <ele>1104.6</ele>
   </trkpt>
   <trkpt lat="-29.8073830" lon="24.4196560">
    <ele>1104.7</ele>
   </trkpt>
   <trkpt lat="-29.8073940" lon="24.4196560">
    <ele>1104.7</ele>
   </trkpt>
   <trkpt lat="-29.8074040" lon="24.4196560">
    <ele>1104.7</ele>
   </trkpt>
   <trkpt lat="-29.8074320" lon="24.4196530">
    <ele>1104.7</ele>
   </trkpt>
   <trkpt lat="-29.8074410" lon="24.4196520">
    <ele>1104.7</ele>
   </trkpt>
   <trkpt lat="-29.8074560" lon="24.4196470">
    <ele>1104.7</ele>
   </trkpt>
   <trkpt lat="-29.8074720" lon="24.4196430">
    <ele>1104.7</ele>
   </trkpt>
   <trkpt lat="-29.8075120" lon="24.4196340">
    <ele>1104.8</ele>
   </trkpt>
   <trkpt lat="-29.8075260" lon="24.4196320">
    <ele>1104.8</ele>
   </trkpt>
   <trkpt lat="-29.8075570" lon="24.4196250">
    <ele>1104.8</ele>
   </trkpt>
   <trkpt lat="-29.8075890" lon="24.4196230">
    <ele>1104.8</ele>
   </trkpt>
   <trkpt lat="-29.8076160" lon="24.4196230">
    <ele>1104.8</ele>
   </trkpt>
   <trkpt lat="-29.8076490" lon="24.4196200">
    <ele>1104.9</ele>
   </trkpt>
   <trkpt lat="-29.8076580" lon="24.4196190">
    <ele>1104.9</ele>
   </trkpt>
   <trkpt lat="-29.8076920" lon="24.4196150">
    <ele>1104.9</ele>
   </trkpt>
   <trkpt lat="-29.8077060" lon="24.4196130">
    <ele>1104.9</ele>
   </trkpt>
   <trkpt lat="-29.8077440" lon="24.4196090">
    <ele>1104.9</ele>
   </trkpt>
   <trkpt lat="-29.8077840" lon="24.4196040">
    <ele>1105.0</ele>
   </trkpt>
   <trkpt lat="-29.8078320" lon="24.4196030">
    <ele>1105.0</ele>
   </trkpt>
   <trkpt lat="-29.8078800" lon="24.4196050">
    <ele>1105.0</ele>
   </trkpt>
   <trkpt lat="-29.8079240" lon="24.4196060">
    <ele>1105.0</ele>
   </trkpt>
   <trkpt lat="-29.8079680" lon="24.4196090">
    <ele>1105.0</ele>
   </trkpt>
   <trkpt lat="-29.8080190" lon="24.4196110">
    <ele>1105.0</ele>
   </trkpt>
   <trkpt lat="-29.8080730" lon="24.4196130">
    <ele>1105.0</ele>
   </trkpt>
   <trkpt lat="-29.8081300" lon="24.4196140">
    <ele>1105.0</ele>
   </trkpt>
   <trkpt lat="-29.8081870" lon="24.4196120">
    <ele>1105.0</ele>
   </trkpt>
   <trkpt lat="-29.8082470" lon="24.4196120">
    <ele>1105.0</ele>
   </trkpt>
   <trkpt lat="-29.8083080" lon="24.4196180">
    <ele>1105.0</ele>
   </trkpt>
   <trkpt lat="-29.8083700" lon="24.4196240">
    <ele>1105.0</ele>
   </trkpt>
   <trkpt lat="-29.8084340" lon="24.4196290">
    <ele>1105.0</ele>
   </trkpt>
   <trkpt lat="-29.8084960" lon="24.4196370">
    <ele>1105.0</ele>
   </trkpt>
   <trkpt lat="-29.8085580" lon="24.4196390">
    <ele>1105.0</ele>
   </trkpt>
   <trkpt lat="-29.8086210" lon="24.4196430">
    <ele>1105.1</ele>
   </trkpt>
   <trkpt lat="-29.8086830" lon="24.4196470">
    <ele>1105.1</ele>
   </trkpt>
   <trkpt lat="-29.8087430" lon="24.4196530">
    <ele>1105.1</ele>
   </trkpt>
   <trkpt lat="-29.8088040" lon="24.4196540">
    <ele>1105.1</ele>
   </trkpt>
   <trkpt lat="-29.8088620" lon="24.4196450">
    <ele>1105.1</ele>
   </trkpt>
   <trkpt lat="-29.8089130" lon="24.4196220">
    <ele>1105.1</ele>
   </trkpt>
   <trkpt lat="-29.8089640" lon="24.4195890">
    <ele>1105.1</ele>
   </trkpt>
   <trkpt lat="-29.8090060" lon="24.4195400">
    <ele>1105.2</ele>
   </trkpt>
   <trkpt lat="-29.8090340" lon="24.4194760">
    <ele>1105.3</ele>
   </trkpt>
   <trkpt lat="-29.8090420" lon="24.4193950">
    <ele>1105.4</ele>
   </trkpt>
   <trkpt lat="-29.8090420" lon="24.4193210">
    <ele>1105.4</ele>
   </trkpt>
   <trkpt lat="-29.8090420" lon="24.4192470">
    <ele>1105.5</ele>
   </trkpt>
   <trkpt lat="-29.8090510" lon="24.4191740">
    <ele>1105.6</ele>
   </trkpt>
   <trkpt lat="-29.8090750" lon="24.4191010">
    <ele>1105.6</ele>
   </trkpt>
   <trkpt lat="-29.8090910" lon="24.4190340">
    <ele>1105.7</ele>
   </trkpt>
   <trkpt lat="-29.8091050" lon="24.4189670">
    <ele>1105.8</ele>
   </trkpt>
   <trkpt lat="-29.8091220" lon="24.4189030">
    <ele>1105.8</ele>
   </trkpt>
   <trkpt lat="-29.8091410" lon="24.4188410">
    <ele>1105.9</ele>
   </trkpt>
   <trkpt lat="-29.8091660" lon="24.4187800">
    <ele>1106.0</ele>
   </trkpt>
   <trkpt lat="-29.8091970" lon="24.4187220">
    <ele>1106.0</ele>
   </trkpt>
   <trkpt lat="-29.8092330" lon="24.4186690">
    <ele>1106.2</ele>
   </trkpt>
   <trkpt lat="-29.8092750" lon="24.4186180">
    <ele>1106.3</ele>
   </trkpt>
   <trkpt lat="-29.8093200" lon="24.4185740">
    <ele>1106.4</ele>
   </trkpt>
   <trkpt lat="-29.8093630" lon="24.4185290">
    <ele>1106.6</ele>
   </trkpt>
   <trkpt lat="-29.8094030" lon="24.4184820">
    <ele>1106.7</ele>
   </trkpt>
   <trkpt lat="-29.8094430" lon="24.4184330">
    <ele>1106.8</ele>
   </trkpt>
   <trkpt lat="-29.8094790" lon="24.4183840">
    <ele>1106.9</ele>
   </trkpt>
   <trkpt lat="-29.8095180" lon="24.4183330">
    <ele>1107.1</ele>
   </trkpt>
   <trkpt lat="-29.8095590" lon="24.4182850">
    <ele>1107.3</ele>
   </trkpt>
   <trkpt lat="-29.8096030" lon="24.4182350">
    <ele>1108.0</ele>
   </trkpt>
   <trkpt lat="-29.8096440" lon="24.4181880">
    <ele>1108.7</ele>
   </trkpt>
   <trkpt lat="-29.8096750" lon="24.4181500">
    <ele>1108.7</ele>
   </trkpt>
   <trkpt lat="-29.8097070" lon="24.4181190">
    <ele>1108.4</ele>
   </trkpt>
   <trkpt lat="-29.8097380" lon="24.4180770">
    <ele>1108.1</ele>
   </trkpt>
   <trkpt lat="-29.8097770" lon="24.4180240">
    <ele>1107.6</ele>
   </trkpt>
   <trkpt lat="-29.8098200" lon="24.4179700">
    <ele>1107.2</ele>
   </trkpt>
   <trkpt lat="-29.8098680" lon="24.4179170">
    <ele>1107.5</ele>
   </trkpt>
   <trkpt lat="-29.8099170" lon="24.4178640">
    <ele>1107.8</ele>
   </trkpt>
   <trkpt lat="-29.8099720" lon="24.4178020">
    <ele>1108.2</ele>
   </trkpt>
   <trkpt lat="-29.8100270" lon="24.4177420">
    <ele>1108.5</ele>
   </trkpt>
   <trkpt lat="-29.8100840" lon="24.4176770">
    <ele>1108.9</ele>
   </trkpt>
   <trkpt lat="-29.8101400" lon="24.4176130">
    <ele>1109.1</ele>
   </trkpt>
   <trkpt lat="-29.8101970" lon="24.4175470">
    <ele>1109.0</ele>
   </trkpt>
   <trkpt lat="-29.8102550" lon="24.4174810">
    <ele>1109.2</ele>
   </trkpt>
   <trkpt lat="-29.8103130" lon="24.4174100">
    <ele>1109.5</ele>
   </trkpt>
   <trkpt lat="-29.8103700" lon="24.4173390">
    <ele>1109.8</ele>
   </trkpt>
   <trkpt lat="-29.8104310" lon="24.4172660">
    <ele>1110.2</ele>
   </trkpt>
   <trkpt lat="-29.8104920" lon="24.4171930">
    <ele>1110.5</ele>
   </trkpt>
   <trkpt lat="-29.8105520" lon="24.4171160">
    <ele>1110.8</ele>
   </trkpt>
   <trkpt lat="-29.8106160" lon="24.4170420">
    <ele>1111.1</ele>
   </trkpt>
   <trkpt lat="-29.8106830" lon="24.4169680">
    <ele>1111.5</ele>
   </trkpt>
   <trkpt lat="-29.8107390" lon="24.4168940">
    <ele>1111.7</ele>
   </trkpt>
   <trkpt lat="-29.8107940" lon="24.4168270">
    <ele>1111.5</ele>
   </trkpt>
   <trkpt lat="-29.8108470" lon="24.4167620">
    <ele>1111.3</ele>
   </trkpt>
   <trkpt lat="-29.8108960" lon="24.4167010">
    <ele>1111.1</ele>
   </trkpt>
   <trkpt lat="-29.8109370" lon="24.4166400">
    <ele>1111.0</ele>
   </trkpt>
   <trkpt lat="-29.8109610" lon="24.4165790">
    <ele>1111.0</ele>
   </trkpt>
   <trkpt lat="-29.8109710" lon="24.4165130">
    <ele>1110.9</ele>
   </trkpt>
   <trkpt lat="-29.8109440" lon="24.4164540">
    <ele>1110.9</ele>
   </trkpt>
   <trkpt lat="-29.8109060" lon="24.4164020">
    <ele>1110.4</ele>
   </trkpt>
   <trkpt lat="-29.8108550" lon="24.4163580">
    <ele>1110.3</ele>
   </trkpt>
   <trkpt lat="-29.8107930" lon="24.4163010">
    <ele>1110.1</ele>
   </trkpt>
   <trkpt lat="-29.8107310" lon="24.4162420">
    <ele>1110.0</ele>
   </trkpt>
   <trkpt lat="-29.8106650" lon="24.4161740">
    <ele>1110.0</ele>
   </trkpt>
   <trkpt lat="-29.8105990" lon="24.4161030">
    <ele>1110.0</ele>
   </trkpt>
   <trkpt lat="-29.8105340" lon="24.4160320">
    <ele>1110.0</ele>
   </trkpt>
   <trkpt lat="-29.8104700" lon="24.4159640">
    <ele>1110.0</ele>
   </trkpt>
   <trkpt lat="-29.8104110" lon="24.4158980">
    <ele>1110.0</ele>
   </trkpt>
   <trkpt lat="-29.8103520" lon="24.4158400">
    <ele>1109.9</ele>
   </trkpt>
   <trkpt lat="-29.8102960" lon="24.4157800">
    <ele>1109.7</ele>
   </trkpt>
   <trkpt lat="-29.8102430" lon="24.4157230">
    <ele>1109.3</ele>
   </trkpt>
   <trkpt lat="-29.8101940" lon="24.4156710">
    <ele>1108.8</ele>
   </trkpt>
   <trkpt lat="-29.8101440" lon="24.4156200">
    <ele>1108.4</ele>
   </trkpt>
   <trkpt lat="-29.8100910" lon="24.4155700">
    <ele>1108.0</ele>
   </trkpt>
   <trkpt lat="-29.8100370" lon="24.4155130">
    <ele>1107.8</ele>
   </trkpt>
   <trkpt lat="-29.8099820" lon="24.4154550">
    <ele>1107.4</ele>
   </trkpt>
   <trkpt lat="-29.8099250" lon="24.4153970">
    <ele>1107.0</ele>
   </trkpt>
   <trkpt lat="-29.8098710" lon="24.4153440">
    <ele>1107.0</ele>
   </trkpt>
   <trkpt lat="-29.8098210" lon="24.4152910">
    <ele>1106.9</ele>
   </trkpt>
   <trkpt lat="-29.8097800" lon="24.4152460">
    <ele>1106.9</ele>
   </trkpt>
   <trkpt lat="-29.8097480" lon="24.4152110">
    <ele>1106.8</ele>
   </trkpt>
   <trkpt lat="-29.8097260" lon="24.4151840">
    <ele>1106.8</ele>
   </trkpt>
   <trkpt lat="-29.8096910" lon="24.4151680">
    <ele>1106.7</ele>
   </trkpt>
   <trkpt lat="-29.8096770" lon="24.4151680">
    <ele>1106.7</ele>
   </trkpt>
   <trkpt lat="-29.8096380" lon="24.4151730">
    <ele>1106.5</ele>
   </trkpt>
   <trkpt lat="-29.8095950" lon="24.4151990">
    <ele>1106.3</ele>
   </trkpt>
   <trkpt lat="-29.8095610" lon="24.4152430">
    <ele>1106.2</ele>
   </trkpt>
   <trkpt lat="-29.8095280" lon="24.4152890">
    <ele>1106.1</ele>
   </trkpt>
   <trkpt lat="-29.8094890" lon="24.4153370">
    <ele>1106.0</ele>
   </trkpt>
   <trkpt lat="-29.8094500" lon="24.4153890">
    <ele>1105.9</ele>
   </trkpt>
   <trkpt lat="-29.8094070" lon="24.4154440">
    <ele>1105.8</ele>
   </trkpt>
   <trkpt lat="-29.8093650" lon="24.4154990">
    <ele>1105.6</ele>
   </trkpt>
   <trkpt lat="-29.8093210" lon="24.4155540">
    <ele>1105.3</ele>
   </trkpt>
   <trkpt lat="-29.8092710" lon="24.4156170">
    <ele>1105.2</ele>
   </trkpt>
   <trkpt lat="-29.8092130" lon="24.4156870">
    <ele>1105.1</ele>
   </trkpt>
   <trkpt lat="-29.8091550" lon="24.4157630">
    <ele>1105.0</ele>
   </trkpt>
   <trkpt lat="-29.8090980" lon="24.4158360">
    <ele>1104.6</ele>
   </trkpt>
   <trkpt lat="-29.8090460" lon="24.4159050">
    <ele>1103.9</ele>
   </trkpt>
   <trkpt lat="-29.8089930" lon="24.4159660">
    <ele>1103.3</ele>
   </trkpt>
   <trkpt lat="-29.8089450" lon="24.4160220">
    <ele>1102.7</ele>
   </trkpt>
   <trkpt lat="-29.8089090" lon="24.4160650">
    <ele>1102.7</ele>
   </trkpt>
   <trkpt lat="-29.8088840" lon="24.4160940">
    <ele>1102.6</ele>
   </trkpt>
   <trkpt lat="-29.8088640" lon="24.4161190">
    <ele>1102.6</ele>
   </trkpt>
   <trkpt lat="-29.8088370" lon="24.4161490">
    <ele>1102.6</ele>
   </trkpt>
   <trkpt lat="-29.8088060" lon="24.4161900">
    <ele>1102.5</ele>
   </trkpt>
   <trkpt lat="-29.8087660" lon="24.4162400">
    <ele>1102.4</ele>
   </trkpt>
   <trkpt lat="-29.8087210" lon="24.4162970">
    <ele>1102.3</ele>
   </trkpt>
   <trkpt lat="-29.8086670" lon="24.4163600">
    <ele>1102.2</ele>
   </trkpt>
   <trkpt lat="-29.8086170" lon="24.4164210">
    <ele>1102.1</ele>
   </trkpt>
   <trkpt lat="-29.8085640" lon="24.4164910">
    <ele>1102.0</ele>
   </trkpt>
   <trkpt lat="-29.8085070" lon="24.4165600">
    <ele>1102.0</ele>
   </trkpt>
   <trkpt lat="-29.8084450" lon="24.4166390">
    <ele>1102.0</ele>
   </trkpt>
   <trkpt lat="-29.8083820" lon="24.4167180">
    <ele>1102.0</ele>
   </trkpt>
   <trkpt lat="-29.8083230" lon="24.4167910">
    <ele>1102.0</ele>
   </trkpt>
   <trkpt lat="-29.8082670" lon="24.4168630">
    <ele>1102.0</ele>
   </trkpt>
   <trkpt lat="-29.8082090" lon="24.4169310">
    <ele>1102.0</ele>
   </trkpt>
   <trkpt lat="-29.8081580" lon="24.4169980">
    <ele>1102.1</ele>
   </trkpt>
   <trkpt lat="-29.8081080" lon="24.4170640">
    <ele>1102.2</ele>
   </trkpt>
   <trkpt lat="-29.8080610" lon="24.4171270">
    <ele>1102.3</ele>
   </trkpt>
   <trkpt lat="-29.8080160" lon="24.4171810">
    <ele>1102.5</ele>
   </trkpt>
   <trkpt lat="-29.8079760" lon="24.4172210">
    <ele>1102.6</ele>
   </trkpt>
   <trkpt lat="-29.8079250" lon="24.4172470">
    <ele>1102.7</ele>
   </trkpt>
   <trkpt lat="-29.8078820" lon="24.4172530">
    <ele>1102.8</ele>
   </trkpt>
   <trkpt lat="-29.8078330" lon="24.4172260">
    <ele>1102.3</ele>
   </trkpt>
   <trkpt lat="-29.8077820" lon="24.4171880">
    <ele>1101.9</ele>
   </trkpt>
   <trkpt lat="-29.8077330" lon="24.4171290">
    <ele>1101.5</ele>
   </trkpt>
   <trkpt lat="-29.8076830" lon="24.4170680">
    <ele>1101.1</ele>
   </trkpt>
   <trkpt lat="-29.8076250" lon="24.4170030">
    <ele>1100.6</ele>
   </trkpt>
   <trkpt lat="-29.8075690" lon="24.4169430">
    <ele>1100.2</ele>
   </trkpt>
   <trkpt lat="-29.8075060" lon="24.4168770">
    <ele>1100.0</ele>
   </trkpt>
   <trkpt lat="-29.8074390" lon="24.4168050">
    <ele>1100.1</ele>
   </trkpt>
   <trkpt lat="-29.8073730" lon="24.4167310">
    <ele>1100.1</ele>
   </trkpt>
   <trkpt lat="-29.8073130" lon="24.4166600">
    <ele>1100.2</ele>
   </trkpt>
   <trkpt lat="-29.8072520" lon="24.4165910">
    <ele>1100.4</ele>
   </trkpt>
   <trkpt lat="-29.8071960" lon="24.4165250">
    <ele>1100.5</ele>
   </trkpt>
   <trkpt lat="-29.8071340" lon="24.4164610">
    <ele>1100.6</ele>
   </trkpt>
   <trkpt lat="-29.8070720" lon="24.4163950">
    <ele>1100.7</ele>
   </trkpt>
   <trkpt lat="-29.8070140" lon="24.4163360">
    <ele>1100.8</ele>
   </trkpt>
   <trkpt lat="-29.8069650" lon="24.4162790">
    <ele>1100.9</ele>
   </trkpt>
   <trkpt lat="-29.8069260" lon="24.4162230">
    <ele>1101.0</ele>
   </trkpt>
   <trkpt lat="-29.8068950" lon="24.4161640">
    <ele>1101.0</ele>
   </trkpt>
   <trkpt lat="-29.8068670" lon="24.4161070">
    <ele>1101.0</ele>
   </trkpt>
   <trkpt lat="-29.8068300" lon="24.4160640">
    <ele>1101.0</ele>
   </trkpt>
   <trkpt lat="-29.8067820" lon="24.4160420">
    <ele>1101.0</ele>
   </trkpt>
   <trkpt lat="-29.8067250" lon="24.4160250">
    <ele>1101.0</ele>
   </trkpt>
   <trkpt lat="-29.8066720" lon="24.4159860">
    <ele>1101.0</ele>
   </trkpt>
   <trkpt lat="-29.8066200" lon="24.4159330">
    <ele>1101.0</ele>
   </trkpt>
   <trkpt lat="-29.8065630" lon="24.4158630">
    <ele>1101.0</ele>
   </trkpt>
   <trkpt lat="-29.8065050" lon="24.4157990">
    <ele>1101.0</ele>
   </trkpt>
   <trkpt lat="-29.8064440" lon="24.4157320">
    <ele>1101.0</ele>
   </trkpt>
   <trkpt lat="-29.8063820" lon="24.4156680">
    <ele>1101.0</ele>
   </trkpt>
   <trkpt lat="-29.8063280" lon="24.4156040">
    <ele>1101.0</ele>
   </trkpt>
   <trkpt lat="-29.8062780" lon="24.4155440">
    <ele>1101.0</ele>
   </trkpt>
   <trkpt lat="-29.8062330" lon="24.4154950">
    <ele>1101.0</ele>
   </trkpt>
   <trkpt lat="-29.8062010" lon="24.4154620">
    <ele>1100.9</ele>
   </trkpt>
   <trkpt lat="-29.8061650" lon="24.4154370">
    <ele>1100.9</ele>
   </trkpt>
   <trkpt lat="-29.8061510" lon="24.4154290">
    <ele>1100.9</ele>
   </trkpt>
   <trkpt lat="-29.8061060" lon="24.4154320">
    <ele>1100.8</ele>
   </trkpt>
   <trkpt lat="-29.8060870" lon="24.4154350">
    <ele>1100.8</ele>
   </trkpt>
   <trkpt lat="-29.8060490" lon="24.4154690">
    <ele>1100.4</ele>
   </trkpt>
   <trkpt lat="-29.8060120" lon="24.4155210">
    <ele>1100.0</ele>
   </trkpt>
   <trkpt lat="-29.8059740" lon="24.4155750">
    <ele>1099.7</ele>
   </trkpt>
   <trkpt lat="-29.8059320" lon="24.4156350">
    <ele>1099.4</ele>
   </trkpt>
   <trkpt lat="-29.8058890" lon="24.4156940">
    <ele>1099.0</ele>
   </trkpt>
   <trkpt lat="-29.8058470" lon="24.4157510">
    <ele>1098.5</ele>
   </trkpt>
   <trkpt lat="-29.8058100" lon="24.4158070">
    <ele>1098.0</ele>
   </trkpt>
   <trkpt lat="-29.8057700" lon="24.4158640">
    <ele>1097.4</ele>
   </trkpt>
   <trkpt lat="-29.8057230" lon="24.4159230">
    <ele>1097.4</ele>
   </trkpt>
   <trkpt lat="-29.8056760" lon="24.4159780">
    <ele>1097.6</ele>
   </trkpt>
   <trkpt lat="-29.8056180" lon="24.4160440">
    <ele>1097.7</ele>
   </trkpt>
   <trkpt lat="-29.8055690" lon="24.4161170">
    <ele>1097.9</ele>
   </trkpt>
   <trkpt lat="-29.8055190" lon="24.4161800">
    <ele>1098.0</ele>
   </trkpt>
   <trkpt lat="-29.8054680" lon="24.4162460">
    <ele>1098.2</ele>
   </trkpt>
   <trkpt lat="-29.8054260" lon="24.4163060">
    <ele>1098.3</ele>
   </trkpt>
   <trkpt lat="-29.8053880" lon="24.4163570">
    <ele>1098.4</ele>
   </trkpt>
   <trkpt lat="-29.8053570" lon="24.4164050">
    <ele>1098.5</ele>
   </trkpt>
   <trkpt lat="-29.8053280" lon="24.4164420">
    <ele>1098.6</ele>
   </trkpt>
   <trkpt lat="-29.8053050" lon="24.4164720">
    <ele>1098.6</ele>
   </trkpt>
   <trkpt lat="-29.8052800" lon="24.4165000">
    <ele>1098.7</ele>
   </trkpt>
   <trkpt lat="-29.8052500" lon="24.4165220">
    <ele>1098.8</ele>
   </trkpt>
   <trkpt lat="-29.8052160" lon="24.4165610">
    <ele>1098.9</ele>
   </trkpt>
   <trkpt lat="-29.8051760" lon="24.4166070">
    <ele>1098.9</ele>
   </trkpt>
   <trkpt lat="-29.8051490" lon="24.4166550">
    <ele>1098.9</ele>
   </trkpt>
   <trkpt lat="-29.8050870" lon="24.4167160">
    <ele>1098.9</ele>
   </trkpt>
   <trkpt lat="-29.8050460" lon="24.4167840">
    <ele>1098.8</ele>
   </trkpt>
   <trkpt lat="-29.8050130" lon="24.4168480">
    <ele>1098.8</ele>
   </trkpt>
   <trkpt lat="-29.8049550" lon="24.4169110">
    <ele>1098.6</ele>
   </trkpt>
   <trkpt lat="-29.8049120" lon="24.4169680">
    <ele>1098.1</ele>
   </trkpt>
   <trkpt lat="-29.8048630" lon="24.4170230">
    <ele>1097.4</ele>
   </trkpt>
   <trkpt lat="-29.8048030" lon="24.4170610">
    <ele>1097.0</ele>
   </trkpt>
   <trkpt lat="-29.8047600" lon="24.4171190">
    <ele>1096.8</ele>
   </trkpt>
   <trkpt lat="-29.8047130" lon="24.4171720">
    <ele>1096.6</ele>
   </trkpt>
   <trkpt lat="-29.8046920" lon="24.4172130">
    <ele>1096.5</ele>
   </trkpt>
   <trkpt lat="-29.8046470" lon="24.4172580">
    <ele>1096.3</ele>
   </trkpt>
   <trkpt lat="-29.8046230" lon="24.4173160">
    <ele>1096.1</ele>
   </trkpt>
   <trkpt lat="-29.8045910" lon="24.4173470">
    <ele>1096.0</ele>
   </trkpt>
   <trkpt lat="-29.8045610" lon="24.4173770">
    <ele>1095.9</ele>
   </trkpt>
   <trkpt lat="-29.8045150" lon="24.4174360">
    <ele>1095.7</ele>
   </trkpt>
   <trkpt lat="-29.8044560" lon="24.4175160">
    <ele>1095.4</ele>
   </trkpt>
   <trkpt lat="-29.8043940" lon="24.4176010">
    <ele>1095.1</ele>
   </trkpt>
   <trkpt lat="-29.8043390" lon="24.4176630">
    <ele>1095.0</ele>
   </trkpt>
   <trkpt lat="-29.8042890" lon="24.4177270">
    <ele>1095.1</ele>
   </trkpt>
   <trkpt lat="-29.8042420" lon="24.4177760">
    <ele>1095.1</ele>
   </trkpt>
   <trkpt lat="-29.8041940" lon="24.4178430">
    <ele>1095.1</ele>
   </trkpt>
   <trkpt lat="-29.8041660" lon="24.4178780">
    <ele>1095.1</ele>
   </trkpt>
   <trkpt lat="-29.8041400" lon="24.4179080">
    <ele>1095.1</ele>
   </trkpt>
   <trkpt lat="-29.8041100" lon="24.4179400">
    <ele>1095.1</ele>
   </trkpt>
   <trkpt lat="-29.8040810" lon="24.4179740">
    <ele>1095.1</ele>
   </trkpt>
   <trkpt lat="-29.8040460" lon="24.4180260">
    <ele>1095.1</ele>
   </trkpt>
   <trkpt lat="-29.8040050" lon="24.4180700">
    <ele>1095.1</ele>
   </trkpt>
   <trkpt lat="-29.8039650" lon="24.4181370">
    <ele>1095.0</ele>
   </trkpt>
   <trkpt lat="-29.8039190" lon="24.4181920">
    <ele>1095.0</ele>
   </trkpt>
   <trkpt lat="-29.8038600" lon="24.4182680">
    <ele>1095.0</ele>
   </trkpt>
   <trkpt lat="-29.8038020" lon="24.4183450">
    <ele>1094.8</ele>
   </trkpt>
   <trkpt lat="-29.8037300" lon="24.4184290">
    <ele>1094.5</ele>
   </trkpt>
   <trkpt lat="-29.8036770" lon="24.4185000">
    <ele>1094.3</ele>
   </trkpt>
   <trkpt lat="-29.8036220" lon="24.4185960">
    <ele>1094.1</ele>
   </trkpt>
   <trkpt lat="-29.8035370" lon="24.4186780">
    <ele>1094.0</ele>
   </trkpt>
   <trkpt lat="-29.8034740" lon="24.4187700">
    <ele>1094.0</ele>
   </trkpt>
   <trkpt lat="-29.8034030" lon="24.4188490">
    <ele>1094.0</ele>
   </trkpt>
   <trkpt lat="-29.8033490" lon="24.4189300">
    <ele>1094.0</ele>
   </trkpt>
   <trkpt lat="-29.8032920" lon="24.4190200">
    <ele>1094.0</ele>
   </trkpt>
   <trkpt lat="-29.8032320" lon="24.4190940">
    <ele>1094.0</ele>
   </trkpt>
   <trkpt lat="-29.8031720" lon="24.4191390">
    <ele>1094.0</ele>
   </trkpt>
   <trkpt lat="-29.8031180" lon="24.4192010">
    <ele>1094.0</ele>
   </trkpt>
   <trkpt lat="-29.8030610" lon="24.4192620">
    <ele>1094.0</ele>
   </trkpt>
   <trkpt lat="-29.8030060" lon="24.4193160">
    <ele>1094.0</ele>
   </trkpt>
   <trkpt lat="-29.8029700" lon="24.4193650">
    <ele>1094.0</ele>
   </trkpt>
   <trkpt lat="-29.8029220" lon="24.4194370">
    <ele>1094.0</ele>
   </trkpt>
   <trkpt lat="-29.8028750" lon="24.4194980">
    <ele>1093.9</ele>
   </trkpt>
   <trkpt lat="-29.8028250" lon="24.4195610">
    <ele>1093.8</ele>
   </trkpt>
   <trkpt lat="-29.8027630" lon="24.4196330">
    <ele>1093.6</ele>
   </trkpt>
   <trkpt lat="-29.8026950" lon="24.4197150">
    <ele>1093.4</ele>
   </trkpt>
   <trkpt lat="-29.8026430" lon="24.4197920">
    <ele>1093.3</ele>
   </trkpt>
   <trkpt lat="-29.8025770" lon="24.4198720">
    <ele>1093.1</ele>
   </trkpt>
   <trkpt lat="-29.8025120" lon="24.4199490">
    <ele>1093.0</ele>
   </trkpt>
   <trkpt lat="-29.8024440" lon="24.4200320">
    <ele>1092.8</ele>
   </trkpt>
   <trkpt lat="-29.8023900" lon="24.4200850">
    <ele>1092.7</ele>
   </trkpt>
   <trkpt lat="-29.8023140" lon="24.4201470">
    <ele>1092.5</ele>
   </trkpt>
   <trkpt lat="-29.8022500" lon="24.4202060">
    <ele>1092.4</ele>
   </trkpt>
   <trkpt lat="-29.8022040" lon="24.4202550">
    <ele>1092.3</ele>
   </trkpt>
   <trkpt lat="-29.8021860" lon="24.4203010">
    <ele>1092.2</ele>
   </trkpt>
   <trkpt lat="-29.8021580" lon="24.4203460">
    <ele>1092.1</ele>
   </trkpt>
   <trkpt lat="-29.8021220" lon="24.4204020">
    <ele>1092.0</ele>
   </trkpt>
   <trkpt lat="-29.8020740" lon="24.4204570">
    <ele>1091.9</ele>
   </trkpt>
   <trkpt lat="-29.8020270" lon="24.4205420">
    <ele>1091.8</ele>
   </trkpt>
   <trkpt lat="-29.8019730" lon="24.4206250">
    <ele>1091.6</ele>
   </trkpt>
   <trkpt lat="-29.8019290" lon="24.4207000">
    <ele>1091.5</ele>
   </trkpt>
   <trkpt lat="-29.8018680" lon="24.4207870">
    <ele>1091.3</ele>
   </trkpt>
   <trkpt lat="-29.8018210" lon="24.4208450">
    <ele>1091.2</ele>
   </trkpt>
   <trkpt lat="-29.8017660" lon="24.4209210">
    <ele>1091.0</ele>
   </trkpt>
   <trkpt lat="-29.8017090" lon="24.4209910">
    <ele>1090.8</ele>
   </trkpt>
   <trkpt lat="-29.8016770" lon="24.4210210">
    <ele>1090.8</ele>
   </trkpt>
   <trkpt lat="-29.8016190" lon="24.4210800">
    <ele>1090.6</ele>
   </trkpt>
   <trkpt lat="-29.8015790" lon="24.4211270">
    <ele>1090.5</ele>
   </trkpt>
   <trkpt lat="-29.8015350" lon="24.4211900">
    <ele>1090.4</ele>
   </trkpt>
   <trkpt lat="-29.8014900" lon="24.4212500">
    <ele>1090.3</ele>
   </trkpt>
   <trkpt lat="-29.8014450" lon="24.4213070">
    <ele>1090.2</ele>
   </trkpt>
   <trkpt lat="-29.8013950" lon="24.4213600">
    <ele>1090.0</ele>
   </trkpt>
   <trkpt lat="-29.8013490" lon="24.4213920">
    <ele>1090.0</ele>
   </trkpt>
   <trkpt lat="-29.8013010" lon="24.4213960">
    <ele>1090.0</ele>
   </trkpt>
   <trkpt lat="-29.8012550" lon="24.4213920">
    <ele>1089.9</ele>
   </trkpt>
   <trkpt lat="-29.8011590" lon="24.4213280">
    <ele>1089.6</ele>
   </trkpt>
   <trkpt lat="-29.8010990" lon="24.4212710">
    <ele>1089.4</ele>
   </trkpt>
   <trkpt lat="-29.8010290" lon="24.4212140">
    <ele>1089.2</ele>
   </trkpt>
   <trkpt lat="-29.8009260" lon="24.4210900">
    <ele>1089.4</ele>
   </trkpt>
   <trkpt lat="-29.8008710" lon="24.4210300">
    <ele>1089.9</ele>
   </trkpt>
   <trkpt lat="-29.8008130" lon="24.4209710">
    <ele>1090.5</ele>
   </trkpt>
   <trkpt lat="-29.8007570" lon="24.4209110">
    <ele>1091.1</ele>
   </trkpt>
   <trkpt lat="-29.8007110" lon="24.4208630">
    <ele>1091.5</ele>
   </trkpt>
   <trkpt lat="-29.8006570" lon="24.4208260">
    <ele>1091.9</ele>
   </trkpt>
   <trkpt lat="-29.8006270" lon="24.4207820">
    <ele>1092.0</ele>
   </trkpt>
   <trkpt lat="-29.8005900" lon="24.4207200">
    <ele>1092.1</ele>
   </trkpt>
   <trkpt lat="-29.8005480" lon="24.4206820">
    <ele>1092.2</ele>
   </trkpt>
   <trkpt lat="-29.8005170" lon="24.4206170">
    <ele>1092.3</ele>
   </trkpt>
   <trkpt lat="-29.8004640" lon="24.4205600">
    <ele>1092.6</ele>
   </trkpt>
   <trkpt lat="-29.8004090" lon="24.4205180">
    <ele>1092.9</ele>
   </trkpt>
   <trkpt lat="-29.8003650" lon="24.4204710">
    <ele>1093.0</ele>
   </trkpt>
   <trkpt lat="-29.8003300" lon="24.4204180">
    <ele>1093.1</ele>
   </trkpt>
   <trkpt lat="-29.8002950" lon="24.4203770">
    <ele>1093.2</ele>
   </trkpt>
   <trkpt lat="-29.8002680" lon="24.4203310">
    <ele>1093.3</ele>
   </trkpt>
   <trkpt lat="-29.8002260" lon="24.4202780">
    <ele>1093.4</ele>
   </trkpt>
   <trkpt lat="-29.8001870" lon="24.4202340">
    <ele>1093.5</ele>
   </trkpt>
   <trkpt lat="-29.8001330" lon="24.4201880">
    <ele>1093.6</ele>
   </trkpt>
   <trkpt lat="-29.8000850" lon="24.4201380">
    <ele>1093.7</ele>
   </trkpt>
   <trkpt lat="-29.8000520" lon="24.4200880">
    <ele>1093.8</ele>
   </trkpt>
   <trkpt lat="-29.8000350" lon="24.4200320">
    <ele>1093.9</ele>
   </trkpt>
   <trkpt lat="-29.8000060" lon="24.4199870">
    <ele>1093.9</ele>
   </trkpt>
   <trkpt lat="-29.7999820" lon="24.4199550">
    <ele>1093.9</ele>
   </trkpt>
   <trkpt lat="-29.7999630" lon="24.4199200">
    <ele>1094.0</ele>
   </trkpt>
   <trkpt lat="-29.7999290" lon="24.4198940">
    <ele>1094.1</ele>
   </trkpt>
   <trkpt lat="-29.7999140" lon="24.4198800">
    <ele>1094.1</ele>
   </trkpt>
   <trkpt lat="-29.7999070" lon="24.4198730">
    <ele>1094.1</ele>
   </trkpt>
   <trkpt lat="-29.7998780" lon="24.4198800">
    <ele>1094.2</ele>
   </trkpt>
   <trkpt lat="-29.7998560" lon="24.4199070">
    <ele>1094.3</ele>
   </trkpt>
   <trkpt lat="-29.7998350" lon="24.4199270">
    <ele>1094.4</ele>
   </trkpt>
   <trkpt lat="-29.7998290" lon="24.4199230">
    <ele>1094.4</ele>
   </trkpt>
   <trkpt lat="-29.7998300" lon="24.4199240">
    <ele>1094.4</ele>
   </trkpt>
   <trkpt lat="-29.7998270" lon="24.4199300">
    <ele>1094.4</ele>
   </trkpt>
   <trkpt lat="-29.7998540" lon="24.4199320">
    <ele>1094.5</ele>
   </trkpt>
   <trkpt lat="-29.7998540" lon="24.4199330">
    <ele>1094.5</ele>
   </trkpt>
   <trkpt lat="-29.7998520" lon="24.4199360">
    <ele>1094.5</ele>
   </trkpt>
   <trkpt lat="-29.7998530" lon="24.4199370">
    <ele>1094.5</ele>
   </trkpt>
   <trkpt lat="-29.7998510" lon="24.4199450">
    <ele>1094.5</ele>
   </trkpt>
   <trkpt lat="-29.7998480" lon="24.4199490">
    <ele>1094.5</ele>
   </trkpt>
   <trkpt lat="-29.7998460" lon="24.4199540">
    <ele>1094.6</ele>
   </trkpt>
   <trkpt lat="-29.7997720" lon="24.4199260">
    <ele>1094.8</ele>
   </trkpt>
   <trkpt lat="-29.7997570" lon="24.4199320">
    <ele>1094.8</ele>
   </trkpt>
   <trkpt lat="-29.7997210" lon="24.4199330">
    <ele>1094.9</ele>
   </trkpt>
   <trkpt lat="-29.7997080" lon="24.4199310">
    <ele>1094.9</ele>
   </trkpt>
   <trkpt lat="-29.7996710" lon="24.4199160">
    <ele>1094.9</ele>
   </trkpt>
   <trkpt lat="-29.7996580" lon="24.4199110">
    <ele>1094.9</ele>
   </trkpt>
   <trkpt lat="-29.7996440" lon="24.4199000">
    <ele>1095.0</ele>
   </trkpt>
   <trkpt lat="-29.7996360" lon="24.4198910">
    <ele>1095.0</ele>
   </trkpt>
   <trkpt lat="-29.7996270" lon="24.4198830">
    <ele>1095.0</ele>
   </trkpt>
   <trkpt lat="-29.7996110" lon="24.4198610">
    <ele>1095.0</ele>
   </trkpt>
   <trkpt lat="-29.7995960" lon="24.4198240">
    <ele>1095.0</ele>
   </trkpt>
   <trkpt lat="-29.7995790" lon="24.4197850">
    <ele>1095.0</ele>
   </trkpt>
   <trkpt lat="-29.7995610" lon="24.4197560">
    <ele>1094.9</ele>
   </trkpt>
   <trkpt lat="-29.7995390" lon="24.4197280">
    <ele>1094.9</ele>
   </trkpt>
   <trkpt lat="-29.7995170" lon="24.4197000">
    <ele>1094.9</ele>
   </trkpt>
   <trkpt lat="-29.7994970" lon="24.4196700">
    <ele>1094.9</ele>
   </trkpt>
   <trkpt lat="-29.7994770" lon="24.4196390">
    <ele>1094.8</ele>
   </trkpt>
   <trkpt lat="-29.7994580" lon="24.4196050">
    <ele>1094.8</ele>
   </trkpt>
   <trkpt lat="-29.7994520" lon="24.4195960">
    <ele>1094.8</ele>
   </trkpt>
   <trkpt lat="-29.7994360" lon="24.4195710">
    <ele>1094.7</ele>
   </trkpt>
   <trkpt lat="-29.7994220" lon="24.4195430">
    <ele>1094.6</ele>
   </trkpt>
   <trkpt lat="-29.7994110" lon="24.4195140">
    <ele>1094.5</ele>
   </trkpt>
   <trkpt lat="-29.7993860" lon="24.4194750">
    <ele>1094.4</ele>
   </trkpt>
   <trkpt lat="-29.7993760" lon="24.4194610">
    <ele>1094.3</ele>
   </trkpt>
   <trkpt lat="-29.7993560" lon="24.4194310">
    <ele>1094.2</ele>
   </trkpt>
   <trkpt lat="-29.7993360" lon="24.4194030">
    <ele>1094.1</ele>
   </trkpt>
   <trkpt lat="-29.7993150" lon="24.4193760">
    <ele>1094.0</ele>
   </trkpt>
   <trkpt lat="-29.7992900" lon="24.4193500">
    <ele>1093.9</ele>
   </trkpt>
   <trkpt lat="-29.7992600" lon="24.4193330">
    <ele>1093.8</ele>
   </trkpt>
   <trkpt lat="-29.7992320" lon="24.4193140">
    <ele>1093.8</ele>
   </trkpt>
   <trkpt lat="-29.7992030" lon="24.4192940">
    <ele>1093.7</ele>
   </trkpt>
   <trkpt lat="-29.7991770" lon="24.4192650">
    <ele>1093.6</ele>
   </trkpt>
   <trkpt lat="-29.7991490" lon="24.4192350">
    <ele>1093.5</ele>
   </trkpt>
   <trkpt lat="-29.7991220" lon="24.4192060">
    <ele>1093.4</ele>
   </trkpt>
   <trkpt lat="-29.7990960" lon="24.4191780">
    <ele>1093.4</ele>
   </trkpt>
   <trkpt lat="-29.7990690" lon="24.4191460">
    <ele>1093.3</ele>
   </trkpt>
   <trkpt lat="-29.7990410" lon="24.4191170">
    <ele>1093.2</ele>
   </trkpt>
   <trkpt lat="-29.7990090" lon="24.4190890">
    <ele>1093.1</ele>
   </trkpt>
   <trkpt lat="-29.7989760" lon="24.4190620">
    <ele>1093.0</ele>
   </trkpt>
   <trkpt lat="-29.7989450" lon="24.4190370">
    <ele>1093.0</ele>
   </trkpt>
   <trkpt lat="-29.7989110" lon="24.4190110">
    <ele>1093.0</ele>
   </trkpt>
   <trkpt lat="-29.7988790" lon="24.4189850">
    <ele>1093.0</ele>
   </trkpt>
   <trkpt lat="-29.7988500" lon="24.4189570">
    <ele>1093.0</ele>
   </trkpt>
   <trkpt lat="-29.7988210" lon="24.4189230">
    <ele>1093.0</ele>
   </trkpt>
   <trkpt lat="-29.7987950" lon="24.4188870">
    <ele>1093.1</ele>
   </trkpt>
   <trkpt lat="-29.7987700" lon="24.4188500">
    <ele>1093.1</ele>
   </trkpt>
   <trkpt lat="-29.7987430" lon="24.4188150">
    <ele>1093.2</ele>
   </trkpt>
   <trkpt lat="-29.7986870" lon="24.4187480">
    <ele>1093.3</ele>
   </trkpt>
   <trkpt lat="-29.7986570" lon="24.4187150">
    <ele>1093.4</ele>
   </trkpt>
   <trkpt lat="-29.7986270" lon="24.4186810">
    <ele>1093.5</ele>
   </trkpt>
   <trkpt lat="-29.7986010" lon="24.4186440">
    <ele>1093.5</ele>
   </trkpt>
   <trkpt lat="-29.7985730" lon="24.4186070">
    <ele>1093.6</ele>
   </trkpt>
   <trkpt lat="-29.7985440" lon="24.4185690">
    <ele>1093.7</ele>
   </trkpt>
   <trkpt lat="-29.7985220" lon="24.4185350">
    <ele>1093.7</ele>
   </trkpt>
   <trkpt lat="-29.7984970" lon="24.4185030">
    <ele>1093.8</ele>
   </trkpt>
   <trkpt lat="-29.7984720" lon="24.4184670">
    <ele>1093.6</ele>
   </trkpt>
   <trkpt lat="-29.7984460" lon="24.4184320">
    <ele>1093.3</ele>
   </trkpt>
   <trkpt lat="-29.7984240" lon="24.4183950">
    <ele>1093.1</ele>
   </trkpt>
   <trkpt lat="-29.7984010" lon="24.4183590">
    <ele>1092.9</ele>
   </trkpt>
   <trkpt lat="-29.7983770" lon="24.4183250">
    <ele>1092.7</ele>
   </trkpt>
   <trkpt lat="-29.7983540" lon="24.4182940">
    <ele>1092.5</ele>
   </trkpt>
   <trkpt lat="-29.7983310" lon="24.4182620">
    <ele>1092.4</ele>
   </trkpt>
   <trkpt lat="-29.7983090" lon="24.4182280">
    <ele>1092.2</ele>
   </trkpt>
   <trkpt lat="-29.7982860" lon="24.4181970">
    <ele>1092.1</ele>
   </trkpt>
   <trkpt lat="-29.7982640" lon="24.4181650">
    <ele>1092.2</ele>
   </trkpt>
   <trkpt lat="-29.7982450" lon="24.4181310">
    <ele>1092.2</ele>
   </trkpt>
   <trkpt lat="-29.7982270" lon="24.4180950">
    <ele>1092.2</ele>
   </trkpt>
   <trkpt lat="-29.7982060" lon="24.4180620">
    <ele>1092.2</ele>
   </trkpt>
   <trkpt lat="-29.7981830" lon="24.4180290">
    <ele>1092.2</ele>
   </trkpt>
   <trkpt lat="-29.7981600" lon="24.4179980">
    <ele>1092.2</ele>
   </trkpt>
   <trkpt lat="-29.7981390" lon="24.4179640">
    <ele>1092.2</ele>
   </trkpt>
   <trkpt lat="-29.7981180" lon="24.4179280">
    <ele>1092.2</ele>
   </trkpt>
   <trkpt lat="-29.7980970" lon="24.4178940">
    <ele>1092.3</ele>
   </trkpt>
   <trkpt lat="-29.7980760" lon="24.4178640">
    <ele>1092.4</ele>
   </trkpt>
   <trkpt lat="-29.7980530" lon="24.4178360">
    <ele>1092.5</ele>
   </trkpt>
   <trkpt lat="-29.7980310" lon="24.4178080">
    <ele>1092.6</ele>
   </trkpt>
   <trkpt lat="-29.7980130" lon="24.4177820">
    <ele>1092.6</ele>
   </trkpt>
   <trkpt lat="-29.7979930" lon="24.4177580">
    <ele>1092.7</ele>
   </trkpt>
   <trkpt lat="-29.7979760" lon="24.4177310">
    <ele>1092.8</ele>
   </trkpt>
   <trkpt lat="-29.7979470" lon="24.4176960">
    <ele>1092.9</ele>
   </trkpt>
   <trkpt lat="-29.7979360" lon="24.4176820">
    <ele>1092.9</ele>
   </trkpt>
   <trkpt lat="-29.7979160" lon="24.4176540">
    <ele>1092.9</ele>
   </trkpt>
   <trkpt lat="-29.7978950" lon="24.4176190">
    <ele>1093.0</ele>
   </trkpt>
   <trkpt lat="-29.7978870" lon="24.4176060">
    <ele>1093.0</ele>
   </trkpt>
   <trkpt lat="-29.7978620" lon="24.4175690">
    <ele>1093.1</ele>
   </trkpt>
   <trkpt lat="-29.7978530" lon="24.4175560">
    <ele>1093.1</ele>
   </trkpt>
   <trkpt lat="-29.7978320" lon="24.4175280">
    <ele>1093.1</ele>
   </trkpt>
   <trkpt lat="-29.7978130" lon="24.4174970">
    <ele>1093.2</ele>
   </trkpt>
   <trkpt lat="-29.7977930" lon="24.4174620">
    <ele>1093.2</ele>
   </trkpt>
   <trkpt lat="-29.7977750" lon="24.4174290">
    <ele>1093.3</ele>
   </trkpt>
   <trkpt lat="-29.7977560" lon="24.4173980">
    <ele>1093.3</ele>
   </trkpt>
   <trkpt lat="-29.7977390" lon="24.4173670">
    <ele>1093.4</ele>
   </trkpt>
   <trkpt lat="-29.7977220" lon="24.4173330">
    <ele>1093.4</ele>
   </trkpt>
   <trkpt lat="-29.7977070" lon="24.4172970">
    <ele>1093.5</ele>
   </trkpt>
   <trkpt lat="-29.7976880" lon="24.4172670">
    <ele>1093.5</ele>
   </trkpt>
   <trkpt lat="-29.7976630" lon="24.4172380">
    <ele>1093.6</ele>
   </trkpt>
   <trkpt lat="-29.7976440" lon="24.4172060">
    <ele>1093.6</ele>
   </trkpt>
   <trkpt lat="-29.7976290" lon="24.4171750">
    <ele>1093.6</ele>
   </trkpt>
   <trkpt lat="-29.7976100" lon="24.4171450">
    <ele>1093.7</ele>
   </trkpt>
   <trkpt lat="-29.7975870" lon="24.4171170">
    <ele>1093.7</ele>
   </trkpt>
   <trkpt lat="-29.7975650" lon="24.4170900">
    <ele>1093.8</ele>
   </trkpt>
   <trkpt lat="-29.7975450" lon="24.4170600">
    <ele>1093.8</ele>
   </trkpt>
   <trkpt lat="-29.7975270" lon="24.4170320">
    <ele>1093.8</ele>
   </trkpt>
   <trkpt lat="-29.7975110" lon="24.4169980">
    <ele>1093.9</ele>
   </trkpt>
   <trkpt lat="-29.7974920" lon="24.4169630">
    <ele>1093.9</ele>
   </trkpt>
   <trkpt lat="-29.7974710" lon="24.4169300">
    <ele>1093.9</ele>
   </trkpt>
   <trkpt lat="-29.7974510" lon="24.4168940">
    <ele>1093.9</ele>
   </trkpt>
   <trkpt lat="-29.7974320" lon="24.4168580">
    <ele>1093.9</ele>
   </trkpt>
   <trkpt lat="-29.7974120" lon="24.4168230">
    <ele>1093.9</ele>
   </trkpt>
   <trkpt lat="-29.7973890" lon="24.4167910">
    <ele>1094.0</ele>
   </trkpt>
   <trkpt lat="-29.7973680" lon="24.4167620">
    <ele>1094.0</ele>
   </trkpt>
   <trkpt lat="-29.7973450" lon="24.4167330">
    <ele>1094.0</ele>
   </trkpt>
   <trkpt lat="-29.7973180" lon="24.4167070">
    <ele>1094.0</ele>
   </trkpt>
   <trkpt lat="-29.7972890" lon="24.4166790">
    <ele>1094.0</ele>
   </trkpt>
   <trkpt lat="-29.7972650" lon="24.4166530">
    <ele>1094.0</ele>
   </trkpt>
   <trkpt lat="-29.7972400" lon="24.4166270">
    <ele>1094.0</ele>
   </trkpt>
   <trkpt lat="-29.7972180" lon="24.4165980">
    <ele>1094.0</ele>
   </trkpt>
   <trkpt lat="-29.7971960" lon="24.4165660">
    <ele>1094.0</ele>
   </trkpt>
   <trkpt lat="-29.7971780" lon="24.4165480">
    <ele>1094.0</ele>
   </trkpt>
   <trkpt lat="-29.7971650" lon="24.4165350">
    <ele>1094.0</ele>
   </trkpt>
   <trkpt lat="-29.7971390" lon="24.4165100">
    <ele>1094.0</ele>
   </trkpt>
   <trkpt lat="-29.7971280" lon="24.4164990">
    <ele>1094.0</ele>
   </trkpt>
   <trkpt lat="-29.7971060" lon="24.4164770">
    <ele>1094.0</ele>
   </trkpt>
   <trkpt lat="-29.7970700" lon="24.4164420">
    <ele>1094.0</ele>
   </trkpt>
   <trkpt lat="-29.7970480" lon="24.4164180">
    <ele>1094.0</ele>
   </trkpt>
   <trkpt lat="-29.7970250" lon="24.4163860">
    <ele>1094.0</ele>
   </trkpt>
   <trkpt lat="-29.7969980" lon="24.4163520">
    <ele>1094.0</ele>
   </trkpt>
   <trkpt lat="-29.7969700" lon="24.4163200">
    <ele>1094.0</ele>
   </trkpt>
   <trkpt lat="-29.7969010" lon="24.4162390">
    <ele>1093.9</ele>
   </trkpt>
   <trkpt lat="-29.7968760" lon="24.4162220">
    <ele>1093.9</ele>
   </trkpt>
   <trkpt lat="-29.7968470" lon="24.4162020">
    <ele>1093.9</ele>
   </trkpt>
   <trkpt lat="-29.7968180" lon="24.4161820">
    <ele>1093.9</ele>
   </trkpt>
   <trkpt lat="-29.7967900" lon="24.4161590">
    <ele>1093.8</ele>
   </trkpt>
   <trkpt lat="-29.7967620" lon="24.4161360">
    <ele>1093.7</ele>
   </trkpt>
   <trkpt lat="-29.7967340" lon="24.4161110">
    <ele>1093.6</ele>
   </trkpt>
   <trkpt lat="-29.7967070" lon="24.4160880">
    <ele>1093.6</ele>
   </trkpt>
   <trkpt lat="-29.7966800" lon="24.4160620">
    <ele>1093.5</ele>
   </trkpt>
   <trkpt lat="-29.7966540" lon="24.4160310">
    <ele>1093.4</ele>
   </trkpt>
   <trkpt lat="-29.7966300" lon="24.4160000">
    <ele>1093.3</ele>
   </trkpt>
   <trkpt lat="-29.7966070" lon="24.4159690">
    <ele>1093.3</ele>
   </trkpt>
   <trkpt lat="-29.7965790" lon="24.4159370">
    <ele>1093.2</ele>
   </trkpt>
   <trkpt lat="-29.7965550" lon="24.4159040">
    <ele>1093.1</ele>
   </trkpt>
   <trkpt lat="-29.7965300" lon="24.4158680">
    <ele>1093.0</ele>
   </trkpt>
   <trkpt lat="-29.7965060" lon="24.4158280">
    <ele>1092.9</ele>
   </trkpt>
   <trkpt lat="-29.7964790" lon="24.4157910">
    <ele>1092.8</ele>
   </trkpt>
   <trkpt lat="-29.7964540" lon="24.4157540">
    <ele>1092.8</ele>
   </trkpt>
   <trkpt lat="-29.7964290" lon="24.4157180">
    <ele>1092.7</ele>
   </trkpt>
   <trkpt lat="-29.7964070" lon="24.4156860">
    <ele>1092.6</ele>
   </trkpt>
   <trkpt lat="-29.7963830" lon="24.4156530">
    <ele>1092.5</ele>
   </trkpt>
   <trkpt lat="-29.7963560" lon="24.4156190">
    <ele>1092.4</ele>
   </trkpt>
   <trkpt lat="-29.7963320" lon="24.4155820">
    <ele>1092.4</ele>
   </trkpt>
   <trkpt lat="-29.7963040" lon="24.4155470">
    <ele>1092.3</ele>
   </trkpt>
   <trkpt lat="-29.7962790" lon="24.4155080">
    <ele>1092.2</ele>
   </trkpt>
   <trkpt lat="-29.7962580" lon="24.4154670">
    <ele>1092.1</ele>
   </trkpt>
   <trkpt lat="-29.7962370" lon="24.4154250">
    <ele>1092.0</ele>
   </trkpt>
   <trkpt lat="-29.7962110" lon="24.4153910">
    <ele>1092.0</ele>
   </trkpt>
   <trkpt lat="-29.7961800" lon="24.4153590">
    <ele>1092.1</ele>
   </trkpt>
   <trkpt lat="-29.7961480" lon="24.4153470">
    <ele>1092.1</ele>
   </trkpt>
   <trkpt lat="-29.7961190" lon="24.4153340">
    <ele>1092.1</ele>
   </trkpt>
   <trkpt lat="-29.7960920" lon="24.4153110">
    <ele>1092.1</ele>
   </trkpt>
   <trkpt lat="-29.7960700" lon="24.4152850">
    <ele>1092.1</ele>
   </trkpt>
   <trkpt lat="-29.7960480" lon="24.4152530">
    <ele>1092.2</ele>
   </trkpt>
   <trkpt lat="-29.7960270" lon="24.4152240">
    <ele>1092.2</ele>
   </trkpt>
   <trkpt lat="-29.7960050" lon="24.4151960">
    <ele>1092.2</ele>
   </trkpt>
   <trkpt lat="-29.7959870" lon="24.4151660">
    <ele>1092.2</ele>
   </trkpt>
   <trkpt lat="-29.7959710" lon="24.4151450">
    <ele>1092.2</ele>
   </trkpt>
   <trkpt lat="-29.7959550" lon="24.4151250">
    <ele>1092.2</ele>
   </trkpt>
   <trkpt lat="-29.7959450" lon="24.4151120">
    <ele>1092.2</ele>
   </trkpt>
   <trkpt lat="-29.7959170" lon="24.4150690">
    <ele>1092.3</ele>
   </trkpt>
   <trkpt lat="-29.7959010" lon="24.4150340">
    <ele>1092.3</ele>
   </trkpt>
   <trkpt lat="-29.7958920" lon="24.4150180">
    <ele>1092.3</ele>
   </trkpt>
   <trkpt lat="-29.7958550" lon="24.4149610">
    <ele>1092.3</ele>
   </trkpt>
   <trkpt lat="-29.7958280" lon="24.4149250">
    <ele>1092.4</ele>
   </trkpt>
   <trkpt lat="-29.7957930" lon="24.4148730">
    <ele>1092.4</ele>
   </trkpt>
   <trkpt lat="-29.7957730" lon="24.4148450">
    <ele>1092.4</ele>
   </trkpt>
   <trkpt lat="-29.7957510" lon="24.4148110">
    <ele>1092.4</ele>
   </trkpt>
   <trkpt lat="-29.7957290" lon="24.4147840">
    <ele>1092.4</ele>
   </trkpt>
   <trkpt lat="-29.7957110" lon="24.4147560">
    <ele>1092.5</ele>
   </trkpt>
   <trkpt lat="-29.7956910" lon="24.4147190">
    <ele>1092.5</ele>
   </trkpt>
   <trkpt lat="-29.7956690" lon="24.4146860">
    <ele>1092.5</ele>
   </trkpt>
   <trkpt lat="-29.7956460" lon="24.4146560">
    <ele>1092.5</ele>
   </trkpt>
   <trkpt lat="-29.7956250" lon="24.4146230">
    <ele>1092.5</ele>
   </trkpt>
   <trkpt lat="-29.7956020" lon="24.4145900">
    <ele>1092.6</ele>
   </trkpt>
   <trkpt lat="-29.7955820" lon="24.4145550">
    <ele>1092.6</ele>
   </trkpt>
   <trkpt lat="-29.7955620" lon="24.4145160">
    <ele>1092.6</ele>
   </trkpt>
   <trkpt lat="-29.7955420" lon="24.4144760">
    <ele>1092.6</ele>
   </trkpt>
   <trkpt lat="-29.7955230" lon="24.4144420">
    <ele>1092.7</ele>
   </trkpt>
   <trkpt lat="-29.7954980" lon="24.4144060">
    <ele>1092.7</ele>
   </trkpt>
   <trkpt lat="-29.7954750" lon="24.4143710">
    <ele>1092.7</ele>
   </trkpt>
   <trkpt lat="-29.7954540" lon="24.4143310">
    <ele>1092.7</ele>
   </trkpt>
   <trkpt lat="-29.7954350" lon="24.4142950">
    <ele>1092.7</ele>
   </trkpt>
   <trkpt lat="-29.7954170" lon="24.4142570">
    <ele>1092.8</ele>
   </trkpt>
   <trkpt lat="-29.7954000" lon="24.4142240">
    <ele>1092.8</ele>
   </trkpt>
   <trkpt lat="-29.7953810" lon="24.4141900">
    <ele>1092.8</ele>
   </trkpt>
   <trkpt lat="-29.7953640" lon="24.4141540">
    <ele>1092.8</ele>
   </trkpt>
   <trkpt lat="-29.7953520" lon="24.4141180">
    <ele>1092.8</ele>
   </trkpt>
   <trkpt lat="-29.7953400" lon="24.4140800">
    <ele>1092.9</ele>
   </trkpt>
   <trkpt lat="-29.7953210" lon="24.4140450">
    <ele>1092.9</ele>
   </trkpt>
   <trkpt lat="-29.7953010" lon="24.4140110">
    <ele>1092.9</ele>
   </trkpt>
   <trkpt lat="-29.7952820" lon="24.4139770">
    <ele>1092.9</ele>
   </trkpt>
   <trkpt lat="-29.7952650" lon="24.4139430">
    <ele>1092.9</ele>
   </trkpt>
   <trkpt lat="-29.7952470" lon="24.4139060">
    <ele>1093.0</ele>
   </trkpt>
   <trkpt lat="-29.7952300" lon="24.4138690">
    <ele>1093.0</ele>
   </trkpt>
   <trkpt lat="-29.7952120" lon="24.4138340">
    <ele>1092.9</ele>
   </trkpt>
   <trkpt lat="-29.7951950" lon="24.4137960">
    <ele>1092.8</ele>
   </trkpt>
   <trkpt lat="-29.7951820" lon="24.4137540">
    <ele>1092.7</ele>
   </trkpt>
   <trkpt lat="-29.7951640" lon="24.4137160">
    <ele>1092.6</ele>
   </trkpt>
   <trkpt lat="-29.7951460" lon="24.4136770">
    <ele>1092.5</ele>
   </trkpt>
   <trkpt lat="-29.7951300" lon="24.4136360">
    <ele>1092.3</ele>
   </trkpt>
   <trkpt lat="-29.7951130" lon="24.4135990">
    <ele>1092.2</ele>
   </trkpt>
   <trkpt lat="-29.7950920" lon="24.4135600">
    <ele>1092.1</ele>
   </trkpt>
   <trkpt lat="-29.7950700" lon="24.4135260">
    <ele>1092.0</ele>
   </trkpt>
   <trkpt lat="-29.7950470" lon="24.4134950">
    <ele>1091.9</ele>
   </trkpt>
   <trkpt lat="-29.7950250" lon="24.4134600">
    <ele>1091.8</ele>
   </trkpt>
   <trkpt lat="-29.7950050" lon="24.4134230">
    <ele>1091.6</ele>
   </trkpt>
   <trkpt lat="-29.7949830" lon="24.4133890">
    <ele>1091.5</ele>
   </trkpt>
   <trkpt lat="-29.7949630" lon="24.4133540">
    <ele>1091.4</ele>
   </trkpt>
   <trkpt lat="-29.7949390" lon="24.4133210">
    <ele>1091.3</ele>
   </trkpt>
   <trkpt lat="-29.7949150" lon="24.4132860">
    <ele>1091.2</ele>
   </trkpt>
   <trkpt lat="-29.7948910" lon="24.4132520">
    <ele>1091.1</ele>
   </trkpt>
   <trkpt lat="-29.7948660" lon="24.4132190">
    <ele>1091.3</ele>
   </trkpt>
   <trkpt lat="-29.7948420" lon="24.4131870">
    <ele>1091.4</ele>
   </trkpt>
   <trkpt lat="-29.7948190" lon="24.4131480">
    <ele>1091.6</ele>
   </trkpt>
   <trkpt lat="-29.7947970" lon="24.4131130">
    <ele>1091.7</ele>
   </trkpt>
   <trkpt lat="-29.7947740" lon="24.4130790">
    <ele>1091.9</ele>
   </trkpt>
   <trkpt lat="-29.7947500" lon="24.4130440">
    <ele>1092.0</ele>
   </trkpt>
   <trkpt lat="-29.7947290" lon="24.4130070">
    <ele>1092.2</ele>
   </trkpt>
   <trkpt lat="-29.7947090" lon="24.4129720">
    <ele>1092.3</ele>
   </trkpt>
   <trkpt lat="-29.7946880" lon="24.4129340">
    <ele>1092.5</ele>
   </trkpt>
   <trkpt lat="-29.7946680" lon="24.4128970">
    <ele>1092.6</ele>
   </trkpt>
   <trkpt lat="-29.7946470" lon="24.4128630">
    <ele>1092.8</ele>
   </trkpt>
   <trkpt lat="-29.7946230" lon="24.4128280">
    <ele>1092.9</ele>
   </trkpt>
   <trkpt lat="-29.7946030" lon="24.4127920">
    <ele>1093.1</ele>
   </trkpt>
   <trkpt lat="-29.7945820" lon="24.4127570">
    <ele>1093.2</ele>
   </trkpt>
   <trkpt lat="-29.7945600" lon="24.4127220">
    <ele>1093.4</ele>
   </trkpt>
   <trkpt lat="-29.7945380" lon="24.4126870">
    <ele>1093.5</ele>
   </trkpt>
   <trkpt lat="-29.7945190" lon="24.4126500">
    <ele>1093.7</ele>
   </trkpt>
   <trkpt lat="-29.7945020" lon="24.4126120">
    <ele>1093.7</ele>
   </trkpt>
   <trkpt lat="-29.7944830" lon="24.4125750">
    <ele>1093.6</ele>
   </trkpt>
   <trkpt lat="-29.7944620" lon="24.4125380">
    <ele>1093.6</ele>
   </trkpt>
   <trkpt lat="-29.7944370" lon="24.4125040">
    <ele>1093.5</ele>
   </trkpt>
   <trkpt lat="-29.7944120" lon="24.4124710">
    <ele>1093.5</ele>
   </trkpt>
   <trkpt lat="-29.7943870" lon="24.4124340">
    <ele>1093.5</ele>
   </trkpt>
   <trkpt lat="-29.7943620" lon="24.4124020">
    <ele>1093.4</ele>
   </trkpt>
   <trkpt lat="-29.7943380" lon="24.4123670">
    <ele>1093.4</ele>
   </trkpt>
   <trkpt lat="-29.7943160" lon="24.4123310">
    <ele>1093.3</ele>
   </trkpt>
   <trkpt lat="-29.7942940" lon="24.4122940">
    <ele>1093.3</ele>
   </trkpt>
   <trkpt lat="-29.7942690" lon="24.4122580">
    <ele>1093.2</ele>
   </trkpt>
   <trkpt lat="-29.7942490" lon="24.4122220">
    <ele>1093.2</ele>
   </trkpt>
   <trkpt lat="-29.7942290" lon="24.4121860">
    <ele>1093.2</ele>
   </trkpt>
   <trkpt lat="-29.7942090" lon="24.4121470">
    <ele>1093.1</ele>
   </trkpt>
   <trkpt lat="-29.7941900" lon="24.4121100">
    <ele>1093.1</ele>
   </trkpt>
   <trkpt lat="-29.7941630" lon="24.4120770">
    <ele>1093.1</ele>
   </trkpt>
   <trkpt lat="-29.7941320" lon="24.4120520">
    <ele>1093.2</ele>
   </trkpt>
   <trkpt lat="-29.7940980" lon="24.4120290">
    <ele>1093.3</ele>
   </trkpt>
   <trkpt lat="-29.7940630" lon="24.4120100">
    <ele>1093.4</ele>
   </trkpt>
   <trkpt lat="-29.7940290" lon="24.4119890">
    <ele>1093.5</ele>
   </trkpt>
   <trkpt lat="-29.7939940" lon="24.4119670">
    <ele>1093.6</ele>
   </trkpt>
   <trkpt lat="-29.7939600" lon="24.4119420">
    <ele>1093.7</ele>
   </trkpt>
   <trkpt lat="-29.7939240" lon="24.4119210">
    <ele>1093.8</ele>
   </trkpt>
   <trkpt lat="-29.7938860" lon="24.4119020">
    <ele>1093.9</ele>
   </trkpt>
   <trkpt lat="-29.7938490" lon="24.4118820">
    <ele>1094.0</ele>
   </trkpt>
   <trkpt lat="-29.7938140" lon="24.4118590">
    <ele>1094.1</ele>
   </trkpt>
   <trkpt lat="-29.7937790" lon="24.4118380">
    <ele>1094.2</ele>
   </trkpt>
   <trkpt lat="-29.7937420" lon="24.4118180">
    <ele>1094.3</ele>
   </trkpt>
   <trkpt lat="-29.7937050" lon="24.4117970">
    <ele>1094.4</ele>
   </trkpt>
   <trkpt lat="-29.7936680" lon="24.4117750">
    <ele>1094.5</ele>
   </trkpt>
   <trkpt lat="-29.7936290" lon="24.4117540">
    <ele>1094.6</ele>
   </trkpt>
   <trkpt lat="-29.7935910" lon="24.4117330">
    <ele>1094.7</ele>
   </trkpt>
   <trkpt lat="-29.7935530" lon="24.4117100">
    <ele>1094.8</ele>
   </trkpt>
   <trkpt lat="-29.7935150" lon="24.4116840">
    <ele>1094.8</ele>
   </trkpt>
   <trkpt lat="-29.7934800" lon="24.4116600">
    <ele>1094.8</ele>
   </trkpt>
   <trkpt lat="-29.7934420" lon="24.4116370">
    <ele>1094.8</ele>
   </trkpt>
   <trkpt lat="-29.7934060" lon="24.4116130">
    <ele>1094.8</ele>
   </trkpt>
   <trkpt lat="-29.7933700" lon="24.4115870">
    <ele>1094.7</ele>
   </trkpt>
   <trkpt lat="-29.7933320" lon="24.4115660">
    <ele>1094.7</ele>
   </trkpt>
   <trkpt lat="-29.7932960" lon="24.4115400">
    <ele>1094.7</ele>
   </trkpt>
   <trkpt lat="-29.7932630" lon="24.4115090">
    <ele>1094.7</ele>
   </trkpt>
   <trkpt lat="-29.7932270" lon="24.4114800">
    <ele>1094.7</ele>
   </trkpt>
   <trkpt lat="-29.7931910" lon="24.4114540">
    <ele>1094.6</ele>
   </trkpt>
   <trkpt lat="-29.7931560" lon="24.4114260">
    <ele>1094.6</ele>
   </trkpt>
   <trkpt lat="-29.7931220" lon="24.4113980">
    <ele>1094.6</ele>
   </trkpt>
   <trkpt lat="-29.7930870" lon="24.4113700">
    <ele>1094.6</ele>
   </trkpt>
   <trkpt lat="-29.7930190" lon="24.4113110">
    <ele>1094.5</ele>
   </trkpt>
   <trkpt lat="-29.7929880" lon="24.4112800">
    <ele>1094.5</ele>
   </trkpt>
   <trkpt lat="-29.7929270" lon="24.4112170">
    <ele>1094.5</ele>
   </trkpt>
   <trkpt lat="-29.7928950" lon="24.4111850">
    <ele>1094.5</ele>
   </trkpt>
   <trkpt lat="-29.7928290" lon="24.4111260">
    <ele>1094.4</ele>
   </trkpt>
   <trkpt lat="-29.7927970" lon="24.4110950">
    <ele>1094.4</ele>
   </trkpt>
   <trkpt lat="-29.7927340" lon="24.4110320">
    <ele>1094.4</ele>
   </trkpt>
   <trkpt lat="-29.7927040" lon="24.4109990">
    <ele>1094.3</ele>
   </trkpt>
   <trkpt lat="-29.7926420" lon="24.4109340">
    <ele>1094.3</ele>
   </trkpt>
   <trkpt lat="-29.7926130" lon="24.4108970">
    <ele>1094.3</ele>
   </trkpt>
   <trkpt lat="-29.7925900" lon="24.4108620">
    <ele>1094.3</ele>
   </trkpt>
   <trkpt lat="-29.7925670" lon="24.4108290">
    <ele>1094.3</ele>
   </trkpt>
   <trkpt lat="-29.7925440" lon="24.4107890">
    <ele>1094.2</ele>
   </trkpt>
   <trkpt lat="-29.7925210" lon="24.4107490">
    <ele>1094.2</ele>
   </trkpt>
   <trkpt lat="-29.7924960" lon="24.4107100">
    <ele>1094.2</ele>
   </trkpt>
   <trkpt lat="-29.7924730" lon="24.4106710">
    <ele>1094.2</ele>
   </trkpt>
   <trkpt lat="-29.7924520" lon="24.4106310">
    <ele>1094.2</ele>
   </trkpt>
   <trkpt lat="-29.7924280" lon="24.4105920">
    <ele>1094.1</ele>
   </trkpt>
   <trkpt lat="-29.7924060" lon="24.4105500">
    <ele>1094.1</ele>
   </trkpt>
   <trkpt lat="-29.7923840" lon="24.4105070">
    <ele>1094.1</ele>
   </trkpt>
   <trkpt lat="-29.7923620" lon="24.4104670">
    <ele>1094.1</ele>
   </trkpt>
   <trkpt lat="-29.7923410" lon="24.4104240">
    <ele>1094.1</ele>
   </trkpt>
   <trkpt lat="-29.7923220" lon="24.4103800">
    <ele>1094.0</ele>
   </trkpt>
   <trkpt lat="-29.7923050" lon="24.4103370">
    <ele>1094.0</ele>
   </trkpt>
   <trkpt lat="-29.7922850" lon="24.4102960">
    <ele>1094.0</ele>
   </trkpt>
   <trkpt lat="-29.7922660" lon="24.4102550">
    <ele>1094.0</ele>
   </trkpt>
   <trkpt lat="-29.7922450" lon="24.4102140">
    <ele>1094.0</ele>
   </trkpt>
   <trkpt lat="-29.7922240" lon="24.4101730">
    <ele>1094.0</ele>
   </trkpt>
   <trkpt lat="-29.7922070" lon="24.4101320">
    <ele>1094.1</ele>
   </trkpt>
   <trkpt lat="-29.7921910" lon="24.4100910">
    <ele>1094.1</ele>
   </trkpt>
   <trkpt lat="-29.7921760" lon="24.4100480">
    <ele>1094.1</ele>
   </trkpt>
   <trkpt lat="-29.7921580" lon="24.4100060">
    <ele>1094.1</ele>
   </trkpt>
   <trkpt lat="-29.7921430" lon="24.4099610">
    <ele>1094.2</ele>
   </trkpt>
   <trkpt lat="-29.7921290" lon="24.4099170">
    <ele>1094.2</ele>
   </trkpt>
   <trkpt lat="-29.7921130" lon="24.4098720">
    <ele>1094.2</ele>
   </trkpt>
   <trkpt lat="-29.7921000" lon="24.4098280">
    <ele>1094.3</ele>
   </trkpt>
   <trkpt lat="-29.7920860" lon="24.4097800">
    <ele>1094.3</ele>
   </trkpt>
   <trkpt lat="-29.7920730" lon="24.4097340">
    <ele>1094.4</ele>
   </trkpt>
   <trkpt lat="-29.7920620" lon="24.4096870">
    <ele>1094.4</ele>
   </trkpt>
   <trkpt lat="-29.7920500" lon="24.4096390">
    <ele>1094.4</ele>
   </trkpt>
   <trkpt lat="-29.7920390" lon="24.4095900">
    <ele>1094.5</ele>
   </trkpt>
   <trkpt lat="-29.7920280" lon="24.4095420">
    <ele>1094.5</ele>
   </trkpt>
   <trkpt lat="-29.7920170" lon="24.4094940">
    <ele>1094.5</ele>
   </trkpt>
   <trkpt lat="-29.7920070" lon="24.4094430">
    <ele>1094.6</ele>
   </trkpt>
   <trkpt lat="-29.7919980" lon="24.4093930">
    <ele>1094.6</ele>
   </trkpt>
   <trkpt lat="-29.7919880" lon="24.4093450">
    <ele>1094.6</ele>
   </trkpt>
   <trkpt lat="-29.7919810" lon="24.4092950">
    <ele>1094.7</ele>
   </trkpt>
   <trkpt lat="-29.7919730" lon="24.4092470">
    <ele>1094.7</ele>
   </trkpt>
   <trkpt lat="-29.7919670" lon="24.4091980">
    <ele>1094.7</ele>
   </trkpt>
   <trkpt lat="-29.7919620" lon="24.4091460">
    <ele>1094.8</ele>
   </trkpt>
   <trkpt lat="-29.7919590" lon="24.4090950">
    <ele>1094.8</ele>
   </trkpt>
   <trkpt lat="-29.7919560" lon="24.4090440">
    <ele>1094.8</ele>
   </trkpt>
   <trkpt lat="-29.7919540" lon="24.4089940">
    <ele>1094.9</ele>
   </trkpt>
   <trkpt lat="-29.7919540" lon="24.4089450">
    <ele>1094.9</ele>
   </trkpt>
   <trkpt lat="-29.7919510" lon="24.4088960">
    <ele>1094.9</ele>
   </trkpt>
   <trkpt lat="-29.7919450" lon="24.4088420">
    <ele>1094.9</ele>
   </trkpt>
   <trkpt lat="-29.7919400" lon="24.4088040">
    <ele>1094.9</ele>
   </trkpt>
   <trkpt lat="-29.7919340" lon="24.4087700">
    <ele>1094.9</ele>
   </trkpt>
   <trkpt lat="-29.7919310" lon="24.4087300">
    <ele>1094.9</ele>
   </trkpt>
   <trkpt lat="-29.7919290" lon="24.4086900">
    <ele>1094.9</ele>
   </trkpt>
   <trkpt lat="-29.7919270" lon="24.4086510">
    <ele>1094.9</ele>
   </trkpt>
   <trkpt lat="-29.7919280" lon="24.4086090">
    <ele>1095.0</ele>
   </trkpt>
   <trkpt lat="-29.7919290" lon="24.4085680">
    <ele>1095.0</ele>
   </trkpt>
   <trkpt lat="-29.7919290" lon="24.4085290">
    <ele>1095.0</ele>
   </trkpt>
   <trkpt lat="-29.7919250" lon="24.4084880">
    <ele>1095.0</ele>
   </trkpt>
   <trkpt lat="-29.7919230" lon="24.4084480">
    <ele>1095.0</ele>
   </trkpt>
   <trkpt lat="-29.7919220" lon="24.4084090">
    <ele>1095.0</ele>
   </trkpt>
   <trkpt lat="-29.7919200" lon="24.4084030">
    <ele>1095.0</ele>
   </trkpt>
   <trkpt lat="-29.7919190" lon="24.4083690">
    <ele>1095.0</ele>
   </trkpt>
   <trkpt lat="-29.7919200" lon="24.4083280">
    <ele>1095.0</ele>
   </trkpt>
   <trkpt lat="-29.7919180" lon="24.4082700">
    <ele>1095.0</ele>
   </trkpt>
   <trkpt lat="-29.7919170" lon="24.4082390">
    <ele>1095.0</ele>
   </trkpt>
   <trkpt lat="-29.7919170" lon="24.4082090">
    <ele>1095.0</ele>
   </trkpt>
   <trkpt lat="-29.7919160" lon="24.4081950">
    <ele>1095.0</ele>
   </trkpt>
   <trkpt lat="-29.7919100" lon="24.4081360">
    <ele>1095.0</ele>
   </trkpt>
   <trkpt lat="-29.7919010" lon="24.4080730">
    <ele>1095.0</ele>
   </trkpt>
   <trkpt lat="-29.7918830" lon="24.4080450">
    <ele>1095.0</ele>
   </trkpt>
   <trkpt lat="-29.7918580" lon="24.4080230">
    <ele>1095.0</ele>
   </trkpt>
   <trkpt lat="-29.7918360" lon="24.4080050">
    <ele>1095.0</ele>
   </trkpt>
   <trkpt lat="-29.7918140" lon="24.4079820">
    <ele>1095.0</ele>
   </trkpt>
   <trkpt lat="-29.7917930" lon="24.4079570">
    <ele>1095.0</ele>
   </trkpt>
   <trkpt lat="-29.7917720" lon="24.4079310">
    <ele>1095.0</ele>
   </trkpt>
   <trkpt lat="-29.7917480" lon="24.4079110">
    <ele>1095.0</ele>
   </trkpt>
   <trkpt lat="-29.7917260" lon="24.4078930">
    <ele>1095.0</ele>
   </trkpt>
   <trkpt lat="-29.7916980" lon="24.4078640">
    <ele>1095.0</ele>
   </trkpt>
   <trkpt lat="-29.7916900" lon="24.4078550">
    <ele>1095.0</ele>
   </trkpt>
   <trkpt lat="-29.7916740" lon="24.4078410">
    <ele>1095.0</ele>
   </trkpt>
   <trkpt lat="-29.7916620" lon="24.4078330">
    <ele>1095.0</ele>
   </trkpt>
   <trkpt lat="-29.7916560" lon="24.4078300">
    <ele>1095.0</ele>
   </trkpt>
   <trkpt lat="-29.7916570" lon="24.4078280">
    <ele>1095.0</ele>
   </trkpt>
   <trkpt lat="-29.7916610" lon="24.4078250">
    <ele>1095.0</ele>
   </trkpt>
   <trkpt lat="-29.7916620" lon="24.4078260">
    <ele>1095.0</ele>
   </trkpt>
   <trkpt lat="-29.7916590" lon="24.4078220">
    <ele>1095.0</ele>
   </trkpt>
   <trkpt lat="-29.7916620" lon="24.4078240">
    <ele>1095.0</ele>
   </trkpt>
   <trkpt lat="-29.7916630" lon="24.4078230">
    <ele>1095.0</ele>
   </trkpt>
   <trkpt lat="-29.7916600" lon="24.4078230">
    <ele>1095.0</ele>
   </trkpt>
   <trkpt lat="-29.7916540" lon="24.4078180">
    <ele>1095.0</ele>
   </trkpt>
   <trkpt lat="-29.7916480" lon="24.4078170">
    <ele>1095.0</ele>
   </trkpt>
   <trkpt lat="-29.7916500" lon="24.4078160">
    <ele>1095.0</ele>
   </trkpt>
   <trkpt lat="-29.7914860" lon="24.4079820">
    <ele>1094.3</ele>
   </trkpt>
   <trkpt lat="-29.7914850" lon="24.4079870">
    <ele>1094.3</ele>
   </trkpt>
   <trkpt lat="-29.7914860" lon="24.4079870">
    <ele>1094.3</ele>
   </trkpt>
   <trkpt lat="-29.7914820" lon="24.4079900">
    <ele>1094.3</ele>
   </trkpt>
   <trkpt lat="-29.7914740" lon="24.4079970">
    <ele>1094.2</ele>
   </trkpt>
   <trkpt lat="-29.7914710" lon="24.4079980">
    <ele>1094.2</ele>
   </trkpt>
   <trkpt lat="-29.7914630" lon="24.4080050">
    <ele>1094.2</ele>
   </trkpt>
   <trkpt lat="-29.7914520" lon="24.4080090">
    <ele>1094.1</ele>
   </trkpt>
   <trkpt lat="-29.7914530" lon="24.4080070">
    <ele>1094.1</ele>
   </trkpt>
   <trkpt lat="-29.7914480" lon="24.4080050">
    <ele>1094.1</ele>
   </trkpt>
   <trkpt lat="-29.7914440" lon="24.4080060">
    <ele>1094.1</ele>
   </trkpt>
   <trkpt lat="-29.7914390" lon="24.4080090">
    <ele>1094.1</ele>
   </trkpt>
   <trkpt lat="-29.7914350" lon="24.4080120">
    <ele>1094.1</ele>
   </trkpt>
   <trkpt lat="-29.7914280" lon="24.4080190">
    <ele>1094.1</ele>
   </trkpt>
   <trkpt lat="-29.7914230" lon="24.4080250">
    <ele>1094.0</ele>
   </trkpt>
   <trkpt lat="-29.7914200" lon="24.4080280">
    <ele>1094.0</ele>
   </trkpt>
   <trkpt lat="-29.7914170" lon="24.4080330">
    <ele>1094.0</ele>
   </trkpt>
   <trkpt lat="-29.7914090" lon="24.4080360">
    <ele>1094.0</ele>
   </trkpt>
   <trkpt lat="-29.7913980" lon="24.4080410">
    <ele>1093.9</ele>
   </trkpt>
   <trkpt lat="-29.7913940" lon="24.4080440">
    <ele>1093.9</ele>
   </trkpt>
   <trkpt lat="-29.7913920" lon="24.4080480">
    <ele>1093.9</ele>
   </trkpt>
   <trkpt lat="-29.7913830" lon="24.4080560">
    <ele>1093.9</ele>
   </trkpt>
   <trkpt lat="-29.7913790" lon="24.4080630">
    <ele>1093.9</ele>
   </trkpt>
   <trkpt lat="-29.7913730" lon="24.4080680">
    <ele>1093.8</ele>
   </trkpt>
   <trkpt lat="-29.7913700" lon="24.4080720">
    <ele>1093.8</ele>
   </trkpt>
   <trkpt lat="-29.7913600" lon="24.4080790">
    <ele>1093.8</ele>
   </trkpt>
   <trkpt lat="-29.7913560" lon="24.4080790">
    <ele>1093.8</ele>
   </trkpt>
   <trkpt lat="-29.7913530" lon="24.4080720">
    <ele>1093.8</ele>
   </trkpt>
   <trkpt lat="-29.7913520" lon="24.4080690">
    <ele>1093.8</ele>
   </trkpt>
   <trkpt lat="-29.7913520" lon="24.4080690">
    <ele>1093.8</ele>
   </trkpt>
   <trkpt lat="-29.7913520" lon="24.4080690">
    <ele>1093.8</ele>
   </trkpt>
   <trkpt lat="-29.7913520" lon="24.4080690">
    <ele>1093.8</ele>
   </trkpt>
   <trkpt lat="-29.7913430" lon="24.4080670">
    <ele>1093.7</ele>
   </trkpt>
   <trkpt lat="-29.7913020" lon="24.4081270">
    <ele>1093.5</ele>
   </trkpt>
   <trkpt lat="-29.7912630" lon="24.4081880">
    <ele>1093.3</ele>
   </trkpt>
   <trkpt lat="-29.7912240" lon="24.4082480">
    <ele>1093.1</ele>
   </trkpt>
   <trkpt lat="-29.7911850" lon="24.4083090">
    <ele>1092.9</ele>
   </trkpt>
   <trkpt lat="-29.7911460" lon="24.4083700">
    <ele>1092.7</ele>
   </trkpt>
   <trkpt lat="-29.7911110" lon="24.4084330">
    <ele>1092.5</ele>
   </trkpt>
   <trkpt lat="-29.7910860" lon="24.4084800">
    <ele>1092.4</ele>
   </trkpt>
   <trkpt lat="-29.7910600" lon="24.4085360">
    <ele>1092.2</ele>
   </trkpt>
   <trkpt lat="-29.7910250" lon="24.4085950">
    <ele>1092.0</ele>
   </trkpt>
   <trkpt lat="-29.7909870" lon="24.4086630">
    <ele>1092.0</ele>
   </trkpt>
   <trkpt lat="-29.7909420" lon="24.4087380">
    <ele>1091.9</ele>
   </trkpt>
   <trkpt lat="-29.7909020" lon="24.4088050">
    <ele>1091.8</ele>
   </trkpt>
   <trkpt lat="-29.7908490" lon="24.4088840">
    <ele>1091.7</ele>
   </trkpt>
   <trkpt lat="-29.7907950" lon="24.4089630">
    <ele>1091.6</ele>
   </trkpt>
   <trkpt lat="-29.7907410" lon="24.4090380">
    <ele>1091.5</ele>
   </trkpt>
   <trkpt lat="-29.7906810" lon="24.4091130">
    <ele>1091.4</ele>
   </trkpt>
   <trkpt lat="-29.7906290" lon="24.4091830">
    <ele>1091.3</ele>
   </trkpt>
   <trkpt lat="-29.7905700" lon="24.4092590">
    <ele>1091.1</ele>
   </trkpt>
   <trkpt lat="-29.7905110" lon="24.4093490">
    <ele>1091.1</ele>
   </trkpt>
   <trkpt lat="-29.7904500" lon="24.4094310">
    <ele>1091.1</ele>
   </trkpt>
   <trkpt lat="-29.7903890" lon="24.4095110">
    <ele>1091.1</ele>
   </trkpt>
   <trkpt lat="-29.7903300" lon="24.4096020">
    <ele>1091.1</ele>
   </trkpt>
   <trkpt lat="-29.7902690" lon="24.4096940">
    <ele>1091.1</ele>
   </trkpt>
   <trkpt lat="-29.7902020" lon="24.4097890">
    <ele>1091.1</ele>
   </trkpt>
   <trkpt lat="-29.7901340" lon="24.4098840">
    <ele>1091.1</ele>
   </trkpt>
   <trkpt lat="-29.7900750" lon="24.4099820">
    <ele>1091.1</ele>
   </trkpt>
   <trkpt lat="-29.7900040" lon="24.4100770">
    <ele>1091.1</ele>
   </trkpt>
   <trkpt lat="-29.7899460" lon="24.4101650">
    <ele>1091.1</ele>
   </trkpt>
   <trkpt lat="-29.7898860" lon="24.4102570">
    <ele>1091.1</ele>
   </trkpt>
   <trkpt lat="-29.7898400" lon="24.4103800">
    <ele>1091.1</ele>
   </trkpt>
   <trkpt lat="-29.7897690" lon="24.4104810">
    <ele>1091.1</ele>
   </trkpt>
   <trkpt lat="-29.7896900" lon="24.4105770">
    <ele>1091.1</ele>
   </trkpt>
   <trkpt lat="-29.7896170" lon="24.4106710">
    <ele>1091.1</ele>
   </trkpt>
   <trkpt lat="-29.7894900" lon="24.4108860">
    <ele>1091.1</ele>
   </trkpt>
   <trkpt lat="-29.7894170" lon="24.4109830">
    <ele>1091.1</ele>
   </trkpt>
   <trkpt lat="-29.7893470" lon="24.4110840">
    <ele>1091.1</ele>
   </trkpt>
   <trkpt lat="-29.7892760" lon="24.4111850">
    <ele>1091.1</ele>
   </trkpt>
   <trkpt lat="-29.7892260" lon="24.4113010">
    <ele>1091.1</ele>
   </trkpt>
   <trkpt lat="-29.7891560" lon="24.4113990">
    <ele>1091.0</ele>
   </trkpt>
   <trkpt lat="-29.7891020" lon="24.4114800">
    <ele>1091.0</ele>
   </trkpt>
   <trkpt lat="-29.7890650" lon="24.4115470">
    <ele>1091.0</ele>
   </trkpt>
   <trkpt lat="-29.7890310" lon="24.4116010">
    <ele>1091.0</ele>
   </trkpt>
   <trkpt lat="-29.7889940" lon="24.4116610">
    <ele>1091.1</ele>
   </trkpt>
   <trkpt lat="-29.7889480" lon="24.4117300">
    <ele>1091.1</ele>
   </trkpt>
   <trkpt lat="-29.7888950" lon="24.4118000">
    <ele>1091.1</ele>
   </trkpt>
   <trkpt lat="-29.7888430" lon="24.4118720">
    <ele>1091.2</ele>
   </trkpt>
   <trkpt lat="-29.7887850" lon="24.4119570">
    <ele>1091.3</ele>
   </trkpt>
   <trkpt lat="-29.7887230" lon="24.4120440">
    <ele>1091.4</ele>
   </trkpt>
   <trkpt lat="-29.7886670" lon="24.4121350">
    <ele>1091.6</ele>
   </trkpt>
   <trkpt lat="-29.7886290" lon="24.4122240">
    <ele>1091.7</ele>
   </trkpt>
   <trkpt lat="-29.7885720" lon="24.4122890">
    <ele>1091.9</ele>
   </trkpt>
   <trkpt lat="-29.7885190" lon="24.4123600">
    <ele>1091.9</ele>
   </trkpt>
   <trkpt lat="-29.7884670" lon="24.4124340">
    <ele>1092.0</ele>
   </trkpt>
   <trkpt lat="-29.7884130" lon="24.4125220">
    <ele>1092.0</ele>
   </trkpt>
   <trkpt lat="-29.7883710" lon="24.4126020">
    <ele>1092.0</ele>
   </trkpt>
   <trkpt lat="-29.7883090" lon="24.4126960">
    <ele>1092.1</ele>
   </trkpt>
   <trkpt lat="-29.7882370" lon="24.4127920">
    <ele>1092.1</ele>
   </trkpt>
   <trkpt lat="-29.7881780" lon="24.4128770">
    <ele>1092.2</ele>
   </trkpt>
   <trkpt lat="-29.7881120" lon="24.4129930">
    <ele>1092.2</ele>
   </trkpt>
   <trkpt lat="-29.7880460" lon="24.4131000">
    <ele>1092.3</ele>
   </trkpt>
   <trkpt lat="-29.7879770" lon="24.4132150">
    <ele>1092.3</ele>
   </trkpt>
   <trkpt lat="-29.7879110" lon="24.4133220">
    <ele>1092.4</ele>
   </trkpt>
   <trkpt lat="-29.7878460" lon="24.4134250">
    <ele>1092.4</ele>
   </trkpt>
   <trkpt lat="-29.7877770" lon="24.4135280">
    <ele>1092.5</ele>
   </trkpt>
   <trkpt lat="-29.7877030" lon="24.4136310">
    <ele>1092.5</ele>
   </trkpt>
   <trkpt lat="-29.7876310" lon="24.4137350">
    <ele>1092.6</ele>
   </trkpt>
   <trkpt lat="-29.7875530" lon="24.4138340">
    <ele>1092.6</ele>
   </trkpt>
   <trkpt lat="-29.7874760" lon="24.4139300">
    <ele>1092.7</ele>
   </trkpt>
   <trkpt lat="-29.7874010" lon="24.4140400">
    <ele>1092.7</ele>
   </trkpt>
   <trkpt lat="-29.7873280" lon="24.4141490">
    <ele>1092.8</ele>
   </trkpt>
   <trkpt lat="-29.7872530" lon="24.4142560">
    <ele>1092.9</ele>
   </trkpt>
   <trkpt lat="-29.7871820" lon="24.4143680">
    <ele>1092.9</ele>
   </trkpt>
   <trkpt lat="-29.7871060" lon="24.4144740">
    <ele>1093.0</ele>
   </trkpt>
   <trkpt lat="-29.7870300" lon="24.4145800">
    <ele>1093.0</ele>
   </trkpt>
   <trkpt lat="-29.7869640" lon="24.4146800">
    <ele>1093.1</ele>
   </trkpt>
   <trkpt lat="-29.7869020" lon="24.4147870">
    <ele>1093.1</ele>
   </trkpt>
   <trkpt lat="-29.7868360" lon="24.4148850">
    <ele>1093.2</ele>
   </trkpt>
   <trkpt lat="-29.7867750" lon="24.4149900">
    <ele>1093.2</ele>
   </trkpt>
   <trkpt lat="-29.7867070" lon="24.4150940">
    <ele>1093.3</ele>
   </trkpt>
   <trkpt lat="-29.7866410" lon="24.4152020">
    <ele>1093.3</ele>
   </trkpt>
   <trkpt lat="-29.7865710" lon="24.4153080">
    <ele>1093.4</ele>
   </trkpt>
   <trkpt lat="-29.7865030" lon="24.4154120">
    <ele>1093.4</ele>
   </trkpt>
   <trkpt lat="-29.7864370" lon="24.4155200">
    <ele>1093.5</ele>
   </trkpt>
   <trkpt lat="-29.7863690" lon="24.4156260">
    <ele>1093.5</ele>
   </trkpt>
   <trkpt lat="-29.7863000" lon="24.4157260">
    <ele>1093.6</ele>
   </trkpt>
   <trkpt lat="-29.7862330" lon="24.4158270">
    <ele>1093.6</ele>
   </trkpt>
   <trkpt lat="-29.7861700" lon="24.4159240">
    <ele>1093.7</ele>
   </trkpt>
   <trkpt lat="-29.7861000" lon="24.4160270">
    <ele>1093.7</ele>
   </trkpt>
   <trkpt lat="-29.7860440" lon="24.4161350">
    <ele>1093.8</ele>
   </trkpt>
   <trkpt lat="-29.7859790" lon="24.4162430">
    <ele>1093.8</ele>
   </trkpt>
   <trkpt lat="-29.7859160" lon="24.4163450">
    <ele>1093.9</ele>
   </trkpt>
   <trkpt lat="-29.7858560" lon="24.4164400">
    <ele>1093.9</ele>
   </trkpt>
   <trkpt lat="-29.7857870" lon="24.4165420">
    <ele>1093.9</ele>
   </trkpt>
   <trkpt lat="-29.7857290" lon="24.4166320">
    <ele>1094.0</ele>
   </trkpt>
   <trkpt lat="-29.7856700" lon="24.4167260">
    <ele>1094.0</ele>
   </trkpt>
   <trkpt lat="-29.7856060" lon="24.4168120">
    <ele>1094.1</ele>
   </trkpt>
   <trkpt lat="-29.7855480" lon="24.4169050">
    <ele>1094.1</ele>
   </trkpt>
   <trkpt lat="-29.7854880" lon="24.4170020">
    <ele>1094.2</ele>
   </trkpt>
   <trkpt lat="-29.7854240" lon="24.4170860">
    <ele>1094.2</ele>
   </trkpt>
   <trkpt lat="-29.7853660" lon="24.4171780">
    <ele>1094.3</ele>
   </trkpt>
   <trkpt lat="-29.7853040" lon="24.4172670">
    <ele>1094.3</ele>
   </trkpt>
   <trkpt lat="-29.7852390" lon="24.4173610">
    <ele>1094.3</ele>
   </trkpt>
   <trkpt lat="-29.7851590" lon="24.4174610">
    <ele>1094.4</ele>
   </trkpt>
   <trkpt lat="-29.7850930" lon="24.4175600">
    <ele>1094.4</ele>
   </trkpt>
   <trkpt lat="-29.7850240" lon="24.4176570">
    <ele>1094.5</ele>
   </trkpt>
   <trkpt lat="-29.7849550" lon="24.4177630">
    <ele>1094.5</ele>
   </trkpt>
   <trkpt lat="-29.7848850" lon="24.4178730">
    <ele>1094.6</ele>
   </trkpt>
   <trkpt lat="-29.7848100" lon="24.4179850">
    <ele>1094.7</ele>
   </trkpt>
   <trkpt lat="-29.7847370" lon="24.4180900">
    <ele>1094.7</ele>
   </trkpt>
   <trkpt lat="-29.7846660" lon="24.4182040">
    <ele>1094.8</ele>
   </trkpt>
   <trkpt lat="-29.7845950" lon="24.4183130">
    <ele>1094.8</ele>
   </trkpt>
   <trkpt lat="-29.7845220" lon="24.4184210">
    <ele>1094.9</ele>
   </trkpt>
   <trkpt lat="-29.7844520" lon="24.4185360">
    <ele>1094.9</ele>
   </trkpt>
   <trkpt lat="-29.7843750" lon="24.4186530">
    <ele>1095.0</ele>
   </trkpt>
   <trkpt lat="-29.7842950" lon="24.4187680">
    <ele>1095.1</ele>
   </trkpt>
   <trkpt lat="-29.7842130" lon="24.4188790">
    <ele>1095.1</ele>
   </trkpt>
   <trkpt lat="-29.7841370" lon="24.4189990">
    <ele>1095.2</ele>
   </trkpt>
   <trkpt lat="-29.7840600" lon="24.4191080">
    <ele>1095.3</ele>
   </trkpt>
   <trkpt lat="-29.7839870" lon="24.4192190">
    <ele>1095.4</ele>
   </trkpt>
   <trkpt lat="-29.7839220" lon="24.4193300">
    <ele>1095.5</ele>
   </trkpt>
   <trkpt lat="-29.7838520" lon="24.4194430">
    <ele>1095.6</ele>
   </trkpt>
   <trkpt lat="-29.7837760" lon="24.4195530">
    <ele>1095.7</ele>
   </trkpt>
   <trkpt lat="-29.7836970" lon="24.4196630">
    <ele>1095.8</ele>
   </trkpt>
   <trkpt lat="-29.7836170" lon="24.4197750">
    <ele>1095.8</ele>
   </trkpt>
   <trkpt lat="-29.7835400" lon="24.4198930">
    <ele>1095.9</ele>
   </trkpt>
   <trkpt lat="-29.7834600" lon="24.4200140">
    <ele>1096.0</ele>
   </trkpt>
   <trkpt lat="-29.7833800" lon="24.4201320">
    <ele>1096.1</ele>
   </trkpt>
   <trkpt lat="-29.7833120" lon="24.4202520">
    <ele>1096.2</ele>
   </trkpt>
   <trkpt lat="-29.7832390" lon="24.4203630">
    <ele>1096.3</ele>
   </trkpt>
   <trkpt lat="-29.7831670" lon="24.4204760">
    <ele>1096.4</ele>
   </trkpt>
   <trkpt lat="-29.7830940" lon="24.4205770">
    <ele>1096.5</ele>
   </trkpt>
   <trkpt lat="-29.7830210" lon="24.4206830">
    <ele>1096.6</ele>
   </trkpt>
   <trkpt lat="-29.7829520" lon="24.4207900">
    <ele>1096.6</ele>
   </trkpt>
   <trkpt lat="-29.7828780" lon="24.4208940">
    <ele>1096.7</ele>
   </trkpt>
   <trkpt lat="-29.7828040" lon="24.4210080">
    <ele>1096.8</ele>
   </trkpt>
   <trkpt lat="-29.7827310" lon="24.4211190">
    <ele>1096.9</ele>
   </trkpt>
   <trkpt lat="-29.7826580" lon="24.4212300">
    <ele>1097.0</ele>
   </trkpt>
   <trkpt lat="-29.7825700" lon="24.4213200">
    <ele>1097.1</ele>
   </trkpt>
   <trkpt lat="-29.7825020" lon="24.4214230">
    <ele>1097.2</ele>
   </trkpt>
   <trkpt lat="-29.7824320" lon="24.4215290">
    <ele>1097.2</ele>
   </trkpt>
   <trkpt lat="-29.7823630" lon="24.4216430">
    <ele>1097.3</ele>
   </trkpt>
   <trkpt lat="-29.7822940" lon="24.4217520">
    <ele>1097.4</ele>
   </trkpt>
   <trkpt lat="-29.7822250" lon="24.4218640">
    <ele>1097.5</ele>
   </trkpt>
   <trkpt lat="-29.7821570" lon="24.4219710">
    <ele>1097.6</ele>
   </trkpt>
   <trkpt lat="-29.7820910" lon="24.4220700">
    <ele>1097.6</ele>
   </trkpt>
   <trkpt lat="-29.7820130" lon="24.4221540">
    <ele>1097.7</ele>
   </trkpt>
   <trkpt lat="-29.7819520" lon="24.4222520">
    <ele>1097.8</ele>
   </trkpt>
   <trkpt lat="-29.7818960" lon="24.4223490">
    <ele>1097.9</ele>
   </trkpt>
   <trkpt lat="-29.7818340" lon="24.4224450">
    <ele>1097.9</ele>
   </trkpt>
   <trkpt lat="-29.7817550" lon="24.4225310">
    <ele>1098.0</ele>
   </trkpt>
   <trkpt lat="-29.7816910" lon="24.4226340">
    <ele>1098.1</ele>
   </trkpt>
   <trkpt lat="-29.7816270" lon="24.4227460">
    <ele>1098.5</ele>
   </trkpt>
   <trkpt lat="-29.7815630" lon="24.4228620">
    <ele>1098.8</ele>
   </trkpt>
   <trkpt lat="-29.7814970" lon="24.4229820">
    <ele>1099.1</ele>
   </trkpt>
   <trkpt lat="-29.7814290" lon="24.4230890">
    <ele>1099.4</ele>
   </trkpt>
   <trkpt lat="-29.7813590" lon="24.4231970">
    <ele>1099.8</ele>
   </trkpt>
   <trkpt lat="-29.7812890" lon="24.4233090">
    <ele>1100.1</ele>
   </trkpt>
   <trkpt lat="-29.7812170" lon="24.4234200">
    <ele>1100.4</ele>
   </trkpt>
   <trkpt lat="-29.7811470" lon="24.4235260">
    <ele>1100.7</ele>
   </trkpt>
   <trkpt lat="-29.7810810" lon="24.4236310">
    <ele>1101.0</ele>
   </trkpt>
   <trkpt lat="-29.7810080" lon="24.4237370">
    <ele>1101.4</ele>
   </trkpt>
   <trkpt lat="-29.7809380" lon="24.4238450">
    <ele>1101.7</ele>
   </trkpt>
   <trkpt lat="-29.7808580" lon="24.4239420">
    <ele>1102.0</ele>
   </trkpt>
   <trkpt lat="-29.7807860" lon="24.4240470">
    <ele>1102.3</ele>
   </trkpt>
   <trkpt lat="-29.7807150" lon="24.4241490">
    <ele>1102.6</ele>
   </trkpt>
   <trkpt lat="-29.7806440" lon="24.4242570">
    <ele>1103.0</ele>
   </trkpt>
   <trkpt lat="-29.7805740" lon="24.4243580">
    <ele>1103.3</ele>
   </trkpt>
   <trkpt lat="-29.7805060" lon="24.4244660">
    <ele>1103.6</ele>
   </trkpt>
   <trkpt lat="-29.7804350" lon="24.4245700">
    <ele>1103.9</ele>
   </trkpt>
   <trkpt lat="-29.7803660" lon="24.4246690">
    <ele>1104.2</ele>
   </trkpt>
   <trkpt lat="-29.7803000" lon="24.4247710">
    <ele>1104.5</ele>
   </trkpt>
   <trkpt lat="-29.7802290" lon="24.4248720">
    <ele>1104.8</ele>
   </trkpt>
   <trkpt lat="-29.7801560" lon="24.4249720">
    <ele>1105.1</ele>
   </trkpt>
   <trkpt lat="-29.7800810" lon="24.4250730">
    <ele>1105.4</ele>
   </trkpt>
   <trkpt lat="-29.7800080" lon="24.4251680">
    <ele>1105.7</ele>
   </trkpt>
   <trkpt lat="-29.7799330" lon="24.4252700">
    <ele>1106.1</ele>
   </trkpt>
   <trkpt lat="-29.7798550" lon="24.4253680">
    <ele>1106.4</ele>
   </trkpt>
   <trkpt lat="-29.7797710" lon="24.4254570">
    <ele>1106.7</ele>
   </trkpt>
   <trkpt lat="-29.7796860" lon="24.4255530">
    <ele>1107.0</ele>
   </trkpt>
   <trkpt lat="-29.7796010" lon="24.4256510">
    <ele>1107.2</ele>
   </trkpt>
   <trkpt lat="-29.7795090" lon="24.4257380">
    <ele>1107.2</ele>
   </trkpt>
   <trkpt lat="-29.7794180" lon="24.4258270">
    <ele>1107.3</ele>
   </trkpt>
   <trkpt lat="-29.7793260" lon="24.4259150">
    <ele>1107.4</ele>
   </trkpt>
   <trkpt lat="-29.7792310" lon="24.4259990">
    <ele>1107.4</ele>
   </trkpt>
   <trkpt lat="-29.7791320" lon="24.4260820">
    <ele>1107.5</ele>
   </trkpt>
   <trkpt lat="-29.7790360" lon="24.4261610">
    <ele>1107.6</ele>
   </trkpt>
   <trkpt lat="-29.7789400" lon="24.4262430">
    <ele>1107.6</ele>
   </trkpt>
   <trkpt lat="-29.7788370" lon="24.4263290">
    <ele>1107.7</ele>
   </trkpt>
   <trkpt lat="-29.7787290" lon="24.4264110">
    <ele>1107.8</ele>
   </trkpt>
   <trkpt lat="-29.7786240" lon="24.4264830">
    <ele>1107.8</ele>
   </trkpt>
   <trkpt lat="-29.7785200" lon="24.4265470">
    <ele>1107.9</ele>
   </trkpt>
   <trkpt lat="-29.7784160" lon="24.4266160">
    <ele>1108.0</ele>
   </trkpt>
   <trkpt lat="-29.7783160" lon="24.4266790">
    <ele>1108.0</ele>
   </trkpt>
   <trkpt lat="-29.7782080" lon="24.4267410">
    <ele>1108.1</ele>
   </trkpt>
   <trkpt lat="-29.7781010" lon="24.4268010">
    <ele>1108.1</ele>
   </trkpt>
   <trkpt lat="-29.7779880" lon="24.4268640">
    <ele>1108.2</ele>
   </trkpt>
   <trkpt lat="-29.7778730" lon="24.4269310">
    <ele>1108.3</ele>
   </trkpt>
   <trkpt lat="-29.7777550" lon="24.4269680">
    <ele>1108.4</ele>
   </trkpt>
   <trkpt lat="-29.7776410" lon="24.4270260">
    <ele>1108.4</ele>
   </trkpt>
   <trkpt lat="-29.7775270" lon="24.4270840">
    <ele>1108.5</ele>
   </trkpt>
   <trkpt lat="-29.7774130" lon="24.4271380">
    <ele>1108.6</ele>
   </trkpt>
   <trkpt lat="-29.7773000" lon="24.4271890">
    <ele>1108.6</ele>
   </trkpt>
   <trkpt lat="-29.7771900" lon="24.4272360">
    <ele>1108.7</ele>
   </trkpt>
   <trkpt lat="-29.7770860" lon="24.4272730">
    <ele>1108.7</ele>
   </trkpt>
   <trkpt lat="-29.7769790" lon="24.4273110">
    <ele>1108.8</ele>
   </trkpt>
   <trkpt lat="-29.7768740" lon="24.4273450">
    <ele>1108.9</ele>
   </trkpt>
   <trkpt lat="-29.7767770" lon="24.4273740">
    <ele>1108.9</ele>
   </trkpt>
   <trkpt lat="-29.7766770" lon="24.4274090">
    <ele>1109.0</ele>
   </trkpt>
   <trkpt lat="-29.7765790" lon="24.4274420">
    <ele>1109.0</ele>
   </trkpt>
   <trkpt lat="-29.7764830" lon="24.4274730">
    <ele>1109.1</ele>
   </trkpt>
   <trkpt lat="-29.7763820" lon="24.4274740">
    <ele>1109.1</ele>
   </trkpt>
   <trkpt lat="-29.7762880" lon="24.4274990">
    <ele>1109.2</ele>
   </trkpt>
   <trkpt lat="-29.7761930" lon="24.4275240">
    <ele>1109.2</ele>
   </trkpt>
   <trkpt lat="-29.7760940" lon="24.4275480">
    <ele>1109.3</ele>
   </trkpt>
   <trkpt lat="-29.7759900" lon="24.4275800">
    <ele>1109.4</ele>
   </trkpt>
   <trkpt lat="-29.7758860" lon="24.4276140">
    <ele>1109.4</ele>
   </trkpt>
   <trkpt lat="-29.7757750" lon="24.4276450">
    <ele>1109.5</ele>
   </trkpt>
   <trkpt lat="-29.7756620" lon="24.4276760">
    <ele>1109.5</ele>
   </trkpt>
   <trkpt lat="-29.7755440" lon="24.4277090">
    <ele>1109.6</ele>
   </trkpt>
   <trkpt lat="-29.7754290" lon="24.4277420">
    <ele>1109.7</ele>
   </trkpt>
   <trkpt lat="-29.7753090" lon="24.4277760">
    <ele>1109.7</ele>
   </trkpt>
   <trkpt lat="-29.7751840" lon="24.4278120">
    <ele>1109.8</ele>
   </trkpt>
   <trkpt lat="-29.7750600" lon="24.4278540">
    <ele>1109.9</ele>
   </trkpt>
   <trkpt lat="-29.7749370" lon="24.4278910">
    <ele>1109.9</ele>
   </trkpt>
   <trkpt lat="-29.7748210" lon="24.4279300">
    <ele>1110.0</ele>
   </trkpt>
   <trkpt lat="-29.7746980" lon="24.4279660">
    <ele>1110.1</ele>
   </trkpt>
   <trkpt lat="-29.7745780" lon="24.4279990">
    <ele>1110.1</ele>
   </trkpt>
   <trkpt lat="-29.7744650" lon="24.4280340">
    <ele>1110.2</ele>
   </trkpt>
   <trkpt lat="-29.7743490" lon="24.4280670">
    <ele>1110.3</ele>
   </trkpt>
   <trkpt lat="-29.7742180" lon="24.4281040">
    <ele>1110.3</ele>
   </trkpt>
   <trkpt lat="-29.7741150" lon="24.4281200">
    <ele>1110.4</ele>
   </trkpt>
   <trkpt lat="-29.7740100" lon="24.4281530">
    <ele>1110.5</ele>
   </trkpt>
   <trkpt lat="-29.7739090" lon="24.4281760">
    <ele>1110.5</ele>
   </trkpt>
   <trkpt lat="-29.7738130" lon="24.4281990">
    <ele>1110.6</ele>
   </trkpt>
   <trkpt lat="-29.7737170" lon="24.4282280">
    <ele>1110.6</ele>
   </trkpt>
   <trkpt lat="-29.7736290" lon="24.4282490">
    <ele>1110.7</ele>
   </trkpt>
   <trkpt lat="-29.7735390" lon="24.4282600">
    <ele>1110.7</ele>
   </trkpt>
   <trkpt lat="-29.7734670" lon="24.4282840">
    <ele>1110.8</ele>
   </trkpt>
   <trkpt lat="-29.7733850" lon="24.4283070">
    <ele>1110.8</ele>
   </trkpt>
   <trkpt lat="-29.7733180" lon="24.4283300">
    <ele>1110.8</ele>
   </trkpt>
   <trkpt lat="-29.7732450" lon="24.4283600">
    <ele>1110.9</ele>
   </trkpt>
   <trkpt lat="-29.7731840" lon="24.4284020">
    <ele>1110.9</ele>
   </trkpt>
   <trkpt lat="-29.7731420" lon="24.4284530">
    <ele>1111.0</ele>
   </trkpt>
   <trkpt lat="-29.7731030" lon="24.4285190">
    <ele>1111.2</ele>
   </trkpt>
   <trkpt lat="-29.7730820" lon="24.4285950">
    <ele>1111.4</ele>
   </trkpt>
   <trkpt lat="-29.7730940" lon="24.4286780">
    <ele>1111.6</ele>
   </trkpt>
   <trkpt lat="-29.7730930" lon="24.4287770">
    <ele>1111.9</ele>
   </trkpt>
   <trkpt lat="-29.7731150" lon="24.4288710">
    <ele>1112.1</ele>
   </trkpt>
   <trkpt lat="-29.7731260" lon="24.4289660">
    <ele>1112.4</ele>
   </trkpt>
   <trkpt lat="-29.7731360" lon="24.4290460">
    <ele>1112.6</ele>
   </trkpt>
   <trkpt lat="-29.7731570" lon="24.4291460">
    <ele>1112.9</ele>
   </trkpt>
   <trkpt lat="-29.7731790" lon="24.4292360">
    <ele>1113.1</ele>
   </trkpt>
   <trkpt lat="-29.7732040" lon="24.4293370">
    <ele>1113.4</ele>
   </trkpt>
   <trkpt lat="-29.7732310" lon="24.4294330">
    <ele>1113.6</ele>
   </trkpt>
   <trkpt lat="-29.7732470" lon="24.4295370">
    <ele>1113.9</ele>
   </trkpt>
   <trkpt lat="-29.7732570" lon="24.4296440">
    <ele>1114.2</ele>
   </trkpt>
   <trkpt lat="-29.7732740" lon="24.4297330">
    <ele>1114.4</ele>
   </trkpt>
   <trkpt lat="-29.7732950" lon="24.4298300">
    <ele>1114.7</ele>
   </trkpt>
   <trkpt lat="-29.7733280" lon="24.4299320">
    <ele>1114.9</ele>
   </trkpt>
   <trkpt lat="-29.7733550" lon="24.4300430">
    <ele>1115.2</ele>
   </trkpt>
   <trkpt lat="-29.7733870" lon="24.4301500">
    <ele>1115.5</ele>
   </trkpt>
   <trkpt lat="-29.7734200" lon="24.4302510">
    <ele>1115.8</ele>
   </trkpt>
   <trkpt lat="-29.7734540" lon="24.4303560">
    <ele>1116.1</ele>
   </trkpt>
   <trkpt lat="-29.7734810" lon="24.4304610">
    <ele>1116.4</ele>
   </trkpt>
   <trkpt lat="-29.7735150" lon="24.4305700">
    <ele>1116.7</ele>
   </trkpt>
   <trkpt lat="-29.7735150" lon="24.4306830">
    <ele>1116.9</ele>
   </trkpt>
   <trkpt lat="-29.7735500" lon="24.4307870">
    <ele>1117.2</ele>
   </trkpt>
   <trkpt lat="-29.7736160" lon="24.4308860">
    <ele>1117.6</ele>
   </trkpt>
   <trkpt lat="-29.7736610" lon="24.4309900">
    <ele>1117.8</ele>
   </trkpt>
   <trkpt lat="-29.7737090" lon="24.4310940">
    <ele>1118.1</ele>
   </trkpt>
   <trkpt lat="-29.7737620" lon="24.4311960">
    <ele>1118.5</ele>
   </trkpt>
   <trkpt lat="-29.7738180" lon="24.4312980">
    <ele>1118.8</ele>
   </trkpt>
   <trkpt lat="-29.7738760" lon="24.4313920">
    <ele>1119.1</ele>
   </trkpt>
   <trkpt lat="-29.7739300" lon="24.4314800">
    <ele>1119.3</ele>
   </trkpt>
   <trkpt lat="-29.7739950" lon="24.4315720">
    <ele>1119.6</ele>
   </trkpt>
   <trkpt lat="-29.7740600" lon="24.4316560">
    <ele>1119.9</ele>
   </trkpt>
   <trkpt lat="-29.7741270" lon="24.4317470">
    <ele>1120.2</ele>
   </trkpt>
   <trkpt lat="-29.7742000" lon="24.4318340">
    <ele>1120.5</ele>
   </trkpt>
   <trkpt lat="-29.7742680" lon="24.4319320">
    <ele>1120.9</ele>
   </trkpt>
   <trkpt lat="-29.7743420" lon="24.4320220">
    <ele>1121.2</ele>
   </trkpt>
   <trkpt lat="-29.7744200" lon="24.4321060">
    <ele>1121.5</ele>
   </trkpt>
   <trkpt lat="-29.7744870" lon="24.4321760">
    <ele>1121.8</ele>
   </trkpt>
   <trkpt lat="-29.7745690" lon="24.4322670">
    <ele>1122.1</ele>
   </trkpt>
   <trkpt lat="-29.7746430" lon="24.4323560">
    <ele>1122.4</ele>
   </trkpt>
   <trkpt lat="-29.7747180" lon="24.4324260">
    <ele>1122.7</ele>
   </trkpt>
   <trkpt lat="-29.7747890" lon="24.4325020">
    <ele>1123.0</ele>
   </trkpt>
   <trkpt lat="-29.7748630" lon="24.4325710">
    <ele>1123.3</ele>
   </trkpt>
   <trkpt lat="-29.7749350" lon="24.4326380">
    <ele>1123.5</ele>
   </trkpt>
   <trkpt lat="-29.7749960" lon="24.4327040">
    <ele>1123.8</ele>
   </trkpt>
   <trkpt lat="-29.7750590" lon="24.4327670">
    <ele>1124.0</ele>
   </trkpt>
   <trkpt lat="-29.7751190" lon="24.4328180">
    <ele>1124.2</ele>
   </trkpt>
   <trkpt lat="-29.7751830" lon="24.4328830">
    <ele>1124.5</ele>
   </trkpt>
   <trkpt lat="-29.7752450" lon="24.4329510">
    <ele>1124.7</ele>
   </trkpt>
   <trkpt lat="-29.7753100" lon="24.4330220">
    <ele>1125.0</ele>
   </trkpt>
   <trkpt lat="-29.7753710" lon="24.4330950">
    <ele>1125.3</ele>
   </trkpt>
   <trkpt lat="-29.7754300" lon="24.4331640">
    <ele>1125.5</ele>
   </trkpt>
   <trkpt lat="-29.7754810" lon="24.4332160">
    <ele>1125.7</ele>
   </trkpt>
   <trkpt lat="-29.7755320" lon="24.4332700">
    <ele>1125.9</ele>
   </trkpt>
   <trkpt lat="-29.7755870" lon="24.4333320">
    <ele>1126.1</ele>
   </trkpt>
   <trkpt lat="-29.7756480" lon="24.4333930">
    <ele>1126.4</ele>
   </trkpt>
   <trkpt lat="-29.7757150" lon="24.4334520">
    <ele>1126.6</ele>
   </trkpt>
   <trkpt lat="-29.7757740" lon="24.4335040">
    <ele>1126.9</ele>
   </trkpt>
   <trkpt lat="-29.7758320" lon="24.4335690">
    <ele>1127.1</ele>
   </trkpt>
   <trkpt lat="-29.7758800" lon="24.4336170">
    <ele>1127.3</ele>
   </trkpt>
   <trkpt lat="-29.7759220" lon="24.4336640">
    <ele>1127.5</ele>
   </trkpt>
   <trkpt lat="-29.7759510" lon="24.4337180">
    <ele>1127.6</ele>
   </trkpt>
   <trkpt lat="-29.7759670" lon="24.4337700">
    <ele>1127.8</ele>
   </trkpt>
   <trkpt lat="-29.7759720" lon="24.4338350">
    <ele>1128.0</ele>
   </trkpt>
   <trkpt lat="-29.7759600" lon="24.4338950">
    <ele>1127.9</ele>
   </trkpt>
   <trkpt lat="-29.7759260" lon="24.4339500">
    <ele>1127.7</ele>
   </trkpt>
   <trkpt lat="-29.7758830" lon="24.4339960">
    <ele>1127.5</ele>
   </trkpt>
   <trkpt lat="-29.7758270" lon="24.4340390">
    <ele>1127.3</ele>
   </trkpt>
   <trkpt lat="-29.7757650" lon="24.4341010">
    <ele>1127.0</ele>
   </trkpt>
   <trkpt lat="-29.7757180" lon="24.4341590">
    <ele>1126.8</ele>
   </trkpt>
   <trkpt lat="-29.7756500" lon="24.4342220">
    <ele>1126.5</ele>
   </trkpt>
   <trkpt lat="-29.7755860" lon="24.4343000">
    <ele>1126.2</ele>
   </trkpt>
   <trkpt lat="-29.7755210" lon="24.4343780">
    <ele>1125.9</ele>
   </trkpt>
   <trkpt lat="-29.7754520" lon="24.4344580">
    <ele>1125.6</ele>
   </trkpt>
   <trkpt lat="-29.7753840" lon="24.4345280">
    <ele>1125.3</ele>
   </trkpt>
   <trkpt lat="-29.7753160" lon="24.4346040">
    <ele>1125.0</ele>
   </trkpt>
   <trkpt lat="-29.7752480" lon="24.4346920">
    <ele>1125.0</ele>
   </trkpt>
   <trkpt lat="-29.7751770" lon="24.4347780">
    <ele>1125.0</ele>
   </trkpt>
   <trkpt lat="-29.7751040" lon="24.4348620">
    <ele>1125.0</ele>
   </trkpt>
   <trkpt lat="-29.7750240" lon="24.4349480">
    <ele>1125.0</ele>
   </trkpt>
   <trkpt lat="-29.7749540" lon="24.4350250">
    <ele>1125.0</ele>
   </trkpt>
   <trkpt lat="-29.7748960" lon="24.4350880">
    <ele>1125.0</ele>
   </trkpt>
   <trkpt lat="-29.7748360" lon="24.4351590">
    <ele>1125.0</ele>
   </trkpt>
   <trkpt lat="-29.7747730" lon="24.4352220">
    <ele>1125.0</ele>
   </trkpt>
   <trkpt lat="-29.7747130" lon="24.4352960">
    <ele>1125.0</ele>
   </trkpt>
   <trkpt lat="-29.7746570" lon="24.4353670">
    <ele>1125.0</ele>
   </trkpt>
   <trkpt lat="-29.7745960" lon="24.4354390">
    <ele>1125.0</ele>
   </trkpt>
   <trkpt lat="-29.7745370" lon="24.4355070">
    <ele>1125.0</ele>
   </trkpt>
   <trkpt lat="-29.7744750" lon="24.4355770">
    <ele>1125.0</ele>
   </trkpt>
   <trkpt lat="-29.7744140" lon="24.4356440">
    <ele>1125.0</ele>
   </trkpt>
   <trkpt lat="-29.7743540" lon="24.4357270">
    <ele>1125.0</ele>
   </trkpt>
   <trkpt lat="-29.7742890" lon="24.4358060">
    <ele>1125.0</ele>
   </trkpt>
   <trkpt lat="-29.7742210" lon="24.4358790">
    <ele>1125.0</ele>
   </trkpt>
   <trkpt lat="-29.7741520" lon="24.4359550">
    <ele>1125.0</ele>
   </trkpt>
   <trkpt lat="-29.7740820" lon="24.4360350">
    <ele>1125.0</ele>
   </trkpt>
   <trkpt lat="-29.7740150" lon="24.4361120">
    <ele>1125.0</ele>
   </trkpt>
   <trkpt lat="-29.7739510" lon="24.4361860">
    <ele>1125.0</ele>
   </trkpt>
   <trkpt lat="-29.7738880" lon="24.4362610">
    <ele>1125.0</ele>
   </trkpt>
   <trkpt lat="-29.7738240" lon="24.4363290">
    <ele>1125.0</ele>
   </trkpt>
   <trkpt lat="-29.7737600" lon="24.4363940">
    <ele>1125.0</ele>
   </trkpt>
   <trkpt lat="-29.7736980" lon="24.4364640">
    <ele>1125.0</ele>
   </trkpt>
   <trkpt lat="-29.7736460" lon="24.4365210">
    <ele>1125.0</ele>
   </trkpt>
   <trkpt lat="-29.7735990" lon="24.4365770">
    <ele>1125.0</ele>
   </trkpt>
   <trkpt lat="-29.7735630" lon="24.4366210">
    <ele>1125.0</ele>
   </trkpt>
   <trkpt lat="-29.7735370" lon="24.4366490">
    <ele>1125.0</ele>
   </trkpt>
   <trkpt lat="-29.7735260" lon="24.4366610">
    <ele>1125.0</ele>
   </trkpt>
   <trkpt lat="-29.7735200" lon="24.4366670">
    <ele>1125.0</ele>
   </trkpt>
   <trkpt lat="-29.7735180" lon="24.4366670">
    <ele>1125.0</ele>
   </trkpt>
   <trkpt lat="-29.7735170" lon="24.4366660">
    <ele>1125.0</ele>
   </trkpt>
   <trkpt lat="-29.7735170" lon="24.4366670">
    <ele>1125.0</ele>
   </trkpt>
   <trkpt lat="-29.7735140" lon="24.4366620">
    <ele>1125.0</ele>
   </trkpt>
   <trkpt lat="-29.7735140" lon="24.4366680">
    <ele>1125.0</ele>
   </trkpt>
   <trkpt lat="-29.7735150" lon="24.4366690">
    <ele>1125.0</ele>
   </trkpt>
   <trkpt lat="-29.7735130" lon="24.4366660">
    <ele>1125.0</ele>
   </trkpt>
   <trkpt lat="-29.7735090" lon="24.4366700">
    <ele>1125.0</ele>
   </trkpt>
   <trkpt lat="-29.7735120" lon="24.4366680">
    <ele>1125.0</ele>
   </trkpt>
   <trkpt lat="-29.7735110" lon="24.4366610">
    <ele>1125.0</ele>
   </trkpt>
   <trkpt lat="-29.7734720" lon="24.4366690">
    <ele>1125.0</ele>
   </trkpt>
   <trkpt lat="-29.7734660" lon="24.4366730">
    <ele>1125.0</ele>
   </trkpt>
   <trkpt lat="-29.7734580" lon="24.4366750">
    <ele>1125.0</ele>
   </trkpt>
   <trkpt lat="-29.7734560" lon="24.4366730">
    <ele>1125.0</ele>
   </trkpt>
   <trkpt lat="-29.7734550" lon="24.4366700">
    <ele>1125.0</ele>
   </trkpt>
   <trkpt lat="-29.7734510" lon="24.4366690">
    <ele>1125.0</ele>
   </trkpt>
   <trkpt lat="-29.7734470" lon="24.4366660">
    <ele>1125.0</ele>
   </trkpt>
   <trkpt lat="-29.7734290" lon="24.4366610">
    <ele>1125.0</ele>
   </trkpt>
   <trkpt lat="-29.7734200" lon="24.4366540">
    <ele>1125.0</ele>
   </trkpt>
   <trkpt lat="-29.7734160" lon="24.4366470">
    <ele>1125.0</ele>
   </trkpt>
   <trkpt lat="-29.7734090" lon="24.4366390">
    <ele>1125.0</ele>
   </trkpt>
   <trkpt lat="-29.7734090" lon="24.4366380">
    <ele>1125.0</ele>
   </trkpt>
   <trkpt lat="-29.7734000" lon="24.4366310">
    <ele>1125.0</ele>
   </trkpt>
   <trkpt lat="-29.7733950" lon="24.4366290">
    <ele>1125.0</ele>
   </trkpt>
   <trkpt lat="-29.7733920" lon="24.4366270">
    <ele>1125.0</ele>
   </trkpt>
   <trkpt lat="-29.7733880" lon="24.4366250">
    <ele>1125.0</ele>
   </trkpt>
   <trkpt lat="-29.7733840" lon="24.4366250">
    <ele>1125.0</ele>
   </trkpt>
   <trkpt lat="-29.7733860" lon="24.4366240">
    <ele>1125.0</ele>
   </trkpt>
   <trkpt lat="-29.7733870" lon="24.4366240">
    <ele>1125.0</ele>
   </trkpt>
   <trkpt lat="-29.7733860" lon="24.4366230">
    <ele>1125.0</ele>
   </trkpt>
   <trkpt lat="-29.7733830" lon="24.4366220">
    <ele>1125.0</ele>
   </trkpt>
   <trkpt lat="-29.7733740" lon="24.4366220">
    <ele>1125.0</ele>
   </trkpt>
   <trkpt lat="-29.7733780" lon="24.4366200">
    <ele>1125.0</ele>
   </trkpt>
   <trkpt lat="-29.7733770" lon="24.4366200">
    <ele>1125.0</ele>
   </trkpt>
   <trkpt lat="-29.7733800" lon="24.4366220">
    <ele>1125.0</ele>
   </trkpt>
   <trkpt lat="-29.7733810" lon="24.4366230">
    <ele>1125.1</ele>
   </trkpt>
   <trkpt lat="-29.7733240" lon="24.4366120">
    <ele>1125.1</ele>
   </trkpt>
   <trkpt lat="-29.7733090" lon="24.4366070">
    <ele>1125.1</ele>
   </trkpt>
   <trkpt lat="-29.7732920" lon="24.4366030">
    <ele>1125.1</ele>
   </trkpt>
   <trkpt lat="-29.7732750" lon="24.4366010">
    <ele>1125.1</ele>
   </trkpt>
   <trkpt lat="-29.7732590" lon="24.4365950">
    <ele>1125.1</ele>
   </trkpt>
   <trkpt lat="-29.7732410" lon="24.4365910">
    <ele>1125.1</ele>
   </trkpt>
   <trkpt lat="-29.7732120" lon="24.4365880">
    <ele>1125.1</ele>
   </trkpt>
   <trkpt lat="-29.7732020" lon="24.4365870">
    <ele>1125.1</ele>
   </trkpt>
   <trkpt lat="-29.7731730" lon="24.4365870">
    <ele>1125.1</ele>
   </trkpt>
   <trkpt lat="-29.7731630" lon="24.4365870">
    <ele>1125.1</ele>
   </trkpt>
   <trkpt lat="-29.7731350" lon="24.4365950">
    <ele>1125.1</ele>
   </trkpt>
   <trkpt lat="-29.7731250" lon="24.4365990">
    <ele>1125.1</ele>
   </trkpt>
   <trkpt lat="-29.7730930" lon="24.4366130">
    <ele>1125.1</ele>
   </trkpt>
   <trkpt lat="-29.7730820" lon="24.4366170">
    <ele>1125.1</ele>
   </trkpt>
   <trkpt lat="-29.7730520" lon="24.4366340">
    <ele>1125.1</ele>
   </trkpt>
   <trkpt lat="-29.7730420" lon="24.4366390">
    <ele>1125.1</ele>
   </trkpt>
   <trkpt lat="-29.7730280" lon="24.4366480">
    <ele>1125.1</ele>
   </trkpt>
   <trkpt lat="-29.7730140" lon="24.4366630">
    <ele>1125.1</ele>
   </trkpt>
   <trkpt lat="-29.7729910" lon="24.4366870">
    <ele>1125.1</ele>
   </trkpt>
   <trkpt lat="-29.7729820" lon="24.4366960">
    <ele>1125.1</ele>
   </trkpt>
   <trkpt lat="-29.7729520" lon="24.4367230">
    <ele>1125.2</ele>
   </trkpt>
   <trkpt lat="-29.7729420" lon="24.4367320">
    <ele>1125.2</ele>
   </trkpt>
   <trkpt lat="-29.7729200" lon="24.4367500">
    <ele>1125.2</ele>
   </trkpt>
   <trkpt lat="-29.7728980" lon="24.4367710">
    <ele>1125.2</ele>
   </trkpt>
   <trkpt lat="-29.7728760" lon="24.4367940">
    <ele>1125.2</ele>
   </trkpt>
   <trkpt lat="-29.7728530" lon="24.4368150">
    <ele>1125.2</ele>
   </trkpt>
   <trkpt lat="-29.7728300" lon="24.4368390">
    <ele>1125.2</ele>
   </trkpt>
   <trkpt lat="-29.7728040" lon="24.4368650">
    <ele>1125.2</ele>
   </trkpt>
   <trkpt lat="-29.7727790" lon="24.4368890">
    <ele>1125.2</ele>
   </trkpt>
   <trkpt lat="-29.7727530" lon="24.4369130">
    <ele>1125.2</ele>
   </trkpt>
   <trkpt lat="-29.7727280" lon="24.4369360">
    <ele>1125.2</ele>
   </trkpt>
   <trkpt lat="-29.7727000" lon="24.4369600">
    <ele>1125.2</ele>
   </trkpt>
   <trkpt lat="-29.7726710" lon="24.4369850">
    <ele>1125.2</ele>
   </trkpt>
   <trkpt lat="-29.7726450" lon="24.4370100">
    <ele>1125.2</ele>
   </trkpt>
   <trkpt lat="-29.7726200" lon="24.4370380">
    <ele>1125.2</ele>
   </trkpt>
   <trkpt lat="-29.7725940" lon="24.4370630">
    <ele>1125.3</ele>
   </trkpt>
   <trkpt lat="-29.7725670" lon="24.4370870">
    <ele>1125.3</ele>
   </trkpt>
   <trkpt lat="-29.7725410" lon="24.4371100">
    <ele>1125.3</ele>
   </trkpt>
   <trkpt lat="-29.7725190" lon="24.4371330">
    <ele>1125.3</ele>
   </trkpt>
   <trkpt lat="-29.7724920" lon="24.4371580">
    <ele>1125.3</ele>
   </trkpt>
   <trkpt lat="-29.7724650" lon="24.4371850">
    <ele>1125.3</ele>
   </trkpt>
   <trkpt lat="-29.7724370" lon="24.4372110">
    <ele>1125.3</ele>
   </trkpt>
   <trkpt lat="-29.7724070" lon="24.4372390">
    <ele>1125.3</ele>
   </trkpt>
   <trkpt lat="-29.7723770" lon="24.4372670">
    <ele>1125.3</ele>
   </trkpt>
   <trkpt lat="-29.7723490" lon="24.4372940">
    <ele>1125.3</ele>
   </trkpt>
   <trkpt lat="-29.7723230" lon="24.4373200">
    <ele>1125.3</ele>
   </trkpt>
   <trkpt lat="-29.7722930" lon="24.4373470">
    <ele>1125.3</ele>
   </trkpt>
   <trkpt lat="-29.7722650" lon="24.4373730">
    <ele>1125.4</ele>
   </trkpt>
   <trkpt lat="-29.7722400" lon="24.4373990">
    <ele>1125.4</ele>
   </trkpt>
   <trkpt lat="-29.7722140" lon="24.4374250">
    <ele>1125.4</ele>
   </trkpt>
   <trkpt lat="-29.7721890" lon="24.4374470">
    <ele>1125.4</ele>
   </trkpt>
   <trkpt lat="-29.7721660" lon="24.4374680">
    <ele>1125.4</ele>
   </trkpt>
   <trkpt lat="-29.7721410" lon="24.4374940">
    <ele>1125.4</ele>
   </trkpt>
   <trkpt lat="-29.7721320" lon="24.4375030">
    <ele>1125.4</ele>
   </trkpt>
   <trkpt lat="-29.7721010" lon="24.4375320">
    <ele>1125.4</ele>
   </trkpt>
   <trkpt lat="-29.7720900" lon="24.4375410">
    <ele>1125.4</ele>
   </trkpt>
   <trkpt lat="-29.7720660" lon="24.4375610">
    <ele>1125.4</ele>
   </trkpt>
   <trkpt lat="-29.7720440" lon="24.4375820">
    <ele>1125.4</ele>
   </trkpt>
   <trkpt lat="-29.7720210" lon="24.4376040">
    <ele>1125.4</ele>
   </trkpt>
   <trkpt lat="-29.7719950" lon="24.4376250">
    <ele>1125.4</ele>
   </trkpt>
   <trkpt lat="-29.7719690" lon="24.4376470">
    <ele>1125.4</ele>
   </trkpt>
   <trkpt lat="-29.7719440" lon="24.4376690">
    <ele>1125.4</ele>
   </trkpt>
   <trkpt lat="-29.7719150" lon="24.4376910">
    <ele>1125.5</ele>
   </trkpt>
   <trkpt lat="-29.7718880" lon="24.4377130">
    <ele>1125.5</ele>
   </trkpt>
   <trkpt lat="-29.7718590" lon="24.4377320">
    <ele>1125.5</ele>
   </trkpt>
   <trkpt lat="-29.7718290" lon="24.4377510">
    <ele>1125.5</ele>
   </trkpt>
   <trkpt lat="-29.7717950" lon="24.4377700">
    <ele>1125.5</ele>
   </trkpt>
   <trkpt lat="-29.7717600" lon="24.4377840">
    <ele>1125.5</ele>
   </trkpt>
   <trkpt lat="-29.7717250" lon="24.4377980">
    <ele>1125.5</ele>
   </trkpt>
   <trkpt lat="-29.7716910" lon="24.4378130">
    <ele>1125.5</ele>
   </trkpt>
   <trkpt lat="-29.7716550" lon="24.4378280">
    <ele>1125.5</ele>
   </trkpt>
   <trkpt lat="-29.7716210" lon="24.4378420">
    <ele>1125.5</ele>
   </trkpt>
   <trkpt lat="-29.7715870" lon="24.4378550">
    <ele>1125.5</ele>
   </trkpt>
   <trkpt lat="-29.7715560" lon="24.4378660">
    <ele>1125.5</ele>
   </trkpt>
   <trkpt lat="-29.7715430" lon="24.4378700">
    <ele>1125.5</ele>
   </trkpt>
   <trkpt lat="-29.7715240" lon="24.4378760">
    <ele>1125.5</ele>
   </trkpt>
   <trkpt lat="-29.7714900" lon="24.4378880">
    <ele>1125.6</ele>
   </trkpt>
   <trkpt lat="-29.7714750" lon="24.4378930">
    <ele>1125.6</ele>
   </trkpt>
   <trkpt lat="-29.7714450" lon="24.4379020">
    <ele>1125.6</ele>
   </trkpt>
   <trkpt lat="-29.7714330" lon="24.4379050">
    <ele>1125.6</ele>
   </trkpt>
   <trkpt lat="-29.7713880" lon="24.4379190">
    <ele>1125.6</ele>
   </trkpt>
   <trkpt lat="-29.7713560" lon="24.4379320">
    <ele>1125.6</ele>
   </trkpt>
   <trkpt lat="-29.7713230" lon="24.4379450">
    <ele>1125.6</ele>
   </trkpt>
   <trkpt lat="-29.7713120" lon="24.4379490">
    <ele>1125.6</ele>
   </trkpt>
   <trkpt lat="-29.7712760" lon="24.4379640">
    <ele>1125.6</ele>
   </trkpt>
   <trkpt lat="-29.7712630" lon="24.4379700">
    <ele>1125.6</ele>
   </trkpt>
   <trkpt lat="-29.7712360" lon="24.4379810">
    <ele>1125.6</ele>
   </trkpt>
   <trkpt lat="-29.7712060" lon="24.4380010">
    <ele>1125.6</ele>
   </trkpt>
   <trkpt lat="-29.7711770" lon="24.4380210">
    <ele>1125.6</ele>
   </trkpt>
   <trkpt lat="-29.7711540" lon="24.4380390">
    <ele>1125.6</ele>
   </trkpt>
   <trkpt lat="-29.7711210" lon="24.4380670">
    <ele>1125.6</ele>
   </trkpt>
   <trkpt lat="-29.7711100" lon="24.4380780">
    <ele>1125.6</ele>
   </trkpt>
   <trkpt lat="-29.7710900" lon="24.4381040">
    <ele>1125.7</ele>
   </trkpt>
   <trkpt lat="-29.7710720" lon="24.4381340">
    <ele>1125.7</ele>
   </trkpt>
   <trkpt lat="-29.7710570" lon="24.4381650">
    <ele>1125.7</ele>
   </trkpt>
   <trkpt lat="-29.7710450" lon="24.4381980">
    <ele>1125.7</ele>
   </trkpt>
   <trkpt lat="-29.7710360" lon="24.4382360">
    <ele>1125.7</ele>
   </trkpt>
   <trkpt lat="-29.7710310" lon="24.4382710">
    <ele>1125.7</ele>
   </trkpt>
   <trkpt lat="-29.7710300" lon="24.4383070">
    <ele>1125.7</ele>
   </trkpt>
   <trkpt lat="-29.7710310" lon="24.4383470">
    <ele>1125.7</ele>
   </trkpt>
   <trkpt lat="-29.7710360" lon="24.4383850">
    <ele>1125.7</ele>
   </trkpt>
   <trkpt lat="-29.7710440" lon="24.4384230">
    <ele>1125.7</ele>
   </trkpt>
   <trkpt lat="-29.7710520" lon="24.4384610">
    <ele>1125.7</ele>
   </trkpt>
   <trkpt lat="-29.7710610" lon="24.4384990">
    <ele>1125.7</ele>
   </trkpt>
   <trkpt lat="-29.7710690" lon="24.4385380">
    <ele>1125.7</ele>
   </trkpt>
   <trkpt lat="-29.7710790" lon="24.4385770">
    <ele>1125.7</ele>
   </trkpt>
   <trkpt lat="-29.7710880" lon="24.4386180">
    <ele>1125.8</ele>
   </trkpt>
   <trkpt lat="-29.7710950" lon="24.4386610">
    <ele>1125.8</ele>
   </trkpt>
   <trkpt lat="-29.7711010" lon="24.4387040">
    <ele>1125.8</ele>
   </trkpt>
   <trkpt lat="-29.7711020" lon="24.4387480">
    <ele>1125.8</ele>
   </trkpt>
   <trkpt lat="-29.7711000" lon="24.4387910">
    <ele>1125.8</ele>
   </trkpt>
   <trkpt lat="-29.7710920" lon="24.4388290">
    <ele>1125.8</ele>
   </trkpt>
   <trkpt lat="-29.7710800" lon="24.4388640">
    <ele>1125.8</ele>
   </trkpt>
   <trkpt lat="-29.7710660" lon="24.4388980">
    <ele>1125.8</ele>
   </trkpt>
   <trkpt lat="-29.7710500" lon="24.4389280">
    <ele>1125.8</ele>
   </trkpt>
   <trkpt lat="-29.7710330" lon="24.4389540">
    <ele>1125.8</ele>
   </trkpt>
   <trkpt lat="-29.7710230" lon="24.4389750">
    <ele>1125.8</ele>
   </trkpt>
   <trkpt lat="-29.7710200" lon="24.4389930">
    <ele>1125.8</ele>
   </trkpt>
   <trkpt lat="-29.7710030" lon="24.4390230">
    <ele>1125.8</ele>
   </trkpt>
   <trkpt lat="-29.7709940" lon="24.4390330">
    <ele>1125.8</ele>
   </trkpt>
   <trkpt lat="-29.7709720" lon="24.4390560">
    <ele>1125.8</ele>
   </trkpt>
   <trkpt lat="-29.7709520" lon="24.4390780">
    <ele>1125.9</ele>
   </trkpt>
   <trkpt lat="-29.7709300" lon="24.4391020">
    <ele>1125.9</ele>
   </trkpt>
   <trkpt lat="-29.7709090" lon="24.4391270">
    <ele>1125.9</ele>
   </trkpt>
   <trkpt lat="-29.7708870" lon="24.4391520">
    <ele>1125.9</ele>
   </trkpt>
   <trkpt lat="-29.7708660" lon="24.4391780">
    <ele>1125.9</ele>
   </trkpt>
   <trkpt lat="-29.7708430" lon="24.4392040">
    <ele>1125.9</ele>
   </trkpt>
   <trkpt lat="-29.7708200" lon="24.4392290">
    <ele>1125.9</ele>
   </trkpt>
   <trkpt lat="-29.7708000" lon="24.4392530">
    <ele>1125.9</ele>
   </trkpt>
   <trkpt lat="-29.7707800" lon="24.4392760">
    <ele>1125.9</ele>
   </trkpt>
   <trkpt lat="-29.7707580" lon="24.4392990">
    <ele>1125.9</ele>
   </trkpt>
   <trkpt lat="-29.7707350" lon="24.4393220">
    <ele>1125.9</ele>
   </trkpt>
   <trkpt lat="-29.7707110" lon="24.4393430">
    <ele>1125.9</ele>
   </trkpt>
   <trkpt lat="-29.7706860" lon="24.4393640">
    <ele>1125.9</ele>
   </trkpt>
   <trkpt lat="-29.7706650" lon="24.4393860">
    <ele>1125.9</ele>
   </trkpt>
   <trkpt lat="-29.7706440" lon="24.4394080">
    <ele>1125.9</ele>
   </trkpt>
   <trkpt lat="-29.7706210" lon="24.4394300">
    <ele>1125.9</ele>
   </trkpt>
   <trkpt lat="-29.7705970" lon="24.4394560">
    <ele>1125.9</ele>
   </trkpt>
   <trkpt lat="-29.7705730" lon="24.4394880">
    <ele>1125.9</ele>
   </trkpt>
   <trkpt lat="-29.7705490" lon="24.4395200">
    <ele>1125.9</ele>
   </trkpt>
   <trkpt lat="-29.7705290" lon="24.4395490">
    <ele>1125.9</ele>
   </trkpt>
   <trkpt lat="-29.7705110" lon="24.4395800">
    <ele>1125.9</ele>
   </trkpt>
   <trkpt lat="-29.7704900" lon="24.4396080">
    <ele>1125.9</ele>
   </trkpt>
   <trkpt lat="-29.7704690" lon="24.4396330">
    <ele>1125.9</ele>
   </trkpt>
   <trkpt lat="-29.7704480" lon="24.4396580">
    <ele>1125.8</ele>
   </trkpt>
   <trkpt lat="-29.7704250" lon="24.4396810">
    <ele>1125.8</ele>
   </trkpt>
   <trkpt lat="-29.7703980" lon="24.4397030">
    <ele>1125.8</ele>
   </trkpt>
   <trkpt lat="-29.7703720" lon="24.4397230">
    <ele>1125.8</ele>
   </trkpt>
   <trkpt lat="-29.7703410" lon="24.4397400">
    <ele>1125.8</ele>
   </trkpt>
   <trkpt lat="-29.7703110" lon="24.4397530">
    <ele>1125.8</ele>
   </trkpt>
   <trkpt lat="-29.7702770" lon="24.4397660">
    <ele>1125.8</ele>
   </trkpt>
   <trkpt lat="-29.7702440" lon="24.4397740">
    <ele>1125.8</ele>
   </trkpt>
   <trkpt lat="-29.7702120" lon="24.4397780">
    <ele>1125.8</ele>
   </trkpt>
   <trkpt lat="-29.7701780" lon="24.4397800">
    <ele>1125.8</ele>
   </trkpt>
   <trkpt lat="-29.7701440" lon="24.4397810">
    <ele>1125.8</ele>
   </trkpt>
   <trkpt lat="-29.7701110" lon="24.4397800">
    <ele>1125.8</ele>
   </trkpt>
   <trkpt lat="-29.7700760" lon="24.4397780">
    <ele>1125.8</ele>
   </trkpt>
   <trkpt lat="-29.7700430" lon="24.4397730">
    <ele>1125.8</ele>
   </trkpt>
   <trkpt lat="-29.7700070" lon="24.4397680">
    <ele>1125.7</ele>
   </trkpt>
   <trkpt lat="-29.7699720" lon="24.4397650">
    <ele>1125.7</ele>
   </trkpt>
   <trkpt lat="-29.7699350" lon="24.4397610">
    <ele>1125.7</ele>
   </trkpt>
   <trkpt lat="-29.7698960" lon="24.4397570">
    <ele>1125.7</ele>
   </trkpt>
   <trkpt lat="-29.7698590" lon="24.4397530">
    <ele>1125.7</ele>
   </trkpt>
   <trkpt lat="-29.7698210" lon="24.4397480">
    <ele>1125.7</ele>
   </trkpt>
   <trkpt lat="-29.7697830" lon="24.4397440">
    <ele>1125.7</ele>
   </trkpt>
   <trkpt lat="-29.7697440" lon="24.4397410">
    <ele>1125.7</ele>
   </trkpt>
   <trkpt lat="-29.7697050" lon="24.4397420">
    <ele>1125.7</ele>
   </trkpt>
   <trkpt lat="-29.7696660" lon="24.4397460">
    <ele>1125.7</ele>
   </trkpt>
   <trkpt lat="-29.7696280" lon="24.4397550">
    <ele>1125.7</ele>
   </trkpt>
   <trkpt lat="-29.7695920" lon="24.4397650">
    <ele>1125.7</ele>
   </trkpt>
   <trkpt lat="-29.7695570" lon="24.4397810">
    <ele>1125.6</ele>
   </trkpt>
   <trkpt lat="-29.7695240" lon="24.4398020">
    <ele>1125.6</ele>
   </trkpt>
   <trkpt lat="-29.7694920" lon="24.4398220">
    <ele>1125.6</ele>
   </trkpt>
   <trkpt lat="-29.7694620" lon="24.4398430">
    <ele>1125.6</ele>
   </trkpt>
   <trkpt lat="-29.7694320" lon="24.4398670">
    <ele>1125.6</ele>
   </trkpt>
   <trkpt lat="-29.7694030" lon="24.4398910">
    <ele>1125.6</ele>
   </trkpt>
   <trkpt lat="-29.7693700" lon="24.4399160">
    <ele>1125.6</ele>
   </trkpt>
   <trkpt lat="-29.7693410" lon="24.4399410">
    <ele>1125.6</ele>
   </trkpt>
   <trkpt lat="-29.7693100" lon="24.4399670">
    <ele>1125.6</ele>
   </trkpt>
   <trkpt lat="-29.7692770" lon="24.4399920">
    <ele>1125.6</ele>
   </trkpt>
   <trkpt lat="-29.7692460" lon="24.4400180">
    <ele>1125.6</ele>
   </trkpt>
   <trkpt lat="-29.7692170" lon="24.4400450">
    <ele>1125.6</ele>
   </trkpt>
   <trkpt lat="-29.7691840" lon="24.4400680">
    <ele>1125.6</ele>
   </trkpt>
   <trkpt lat="-29.7691530" lon="24.4400930">
    <ele>1125.5</ele>
   </trkpt>
   <trkpt lat="-29.7691230" lon="24.4401230">
    <ele>1125.5</ele>
   </trkpt>
   <trkpt lat="-29.7690950" lon="24.4401460">
    <ele>1125.5</ele>
   </trkpt>
   <trkpt lat="-29.7690720" lon="24.4401640">
    <ele>1125.5</ele>
   </trkpt>
   <trkpt lat="-29.7690550" lon="24.4401750">
    <ele>1125.5</ele>
   </trkpt>
   <trkpt lat="-29.7690410" lon="24.4401780">
    <ele>1125.5</ele>
   </trkpt>
   <trkpt lat="-29.7690170" lon="24.4401910">
    <ele>1125.5</ele>
   </trkpt>
   <trkpt lat="-29.7690080" lon="24.4401970">
    <ele>1125.5</ele>
   </trkpt>
   <trkpt lat="-29.7689820" lon="24.4402280">
    <ele>1125.5</ele>
   </trkpt>
   <trkpt lat="-29.7689730" lon="24.4402390">
    <ele>1125.5</ele>
   </trkpt>
   <trkpt lat="-29.7689440" lon="24.4402720">
    <ele>1125.5</ele>
   </trkpt>
   <trkpt lat="-29.7689340" lon="24.4402840">
    <ele>1125.5</ele>
   </trkpt>
   <trkpt lat="-29.7689180" lon="24.4403130">
    <ele>1125.5</ele>
   </trkpt>
   <trkpt lat="-29.7689020" lon="24.4403440">
    <ele>1125.5</ele>
   </trkpt>
   <trkpt lat="-29.7688900" lon="24.4403780">
    <ele>1125.5</ele>
   </trkpt>
   <trkpt lat="-29.7688800" lon="24.4404140">
    <ele>1125.5</ele>
   </trkpt>
   <trkpt lat="-29.7688730" lon="24.4404520">
    <ele>1125.4</ele>
   </trkpt>
   <trkpt lat="-29.7688670" lon="24.4404860">
    <ele>1125.4</ele>
   </trkpt>
   <trkpt lat="-29.7688620" lon="24.4405210">
    <ele>1125.4</ele>
   </trkpt>
   <trkpt lat="-29.7688620" lon="24.4405570">
    <ele>1125.4</ele>
   </trkpt>
   <trkpt lat="-29.7688600" lon="24.4405920">
    <ele>1125.4</ele>
   </trkpt>
   <trkpt lat="-29.7688570" lon="24.4406260">
    <ele>1125.4</ele>
   </trkpt>
   <trkpt lat="-29.7688550" lon="24.4406600">
    <ele>1125.4</ele>
   </trkpt>
   <trkpt lat="-29.7688540" lon="24.4406980">
    <ele>1125.4</ele>
   </trkpt>
   <trkpt lat="-29.7688520" lon="24.4407340">
    <ele>1125.4</ele>
   </trkpt>
   <trkpt lat="-29.7688500" lon="24.4407700">
    <ele>1125.4</ele>
   </trkpt>
   <trkpt lat="-29.7688460" lon="24.4408070">
    <ele>1125.4</ele>
   </trkpt>
   <trkpt lat="-29.7688440" lon="24.4408460">
    <ele>1125.4</ele>
   </trkpt>
   <trkpt lat="-29.7688420" lon="24.4408840">
    <ele>1125.4</ele>
   </trkpt>
   <trkpt lat="-29.7688390" lon="24.4409260">
    <ele>1125.4</ele>
   </trkpt>
   <trkpt lat="-29.7688360" lon="24.4409670">
    <ele>1125.4</ele>
   </trkpt>
   <trkpt lat="-29.7688330" lon="24.4410080">
    <ele>1125.3</ele>
   </trkpt>
   <trkpt lat="-29.7688300" lon="24.4410480">
    <ele>1125.3</ele>
   </trkpt>
   <trkpt lat="-29.7688270" lon="24.4410880">
    <ele>1125.3</ele>
   </trkpt>
   <trkpt lat="-29.7688230" lon="24.4411300">
    <ele>1125.3</ele>
   </trkpt>
   <trkpt lat="-29.7688210" lon="24.4411710">
    <ele>1125.3</ele>
   </trkpt>
   <trkpt lat="-29.7688160" lon="24.4412120">
    <ele>1125.3</ele>
   </trkpt>
   <trkpt lat="-29.7688120" lon="24.4412530">
    <ele>1125.3</ele>
   </trkpt>
   <trkpt lat="-29.7688090" lon="24.4412950">
    <ele>1125.3</ele>
   </trkpt>
   <trkpt lat="-29.7688060" lon="24.4413370">
    <ele>1125.3</ele>
   </trkpt>
   <trkpt lat="-29.7688030" lon="24.4413780">
    <ele>1125.3</ele>
   </trkpt>
   <trkpt lat="-29.7687990" lon="24.4414190">
    <ele>1125.3</ele>
   </trkpt>
   <trkpt lat="-29.7687950" lon="24.4414580">
    <ele>1125.3</ele>
   </trkpt>
   <trkpt lat="-29.7687910" lon="24.4414950">
    <ele>1125.3</ele>
   </trkpt>
   <trkpt lat="-29.7687880" lon="24.4415350">
    <ele>1125.2</ele>
   </trkpt>
   <trkpt lat="-29.7687850" lon="24.4415740">
    <ele>1125.2</ele>
   </trkpt>
   <trkpt lat="-29.7687820" lon="24.4416080">
    <ele>1125.2</ele>
   </trkpt>
   <trkpt lat="-29.7687790" lon="24.4416420">
    <ele>1125.2</ele>
   </trkpt>
   <trkpt lat="-29.7687750" lon="24.4416790">
    <ele>1125.2</ele>
   </trkpt>
   <trkpt lat="-29.7687750" lon="24.4417130">
    <ele>1125.2</ele>
   </trkpt>
   <trkpt lat="-29.7687760" lon="24.4417500">
    <ele>1125.2</ele>
   </trkpt>
   <trkpt lat="-29.7687760" lon="24.4417610">
    <ele>1125.2</ele>
   </trkpt>
   <trkpt lat="-29.7687750" lon="24.4417990">
    <ele>1125.2</ele>
   </trkpt>
   <trkpt lat="-29.7687740" lon="24.4418130">
    <ele>1125.2</ele>
   </trkpt>
   <trkpt lat="-29.7687740" lon="24.4418550">
    <ele>1125.2</ele>
   </trkpt>
   <trkpt lat="-29.7687730" lon="24.4418690">
    <ele>1125.2</ele>
   </trkpt>
   <trkpt lat="-29.7687730" lon="24.4419010">
    <ele>1125.2</ele>
   </trkpt>
   <trkpt lat="-29.7687710" lon="24.4419450">
    <ele>1125.2</ele>
   </trkpt>
   <trkpt lat="-29.7687680" lon="24.4419590">
    <ele>1125.2</ele>
   </trkpt>
   <trkpt lat="-29.7687680" lon="24.4419920">
    <ele>1125.2</ele>
   </trkpt>
   <trkpt lat="-29.7687660" lon="24.4420280">
    <ele>1125.2</ele>
   </trkpt>
   <trkpt lat="-29.7687630" lon="24.4420630">
    <ele>1125.1</ele>
   </trkpt>
   <trkpt lat="-29.7687600" lon="24.4420970">
    <ele>1125.1</ele>
   </trkpt>
   <trkpt lat="-29.7687600" lon="24.4421370">
    <ele>1125.1</ele>
   </trkpt>
   <trkpt lat="-29.7687590" lon="24.4421540">
    <ele>1125.1</ele>
   </trkpt>
   <trkpt lat="-29.7687540" lon="24.4421980">
    <ele>1125.1</ele>
   </trkpt>
   <trkpt lat="-29.7687530" lon="24.4422480">
    <ele>1125.1</ele>
   </trkpt>
   <trkpt lat="-29.7687500" lon="24.4422850">
    <ele>1125.1</ele>
   </trkpt>
   <trkpt lat="-29.7687470" lon="24.4423190">
    <ele>1125.1</ele>
   </trkpt>
   <trkpt lat="-29.7687460" lon="24.4423600">
    <ele>1125.1</ele>
   </trkpt>
   <trkpt lat="-29.7687460" lon="24.4424020">
    <ele>1125.1</ele>
   </trkpt>
   <trkpt lat="-29.7687440" lon="24.4424440">
    <ele>1125.1</ele>
   </trkpt>
   <trkpt lat="-29.7687490" lon="24.4424860">
    <ele>1125.1</ele>
   </trkpt>
   <trkpt lat="-29.7687560" lon="24.4425300">
    <ele>1125.1</ele>
   </trkpt>
   <trkpt lat="-29.7687520" lon="24.4425700">
    <ele>1125.1</ele>
   </trkpt>
   <trkpt lat="-29.7687480" lon="24.4426120">
    <ele>1125.0</ele>
   </trkpt>
   <trkpt lat="-29.7687450" lon="24.4426550">
    <ele>1125.0</ele>
   </trkpt>
   <trkpt lat="-29.7687430" lon="24.4426970">
    <ele>1125.0</ele>
   </trkpt>
   <trkpt lat="-29.7687420" lon="24.4427390">
    <ele>1125.0</ele>
   </trkpt>
   <trkpt lat="-29.7687390" lon="24.4427800">
    <ele>1125.0</ele>
   </trkpt>
   <trkpt lat="-29.7687370" lon="24.4428210">
    <ele>1125.0</ele>
   </trkpt>
   <trkpt lat="-29.7687340" lon="24.4428630">
    <ele>1125.0</ele>
   </trkpt>
   <trkpt lat="-29.7687300" lon="24.4429020">
    <ele>1125.0</ele>
   </trkpt>
   <trkpt lat="-29.7687290" lon="24.4429440">
    <ele>1125.0</ele>
   </trkpt>
   <trkpt lat="-29.7687260" lon="24.4429860">
    <ele>1125.0</ele>
   </trkpt>
   <trkpt lat="-29.7687210" lon="24.4430270">
    <ele>1125.0</ele>
   </trkpt>
   <trkpt lat="-29.7687170" lon="24.4430680">
    <ele>1125.0</ele>
   </trkpt>
   <trkpt lat="-29.7687110" lon="24.4431110">
    <ele>1124.9</ele>
   </trkpt>
   <trkpt lat="-29.7687080" lon="24.4431550">
    <ele>1124.9</ele>
   </trkpt>
   <trkpt lat="-29.7687000" lon="24.4431980">
    <ele>1124.9</ele>
   </trkpt>
   <trkpt lat="-29.7686950" lon="24.4432410">
    <ele>1124.9</ele>
   </trkpt>
   <trkpt lat="-29.7686870" lon="24.4432850">
    <ele>1124.9</ele>
   </trkpt>
   <trkpt lat="-29.7686800" lon="24.4433290">
    <ele>1124.9</ele>
   </trkpt>
   <trkpt lat="-29.7686730" lon="24.4433730">
    <ele>1124.9</ele>
   </trkpt>
   <trkpt lat="-29.7686670" lon="24.4434170">
    <ele>1124.9</ele>
   </trkpt>
   <trkpt lat="-29.7686570" lon="24.4434620">
    <ele>1124.9</ele>
   </trkpt>
   <trkpt lat="-29.7686490" lon="24.4435070">
    <ele>1124.9</ele>
   </trkpt>
   <trkpt lat="-29.7686410" lon="24.4435490">
    <ele>1124.9</ele>
   </trkpt>
   <trkpt lat="-29.7686340" lon="24.4435920">
    <ele>1124.9</ele>
   </trkpt>
   <trkpt lat="-29.7686230" lon="24.4436340">
    <ele>1124.8</ele>
   </trkpt>
   <trkpt lat="-29.7686100" lon="24.4436760">
    <ele>1124.8</ele>
   </trkpt>
   <trkpt lat="-29.7686010" lon="24.4437180">
    <ele>1124.8</ele>
   </trkpt>
   <trkpt lat="-29.7685950" lon="24.4437610">
    <ele>1124.8</ele>
   </trkpt>
   <trkpt lat="-29.7685860" lon="24.4438020">
    <ele>1124.8</ele>
   </trkpt>
   <trkpt lat="-29.7685750" lon="24.4438420">
    <ele>1124.8</ele>
   </trkpt>
   <trkpt lat="-29.7685680" lon="24.4438840">
    <ele>1124.8</ele>
   </trkpt>
   <trkpt lat="-29.7685590" lon="24.4439250">
    <ele>1124.8</ele>
   </trkpt>
   <trkpt lat="-29.7685500" lon="24.4439680">
    <ele>1124.8</ele>
   </trkpt>
   <trkpt lat="-29.7685420" lon="24.4440120">
    <ele>1124.8</ele>
   </trkpt>
   <trkpt lat="-29.7685340" lon="24.4440560">
    <ele>1124.8</ele>
   </trkpt>
   <trkpt lat="-29.7685260" lon="24.4441000">
    <ele>1124.8</ele>
   </trkpt>
   <trkpt lat="-29.7685160" lon="24.4441440">
    <ele>1124.8</ele>
   </trkpt>
   <trkpt lat="-29.7685060" lon="24.4441900">
    <ele>1124.7</ele>
   </trkpt>
   <trkpt lat="-29.7684950" lon="24.4442390">
    <ele>1124.7</ele>
   </trkpt>
   <trkpt lat="-29.7684890" lon="24.4442810">
    <ele>1124.7</ele>
   </trkpt>
   <trkpt lat="-29.7684820" lon="24.4443230">
    <ele>1124.7</ele>
   </trkpt>
   <trkpt lat="-29.7684770" lon="24.4443650">
    <ele>1124.7</ele>
   </trkpt>
   <trkpt lat="-29.7684690" lon="24.4444090">
    <ele>1124.7</ele>
   </trkpt>
   <trkpt lat="-29.7684620" lon="24.4444530">
    <ele>1124.7</ele>
   </trkpt>
   <trkpt lat="-29.7684530" lon="24.4444970">
    <ele>1124.7</ele>
   </trkpt>
   <trkpt lat="-29.7684460" lon="24.4445410">
    <ele>1124.7</ele>
   </trkpt>
   <trkpt lat="-29.7684340" lon="24.4445830">
    <ele>1124.7</ele>
   </trkpt>
   <trkpt lat="-29.7684290" lon="24.4446240">
    <ele>1124.7</ele>
   </trkpt>
   <trkpt lat="-29.7684220" lon="24.4446670">
    <ele>1124.7</ele>
   </trkpt>
   <trkpt lat="-29.7684150" lon="24.4447100">
    <ele>1124.6</ele>
   </trkpt>
   <trkpt lat="-29.7684070" lon="24.4447530">
    <ele>1124.6</ele>
   </trkpt>
   <trkpt lat="-29.7684010" lon="24.4447970">
    <ele>1124.6</ele>
   </trkpt>
   <trkpt lat="-29.7683940" lon="24.4448370">
    <ele>1124.6</ele>
   </trkpt>
   <trkpt lat="-29.7683850" lon="24.4448750">
    <ele>1124.6</ele>
   </trkpt>
   <trkpt lat="-29.7683770" lon="24.4449130">
    <ele>1124.6</ele>
   </trkpt>
   <trkpt lat="-29.7683710" lon="24.4449470">
    <ele>1124.6</ele>
   </trkpt>
   <trkpt lat="-29.7683640" lon="24.4449850">
    <ele>1124.6</ele>
   </trkpt>
   <trkpt lat="-29.7683580" lon="24.4450230">
    <ele>1124.6</ele>
   </trkpt>
   <trkpt lat="-29.7683490" lon="24.4450600">
    <ele>1124.6</ele>
   </trkpt>
   <trkpt lat="-29.7683420" lon="24.4450990">
    <ele>1124.6</ele>
   </trkpt>
   <trkpt lat="-29.7683340" lon="24.4451380">
    <ele>1124.6</ele>
   </trkpt>
   <trkpt lat="-29.7683240" lon="24.4451750">
    <ele>1124.6</ele>
   </trkpt>
   <trkpt lat="-29.7683160" lon="24.4452150">
    <ele>1124.5</ele>
   </trkpt>
   <trkpt lat="-29.7683100" lon="24.4452560">
    <ele>1124.5</ele>
   </trkpt>
   <trkpt lat="-29.7683050" lon="24.4452970">
    <ele>1124.5</ele>
   </trkpt>
   <trkpt lat="-29.7682990" lon="24.4453390">
    <ele>1124.5</ele>
   </trkpt>
   <trkpt lat="-29.7682830" lon="24.4454210">
    <ele>1124.5</ele>
   </trkpt>
   <trkpt lat="-29.7682760" lon="24.4454610">
    <ele>1124.5</ele>
   </trkpt>
   <trkpt lat="-29.7682690" lon="24.4455000">
    <ele>1124.5</ele>
   </trkpt>
   <trkpt lat="-29.7682620" lon="24.4455420">
    <ele>1124.5</ele>
   </trkpt>
   <trkpt lat="-29.7682550" lon="24.4455830">
    <ele>1124.5</ele>
   </trkpt>
   <trkpt lat="-29.7682470" lon="24.4456240">
    <ele>1124.5</ele>
   </trkpt>
   <trkpt lat="-29.7682400" lon="24.4456650">
    <ele>1124.5</ele>
   </trkpt>
   <trkpt lat="-29.7682340" lon="24.4457070">
    <ele>1124.5</ele>
   </trkpt>
   <trkpt lat="-29.7682270" lon="24.4457480">
    <ele>1124.4</ele>
   </trkpt>
   <trkpt lat="-29.7682180" lon="24.4457900">
    <ele>1124.4</ele>
   </trkpt>
   <trkpt lat="-29.7682090" lon="24.4458320">
    <ele>1124.4</ele>
   </trkpt>
   <trkpt lat="-29.7682000" lon="24.4458730">
    <ele>1124.4</ele>
   </trkpt>
   <trkpt lat="-29.7681930" lon="24.4459130">
    <ele>1124.4</ele>
   </trkpt>
   <trkpt lat="-29.7681830" lon="24.4459550">
    <ele>1124.4</ele>
   </trkpt>
   <trkpt lat="-29.7681740" lon="24.4459980">
    <ele>1124.4</ele>
   </trkpt>
   <trkpt lat="-29.7681640" lon="24.4460390">
    <ele>1124.4</ele>
   </trkpt>
   <trkpt lat="-29.7681550" lon="24.4460820">
    <ele>1124.4</ele>
   </trkpt>
   <trkpt lat="-29.7681490" lon="24.4461270">
    <ele>1124.4</ele>
   </trkpt>
   <trkpt lat="-29.7681410" lon="24.4461740">
    <ele>1124.4</ele>
   </trkpt>
   <trkpt lat="-29.7681340" lon="24.4462190">
    <ele>1124.4</ele>
   </trkpt>
   <trkpt lat="-29.7681280" lon="24.4462670">
    <ele>1124.3</ele>
   </trkpt>
   <trkpt lat="-29.7681220" lon="24.4463150">
    <ele>1124.3</ele>
   </trkpt>
   <trkpt lat="-29.7681140" lon="24.4463630">
    <ele>1124.3</ele>
   </trkpt>
   <trkpt lat="-29.7681070" lon="24.4464090">
    <ele>1124.3</ele>
   </trkpt>
   <trkpt lat="-29.7681010" lon="24.4464550">
    <ele>1124.3</ele>
   </trkpt>
   <trkpt lat="-29.7680950" lon="24.4465000">
    <ele>1124.3</ele>
   </trkpt>
   <trkpt lat="-29.7680870" lon="24.4465430">
    <ele>1124.3</ele>
   </trkpt>
   <trkpt lat="-29.7680780" lon="24.4465860">
    <ele>1124.3</ele>
   </trkpt>
   <trkpt lat="-29.7680700" lon="24.4466300">
    <ele>1124.3</ele>
   </trkpt>
   <trkpt lat="-29.7680610" lon="24.4466720">
    <ele>1124.3</ele>
   </trkpt>
   <trkpt lat="-29.7680520" lon="24.4467140">
    <ele>1124.3</ele>
   </trkpt>
   <trkpt lat="-29.7680430" lon="24.4467580">
    <ele>1124.3</ele>
   </trkpt>
   <trkpt lat="-29.7680360" lon="24.4468000">
    <ele>1124.2</ele>
   </trkpt>
   <trkpt lat="-29.7680260" lon="24.4468430">
    <ele>1124.2</ele>
   </trkpt>
   <trkpt lat="-29.7680180" lon="24.4468890">
    <ele>1124.2</ele>
   </trkpt>
   <trkpt lat="-29.7680080" lon="24.4469340">
    <ele>1124.2</ele>
   </trkpt>
   <trkpt lat="-29.7680000" lon="24.4469780">
    <ele>1124.2</ele>
   </trkpt>
   <trkpt lat="-29.7679910" lon="24.4470250">
    <ele>1124.2</ele>
   </trkpt>
   <trkpt lat="-29.7679790" lon="24.4470700">
    <ele>1124.2</ele>
   </trkpt>
   <trkpt lat="-29.7679690" lon="24.4471150">
    <ele>1124.2</ele>
   </trkpt>
   <trkpt lat="-29.7679560" lon="24.4471590">
    <ele>1124.2</ele>
   </trkpt>
   <trkpt lat="-29.7679430" lon="24.4472040">
    <ele>1124.2</ele>
   </trkpt>
   <trkpt lat="-29.7679260" lon="24.4472510">
    <ele>1124.2</ele>
   </trkpt>
   <trkpt lat="-29.7679060" lon="24.4472960">
    <ele>1124.1</ele>
   </trkpt>
   <trkpt lat="-29.7678860" lon="24.4473410">
    <ele>1124.1</ele>
   </trkpt>
   <trkpt lat="-29.7678660" lon="24.4473840">
    <ele>1124.1</ele>
   </trkpt>
   <trkpt lat="-29.7678470" lon="24.4474260">
    <ele>1124.1</ele>
   </trkpt>
   <trkpt lat="-29.7678250" lon="24.4474680">
    <ele>1124.1</ele>
   </trkpt>
   <trkpt lat="-29.7678040" lon="24.4475110">
    <ele>1124.1</ele>
   </trkpt>
   <trkpt lat="-29.7677800" lon="24.4475540">
    <ele>1124.1</ele>
   </trkpt>
   <trkpt lat="-29.7677590" lon="24.4475970">
    <ele>1124.1</ele>
   </trkpt>
   <trkpt lat="-29.7677460" lon="24.4476300">
    <ele>1124.1</ele>
   </trkpt>
   <trkpt lat="-29.7677330" lon="24.4476580">
    <ele>1124.1</ele>
   </trkpt>
   <trkpt lat="-29.7677200" lon="24.4476880">
    <ele>1124.1</ele>
   </trkpt>
   <trkpt lat="-29.7677130" lon="24.4477050">
    <ele>1124.1</ele>
   </trkpt>
   <trkpt lat="-29.7676800" lon="24.4477820">
    <ele>1124.0</ele>
   </trkpt>
   <trkpt lat="-29.7676530" lon="24.4478340">
    <ele>1124.5</ele>
   </trkpt>
   <trkpt lat="-29.7676340" lon="24.4478780">
    <ele>1125.1</ele>
   </trkpt>
   <trkpt lat="-29.7676160" lon="24.4479230">
    <ele>1125.7</ele>
   </trkpt>
   <trkpt lat="-29.7675980" lon="24.4479660">
    <ele>1126.0</ele>
   </trkpt>
   <trkpt lat="-29.7675780" lon="24.4480090">
    <ele>1126.1</ele>
   </trkpt>
   <trkpt lat="-29.7675580" lon="24.4480520">
    <ele>1126.0</ele>
   </trkpt>
   <trkpt lat="-29.7675370" lon="24.4480960">
    <ele>1126.0</ele>
   </trkpt>
   <trkpt lat="-29.7675180" lon="24.4481390">
    <ele>1126.1</ele>
   </trkpt>
   <trkpt lat="-29.7675000" lon="24.4481800">
    <ele>1126.4</ele>
   </trkpt>
   <trkpt lat="-29.7674810" lon="24.4482210">
    <ele>1126.7</ele>
   </trkpt>
   <trkpt lat="-29.7674610" lon="24.4482630">
    <ele>1126.9</ele>
   </trkpt>
   <trkpt lat="-29.7674410" lon="24.4483040">
    <ele>1127.1</ele>
   </trkpt>
   <trkpt lat="-29.7674210" lon="24.4483440">
    <ele>1126.9</ele>
   </trkpt>
   <trkpt lat="-29.7674020" lon="24.4483830">
    <ele>1126.8</ele>
   </trkpt>
   <trkpt lat="-29.7673820" lon="24.4484240">
    <ele>1126.4</ele>
   </trkpt>
   <trkpt lat="-29.7673620" lon="24.4484650">
    <ele>1126.5</ele>
   </trkpt>
   <trkpt lat="-29.7673360" lon="24.4485150">
    <ele>1126.1</ele>
   </trkpt>
   <trkpt lat="-29.7673190" lon="24.4485530">
    <ele>1125.9</ele>
   </trkpt>
   <trkpt lat="-29.7672990" lon="24.4485930">
    <ele>1126.2</ele>
   </trkpt>
   <trkpt lat="-29.7672860" lon="24.4486340">
    <ele>1126.5</ele>
   </trkpt>
   <trkpt lat="-29.7672750" lon="24.4486780">
    <ele>1126.1</ele>
   </trkpt>
   <trkpt lat="-29.7672670" lon="24.4487000">
    <ele>1126.4</ele>
   </trkpt>
   <trkpt lat="-29.7672610" lon="24.4487360">
    <ele>1126.4</ele>
   </trkpt>
   <trkpt lat="-29.7672530" lon="24.4487650">
    <ele>1126.7</ele>
   </trkpt>
   <trkpt lat="-29.7672400" lon="24.4488210">
    <ele>1126.9</ele>
   </trkpt>
   <trkpt lat="-29.7672360" lon="24.4488520">
    <ele>1127.5</ele>
   </trkpt>
   <trkpt lat="-29.7672320" lon="24.4488860">
    <ele>1128.1</ele>
   </trkpt>
   <trkpt lat="-29.7672300" lon="24.4489240">
    <ele>1128.5</ele>
   </trkpt>
   <trkpt lat="-29.7672280" lon="24.4489600">
    <ele>1128.8</ele>
   </trkpt>
   <trkpt lat="-29.7672270" lon="24.4489970">
    <ele>1128.8</ele>
   </trkpt>
   <trkpt lat="-29.7672250" lon="24.4490330">
    <ele>1129.0</ele>
   </trkpt>
   <trkpt lat="-29.7672270" lon="24.4490700">
    <ele>1128.9</ele>
   </trkpt>
   <trkpt lat="-29.7672280" lon="24.4491040">
    <ele>1128.7</ele>
   </trkpt>
   <trkpt lat="-29.7672260" lon="24.4491440">
    <ele>1128.4</ele>
   </trkpt>
   <trkpt lat="-29.7672250" lon="24.4491800">
    <ele>1127.9</ele>
   </trkpt>
   <trkpt lat="-29.7672240" lon="24.4492120">
    <ele>1127.9</ele>
   </trkpt>
   <trkpt lat="-29.7672230" lon="24.4492450">
    <ele>1127.5</ele>
   </trkpt>
   <trkpt lat="-29.7672210" lon="24.4492780">
    <ele>1127.0</ele>
   </trkpt>
   <trkpt lat="-29.7672220" lon="24.4493110">
    <ele>1126.7</ele>
   </trkpt>
   <trkpt lat="-29.7672220" lon="24.4493460">
    <ele>1126.4</ele>
   </trkpt>
   <trkpt lat="-29.7672190" lon="24.4493820">
    <ele>1126.4</ele>
   </trkpt>
   <trkpt lat="-29.7672180" lon="24.4494180">
    <ele>1126.3</ele>
   </trkpt>
   <trkpt lat="-29.7672180" lon="24.4494540">
    <ele>1126.2</ele>
   </trkpt>
   <trkpt lat="-29.7672200" lon="24.4494880">
    <ele>1126.1</ele>
   </trkpt>
   <trkpt lat="-29.7672190" lon="24.4495230">
    <ele>1126.1</ele>
   </trkpt>
   <trkpt lat="-29.7672180" lon="24.4495560">
    <ele>1126.1</ele>
   </trkpt>
   <trkpt lat="-29.7672190" lon="24.4496020">
    <ele>1126.1</ele>
   </trkpt>
   <trkpt lat="-29.7672180" lon="24.4496170">
    <ele>1126.1</ele>
   </trkpt>
   <trkpt lat="-29.7672200" lon="24.4496610">
    <ele>1126.1</ele>
   </trkpt>
   <trkpt lat="-29.7672230" lon="24.4496740">
    <ele>1126.1</ele>
   </trkpt>
   <trkpt lat="-29.7672270" lon="24.4497140">
    <ele>1126.1</ele>
   </trkpt>
   <trkpt lat="-29.7672250" lon="24.4497290">
    <ele>1126.1</ele>
   </trkpt>
   <trkpt lat="-29.7672230" lon="24.4497710">
    <ele>1126.1</ele>
   </trkpt>
   <trkpt lat="-29.7672220" lon="24.4497850">
    <ele>1126.1</ele>
   </trkpt>
   <trkpt lat="-29.7672180" lon="24.4498290">
    <ele>1126.1</ele>
   </trkpt>
   <trkpt lat="-29.7672160" lon="24.4498450">
    <ele>1126.1</ele>
   </trkpt>
   <trkpt lat="-29.7672090" lon="24.4498770">
    <ele>1126.1</ele>
   </trkpt>
   <trkpt lat="-29.7671990" lon="24.4499100">
    <ele>1125.6</ele>
   </trkpt>
   <trkpt lat="-29.7671910" lon="24.4499430">
    <ele>1125.6</ele>
   </trkpt>
   <trkpt lat="-29.7671900" lon="24.4499890">
    <ele>1125.7</ele>
   </trkpt>
   <trkpt lat="-29.7671900" lon="24.4500040">
    <ele>1125.7</ele>
   </trkpt>
   <trkpt lat="-29.7671860" lon="24.4500460">
    <ele>1125.7</ele>
   </trkpt>
   <trkpt lat="-29.7671840" lon="24.4500590">
    <ele>1125.7</ele>
   </trkpt>
   <trkpt lat="-29.7671840" lon="24.4501030">
    <ele>1125.7</ele>
   </trkpt>
   <trkpt lat="-29.7671840" lon="24.4501170">
    <ele>1125.7</ele>
   </trkpt>
   <trkpt lat="-29.7671850" lon="24.4501620">
    <ele>1125.7</ele>
   </trkpt>
   <trkpt lat="-29.7671850" lon="24.4501770">
    <ele>1125.7</ele>
   </trkpt>
   <trkpt lat="-29.7671880" lon="24.4502080">
    <ele>1125.7</ele>
   </trkpt>
   <trkpt lat="-29.7671890" lon="24.4502420">
    <ele>1125.7</ele>
   </trkpt>
   <trkpt lat="-29.7671890" lon="24.4502800">
    <ele>1125.7</ele>
   </trkpt>
   <trkpt lat="-29.7671950" lon="24.4503600">
    <ele>1125.7</ele>
   </trkpt>
   <trkpt lat="-29.7671970" lon="24.4504020">
    <ele>1125.8</ele>
   </trkpt>
   <trkpt lat="-29.7671950" lon="24.4504370">
    <ele>1125.9</ele>
   </trkpt>
   <trkpt lat="-29.7671970" lon="24.4504720">
    <ele>1125.9</ele>
   </trkpt>
   <trkpt lat="-29.7671940" lon="24.4505120">
    <ele>1125.9</ele>
   </trkpt>
   <trkpt lat="-29.7671920" lon="24.4505530">
    <ele>1125.7</ele>
   </trkpt>
   <trkpt lat="-29.7671930" lon="24.4505960">
    <ele>1125.6</ele>
   </trkpt>
   <trkpt lat="-29.7671940" lon="24.4506360">
    <ele>1125.4</ele>
   </trkpt>
   <trkpt lat="-29.7671930" lon="24.4506770">
    <ele>1125.2</ele>
   </trkpt>
   <trkpt lat="-29.7671930" lon="24.4507180">
    <ele>1125.1</ele>
   </trkpt>
   <trkpt lat="-29.7671930" lon="24.4507590">
    <ele>1125.1</ele>
   </trkpt>
   <trkpt lat="-29.7671930" lon="24.4508000">
    <ele>1125.0</ele>
   </trkpt>
   <trkpt lat="-29.7671910" lon="24.4508410">
    <ele>1124.9</ele>
   </trkpt>
   <trkpt lat="-29.7671900" lon="24.4508820">
    <ele>1124.8</ele>
   </trkpt>
   <trkpt lat="-29.7671910" lon="24.4509260">
    <ele>1124.8</ele>
   </trkpt>
   <trkpt lat="-29.7671930" lon="24.4509680">
    <ele>1124.7</ele>
   </trkpt>
   <trkpt lat="-29.7671940" lon="24.4510100">
    <ele>1124.7</ele>
   </trkpt>
   <trkpt lat="-29.7671940" lon="24.4510520">
    <ele>1124.8</ele>
   </trkpt>
   <trkpt lat="-29.7671950" lon="24.4510920">
    <ele>1125.0</ele>
   </trkpt>
   <trkpt lat="-29.7671970" lon="24.4511350">
    <ele>1125.2</ele>
   </trkpt>
   <trkpt lat="-29.7671950" lon="24.4511770">
    <ele>1125.4</ele>
   </trkpt>
   <trkpt lat="-29.7671940" lon="24.4512170">
    <ele>1125.5</ele>
   </trkpt>
   <trkpt lat="-29.7671900" lon="24.4512540">
    <ele>1125.6</ele>
   </trkpt>
   <trkpt lat="-29.7671870" lon="24.4512930">
    <ele>1125.6</ele>
   </trkpt>
   <trkpt lat="-29.7671830" lon="24.4513330">
    <ele>1125.5</ele>
   </trkpt>
   <trkpt lat="-29.7671770" lon="24.4513710">
    <ele>1125.5</ele>
   </trkpt>
   <trkpt lat="-29.7671730" lon="24.4514100">
    <ele>1125.4</ele>
   </trkpt>
   <trkpt lat="-29.7671690" lon="24.4514500">
    <ele>1125.4</ele>
   </trkpt>
   <trkpt lat="-29.7671640" lon="24.4514900">
    <ele>1125.1</ele>
   </trkpt>
   <trkpt lat="-29.7671590" lon="24.4515300">
    <ele>1125.1</ele>
   </trkpt>
   <trkpt lat="-29.7671530" lon="24.4515720">
    <ele>1124.7</ele>
   </trkpt>
   <trkpt lat="-29.7671470" lon="24.4516130">
    <ele>1124.2</ele>
   </trkpt>
   <trkpt lat="-29.7671370" lon="24.4516540">
    <ele>1123.7</ele>
   </trkpt>
   <trkpt lat="-29.7671270" lon="24.4516950">
    <ele>1123.0</ele>
   </trkpt>
   <trkpt lat="-29.7671180" lon="24.4517370">
    <ele>1122.7</ele>
   </trkpt>
   <trkpt lat="-29.7671100" lon="24.4517790">
    <ele>1122.4</ele>
   </trkpt>
   <trkpt lat="-29.7671020" lon="24.4518210">
    <ele>1122.2</ele>
   </trkpt>
   <trkpt lat="-29.7670920" lon="24.4518610">
    <ele>1121.7</ele>
   </trkpt>
   <trkpt lat="-29.7670830" lon="24.4519040">
    <ele>1121.3</ele>
   </trkpt>
   <trkpt lat="-29.7670730" lon="24.4519450">
    <ele>1120.7</ele>
   </trkpt>
   <trkpt lat="-29.7670630" lon="24.4519850">
    <ele>1120.0</ele>
   </trkpt>
   <trkpt lat="-29.7670550" lon="24.4520270">
    <ele>1119.2</ele>
   </trkpt>
   <trkpt lat="-29.7670450" lon="24.4520710">
    <ele>1119.0</ele>
   </trkpt>
   <trkpt lat="-29.7670370" lon="24.4521140">
    <ele>1119.1</ele>
   </trkpt>
   <trkpt lat="-29.7670290" lon="24.4521560">
    <ele>1119.4</ele>
   </trkpt>
   <trkpt lat="-29.7670190" lon="24.4521970">
    <ele>1119.6</ele>
   </trkpt>
   <trkpt lat="-29.7670100" lon="24.4522370">
    <ele>1120.0</ele>
   </trkpt>
   <trkpt lat="-29.7670020" lon="24.4522770">
    <ele>1120.3</ele>
   </trkpt>
   <trkpt lat="-29.7669930" lon="24.4523180">
    <ele>1120.5</ele>
   </trkpt>
   <trkpt lat="-29.7669840" lon="24.4523580">
    <ele>1120.5</ele>
   </trkpt>
   <trkpt lat="-29.7669760" lon="24.4524010">
    <ele>1120.9</ele>
   </trkpt>
   <trkpt lat="-29.7669680" lon="24.4524450">
    <ele>1121.3</ele>
   </trkpt>
   <trkpt lat="-29.7669590" lon="24.4524890">
    <ele>1121.9</ele>
   </trkpt>
   <trkpt lat="-29.7669500" lon="24.4525320">
    <ele>1122.4</ele>
   </trkpt>
   <trkpt lat="-29.7669390" lon="24.4525760">
    <ele>1122.4</ele>
   </trkpt>
   <trkpt lat="-29.7669320" lon="24.4526200">
    <ele>1122.7</ele>
   </trkpt>
   <trkpt lat="-29.7669230" lon="24.4526650">
    <ele>1122.9</ele>
   </trkpt>
   <trkpt lat="-29.7669120" lon="24.4527100">
    <ele>1123.2</ele>
   </trkpt>
   <trkpt lat="-29.7669040" lon="24.4527540">
    <ele>1123.2</ele>
   </trkpt>
   <trkpt lat="-29.7668960" lon="24.4528000">
    <ele>1123.5</ele>
   </trkpt>
   <trkpt lat="-29.7668860" lon="24.4528440">
    <ele>1123.8</ele>
   </trkpt>
   <trkpt lat="-29.7668770" lon="24.4528880">
    <ele>1124.0</ele>
   </trkpt>
   <trkpt lat="-29.7668700" lon="24.4529330">
    <ele>1124.0</ele>
   </trkpt>
   <trkpt lat="-29.7668600" lon="24.4529760">
    <ele>1124.0</ele>
   </trkpt>
   <trkpt lat="-29.7668500" lon="24.4530200">
    <ele>1123.9</ele>
   </trkpt>
   <trkpt lat="-29.7668420" lon="24.4530650">
    <ele>1123.9</ele>
   </trkpt>
   <trkpt lat="-29.7668350" lon="24.4531080">
    <ele>1123.8</ele>
   </trkpt>
   <trkpt lat="-29.7668240" lon="24.4531520">
    <ele>1124.0</ele>
   </trkpt>
   <trkpt lat="-29.7668120" lon="24.4531970">
    <ele>1124.2</ele>
   </trkpt>
   <trkpt lat="-29.7668030" lon="24.4532400">
    <ele>1124.5</ele>
   </trkpt>
   <trkpt lat="-29.7667940" lon="24.4532850">
    <ele>1124.5</ele>
   </trkpt>
   <trkpt lat="-29.7667840" lon="24.4533290">
    <ele>1124.7</ele>
   </trkpt>
   <trkpt lat="-29.7667740" lon="24.4533750">
    <ele>1124.9</ele>
   </trkpt>
   <trkpt lat="-29.7667650" lon="24.4534180">
    <ele>1125.0</ele>
   </trkpt>
   <trkpt lat="-29.7667560" lon="24.4534630">
    <ele>1124.7</ele>
   </trkpt>
   <trkpt lat="-29.7667460" lon="24.4535060">
    <ele>1124.9</ele>
   </trkpt>
   <trkpt lat="-29.7667350" lon="24.4535500">
    <ele>1125.5</ele>
   </trkpt>
   <trkpt lat="-29.7667250" lon="24.4535940">
    <ele>1125.7</ele>
   </trkpt>
   <trkpt lat="-29.7667160" lon="24.4536370">
    <ele>1125.4</ele>
   </trkpt>
   <trkpt lat="-29.7667040" lon="24.4536810">
    <ele>1125.6</ele>
   </trkpt>
   <trkpt lat="-29.7666930" lon="24.4537250">
    <ele>1125.8</ele>
   </trkpt>
   <trkpt lat="-29.7666820" lon="24.4537660">
    <ele>1125.8</ele>
   </trkpt>
   <trkpt lat="-29.7666750" lon="24.4538010">
    <ele>1125.8</ele>
   </trkpt>
   <trkpt lat="-29.7666700" lon="24.4538210">
    <ele>1126.0</ele>
   </trkpt>
   <trkpt lat="-29.7666630" lon="24.4538670">
    <ele>1126.2</ele>
   </trkpt>
   <trkpt lat="-29.7666590" lon="24.4538870">
    <ele>1126.2</ele>
   </trkpt>
   <trkpt lat="-29.7666430" lon="24.4539720">
    <ele>1126.5</ele>
   </trkpt>
   <trkpt lat="-29.7666350" lon="24.4540180">
    <ele>1126.8</ele>
   </trkpt>
   <trkpt lat="-29.7666280" lon="24.4540670">
    <ele>1127.3</ele>
   </trkpt>
   <trkpt lat="-29.7666210" lon="24.4541150">
    <ele>1127.5</ele>
   </trkpt>
   <trkpt lat="-29.7666140" lon="24.4541610">
    <ele>1127.5</ele>
   </trkpt>
   <trkpt lat="-29.7666070" lon="24.4542040">
    <ele>1127.2</ele>
   </trkpt>
   <trkpt lat="-29.7666000" lon="24.4542440">
    <ele>1127.2</ele>
   </trkpt>
   <trkpt lat="-29.7665920" lon="24.4542860">
    <ele>1127.1</ele>
   </trkpt>
   <trkpt lat="-29.7665850" lon="24.4543270">
    <ele>1127.0</ele>
   </trkpt>
   <trkpt lat="-29.7665780" lon="24.4543680">
    <ele>1127.0</ele>
   </trkpt>
   <trkpt lat="-29.7665720" lon="24.4544070">
    <ele>1126.8</ele>
   </trkpt>
   <trkpt lat="-29.7665630" lon="24.4544460">
    <ele>1126.8</ele>
   </trkpt>
   <trkpt lat="-29.7665540" lon="24.4544870">
    <ele>1127.0</ele>
   </trkpt>
   <trkpt lat="-29.7665460" lon="24.4545300">
    <ele>1127.2</ele>
   </trkpt>
   <trkpt lat="-29.7665400" lon="24.4545710">
    <ele>1127.5</ele>
   </trkpt>
   <trkpt lat="-29.7665330" lon="24.4546120">
    <ele>1127.5</ele>
   </trkpt>
   <trkpt lat="-29.7665250" lon="24.4546500">
    <ele>1127.7</ele>
   </trkpt>
   <trkpt lat="-29.7665190" lon="24.4546860">
    <ele>1127.8</ele>
   </trkpt>
   <trkpt lat="-29.7665050" lon="24.4547380">
    <ele>1127.8</ele>
   </trkpt>
   <trkpt lat="-29.7664990" lon="24.4547770">
    <ele>1127.3</ele>
   </trkpt>
   <trkpt lat="-29.7664940" lon="24.4548170">
    <ele>1127.2</ele>
   </trkpt>
   <trkpt lat="-29.7664890" lon="24.4548570">
    <ele>1127.0</ele>
   </trkpt>
   <trkpt lat="-29.7664810" lon="24.4549040">
    <ele>1126.7</ele>
   </trkpt>
   <trkpt lat="-29.7664740" lon="24.4549460">
    <ele>1126.6</ele>
   </trkpt>
   <trkpt lat="-29.7664680" lon="24.4549860">
    <ele>1126.5</ele>
   </trkpt>
   <trkpt lat="-29.7664640" lon="24.4550260">
    <ele>1126.5</ele>
   </trkpt>
   <trkpt lat="-29.7664580" lon="24.4550660">
    <ele>1126.3</ele>
   </trkpt>
   <trkpt lat="-29.7664540" lon="24.4551010">
    <ele>1126.4</ele>
   </trkpt>
   <trkpt lat="-29.7664510" lon="24.4551280">
    <ele>1126.4</ele>
   </trkpt>
   <trkpt lat="-29.7664450" lon="24.4551850">
    <ele>1127.0</ele>
   </trkpt>
   <trkpt lat="-29.7664400" lon="24.4552240">
    <ele>1127.4</ele>
   </trkpt>
   <trkpt lat="-29.7664290" lon="24.4552830">
    <ele>1127.6</ele>
   </trkpt>
   <trkpt lat="-29.7664230" lon="24.4553220">
    <ele>1127.2</ele>
   </trkpt>
   <trkpt lat="-29.7664170" lon="24.4553630">
    <ele>1127.2</ele>
   </trkpt>
   <trkpt lat="-29.7664090" lon="24.4554040">
    <ele>1127.1</ele>
   </trkpt>
   <trkpt lat="-29.7664030" lon="24.4554440">
    <ele>1127.0</ele>
   </trkpt>
   <trkpt lat="-29.7663900" lon="24.4555260">
    <ele>1126.8</ele>
   </trkpt>
   <trkpt lat="-29.7663840" lon="24.4555660">
    <ele>1126.6</ele>
   </trkpt>
   <trkpt lat="-29.7663770" lon="24.4556060">
    <ele>1126.7</ele>
   </trkpt>
   <trkpt lat="-29.7663700" lon="24.4556470">
    <ele>1126.7</ele>
   </trkpt>
   <trkpt lat="-29.7663630" lon="24.4556880">
    <ele>1126.7</ele>
   </trkpt>
   <trkpt lat="-29.7663560" lon="24.4557280">
    <ele>1126.7</ele>
   </trkpt>
   <trkpt lat="-29.7663490" lon="24.4557690">
    <ele>1126.4</ele>
   </trkpt>
   <trkpt lat="-29.7663410" lon="24.4558100">
    <ele>1126.4</ele>
   </trkpt>
   <trkpt lat="-29.7663350" lon="24.4558510">
    <ele>1126.4</ele>
   </trkpt>
   <trkpt lat="-29.7663270" lon="24.4558920">
    <ele>1126.4</ele>
   </trkpt>
   <trkpt lat="-29.7663170" lon="24.4559350">
    <ele>1126.4</ele>
   </trkpt>
   <trkpt lat="-29.7663100" lon="24.4559720">
    <ele>1126.1</ele>
   </trkpt>
   <trkpt lat="-29.7663030" lon="24.4560100">
    <ele>1126.2</ele>
   </trkpt>
   <trkpt lat="-29.7662950" lon="24.4560490">
    <ele>1126.3</ele>
   </trkpt>
   <trkpt lat="-29.7662870" lon="24.4560850">
    <ele>1126.3</ele>
   </trkpt>
   <trkpt lat="-29.7662770" lon="24.4561240">
    <ele>1126.0</ele>
   </trkpt>
   <trkpt lat="-29.7662680" lon="24.4561630">
    <ele>1126.0</ele>
   </trkpt>
   <trkpt lat="-29.7662640" lon="24.4562050">
    <ele>1125.7</ele>
   </trkpt>
   <trkpt lat="-29.7662580" lon="24.4562490">
    <ele>1125.4</ele>
   </trkpt>
   <trkpt lat="-29.7662520" lon="24.4562890">
    <ele>1125.1</ele>
   </trkpt>
   <trkpt lat="-29.7662440" lon="24.4563290">
    <ele>1124.8</ele>
   </trkpt>
   <trkpt lat="-29.7662400" lon="24.4563700">
    <ele>1124.6</ele>
   </trkpt>
   <trkpt lat="-29.7662370" lon="24.4564110">
    <ele>1124.6</ele>
   </trkpt>
   <trkpt lat="-29.7662320" lon="24.4564500">
    <ele>1124.6</ele>
   </trkpt>
   <trkpt lat="-29.7662240" lon="24.4564890">
    <ele>1124.7</ele>
   </trkpt>
   <trkpt lat="-29.7662170" lon="24.4565270">
    <ele>1124.7</ele>
   </trkpt>
   <trkpt lat="-29.7662100" lon="24.4565640">
    <ele>1124.6</ele>
   </trkpt>
   <trkpt lat="-29.7662020" lon="24.4566040">
    <ele>1124.5</ele>
   </trkpt>
   <trkpt lat="-29.7661980" lon="24.4566420">
    <ele>1124.6</ele>
   </trkpt>
   <trkpt lat="-29.7661930" lon="24.4566810">
    <ele>1124.6</ele>
   </trkpt>
   <trkpt lat="-29.7661870" lon="24.4567190">
    <ele>1124.7</ele>
   </trkpt>
   <trkpt lat="-29.7661800" lon="24.4567570">
    <ele>1124.9</ele>
   </trkpt>
   <trkpt lat="-29.7661730" lon="24.4567930">
    <ele>1125.2</ele>
   </trkpt>
   <trkpt lat="-29.7661660" lon="24.4568290">
    <ele>1125.5</ele>
   </trkpt>
   <trkpt lat="-29.7661610" lon="24.4568640">
    <ele>1125.7</ele>
   </trkpt>
   <trkpt lat="-29.7661550" lon="24.4568990">
    <ele>1125.9</ele>
   </trkpt>
   <trkpt lat="-29.7661510" lon="24.4569340">
    <ele>1125.9</ele>
   </trkpt>
   <trkpt lat="-29.7661460" lon="24.4569740">
    <ele>1126.0</ele>
   </trkpt>
   <trkpt lat="-29.7661410" lon="24.4570100">
    <ele>1126.1</ele>
   </trkpt>
   <trkpt lat="-29.7661330" lon="24.4570460">
    <ele>1126.1</ele>
   </trkpt>
   <trkpt lat="-29.7661270" lon="24.4570850">
    <ele>1125.8</ele>
   </trkpt>
   <trkpt lat="-29.7661230" lon="24.4571230">
    <ele>1125.8</ele>
   </trkpt>
   <trkpt lat="-29.7661220" lon="24.4571610">
    <ele>1125.8</ele>
   </trkpt>
   <trkpt lat="-29.7661180" lon="24.4572020">
    <ele>1125.8</ele>
   </trkpt>
   <trkpt lat="-29.7661160" lon="24.4572420">
    <ele>1125.8</ele>
   </trkpt>
   <trkpt lat="-29.7661150" lon="24.4572800">
    <ele>1125.8</ele>
   </trkpt>
   <trkpt lat="-29.7661160" lon="24.4573190">
    <ele>1125.8</ele>
   </trkpt>
   <trkpt lat="-29.7661160" lon="24.4573590">
    <ele>1125.8</ele>
   </trkpt>
   <trkpt lat="-29.7661170" lon="24.4574000">
    <ele>1125.8</ele>
   </trkpt>
   <trkpt lat="-29.7661180" lon="24.4574380">
    <ele>1125.7</ele>
   </trkpt>
   <trkpt lat="-29.7661200" lon="24.4574790">
    <ele>1125.7</ele>
   </trkpt>
   <trkpt lat="-29.7661180" lon="24.4575160">
    <ele>1125.7</ele>
   </trkpt>
   <trkpt lat="-29.7661170" lon="24.4575540">
    <ele>1125.6</ele>
   </trkpt>
   <trkpt lat="-29.7661150" lon="24.4575930">
    <ele>1125.6</ele>
   </trkpt>
   <trkpt lat="-29.7661130" lon="24.4576300">
    <ele>1125.7</ele>
   </trkpt>
   <trkpt lat="-29.7661100" lon="24.4576680">
    <ele>1125.7</ele>
   </trkpt>
   <trkpt lat="-29.7661070" lon="24.4577050">
    <ele>1125.7</ele>
   </trkpt>
   <trkpt lat="-29.7661050" lon="24.4577430">
    <ele>1125.7</ele>
   </trkpt>
   <trkpt lat="-29.7661020" lon="24.4577800">
    <ele>1125.7</ele>
   </trkpt>
   <trkpt lat="-29.7661020" lon="24.4578160">
    <ele>1125.6</ele>
   </trkpt>
   <trkpt lat="-29.7660990" lon="24.4578520">
    <ele>1125.5</ele>
   </trkpt>
   <trkpt lat="-29.7660960" lon="24.4578880">
    <ele>1125.4</ele>
   </trkpt>
   <trkpt lat="-29.7660940" lon="24.4579230">
    <ele>1125.4</ele>
   </trkpt>
   <trkpt lat="-29.7660920" lon="24.4579570">
    <ele>1125.1</ele>
   </trkpt>
   <trkpt lat="-29.7660890" lon="24.4579930">
    <ele>1125.0</ele>
   </trkpt>
   <trkpt lat="-29.7660870" lon="24.4580300">
    <ele>1124.7</ele>
   </trkpt>
   <trkpt lat="-29.7660850" lon="24.4580680">
    <ele>1124.6</ele>
   </trkpt>
   <trkpt lat="-29.7660830" lon="24.4580760">
    <ele>1124.6</ele>
   </trkpt>
   <trkpt lat="-29.7660800" lon="24.4581090">
    <ele>1124.5</ele>
   </trkpt>
   <trkpt lat="-29.7660760" lon="24.4581540">
    <ele>1124.6</ele>
   </trkpt>
   <trkpt lat="-29.7660640" lon="24.4582230">
    <ele>1124.6</ele>
   </trkpt>
   <trkpt lat="-29.7660490" lon="24.4582590">
    <ele>1124.6</ele>
   </trkpt>
   <trkpt lat="-29.7660350" lon="24.4582930">
    <ele>1124.7</ele>
   </trkpt>
   <trkpt lat="-29.7660160" lon="24.4583270">
    <ele>1124.7</ele>
   </trkpt>
   <trkpt lat="-29.7659920" lon="24.4583570">
    <ele>1124.7</ele>
   </trkpt>
   <trkpt lat="-29.7659660" lon="24.4583830">
    <ele>1124.7</ele>
   </trkpt>
   <trkpt lat="-29.7659330" lon="24.4584110">
    <ele>1124.6</ele>
   </trkpt>
   <trkpt lat="-29.7659080" lon="24.4584340">
    <ele>1124.6</ele>
   </trkpt>
   <trkpt lat="-29.7658790" lon="24.4584520">
    <ele>1124.5</ele>
   </trkpt>
   <trkpt lat="-29.7658490" lon="24.4584670">
    <ele>1124.4</ele>
   </trkpt>
   <trkpt lat="-29.7658160" lon="24.4584770">
    <ele>1124.4</ele>
   </trkpt>
   <trkpt lat="-29.7657800" lon="24.4584850">
    <ele>1124.6</ele>
   </trkpt>
   <trkpt lat="-29.7657440" lon="24.4584900">
    <ele>1124.9</ele>
   </trkpt>
   <trkpt lat="-29.7657100" lon="24.4584930">
    <ele>1125.2</ele>
   </trkpt>
   <trkpt lat="-29.7656750" lon="24.4584960">
    <ele>1125.5</ele>
   </trkpt>
   <trkpt lat="-29.7656420" lon="24.4584980">
    <ele>1125.7</ele>
   </trkpt>
   <trkpt lat="-29.7656120" lon="24.4584990">
    <ele>1125.7</ele>
   </trkpt>
   <trkpt lat="-29.7655810" lon="24.4585010">
    <ele>1125.7</ele>
   </trkpt>
   <trkpt lat="-29.7655500" lon="24.4585060">
    <ele>1125.6</ele>
   </trkpt>
   <trkpt lat="-29.7655230" lon="24.4585100">
    <ele>1125.6</ele>
   </trkpt>
   <trkpt lat="-29.7655050" lon="24.4585130">
    <ele>1125.6</ele>
   </trkpt>
   <trkpt lat="-29.7654940" lon="24.4585140">
    <ele>1125.6</ele>
   </trkpt>
   <trkpt lat="-29.7654820" lon="24.4585150">
    <ele>1125.6</ele>
   </trkpt>
   <trkpt lat="-29.7654690" lon="24.4585170">
    <ele>1125.6</ele>
   </trkpt>
   <trkpt lat="-29.7654590" lon="24.4585190">
    <ele>1125.6</ele>
   </trkpt>
   <trkpt lat="-29.7654470" lon="24.4585190">
    <ele>1125.8</ele>
   </trkpt>
   <trkpt lat="-29.7654400" lon="24.4585210">
    <ele>1125.8</ele>
   </trkpt>
   <trkpt lat="-29.7654320" lon="24.4585240">
    <ele>1125.8</ele>
   </trkpt>
   <trkpt lat="-29.7654250" lon="24.4585260">
    <ele>1125.8</ele>
   </trkpt>
   <trkpt lat="-29.7654170" lon="24.4585280">
    <ele>1126.1</ele>
   </trkpt>
   <trkpt lat="-29.7654100" lon="24.4585300">
    <ele>1126.1</ele>
   </trkpt>
   <trkpt lat="-29.7654020" lon="24.4585330">
    <ele>1126.1</ele>
   </trkpt>
   <trkpt lat="-29.7653940" lon="24.4585350">
    <ele>1126.1</ele>
   </trkpt>
   <trkpt lat="-29.7653870" lon="24.4585370">
    <ele>1126.1</ele>
   </trkpt>
   <trkpt lat="-29.7653790" lon="24.4585390">
    <ele>1126.4</ele>
   </trkpt>
   <trkpt lat="-29.7653720" lon="24.4585410">
    <ele>1126.4</ele>
   </trkpt>
   <trkpt lat="-29.7653640" lon="24.4585440">
    <ele>1126.4</ele>
   </trkpt>
   <trkpt lat="-29.7653570" lon="24.4585460">
    <ele>1126.4</ele>
   </trkpt>
   <trkpt lat="-29.7653490" lon="24.4585480">
    <ele>1126.4</ele>
   </trkpt>
   <trkpt lat="-29.7653120" lon="24.4585480">
    <ele>1126.6</ele>
   </trkpt>
   <trkpt lat="-29.7653010" lon="24.4585490">
    <ele>1126.6</ele>
   </trkpt>
   <trkpt lat="-29.7652700" lon="24.4585530">
    <ele>1126.6</ele>
   </trkpt>
   <trkpt lat="-29.7652600" lon="24.4585550">
    <ele>1126.6</ele>
   </trkpt>
   <trkpt lat="-29.7652400" lon="24.4585560">
    <ele>1126.6</ele>
   </trkpt>
   <trkpt lat="-29.7652340" lon="24.4585560">
    <ele>1126.5</ele>
   </trkpt>
   <trkpt lat="-29.7652280" lon="24.4585560">
    <ele>1126.5</ele>
   </trkpt>
   <trkpt lat="-29.7652210" lon="24.4585560">
    <ele>1126.5</ele>
   </trkpt>
   <trkpt lat="-29.7652090" lon="24.4585540">
    <ele>1126.5</ele>
   </trkpt>
   <trkpt lat="-29.7651980" lon="24.4585480">
    <ele>1126.5</ele>
   </trkpt>
   <trkpt lat="-29.7651880" lon="24.4585400">
    <ele>1126.5</ele>
   </trkpt>
   <trkpt lat="-29.7651800" lon="24.4585380">
    <ele>1126.5</ele>
   </trkpt>
   <trkpt lat="-29.7651700" lon="24.4585360">
    <ele>1126.5</ele>
   </trkpt>
   <trkpt lat="-29.7651600" lon="24.4585370">
    <ele>1126.5</ele>
   </trkpt>
   <trkpt lat="-29.7651540" lon="24.4585390">
    <ele>1126.5</ele>
   </trkpt>
   <trkpt lat="-29.7651460" lon="24.4585440">
    <ele>1126.5</ele>
   </trkpt>
   <trkpt lat="-29.7651380" lon="24.4585460">
    <ele>1126.5</ele>
   </trkpt>
   <trkpt lat="-29.7651290" lon="24.4585450">
    <ele>1126.5</ele>
   </trkpt>
   <trkpt lat="-29.7651190" lon="24.4585430">
    <ele>1126.5</ele>
   </trkpt>
   <trkpt lat="-29.7651070" lon="24.4585440">
    <ele>1126.5</ele>
   </trkpt>
   <trkpt lat="-29.7650990" lon="24.4585450">
    <ele>1126.5</ele>
   </trkpt>
   <trkpt lat="-29.7650960" lon="24.4585510">
    <ele>1126.5</ele>
   </trkpt>
   <trkpt lat="-29.7650900" lon="24.4585590">
    <ele>1126.5</ele>
   </trkpt>
   <trkpt lat="-29.7650860" lon="24.4585650">
    <ele>1126.5</ele>
   </trkpt>
   <trkpt lat="-29.7650860" lon="24.4585630">
    <ele>1126.5</ele>
   </trkpt>
   <trkpt lat="-29.7650890" lon="24.4585590">
    <ele>1126.5</ele>
   </trkpt>
   <trkpt lat="-29.7650860" lon="24.4585610">
    <ele>1126.5</ele>
   </trkpt>
   <trkpt lat="-29.7650830" lon="24.4585680">
    <ele>1126.5</ele>
   </trkpt>
   <trkpt lat="-29.7650800" lon="24.4585750">
    <ele>1126.6</ele>
   </trkpt>
   <trkpt lat="-29.7650790" lon="24.4585790">
    <ele>1126.6</ele>
   </trkpt>
   <trkpt lat="-29.7650810" lon="24.4585770">
    <ele>1126.6</ele>
   </trkpt>
   <trkpt lat="-29.7650800" lon="24.4585780">
    <ele>1126.6</ele>
   </trkpt>
   <trkpt lat="-29.7650800" lon="24.4585780">
    <ele>1126.6</ele>
   </trkpt>
   <trkpt lat="-29.7650800" lon="24.4585830">
    <ele>1126.5</ele>
   </trkpt>
   <trkpt lat="-29.7650790" lon="24.4585800">
    <ele>1126.5</ele>
   </trkpt>
   <trkpt lat="-29.7649950" lon="24.4585780">
    <ele>1126.6</ele>
   </trkpt>
   <trkpt lat="-29.7649840" lon="24.4585850">
    <ele>1126.6</ele>
   </trkpt>
   <trkpt lat="-29.7649580" lon="24.4585940">
    <ele>1126.7</ele>
   </trkpt>
   <trkpt lat="-29.7649490" lon="24.4585980">
    <ele>1126.7</ele>
   </trkpt>
   <trkpt lat="-29.7649150" lon="24.4586130">
    <ele>1126.7</ele>
   </trkpt>
   <trkpt lat="-29.7649030" lon="24.4586190">
    <ele>1126.7</ele>
   </trkpt>
   <trkpt lat="-29.7648670" lon="24.4586400">
    <ele>1126.6</ele>
   </trkpt>
   <trkpt lat="-29.7648530" lon="24.4586470">
    <ele>1126.3</ele>
   </trkpt>
   <trkpt lat="-29.7648260" lon="24.4586690">
    <ele>1126.4</ele>
   </trkpt>
   <trkpt lat="-29.7647990" lon="24.4586930">
    <ele>1126.0</ele>
   </trkpt>
   <trkpt lat="-29.7647730" lon="24.4587150">
    <ele>1125.7</ele>
   </trkpt>
   <trkpt lat="-29.7647430" lon="24.4587410">
    <ele>1125.5</ele>
   </trkpt>
   <trkpt lat="-29.7647200" lon="24.4587630">
    <ele>1125.6</ele>
   </trkpt>
   <trkpt lat="-29.7646960" lon="24.4587880">
    <ele>1125.5</ele>
   </trkpt>
   <trkpt lat="-29.7646740" lon="24.4588130">
    <ele>1125.4</ele>
   </trkpt>
   <trkpt lat="-29.7646500" lon="24.4588420">
    <ele>1125.5</ele>
   </trkpt>
   <trkpt lat="-29.7646240" lon="24.4588660">
    <ele>1125.4</ele>
   </trkpt>
   <trkpt lat="-29.7645980" lon="24.4588940">
    <ele>1125.6</ele>
   </trkpt>
   <trkpt lat="-29.7645710" lon="24.4589220">
    <ele>1125.6</ele>
   </trkpt>
   <trkpt lat="-29.7645460" lon="24.4589500">
    <ele>1125.8</ele>
   </trkpt>
   <trkpt lat="-29.7645200" lon="24.4589780">
    <ele>1125.9</ele>
   </trkpt>
   <trkpt lat="-29.7644930" lon="24.4590040">
    <ele>1125.7</ele>
   </trkpt>
   <trkpt lat="-29.7644680" lon="24.4590260">
    <ele>1125.8</ele>
   </trkpt>
   <trkpt lat="-29.7644390" lon="24.4590520">
    <ele>1125.6</ele>
   </trkpt>
   <trkpt lat="-29.7644070" lon="24.4590770">
    <ele>1125.8</ele>
   </trkpt>
   <trkpt lat="-29.7643760" lon="24.4590960">
    <ele>1126.1</ele>
   </trkpt>
   <trkpt lat="-29.7643430" lon="24.4591130">
    <ele>1126.1</ele>
   </trkpt>
   <trkpt lat="-29.7643060" lon="24.4591150">
    <ele>1126.4</ele>
   </trkpt>
   <trkpt lat="-29.7642330" lon="24.4591100">
    <ele>1126.6</ele>
   </trkpt>
   <trkpt lat="-29.7642010" lon="24.4590930">
    <ele>1126.7</ele>
   </trkpt>
   <trkpt lat="-29.7641320" lon="24.4590560">
    <ele>1126.3</ele>
   </trkpt>
   <trkpt lat="-29.7641000" lon="24.4590370">
    <ele>1126.1</ele>
   </trkpt>
   <trkpt lat="-29.7640370" lon="24.4589970">
    <ele>1125.6</ele>
   </trkpt>
   <trkpt lat="-29.7640030" lon="24.4589760">
    <ele>1125.4</ele>
   </trkpt>
   <trkpt lat="-29.7639700" lon="24.4589560">
    <ele>1125.4</ele>
   </trkpt>
   <trkpt lat="-29.7639360" lon="24.4589370">
    <ele>1125.2</ele>
   </trkpt>
   <trkpt lat="-29.7639050" lon="24.4589170">
    <ele>1124.9</ele>
   </trkpt>
   <trkpt lat="-29.7638760" lon="24.4588990">
    <ele>1124.6</ele>
   </trkpt>
   <trkpt lat="-29.7638480" lon="24.4588790">
    <ele>1124.2</ele>
   </trkpt>
   <trkpt lat="-29.7638190" lon="24.4588610">
    <ele>1124.1</ele>
   </trkpt>
   <trkpt lat="-29.7637910" lon="24.4588430">
    <ele>1123.6</ele>
   </trkpt>
   <trkpt lat="-29.7637660" lon="24.4588270">
    <ele>1123.0</ele>
   </trkpt>
   <trkpt lat="-29.7637520" lon="24.4588170">
    <ele>1123.0</ele>
   </trkpt>
   <trkpt lat="-29.7637110" lon="24.4587910">
    <ele>1122.5</ele>
   </trkpt>
   <trkpt lat="-29.7636880" lon="24.4587770">
    <ele>1122.2</ele>
   </trkpt>
   <trkpt lat="-29.7636460" lon="24.4587500">
    <ele>1121.9</ele>
   </trkpt>
   <trkpt lat="-29.7636210" lon="24.4587320">
    <ele>1121.8</ele>
   </trkpt>
   <trkpt lat="-29.7635920" lon="24.4587130">
    <ele>1121.6</ele>
   </trkpt>
   <trkpt lat="-29.7635630" lon="24.4586960">
    <ele>1121.8</ele>
   </trkpt>
   <trkpt lat="-29.7635340" lon="24.4586770">
    <ele>1121.7</ele>
   </trkpt>
   <trkpt lat="-29.7635030" lon="24.4586560">
    <ele>1121.9</ele>
   </trkpt>
   <trkpt lat="-29.7634740" lon="24.4586360">
    <ele>1121.9</ele>
   </trkpt>
   <trkpt lat="-29.7634420" lon="24.4586190">
    <ele>1122.0</ele>
   </trkpt>
   <trkpt lat="-29.7634120" lon="24.4585990">
    <ele>1122.3</ele>
   </trkpt>
   <trkpt lat="-29.7633810" lon="24.4585780">
    <ele>1122.5</ele>
   </trkpt>
   <trkpt lat="-29.7633510" lon="24.4585570">
    <ele>1122.9</ele>
   </trkpt>
   <trkpt lat="-29.7633170" lon="24.4585380">
    <ele>1123.2</ele>
   </trkpt>
   <trkpt lat="-29.7632890" lon="24.4585150">
    <ele>1123.4</ele>
   </trkpt>
   <trkpt lat="-29.7632620" lon="24.4584960">
    <ele>1123.4</ele>
   </trkpt>
   <trkpt lat="-29.7632300" lon="24.4584770">
    <ele>1123.7</ele>
   </trkpt>
   <trkpt lat="-29.7632020" lon="24.4584590">
    <ele>1124.1</ele>
   </trkpt>
   <trkpt lat="-29.7631740" lon="24.4584350">
    <ele>1124.7</ele>
   </trkpt>
   <trkpt lat="-29.7631460" lon="24.4584120">
    <ele>1125.3</ele>
   </trkpt>
   <trkpt lat="-29.7631160" lon="24.4583920">
    <ele>1125.4</ele>
   </trkpt>
   <trkpt lat="-29.7630880" lon="24.4583720">
    <ele>1125.8</ele>
   </trkpt>
   <trkpt lat="-29.7630600" lon="24.4583500">
    <ele>1125.8</ele>
   </trkpt>
   <trkpt lat="-29.7630300" lon="24.4583300">
    <ele>1126.0</ele>
   </trkpt>
   <trkpt lat="-29.7629990" lon="24.4583080">
    <ele>1125.6</ele>
   </trkpt>
   <trkpt lat="-29.7629730" lon="24.4582850">
    <ele>1125.9</ele>
   </trkpt>
   <trkpt lat="-29.7629420" lon="24.4582640">
    <ele>1126.0</ele>
   </trkpt>
   <trkpt lat="-29.7629110" lon="24.4582420">
    <ele>1126.5</ele>
   </trkpt>
   <trkpt lat="-29.7628810" lon="24.4582220">
    <ele>1126.9</ele>
   </trkpt>
   <trkpt lat="-29.7628510" lon="24.4582010">
    <ele>1126.9</ele>
   </trkpt>
   <trkpt lat="-29.7628250" lon="24.4581750">
    <ele>1127.1</ele>
   </trkpt>
   <trkpt lat="-29.7627930" lon="24.4581540">
    <ele>1127.4</ele>
   </trkpt>
   <trkpt lat="-29.7627640" lon="24.4581310">
    <ele>1127.4</ele>
   </trkpt>
   <trkpt lat="-29.7627350" lon="24.4581090">
    <ele>1127.5</ele>
   </trkpt>
   <trkpt lat="-29.7627160" lon="24.4580940">
    <ele>1127.4</ele>
   </trkpt>
   <trkpt lat="-29.7627030" lon="24.4580840">
    <ele>1127.4</ele>
   </trkpt>
   <trkpt lat="-29.7626700" lon="24.4580580">
    <ele>1127.5</ele>
   </trkpt>
   <trkpt lat="-29.7626580" lon="24.4580480">
    <ele>1127.5</ele>
   </trkpt>
   <trkpt lat="-29.7626230" lon="24.4580230">
    <ele>1127.6</ele>
   </trkpt>
   <trkpt lat="-29.7625970" lon="24.4580010">
    <ele>1127.4</ele>
   </trkpt>
   <trkpt lat="-29.7625430" lon="24.4579610">
    <ele>1127.0</ele>
   </trkpt>
   <trkpt lat="-29.7625120" lon="24.4579410">
    <ele>1126.8</ele>
   </trkpt>
   <trkpt lat="-29.7624870" lon="24.4579220">
    <ele>1126.5</ele>
   </trkpt>
   <trkpt lat="-29.7624580" lon="24.4579010">
    <ele>1126.3</ele>
   </trkpt>
   <trkpt lat="-29.7624290" lon="24.4578810">
    <ele>1125.7</ele>
   </trkpt>
   <trkpt lat="-29.7623990" lon="24.4578580">
    <ele>1125.5</ele>
   </trkpt>
   <trkpt lat="-29.7623710" lon="24.4578350">
    <ele>1125.2</ele>
   </trkpt>
   <trkpt lat="-29.7623410" lon="24.4578130">
    <ele>1125.0</ele>
   </trkpt>
   <trkpt lat="-29.7623120" lon="24.4577920">
    <ele>1124.5</ele>
   </trkpt>
   <trkpt lat="-29.7622840" lon="24.4577710">
    <ele>1124.3</ele>
   </trkpt>
   <trkpt lat="-29.7622540" lon="24.4577500">
    <ele>1124.1</ele>
   </trkpt>
   <trkpt lat="-29.7622240" lon="24.4577290">
    <ele>1123.8</ele>
   </trkpt>
   <trkpt lat="-29.7621960" lon="24.4577090">
    <ele>1123.0</ele>
   </trkpt>
   <trkpt lat="-29.7621680" lon="24.4576870">
    <ele>1122.5</ele>
   </trkpt>
   <trkpt lat="-29.7621380" lon="24.4576670">
    <ele>1121.7</ele>
   </trkpt>
   <trkpt lat="-29.7621090" lon="24.4576470">
    <ele>1121.7</ele>
   </trkpt>
   <trkpt lat="-29.7620800" lon="24.4576260">
    <ele>1121.3</ele>
   </trkpt>
   <trkpt lat="-29.7620510" lon="24.4576050">
    <ele>1121.1</ele>
   </trkpt>
   <trkpt lat="-29.7620220" lon="24.4575820">
    <ele>1121.5</ele>
   </trkpt>
   <trkpt lat="-29.7619940" lon="24.4575610">
    <ele>1121.5</ele>
   </trkpt>
   <trkpt lat="-29.7619650" lon="24.4575380">
    <ele>1122.1</ele>
   </trkpt>
   <trkpt lat="-29.7619360" lon="24.4575180">
    <ele>1122.5</ele>
   </trkpt>
   <trkpt lat="-29.7619070" lon="24.4574950">
    <ele>1123.3</ele>
   </trkpt>
   <trkpt lat="-29.7618790" lon="24.4574750">
    <ele>1123.5</ele>
   </trkpt>
   <trkpt lat="-29.7618500" lon="24.4574530">
    <ele>1124.2</ele>
   </trkpt>
   <trkpt lat="-29.7618240" lon="24.4574300">
    <ele>1124.6</ele>
   </trkpt>
   <trkpt lat="-29.7617960" lon="24.4574080">
    <ele>1125.8</ele>
   </trkpt>
   <trkpt lat="-29.7617660" lon="24.4573870">
    <ele>1126.2</ele>
   </trkpt>
   <trkpt lat="-29.7617360" lon="24.4573640">
    <ele>1126.8</ele>
   </trkpt>
   <trkpt lat="-29.7617070" lon="24.4573430">
    <ele>1127.2</ele>
   </trkpt>
   <trkpt lat="-29.7616780" lon="24.4573220">
    <ele>1127.9</ele>
   </trkpt>
   <trkpt lat="-29.7616490" lon="24.4573010">
    <ele>1128.1</ele>
   </trkpt>
   <trkpt lat="-29.7616210" lon="24.4572780">
    <ele>1128.6</ele>
   </trkpt>
   <trkpt lat="-29.7615920" lon="24.4572580">
    <ele>1128.8</ele>
   </trkpt>
   <trkpt lat="-29.7615650" lon="24.4572390">
    <ele>1129.5</ele>
   </trkpt>
   <trkpt lat="-29.7615370" lon="24.4572200">
    <ele>1129.5</ele>
   </trkpt>
   <trkpt lat="-29.7615080" lon="24.4572000">
    <ele>1129.3</ele>
   </trkpt>
   <trkpt lat="-29.7614790" lon="24.4571810">
    <ele>1129.6</ele>
   </trkpt>
   <trkpt lat="-29.7614500" lon="24.4571600">
    <ele>1129.2</ele>
   </trkpt>
   <trkpt lat="-29.7614210" lon="24.4571400">
    <ele>1128.6</ele>
   </trkpt>
   <trkpt lat="-29.7613940" lon="24.4571180">
    <ele>1128.0</ele>
   </trkpt>
   <trkpt lat="-29.7613640" lon="24.4570960">
    <ele>1127.8</ele>
   </trkpt>
   <trkpt lat="-29.7613330" lon="24.4570750">
    <ele>1127.3</ele>
   </trkpt>
   <trkpt lat="-29.7613040" lon="24.4570540">
    <ele>1126.5</ele>
   </trkpt>
   <trkpt lat="-29.7612750" lon="24.4570330">
    <ele>1126.2</ele>
   </trkpt>
   <trkpt lat="-29.7612440" lon="24.4570120">
    <ele>1125.6</ele>
   </trkpt>
   <trkpt lat="-29.7612150" lon="24.4569920">
    <ele>1125.6</ele>
   </trkpt>
   <trkpt lat="-29.7611860" lon="24.4569690">
    <ele>1125.1</ele>
   </trkpt>
   <trkpt lat="-29.7611570" lon="24.4569470">
    <ele>1124.9</ele>
   </trkpt>
   <trkpt lat="-29.7611270" lon="24.4569280">
    <ele>1124.4</ele>
   </trkpt>
   <trkpt lat="-29.7610970" lon="24.4569050">
    <ele>1124.1</ele>
   </trkpt>
   <trkpt lat="-29.7610670" lon="24.4568820">
    <ele>1123.8</ele>
   </trkpt>
   <trkpt lat="-29.7610350" lon="24.4568590">
    <ele>1123.6</ele>
   </trkpt>
   <trkpt lat="-29.7610020" lon="24.4568360">
    <ele>1123.4</ele>
   </trkpt>
   <trkpt lat="-29.7609700" lon="24.4568120">
    <ele>1123.7</ele>
   </trkpt>
   <trkpt lat="-29.7609390" lon="24.4567900">
    <ele>1124.0</ele>
   </trkpt>
   <trkpt lat="-29.7609080" lon="24.4567680">
    <ele>1124.2</ele>
   </trkpt>
   <trkpt lat="-29.7608770" lon="24.4567450">
    <ele>1124.2</ele>
   </trkpt>
   <trkpt lat="-29.7608490" lon="24.4567230">
    <ele>1124.4</ele>
   </trkpt>
   <trkpt lat="-29.7608170" lon="24.4567010">
    <ele>1124.4</ele>
   </trkpt>
   <trkpt lat="-29.7607860" lon="24.4566800">
    <ele>1124.5</ele>
   </trkpt>
   <trkpt lat="-29.7607580" lon="24.4566570">
    <ele>1124.5</ele>
   </trkpt>
   <trkpt lat="-29.7607290" lon="24.4566340">
    <ele>1124.7</ele>
   </trkpt>
   <trkpt lat="-29.7606990" lon="24.4566150">
    <ele>1124.6</ele>
   </trkpt>
   <trkpt lat="-29.7606690" lon="24.4565910">
    <ele>1124.7</ele>
   </trkpt>
   <trkpt lat="-29.7606420" lon="24.4565680">
    <ele>1124.5</ele>
   </trkpt>
   <trkpt lat="-29.7606130" lon="24.4565460">
    <ele>1124.4</ele>
   </trkpt>
   <trkpt lat="-29.7605850" lon="24.4565240">
    <ele>1124.4</ele>
   </trkpt>
   <trkpt lat="-29.7605570" lon="24.4565010">
    <ele>1124.2</ele>
   </trkpt>
   <trkpt lat="-29.7605270" lon="24.4564800">
    <ele>1123.9</ele>
   </trkpt>
   <trkpt lat="-29.7604980" lon="24.4564580">
    <ele>1123.6</ele>
   </trkpt>
   <trkpt lat="-29.7604690" lon="24.4564360">
    <ele>1123.6</ele>
   </trkpt>
   <trkpt lat="-29.7604390" lon="24.4564110">
    <ele>1123.4</ele>
   </trkpt>
   <trkpt lat="-29.7604090" lon="24.4563880">
    <ele>1123.2</ele>
   </trkpt>
   <trkpt lat="-29.7603790" lon="24.4563670">
    <ele>1123.3</ele>
   </trkpt>
   <trkpt lat="-29.7603440" lon="24.4563420">
    <ele>1123.3</ele>
   </trkpt>
   <trkpt lat="-29.7603100" lon="24.4563210">
    <ele>1123.4</ele>
   </trkpt>
   <trkpt lat="-29.7602780" lon="24.4562990">
    <ele>1123.4</ele>
   </trkpt>
   <trkpt lat="-29.7602470" lon="24.4562740">
    <ele>1123.4</ele>
   </trkpt>
   <trkpt lat="-29.7602190" lon="24.4562510">
    <ele>1123.4</ele>
   </trkpt>
   <trkpt lat="-29.7601890" lon="24.4562290">
    <ele>1123.4</ele>
   </trkpt>
   <trkpt lat="-29.7601570" lon="24.4562080">
    <ele>1123.4</ele>
   </trkpt>
   <trkpt lat="-29.7601270" lon="24.4561860">
    <ele>1123.4</ele>
   </trkpt>
   <trkpt lat="-29.7600960" lon="24.4561640">
    <ele>1123.4</ele>
   </trkpt>
   <trkpt lat="-29.7600660" lon="24.4561390">
    <ele>1123.5</ele>
   </trkpt>
   <trkpt lat="-29.7600360" lon="24.4561180">
    <ele>1123.8</ele>
   </trkpt>
   <trkpt lat="-29.7600070" lon="24.4560980">
    <ele>1124.2</ele>
   </trkpt>
   <trkpt lat="-29.7599760" lon="24.4560760">
    <ele>1124.7</ele>
   </trkpt>
   <trkpt lat="-29.7599460" lon="24.4560550">
    <ele>1124.7</ele>
   </trkpt>
   <trkpt lat="-29.7599170" lon="24.4560350">
    <ele>1125.0</ele>
   </trkpt>
   <trkpt lat="-29.7598870" lon="24.4560140">
    <ele>1125.3</ele>
   </trkpt>
   <trkpt lat="-29.7598570" lon="24.4559940">
    <ele>1125.2</ele>
   </trkpt>
   <trkpt lat="-29.7598270" lon="24.4559730">
    <ele>1125.3</ele>
   </trkpt>
   <trkpt lat="-29.7597980" lon="24.4559550">
    <ele>1125.3</ele>
   </trkpt>
   <trkpt lat="-29.7597680" lon="24.4559370">
    <ele>1125.0</ele>
   </trkpt>
   <trkpt lat="-29.7597370" lon="24.4559190">
    <ele>1125.0</ele>
   </trkpt>
   <trkpt lat="-29.7597080" lon="24.4559010">
    <ele>1124.7</ele>
   </trkpt>
   <trkpt lat="-29.7596770" lon="24.4558850">
    <ele>1124.9</ele>
   </trkpt>
   <trkpt lat="-29.7596460" lon="24.4558690">
    <ele>1125.2</ele>
   </trkpt>
   <trkpt lat="-29.7596160" lon="24.4558540">
    <ele>1124.9</ele>
   </trkpt>
   <trkpt lat="-29.7595840" lon="24.4558370">
    <ele>1125.2</ele>
   </trkpt>
   <trkpt lat="-29.7595540" lon="24.4558190">
    <ele>1125.2</ele>
   </trkpt>
   <trkpt lat="-29.7595230" lon="24.4558030">
    <ele>1125.3</ele>
   </trkpt>
   <trkpt lat="-29.7594920" lon="24.4557850">
    <ele>1125.2</ele>
   </trkpt>
   <trkpt lat="-29.7594590" lon="24.4557690">
    <ele>1125.1</ele>
   </trkpt>
   <trkpt lat="-29.7594280" lon="24.4557500">
    <ele>1125.1</ele>
   </trkpt>
   <trkpt lat="-29.7593970" lon="24.4557290">
    <ele>1125.2</ele>
   </trkpt>
   <trkpt lat="-29.7593670" lon="24.4557120">
    <ele>1125.5</ele>
   </trkpt>
   <trkpt lat="-29.7593360" lon="24.4556940">
    <ele>1125.8</ele>
   </trkpt>
   <trkpt lat="-29.7593050" lon="24.4556740">
    <ele>1126.1</ele>
   </trkpt>
   <trkpt lat="-29.7592750" lon="24.4556550">
    <ele>1126.1</ele>
   </trkpt>
   <trkpt lat="-29.7592460" lon="24.4556360">
    <ele>1126.1</ele>
   </trkpt>
   <trkpt lat="-29.7592410" lon="24.4556350">
    <ele>1126.1</ele>
   </trkpt>
   <trkpt lat="-29.7592140" lon="24.4556210">
    <ele>1126.4</ele>
   </trkpt>
   <trkpt lat="-29.7591820" lon="24.4556030">
    <ele>1126.4</ele>
   </trkpt>
   <trkpt lat="-29.7591220" lon="24.4555700">
    <ele>1127.0</ele>
   </trkpt>
   <trkpt lat="-29.7590860" lon="24.4555570">
    <ele>1126.8</ele>
   </trkpt>
   <trkpt lat="-29.7590560" lon="24.4555430">
    <ele>1126.8</ele>
   </trkpt>
   <trkpt lat="-29.7590270" lon="24.4555270">
    <ele>1127.0</ele>
   </trkpt>
   <trkpt lat="-29.7589990" lon="24.4555110">
    <ele>1127.1</ele>
   </trkpt>
   <trkpt lat="-29.7589670" lon="24.4554950">
    <ele>1127.3</ele>
   </trkpt>
   <trkpt lat="-29.7589350" lon="24.4554770">
    <ele>1127.2</ele>
   </trkpt>
   <trkpt lat="-29.7589030" lon="24.4554580">
    <ele>1127.2</ele>
   </trkpt>
   <trkpt lat="-29.7588710" lon="24.4554400">
    <ele>1127.2</ele>
   </trkpt>
   <trkpt lat="-29.7588390" lon="24.4554210">
    <ele>1127.2</ele>
   </trkpt>
   <trkpt lat="-29.7588070" lon="24.4554030">
    <ele>1127.3</ele>
   </trkpt>
   <trkpt lat="-29.7587750" lon="24.4553860">
    <ele>1127.5</ele>
   </trkpt>
   <trkpt lat="-29.7587440" lon="24.4553670">
    <ele>1127.5</ele>
   </trkpt>
   <trkpt lat="-29.7587140" lon="24.4553500">
    <ele>1127.4</ele>
   </trkpt>
   <trkpt lat="-29.7586810" lon="24.4553330">
    <ele>1127.4</ele>
   </trkpt>
   <trkpt lat="-29.7586490" lon="24.4553160">
    <ele>1127.4</ele>
   </trkpt>
   <trkpt lat="-29.7586170" lon="24.4552970">
    <ele>1127.1</ele>
   </trkpt>
   <trkpt lat="-29.7585850" lon="24.4552770">
    <ele>1127.1</ele>
   </trkpt>
   <trkpt lat="-29.7585520" lon="24.4552570">
    <ele>1126.8</ele>
   </trkpt>
   <trkpt lat="-29.7585180" lon="24.4552390">
    <ele>1126.8</ele>
   </trkpt>
   <trkpt lat="-29.7584850" lon="24.4552190">
    <ele>1126.5</ele>
   </trkpt>
   <trkpt lat="-29.7584500" lon="24.4552010">
    <ele>1126.5</ele>
   </trkpt>
   <trkpt lat="-29.7584160" lon="24.4551830">
    <ele>1126.4</ele>
   </trkpt>
   <trkpt lat="-29.7583840" lon="24.4551630">
    <ele>1126.3</ele>
   </trkpt>
   <trkpt lat="-29.7583510" lon="24.4551450">
    <ele>1126.3</ele>
   </trkpt>
   <trkpt lat="-29.7583170" lon="24.4551260">
    <ele>1126.3</ele>
   </trkpt>
   <trkpt lat="-29.7582850" lon="24.4551060">
    <ele>1126.1</ele>
   </trkpt>
   <trkpt lat="-29.7582530" lon="24.4550870">
    <ele>1125.9</ele>
   </trkpt>
   <trkpt lat="-29.7582190" lon="24.4550700">
    <ele>1125.5</ele>
   </trkpt>
   <trkpt lat="-29.7581870" lon="24.4550510">
    <ele>1125.0</ele>
   </trkpt>
   <trkpt lat="-29.7581570" lon="24.4550300">
    <ele>1125.0</ele>
   </trkpt>
   <trkpt lat="-29.7581250" lon="24.4550120">
    <ele>1124.6</ele>
   </trkpt>
   <trkpt lat="-29.7580920" lon="24.4549940">
    <ele>1124.4</ele>
   </trkpt>
   <trkpt lat="-29.7580600" lon="24.4549770">
    <ele>1124.2</ele>
   </trkpt>
   <trkpt lat="-29.7580260" lon="24.4549590">
    <ele>1124.7</ele>
   </trkpt>
   <trkpt lat="-29.7579940" lon="24.4549390">
    <ele>1124.9</ele>
   </trkpt>
   <trkpt lat="-29.7579620" lon="24.4549190">
    <ele>1125.5</ele>
   </trkpt>
   <trkpt lat="-29.7579290" lon="24.4548980">
    <ele>1125.7</ele>
   </trkpt>
   <trkpt lat="-29.7578980" lon="24.4548770">
    <ele>1125.9</ele>
   </trkpt>
   <trkpt lat="-29.7578660" lon="24.4548550">
    <ele>1126.0</ele>
   </trkpt>
   <trkpt lat="-29.7578360" lon="24.4548350">
    <ele>1126.2</ele>
   </trkpt>
   <trkpt lat="-29.7578070" lon="24.4548120">
    <ele>1126.2</ele>
   </trkpt>
   <trkpt lat="-29.7577790" lon="24.4547860">
    <ele>1126.3</ele>
   </trkpt>
   <trkpt lat="-29.7577520" lon="24.4547600">
    <ele>1126.3</ele>
   </trkpt>
   <trkpt lat="-29.7577260" lon="24.4547340">
    <ele>1126.3</ele>
   </trkpt>
   <trkpt lat="-29.7576960" lon="24.4547090">
    <ele>1126.3</ele>
   </trkpt>
   <trkpt lat="-29.7576690" lon="24.4546820">
    <ele>1126.3</ele>
   </trkpt>
   <trkpt lat="-29.7576430" lon="24.4546530">
    <ele>1126.3</ele>
   </trkpt>
   <trkpt lat="-29.7576200" lon="24.4546200">
    <ele>1126.2</ele>
   </trkpt>
   <trkpt lat="-29.7576010" lon="24.4545850">
    <ele>1126.2</ele>
   </trkpt>
   <trkpt lat="-29.7575720" lon="24.4545590">
    <ele>1125.8</ele>
   </trkpt>
   <trkpt lat="-29.7575460" lon="24.4545330">
    <ele>1125.1</ele>
   </trkpt>
   <trkpt lat="-29.7575190" lon="24.4545070">
    <ele>1124.8</ele>
   </trkpt>
   <trkpt lat="-29.7574930" lon="24.4544810">
    <ele>1124.5</ele>
   </trkpt>
   <trkpt lat="-29.7574670" lon="24.4544550">
    <ele>1124.3</ele>
   </trkpt>
   <trkpt lat="-29.7574430" lon="24.4544280">
    <ele>1124.0</ele>
   </trkpt>
   <trkpt lat="-29.7574190" lon="24.4544040">
    <ele>1123.7</ele>
   </trkpt>
   <trkpt lat="-29.7573940" lon="24.4543810">
    <ele>1123.9</ele>
   </trkpt>
   <trkpt lat="-29.7573700" lon="24.4543580">
    <ele>1124.0</ele>
   </trkpt>
   <trkpt lat="-29.7573470" lon="24.4543330">
    <ele>1124.0</ele>
   </trkpt>
   <trkpt lat="-29.7573240" lon="24.4543100">
    <ele>1124.1</ele>
   </trkpt>
   <trkpt lat="-29.7573010" lon="24.4542870">
    <ele>1124.1</ele>
   </trkpt>
   <trkpt lat="-29.7572800" lon="24.4542620">
    <ele>1124.2</ele>
   </trkpt>
   <trkpt lat="-29.7572570" lon="24.4542390">
    <ele>1124.5</ele>
   </trkpt>
   <trkpt lat="-29.7572360" lon="24.4542170">
    <ele>1124.3</ele>
   </trkpt>
   <trkpt lat="-29.7572110" lon="24.4541930">
    <ele>1124.6</ele>
   </trkpt>
   <trkpt lat="-29.7571870" lon="24.4541680">
    <ele>1125.1</ele>
   </trkpt>
   <trkpt lat="-29.7571640" lon="24.4541410">
    <ele>1125.0</ele>
   </trkpt>
   <trkpt lat="-29.7571390" lon="24.4541200">
    <ele>1125.4</ele>
   </trkpt>
   <trkpt lat="-29.7571070" lon="24.4541040">
    <ele>1125.6</ele>
   </trkpt>
   <trkpt lat="-29.7570770" lon="24.4540770">
    <ele>1125.6</ele>
   </trkpt>
   <trkpt lat="-29.7570500" lon="24.4540460">
    <ele>1126.0</ele>
   </trkpt>
   <trkpt lat="-29.7570240" lon="24.4540190">
    <ele>1126.6</ele>
   </trkpt>
   <trkpt lat="-29.7569990" lon="24.4539940">
    <ele>1127.2</ele>
   </trkpt>
   <trkpt lat="-29.7569720" lon="24.4539710">
    <ele>1127.4</ele>
   </trkpt>
   <trkpt lat="-29.7569440" lon="24.4539470">
    <ele>1127.8</ele>
   </trkpt>
   <trkpt lat="-29.7569180" lon="24.4539240">
    <ele>1128.1</ele>
   </trkpt>
   <trkpt lat="-29.7568920" lon="24.4539030">
    <ele>1128.1</ele>
   </trkpt>
   <trkpt lat="-29.7568660" lon="24.4538760">
    <ele>1128.0</ele>
   </trkpt>
   <trkpt lat="-29.7568420" lon="24.4538520">
    <ele>1127.9</ele>
   </trkpt>
   <trkpt lat="-29.7568160" lon="24.4538270">
    <ele>1127.6</ele>
   </trkpt>
   <trkpt lat="-29.7567910" lon="24.4538000">
    <ele>1127.1</ele>
   </trkpt>
   <trkpt lat="-29.7567390" lon="24.4537490">
    <ele>1126.2</ele>
   </trkpt>
   <trkpt lat="-29.7566880" lon="24.4536980">
    <ele>1125.8</ele>
   </trkpt>
   <trkpt lat="-29.7566610" lon="24.4536730">
    <ele>1125.6</ele>
   </trkpt>
   <trkpt lat="-29.7566070" lon="24.4536200">
    <ele>1125.3</ele>
   </trkpt>
   <trkpt lat="-29.7565790" lon="24.4535940">
    <ele>1125.3</ele>
   </trkpt>
   <trkpt lat="-29.7565500" lon="24.4535670">
    <ele>1124.9</ele>
   </trkpt>
   <trkpt lat="-29.7564980" lon="24.4535140">
    <ele>1124.3</ele>
   </trkpt>
   <trkpt lat="-29.7564710" lon="24.4534900">
    <ele>1124.0</ele>
   </trkpt>
   <trkpt lat="-29.7564450" lon="24.4534650">
    <ele>1124.0</ele>
   </trkpt>
   <trkpt lat="-29.7564190" lon="24.4534370">
    <ele>1124.0</ele>
   </trkpt>
   <trkpt lat="-29.7564000" lon="24.4534180">
    <ele>1124.2</ele>
   </trkpt>
   <trkpt lat="-29.7563860" lon="24.4534050">
    <ele>1124.2</ele>
   </trkpt>
   <trkpt lat="-29.7563500" lon="24.4533670">
    <ele>1124.5</ele>
   </trkpt>
   <trkpt lat="-29.7563260" lon="24.4533440">
    <ele>1124.8</ele>
   </trkpt>
   <trkpt lat="-29.7562850" lon="24.4533040">
    <ele>1125.0</ele>
   </trkpt>
   <trkpt lat="-29.7562610" lon="24.4532810">
    <ele>1125.0</ele>
   </trkpt>
   <trkpt lat="-29.7562350" lon="24.4532570">
    <ele>1125.3</ele>
   </trkpt>
   <trkpt lat="-29.7562080" lon="24.4532300">
    <ele>1125.5</ele>
   </trkpt>
   <trkpt lat="-29.7561810" lon="24.4532030">
    <ele>1125.9</ele>
   </trkpt>
   <trkpt lat="-29.7561530" lon="24.4531770">
    <ele>1125.9</ele>
   </trkpt>
   <trkpt lat="-29.7561270" lon="24.4531510">
    <ele>1126.2</ele>
   </trkpt>
   <trkpt lat="-29.7561010" lon="24.4531250">
    <ele>1126.3</ele>
   </trkpt>
   <trkpt lat="-29.7560750" lon="24.4530990">
    <ele>1126.2</ele>
   </trkpt>
   <trkpt lat="-29.7560470" lon="24.4530730">
    <ele>1125.9</ele>
   </trkpt>
   <trkpt lat="-29.7560210" lon="24.4530480">
    <ele>1125.6</ele>
   </trkpt>
   <trkpt lat="-29.7559960" lon="24.4530190">
    <ele>1125.4</ele>
   </trkpt>
   <trkpt lat="-29.7559700" lon="24.4529940">
    <ele>1125.0</ele>
   </trkpt>
   <trkpt lat="-29.7559420" lon="24.4529660">
    <ele>1124.4</ele>
   </trkpt>
   <trkpt lat="-29.7559170" lon="24.4529400">
    <ele>1123.8</ele>
   </trkpt>
   <trkpt lat="-29.7558900" lon="24.4529130">
    <ele>1123.8</ele>
   </trkpt>
   <trkpt lat="-29.7558610" lon="24.4528870">
    <ele>1123.3</ele>
   </trkpt>
   <trkpt lat="-29.7558340" lon="24.4528610">
    <ele>1123.2</ele>
   </trkpt>
   <trkpt lat="-29.7558080" lon="24.4528340">
    <ele>1123.2</ele>
   </trkpt>
   <trkpt lat="-29.7557790" lon="24.4528070">
    <ele>1123.2</ele>
   </trkpt>
   <trkpt lat="-29.7557510" lon="24.4527820">
    <ele>1123.1</ele>
   </trkpt>
   <trkpt lat="-29.7557230" lon="24.4527550">
    <ele>1122.6</ele>
   </trkpt>
   <trkpt lat="-29.7556960" lon="24.4527260">
    <ele>1122.1</ele>
   </trkpt>
   <trkpt lat="-29.7556670" lon="24.4526980">
    <ele>1122.1</ele>
   </trkpt>
   <trkpt lat="-29.7556390" lon="24.4526720">
    <ele>1121.9</ele>
   </trkpt>
   <trkpt lat="-29.7556130" lon="24.4526450">
    <ele>1122.0</ele>
   </trkpt>
   <trkpt lat="-29.7555920" lon="24.4526180">
    <ele>1122.0</ele>
   </trkpt>
   <trkpt lat="-29.7555720" lon="24.4525900">
    <ele>1122.1</ele>
   </trkpt>
   <trkpt lat="-29.7555540" lon="24.4525560">
    <ele>1122.1</ele>
   </trkpt>
   <trkpt lat="-29.7555360" lon="24.4525230">
    <ele>1122.1</ele>
   </trkpt>
   <trkpt lat="-29.7555210" lon="24.4524910">
    <ele>1122.0</ele>
   </trkpt>
   <trkpt lat="-29.7555060" lon="24.4524540">
    <ele>1122.0</ele>
   </trkpt>
   <trkpt lat="-29.7554990" lon="24.4524140">
    <ele>1122.1</ele>
   </trkpt>
   <trkpt lat="-29.7554940" lon="24.4523730">
    <ele>1122.3</ele>
   </trkpt>
   <trkpt lat="-29.7554880" lon="24.4523280">
    <ele>1122.5</ele>
   </trkpt>
   <trkpt lat="-29.7554780" lon="24.4522820">
    <ele>1122.8</ele>
   </trkpt>
   <trkpt lat="-29.7554680" lon="24.4522380">
    <ele>1123.4</ele>
   </trkpt>
   <trkpt lat="-29.7554620" lon="24.4521970">
    <ele>1123.7</ele>
   </trkpt>
   <trkpt lat="-29.7554610" lon="24.4521560">
    <ele>1123.8</ele>
   </trkpt>
   <trkpt lat="-29.7554600" lon="24.4521140">
    <ele>1124.0</ele>
   </trkpt>
   <trkpt lat="-29.7554530" lon="24.4520720">
    <ele>1124.1</ele>
   </trkpt>
   <trkpt lat="-29.7554480" lon="24.4520310">
    <ele>1124.1</ele>
   </trkpt>
   <trkpt lat="-29.7554440" lon="24.4519900">
    <ele>1124.2</ele>
   </trkpt>
   <trkpt lat="-29.7554400" lon="24.4519500">
    <ele>1124.2</ele>
   </trkpt>
   <trkpt lat="-29.7554390" lon="24.4519080">
    <ele>1124.2</ele>
   </trkpt>
   <trkpt lat="-29.7554370" lon="24.4518660">
    <ele>1124.2</ele>
   </trkpt>
   <trkpt lat="-29.7554320" lon="24.4518240">
    <ele>1124.0</ele>
   </trkpt>
   <trkpt lat="-29.7554280" lon="24.4517830">
    <ele>1123.7</ele>
   </trkpt>
   <trkpt lat="-29.7554240" lon="24.4517430">
    <ele>1123.6</ele>
   </trkpt>
   <trkpt lat="-29.7554190" lon="24.4517020">
    <ele>1123.5</ele>
   </trkpt>
   <trkpt lat="-29.7554170" lon="24.4516620">
    <ele>1123.5</ele>
   </trkpt>
   <trkpt lat="-29.7554150" lon="24.4516220">
    <ele>1123.7</ele>
   </trkpt>
   <trkpt lat="-29.7554080" lon="24.4515820">
    <ele>1123.9</ele>
   </trkpt>
   <trkpt lat="-29.7554060" lon="24.4515400">
    <ele>1124.1</ele>
   </trkpt>
   <trkpt lat="-29.7554060" lon="24.4515010">
    <ele>1124.3</ele>
   </trkpt>
   <trkpt lat="-29.7554010" lon="24.4514630">
    <ele>1124.4</ele>
   </trkpt>
   <trkpt lat="-29.7553930" lon="24.4514250">
    <ele>1124.7</ele>
   </trkpt>
   <trkpt lat="-29.7553900" lon="24.4513870">
    <ele>1124.9</ele>
   </trkpt>
   <trkpt lat="-29.7553900" lon="24.4513510">
    <ele>1125.1</ele>
   </trkpt>
   <trkpt lat="-29.7553880" lon="24.4513120">
    <ele>1125.3</ele>
   </trkpt>
   <trkpt lat="-29.7553870" lon="24.4512740">
    <ele>1125.5</ele>
   </trkpt>
   <trkpt lat="-29.7553840" lon="24.4512370">
    <ele>1125.5</ele>
   </trkpt>
   <trkpt lat="-29.7553800" lon="24.4511990">
    <ele>1125.8</ele>
   </trkpt>
   <trkpt lat="-29.7553770" lon="24.4511600">
    <ele>1126.1</ele>
   </trkpt>
   <trkpt lat="-29.7553750" lon="24.4511210">
    <ele>1126.4</ele>
   </trkpt>
   <trkpt lat="-29.7553720" lon="24.4510820">
    <ele>1126.7</ele>
   </trkpt>
   <trkpt lat="-29.7553700" lon="24.4510410">
    <ele>1126.9</ele>
   </trkpt>
   <trkpt lat="-29.7553700" lon="24.4510050">
    <ele>1127.0</ele>
   </trkpt>
   <trkpt lat="-29.7553660" lon="24.4509660">
    <ele>1127.1</ele>
   </trkpt>
   <trkpt lat="-29.7553630" lon="24.4509310">
    <ele>1127.1</ele>
   </trkpt>
   <trkpt lat="-29.7553590" lon="24.4508920">
    <ele>1127.3</ele>
   </trkpt>
   <trkpt lat="-29.7553550" lon="24.4508530">
    <ele>1127.2</ele>
   </trkpt>
   <trkpt lat="-29.7553550" lon="24.4508170">
    <ele>1127.0</ele>
   </trkpt>
   <trkpt lat="-29.7553530" lon="24.4507790">
    <ele>1126.8</ele>
   </trkpt>
   <trkpt lat="-29.7553490" lon="24.4507410">
    <ele>1126.5</ele>
   </trkpt>
   <trkpt lat="-29.7553440" lon="24.4507000">
    <ele>1126.2</ele>
   </trkpt>
   <trkpt lat="-29.7553390" lon="24.4506590">
    <ele>1125.9</ele>
   </trkpt>
   <trkpt lat="-29.7553350" lon="24.4506170">
    <ele>1125.7</ele>
   </trkpt>
   <trkpt lat="-29.7553260" lon="24.4505710">
    <ele>1125.4</ele>
   </trkpt>
   <trkpt lat="-29.7553180" lon="24.4505330">
    <ele>1125.2</ele>
   </trkpt>
   <trkpt lat="-29.7553060" lon="24.4504950">
    <ele>1125.0</ele>
   </trkpt>
   <trkpt lat="-29.7552940" lon="24.4504550">
    <ele>1124.7</ele>
   </trkpt>
   <trkpt lat="-29.7552770" lon="24.4504190">
    <ele>1124.7</ele>
   </trkpt>
   <trkpt lat="-29.7552600" lon="24.4503890">
    <ele>1124.5</ele>
   </trkpt>
   <trkpt lat="-29.7552410" lon="24.4503600">
    <ele>1124.2</ele>
   </trkpt>
   <trkpt lat="-29.7552350" lon="24.4503540">
    <ele>1124.2</ele>
   </trkpt>
   <trkpt lat="-29.7552220" lon="24.4503400">
    <ele>1124.2</ele>
   </trkpt>
   <trkpt lat="-29.7552160" lon="24.4503310">
    <ele>1124.2</ele>
   </trkpt>
   <trkpt lat="-29.7552110" lon="24.4503230">
    <ele>1124.0</ele>
   </trkpt>
   <trkpt lat="-29.7552050" lon="24.4503150">
    <ele>1124.0</ele>
   </trkpt>
   <trkpt lat="-29.7552000" lon="24.4503070">
    <ele>1124.0</ele>
   </trkpt>
   <trkpt lat="-29.7551950" lon="24.4502980">
    <ele>1124.0</ele>
   </trkpt>
   <trkpt lat="-29.7551890" lon="24.4502900">
    <ele>1124.0</ele>
   </trkpt>
   <trkpt lat="-29.7551840" lon="24.4502820">
    <ele>1124.1</ele>
   </trkpt>
   <trkpt lat="-29.7551780" lon="24.4502740">
    <ele>1124.1</ele>
   </trkpt>
   <trkpt lat="-29.7551730" lon="24.4502650">
    <ele>1124.0</ele>
   </trkpt>
   <trkpt lat="-29.7551680" lon="24.4502570">
    <ele>1124.0</ele>
   </trkpt>
   <trkpt lat="-29.7551620" lon="24.4502490">
    <ele>1124.0</ele>
   </trkpt>
   <trkpt lat="-29.7551570" lon="24.4502410">
    <ele>1124.1</ele>
   </trkpt>
   <trkpt lat="-29.7551510" lon="24.4502320">
    <ele>1124.1</ele>
   </trkpt>
   <trkpt lat="-29.7551460" lon="24.4502240">
    <ele>1124.1</ele>
   </trkpt>
   <trkpt lat="-29.7551180" lon="24.4501990">
    <ele>1124.1</ele>
   </trkpt>
   <trkpt lat="-29.7551080" lon="24.4501920">
    <ele>1124.1</ele>
   </trkpt>
   <trkpt lat="-29.7550800" lon="24.4501680">
    <ele>1124.1</ele>
   </trkpt>
   <trkpt lat="-29.7550700" lon="24.4501590">
    <ele>1124.1</ele>
   </trkpt>
   <trkpt lat="-29.7550400" lon="24.4501350">
    <ele>1124.1</ele>
   </trkpt>
   <trkpt lat="-29.7550290" lon="24.4501260">
    <ele>1124.1</ele>
   </trkpt>
   <trkpt lat="-29.7550030" lon="24.4501010">
    <ele>1124.1</ele>
   </trkpt>
   <trkpt lat="-29.7549930" lon="24.4500930">
    <ele>1124.1</ele>
   </trkpt>
   <trkpt lat="-29.7549610" lon="24.4500720">
    <ele>1124.1</ele>
   </trkpt>
   <trkpt lat="-29.7549510" lon="24.4500650">
    <ele>1124.0</ele>
   </trkpt>
   <trkpt lat="-29.7549160" lon="24.4500440">
    <ele>1124.0</ele>
   </trkpt>
   <trkpt lat="-29.7549040" lon="24.4500370">
    <ele>1123.9</ele>
   </trkpt>
   <trkpt lat="-29.7548780" lon="24.4500260">
    <ele>1124.0</ele>
   </trkpt>
   <trkpt lat="-29.7548500" lon="24.4500180">
    <ele>1123.9</ele>
   </trkpt>
   <trkpt lat="-29.7548210" lon="24.4500130">
    <ele>1123.9</ele>
   </trkpt>
   <trkpt lat="-29.7547900" lon="24.4500110">
    <ele>1124.0</ele>
   </trkpt>
   <trkpt lat="-29.7547560" lon="24.4500170">
    <ele>1124.1</ele>
   </trkpt>
   <trkpt lat="-29.7547240" lon="24.4500260">
    <ele>1124.1</ele>
   </trkpt>
   <trkpt lat="-29.7546910" lon="24.4500390">
    <ele>1124.0</ele>
   </trkpt>
   <trkpt lat="-29.7546590" lon="24.4500530">
    <ele>1124.0</ele>
   </trkpt>
   <trkpt lat="-29.7546280" lon="24.4500680">
    <ele>1124.0</ele>
   </trkpt>
   <trkpt lat="-29.7545930" lon="24.4500880">
    <ele>1123.9</ele>
   </trkpt>
   <trkpt lat="-29.7545640" lon="24.4501080">
    <ele>1123.8</ele>
   </trkpt>
   <trkpt lat="-29.7545340" lon="24.4501260">
    <ele>1123.9</ele>
   </trkpt>
   <trkpt lat="-29.7545030" lon="24.4501440">
    <ele>1123.9</ele>
   </trkpt>
   <trkpt lat="-29.7544720" lon="24.4501610">
    <ele>1124.1</ele>
   </trkpt>
   <trkpt lat="-29.7544420" lon="24.4501790">
    <ele>1124.2</ele>
   </trkpt>
   <trkpt lat="-29.7544090" lon="24.4501950">
    <ele>1124.3</ele>
   </trkpt>
   <trkpt lat="-29.7543720" lon="24.4502090">
    <ele>1124.5</ele>
   </trkpt>
   <trkpt lat="-29.7543410" lon="24.4502200">
    <ele>1124.4</ele>
   </trkpt>
   <trkpt lat="-29.7543080" lon="24.4502290">
    <ele>1124.2</ele>
   </trkpt>
   <trkpt lat="-29.7542780" lon="24.4502320">
    <ele>1123.8</ele>
   </trkpt>
   <trkpt lat="-29.7542440" lon="24.4502330">
    <ele>1123.8</ele>
   </trkpt>
   <trkpt lat="-29.7542110" lon="24.4502310">
    <ele>1123.4</ele>
   </trkpt>
   <trkpt lat="-29.7541790" lon="24.4502230">
    <ele>1123.2</ele>
   </trkpt>
   <trkpt lat="-29.7541480" lon="24.4502130">
    <ele>1123.3</ele>
   </trkpt>
   <trkpt lat="-29.7541210" lon="24.4502010">
    <ele>1123.4</ele>
   </trkpt>
   <trkpt lat="-29.7540930" lon="24.4501800">
    <ele>1123.8</ele>
   </trkpt>
   <trkpt lat="-29.7540720" lon="24.4501580">
    <ele>1123.6</ele>
   </trkpt>
   <trkpt lat="-29.7540460" lon="24.4501340">
    <ele>1123.9</ele>
   </trkpt>
   <trkpt lat="-29.7540230" lon="24.4501030">
    <ele>1123.6</ele>
   </trkpt>
   <trkpt lat="-29.7539960" lon="24.4500730">
    <ele>1123.4</ele>
   </trkpt>
   <trkpt lat="-29.7539750" lon="24.4500410">
    <ele>1123.4</ele>
   </trkpt>
   <trkpt lat="-29.7539520" lon="24.4500080">
    <ele>1123.1</ele>
   </trkpt>
   <trkpt lat="-29.7539280" lon="24.4499760">
    <ele>1122.8</ele>
   </trkpt>
   <trkpt lat="-29.7539040" lon="24.4499410">
    <ele>1122.5</ele>
   </trkpt>
   <trkpt lat="-29.7538830" lon="24.4499040">
    <ele>1122.5</ele>
   </trkpt>
   <trkpt lat="-29.7538670" lon="24.4498630">
    <ele>1122.5</ele>
   </trkpt>
   <trkpt lat="-29.7538430" lon="24.4498280">
    <ele>1122.4</ele>
   </trkpt>
   <trkpt lat="-29.7538160" lon="24.4497980">
    <ele>1122.7</ele>
   </trkpt>
   <trkpt lat="-29.7537890" lon="24.4497660">
    <ele>1123.1</ele>
   </trkpt>
   <trkpt lat="-29.7537860" lon="24.4497620">
    <ele>1123.1</ele>
   </trkpt>
   <trkpt lat="-29.7537660" lon="24.4497360">
    <ele>1123.1</ele>
   </trkpt>
   <trkpt lat="-29.7537260" lon="24.4496960">
    <ele>1123.3</ele>
   </trkpt>
   <trkpt lat="-29.7537060" lon="24.4496770">
    <ele>1123.4</ele>
   </trkpt>
   <trkpt lat="-29.7536870" lon="24.4496490">
    <ele>1123.4</ele>
   </trkpt>
   <trkpt lat="-29.7536700" lon="24.4496210">
    <ele>1123.8</ele>
   </trkpt>
   <trkpt lat="-29.7536500" lon="24.4495930">
    <ele>1123.7</ele>
   </trkpt>
   <trkpt lat="-29.7536280" lon="24.4495630">
    <ele>1124.2</ele>
   </trkpt>
   <trkpt lat="-29.7536080" lon="24.4495300">
    <ele>1124.8</ele>
   </trkpt>
   <trkpt lat="-29.7535880" lon="24.4494980">
    <ele>1124.8</ele>
   </trkpt>
   <trkpt lat="-29.7535660" lon="24.4494650">
    <ele>1125.4</ele>
   </trkpt>
   <trkpt lat="-29.7535460" lon="24.4494380">
    <ele>1125.4</ele>
   </trkpt>
   <trkpt lat="-29.7535240" lon="24.4494070">
    <ele>1125.8</ele>
   </trkpt>
   <trkpt lat="-29.7535050" lon="24.4493750">
    <ele>1125.7</ele>
   </trkpt>
   <trkpt lat="-29.7534860" lon="24.4493470">
    <ele>1126.0</ele>
   </trkpt>
   <trkpt lat="-29.7534670" lon="24.4493180">
    <ele>1125.8</ele>
   </trkpt>
   <trkpt lat="-29.7534480" lon="24.4492900">
    <ele>1125.8</ele>
   </trkpt>
   <trkpt lat="-29.7534300" lon="24.4492610">
    <ele>1125.8</ele>
   </trkpt>
   <trkpt lat="-29.7534090" lon="24.4492340">
    <ele>1125.8</ele>
   </trkpt>
   <trkpt lat="-29.7533890" lon="24.4492040">
    <ele>1125.6</ele>
   </trkpt>
   <trkpt lat="-29.7533690" lon="24.4491750">
    <ele>1125.7</ele>
   </trkpt>
   <trkpt lat="-29.7533490" lon="24.4491460">
    <ele>1125.3</ele>
   </trkpt>
   <trkpt lat="-29.7533310" lon="24.4491180">
    <ele>1124.8</ele>
   </trkpt>
   <trkpt lat="-29.7533120" lon="24.4490900">
    <ele>1124.8</ele>
   </trkpt>
   <trkpt lat="-29.7532940" lon="24.4490580">
    <ele>1124.5</ele>
   </trkpt>
   <trkpt lat="-29.7532750" lon="24.4490280">
    <ele>1124.3</ele>
   </trkpt>
   <trkpt lat="-29.7532560" lon="24.4490000">
    <ele>1124.1</ele>
   </trkpt>
   <trkpt lat="-29.7532350" lon="24.4489730">
    <ele>1124.1</ele>
   </trkpt>
   <trkpt lat="-29.7532190" lon="24.4489420">
    <ele>1124.0</ele>
   </trkpt>
   <trkpt lat="-29.7532020" lon="24.4489110">
    <ele>1124.0</ele>
   </trkpt>
   <trkpt lat="-29.7531890" lon="24.4488820">
    <ele>1124.0</ele>
   </trkpt>
   <trkpt lat="-29.7531630" lon="24.4488480">
    <ele>1124.0</ele>
   </trkpt>
   <trkpt lat="-29.7531510" lon="24.4488380">
    <ele>1124.0</ele>
   </trkpt>
   <trkpt lat="-29.7531270" lon="24.4488160">
    <ele>1124.0</ele>
   </trkpt>
   <trkpt lat="-29.7531050" lon="24.4487800">
    <ele>1123.8</ele>
   </trkpt>
   <trkpt lat="-29.7530990" lon="24.4487670">
    <ele>1123.8</ele>
   </trkpt>
   <trkpt lat="-29.7530820" lon="24.4487400">
    <ele>1123.5</ele>
   </trkpt>
   <trkpt lat="-29.7530620" lon="24.4487140">
    <ele>1123.5</ele>
   </trkpt>
   <trkpt lat="-29.7530420" lon="24.4486850">
    <ele>1123.2</ele>
   </trkpt>
   <trkpt lat="-29.7530220" lon="24.4486590">
    <ele>1123.2</ele>
   </trkpt>
   <trkpt lat="-29.7530030" lon="24.4486340">
    <ele>1123.0</ele>
   </trkpt>
   <trkpt lat="-29.7529830" lon="24.4486070">
    <ele>1123.0</ele>
   </trkpt>
   <trkpt lat="-29.7529630" lon="24.4485780">
    <ele>1122.8</ele>
   </trkpt>
   <trkpt lat="-29.7529430" lon="24.4485510">
    <ele>1122.8</ele>
   </trkpt>
   <trkpt lat="-29.7529230" lon="24.4485230">
    <ele>1122.4</ele>
   </trkpt>
   <trkpt lat="-29.7529030" lon="24.4484960">
    <ele>1122.4</ele>
   </trkpt>
   <trkpt lat="-29.7528860" lon="24.4484650">
    <ele>1122.1</ele>
   </trkpt>
   <trkpt lat="-29.7528720" lon="24.4484340">
    <ele>1122.3</ele>
   </trkpt>
   <trkpt lat="-29.7528560" lon="24.4484050">
    <ele>1122.1</ele>
   </trkpt>
   <trkpt lat="-29.7528340" lon="24.4483770">
    <ele>1122.6</ele>
   </trkpt>
   <trkpt lat="-29.7528120" lon="24.4483480">
    <ele>1123.1</ele>
   </trkpt>
   <trkpt lat="-29.7527940" lon="24.4483210">
    <ele>1123.1</ele>
   </trkpt>
   <trkpt lat="-29.7527740" lon="24.4482960">
    <ele>1123.7</ele>
   </trkpt>
   <trkpt lat="-29.7527550" lon="24.4482690">
    <ele>1124.0</ele>
   </trkpt>
   <trkpt lat="-29.7527390" lon="24.4482400">
    <ele>1124.0</ele>
   </trkpt>
   <trkpt lat="-29.7527290" lon="24.4482040">
    <ele>1124.2</ele>
   </trkpt>
   <trkpt lat="-29.7527180" lon="24.4481680">
    <ele>1124.4</ele>
   </trkpt>
   <trkpt lat="-29.7527110" lon="24.4481340">
    <ele>1124.7</ele>
   </trkpt>
   <trkpt lat="-29.7527080" lon="24.4481000">
    <ele>1124.7</ele>
   </trkpt>
   <trkpt lat="-29.7527070" lon="24.4480670">
    <ele>1125.0</ele>
   </trkpt>
   <trkpt lat="-29.7527120" lon="24.4480320">
    <ele>1125.4</ele>
   </trkpt>
   <trkpt lat="-29.7527220" lon="24.4479980">
    <ele>1125.6</ele>
   </trkpt>
   <trkpt lat="-29.7527290" lon="24.4479610">
    <ele>1126.1</ele>
   </trkpt>
   <trkpt lat="-29.7527410" lon="24.4479240">
    <ele>1126.6</ele>
   </trkpt>
   <trkpt lat="-29.7527570" lon="24.4478890">
    <ele>1126.4</ele>
   </trkpt>
   <trkpt lat="-29.7527760" lon="24.4478560">
    <ele>1126.9</ele>
   </trkpt>
   <trkpt lat="-29.7527950" lon="24.4478220">
    <ele>1127.3</ele>
   </trkpt>
   <trkpt lat="-29.7528140" lon="24.4477870">
    <ele>1127.8</ele>
   </trkpt>
   <trkpt lat="-29.7528350" lon="24.4477510">
    <ele>1127.9</ele>
   </trkpt>
   <trkpt lat="-29.7528630" lon="24.4477230">
    <ele>1127.9</ele>
   </trkpt>
   <trkpt lat="-29.7528850" lon="24.4476900">
    <ele>1127.7</ele>
   </trkpt>
   <trkpt lat="-29.7528980" lon="24.4476510">
    <ele>1127.9</ele>
   </trkpt>
   <trkpt lat="-29.7529130" lon="24.4476110">
    <ele>1127.6</ele>
   </trkpt>
   <trkpt lat="-29.7529320" lon="24.4475750">
    <ele>1127.9</ele>
   </trkpt>
   <trkpt lat="-29.7529530" lon="24.4475410">
    <ele>1128.0</ele>
   </trkpt>
   <trkpt lat="-29.7529720" lon="24.4475050">
    <ele>1128.0</ele>
   </trkpt>
   <trkpt lat="-29.7529870" lon="24.4474700">
    <ele>1128.0</ele>
   </trkpt>
   <trkpt lat="-29.7530040" lon="24.4474340">
    <ele>1128.5</ele>
   </trkpt>
   <trkpt lat="-29.7530220" lon="24.4474010">
    <ele>1128.2</ele>
   </trkpt>
   <trkpt lat="-29.7530380" lon="24.4473650">
    <ele>1128.4</ele>
   </trkpt>
   <trkpt lat="-29.7530560" lon="24.4473300">
    <ele>1127.6</ele>
   </trkpt>
   <trkpt lat="-29.7530710" lon="24.4472940">
    <ele>1127.7</ele>
   </trkpt>
   <trkpt lat="-29.7530880" lon="24.4472590">
    <ele>1127.8</ele>
   </trkpt>
   <trkpt lat="-29.7531040" lon="24.4472280">
    <ele>1127.3</ele>
   </trkpt>
   <trkpt lat="-29.7531210" lon="24.4471950">
    <ele>1127.4</ele>
   </trkpt>
   <trkpt lat="-29.7531380" lon="24.4471610">
    <ele>1126.9</ele>
   </trkpt>
   <trkpt lat="-29.7531530" lon="24.4471260">
    <ele>1126.9</ele>
   </trkpt>
   <trkpt lat="-29.7531680" lon="24.4470930">
    <ele>1126.4</ele>
   </trkpt>
   <trkpt lat="-29.7531840" lon="24.4470600">
    <ele>1126.3</ele>
   </trkpt>
   <trkpt lat="-29.7532000" lon="24.4470240">
    <ele>1126.1</ele>
   </trkpt>
   <trkpt lat="-29.7532120" lon="24.4469890">
    <ele>1125.6</ele>
   </trkpt>
   <trkpt lat="-29.7532260" lon="24.4469540">
    <ele>1125.5</ele>
   </trkpt>
   <trkpt lat="-29.7532380" lon="24.4469180">
    <ele>1125.1</ele>
   </trkpt>
   <trkpt lat="-29.7532490" lon="24.4468840">
    <ele>1125.1</ele>
   </trkpt>
   <trkpt lat="-29.7532590" lon="24.4468470">
    <ele>1125.2</ele>
   </trkpt>
   <trkpt lat="-29.7532670" lon="24.4468100">
    <ele>1125.3</ele>
   </trkpt>
   <trkpt lat="-29.7532760" lon="24.4467730">
    <ele>1124.9</ele>
   </trkpt>
   <trkpt lat="-29.7532830" lon="24.4467350">
    <ele>1124.9</ele>
   </trkpt>
   <trkpt lat="-29.7532900" lon="24.4466980">
    <ele>1124.7</ele>
   </trkpt>
   <trkpt lat="-29.7532960" lon="24.4466590">
    <ele>1124.4</ele>
   </trkpt>
   <trkpt lat="-29.7533040" lon="24.4466210">
    <ele>1124.0</ele>
   </trkpt>
   <trkpt lat="-29.7533110" lon="24.4465830">
    <ele>1123.8</ele>
   </trkpt>
   <trkpt lat="-29.7533180" lon="24.4465450">
    <ele>1123.5</ele>
   </trkpt>
   <trkpt lat="-29.7533250" lon="24.4465060">
    <ele>1123.7</ele>
   </trkpt>
   <trkpt lat="-29.7533330" lon="24.4464650">
    <ele>1123.9</ele>
   </trkpt>
   <trkpt lat="-29.7533400" lon="24.4464260">
    <ele>1123.9</ele>
   </trkpt>
   <trkpt lat="-29.7533490" lon="24.4463880">
    <ele>1124.2</ele>
   </trkpt>
   <trkpt lat="-29.7533580" lon="24.4463490">
    <ele>1123.8</ele>
   </trkpt>
   <trkpt lat="-29.7533670" lon="24.4463110">
    <ele>1123.8</ele>
   </trkpt>
   <trkpt lat="-29.7533770" lon="24.4462740">
    <ele>1123.7</ele>
   </trkpt>
   <trkpt lat="-29.7533860" lon="24.4462350">
    <ele>1123.7</ele>
   </trkpt>
   <trkpt lat="-29.7533950" lon="24.4461980">
    <ele>1123.2</ele>
   </trkpt>
   <trkpt lat="-29.7534020" lon="24.4461530">
    <ele>1123.4</ele>
   </trkpt>
   <trkpt lat="-29.7534170" lon="24.4461130">
    <ele>1123.7</ele>
   </trkpt>
   <trkpt lat="-29.7534340" lon="24.4460780">
    <ele>1123.5</ele>
   </trkpt>
   <trkpt lat="-29.7534510" lon="24.4460390">
    <ele>1123.8</ele>
   </trkpt>
   <trkpt lat="-29.7534690" lon="24.4460000">
    <ele>1123.3</ele>
   </trkpt>
   <trkpt lat="-29.7534840" lon="24.4459700">
    <ele>1123.5</ele>
   </trkpt>
   <trkpt lat="-29.7535060" lon="24.4459350">
    <ele>1122.9</ele>
   </trkpt>
   <trkpt lat="-29.7535290" lon="24.4459030">
    <ele>1123.0</ele>
   </trkpt>
   <trkpt lat="-29.7535530" lon="24.4458700">
    <ele>1122.3</ele>
   </trkpt>
   <trkpt lat="-29.7535760" lon="24.4458360">
    <ele>1121.7</ele>
   </trkpt>
   <trkpt lat="-29.7535970" lon="24.4458030">
    <ele>1121.9</ele>
   </trkpt>
   <trkpt lat="-29.7536180" lon="24.4457670">
    <ele>1121.6</ele>
   </trkpt>
   <trkpt lat="-29.7536360" lon="24.4457320">
    <ele>1121.9</ele>
   </trkpt>
   <trkpt lat="-29.7536530" lon="24.4456930">
    <ele>1121.6</ele>
   </trkpt>
   <trkpt lat="-29.7536670" lon="24.4456540">
    <ele>1121.6</ele>
   </trkpt>
   <trkpt lat="-29.7536770" lon="24.4456150">
    <ele>1121.9</ele>
   </trkpt>
   <trkpt lat="-29.7536850" lon="24.4455750">
    <ele>1121.8</ele>
   </trkpt>
   <trkpt lat="-29.7536890" lon="24.4455340">
    <ele>1122.0</ele>
   </trkpt>
   <trkpt lat="-29.7536940" lon="24.4454940">
    <ele>1122.1</ele>
   </trkpt>
   <trkpt lat="-29.7537020" lon="24.4454560">
    <ele>1122.2</ele>
   </trkpt>
   <trkpt lat="-29.7537100" lon="24.4454170">
    <ele>1122.1</ele>
   </trkpt>
   <trkpt lat="-29.7537180" lon="24.4453750">
    <ele>1122.0</ele>
   </trkpt>
   <trkpt lat="-29.7537330" lon="24.4453390">
    <ele>1121.8</ele>
   </trkpt>
   <trkpt lat="-29.7537460" lon="24.4453050">
    <ele>1121.8</ele>
   </trkpt>
   <trkpt lat="-29.7537620" lon="24.4452710">
    <ele>1121.6</ele>
   </trkpt>
   <trkpt lat="-29.7537800" lon="24.4452330">
    <ele>1121.6</ele>
   </trkpt>
   <trkpt lat="-29.7537980" lon="24.4451920">
    <ele>1121.3</ele>
   </trkpt>
   <trkpt lat="-29.7538190" lon="24.4451470">
    <ele>1121.3</ele>
   </trkpt>
   <trkpt lat="-29.7538430" lon="24.4451020">
    <ele>1121.0</ele>
   </trkpt>
   <trkpt lat="-29.7538650" lon="24.4450510">
    <ele>1121.0</ele>
   </trkpt>
   <trkpt lat="-29.7538890" lon="24.4450020">
    <ele>1120.7</ele>
   </trkpt>
   <trkpt lat="-29.7539120" lon="24.4449580">
    <ele>1120.2</ele>
   </trkpt>
   <trkpt lat="-29.7539340" lon="24.4449190">
    <ele>1119.9</ele>
   </trkpt>
   <trkpt lat="-29.7539540" lon="24.4448830">
    <ele>1119.7</ele>
   </trkpt>
   <trkpt lat="-29.7539730" lon="24.4448450">
    <ele>1119.4</ele>
   </trkpt>
   <trkpt lat="-29.7539930" lon="24.4448050">
    <ele>1118.9</ele>
   </trkpt>
   <trkpt lat="-29.7540120" lon="24.4447730">
    <ele>1118.8</ele>
   </trkpt>
   <trkpt lat="-29.7540260" lon="24.4447440">
    <ele>1118.6</ele>
   </trkpt>
   <trkpt lat="-29.7540420" lon="24.4447160">
    <ele>1118.6</ele>
   </trkpt>
   <trkpt lat="-29.7540620" lon="24.4446850">
    <ele>1118.4</ele>
   </trkpt>
   <trkpt lat="-29.7540790" lon="24.4446540">
    <ele>1118.6</ele>
   </trkpt>
   <trkpt lat="-29.7540950" lon="24.4446230">
    <ele>1118.3</ele>
   </trkpt>
   <trkpt lat="-29.7541110" lon="24.4445950">
    <ele>1118.5</ele>
   </trkpt>
   <trkpt lat="-29.7541260" lon="24.4445690">
    <ele>1119.0</ele>
   </trkpt>
   <trkpt lat="-29.7541460" lon="24.4445310">
    <ele>1119.0</ele>
   </trkpt>
   <trkpt lat="-29.7541540" lon="24.4445180">
    <ele>1119.0</ele>
   </trkpt>
   <trkpt lat="-29.7541600" lon="24.4445060">
    <ele>1119.0</ele>
   </trkpt>
   <trkpt lat="-29.7541730" lon="24.4444830">
    <ele>1118.9</ele>
   </trkpt>
   <trkpt lat="-29.7541880" lon="24.4444520">
    <ele>1118.9</ele>
   </trkpt>
   <trkpt lat="-29.7541940" lon="24.4444410">
    <ele>1119.3</ele>
   </trkpt>
   <trkpt lat="-29.7542030" lon="24.4444240">
    <ele>1119.2</ele>
   </trkpt>
   <trkpt lat="-29.7542080" lon="24.4444070">
    <ele>1119.0</ele>
   </trkpt>
   <trkpt lat="-29.7542180" lon="24.4443720">
    <ele>1119.0</ele>
   </trkpt>
   <trkpt lat="-29.7542190" lon="24.4443660">
    <ele>1119.0</ele>
   </trkpt>
   <trkpt lat="-29.7542320" lon="24.4443390">
    <ele>1119.3</ele>
   </trkpt>
   <trkpt lat="-29.7542370" lon="24.4443300">
    <ele>1119.3</ele>
   </trkpt>
   <trkpt lat="-29.7542510" lon="24.4443020">
    <ele>1118.9</ele>
   </trkpt>
   <trkpt lat="-29.7542570" lon="24.4442900">
    <ele>1118.9</ele>
   </trkpt>
   <trkpt lat="-29.7542680" lon="24.4442730">
    <ele>1119.0</ele>
   </trkpt>
   <trkpt lat="-29.7542750" lon="24.4442580">
    <ele>1119.0</ele>
   </trkpt>
   <trkpt lat="-29.7542840" lon="24.4442420">
    <ele>1118.5</ele>
   </trkpt>
   <trkpt lat="-29.7542940" lon="24.4442280">
    <ele>1118.7</ele>
   </trkpt>
   <trkpt lat="-29.7543070" lon="24.4442150">
    <ele>1118.7</ele>
   </trkpt>
   <trkpt lat="-29.7543210" lon="24.4442010">
    <ele>1118.4</ele>
   </trkpt>
   <trkpt lat="-29.7543480" lon="24.4441630">
    <ele>1118.6</ele>
   </trkpt>
   <trkpt lat="-29.7543580" lon="24.4441470">
    <ele>1118.7</ele>
   </trkpt>
   <trkpt lat="-29.7543850" lon="24.4441150">
    <ele>1118.7</ele>
   </trkpt>
   <trkpt lat="-29.7544170" lon="24.4440760">
    <ele>1118.8</ele>
   </trkpt>
   <trkpt lat="-29.7544450" lon="24.4440370">
    <ele>1118.8</ele>
   </trkpt>
   <trkpt lat="-29.7544720" lon="24.4439990">
    <ele>1118.7</ele>
   </trkpt>
   <trkpt lat="-29.7544980" lon="24.4439610">
    <ele>1118.7</ele>
   </trkpt>
   <trkpt lat="-29.7545220" lon="24.4439220">
    <ele>1118.1</ele>
   </trkpt>
   <trkpt lat="-29.7545450" lon="24.4438830">
    <ele>1117.5</ele>
   </trkpt>
   <trkpt lat="-29.7545650" lon="24.4438410">
    <ele>1117.6</ele>
   </trkpt>
   <trkpt lat="-29.7545860" lon="24.4437960">
    <ele>1117.2</ele>
   </trkpt>
   <trkpt lat="-29.7546040" lon="24.4437520">
    <ele>1117.5</ele>
   </trkpt>
   <trkpt lat="-29.7546230" lon="24.4437060">
    <ele>1117.3</ele>
   </trkpt>
   <trkpt lat="-29.7546420" lon="24.4436620">
    <ele>1117.6</ele>
   </trkpt>
   <trkpt lat="-29.7546590" lon="24.4436170">
    <ele>1117.3</ele>
   </trkpt>
   <trkpt lat="-29.7546740" lon="24.4435730">
    <ele>1117.6</ele>
   </trkpt>
   <trkpt lat="-29.7546910" lon="24.4435310">
    <ele>1117.3</ele>
   </trkpt>
   <trkpt lat="-29.7547070" lon="24.4434940">
    <ele>1117.6</ele>
   </trkpt>
   <trkpt lat="-29.7547190" lon="24.4434590">
    <ele>1117.8</ele>
   </trkpt>
   <trkpt lat="-29.7547320" lon="24.4434260">
    <ele>1117.4</ele>
   </trkpt>
   <trkpt lat="-29.7547410" lon="24.4433970">
    <ele>1117.6</ele>
   </trkpt>
   <trkpt lat="-29.7547520" lon="24.4433580">
    <ele>1117.8</ele>
   </trkpt>
   <trkpt lat="-29.7547560" lon="24.4433440">
    <ele>1117.8</ele>
   </trkpt>
   <trkpt lat="-29.7547640" lon="24.4433210">
    <ele>1117.9</ele>
   </trkpt>
   <trkpt lat="-29.7547690" lon="24.4433050">
    <ele>1117.7</ele>
   </trkpt>
   <trkpt lat="-29.7547790" lon="24.4432610">
    <ele>1117.6</ele>
   </trkpt>
   <trkpt lat="-29.7547850" lon="24.4432320">
    <ele>1117.4</ele>
   </trkpt>
   <trkpt lat="-29.7547900" lon="24.4431940">
    <ele>1117.0</ele>
   </trkpt>
   <trkpt lat="-29.7547960" lon="24.4431570">
    <ele>1116.8</ele>
   </trkpt>
   <trkpt lat="-29.7548020" lon="24.4431170">
    <ele>1116.6</ele>
   </trkpt>
   <trkpt lat="-29.7548060" lon="24.4430740">
    <ele>1116.2</ele>
   </trkpt>
   <trkpt lat="-29.7548080" lon="24.4430290">
    <ele>1116.2</ele>
   </trkpt>
   <trkpt lat="-29.7548050" lon="24.4429810">
    <ele>1116.3</ele>
   </trkpt>
   <trkpt lat="-29.7548030" lon="24.4429290">
    <ele>1116.3</ele>
   </trkpt>
   <trkpt lat="-29.7547970" lon="24.4428780">
    <ele>1116.7</ele>
   </trkpt>
   <trkpt lat="-29.7547830" lon="24.4428290">
    <ele>1116.7</ele>
   </trkpt>
   <trkpt lat="-29.7547640" lon="24.4427840">
    <ele>1116.8</ele>
   </trkpt>
   <trkpt lat="-29.7547360" lon="24.4427510">
    <ele>1116.8</ele>
   </trkpt>
   <trkpt lat="-29.7547010" lon="24.4427180">
    <ele>1116.7</ele>
   </trkpt>
   <trkpt lat="-29.7546620" lon="24.4426900">
    <ele>1116.7</ele>
   </trkpt>
   <trkpt lat="-29.7546170" lon="24.4426580">
    <ele>1116.7</ele>
   </trkpt>
   <trkpt lat="-29.7545700" lon="24.4426300">
    <ele>1117.0</ele>
   </trkpt>
   <trkpt lat="-29.7545170" lon="24.4426060">
    <ele>1117.3</ele>
   </trkpt>
   <trkpt lat="-29.7544680" lon="24.4425780">
    <ele>1117.7</ele>
   </trkpt>
   <trkpt lat="-29.7544190" lon="24.4425520">
    <ele>1118.1</ele>
   </trkpt>
   <trkpt lat="-29.7543710" lon="24.4425320">
    <ele>1118.2</ele>
   </trkpt>
   <trkpt lat="-29.7543270" lon="24.4425140">
    <ele>1118.1</ele>
   </trkpt>
   <trkpt lat="-29.7542880" lon="24.4424980">
    <ele>1118.1</ele>
   </trkpt>
   <trkpt lat="-29.7542510" lon="24.4424760">
    <ele>1117.7</ele>
   </trkpt>
   <trkpt lat="-29.7542150" lon="24.4424490">
    <ele>1117.8</ele>
   </trkpt>
   <trkpt lat="-29.7541760" lon="24.4424250">
    <ele>1117.3</ele>
   </trkpt>
   <trkpt lat="-29.7541400" lon="24.4424010">
    <ele>1117.4</ele>
   </trkpt>
   <trkpt lat="-29.7541050" lon="24.4423790">
    <ele>1117.1</ele>
   </trkpt>
   <trkpt lat="-29.7540740" lon="24.4423600">
    <ele>1117.4</ele>
   </trkpt>
   <trkpt lat="-29.7540470" lon="24.4423460">
    <ele>1117.2</ele>
   </trkpt>
   <trkpt lat="-29.7540200" lon="24.4423300">
    <ele>1117.4</ele>
   </trkpt>
   <trkpt lat="-29.7539920" lon="24.4423080">
    <ele>1117.4</ele>
   </trkpt>
   <trkpt lat="-29.7539830" lon="24.4423020">
    <ele>1117.2</ele>
   </trkpt>
   <trkpt lat="-29.7539490" lon="24.4422830">
    <ele>1117.2</ele>
   </trkpt>
   <trkpt lat="-29.7539360" lon="24.4422760">
    <ele>1117.4</ele>
   </trkpt>
   <trkpt lat="-29.7539000" lon="24.4422540">
    <ele>1117.5</ele>
   </trkpt>
   <trkpt lat="-29.7538870" lon="24.4422460">
    <ele>1117.5</ele>
   </trkpt>
   <trkpt lat="-29.7538600" lon="24.4422290">
    <ele>1117.9</ele>
   </trkpt>
   <trkpt lat="-29.7538330" lon="24.4422090">
    <ele>1118.5</ele>
   </trkpt>
   <trkpt lat="-29.7538060" lon="24.4421890">
    <ele>1118.5</ele>
   </trkpt>
   <trkpt lat="-29.7537770" lon="24.4421690">
    <ele>1119.2</ele>
   </trkpt>
   <trkpt lat="-29.7537510" lon="24.4421480">
    <ele>1119.7</ele>
   </trkpt>
   <trkpt lat="-29.7537240" lon="24.4421250">
    <ele>1119.6</ele>
   </trkpt>
   <trkpt lat="-29.7536960" lon="24.4421040">
    <ele>1120.0</ele>
   </trkpt>
   <trkpt lat="-29.7536690" lon="24.4420810">
    <ele>1120.0</ele>
   </trkpt>
   <trkpt lat="-29.7536420" lon="24.4420570">
    <ele>1120.3</ele>
   </trkpt>
   <trkpt lat="-29.7536170" lon="24.4420310">
    <ele>1120.0</ele>
   </trkpt>
   <trkpt lat="-29.7535910" lon="24.4420070">
    <ele>1120.3</ele>
   </trkpt>
   <trkpt lat="-29.7535650" lon="24.4419810">
    <ele>1120.3</ele>
   </trkpt>
   <trkpt lat="-29.7535400" lon="24.4419540">
    <ele>1120.0</ele>
   </trkpt>
   <trkpt lat="-29.7535130" lon="24.4419250">
    <ele>1120.2</ele>
   </trkpt>
   <trkpt lat="-29.7534870" lon="24.4418980">
    <ele>1120.2</ele>
   </trkpt>
   <trkpt lat="-29.7534610" lon="24.4418650">
    <ele>1120.3</ele>
   </trkpt>
   <trkpt lat="-29.7534340" lon="24.4418360">
    <ele>1120.3</ele>
   </trkpt>
   <trkpt lat="-29.7534090" lon="24.4418040">
    <ele>1120.3</ele>
   </trkpt>
   <trkpt lat="-29.7533840" lon="24.4417710">
    <ele>1120.0</ele>
   </trkpt>
   <trkpt lat="-29.7533570" lon="24.4417420">
    <ele>1119.4</ele>
   </trkpt>
   <trkpt lat="-29.7533320" lon="24.4417110">
    <ele>1119.4</ele>
   </trkpt>
   <trkpt lat="-29.7533090" lon="24.4416840">
    <ele>1118.7</ele>
   </trkpt>
   <trkpt lat="-29.7532860" lon="24.4416510">
    <ele>1118.2</ele>
   </trkpt>
   <trkpt lat="-29.7532610" lon="24.4416210">
    <ele>1118.2</ele>
   </trkpt>
   <trkpt lat="-29.7532360" lon="24.4415950">
    <ele>1118.0</ele>
   </trkpt>
   <trkpt lat="-29.7532130" lon="24.4415690">
    <ele>1117.8</ele>
   </trkpt>
   <trkpt lat="-29.7531910" lon="24.4415450">
    <ele>1118.1</ele>
   </trkpt>
   <trkpt lat="-29.7531680" lon="24.4415210">
    <ele>1118.1</ele>
   </trkpt>
   <trkpt lat="-29.7531490" lon="24.4414990">
    <ele>1118.5</ele>
   </trkpt>
   <trkpt lat="-29.7531290" lon="24.4414760">
    <ele>1118.5</ele>
   </trkpt>
   <trkpt lat="-29.7531060" lon="24.4414510">
    <ele>1119.0</ele>
   </trkpt>
   <trkpt lat="-29.7530870" lon="24.4414240">
    <ele>1119.5</ele>
   </trkpt>
   <trkpt lat="-29.7530690" lon="24.4413940">
    <ele>1119.5</ele>
   </trkpt>
   <trkpt lat="-29.7530490" lon="24.4413660">
    <ele>1120.0</ele>
   </trkpt>
   <trkpt lat="-29.7530250" lon="24.4413400">
    <ele>1119.8</ele>
   </trkpt>
   <trkpt lat="-29.7530010" lon="24.4413150">
    <ele>1120.0</ele>
   </trkpt>
   <trkpt lat="-29.7529760" lon="24.4412930">
    <ele>1120.3</ele>
   </trkpt>
   <trkpt lat="-29.7529540" lon="24.4412730">
    <ele>1120.0</ele>
   </trkpt>
   <trkpt lat="-29.7529290" lon="24.4412550">
    <ele>1120.3</ele>
   </trkpt>
   <trkpt lat="-29.7529040" lon="24.4412370">
    <ele>1120.3</ele>
   </trkpt>
   <trkpt lat="-29.7528780" lon="24.4412230">
    <ele>1120.3</ele>
   </trkpt>
   <trkpt lat="-29.7528530" lon="24.4412080">
    <ele>1120.4</ele>
   </trkpt>
   <trkpt lat="-29.7528280" lon="24.4411920">
    <ele>1120.5</ele>
   </trkpt>
   <trkpt lat="-29.7528030" lon="24.4411790">
    <ele>1120.3</ele>
   </trkpt>
   <trkpt lat="-29.7527750" lon="24.4411700">
    <ele>1120.2</ele>
   </trkpt>
   <trkpt lat="-29.7527410" lon="24.4411460">
    <ele>1119.9</ele>
   </trkpt>
   <trkpt lat="-29.7527290" lon="24.4411390">
    <ele>1119.9</ele>
   </trkpt>
   <trkpt lat="-29.7526970" lon="24.4411180">
    <ele>1119.8</ele>
   </trkpt>
   <trkpt lat="-29.7526860" lon="24.4411140">
    <ele>1119.8</ele>
   </trkpt>
   <trkpt lat="-29.7526570" lon="24.4411040">
    <ele>1119.8</ele>
   </trkpt>
   <trkpt lat="-29.7526480" lon="24.4410990">
    <ele>1119.7</ele>
   </trkpt>
   <trkpt lat="-29.7526390" lon="24.4410840">
    <ele>1119.8</ele>
   </trkpt>
   <trkpt lat="-29.7526390" lon="24.4410600">
    <ele>1119.8</ele>
   </trkpt>
   <trkpt lat="-29.7526510" lon="24.4410160">
    <ele>1119.6</ele>
   </trkpt>
   <trkpt lat="-29.7526560" lon="24.4410000">
    <ele>1119.6</ele>
   </trkpt>
   <trkpt lat="-29.7526620" lon="24.4409690">
    <ele>1119.7</ele>
   </trkpt>
   <trkpt lat="-29.7526630" lon="24.4409360">
    <ele>1119.7</ele>
   </trkpt>
   <trkpt lat="-29.7526670" lon="24.4409020">
    <ele>1119.7</ele>
   </trkpt>
   <trkpt lat="-29.7526750" lon="24.4408690">
    <ele>1119.8</ele>
   </trkpt>
   <trkpt lat="-29.7526820" lon="24.4408360">
    <ele>1119.6</ele>
   </trkpt>
   <trkpt lat="-29.7526900" lon="24.4408010">
    <ele>1119.5</ele>
   </trkpt>
   <trkpt lat="-29.7526980" lon="24.4407640">
    <ele>1119.5</ele>
   </trkpt>
   <trkpt lat="-29.7527030" lon="24.4407280">
    <ele>1119.5</ele>
   </trkpt>
   <trkpt lat="-29.7527060" lon="24.4406920">
    <ele>1119.5</ele>
   </trkpt>
   <trkpt lat="-29.7527120" lon="24.4406560">
    <ele>1119.4</ele>
   </trkpt>
   <trkpt lat="-29.7527170" lon="24.4406240">
    <ele>1119.3</ele>
   </trkpt>
   <trkpt lat="-29.7527250" lon="24.4405880">
    <ele>1119.4</ele>
   </trkpt>
   <trkpt lat="-29.7527340" lon="24.4405460">
    <ele>1119.7</ele>
   </trkpt>
   <trkpt lat="-29.7527440" lon="24.4405050">
    <ele>1119.7</ele>
   </trkpt>
   <trkpt lat="-29.7527590" lon="24.4404660">
    <ele>1119.9</ele>
   </trkpt>
   <trkpt lat="-29.7527750" lon="24.4404280">
    <ele>1120.0</ele>
   </trkpt>
   <trkpt lat="-29.7527920" lon="24.4403900">
    <ele>1119.8</ele>
   </trkpt>
   <trkpt lat="-29.7528060" lon="24.4403520">
    <ele>1119.8</ele>
   </trkpt>
   <trkpt lat="-29.7528170" lon="24.4403120">
    <ele>1119.7</ele>
   </trkpt>
   <trkpt lat="-29.7528190" lon="24.4402690">
    <ele>1119.7</ele>
   </trkpt>
   <trkpt lat="-29.7528170" lon="24.4402230">
    <ele>1119.6</ele>
   </trkpt>
   <trkpt lat="-29.7528260" lon="24.4401780">
    <ele>1119.6</ele>
   </trkpt>
   <trkpt lat="-29.7528350" lon="24.4401380">
    <ele>1119.6</ele>
   </trkpt>
   <trkpt lat="-29.7528280" lon="24.4401030">
    <ele>1119.6</ele>
   </trkpt>
   <trkpt lat="-29.7528140" lon="24.4400730">
    <ele>1119.6</ele>
   </trkpt>
   <trkpt lat="-29.7527990" lon="24.4400470">
    <ele>1119.6</ele>
   </trkpt>
   <trkpt lat="-29.7527770" lon="24.4400190">
    <ele>1119.6</ele>
   </trkpt>
   <trkpt lat="-29.7527680" lon="24.4400090">
    <ele>1119.6</ele>
   </trkpt>
   <trkpt lat="-29.7527460" lon="24.4399780">
    <ele>1119.9</ele>
   </trkpt>
   <trkpt lat="-29.7527390" lon="24.4399670">
    <ele>1119.9</ele>
   </trkpt>
   <trkpt lat="-29.7527200" lon="24.4399400">
    <ele>1120.2</ele>
   </trkpt>
   <trkpt lat="-29.7527130" lon="24.4399320">
    <ele>1120.3</ele>
   </trkpt>
   <trkpt lat="-29.7526910" lon="24.4399050">
    <ele>1120.3</ele>
   </trkpt>
   <trkpt lat="-29.7526830" lon="24.4398970">
    <ele>1120.5</ele>
   </trkpt>
   <trkpt lat="-29.7526560" lon="24.4398700">
    <ele>1120.6</ele>
   </trkpt>
   <trkpt lat="-29.7526450" lon="24.4398610">
    <ele>1120.6</ele>
   </trkpt>
   <trkpt lat="-29.7526210" lon="24.4398430">
    <ele>1120.6</ele>
   </trkpt>
   <trkpt lat="-29.7525970" lon="24.4398260">
    <ele>1120.5</ele>
   </trkpt>
   <trkpt lat="-29.7525680" lon="24.4398070">
    <ele>1120.5</ele>
   </trkpt>
   <trkpt lat="-29.7525380" lon="24.4397880">
    <ele>1120.5</ele>
   </trkpt>
   <trkpt lat="-29.7525060" lon="24.4397790">
    <ele>1120.6</ele>
   </trkpt>
   <trkpt lat="-29.7524690" lon="24.4397660">
    <ele>1120.7</ele>
   </trkpt>
   <trkpt lat="-29.7524290" lon="24.4397440">
    <ele>1120.7</ele>
   </trkpt>
   <trkpt lat="-29.7523890" lon="24.4397170">
    <ele>1120.6</ele>
   </trkpt>
   <trkpt lat="-29.7523470" lon="24.4396920">
    <ele>1120.7</ele>
   </trkpt>
   <trkpt lat="-29.7523070" lon="24.4396660">
    <ele>1120.8</ele>
   </trkpt>
   <trkpt lat="-29.7522680" lon="24.4396460">
    <ele>1121.3</ele>
   </trkpt>
   <trkpt lat="-29.7522310" lon="24.4396310">
    <ele>1121.2</ele>
   </trkpt>
   <trkpt lat="-29.7521990" lon="24.4396120">
    <ele>1121.2</ele>
   </trkpt>
   <trkpt lat="-29.7521700" lon="24.4395910">
    <ele>1120.9</ele>
   </trkpt>
   <trkpt lat="-29.7521420" lon="24.4395700">
    <ele>1120.9</ele>
   </trkpt>
   <trkpt lat="-29.7521140" lon="24.4395490">
    <ele>1120.7</ele>
   </trkpt>
   <trkpt lat="-29.7520870" lon="24.4395320">
    <ele>1120.7</ele>
   </trkpt>
   <trkpt lat="-29.7520570" lon="24.4395190">
    <ele>1120.6</ele>
   </trkpt>
   <trkpt lat="-29.7520320" lon="24.4395030">
    <ele>1120.5</ele>
   </trkpt>
   <trkpt lat="-29.7520070" lon="24.4394870">
    <ele>1120.5</ele>
   </trkpt>
   <trkpt lat="-29.7519800" lon="24.4394700">
    <ele>1120.5</ele>
   </trkpt>
   <trkpt lat="-29.7519530" lon="24.4394510">
    <ele>1120.5</ele>
   </trkpt>
   <trkpt lat="-29.7519240" lon="24.4394320">
    <ele>1120.6</ele>
   </trkpt>
   <trkpt lat="-29.7518950" lon="24.4394130">
    <ele>1120.6</ele>
   </trkpt>
   <trkpt lat="-29.7518620" lon="24.4393940">
    <ele>1120.6</ele>
   </trkpt>
   <trkpt lat="-29.7518260" lon="24.4393740">
    <ele>1120.6</ele>
   </trkpt>
   <trkpt lat="-29.7517910" lon="24.4393500">
    <ele>1120.6</ele>
   </trkpt>
   <trkpt lat="-29.7517540" lon="24.4393220">
    <ele>1120.4</ele>
   </trkpt>
   <trkpt lat="-29.7517130" lon="24.4392960">
    <ele>1120.1</ele>
   </trkpt>
   <trkpt lat="-29.7516710" lon="24.4392680">
    <ele>1120.2</ele>
   </trkpt>
   <trkpt lat="-29.7516290" lon="24.4392370">
    <ele>1120.0</ele>
   </trkpt>
   <trkpt lat="-29.7515840" lon="24.4392070">
    <ele>1120.0</ele>
   </trkpt>
   <trkpt lat="-29.7515410" lon="24.4391750">
    <ele>1120.3</ele>
   </trkpt>
   <trkpt lat="-29.7514960" lon="24.4391410">
    <ele>1120.5</ele>
   </trkpt>
   <trkpt lat="-29.7514540" lon="24.4391070">
    <ele>1120.6</ele>
   </trkpt>
   <trkpt lat="-29.7514170" lon="24.4390700">
    <ele>1120.6</ele>
   </trkpt>
   <trkpt lat="-29.7513840" lon="24.4390330">
    <ele>1120.6</ele>
   </trkpt>
   <trkpt lat="-29.7513530" lon="24.4389960">
    <ele>1120.6</ele>
   </trkpt>
   <trkpt lat="-29.7513230" lon="24.4389600">
    <ele>1120.5</ele>
   </trkpt>
   <trkpt lat="-29.7512950" lon="24.4389260">
    <ele>1120.5</ele>
   </trkpt>
   <trkpt lat="-29.7512710" lon="24.4388940">
    <ele>1120.6</ele>
   </trkpt>
   <trkpt lat="-29.7512460" lon="24.4388650">
    <ele>1120.6</ele>
   </trkpt>
   <trkpt lat="-29.7512260" lon="24.4388360">
    <ele>1120.6</ele>
   </trkpt>
   <trkpt lat="-29.7512060" lon="24.4388090">
    <ele>1120.5</ele>
   </trkpt>
   <trkpt lat="-29.7511840" lon="24.4387770">
    <ele>1120.2</ele>
   </trkpt>
   <trkpt lat="-29.7511570" lon="24.4387440">
    <ele>1120.2</ele>
   </trkpt>
   <trkpt lat="-29.7511290" lon="24.4387090">
    <ele>1119.8</ele>
   </trkpt>
   <trkpt lat="-29.7511000" lon="24.4386730">
    <ele>1119.5</ele>
   </trkpt>
   <trkpt lat="-29.7510690" lon="24.4386340">
    <ele>1119.5</ele>
   </trkpt>
   <trkpt lat="-29.7510410" lon="24.4385940">
    <ele>1119.4</ele>
   </trkpt>
   <trkpt lat="-29.7510130" lon="24.4385550">
    <ele>1119.5</ele>
   </trkpt>
   <trkpt lat="-29.7509880" lon="24.4385180">
    <ele>1119.7</ele>
   </trkpt>
   <trkpt lat="-29.7509620" lon="24.4384830">
    <ele>1120.1</ele>
   </trkpt>
   <trkpt lat="-29.7509390" lon="24.4384480">
    <ele>1120.1</ele>
   </trkpt>
   <trkpt lat="-29.7509180" lon="24.4384080">
    <ele>1120.7</ele>
   </trkpt>
   <trkpt lat="-29.7508970" lon="24.4383680">
    <ele>1121.0</ele>
   </trkpt>
   <trkpt lat="-29.7508750" lon="24.4383260">
    <ele>1121.7</ele>
   </trkpt>
   <trkpt lat="-29.7508580" lon="24.4382840">
    <ele>1121.7</ele>
   </trkpt>
   <trkpt lat="-29.7508390" lon="24.4382420">
    <ele>1121.8</ele>
   </trkpt>
   <trkpt lat="-29.7508190" lon="24.4382000">
    <ele>1121.5</ele>
   </trkpt>
   <trkpt lat="-29.7508020" lon="24.4381570">
    <ele>1121.3</ele>
   </trkpt>
   <trkpt lat="-29.7507870" lon="24.4381120">
    <ele>1121.0</ele>
   </trkpt>
   <trkpt lat="-29.7507730" lon="24.4380660">
    <ele>1120.9</ele>
   </trkpt>
   <trkpt lat="-29.7507590" lon="24.4380220">
    <ele>1120.6</ele>
   </trkpt>
   <trkpt lat="-29.7507460" lon="24.4379750">
    <ele>1120.4</ele>
   </trkpt>
   <trkpt lat="-29.7507380" lon="24.4379280">
    <ele>1120.7</ele>
   </trkpt>
   <trkpt lat="-29.7507340" lon="24.4378800">
    <ele>1120.7</ele>
   </trkpt>
   <trkpt lat="-29.7507290" lon="24.4378320">
    <ele>1120.7</ele>
   </trkpt>
   <trkpt lat="-29.7507240" lon="24.4377830">
    <ele>1120.7</ele>
   </trkpt>
   <trkpt lat="-29.7507230" lon="24.4377330">
    <ele>1120.7</ele>
   </trkpt>
   <trkpt lat="-29.7507250" lon="24.4376930">
    <ele>1120.7</ele>
   </trkpt>
   <trkpt lat="-29.7507240" lon="24.4376600">
    <ele>1120.6</ele>
   </trkpt>
   <trkpt lat="-29.7507220" lon="24.4375820">
    <ele>1120.5</ele>
   </trkpt>
   <trkpt lat="-29.7507200" lon="24.4375430">
    <ele>1120.5</ele>
   </trkpt>
   <trkpt lat="-29.7507180" lon="24.4375040">
    <ele>1120.6</ele>
   </trkpt>
   <trkpt lat="-29.7507170" lon="24.4374360">
    <ele>1120.8</ele>
   </trkpt>
   <trkpt lat="-29.7507140" lon="24.4373890">
    <ele>1121.1</ele>
   </trkpt>
   <trkpt lat="-29.7507100" lon="24.4373420">
    <ele>1121.4</ele>
   </trkpt>
   <trkpt lat="-29.7507100" lon="24.4372930">
    <ele>1121.7</ele>
   </trkpt>
   <trkpt lat="-29.7507130" lon="24.4372430">
    <ele>1121.8</ele>
   </trkpt>
   <trkpt lat="-29.7507160" lon="24.4371960">
    <ele>1121.8</ele>
   </trkpt>
   <trkpt lat="-29.7507150" lon="24.4371490">
    <ele>1121.7</ele>
   </trkpt>
   <trkpt lat="-29.7507120" lon="24.4371040">
    <ele>1121.7</ele>
   </trkpt>
   <trkpt lat="-29.7507120" lon="24.4370600">
    <ele>1121.7</ele>
   </trkpt>
   <trkpt lat="-29.7507090" lon="24.4370190">
    <ele>1121.7</ele>
   </trkpt>
   <trkpt lat="-29.7507040" lon="24.4369750">
    <ele>1122.0</ele>
   </trkpt>
   <trkpt lat="-29.7506990" lon="24.4369350">
    <ele>1121.8</ele>
   </trkpt>
   <trkpt lat="-29.7506950" lon="24.4368920">
    <ele>1121.5</ele>
   </trkpt>
   <trkpt lat="-29.7506850" lon="24.4368520">
    <ele>1121.2</ele>
   </trkpt>
   <trkpt lat="-29.7506730" lon="24.4368080">
    <ele>1120.9</ele>
   </trkpt>
   <trkpt lat="-29.7506630" lon="24.4367680">
    <ele>1121.0</ele>
   </trkpt>
   <trkpt lat="-29.7506500" lon="24.4367270">
    <ele>1121.0</ele>
   </trkpt>
   <trkpt lat="-29.7506350" lon="24.4366870">
    <ele>1120.9</ele>
   </trkpt>
   <trkpt lat="-29.7506190" lon="24.4366480">
    <ele>1121.2</ele>
   </trkpt>
   <trkpt lat="-29.7506050" lon="24.4366110">
    <ele>1121.2</ele>
   </trkpt>
   <trkpt lat="-29.7505880" lon="24.4365740">
    <ele>1121.7</ele>
   </trkpt>
   <trkpt lat="-29.7505710" lon="24.4365380">
    <ele>1122.0</ele>
   </trkpt>
   <trkpt lat="-29.7505530" lon="24.4365030">
    <ele>1122.4</ele>
   </trkpt>
   <trkpt lat="-29.7505360" lon="24.4364670">
    <ele>1122.6</ele>
   </trkpt>
   <trkpt lat="-29.7505160" lon="24.4364310">
    <ele>1122.6</ele>
   </trkpt>
   <trkpt lat="-29.7504960" lon="24.4363960">
    <ele>1122.7</ele>
   </trkpt>
   <trkpt lat="-29.7504770" lon="24.4363600">
    <ele>1122.5</ele>
   </trkpt>
   <trkpt lat="-29.7504560" lon="24.4363210">
    <ele>1122.5</ele>
   </trkpt>
   <trkpt lat="-29.7504340" lon="24.4362840">
    <ele>1122.4</ele>
   </trkpt>
   <trkpt lat="-29.7504130" lon="24.4362460">
    <ele>1122.5</ele>
   </trkpt>
   <trkpt lat="-29.7503930" lon="24.4362080">
    <ele>1122.6</ele>
   </trkpt>
   <trkpt lat="-29.7503780" lon="24.4361630">
    <ele>1122.6</ele>
   </trkpt>
   <trkpt lat="-29.7503640" lon="24.4361230">
    <ele>1122.6</ele>
   </trkpt>
   <trkpt lat="-29.7503410" lon="24.4360860">
    <ele>1122.6</ele>
   </trkpt>
   <trkpt lat="-29.7503190" lon="24.4360500">
    <ele>1122.4</ele>
   </trkpt>
   <trkpt lat="-29.7503000" lon="24.4360120">
    <ele>1122.1</ele>
   </trkpt>
   <trkpt lat="-29.7502780" lon="24.4359760">
    <ele>1121.9</ele>
   </trkpt>
   <trkpt lat="-29.7502580" lon="24.4359420">
    <ele>1121.7</ele>
   </trkpt>
   <trkpt lat="-29.7502360" lon="24.4359080">
    <ele>1121.8</ele>
   </trkpt>
   <trkpt lat="-29.7502130" lon="24.4358720">
    <ele>1122.1</ele>
   </trkpt>
   <trkpt lat="-29.7501910" lon="24.4358380">
    <ele>1121.9</ele>
   </trkpt>
   <trkpt lat="-29.7501660" lon="24.4358040">
    <ele>1121.9</ele>
   </trkpt>
   <trkpt lat="-29.7501390" lon="24.4357710">
    <ele>1121.6</ele>
   </trkpt>
   <trkpt lat="-29.7501130" lon="24.4357380">
    <ele>1121.3</ele>
   </trkpt>
   <trkpt lat="-29.7500820" lon="24.4357080">
    <ele>1121.3</ele>
   </trkpt>
   <trkpt lat="-29.7500490" lon="24.4356820">
    <ele>1121.0</ele>
   </trkpt>
   <trkpt lat="-29.7500140" lon="24.4356570">
    <ele>1121.0</ele>
   </trkpt>
   <trkpt lat="-29.7499800" lon="24.4356360">
    <ele>1120.9</ele>
   </trkpt>
   <trkpt lat="-29.7499430" lon="24.4356230">
    <ele>1121.1</ele>
   </trkpt>
   <trkpt lat="-29.7499030" lon="24.4356150">
    <ele>1121.2</ele>
   </trkpt>
   <trkpt lat="-29.7498640" lon="24.4356070">
    <ele>1120.8</ele>
   </trkpt>
   <trkpt lat="-29.7498260" lon="24.4356000">
    <ele>1120.8</ele>
   </trkpt>
   <trkpt lat="-29.7497900" lon="24.4355850">
    <ele>1120.9</ele>
   </trkpt>
   <trkpt lat="-29.7497550" lon="24.4355680">
    <ele>1120.9</ele>
   </trkpt>
   <trkpt lat="-29.7497190" lon="24.4355560">
    <ele>1120.3</ele>
   </trkpt>
   <trkpt lat="-29.7496820" lon="24.4355440">
    <ele>1120.2</ele>
   </trkpt>
   <trkpt lat="-29.7496440" lon="24.4355290">
    <ele>1119.9</ele>
   </trkpt>
   <trkpt lat="-29.7496070" lon="24.4355180">
    <ele>1119.0</ele>
   </trkpt>
   <trkpt lat="-29.7495710" lon="24.4355070">
    <ele>1118.7</ele>
   </trkpt>
   <trkpt lat="-29.7495340" lon="24.4354930">
    <ele>1118.5</ele>
   </trkpt>
   <trkpt lat="-29.7494990" lon="24.4354790">
    <ele>1118.0</ele>
   </trkpt>
   <trkpt lat="-29.7494680" lon="24.4354650">
    <ele>1118.2</ele>
   </trkpt>
   <trkpt lat="-29.7494460" lon="24.4354590">
    <ele>1118.2</ele>
   </trkpt>
   <trkpt lat="-29.7494330" lon="24.4354570">
    <ele>1118.5</ele>
   </trkpt>
   <trkpt lat="-29.7494360" lon="24.4354560">
    <ele>1118.5</ele>
   </trkpt>
   <trkpt lat="-29.7494420" lon="24.4354590">
    <ele>1118.2</ele>
   </trkpt>
   <trkpt lat="-29.7494420" lon="24.4354590">
    <ele>1118.2</ele>
   </trkpt>
   <trkpt lat="-29.7494420" lon="24.4354590">
    <ele>1118.2</ele>
   </trkpt>
   <trkpt lat="-29.7494420" lon="24.4354590">
    <ele>1118.2</ele>
   </trkpt>
   <trkpt lat="-29.7494420" lon="24.4354590">
    <ele>1118.2</ele>
   </trkpt>
   <trkpt lat="-29.7494420" lon="24.4354590">
    <ele>1118.2</ele>
   </trkpt>
   <trkpt lat="-29.7494420" lon="24.4354590">
    <ele>1118.2</ele>
   </trkpt>
   <trkpt lat="-29.7494420" lon="24.4354590">
    <ele>1118.2</ele>
   </trkpt>
   <trkpt lat="-29.7494420" lon="24.4354590">
    <ele>1118.2</ele>
   </trkpt>
   <trkpt lat="-29.7494420" lon="24.4354590">
    <ele>1118.2</ele>
   </trkpt>
   <trkpt lat="-29.7493230" lon="24.4354450">
    <ele>1119.7</ele>
   </trkpt>
   <trkpt lat="-29.7492950" lon="24.4354560">
    <ele>1119.7</ele>
   </trkpt>
   <trkpt lat="-29.7492670" lon="24.4354670">
    <ele>1120.0</ele>
   </trkpt>
   <trkpt lat="-29.7492370" lon="24.4354830">
    <ele>1120.7</ele>
   </trkpt>
   <trkpt lat="-29.7492070" lon="24.4355030">
    <ele>1120.8</ele>
   </trkpt>
   <trkpt lat="-29.7491800" lon="24.4355230">
    <ele>1120.8</ele>
   </trkpt>
   <trkpt lat="-29.7491560" lon="24.4355470">
    <ele>1121.3</ele>
   </trkpt>
   <trkpt lat="-29.7491290" lon="24.4355720">
    <ele>1121.7</ele>
   </trkpt>
   <trkpt lat="-29.7491030" lon="24.4355970">
    <ele>1121.7</ele>
   </trkpt>
   <trkpt lat="-29.7490790" lon="24.4356240">
    <ele>1121.8</ele>
   </trkpt>
   <trkpt lat="-29.7490550" lon="24.4356510">
    <ele>1121.8</ele>
   </trkpt>
   <trkpt lat="-29.7490280" lon="24.4356790">
    <ele>1121.8</ele>
   </trkpt>
   <trkpt lat="-29.7490050" lon="24.4357060">
    <ele>1121.7</ele>
   </trkpt>
   <trkpt lat="-29.7489800" lon="24.4357330">
    <ele>1121.5</ele>
   </trkpt>
   <trkpt lat="-29.7489560" lon="24.4357590">
    <ele>1121.6</ele>
   </trkpt>
   <trkpt lat="-29.7489310" lon="24.4357860">
    <ele>1121.6</ele>
   </trkpt>
   <trkpt lat="-29.7489050" lon="24.4358130">
    <ele>1121.4</ele>
   </trkpt>
   <trkpt lat="-29.7488800" lon="24.4358410">
    <ele>1121.7</ele>
   </trkpt>
   <trkpt lat="-29.7488550" lon="24.4358670">
    <ele>1121.5</ele>
   </trkpt>
   <trkpt lat="-29.7488270" lon="24.4358990">
    <ele>1121.5</ele>
   </trkpt>
   <trkpt lat="-29.7487980" lon="24.4359310">
    <ele>1121.3</ele>
   </trkpt>
   <trkpt lat="-29.7487690" lon="24.4359620">
    <ele>1121.3</ele>
   </trkpt>
   <trkpt lat="-29.7487400" lon="24.4359940">
    <ele>1121.0</ele>
   </trkpt>
   <trkpt lat="-29.7487100" lon="24.4360230">
    <ele>1120.6</ele>
   </trkpt>
   <trkpt lat="-29.7486810" lon="24.4360550">
    <ele>1120.4</ele>
   </trkpt>
   <trkpt lat="-29.7486500" lon="24.4360890">
    <ele>1120.4</ele>
   </trkpt>
   <trkpt lat="-29.7486210" lon="24.4361190">
    <ele>1120.4</ele>
   </trkpt>
   <trkpt lat="-29.7485930" lon="24.4361530">
    <ele>1120.2</ele>
   </trkpt>
   <trkpt lat="-29.7485620" lon="24.4361850">
    <ele>1119.9</ele>
   </trkpt>
   <trkpt lat="-29.7485330" lon="24.4362150">
    <ele>1119.5</ele>
   </trkpt>
   <trkpt lat="-29.7485040" lon="24.4362490">
    <ele>1119.4</ele>
   </trkpt>
   <trkpt lat="-29.7484750" lon="24.4362780">
    <ele>1119.3</ele>
   </trkpt>
   <trkpt lat="-29.7484460" lon="24.4363090">
    <ele>1119.5</ele>
   </trkpt>
   <trkpt lat="-29.7484180" lon="24.4363420">
    <ele>1119.6</ele>
   </trkpt>
   <trkpt lat="-29.7483920" lon="24.4363760">
    <ele>1119.7</ele>
   </trkpt>
   <trkpt lat="-29.7483720" lon="24.4364130">
    <ele>1119.5</ele>
   </trkpt>
   <trkpt lat="-29.7483450" lon="24.4364460">
    <ele>1119.1</ele>
   </trkpt>
   <trkpt lat="-29.7483150" lon="24.4364710">
    <ele>1118.7</ele>
   </trkpt>
   <trkpt lat="-29.7482880" lon="24.4365000">
    <ele>1118.7</ele>
   </trkpt>
   <trkpt lat="-29.7482610" lon="24.4365300">
    <ele>1118.4</ele>
   </trkpt>
   <trkpt lat="-29.7482340" lon="24.4365520">
    <ele>1118.4</ele>
   </trkpt>
   <trkpt lat="-29.7482090" lon="24.4365810">
    <ele>1118.3</ele>
   </trkpt>
   <trkpt lat="-29.7481810" lon="24.4366090">
    <ele>1118.5</ele>
   </trkpt>
   <trkpt lat="-29.7481530" lon="24.4366360">
    <ele>1118.7</ele>
   </trkpt>
   <trkpt lat="-29.7481260" lon="24.4366630">
    <ele>1119.1</ele>
   </trkpt>
   <trkpt lat="-29.7480970" lon="24.4366880">
    <ele>1119.2</ele>
   </trkpt>
   <trkpt lat="-29.7480680" lon="24.4367130">
    <ele>1119.2</ele>
   </trkpt>
   <trkpt lat="-29.7480400" lon="24.4367370">
    <ele>1119.3</ele>
   </trkpt>
   <trkpt lat="-29.7480130" lon="24.4367570">
    <ele>1119.2</ele>
   </trkpt>
   <trkpt lat="-29.7479880" lon="24.4367710">
    <ele>1119.4</ele>
   </trkpt>
   <trkpt lat="-29.7479630" lon="24.4367870">
    <ele>1119.4</ele>
   </trkpt>
   <trkpt lat="-29.7479310" lon="24.4368040">
    <ele>1119.4</ele>
   </trkpt>
   <trkpt lat="-29.7479200" lon="24.4368080">
    <ele>1119.4</ele>
   </trkpt>
   <trkpt lat="-29.7479010" lon="24.4368130">
    <ele>1119.7</ele>
   </trkpt>
   <trkpt lat="-29.7478890" lon="24.4368190">
    <ele>1119.7</ele>
   </trkpt>
   <trkpt lat="-29.7478810" lon="24.4368280">
    <ele>1119.7</ele>
   </trkpt>
   <trkpt lat="-29.7478790" lon="24.4368400">
    <ele>1119.7</ele>
   </trkpt>
   <trkpt lat="-29.7478880" lon="24.4368490">
    <ele>1119.7</ele>
   </trkpt>
   <trkpt lat="-29.7478940" lon="24.4368570">
    <ele>1120.0</ele>
   </trkpt>
   <trkpt lat="-29.7478950" lon="24.4368640">
    <ele>1120.0</ele>
   </trkpt>
   <trkpt lat="-29.7478930" lon="24.4368640">
    <ele>1120.0</ele>
   </trkpt>
   <trkpt lat="-29.7478940" lon="24.4368750">
    <ele>1120.0</ele>
   </trkpt>
   <trkpt lat="-29.7478930" lon="24.4368820">
    <ele>1120.0</ele>
   </trkpt>
   <trkpt lat="-29.7478890" lon="24.4368820">
    <ele>1120.0</ele>
   </trkpt>
   <trkpt lat="-29.7478860" lon="24.4368920">
    <ele>1120.0</ele>
   </trkpt>
   <trkpt lat="-29.7478810" lon="24.4368970">
    <ele>1120.0</ele>
   </trkpt>
   <trkpt lat="-29.7478790" lon="24.4368940">
    <ele>1120.0</ele>
   </trkpt>
   <trkpt lat="-29.7478660" lon="24.4368910">
    <ele>1119.9</ele>
   </trkpt>
   <trkpt lat="-29.7478610" lon="24.4368840">
    <ele>1119.9</ele>
   </trkpt>
   <trkpt lat="-29.7478570" lon="24.4368800">
    <ele>1119.9</ele>
   </trkpt>
   <trkpt lat="-29.7478570" lon="24.4368780">
    <ele>1119.9</ele>
   </trkpt>
   <trkpt lat="-29.7478530" lon="24.4368750">
    <ele>1119.9</ele>
   </trkpt>
   <trkpt lat="-29.7478500" lon="24.4368720">
    <ele>1119.9</ele>
   </trkpt>
   <trkpt lat="-29.7478430" lon="24.4368670">
    <ele>1119.9</ele>
   </trkpt>
   <trkpt lat="-29.7478360" lon="24.4368610">
    <ele>1119.8</ele>
   </trkpt>
   <trkpt lat="-29.7478290" lon="24.4368560">
    <ele>1119.8</ele>
   </trkpt>
   <trkpt lat="-29.7478250" lon="24.4368500">
    <ele>1119.8</ele>
   </trkpt>
   <trkpt lat="-29.7478180" lon="24.4368410">
    <ele>1119.8</ele>
   </trkpt>
   <trkpt lat="-29.7478140" lon="24.4368320">
    <ele>1119.8</ele>
   </trkpt>
   <trkpt lat="-29.7478120" lon="24.4368250">
    <ele>1119.7</ele>
   </trkpt>
   <trkpt lat="-29.7478060" lon="24.4368160">
    <ele>1119.7</ele>
   </trkpt>
   <trkpt lat="-29.7478030" lon="24.4368100">
    <ele>1119.7</ele>
   </trkpt>
   <trkpt lat="-29.7477980" lon="24.4368030">
    <ele>1119.7</ele>
   </trkpt>
   <trkpt lat="-29.7477970" lon="24.4367980">
    <ele>1119.7</ele>
   </trkpt>
   <trkpt lat="-29.7477920" lon="24.4367910">
    <ele>1119.7</ele>
   </trkpt>
   <trkpt lat="-29.7477890" lon="24.4367870">
    <ele>1119.7</ele>
   </trkpt>
   <trkpt lat="-29.7477840" lon="24.4367820">
    <ele>1119.6</ele>
   </trkpt>
   <trkpt lat="-29.7477750" lon="24.4367760">
    <ele>1119.6</ele>
   </trkpt>
   <trkpt lat="-29.7477680" lon="24.4367690">
    <ele>1119.6</ele>
   </trkpt>
   <trkpt lat="-29.7477650" lon="24.4367640">
    <ele>1119.6</ele>
   </trkpt>
   <trkpt lat="-29.7477610" lon="24.4367600">
    <ele>1119.6</ele>
   </trkpt>
   <trkpt lat="-29.7477580" lon="24.4367560">
    <ele>1119.6</ele>
   </trkpt>
   <trkpt lat="-29.7477540" lon="24.4367510">
    <ele>1119.6</ele>
   </trkpt>
   <trkpt lat="-29.7477510" lon="24.4367470">
    <ele>1119.5</ele>
   </trkpt>
   <trkpt lat="-29.7477470" lon="24.4367430">
    <ele>1119.5</ele>
   </trkpt>
   <trkpt lat="-29.7477440" lon="24.4367380">
    <ele>1119.5</ele>
   </trkpt>
   <trkpt lat="-29.7477400" lon="24.4367340">
    <ele>1119.5</ele>
   </trkpt>
   <trkpt lat="-29.7477360" lon="24.4367300">
    <ele>1119.5</ele>
   </trkpt>
   <trkpt lat="-29.7477330" lon="24.4367250">
    <ele>1119.5</ele>
   </trkpt>
   <trkpt lat="-29.7477290" lon="24.4367210">
    <ele>1119.5</ele>
   </trkpt>
   <trkpt lat="-29.7477260" lon="24.4367170">
    <ele>1119.5</ele>
   </trkpt>
   <trkpt lat="-29.7477220" lon="24.4367130">
    <ele>1119.4</ele>
   </trkpt>
   <trkpt lat="-29.7477190" lon="24.4367080">
    <ele>1119.4</ele>
   </trkpt>
   <trkpt lat="-29.7477150" lon="24.4367040">
    <ele>1119.4</ele>
   </trkpt>
   <trkpt lat="-29.7477110" lon="24.4367000">
    <ele>1119.4</ele>
   </trkpt>
   <trkpt lat="-29.7477080" lon="24.4366950">
    <ele>1119.4</ele>
   </trkpt>
   <trkpt lat="-29.7477040" lon="24.4366910">
    <ele>1119.4</ele>
   </trkpt>
   <trkpt lat="-29.7477010" lon="24.4366870">
    <ele>1119.4</ele>
   </trkpt>
   <trkpt lat="-29.7476970" lon="24.4366820">
    <ele>1119.4</ele>
   </trkpt>
   <trkpt lat="-29.7476940" lon="24.4366780">
    <ele>1119.4</ele>
   </trkpt>
   <trkpt lat="-29.7476900" lon="24.4366740">
    <ele>1119.3</ele>
   </trkpt>
   <trkpt lat="-29.7476870" lon="24.4366690">
    <ele>1119.3</ele>
   </trkpt>
   <trkpt lat="-29.7476830" lon="24.4366650">
    <ele>1119.3</ele>
   </trkpt>
   <trkpt lat="-29.7476630" lon="24.4366290">
    <ele>1119.2</ele>
   </trkpt>
   <trkpt lat="-29.7476490" lon="24.4365950">
    <ele>1119.2</ele>
   </trkpt>
   <trkpt lat="-29.7476220" lon="24.4365500">
    <ele>1119.1</ele>
   </trkpt>
   <trkpt lat="-29.7475900" lon="24.4365010">
    <ele>1118.9</ele>
   </trkpt>
   <trkpt lat="-29.7475600" lon="24.4364620">
    <ele>1118.8</ele>
   </trkpt>
   <trkpt lat="-29.7475400" lon="24.4364250">
    <ele>1118.7</ele>
   </trkpt>
   <trkpt lat="-29.7475100" lon="24.4363690">
    <ele>1118.6</ele>
   </trkpt>
   <trkpt lat="-29.7474890" lon="24.4363190">
    <ele>1118.5</ele>
   </trkpt>
   <trkpt lat="-29.7474620" lon="24.4362620">
    <ele>1118.4</ele>
   </trkpt>
   <trkpt lat="-29.7474360" lon="24.4361910">
    <ele>1118.2</ele>
   </trkpt>
   <trkpt lat="-29.7474060" lon="24.4361400">
    <ele>1118.1</ele>
   </trkpt>
   <trkpt lat="-29.7473440" lon="24.4360810">
    <ele>1117.9</ele>
   </trkpt>
   <trkpt lat="-29.7474470" lon="24.4359710">
    <ele>1117.6</ele>
   </trkpt>
   <trkpt lat="-29.7474370" lon="24.4359260">
    <ele>1117.5</ele>
   </trkpt>
   <trkpt lat="-29.7474150" lon="24.4358710">
    <ele>1117.4</ele>
   </trkpt>
   <trkpt lat="-29.7473990" lon="24.4358420">
    <ele>1117.3</ele>
   </trkpt>
   <trkpt lat="-29.7473850" lon="24.4358440">
    <ele>1117.3</ele>
   </trkpt>
   <trkpt lat="-29.7473820" lon="24.4358090">
    <ele>1117.2</ele>
   </trkpt>
   <trkpt lat="-29.7473660" lon="24.4357670">
    <ele>1117.1</ele>
   </trkpt>
   <trkpt lat="-29.7473590" lon="24.4357190">
    <ele>1117.0</ele>
   </trkpt>
   <trkpt lat="-29.7473660" lon="24.4356840">
    <ele>1117.0</ele>
   </trkpt>
   <trkpt lat="-29.7474210" lon="24.4356410">
    <ele>1117.1</ele>
   </trkpt>
   <trkpt lat="-29.7474890" lon="24.4356160">
    <ele>1117.1</ele>
   </trkpt>
   <trkpt lat="-29.7475490" lon="24.4355950">
    <ele>1117.1</ele>
   </trkpt>
   <trkpt lat="-29.7476170" lon="24.4355740">
    <ele>1117.2</ele>
   </trkpt>
   <trkpt lat="-29.7476940" lon="24.4355510">
    <ele>1117.2</ele>
   </trkpt>
   <trkpt lat="-29.7477820" lon="24.4355360">
    <ele>1117.2</ele>
   </trkpt>
   <trkpt lat="-29.7478590" lon="24.4355140">
    <ele>1117.2</ele>
   </trkpt>
   <trkpt lat="-29.7479400" lon="24.4354880">
    <ele>1117.3</ele>
   </trkpt>
   <trkpt lat="-29.7480290" lon="24.4354600">
    <ele>1117.3</ele>
   </trkpt>
   <trkpt lat="-29.7481240" lon="24.4354360">
    <ele>1117.4</ele>
   </trkpt>
   <trkpt lat="-29.7482180" lon="24.4354120">
    <ele>1117.4</ele>
   </trkpt>
   <trkpt lat="-29.7483150" lon="24.4353810">
    <ele>1117.4</ele>
   </trkpt>
   <trkpt lat="-29.7484020" lon="24.4353610">
    <ele>1117.5</ele>
   </trkpt>
   <trkpt lat="-29.7484980" lon="24.4353320">
    <ele>1117.5</ele>
   </trkpt>
   <trkpt lat="-29.7485840" lon="24.4353100">
    <ele>1117.5</ele>
   </trkpt>
   <trkpt lat="-29.7486650" lon="24.4352830">
    <ele>1117.6</ele>
   </trkpt>
   <trkpt lat="-29.7487580" lon="24.4352590">
    <ele>1117.6</ele>
   </trkpt>
   <trkpt lat="-29.7488660" lon="24.4352310">
    <ele>1117.7</ele>
   </trkpt>
   <trkpt lat="-29.7489450" lon="24.4352030">
    <ele>1117.7</ele>
   </trkpt>
   <trkpt lat="-29.7490630" lon="24.4351670">
    <ele>1117.7</ele>
   </trkpt>
   <trkpt lat="-29.7491690" lon="24.4351400">
    <ele>1117.8</ele>
   </trkpt>
   <trkpt lat="-29.7492680" lon="24.4351150">
    <ele>1117.8</ele>
   </trkpt>
   <trkpt lat="-29.7493890" lon="24.4350840">
    <ele>1117.9</ele>
   </trkpt>
   <trkpt lat="-29.7495000" lon="24.4350540">
    <ele>1117.9</ele>
   </trkpt>
   <trkpt lat="-29.7496040" lon="24.4350280">
    <ele>1118.0</ele>
   </trkpt>
   <trkpt lat="-29.7497100" lon="24.4350000">
    <ele>1118.0</ele>
   </trkpt>
   <trkpt lat="-29.7498130" lon="24.4349640">
    <ele>1118.0</ele>
   </trkpt>
   <trkpt lat="-29.7499220" lon="24.4349370">
    <ele>1118.1</ele>
   </trkpt>
   <trkpt lat="-29.7500270" lon="24.4349100">
    <ele>1118.1</ele>
   </trkpt>
   <trkpt lat="-29.7501360" lon="24.4348660">
    <ele>1118.1</ele>
   </trkpt>
   <trkpt lat="-29.7502480" lon="24.4348290">
    <ele>1118.2</ele>
   </trkpt>
   <trkpt lat="-29.7503520" lon="24.4347980">
    <ele>1118.2</ele>
   </trkpt>
   <trkpt lat="-29.7504640" lon="24.4347660">
    <ele>1118.3</ele>
   </trkpt>
   <trkpt lat="-29.7505770" lon="24.4347350">
    <ele>1118.3</ele>
   </trkpt>
   <trkpt lat="-29.7506880" lon="24.4347080">
    <ele>1118.3</ele>
   </trkpt>
   <trkpt lat="-29.7508060" lon="24.4346780">
    <ele>1118.4</ele>
   </trkpt>
   <trkpt lat="-29.7509230" lon="24.4346440">
    <ele>1118.4</ele>
   </trkpt>
   <trkpt lat="-29.7510390" lon="24.4346110">
    <ele>1118.5</ele>
   </trkpt>
   <trkpt lat="-29.7511480" lon="24.4345800">
    <ele>1118.5</ele>
   </trkpt>
   <trkpt lat="-29.7512650" lon="24.4345460">
    <ele>1118.6</ele>
   </trkpt>
   <trkpt lat="-29.7513930" lon="24.4345080">
    <ele>1118.6</ele>
   </trkpt>
   <trkpt lat="-29.7515150" lon="24.4344750">
    <ele>1118.6</ele>
   </trkpt>
   <trkpt lat="-29.7516400" lon="24.4344400">
    <ele>1118.7</ele>
   </trkpt>
   <trkpt lat="-29.7517790" lon="24.4343980">
    <ele>1118.7</ele>
   </trkpt>
   <trkpt lat="-29.7519070" lon="24.4343610">
    <ele>1118.8</ele>
   </trkpt>
   <trkpt lat="-29.7520290" lon="24.4343240">
    <ele>1118.8</ele>
   </trkpt>
   <trkpt lat="-29.7521640" lon="24.4342830">
    <ele>1118.9</ele>
   </trkpt>
   <trkpt lat="-29.7523070" lon="24.4342400">
    <ele>1118.9</ele>
   </trkpt>
   <trkpt lat="-29.7524330" lon="24.4342050">
    <ele>1119.0</ele>
   </trkpt>
   <trkpt lat="-29.7525610" lon="24.4341690">
    <ele>1119.0</ele>
   </trkpt>
   <trkpt lat="-29.7526890" lon="24.4341330">
    <ele>1119.1</ele>
   </trkpt>
   <trkpt lat="-29.7528150" lon="24.4340980">
    <ele>1119.1</ele>
   </trkpt>
   <trkpt lat="-29.7529580" lon="24.4340570">
    <ele>1119.2</ele>
   </trkpt>
   <trkpt lat="-29.7530840" lon="24.4340220">
    <ele>1119.2</ele>
   </trkpt>
   <trkpt lat="-29.7532180" lon="24.4339850">
    <ele>1119.3</ele>
   </trkpt>
   <trkpt lat="-29.7533410" lon="24.4339490">
    <ele>1119.3</ele>
   </trkpt>
   <trkpt lat="-29.7534740" lon="24.4339120">
    <ele>1119.3</ele>
   </trkpt>
   <trkpt lat="-29.7535950" lon="24.4338800">
    <ele>1119.4</ele>
   </trkpt>
   <trkpt lat="-29.7537210" lon="24.4338280">
    <ele>1119.4</ele>
   </trkpt>
   <trkpt lat="-29.7538510" lon="24.4337870">
    <ele>1119.5</ele>
   </trkpt>
   <trkpt lat="-29.7539820" lon="24.4337470">
    <ele>1119.5</ele>
   </trkpt>
   <trkpt lat="-29.7541020" lon="24.4337090">
    <ele>1119.6</ele>
   </trkpt>
   <trkpt lat="-29.7542050" lon="24.4336780">
    <ele>1119.6</ele>
   </trkpt>
   <trkpt lat="-29.7543210" lon="24.4336450">
    <ele>1119.7</ele>
   </trkpt>
   <trkpt lat="-29.7544510" lon="24.4336080">
    <ele>1119.7</ele>
   </trkpt>
   <trkpt lat="-29.7545750" lon="24.4335720">
    <ele>1119.7</ele>
   </trkpt>
   <trkpt lat="-29.7547040" lon="24.4335340">
    <ele>1119.8</ele>
   </trkpt>
   <trkpt lat="-29.7548340" lon="24.4334970">
    <ele>1119.8</ele>
   </trkpt>
   <trkpt lat="-29.7549690" lon="24.4334560">
    <ele>1119.9</ele>
   </trkpt>
   <trkpt lat="-29.7551080" lon="24.4334180">
    <ele>1119.9</ele>
   </trkpt>
   <trkpt lat="-29.7552300" lon="24.4333800">
    <ele>1119.9</ele>
   </trkpt>
   <trkpt lat="-29.7553530" lon="24.4333420">
    <ele>1119.8</ele>
   </trkpt>
   <trkpt lat="-29.7554670" lon="24.4333070">
    <ele>1119.7</ele>
   </trkpt>
   <trkpt lat="-29.7555820" lon="24.4332730">
    <ele>1119.6</ele>
   </trkpt>
   <trkpt lat="-29.7556990" lon="24.4332430">
    <ele>1119.4</ele>
   </trkpt>
   <trkpt lat="-29.7558090" lon="24.4332170">
    <ele>1119.3</ele>
   </trkpt>
   <trkpt lat="-29.7559100" lon="24.4331940">
    <ele>1119.2</ele>
   </trkpt>
   <trkpt lat="-29.7560120" lon="24.4331740">
    <ele>1119.1</ele>
   </trkpt>
   <trkpt lat="-29.7561130" lon="24.4331560">
    <ele>1119.0</ele>
   </trkpt>
   <trkpt lat="-29.7562170" lon="24.4331360">
    <ele>1118.9</ele>
   </trkpt>
   <trkpt lat="-29.7563110" lon="24.4331130">
    <ele>1118.8</ele>
   </trkpt>
   <trkpt lat="-29.7563960" lon="24.4330920">
    <ele>1118.7</ele>
   </trkpt>
   <trkpt lat="-29.7564830" lon="24.4330720">
    <ele>1118.6</ele>
   </trkpt>
   <trkpt lat="-29.7565660" lon="24.4330530">
    <ele>1118.5</ele>
   </trkpt>
   <trkpt lat="-29.7566430" lon="24.4330350">
    <ele>1118.4</ele>
   </trkpt>
   <trkpt lat="-29.7567140" lon="24.4330140">
    <ele>1118.4</ele>
   </trkpt>
   <trkpt lat="-29.7567900" lon="24.4329950">
    <ele>1118.3</ele>
   </trkpt>
   <trkpt lat="-29.7568580" lon="24.4329820">
    <ele>1118.2</ele>
   </trkpt>
   <trkpt lat="-29.7569310" lon="24.4329660">
    <ele>1118.1</ele>
   </trkpt>
   <trkpt lat="-29.7569990" lon="24.4329450">
    <ele>1118.1</ele>
   </trkpt>
   <trkpt lat="-29.7570640" lon="24.4329140">
    <ele>1118.0</ele>
   </trkpt>
   <trkpt lat="-29.7571220" lon="24.4328760">
    <ele>1117.9</ele>
   </trkpt>
   <trkpt lat="-29.7571750" lon="24.4328280">
    <ele>1117.8</ele>
   </trkpt>
   <trkpt lat="-29.7572210" lon="24.4327600">
    <ele>1117.7</ele>
   </trkpt>
   <trkpt lat="-29.7572530" lon="24.4326920">
    <ele>1117.6</ele>
   </trkpt>
   <trkpt lat="-29.7572870" lon="24.4326070">
    <ele>1117.5</ele>
   </trkpt>
   <trkpt lat="-29.7573230" lon="24.4325000">
    <ele>1117.3</ele>
   </trkpt>
   <trkpt lat="-29.7573420" lon="24.4323800">
    <ele>1117.2</ele>
   </trkpt>
   <trkpt lat="-29.7573920" lon="24.4322620">
    <ele>1117.0</ele>
   </trkpt>
   <trkpt lat="-29.7574420" lon="24.4321490">
    <ele>1116.8</ele>
   </trkpt>
   <trkpt lat="-29.7574940" lon="24.4320370">
    <ele>1116.7</ele>
   </trkpt>
   <trkpt lat="-29.7575390" lon="24.4319370">
    <ele>1116.5</ele>
   </trkpt>
   <trkpt lat="-29.7575850" lon="24.4318350">
    <ele>1116.4</ele>
   </trkpt>
   <trkpt lat="-29.7576280" lon="24.4317340">
    <ele>1116.3</ele>
   </trkpt>
   <trkpt lat="-29.7576700" lon="24.4316390">
    <ele>1116.1</ele>
   </trkpt>
   <trkpt lat="-29.7577130" lon="24.4315520">
    <ele>1116.0</ele>
   </trkpt>
   <trkpt lat="-29.7577570" lon="24.4314560">
    <ele>1115.9</ele>
   </trkpt>
   <trkpt lat="-29.7577940" lon="24.4313580">
    <ele>1115.7</ele>
   </trkpt>
   <trkpt lat="-29.7578350" lon="24.4312750">
    <ele>1115.6</ele>
   </trkpt>
   <trkpt lat="-29.7578700" lon="24.4311960">
    <ele>1115.5</ele>
   </trkpt>
   <trkpt lat="-29.7579000" lon="24.4311180">
    <ele>1115.4</ele>
   </trkpt>
   <trkpt lat="-29.7579360" lon="24.4310460">
    <ele>1115.3</ele>
   </trkpt>
   <trkpt lat="-29.7579590" lon="24.4309760">
    <ele>1115.2</ele>
   </trkpt>
   <trkpt lat="-29.7579570" lon="24.4309040">
    <ele>1115.1</ele>
   </trkpt>
   <trkpt lat="-29.7579500" lon="24.4308550">
    <ele>1115.0</ele>
   </trkpt>
   <trkpt lat="-29.7579370" lon="24.4308140">
    <ele>1115.0</ele>
   </trkpt>
   <trkpt lat="-29.7579190" lon="24.4307740">
    <ele>1115.0</ele>
   </trkpt>
   <trkpt lat="-29.7578950" lon="24.4307210">
    <ele>1115.0</ele>
   </trkpt>
   <trkpt lat="-29.7578620" lon="24.4306740">
    <ele>1115.1</ele>
   </trkpt>
   <trkpt lat="-29.7578160" lon="24.4306150">
    <ele>1115.1</ele>
   </trkpt>
   <trkpt lat="-29.7577600" lon="24.4305530">
    <ele>1115.1</ele>
   </trkpt>
   <trkpt lat="-29.7577040" lon="24.4304850">
    <ele>1115.1</ele>
   </trkpt>
   <trkpt lat="-29.7576380" lon="24.4304150">
    <ele>1115.1</ele>
   </trkpt>
   <trkpt lat="-29.7575780" lon="24.4303340">
    <ele>1115.2</ele>
   </trkpt>
   <trkpt lat="-29.7575170" lon="24.4302470">
    <ele>1115.2</ele>
   </trkpt>
   <trkpt lat="-29.7574540" lon="24.4301700">
    <ele>1115.2</ele>
   </trkpt>
   <trkpt lat="-29.7573930" lon="24.4300830">
    <ele>1115.2</ele>
   </trkpt>
   <trkpt lat="-29.7573270" lon="24.4299910">
    <ele>1115.2</ele>
   </trkpt>
   <trkpt lat="-29.7572550" lon="24.4298990">
    <ele>1115.3</ele>
   </trkpt>
   <trkpt lat="-29.7571660" lon="24.4298060">
    <ele>1115.3</ele>
   </trkpt>
   <trkpt lat="-29.7570900" lon="24.4297110">
    <ele>1115.3</ele>
   </trkpt>
   <trkpt lat="-29.7570120" lon="24.4296160">
    <ele>1115.4</ele>
   </trkpt>
   <trkpt lat="-29.7569320" lon="24.4295150">
    <ele>1115.4</ele>
   </trkpt>
   <trkpt lat="-29.7568660" lon="24.4294000">
    <ele>1115.4</ele>
   </trkpt>
   <trkpt lat="-29.7567870" lon="24.4293000">
    <ele>1115.4</ele>
   </trkpt>
   <trkpt lat="-29.7567060" lon="24.4292000">
    <ele>1115.5</ele>
   </trkpt>
   <trkpt lat="-29.7566280" lon="24.4291030">
    <ele>1115.5</ele>
   </trkpt>
   <trkpt lat="-29.7565430" lon="24.4289980">
    <ele>1115.5</ele>
   </trkpt>
   <trkpt lat="-29.7564650" lon="24.4288950">
    <ele>1115.6</ele>
   </trkpt>
   <trkpt lat="-29.7563820" lon="24.4287940">
    <ele>1115.6</ele>
   </trkpt>
   <trkpt lat="-29.7563010" lon="24.4286850">
    <ele>1115.6</ele>
   </trkpt>
   <trkpt lat="-29.7562140" lon="24.4285760">
    <ele>1115.7</ele>
   </trkpt>
   <trkpt lat="-29.7561220" lon="24.4284650">
    <ele>1115.7</ele>
   </trkpt>
   <trkpt lat="-29.7560570" lon="24.4283390">
    <ele>1115.7</ele>
   </trkpt>
   <trkpt lat="-29.7559740" lon="24.4282330">
    <ele>1115.8</ele>
   </trkpt>
   <trkpt lat="-29.7558880" lon="24.4281230">
    <ele>1115.8</ele>
   </trkpt>
   <trkpt lat="-29.7558000" lon="24.4280190">
    <ele>1115.8</ele>
   </trkpt>
   <trkpt lat="-29.7557130" lon="24.4279120">
    <ele>1115.8</ele>
   </trkpt>
   <trkpt lat="-29.7556260" lon="24.4278060">
    <ele>1115.9</ele>
   </trkpt>
   <trkpt lat="-29.7555420" lon="24.4276960">
    <ele>1115.9</ele>
   </trkpt>
   <trkpt lat="-29.7554600" lon="24.4275870">
    <ele>1115.9</ele>
   </trkpt>
   <trkpt lat="-29.7553840" lon="24.4274830">
    <ele>1116.0</ele>
   </trkpt>
   <trkpt lat="-29.7553050" lon="24.4273850">
    <ele>1115.9</ele>
   </trkpt>
   <trkpt lat="-29.7552280" lon="24.4272840">
    <ele>1115.7</ele>
   </trkpt>
   <trkpt lat="-29.7551510" lon="24.4271820">
    <ele>1115.6</ele>
   </trkpt>
   <trkpt lat="-29.7550690" lon="24.4270840">
    <ele>1115.4</ele>
   </trkpt>
   <trkpt lat="-29.7550080" lon="24.4269690">
    <ele>1115.2</ele>
   </trkpt>
   <trkpt lat="-29.7549290" lon="24.4268710">
    <ele>1115.1</ele>
   </trkpt>
   <trkpt lat="-29.7548540" lon="24.4267740">
    <ele>1114.9</ele>
   </trkpt>
   <trkpt lat="-29.7547740" lon="24.4266790">
    <ele>1114.8</ele>
   </trkpt>
   <trkpt lat="-29.7547010" lon="24.4265820">
    <ele>1114.6</ele>
   </trkpt>
   <trkpt lat="-29.7546170" lon="24.4264840">
    <ele>1114.5</ele>
   </trkpt>
   <trkpt lat="-29.7545360" lon="24.4263780">
    <ele>1114.3</ele>
   </trkpt>
   <trkpt lat="-29.7544520" lon="24.4262730">
    <ele>1114.1</ele>
   </trkpt>
   <trkpt lat="-29.7543670" lon="24.4261680">
    <ele>1114.0</ele>
   </trkpt>
   <trkpt lat="-29.7543030" lon="24.4260470">
    <ele>1113.8</ele>
   </trkpt>
   <trkpt lat="-29.7542240" lon="24.4259430">
    <ele>1113.7</ele>
   </trkpt>
   <trkpt lat="-29.7541420" lon="24.4258360">
    <ele>1113.5</ele>
   </trkpt>
   <trkpt lat="-29.7540570" lon="24.4257390">
    <ele>1113.3</ele>
   </trkpt>
   <trkpt lat="-29.7539710" lon="24.4256290">
    <ele>1113.2</ele>
   </trkpt>
   <trkpt lat="-29.7538820" lon="24.4255220">
    <ele>1113.0</ele>
   </trkpt>
   <trkpt lat="-29.7537890" lon="24.4254110">
    <ele>1112.8</ele>
   </trkpt>
   <trkpt lat="-29.7537130" lon="24.4252830">
    <ele>1112.6</ele>
   </trkpt>
   <trkpt lat="-29.7536130" lon="24.4251690">
    <ele>1112.4</ele>
   </trkpt>
   <trkpt lat="-29.7535120" lon="24.4250500">
    <ele>1112.2</ele>
   </trkpt>
   <trkpt lat="-29.7534320" lon="24.4249180">
    <ele>1112.1</ele>
   </trkpt>
   <trkpt lat="-29.7533430" lon="24.4248000">
    <ele>1111.9</ele>
   </trkpt>
   <trkpt lat="-29.7532510" lon="24.4246890">
    <ele>1111.7</ele>
   </trkpt>
   <trkpt lat="-29.7531610" lon="24.4245760">
    <ele>1111.5</ele>
   </trkpt>
   <trkpt lat="-29.7530710" lon="24.4244610">
    <ele>1111.3</ele>
   </trkpt>
   <trkpt lat="-29.7529960" lon="24.4243360">
    <ele>1111.2</ele>
   </trkpt>
   <trkpt lat="-29.7529050" lon="24.4242210">
    <ele>1111.0</ele>
   </trkpt>
   <trkpt lat="-29.7528130" lon="24.4241050">
    <ele>1110.8</ele>
   </trkpt>
   <trkpt lat="-29.7527160" lon="24.4239860">
    <ele>1110.6</ele>
   </trkpt>
   <trkpt lat="-29.7526340" lon="24.4238480">
    <ele>1110.4</ele>
   </trkpt>
   <trkpt lat="-29.7525360" lon="24.4237270">
    <ele>1110.2</ele>
   </trkpt>
   <trkpt lat="-29.7524380" lon="24.4236090">
    <ele>1110.0</ele>
   </trkpt>
   <trkpt lat="-29.7523410" lon="24.4234880">
    <ele>1109.8</ele>
   </trkpt>
   <trkpt lat="-29.7522400" lon="24.4233740">
    <ele>1109.7</ele>
   </trkpt>
   <trkpt lat="-29.7521350" lon="24.4232600">
    <ele>1109.5</ele>
   </trkpt>
   <trkpt lat="-29.7520530" lon="24.4231360">
    <ele>1109.3</ele>
   </trkpt>
   <trkpt lat="-29.7519550" lon="24.4230260">
    <ele>1109.1</ele>
   </trkpt>
   <trkpt lat="-29.7518590" lon="24.4229130">
    <ele>1108.9</ele>
   </trkpt>
   <trkpt lat="-29.7517660" lon="24.4227970">
    <ele>1108.7</ele>
   </trkpt>
   <trkpt lat="-29.7516740" lon="24.4226830">
    <ele>1108.5</ele>
   </trkpt>
   <trkpt lat="-29.7515760" lon="24.4225690">
    <ele>1108.4</ele>
   </trkpt>
   <trkpt lat="-29.7514850" lon="24.4224530">
    <ele>1108.2</ele>
   </trkpt>
   <trkpt lat="-29.7514030" lon="24.4223390">
    <ele>1108.0</ele>
   </trkpt>
   <trkpt lat="-29.7513080" lon="24.4222300">
    <ele>1107.8</ele>
   </trkpt>
   <trkpt lat="-29.7512230" lon="24.4221180">
    <ele>1107.7</ele>
   </trkpt>
   <trkpt lat="-29.7511370" lon="24.4219980">
    <ele>1107.5</ele>
   </trkpt>
   <trkpt lat="-29.7510550" lon="24.4218830">
    <ele>1107.3</ele>
   </trkpt>
   <trkpt lat="-29.7509660" lon="24.4217620">
    <ele>1107.1</ele>
   </trkpt>
   <trkpt lat="-29.7508920" lon="24.4216340">
    <ele>1106.9</ele>
   </trkpt>
   <trkpt lat="-29.7508300" lon="24.4215050">
    <ele>1106.8</ele>
   </trkpt>
   <trkpt lat="-29.7507550" lon="24.4213960">
    <ele>1106.6</ele>
   </trkpt>
   <trkpt lat="-29.7506850" lon="24.4212990">
    <ele>1106.5</ele>
   </trkpt>
   <trkpt lat="-29.7506130" lon="24.4212030">
    <ele>1106.3</ele>
   </trkpt>
   <trkpt lat="-29.7505420" lon="24.4211120">
    <ele>1106.2</ele>
   </trkpt>
   <trkpt lat="-29.7504710" lon="24.4210220">
    <ele>1106.0</ele>
   </trkpt>
   <trkpt lat="-29.7503890" lon="24.4209300">
    <ele>1105.9</ele>
   </trkpt>
   <trkpt lat="-29.7502980" lon="24.4208340">
    <ele>1105.7</ele>
   </trkpt>
   <trkpt lat="-29.7502120" lon="24.4207210">
    <ele>1105.5</ele>
   </trkpt>
   <trkpt lat="-29.7501190" lon="24.4206120">
    <ele>1105.4</ele>
   </trkpt>
   <trkpt lat="-29.7500480" lon="24.4204810">
    <ele>1105.2</ele>
   </trkpt>
   <trkpt lat="-29.7499570" lon="24.4203650">
    <ele>1105.0</ele>
   </trkpt>
   <trkpt lat="-29.7498670" lon="24.4202450">
    <ele>1104.8</ele>
   </trkpt>
   <trkpt lat="-29.7497770" lon="24.4201270">
    <ele>1104.6</ele>
   </trkpt>
   <trkpt lat="-29.7496910" lon="24.4200030">
    <ele>1104.4</ele>
   </trkpt>
   <trkpt lat="-29.7495960" lon="24.4198870">
    <ele>1104.3</ele>
   </trkpt>
   <trkpt lat="-29.7495070" lon="24.4197830">
    <ele>1104.1</ele>
   </trkpt>
   <trkpt lat="-29.7494250" lon="24.4196740">
    <ele>1104.0</ele>
   </trkpt>
   <trkpt lat="-29.7493430" lon="24.4195670">
    <ele>1104.0</ele>
   </trkpt>
   <trkpt lat="-29.7492640" lon="24.4194670">
    <ele>1104.0</ele>
   </trkpt>
   <trkpt lat="-29.7491890" lon="24.4193720">
    <ele>1104.0</ele>
   </trkpt>
   <trkpt lat="-29.7491160" lon="24.4192820">
    <ele>1104.0</ele>
   </trkpt>
   <trkpt lat="-29.7490380" lon="24.4191910">
    <ele>1104.0</ele>
   </trkpt>
   <trkpt lat="-29.7489640" lon="24.4190910">
    <ele>1104.0</ele>
   </trkpt>
   <trkpt lat="-29.7488860" lon="24.4189940">
    <ele>1103.9</ele>
   </trkpt>
   <trkpt lat="-29.7488060" lon="24.4188890">
    <ele>1103.9</ele>
   </trkpt>
   <trkpt lat="-29.7487150" lon="24.4187710">
    <ele>1103.8</ele>
   </trkpt>
   <trkpt lat="-29.7486270" lon="24.4186570">
    <ele>1103.7</ele>
   </trkpt>
   <trkpt lat="-29.7485470" lon="24.4185490">
    <ele>1103.7</ele>
   </trkpt>
   <trkpt lat="-29.7484650" lon="24.4184390">
    <ele>1103.6</ele>
   </trkpt>
   <trkpt lat="-29.7483830" lon="24.4183290">
    <ele>1103.5</ele>
   </trkpt>
   <trkpt lat="-29.7483080" lon="24.4182270">
    <ele>1103.5</ele>
   </trkpt>
   <trkpt lat="-29.7482500" lon="24.4181280">
    <ele>1103.4</ele>
   </trkpt>
   <trkpt lat="-29.7481750" lon="24.4180280">
    <ele>1103.4</ele>
   </trkpt>
   <trkpt lat="-29.7480930" lon="24.4179230">
    <ele>1103.3</ele>
   </trkpt>
   <trkpt lat="-29.7480150" lon="24.4178210">
    <ele>1103.3</ele>
   </trkpt>
   <trkpt lat="-29.7479360" lon="24.4177190">
    <ele>1103.2</ele>
   </trkpt>
   <trkpt lat="-29.7478490" lon="24.4176120">
    <ele>1103.1</ele>
   </trkpt>
   <trkpt lat="-29.7477840" lon="24.4174930">
    <ele>1103.1</ele>
   </trkpt>
   <trkpt lat="-29.7476960" lon="24.4173820">
    <ele>1103.0</ele>
   </trkpt>
   <trkpt lat="-29.7476100" lon="24.4172700">
    <ele>1103.0</ele>
   </trkpt>
   <trkpt lat="-29.7475230" lon="24.4171600">
    <ele>1103.0</ele>
   </trkpt>
   <trkpt lat="-29.7474360" lon="24.4170540">
    <ele>1103.0</ele>
   </trkpt>
   <trkpt lat="-29.7473490" lon="24.4169440">
    <ele>1102.9</ele>
   </trkpt>
   <trkpt lat="-29.7472600" lon="24.4168370">
    <ele>1102.9</ele>
   </trkpt>
   <trkpt lat="-29.7471720" lon="24.4167290">
    <ele>1102.9</ele>
   </trkpt>
   <trkpt lat="-29.7470860" lon="24.4166160">
    <ele>1102.9</ele>
   </trkpt>
   <trkpt lat="-29.7469980" lon="24.4165120">
    <ele>1102.9</ele>
   </trkpt>
   <trkpt lat="-29.7469330" lon="24.4163840">
    <ele>1102.8</ele>
   </trkpt>
   <trkpt lat="-29.7468440" lon="24.4162720">
    <ele>1102.8</ele>
   </trkpt>
   <trkpt lat="-29.7467560" lon="24.4161630">
    <ele>1102.8</ele>
   </trkpt>
   <trkpt lat="-29.7466660" lon="24.4160550">
    <ele>1102.8</ele>
   </trkpt>
   <trkpt lat="-29.7465760" lon="24.4159470">
    <ele>1102.8</ele>
   </trkpt>
   <trkpt lat="-29.7464910" lon="24.4158420">
    <ele>1102.7</ele>
   </trkpt>
   <trkpt lat="-29.7464080" lon="24.4157400">
    <ele>1102.7</ele>
   </trkpt>
   <trkpt lat="-29.7463420" lon="24.4156170">
    <ele>1102.7</ele>
   </trkpt>
   <trkpt lat="-29.7462660" lon="24.4155230">
    <ele>1102.7</ele>
   </trkpt>
   <trkpt lat="-29.7461910" lon="24.4154290">
    <ele>1102.7</ele>
   </trkpt>
   <trkpt lat="-29.7461190" lon="24.4153360">
    <ele>1102.7</ele>
   </trkpt>
   <trkpt lat="-29.7460460" lon="24.4152410">
    <ele>1102.6</ele>
   </trkpt>
   <trkpt lat="-29.7459660" lon="24.4151390">
    <ele>1102.6</ele>
   </trkpt>
   <trkpt lat="-29.7458890" lon="24.4150440">
    <ele>1102.6</ele>
   </trkpt>
   <trkpt lat="-29.7458210" lon="24.4149580">
    <ele>1102.6</ele>
   </trkpt>
   <trkpt lat="-29.7457480" lon="24.4148630">
    <ele>1102.6</ele>
   </trkpt>
   <trkpt lat="-29.7456720" lon="24.4147630">
    <ele>1102.6</ele>
   </trkpt>
   <trkpt lat="-29.7455910" lon="24.4146710">
    <ele>1102.5</ele>
   </trkpt>
   <trkpt lat="-29.7455360" lon="24.4145570">
    <ele>1102.5</ele>
   </trkpt>
   <trkpt lat="-29.7454610" lon="24.4144640">
    <ele>1102.5</ele>
   </trkpt>
   <trkpt lat="-29.7453870" lon="24.4143730">
    <ele>1102.5</ele>
   </trkpt>
   <trkpt lat="-29.7453120" lon="24.4142850">
    <ele>1102.5</ele>
   </trkpt>
   <trkpt lat="-29.7452390" lon="24.4141880">
    <ele>1102.5</ele>
   </trkpt>
   <trkpt lat="-29.7451610" lon="24.4140950">
    <ele>1102.4</ele>
   </trkpt>
   <trkpt lat="-29.7450890" lon="24.4140050">
    <ele>1102.4</ele>
   </trkpt>
   <trkpt lat="-29.7450400" lon="24.4138930">
    <ele>1102.4</ele>
   </trkpt>
   <trkpt lat="-29.7449610" lon="24.4137980">
    <ele>1102.4</ele>
   </trkpt>
   <trkpt lat="-29.7448720" lon="24.4136920">
    <ele>1102.4</ele>
   </trkpt>
   <trkpt lat="-29.7447970" lon="24.4135990">
    <ele>1102.4</ele>
   </trkpt>
   <trkpt lat="-29.7447190" lon="24.4135080">
    <ele>1102.3</ele>
   </trkpt>
   <trkpt lat="-29.7446450" lon="24.4134160">
    <ele>1102.3</ele>
   </trkpt>
   <trkpt lat="-29.7445730" lon="24.4133210">
    <ele>1102.3</ele>
   </trkpt>
   <trkpt lat="-29.7445030" lon="24.4132280">
    <ele>1102.3</ele>
   </trkpt>
   <trkpt lat="-29.7444280" lon="24.4131390">
    <ele>1102.3</ele>
   </trkpt>
   <trkpt lat="-29.7443790" lon="24.4130300">
    <ele>1102.3</ele>
   </trkpt>
   <trkpt lat="-29.7443120" lon="24.4129470">
    <ele>1102.2</ele>
   </trkpt>
   <trkpt lat="-29.7442490" lon="24.4128600">
    <ele>1102.2</ele>
   </trkpt>
   <trkpt lat="-29.7441770" lon="24.4127710">
    <ele>1102.2</ele>
   </trkpt>
   <trkpt lat="-29.7441100" lon="24.4126870">
    <ele>1102.2</ele>
   </trkpt>
   <trkpt lat="-29.7440400" lon="24.4126000">
    <ele>1102.2</ele>
   </trkpt>
   <trkpt lat="-29.7439650" lon="24.4125010">
    <ele>1102.2</ele>
   </trkpt>
   <trkpt lat="-29.7438920" lon="24.4124060">
    <ele>1102.1</ele>
   </trkpt>
   <trkpt lat="-29.7438160" lon="24.4123060">
    <ele>1102.1</ele>
   </trkpt>
   <trkpt lat="-29.7437440" lon="24.4122070">
    <ele>1102.1</ele>
   </trkpt>
   <trkpt lat="-29.7436720" lon="24.4121150">
    <ele>1102.1</ele>
   </trkpt>
   <trkpt lat="-29.7436000" lon="24.4120300">
    <ele>1102.1</ele>
   </trkpt>
   <trkpt lat="-29.7435290" lon="24.4119460">
    <ele>1102.1</ele>
   </trkpt>
   <trkpt lat="-29.7434690" lon="24.4118560">
    <ele>1102.0</ele>
   </trkpt>
   <trkpt lat="-29.7434060" lon="24.4117650">
    <ele>1102.0</ele>
   </trkpt>
   <trkpt lat="-29.7433340" lon="24.4116780">
    <ele>1102.0</ele>
   </trkpt>
   <trkpt lat="-29.7432700" lon="24.4115950">
    <ele>1102.0</ele>
   </trkpt>
   <trkpt lat="-29.7432040" lon="24.4115090">
    <ele>1102.1</ele>
   </trkpt>
   <trkpt lat="-29.7431350" lon="24.4114240">
    <ele>1102.1</ele>
   </trkpt>
   <trkpt lat="-29.7430690" lon="24.4113210">
    <ele>1102.2</ele>
   </trkpt>
   <trkpt lat="-29.7429930" lon="24.4112270">
    <ele>1102.3</ele>
   </trkpt>
   <trkpt lat="-29.7429180" lon="24.4111150">
    <ele>1102.3</ele>
   </trkpt>
   <trkpt lat="-29.7428370" lon="24.4110040">
    <ele>1102.4</ele>
   </trkpt>
   <trkpt lat="-29.7427570" lon="24.4108960">
    <ele>1102.5</ele>
   </trkpt>
   <trkpt lat="-29.7426760" lon="24.4107830">
    <ele>1102.6</ele>
   </trkpt>
   <trkpt lat="-29.7425970" lon="24.4106660">
    <ele>1102.6</ele>
   </trkpt>
   <trkpt lat="-29.7425240" lon="24.4105480">
    <ele>1102.7</ele>
   </trkpt>
   <trkpt lat="-29.7424450" lon="24.4104260">
    <ele>1102.8</ele>
   </trkpt>
   <trkpt lat="-29.7423630" lon="24.4102930">
    <ele>1102.9</ele>
   </trkpt>
   <trkpt lat="-29.7422860" lon="24.4101620">
    <ele>1103.0</ele>
   </trkpt>
   <trkpt lat="-29.7422110" lon="24.4100190">
    <ele>1103.0</ele>
   </trkpt>
   <trkpt lat="-29.7421350" lon="24.4098860">
    <ele>1103.1</ele>
   </trkpt>
   <trkpt lat="-29.7420650" lon="24.4097510">
    <ele>1103.2</ele>
   </trkpt>
   <trkpt lat="-29.7419970" lon="24.4096100">
    <ele>1103.3</ele>
   </trkpt>
   <trkpt lat="-29.7419310" lon="24.4094640">
    <ele>1103.4</ele>
   </trkpt>
   <trkpt lat="-29.7418780" lon="24.4093380">
    <ele>1103.5</ele>
   </trkpt>
   <trkpt lat="-29.7418320" lon="24.4092050">
    <ele>1103.5</ele>
   </trkpt>
   <trkpt lat="-29.7417870" lon="24.4090600">
    <ele>1103.6</ele>
   </trkpt>
   <trkpt lat="-29.7417510" lon="24.4089140">
    <ele>1103.7</ele>
   </trkpt>
   <trkpt lat="-29.7417080" lon="24.4087710">
    <ele>1103.8</ele>
   </trkpt>
   <trkpt lat="-29.7416700" lon="24.4086320">
    <ele>1103.8</ele>
   </trkpt>
   <trkpt lat="-29.7416320" lon="24.4084930">
    <ele>1103.9</ele>
   </trkpt>
   <trkpt lat="-29.7415980" lon="24.4083620">
    <ele>1104.0</ele>
   </trkpt>
   <trkpt lat="-29.7415640" lon="24.4082340">
    <ele>1104.1</ele>
   </trkpt>
   <trkpt lat="-29.7415300" lon="24.4081070">
    <ele>1104.1</ele>
   </trkpt>
   <trkpt lat="-29.7415000" lon="24.4079850">
    <ele>1104.2</ele>
   </trkpt>
   <trkpt lat="-29.7414670" lon="24.4078560">
    <ele>1104.3</ele>
   </trkpt>
   <trkpt lat="-29.7414360" lon="24.4077180">
    <ele>1104.3</ele>
   </trkpt>
   <trkpt lat="-29.7414100" lon="24.4075750">
    <ele>1104.4</ele>
   </trkpt>
   <trkpt lat="-29.7413730" lon="24.4074350">
    <ele>1104.5</ele>
   </trkpt>
   <trkpt lat="-29.7413430" lon="24.4072840">
    <ele>1104.6</ele>
   </trkpt>
   <trkpt lat="-29.7413120" lon="24.4071370">
    <ele>1104.7</ele>
   </trkpt>
   <trkpt lat="-29.7412780" lon="24.4069980">
    <ele>1104.7</ele>
   </trkpt>
   <trkpt lat="-29.7412460" lon="24.4068580">
    <ele>1104.8</ele>
   </trkpt>
   <trkpt lat="-29.7412160" lon="24.4067150">
    <ele>1104.9</ele>
   </trkpt>
   <trkpt lat="-29.7411850" lon="24.4065810">
    <ele>1105.0</ele>
   </trkpt>
   <trkpt lat="-29.7411490" lon="24.4064560">
    <ele>1105.0</ele>
   </trkpt>
   <trkpt lat="-29.7411220" lon="24.4063450">
    <ele>1105.1</ele>
   </trkpt>
   <trkpt lat="-29.7410890" lon="24.4062300">
    <ele>1105.1</ele>
   </trkpt>
   <trkpt lat="-29.7410590" lon="24.4061280">
    <ele>1105.2</ele>
   </trkpt>
   <trkpt lat="-29.7410340" lon="24.4060340">
    <ele>1105.3</ele>
   </trkpt>
   <trkpt lat="-29.7410150" lon="24.4059450">
    <ele>1105.3</ele>
   </trkpt>
   <trkpt lat="-29.7409900" lon="24.4058580">
    <ele>1105.3</ele>
   </trkpt>
   <trkpt lat="-29.7409710" lon="24.4057840">
    <ele>1105.4</ele>
   </trkpt>
   <trkpt lat="-29.7409560" lon="24.4057270">
    <ele>1105.4</ele>
   </trkpt>
   <trkpt lat="-29.7409550" lon="24.4056820">
    <ele>1105.4</ele>
   </trkpt>
   <trkpt lat="-29.7409450" lon="24.4056630">
    <ele>1105.5</ele>
   </trkpt>
   <trkpt lat="-29.7409350" lon="24.4056530">
    <ele>1105.5</ele>
   </trkpt>
   <trkpt lat="-29.7409330" lon="24.4056690">
    <ele>1105.5</ele>
   </trkpt>
   <trkpt lat="-29.7409190" lon="24.4056650">
    <ele>1105.5</ele>
   </trkpt>
   <trkpt lat="-29.7409150" lon="24.4056620">
    <ele>1105.5</ele>
   </trkpt>
   <trkpt lat="-29.7409160" lon="24.4056680">
    <ele>1105.4</ele>
   </trkpt>
   <trkpt lat="-29.7409150" lon="24.4056730">
    <ele>1105.4</ele>
   </trkpt>
   <trkpt lat="-29.7409160" lon="24.4056730">
    <ele>1105.4</ele>
   </trkpt>
   <trkpt lat="-29.7409160" lon="24.4056720">
    <ele>1105.4</ele>
   </trkpt>
   <trkpt lat="-29.7409160" lon="24.4056750">
    <ele>1105.4</ele>
   </trkpt>
   <trkpt lat="-29.7409220" lon="24.4056780">
    <ele>1105.4</ele>
   </trkpt>
   <trkpt lat="-29.7408510" lon="24.4057010">
    <ele>1105.0</ele>
   </trkpt>
   <trkpt lat="-29.7408400" lon="24.4057000">
    <ele>1105.0</ele>
   </trkpt>
   <trkpt lat="-29.7408270" lon="24.4056980">
    <ele>1104.9</ele>
   </trkpt>
   <trkpt lat="-29.7408230" lon="24.4056950">
    <ele>1104.9</ele>
   </trkpt>
   <trkpt lat="-29.7408140" lon="24.4056940">
    <ele>1104.9</ele>
   </trkpt>
   <trkpt lat="-29.7408020" lon="24.4056910">
    <ele>1104.9</ele>
   </trkpt>
   <trkpt lat="-29.7407860" lon="24.4056870">
    <ele>1104.7</ele>
   </trkpt>
   <trkpt lat="-29.7407640" lon="24.4056840">
    <ele>1104.7</ele>
   </trkpt>
   <trkpt lat="-29.7407550" lon="24.4056820">
    <ele>1104.5</ele>
   </trkpt>
   <trkpt lat="-29.7407470" lon="24.4056810">
    <ele>1104.5</ele>
   </trkpt>
   <trkpt lat="-29.7407340" lon="24.4056750">
    <ele>1104.5</ele>
   </trkpt>
   <trkpt lat="-29.7407250" lon="24.4056730">
    <ele>1104.5</ele>
   </trkpt>
   <trkpt lat="-29.7407170" lon="24.4056700">
    <ele>1104.5</ele>
   </trkpt>
   <trkpt lat="-29.7407090" lon="24.4056680">
    <ele>1104.5</ele>
   </trkpt>
   <trkpt lat="-29.7407000" lon="24.4056650">
    <ele>1104.5</ele>
   </trkpt>
   <trkpt lat="-29.7406920" lon="24.4056630">
    <ele>1104.5</ele>
   </trkpt>
   <trkpt lat="-29.7406840" lon="24.4056600">
    <ele>1104.5</ele>
   </trkpt>
   <trkpt lat="-29.7406750" lon="24.4056570">
    <ele>1104.5</ele>
   </trkpt>
   <trkpt lat="-29.7406670" lon="24.4056550">
    <ele>1104.6</ele>
   </trkpt>
   <trkpt lat="-29.7406580" lon="24.4056520">
    <ele>1104.6</ele>
   </trkpt>
   <trkpt lat="-29.7406500" lon="24.4056500">
    <ele>1104.6</ele>
   </trkpt>
   <trkpt lat="-29.7406420" lon="24.4056470">
    <ele>1104.5</ele>
   </trkpt>
   <trkpt lat="-29.7406330" lon="24.4056450">
    <ele>1104.5</ele>
   </trkpt>
   <trkpt lat="-29.7406250" lon="24.4056420">
    <ele>1104.5</ele>
   </trkpt>
   <trkpt lat="-29.7405940" lon="24.4056300">
    <ele>1104.4</ele>
   </trkpt>
   <trkpt lat="-29.7405840" lon="24.4056270">
    <ele>1104.4</ele>
   </trkpt>
   <trkpt lat="-29.7405490" lon="24.4056210">
    <ele>1104.4</ele>
   </trkpt>
   <trkpt lat="-29.7405370" lon="24.4056180">
    <ele>1104.4</ele>
   </trkpt>
   <trkpt lat="-29.7405080" lon="24.4056040">
    <ele>1104.4</ele>
   </trkpt>
   <trkpt lat="-29.7404960" lon="24.4056010">
    <ele>1104.4</ele>
   </trkpt>
   <trkpt lat="-29.7404600" lon="24.4055900">
    <ele>1104.4</ele>
   </trkpt>
   <trkpt lat="-29.7404480" lon="24.4055870">
    <ele>1104.5</ele>
   </trkpt>
   <trkpt lat="-29.7404100" lon="24.4055740">
    <ele>1104.8</ele>
   </trkpt>
   <trkpt lat="-29.7403980" lon="24.4055690">
    <ele>1104.8</ele>
   </trkpt>
   <trkpt lat="-29.7403610" lon="24.4055550">
    <ele>1105.0</ele>
   </trkpt>
   <trkpt lat="-29.7403490" lon="24.4055510">
    <ele>1105.0</ele>
   </trkpt>
   <trkpt lat="-29.7403210" lon="24.4055460">
    <ele>1105.3</ele>
   </trkpt>
   <trkpt lat="-29.7402890" lon="24.4055300">
    <ele>1105.6</ele>
   </trkpt>
   <trkpt lat="-29.7402780" lon="24.4055250">
    <ele>1105.8</ele>
   </trkpt>
   <trkpt lat="-29.7402460" lon="24.4055130">
    <ele>1106.3</ele>
   </trkpt>
   <trkpt lat="-29.7402350" lon="24.4055100">
    <ele>1106.3</ele>
   </trkpt>
   <trkpt lat="-29.7402050" lon="24.4054980">
    <ele>1106.8</ele>
   </trkpt>
   <trkpt lat="-29.7401960" lon="24.4054930">
    <ele>1107.3</ele>
   </trkpt>
   <trkpt lat="-29.7401640" lon="24.4054790">
    <ele>1107.5</ele>
   </trkpt>
   <trkpt lat="-29.7401540" lon="24.4054740">
    <ele>1108.0</ele>
   </trkpt>
   <trkpt lat="-29.7401220" lon="24.4054610">
    <ele>1108.4</ele>
   </trkpt>
   <trkpt lat="-29.7401110" lon="24.4054570">
    <ele>1108.4</ele>
   </trkpt>
   <trkpt lat="-29.7400800" lon="24.4054420">
    <ele>1108.8</ele>
   </trkpt>
   <trkpt lat="-29.7400690" lon="24.4054380">
    <ele>1108.9</ele>
   </trkpt>
   <trkpt lat="-29.7400340" lon="24.4054260">
    <ele>1109.2</ele>
   </trkpt>
   <trkpt lat="-29.7400230" lon="24.4054220">
    <ele>1109.2</ele>
   </trkpt>
   <trkpt lat="-29.7399920" lon="24.4054070">
    <ele>1109.5</ele>
   </trkpt>
   <trkpt lat="-29.7399810" lon="24.4054020">
    <ele>1109.5</ele>
   </trkpt>
   <trkpt lat="-29.7399490" lon="24.4053900">
    <ele>1109.8</ele>
   </trkpt>
   <trkpt lat="-29.7399380" lon="24.4053850">
    <ele>1109.8</ele>
   </trkpt>
   <trkpt lat="-29.7399070" lon="24.4053710">
    <ele>1110.0</ele>
   </trkpt>
   <trkpt lat="-29.7398960" lon="24.4053670">
    <ele>1110.3</ele>
   </trkpt>
   <trkpt lat="-29.7398820" lon="24.4053620">
    <ele>1110.2</ele>
   </trkpt>
   <trkpt lat="-29.7398650" lon="24.4053530">
    <ele>1110.2</ele>
   </trkpt>
   <trkpt lat="-29.7398490" lon="24.4053460">
    <ele>1110.5</ele>
   </trkpt>
   <trkpt lat="-29.7398330" lon="24.4053370">
    <ele>1110.5</ele>
   </trkpt>
   <trkpt lat="-29.7398060" lon="24.4053270">
    <ele>1110.7</ele>
   </trkpt>
   <trkpt lat="-29.7397950" lon="24.4053250">
    <ele>1110.7</ele>
   </trkpt>
   <trkpt lat="-29.7397670" lon="24.4053150">
    <ele>1111.0</ele>
   </trkpt>
   <trkpt lat="-29.7397570" lon="24.4053120">
    <ele>1111.0</ele>
   </trkpt>
   <trkpt lat="-29.7397290" lon="24.4053020">
    <ele>1111.2</ele>
   </trkpt>
   <trkpt lat="-29.7397200" lon="24.4052990">
    <ele>1111.2</ele>
   </trkpt>
   <trkpt lat="-29.7396870" lon="24.4052870">
    <ele>1111.5</ele>
   </trkpt>
   <trkpt lat="-29.7396730" lon="24.4052820">
    <ele>1111.7</ele>
   </trkpt>
   <trkpt lat="-29.7396380" lon="24.4052720">
    <ele>1111.7</ele>
   </trkpt>
   <trkpt lat="-29.7396270" lon="24.4052700">
    <ele>1112.0</ele>
   </trkpt>
   <trkpt lat="-29.7396000" lon="24.4052600">
    <ele>1112.2</ele>
   </trkpt>
   <trkpt lat="-29.7395900" lon="24.4052570">
    <ele>1112.2</ele>
   </trkpt>
   <trkpt lat="-29.7395780" lon="24.4052540">
    <ele>1112.2</ele>
   </trkpt>
   <trkpt lat="-29.7395570" lon="24.4052490">
    <ele>1112.4</ele>
   </trkpt>
   <trkpt lat="-29.7395280" lon="24.4052380">
    <ele>1112.4</ele>
   </trkpt>
   <trkpt lat="-29.7395200" lon="24.4052350">
    <ele>1112.4</ele>
   </trkpt>
   <trkpt lat="-29.7394900" lon="24.4052220">
    <ele>1112.4</ele>
   </trkpt>
   <trkpt lat="-29.7394810" lon="24.4052190">
    <ele>1112.4</ele>
   </trkpt>
   <trkpt lat="-29.7394740" lon="24.4052150">
    <ele>1112.4</ele>
   </trkpt>
   <trkpt lat="-29.7394770" lon="24.4052160">
    <ele>1112.4</ele>
   </trkpt>
   <trkpt lat="-29.7394790" lon="24.4052170">
    <ele>1112.4</ele>
   </trkpt>
   <trkpt lat="-29.7394810" lon="24.4052170">
    <ele>1112.4</ele>
   </trkpt>
   <trkpt lat="-29.7394810" lon="24.4052170">
    <ele>1112.4</ele>
   </trkpt>
   <trkpt lat="-29.7394780" lon="24.4052170">
    <ele>1112.4</ele>
   </trkpt>
   <trkpt lat="-29.7394780" lon="24.4052170">
    <ele>1112.4</ele>
   </trkpt>
   <trkpt lat="-29.7394740" lon="24.4052170">
    <ele>1112.4</ele>
   </trkpt>
   <trkpt lat="-29.7394720" lon="24.4052160">
    <ele>1112.4</ele>
   </trkpt>
   <trkpt lat="-29.7394710" lon="24.4052150">
    <ele>1112.4</ele>
   </trkpt>
   <trkpt lat="-29.7394700" lon="24.4052160">
    <ele>1112.4</ele>
   </trkpt>
   <trkpt lat="-29.7394460" lon="24.4052090">
    <ele>1112.4</ele>
   </trkpt>
   <trkpt lat="-29.7394470" lon="24.4052090">
    <ele>1112.4</ele>
   </trkpt>
   <trkpt lat="-29.7394480" lon="24.4052080">
    <ele>1112.4</ele>
   </trkpt>
   <trkpt lat="-29.7394450" lon="24.4052070">
    <ele>1112.3</ele>
   </trkpt>
   <trkpt lat="-29.7394350" lon="24.4052020">
    <ele>1112.3</ele>
   </trkpt>
   <trkpt lat="-29.7394160" lon="24.4051980">
    <ele>1112.3</ele>
   </trkpt>
   <trkpt lat="-29.7394050" lon="24.4051930">
    <ele>1112.3</ele>
   </trkpt>
   <trkpt lat="-29.7393980" lon="24.4051880">
    <ele>1112.3</ele>
   </trkpt>
   <trkpt lat="-29.7393850" lon="24.4051830">
    <ele>1112.2</ele>
   </trkpt>
   <trkpt lat="-29.7393760" lon="24.4051770">
    <ele>1112.3</ele>
   </trkpt>
   <trkpt lat="-29.7393640" lon="24.4051730">
    <ele>1112.3</ele>
   </trkpt>
   <trkpt lat="-29.7393520" lon="24.4051710">
    <ele>1112.3</ele>
   </trkpt>
   <trkpt lat="-29.7393410" lon="24.4051660">
    <ele>1112.3</ele>
   </trkpt>
   <trkpt lat="-29.7393250" lon="24.4051610">
    <ele>1112.3</ele>
   </trkpt>
   <trkpt lat="-29.7393170" lon="24.4051560">
    <ele>1112.3</ele>
   </trkpt>
   <trkpt lat="-29.7393050" lon="24.4051490">
    <ele>1112.3</ele>
   </trkpt>
   <trkpt lat="-29.7392940" lon="24.4051450">
    <ele>1112.3</ele>
   </trkpt>
   <trkpt lat="-29.7392800" lon="24.4051420">
    <ele>1112.3</ele>
   </trkpt>
   <trkpt lat="-29.7392710" lon="24.4051380">
    <ele>1112.3</ele>
   </trkpt>
   <trkpt lat="-29.7392620" lon="24.4051320">
    <ele>1112.3</ele>
   </trkpt>
   <trkpt lat="-29.7392530" lon="24.4051280">
    <ele>1112.3</ele>
   </trkpt>
   <trkpt lat="-29.7392420" lon="24.4051240">
    <ele>1112.3</ele>
   </trkpt>
   <trkpt lat="-29.7392290" lon="24.4051180">
    <ele>1112.3</ele>
   </trkpt>
   <trkpt lat="-29.7392200" lon="24.4051130">
    <ele>1112.3</ele>
   </trkpt>
   <trkpt lat="-29.7392080" lon="24.4051090">
    <ele>1112.3</ele>
   </trkpt>
   <trkpt lat="-29.7391960" lon="24.4051070">
    <ele>1112.3</ele>
   </trkpt>
   <trkpt lat="-29.7391840" lon="24.4051030">
    <ele>1112.3</ele>
   </trkpt>
   <trkpt lat="-29.7391810" lon="24.4050990">
    <ele>1112.3</ele>
   </trkpt>
   <trkpt lat="-29.7391680" lon="24.4050950">
    <ele>1112.3</ele>
   </trkpt>
   <trkpt lat="-29.7391540" lon="24.4050910">
    <ele>1112.3</ele>
   </trkpt>
   <trkpt lat="-29.7391380" lon="24.4050860">
    <ele>1112.3</ele>
   </trkpt>
   <trkpt lat="-29.7391350" lon="24.4050810">
    <ele>1112.3</ele>
   </trkpt>
   <trkpt lat="-29.7391230" lon="24.4050750">
    <ele>1112.3</ele>
   </trkpt>
   <trkpt lat="-29.7391070" lon="24.4050680">
    <ele>1112.4</ele>
   </trkpt>
   <trkpt lat="-29.7391030" lon="24.4050650">
    <ele>1112.4</ele>
   </trkpt>
   <trkpt lat="-29.7390890" lon="24.4050620">
    <ele>1112.4</ele>
   </trkpt>
   <trkpt lat="-29.7390750" lon="24.4050590">
    <ele>1112.7</ele>
   </trkpt>
   <trkpt lat="-29.7390490" lon="24.4050510">
    <ele>1112.7</ele>
   </trkpt>
   <trkpt lat="-29.7390360" lon="24.4050440">
    <ele>1112.9</ele>
   </trkpt>
   <trkpt lat="-29.7390180" lon="24.4050350">
    <ele>1112.9</ele>
   </trkpt>
   <trkpt lat="-29.7390050" lon="24.4050300">
    <ele>1112.9</ele>
   </trkpt>
   <trkpt lat="-29.7389770" lon="24.4050250">
    <ele>1113.2</ele>
   </trkpt>
   <trkpt lat="-29.7389710" lon="24.4050200">
    <ele>1113.2</ele>
   </trkpt>
   <trkpt lat="-29.7389470" lon="24.4050080">
    <ele>1113.5</ele>
   </trkpt>
   <trkpt lat="-29.7389300" lon="24.4050040">
    <ele>1113.5</ele>
   </trkpt>
   <trkpt lat="-29.7389240" lon="24.4049990">
    <ele>1114.0</ele>
   </trkpt>
   <trkpt lat="-29.7389150" lon="24.4049950">
    <ele>1114.0</ele>
   </trkpt>
   <trkpt lat="-29.7389020" lon="24.4049930">
    <ele>1114.0</ele>
   </trkpt>
   <trkpt lat="-29.7388900" lon="24.4049940">
    <ele>1114.6</ele>
   </trkpt>
   <trkpt lat="-29.7388780" lon="24.4049970">
    <ele>1114.6</ele>
   </trkpt>
   <trkpt lat="-29.7388690" lon="24.4049940">
    <ele>1114.6</ele>
   </trkpt>
   <trkpt lat="-29.7388520" lon="24.4049910">
    <ele>1115.1</ele>
   </trkpt>
   <trkpt lat="-29.7388470" lon="24.4049850">
    <ele>1115.1</ele>
   </trkpt>
   <trkpt lat="-29.7388370" lon="24.4049800">
    <ele>1115.1</ele>
   </trkpt>
   <trkpt lat="-29.7388260" lon="24.4049740">
    <ele>1115.1</ele>
   </trkpt>
   <trkpt lat="-29.7388170" lon="24.4049690">
    <ele>1116.1</ele>
   </trkpt>
   <trkpt lat="-29.7388040" lon="24.4049640">
    <ele>1116.1</ele>
   </trkpt>
   <trkpt lat="-29.7387950" lon="24.4049580">
    <ele>1116.1</ele>
   </trkpt>
   <trkpt lat="-29.7387830" lon="24.4049520">
    <ele>1116.1</ele>
   </trkpt>
   <trkpt lat="-29.7387720" lon="24.4049460">
    <ele>1117.3</ele>
   </trkpt>
   <trkpt lat="-29.7387620" lon="24.4049420">
    <ele>1117.3</ele>
   </trkpt>
   <trkpt lat="-29.7387510" lon="24.4049390">
    <ele>1117.3</ele>
   </trkpt>
   <trkpt lat="-29.7387460" lon="24.4049380">
    <ele>1117.3</ele>
   </trkpt>
   <trkpt lat="-29.7387470" lon="24.4049390">
    <ele>1117.3</ele>
   </trkpt>
   <trkpt lat="-29.7387500" lon="24.4049400">
    <ele>1117.3</ele>
   </trkpt>
   <trkpt lat="-29.7387490" lon="24.4049400">
    <ele>1117.3</ele>
   </trkpt>
   <trkpt lat="-29.7387420" lon="24.4049360">
    <ele>1118.4</ele>
   </trkpt>
   <trkpt lat="-29.7387340" lon="24.4049330">
    <ele>1118.4</ele>
   </trkpt>
   <trkpt lat="-29.7387280" lon="24.4049310">
    <ele>1118.4</ele>
   </trkpt>
   <trkpt lat="-29.7387240" lon="24.4049310">
    <ele>1118.4</ele>
   </trkpt>
   <trkpt lat="-29.7387260" lon="24.4049300">
    <ele>1118.4</ele>
   </trkpt>
   <trkpt lat="-29.7387250" lon="24.4049300">
    <ele>1118.4</ele>
   </trkpt>
   <trkpt lat="-29.7387250" lon="24.4049320">
    <ele>1118.4</ele>
   </trkpt>
   <trkpt lat="-29.7387200" lon="24.4049270">
    <ele>1118.4</ele>
   </trkpt>
   <trkpt lat="-29.7387140" lon="24.4049260">
    <ele>1118.5</ele>
   </trkpt>
   <trkpt lat="-29.7387120" lon="24.4049260">
    <ele>1118.5</ele>
   </trkpt>
   <trkpt lat="-29.7387120" lon="24.4049270">
    <ele>1118.4</ele>
   </trkpt>
   <trkpt lat="-29.7387170" lon="24.4049270">
    <ele>1118.4</ele>
   </trkpt>
   <trkpt lat="-29.7387150" lon="24.4049280">
    <ele>1118.4</ele>
   </trkpt>
   <trkpt lat="-29.7386450" lon="24.4049100">
    <ele>1120.6</ele>
   </trkpt>
   <trkpt lat="-29.7386360" lon="24.4049060">
    <ele>1120.6</ele>
   </trkpt>
   <trkpt lat="-29.7386300" lon="24.4049000">
    <ele>1121.5</ele>
   </trkpt>
   <trkpt lat="-29.7386220" lon="24.4048950">
    <ele>1121.5</ele>
   </trkpt>
   <trkpt lat="-29.7386110" lon="24.4048870">
    <ele>1121.5</ele>
   </trkpt>
   <trkpt lat="-29.7386020" lon="24.4048820">
    <ele>1121.6</ele>
   </trkpt>
   <trkpt lat="-29.7385930" lon="24.4048760">
    <ele>1122.6</ele>
   </trkpt>
   <trkpt lat="-29.7385830" lon="24.4048710">
    <ele>1122.6</ele>
   </trkpt>
   <trkpt lat="-29.7385770" lon="24.4048690">
    <ele>1122.6</ele>
   </trkpt>
   <trkpt lat="-29.7385710" lon="24.4048650">
    <ele>1122.6</ele>
   </trkpt>
   <trkpt lat="-29.7385620" lon="24.4048610">
    <ele>1122.6</ele>
   </trkpt>
   <trkpt lat="-29.7385520" lon="24.4048580">
    <ele>1123.5</ele>
   </trkpt>
   <trkpt lat="-29.7385390" lon="24.4048550">
    <ele>1123.5</ele>
   </trkpt>
   <trkpt lat="-29.7385350" lon="24.4048550">
    <ele>1123.5</ele>
   </trkpt>
   <trkpt lat="-29.7385280" lon="24.4048510">
    <ele>1123.5</ele>
   </trkpt>
   <trkpt lat="-29.7385220" lon="24.4048500">
    <ele>1123.5</ele>
   </trkpt>
   <trkpt lat="-29.7385120" lon="24.4048460">
    <ele>1124.3</ele>
   </trkpt>
   <trkpt lat="-29.7385050" lon="24.4048410">
    <ele>1124.3</ele>
   </trkpt>
   <trkpt lat="-29.7385010" lon="24.4048340">
    <ele>1124.4</ele>
   </trkpt>
   <trkpt lat="-29.7384990" lon="24.4048280">
    <ele>1124.4</ele>
   </trkpt>
   <trkpt lat="-29.7385000" lon="24.4048240">
    <ele>1124.4</ele>
   </trkpt>
   <trkpt lat="-29.7384990" lon="24.4048230">
    <ele>1124.4</ele>
   </trkpt>
   <trkpt lat="-29.7385010" lon="24.4048250">
    <ele>1124.4</ele>
   </trkpt>
   <trkpt lat="-29.7385000" lon="24.4048240">
    <ele>1124.4</ele>
   </trkpt>
   <trkpt lat="-29.7385000" lon="24.4048260">
    <ele>1124.4</ele>
   </trkpt>
   <trkpt lat="-29.7384980" lon="24.4048250">
    <ele>1124.4</ele>
   </trkpt>
   <trkpt lat="-29.7384990" lon="24.4048250">
    <ele>1124.4</ele>
   </trkpt>
   <trkpt lat="-29.7384960" lon="24.4048230">
    <ele>1124.4</ele>
   </trkpt>
   <trkpt lat="-29.7384960" lon="24.4048230">
    <ele>1124.4</ele>
   </trkpt>
   <trkpt lat="-29.7384970" lon="24.4048260">
    <ele>1124.4</ele>
   </trkpt>
   <trkpt lat="-29.7385070" lon="24.4047550">
    <ele>1124.5</ele>
   </trkpt>
   <trkpt lat="-29.7385070" lon="24.4047460">
    <ele>1124.5</ele>
   </trkpt>
   <trkpt lat="-29.7385120" lon="24.4047340">
    <ele>1124.5</ele>
   </trkpt>
   <trkpt lat="-29.7385190" lon="24.4047190">
    <ele>1124.5</ele>
   </trkpt>
   <trkpt lat="-29.7385240" lon="24.4047030">
    <ele>1123.7</ele>
   </trkpt>
   <trkpt lat="-29.7385280" lon="24.4046860">
    <ele>1123.7</ele>
   </trkpt>
   <trkpt lat="-29.7385280" lon="24.4046650">
    <ele>1123.9</ele>
   </trkpt>
   <trkpt lat="-29.7385330" lon="24.4046350">
    <ele>1123.9</ele>
   </trkpt>
   <trkpt lat="-29.7385340" lon="24.4046230">
    <ele>1124.2</ele>
   </trkpt>
   <trkpt lat="-29.7385390" lon="24.4045860">
    <ele>1124.2</ele>
   </trkpt>
   <trkpt lat="-29.7385410" lon="24.4045740">
    <ele>1124.5</ele>
   </trkpt>
   <trkpt lat="-29.7385480" lon="24.4045370">
    <ele>1124.7</ele>
   </trkpt>
   <trkpt lat="-29.7385510" lon="24.4045230">
    <ele>1124.7</ele>
   </trkpt>
   <trkpt lat="-29.7385550" lon="24.4044840">
    <ele>1124.9</ele>
   </trkpt>
   <trkpt lat="-29.7385570" lon="24.4044710">
    <ele>1124.9</ele>
   </trkpt>
   <trkpt lat="-29.7385650" lon="24.4044340">
    <ele>1124.4</ele>
   </trkpt>
   <trkpt lat="-29.7385670" lon="24.4044200">
    <ele>1124.4</ele>
   </trkpt>
   <trkpt lat="-29.7385730" lon="24.4043770">
    <ele>1124.4</ele>
   </trkpt>
   <trkpt lat="-29.7385750" lon="24.4043640">
    <ele>1124.4</ele>
   </trkpt>
   <trkpt lat="-29.7385850" lon="24.4043210">
    <ele>1124.4</ele>
   </trkpt>
   <trkpt lat="-29.7385870" lon="24.4043070">
    <ele>1124.4</ele>
   </trkpt>
   <trkpt lat="-29.7385910" lon="24.4042750">
    <ele>1124.4</ele>
   </trkpt>
   <trkpt lat="-29.7386000" lon="24.4042290">
    <ele>1123.9</ele>
   </trkpt>
   <trkpt lat="-29.7386030" lon="24.4042130">
    <ele>1123.9</ele>
   </trkpt>
   <trkpt lat="-29.7386080" lon="24.4041820">
    <ele>1123.9</ele>
   </trkpt>
   <trkpt lat="-29.7386150" lon="24.4041500">
    <ele>1124.0</ele>
   </trkpt>
   <trkpt lat="-29.7386200" lon="24.4041180">
    <ele>1124.0</ele>
   </trkpt>
   <trkpt lat="-29.7386320" lon="24.4040750">
    <ele>1123.8</ele>
   </trkpt>
   <trkpt lat="-29.7386360" lon="24.4040600">
    <ele>1124.0</ele>
   </trkpt>
   <trkpt lat="-29.7386430" lon="24.4040280">
    <ele>1124.0</ele>
   </trkpt>
   <trkpt lat="-29.7386510" lon="24.4039970">
    <ele>1124.2</ele>
   </trkpt>
   <trkpt lat="-29.7386620" lon="24.4039680">
    <ele>1124.4</ele>
   </trkpt>
   <trkpt lat="-29.7386720" lon="24.4039380">
    <ele>1123.7</ele>
   </trkpt>
   <trkpt lat="-29.7386830" lon="24.4039060">
    <ele>1123.7</ele>
   </trkpt>
   <trkpt lat="-29.7386940" lon="24.4038750">
    <ele>1123.7</ele>
   </trkpt>
   <trkpt lat="-29.7387040" lon="24.4038410">
    <ele>1123.7</ele>
   </trkpt>
   <trkpt lat="-29.7387170" lon="24.4038100">
    <ele>1123.1</ele>
   </trkpt>
   <trkpt lat="-29.7387290" lon="24.4037800">
    <ele>1123.1</ele>
   </trkpt>
   <trkpt lat="-29.7387390" lon="24.4037480">
    <ele>1123.3</ele>
   </trkpt>
   <trkpt lat="-29.7387510" lon="24.4037170">
    <ele>1122.8</ele>
   </trkpt>
   <trkpt lat="-29.7387630" lon="24.4036840">
    <ele>1122.8</ele>
   </trkpt>
   <trkpt lat="-29.7387760" lon="24.4036500">
    <ele>1123.1</ele>
   </trkpt>
   <trkpt lat="-29.7387900" lon="24.4036160">
    <ele>1122.7</ele>
   </trkpt>
   <trkpt lat="-29.7388020" lon="24.4035810">
    <ele>1123.1</ele>
   </trkpt>
   <trkpt lat="-29.7388160" lon="24.4035460">
    <ele>1123.6</ele>
   </trkpt>
   <trkpt lat="-29.7388310" lon="24.4035100">
    <ele>1123.3</ele>
   </trkpt>
   <trkpt lat="-29.7388480" lon="24.4034760">
    <ele>1123.3</ele>
   </trkpt>
   <trkpt lat="-29.7388620" lon="24.4034430">
    <ele>1122.7</ele>
   </trkpt>
   <trkpt lat="-29.7388760" lon="24.4034120">
    <ele>1122.9</ele>
   </trkpt>
   <trkpt lat="-29.7388910" lon="24.4033810">
    <ele>1123.1</ele>
   </trkpt>
   <trkpt lat="-29.7389050" lon="24.4033490">
    <ele>1122.4</ele>
   </trkpt>
   <trkpt lat="-29.7389220" lon="24.4033150">
    <ele>1122.7</ele>
   </trkpt>
   <trkpt lat="-29.7389390" lon="24.4032830">
    <ele>1122.4</ele>
   </trkpt>
   <trkpt lat="-29.7389570" lon="24.4032520">
    <ele>1122.4</ele>
   </trkpt>
   <trkpt lat="-29.7389730" lon="24.4032200">
    <ele>1121.6</ele>
   </trkpt>
   <trkpt lat="-29.7389900" lon="24.4031870">
    <ele>1121.7</ele>
   </trkpt>
   <trkpt lat="-29.7390060" lon="24.4031560">
    <ele>1120.9</ele>
   </trkpt>
   <trkpt lat="-29.7390230" lon="24.4031240">
    <ele>1120.9</ele>
   </trkpt>
   <trkpt lat="-29.7390410" lon="24.4030930">
    <ele>1121.0</ele>
   </trkpt>
   <trkpt lat="-29.7390580" lon="24.4030620">
    <ele>1120.4</ele>
   </trkpt>
   <trkpt lat="-29.7390710" lon="24.4030300">
    <ele>1120.4</ele>
   </trkpt>
   <trkpt lat="-29.7390860" lon="24.4029950">
    <ele>1119.6</ele>
   </trkpt>
   <trkpt lat="-29.7390980" lon="24.4029610">
    <ele>1119.6</ele>
   </trkpt>
   <trkpt lat="-29.7391080" lon="24.4029270">
    <ele>1119.6</ele>
   </trkpt>
   <trkpt lat="-29.7391150" lon="24.4028920">
    <ele>1119.6</ele>
   </trkpt>
   <trkpt lat="-29.7391210" lon="24.4028600">
    <ele>1118.7</ele>
   </trkpt>
   <trkpt lat="-29.7391230" lon="24.4028260">
    <ele>1118.7</ele>
   </trkpt>
   <trkpt lat="-29.7391210" lon="24.4027930">
    <ele>1118.7</ele>
   </trkpt>
   <trkpt lat="-29.7391200" lon="24.4027590">
    <ele>1118.7</ele>
   </trkpt>
   <trkpt lat="-29.7391190" lon="24.4027270">
    <ele>1118.5</ele>
   </trkpt>
   <trkpt lat="-29.7391180" lon="24.4026930">
    <ele>1118.2</ele>
   </trkpt>
   <trkpt lat="-29.7391140" lon="24.4026580">
    <ele>1118.9</ele>
   </trkpt>
   <trkpt lat="-29.7391120" lon="24.4026250">
    <ele>1118.7</ele>
   </trkpt>
   <trkpt lat="-29.7391100" lon="24.4025890">
    <ele>1118.4</ele>
   </trkpt>
   <trkpt lat="-29.7391060" lon="24.4025540">
    <ele>1118.1</ele>
   </trkpt>
   <trkpt lat="-29.7391000" lon="24.4025210">
    <ele>1117.9</ele>
   </trkpt>
   <trkpt lat="-29.7390910" lon="24.4024850">
    <ele>1117.9</ele>
   </trkpt>
   <trkpt lat="-29.7390820" lon="24.4024510">
    <ele>1117.6</ele>
   </trkpt>
   <trkpt lat="-29.7390700" lon="24.4024190">
    <ele>1118.2</ele>
   </trkpt>
   <trkpt lat="-29.7390540" lon="24.4023890">
    <ele>1118.0</ele>
   </trkpt>
   <trkpt lat="-29.7390370" lon="24.4023630">
    <ele>1118.6</ele>
   </trkpt>
   <trkpt lat="-29.7390140" lon="24.4023380">
    <ele>1118.3</ele>
   </trkpt>
   <trkpt lat="-29.7389900" lon="24.4023150">
    <ele>1118.7</ele>
   </trkpt>
   <trkpt lat="-29.7389650" lon="24.4022930">
    <ele>1118.5</ele>
   </trkpt>
   <trkpt lat="-29.7389380" lon="24.4022740">
    <ele>1118.5</ele>
   </trkpt>
   <trkpt lat="-29.7389090" lon="24.4022610">
    <ele>1118.1</ele>
   </trkpt>
   <trkpt lat="-29.7388810" lon="24.4022540">
    <ele>1118.1</ele>
   </trkpt>
   <trkpt lat="-29.7388530" lon="24.4022500">
    <ele>1118.1</ele>
   </trkpt>
   <trkpt lat="-29.7388260" lon="24.4022450">
    <ele>1118.1</ele>
   </trkpt>
   <trkpt lat="-29.7387870" lon="24.4022450">
    <ele>1118.1</ele>
   </trkpt>
   <trkpt lat="-29.7387740" lon="24.4022460">
    <ele>1118.1</ele>
   </trkpt>
   <trkpt lat="-29.7387440" lon="24.4022520">
    <ele>1118.1</ele>
   </trkpt>
   <trkpt lat="-29.7387180" lon="24.4022610">
    <ele>1118.1</ele>
   </trkpt>
   <trkpt lat="-29.7386910" lon="24.4022720">
    <ele>1118.5</ele>
   </trkpt>
   <trkpt lat="-29.7386610" lon="24.4022840">
    <ele>1118.4</ele>
   </trkpt>
   <trkpt lat="-29.7386340" lon="24.4022940">
    <ele>1118.4</ele>
   </trkpt>
   <trkpt lat="-29.7386050" lon="24.4022950">
    <ele>1118.1</ele>
   </trkpt>
   <trkpt lat="-29.7385790" lon="24.4023020">
    <ele>1117.8</ele>
   </trkpt>
   <trkpt lat="-29.7385530" lon="24.4023160">
    <ele>1117.8</ele>
   </trkpt>
   <trkpt lat="-29.7385260" lon="24.4023320">
    <ele>1117.8</ele>
   </trkpt>
   <trkpt lat="-29.7385010" lon="24.4023480">
    <ele>1117.6</ele>
   </trkpt>
   <trkpt lat="-29.7384740" lon="24.4023610">
    <ele>1117.9</ele>
   </trkpt>
   <trkpt lat="-29.7384490" lon="24.4023760">
    <ele>1117.9</ele>
   </trkpt>
   <trkpt lat="-29.7384200" lon="24.4023880">
    <ele>1118.0</ele>
   </trkpt>
   <trkpt lat="-29.7383920" lon="24.4024010">
    <ele>1118.1</ele>
   </trkpt>
   <trkpt lat="-29.7383660" lon="24.4024170">
    <ele>1118.1</ele>
   </trkpt>
   <trkpt lat="-29.7383370" lon="24.4024330">
    <ele>1118.1</ele>
   </trkpt>
   <trkpt lat="-29.7383070" lon="24.4024480">
    <ele>1118.3</ele>
   </trkpt>
   <trkpt lat="-29.7382770" lon="24.4024600">
    <ele>1118.3</ele>
   </trkpt>
   <trkpt lat="-29.7382500" lon="24.4024720">
    <ele>1118.3</ele>
   </trkpt>
   <trkpt lat="-29.7382200" lon="24.4024880">
    <ele>1118.6</ele>
   </trkpt>
   <trkpt lat="-29.7381900" lon="24.4025010">
    <ele>1118.6</ele>
   </trkpt>
   <trkpt lat="-29.7381570" lon="24.4025160">
    <ele>1118.7</ele>
   </trkpt>
   <trkpt lat="-29.7381250" lon="24.4025270">
    <ele>1119.0</ele>
   </trkpt>
   <trkpt lat="-29.7380920" lon="24.4025340">
    <ele>1119.1</ele>
   </trkpt>
   <trkpt lat="-29.7380560" lon="24.4025360">
    <ele>1119.2</ele>
   </trkpt>
   <trkpt lat="-29.7380200" lon="24.4025280">
    <ele>1119.5</ele>
   </trkpt>
   <trkpt lat="-29.7379830" lon="24.4025110">
    <ele>1119.7</ele>
   </trkpt>
   <trkpt lat="-29.7379570" lon="24.4024810">
    <ele>1120.0</ele>
   </trkpt>
   <trkpt lat="-29.7379370" lon="24.4024490">
    <ele>1120.0</ele>
   </trkpt>
   <trkpt lat="-29.7379230" lon="24.4024140">
    <ele>1120.2</ele>
   </trkpt>
   <trkpt lat="-29.7379090" lon="24.4023780">
    <ele>1120.2</ele>
   </trkpt>
   <trkpt lat="-29.7378950" lon="24.4023380">
    <ele>1120.2</ele>
   </trkpt>
   <trkpt lat="-29.7378910" lon="24.4022970">
    <ele>1120.2</ele>
   </trkpt>
   <trkpt lat="-29.7378860" lon="24.4022560">
    <ele>1120.4</ele>
   </trkpt>
   <trkpt lat="-29.7378790" lon="24.4022170">
    <ele>1120.4</ele>
   </trkpt>
   <trkpt lat="-29.7378720" lon="24.4021760">
    <ele>1120.4</ele>
   </trkpt>
   <trkpt lat="-29.7378640" lon="24.4021360">
    <ele>1120.4</ele>
   </trkpt>
   <trkpt lat="-29.7378560" lon="24.4020920">
    <ele>1120.4</ele>
   </trkpt>
   <trkpt lat="-29.7378510" lon="24.4020520">
    <ele>1120.4</ele>
   </trkpt>
   <trkpt lat="-29.7378460" lon="24.4020100">
    <ele>1120.4</ele>
   </trkpt>
   <trkpt lat="-29.7378410" lon="24.4019730">
    <ele>1120.1</ele>
   </trkpt>
   <trkpt lat="-29.7378350" lon="24.4019340">
    <ele>1119.9</ele>
   </trkpt>
   <trkpt lat="-29.7378290" lon="24.4018980">
    <ele>1119.7</ele>
   </trkpt>
   <trkpt lat="-29.7378200" lon="24.4018610">
    <ele>1119.7</ele>
   </trkpt>
   <trkpt lat="-29.7378100" lon="24.4018230">
    <ele>1119.9</ele>
   </trkpt>
   <trkpt lat="-29.7378010" lon="24.4017870">
    <ele>1119.9</ele>
   </trkpt>
   <trkpt lat="-29.7377950" lon="24.4017500">
    <ele>1119.9</ele>
   </trkpt>
   <trkpt lat="-29.7377960" lon="24.4017120">
    <ele>1119.9</ele>
   </trkpt>
   <trkpt lat="-29.7377950" lon="24.4016730">
    <ele>1120.0</ele>
   </trkpt>
   <trkpt lat="-29.7377930" lon="24.4016380">
    <ele>1120.0</ele>
   </trkpt>
   <trkpt lat="-29.7377920" lon="24.4015990">
    <ele>1120.1</ele>
   </trkpt>
   <trkpt lat="-29.7377910" lon="24.4015620">
    <ele>1120.1</ele>
   </trkpt>
   <trkpt lat="-29.7377940" lon="24.4015240">
    <ele>1120.4</ele>
   </trkpt>
   <trkpt lat="-29.7378010" lon="24.4014900">
    <ele>1120.6</ele>
   </trkpt>
   <trkpt lat="-29.7378090" lon="24.4014540">
    <ele>1120.6</ele>
   </trkpt>
   <trkpt lat="-29.7378180" lon="24.4014170">
    <ele>1120.6</ele>
   </trkpt>
   <trkpt lat="-29.7378280" lon="24.4013800">
    <ele>1120.7</ele>
   </trkpt>
   <trkpt lat="-29.7378370" lon="24.4013440">
    <ele>1121.0</ele>
   </trkpt>
   <trkpt lat="-29.7378490" lon="24.4013110">
    <ele>1121.2</ele>
   </trkpt>
   <trkpt lat="-29.7378610" lon="24.4012740">
    <ele>1121.2</ele>
   </trkpt>
   <trkpt lat="-29.7378740" lon="24.4012410">
    <ele>1121.2</ele>
   </trkpt>
   <trkpt lat="-29.7378840" lon="24.4012050">
    <ele>1121.5</ele>
   </trkpt>
   <trkpt lat="-29.7378990" lon="24.4011700">
    <ele>1121.5</ele>
   </trkpt>
   <trkpt lat="-29.7379130" lon="24.4011340">
    <ele>1121.7</ele>
   </trkpt>
   <trkpt lat="-29.7379260" lon="24.4010960">
    <ele>1121.6</ele>
   </trkpt>
   <trkpt lat="-29.7379400" lon="24.4010590">
    <ele>1121.8</ele>
   </trkpt>
   <trkpt lat="-29.7379540" lon="24.4010220">
    <ele>1121.8</ele>
   </trkpt>
   <trkpt lat="-29.7379680" lon="24.4009870">
    <ele>1121.4</ele>
   </trkpt>
   <trkpt lat="-29.7379800" lon="24.4009510">
    <ele>1121.5</ele>
   </trkpt>
   <trkpt lat="-29.7379930" lon="24.4009160">
    <ele>1121.6</ele>
   </trkpt>
   <trkpt lat="-29.7380080" lon="24.4008800">
    <ele>1121.5</ele>
   </trkpt>
   <trkpt lat="-29.7380210" lon="24.4008430">
    <ele>1121.7</ele>
   </trkpt>
   <trkpt lat="-29.7380350" lon="24.4008050">
    <ele>1122.0</ele>
   </trkpt>
   <trkpt lat="-29.7380500" lon="24.4007680">
    <ele>1121.7</ele>
   </trkpt>
   <trkpt lat="-29.7380620" lon="24.4007330">
    <ele>1122.0</ele>
   </trkpt>
   <trkpt lat="-29.7380770" lon="24.4006980">
    <ele>1121.8</ele>
   </trkpt>
   <trkpt lat="-29.7380890" lon="24.4006600">
    <ele>1122.0</ele>
   </trkpt>
   <trkpt lat="-29.7381030" lon="24.4006220">
    <ele>1122.4</ele>
   </trkpt>
   <trkpt lat="-29.7381160" lon="24.4005860">
    <ele>1122.2</ele>
   </trkpt>
   <trkpt lat="-29.7381310" lon="24.4005490">
    <ele>1122.2</ele>
   </trkpt>
   <trkpt lat="-29.7381430" lon="24.4005110">
    <ele>1122.3</ele>
   </trkpt>
   <trkpt lat="-29.7381540" lon="24.4004730">
    <ele>1122.0</ele>
   </trkpt>
   <trkpt lat="-29.7381690" lon="24.4004360">
    <ele>1122.2</ele>
   </trkpt>
   <trkpt lat="-29.7381830" lon="24.4003970">
    <ele>1122.4</ele>
   </trkpt>
   <trkpt lat="-29.7381940" lon="24.4003570">
    <ele>1122.0</ele>
   </trkpt>
   <trkpt lat="-29.7382070" lon="24.4003170">
    <ele>1121.7</ele>
   </trkpt>
   <trkpt lat="-29.7382200" lon="24.4002760">
    <ele>1121.5</ele>
   </trkpt>
   <trkpt lat="-29.7382350" lon="24.4002350">
    <ele>1120.8</ele>
   </trkpt>
   <trkpt lat="-29.7382470" lon="24.4001950">
    <ele>1120.5</ele>
   </trkpt>
   <trkpt lat="-29.7382600" lon="24.4001560">
    <ele>1119.8</ele>
   </trkpt>
   <trkpt lat="-29.7382720" lon="24.4001170">
    <ele>1119.5</ele>
   </trkpt>
   <trkpt lat="-29.7382850" lon="24.4000750">
    <ele>1119.3</ele>
   </trkpt>
   <trkpt lat="-29.7383000" lon="24.4000350">
    <ele>1118.8</ele>
   </trkpt>
   <trkpt lat="-29.7383130" lon="24.3999920">
    <ele>1118.7</ele>
   </trkpt>
   <trkpt lat="-29.7383260" lon="24.3999480">
    <ele>1118.7</ele>
   </trkpt>
   <trkpt lat="-29.7383400" lon="24.3999030">
    <ele>1118.2</ele>
   </trkpt>
   <trkpt lat="-29.7383530" lon="24.3998610">
    <ele>1118.4</ele>
   </trkpt>
   <trkpt lat="-29.7383630" lon="24.3998200">
    <ele>1118.4</ele>
   </trkpt>
   <trkpt lat="-29.7383750" lon="24.3997790">
    <ele>1118.1</ele>
   </trkpt>
   <trkpt lat="-29.7383880" lon="24.3997340">
    <ele>1118.3</ele>
   </trkpt>
   <trkpt lat="-29.7384010" lon="24.3996920">
    <ele>1118.5</ele>
   </trkpt>
   <trkpt lat="-29.7384080" lon="24.3996470">
    <ele>1119.0</ele>
   </trkpt>
   <trkpt lat="-29.7384130" lon="24.3996030">
    <ele>1118.5</ele>
   </trkpt>
   <trkpt lat="-29.7384160" lon="24.3995600">
    <ele>1118.8</ele>
   </trkpt>
   <trkpt lat="-29.7384150" lon="24.3995190">
    <ele>1118.8</ele>
   </trkpt>
   <trkpt lat="-29.7384110" lon="24.3994770">
    <ele>1118.7</ele>
   </trkpt>
   <trkpt lat="-29.7384060" lon="24.3994370">
    <ele>1119.2</ele>
   </trkpt>
   <trkpt lat="-29.7383990" lon="24.3993960">
    <ele>1119.0</ele>
   </trkpt>
   <trkpt lat="-29.7383940" lon="24.3993520">
    <ele>1118.8</ele>
   </trkpt>
   <trkpt lat="-29.7383860" lon="24.3993090">
    <ele>1118.5</ele>
   </trkpt>
   <trkpt lat="-29.7383790" lon="24.3992670">
    <ele>1118.3</ele>
   </trkpt>
   <trkpt lat="-29.7383670" lon="24.3992250">
    <ele>1118.4</ele>
   </trkpt>
   <trkpt lat="-29.7383540" lon="24.3991840">
    <ele>1118.2</ele>
   </trkpt>
   <trkpt lat="-29.7383400" lon="24.3991430">
    <ele>1117.8</ele>
   </trkpt>
   <trkpt lat="-29.7383250" lon="24.3991020">
    <ele>1117.7</ele>
   </trkpt>
   <trkpt lat="-29.7383040" lon="24.3990680">
    <ele>1117.2</ele>
   </trkpt>
   <trkpt lat="-29.7382820" lon="24.3990340">
    <ele>1117.3</ele>
   </trkpt>
   <trkpt lat="-29.7382580" lon="24.3990000">
    <ele>1117.5</ele>
   </trkpt>
   <trkpt lat="-29.7382330" lon="24.3989700">
    <ele>1117.5</ele>
   </trkpt>
   <trkpt lat="-29.7382090" lon="24.3989400">
    <ele>1117.7</ele>
   </trkpt>
   <trkpt lat="-29.7381860" lon="24.3989100">
    <ele>1117.4</ele>
   </trkpt>
   <trkpt lat="-29.7381610" lon="24.3988810">
    <ele>1117.7</ele>
   </trkpt>
   <trkpt lat="-29.7381410" lon="24.3988450">
    <ele>1117.7</ele>
   </trkpt>
   <trkpt lat="-29.7381260" lon="24.3988080">
    <ele>1117.4</ele>
   </trkpt>
   <trkpt lat="-29.7381010" lon="24.3987780">
    <ele>1117.4</ele>
   </trkpt>
   <trkpt lat="-29.7380730" lon="24.3987530">
    <ele>1117.4</ele>
   </trkpt>
   <trkpt lat="-29.7380490" lon="24.3987250">
    <ele>1117.5</ele>
   </trkpt>
   <trkpt lat="-29.7380260" lon="24.3986980">
    <ele>1117.8</ele>
   </trkpt>
   <trkpt lat="-29.7380010" lon="24.3986700">
    <ele>1117.8</ele>
   </trkpt>
   <trkpt lat="-29.7379770" lon="24.3986460">
    <ele>1118.1</ele>
   </trkpt>
   <trkpt lat="-29.7379510" lon="24.3986200">
    <ele>1118.7</ele>
   </trkpt>
   <trkpt lat="-29.7379250" lon="24.3985950">
    <ele>1118.6</ele>
   </trkpt>
   <trkpt lat="-29.7378970" lon="24.3985730">
    <ele>1119.2</ele>
   </trkpt>
   <trkpt lat="-29.7378690" lon="24.3985530">
    <ele>1119.7</ele>
   </trkpt>
   <trkpt lat="-29.7378510" lon="24.3985410">
    <ele>1119.7</ele>
   </trkpt>
   <trkpt lat="-29.7378360" lon="24.3985320">
    <ele>1120.2</ele>
   </trkpt>
   <trkpt lat="-29.7378110" lon="24.3985210">
    <ele>1120.7</ele>
   </trkpt>
   <trkpt lat="-29.7377620" lon="24.3985040">
    <ele>1121.1</ele>
   </trkpt>
   <trkpt lat="-29.7377380" lon="24.3984970">
    <ele>1121.1</ele>
   </trkpt>
   <trkpt lat="-29.7377110" lon="24.3984970">
    <ele>1121.3</ele>
   </trkpt>
   <trkpt lat="-29.7376520" lon="24.3984980">
    <ele>1121.8</ele>
   </trkpt>
   <trkpt lat="-29.7376190" lon="24.3984970">
    <ele>1122.0</ele>
   </trkpt>
   <trkpt lat="-29.7375820" lon="24.3984890">
    <ele>1122.0</ele>
   </trkpt>
   <trkpt lat="-29.7375460" lon="24.3984820">
    <ele>1121.9</ele>
   </trkpt>
   <trkpt lat="-29.7375090" lon="24.3984760">
    <ele>1122.0</ele>
   </trkpt>
   <trkpt lat="-29.7374780" lon="24.3984720">
    <ele>1122.0</ele>
   </trkpt>
   <trkpt lat="-29.7374380" lon="24.3984670">
    <ele>1122.3</ele>
   </trkpt>
   <trkpt lat="-29.7374030" lon="24.3984630">
    <ele>1122.3</ele>
   </trkpt>
   <trkpt lat="-29.7373650" lon="24.3984590">
    <ele>1122.6</ele>
   </trkpt>
   <trkpt lat="-29.7373270" lon="24.3984570">
    <ele>1123.0</ele>
   </trkpt>
   <trkpt lat="-29.7372910" lon="24.3984510">
    <ele>1123.0</ele>
   </trkpt>
   <trkpt lat="-29.7372570" lon="24.3984440">
    <ele>1123.0</ele>
   </trkpt>
   <trkpt lat="-29.7372220" lon="24.3984380">
    <ele>1123.0</ele>
   </trkpt>
   <trkpt lat="-29.7371860" lon="24.3984330">
    <ele>1123.0</ele>
   </trkpt>
   <trkpt lat="-29.7371530" lon="24.3984260">
    <ele>1123.0</ele>
   </trkpt>
   <trkpt lat="-29.7371160" lon="24.3984200">
    <ele>1122.9</ele>
   </trkpt>
   <trkpt lat="-29.7370840" lon="24.3984100">
    <ele>1122.8</ele>
   </trkpt>
   <trkpt lat="-29.7370500" lon="24.3984070">
    <ele>1122.6</ele>
   </trkpt>
   <trkpt lat="-29.7370140" lon="24.3984050">
    <ele>1122.6</ele>
   </trkpt>
   <trkpt lat="-29.7369760" lon="24.3984000">
    <ele>1122.3</ele>
   </trkpt>
   <trkpt lat="-29.7369400" lon="24.3983930">
    <ele>1122.3</ele>
   </trkpt>
   <trkpt lat="-29.7369050" lon="24.3983880">
    <ele>1122.3</ele>
   </trkpt>
   <trkpt lat="-29.7368670" lon="24.3983850">
    <ele>1122.4</ele>
   </trkpt>
   <trkpt lat="-29.7368320" lon="24.3983780">
    <ele>1122.5</ele>
   </trkpt>
   <trkpt lat="-29.7367980" lon="24.3983740">
    <ele>1122.7</ele>
   </trkpt>
   <trkpt lat="-29.7367630" lon="24.3983700">
    <ele>1122.9</ele>
   </trkpt>
   <trkpt lat="-29.7367270" lon="24.3983620">
    <ele>1123.0</ele>
   </trkpt>
   <trkpt lat="-29.7366920" lon="24.3983560">
    <ele>1123.0</ele>
   </trkpt>
   <trkpt lat="-29.7366560" lon="24.3983490">
    <ele>1123.0</ele>
   </trkpt>
   <trkpt lat="-29.7366220" lon="24.3983450">
    <ele>1123.0</ele>
   </trkpt>
   <trkpt lat="-29.7365870" lon="24.3983390">
    <ele>1123.0</ele>
   </trkpt>
   <trkpt lat="-29.7365500" lon="24.3983330">
    <ele>1123.1</ele>
   </trkpt>
   <trkpt lat="-29.7365150" lon="24.3983250">
    <ele>1123.3</ele>
   </trkpt>
   <trkpt lat="-29.7364790" lon="24.3983200">
    <ele>1123.6</ele>
   </trkpt>
   <trkpt lat="-29.7364430" lon="24.3983160">
    <ele>1123.6</ele>
   </trkpt>
   <trkpt lat="-29.7364080" lon="24.3983110">
    <ele>1123.8</ele>
   </trkpt>
   <trkpt lat="-29.7363730" lon="24.3983070">
    <ele>1123.9</ele>
   </trkpt>
   <trkpt lat="-29.7363400" lon="24.3983010">
    <ele>1123.9</ele>
   </trkpt>
   <trkpt lat="-29.7363060" lon="24.3982950">
    <ele>1123.9</ele>
   </trkpt>
   <trkpt lat="-29.7362710" lon="24.3982880">
    <ele>1124.0</ele>
   </trkpt>
   <trkpt lat="-29.7362380" lon="24.3982840">
    <ele>1124.0</ele>
   </trkpt>
   <trkpt lat="-29.7362030" lon="24.3982810">
    <ele>1124.0</ele>
   </trkpt>
   <trkpt lat="-29.7361700" lon="24.3982730">
    <ele>1124.0</ele>
   </trkpt>
   <trkpt lat="-29.7361370" lon="24.3982680">
    <ele>1124.0</ele>
   </trkpt>
   <trkpt lat="-29.7361040" lon="24.3982630">
    <ele>1123.9</ele>
   </trkpt>
   <trkpt lat="-29.7360690" lon="24.3982570">
    <ele>1123.8</ele>
   </trkpt>
   <trkpt lat="-29.7360370" lon="24.3982520">
    <ele>1123.6</ele>
   </trkpt>
   <trkpt lat="-29.7360030" lon="24.3982470">
    <ele>1123.5</ele>
   </trkpt>
   <trkpt lat="-29.7359720" lon="24.3982410">
    <ele>1123.3</ele>
   </trkpt>
   <trkpt lat="-29.7359360" lon="24.3982360">
    <ele>1123.1</ele>
   </trkpt>
   <trkpt lat="-29.7359020" lon="24.3982310">
    <ele>1123.1</ele>
   </trkpt>
   <trkpt lat="-29.7358690" lon="24.3982240">
    <ele>1122.8</ele>
   </trkpt>
   <trkpt lat="-29.7358360" lon="24.3982180">
    <ele>1122.5</ele>
   </trkpt>
   <trkpt lat="-29.7358010" lon="24.3982140">
    <ele>1122.5</ele>
   </trkpt>
   <trkpt lat="-29.7357660" lon="24.3982060">
    <ele>1122.0</ele>
   </trkpt>
   <trkpt lat="-29.7357320" lon="24.3982040">
    <ele>1121.2</ele>
   </trkpt>
   <trkpt lat="-29.7356980" lon="24.3982020">
    <ele>1120.7</ele>
   </trkpt>
   <trkpt lat="-29.7356630" lon="24.3981980">
    <ele>1120.2</ele>
   </trkpt>
   <trkpt lat="-29.7356270" lon="24.3981980">
    <ele>1119.6</ele>
   </trkpt>
   <trkpt lat="-29.7355920" lon="24.3982040">
    <ele>1119.0</ele>
   </trkpt>
   <trkpt lat="-29.7355590" lon="24.3982130">
    <ele>1118.4</ele>
   </trkpt>
   <trkpt lat="-29.7355260" lon="24.3982300">
    <ele>1117.9</ele>
   </trkpt>
   <trkpt lat="-29.7354930" lon="24.3982480">
    <ele>1117.6</ele>
   </trkpt>
   <trkpt lat="-29.7354670" lon="24.3982780">
    <ele>1117.9</ele>
   </trkpt>
   <trkpt lat="-29.7354440" lon="24.3983140">
    <ele>1117.4</ele>
   </trkpt>
   <trkpt lat="-29.7354290" lon="24.3983500">
    <ele>1117.6</ele>
   </trkpt>
   <trkpt lat="-29.7354120" lon="24.3983910">
    <ele>1117.4</ele>
   </trkpt>
   <trkpt lat="-29.7353990" lon="24.3984320">
    <ele>1117.6</ele>
   </trkpt>
   <trkpt lat="-29.7353870" lon="24.3984760">
    <ele>1117.4</ele>
   </trkpt>
   <trkpt lat="-29.7353760" lon="24.3985190">
    <ele>1117.7</ele>
   </trkpt>
   <trkpt lat="-29.7353640" lon="24.3985660">
    <ele>1118.2</ele>
   </trkpt>
   <trkpt lat="-29.7353560" lon="24.3986040">
    <ele>1118.7</ele>
   </trkpt>
   <trkpt lat="-29.7353450" lon="24.3986440">
    <ele>1118.7</ele>
   </trkpt>
   <trkpt lat="-29.7353300" lon="24.3986850">
    <ele>1119.3</ele>
   </trkpt>
   <trkpt lat="-29.7353160" lon="24.3987250">
    <ele>1120.0</ele>
   </trkpt>
   <trkpt lat="-29.7352980" lon="24.3987630">
    <ele>1120.3</ele>
   </trkpt>
   <trkpt lat="-29.7352790" lon="24.3987980">
    <ele>1121.0</ele>
   </trkpt>
   <trkpt lat="-29.7352620" lon="24.3988320">
    <ele>1120.5</ele>
   </trkpt>
   <trkpt lat="-29.7352400" lon="24.3988650">
    <ele>1120.6</ele>
   </trkpt>
   <trkpt lat="-29.7352130" lon="24.3989000">
    <ele>1120.9</ele>
   </trkpt>
   <trkpt lat="-29.7351910" lon="24.3989330">
    <ele>1120.6</ele>
   </trkpt>
   <trkpt lat="-29.7351700" lon="24.3989660">
    <ele>1120.9</ele>
   </trkpt>
   <trkpt lat="-29.7351510" lon="24.3989890">
    <ele>1120.4</ele>
   </trkpt>
   <trkpt lat="-29.7351290" lon="24.3990130">
    <ele>1120.6</ele>
   </trkpt>
   <trkpt lat="-29.7351070" lon="24.3990410">
    <ele>1120.1</ele>
   </trkpt>
   <trkpt lat="-29.7350880" lon="24.3990680">
    <ele>1119.9</ele>
   </trkpt>
   <trkpt lat="-29.7350700" lon="24.3990930">
    <ele>1120.2</ele>
   </trkpt>
   <trkpt lat="-29.7350500" lon="24.3991220">
    <ele>1119.9</ele>
   </trkpt>
   <trkpt lat="-29.7350300" lon="24.3991530">
    <ele>1120.2</ele>
   </trkpt>
   <trkpt lat="-29.7350120" lon="24.3991860">
    <ele>1120.2</ele>
   </trkpt>
   <trkpt lat="-29.7349960" lon="24.3992190">
    <ele>1120.2</ele>
   </trkpt>
   <trkpt lat="-29.7349790" lon="24.3992520">
    <ele>1120.0</ele>
   </trkpt>
   <trkpt lat="-29.7349640" lon="24.3992880">
    <ele>1120.0</ele>
   </trkpt>
   <trkpt lat="-29.7349470" lon="24.3993240">
    <ele>1120.0</ele>
   </trkpt>
   <trkpt lat="-29.7349330" lon="24.3993600">
    <ele>1120.0</ele>
   </trkpt>
   <trkpt lat="-29.7349230" lon="24.3993960">
    <ele>1120.2</ele>
   </trkpt>
   <trkpt lat="-29.7349100" lon="24.3994310">
    <ele>1120.2</ele>
   </trkpt>
   <trkpt lat="-29.7348990" lon="24.3994670">
    <ele>1120.5</ele>
   </trkpt>
   <trkpt lat="-29.7348880" lon="24.3995020">
    <ele>1120.7</ele>
   </trkpt>
   <trkpt lat="-29.7348740" lon="24.3995350">
    <ele>1121.1</ele>
   </trkpt>
   <trkpt lat="-29.7348630" lon="24.3995720">
    <ele>1121.6</ele>
   </trkpt>
   <trkpt lat="-29.7348480" lon="24.3996080">
    <ele>1122.2</ele>
   </trkpt>
   <trkpt lat="-29.7348340" lon="24.3996430">
    <ele>1122.2</ele>
   </trkpt>
   <trkpt lat="-29.7348200" lon="24.3996780">
    <ele>1122.6</ele>
   </trkpt>
   <trkpt lat="-29.7348020" lon="24.3997090">
    <ele>1123.1</ele>
   </trkpt>
   <trkpt lat="-29.7347810" lon="24.3997380">
    <ele>1123.3</ele>
   </trkpt>
   <trkpt lat="-29.7347560" lon="24.3997630">
    <ele>1123.0</ele>
   </trkpt>
   <trkpt lat="-29.7347320" lon="24.3997820">
    <ele>1123.3</ele>
   </trkpt>
   <trkpt lat="-29.7347090" lon="24.3997980">
    <ele>1123.0</ele>
   </trkpt>
   <trkpt lat="-29.7346790" lon="24.3998180">
    <ele>1122.6</ele>
   </trkpt>
   <trkpt lat="-29.7346680" lon="24.3998240">
    <ele>1122.8</ele>
   </trkpt>
   <trkpt lat="-29.7346400" lon="24.3998380">
    <ele>1122.5</ele>
   </trkpt>
   <trkpt lat="-29.7346300" lon="24.3998420">
    <ele>1122.5</ele>
   </trkpt>
   <trkpt lat="-29.7346120" lon="24.3998490">
    <ele>1122.5</ele>
   </trkpt>
   <trkpt lat="-29.7346060" lon="24.3998530">
    <ele>1122.2</ele>
   </trkpt>
   <trkpt lat="-29.7346010" lon="24.3998510">
    <ele>1122.2</ele>
   </trkpt>
   <trkpt lat="-29.7346040" lon="24.3998470">
    <ele>1122.2</ele>
   </trkpt>
   <trkpt lat="-29.7346050" lon="24.3998440">
    <ele>1122.2</ele>
   </trkpt>
   <trkpt lat="-29.7346060" lon="24.3998450">
    <ele>1122.2</ele>
   </trkpt>
   <trkpt lat="-29.7345970" lon="24.3998410">
    <ele>1122.2</ele>
   </trkpt>
   <trkpt lat="-29.7345930" lon="24.3998370">
    <ele>1122.2</ele>
   </trkpt>
   <trkpt lat="-29.7345910" lon="24.3998350">
    <ele>1122.2</ele>
   </trkpt>
   <trkpt lat="-29.7345930" lon="24.3998340">
    <ele>1122.2</ele>
   </trkpt>
   <trkpt lat="-29.7345940" lon="24.3998340">
    <ele>1122.2</ele>
   </trkpt>
   <trkpt lat="-29.7345910" lon="24.3998350">
    <ele>1122.2</ele>
   </trkpt>
   <trkpt lat="-29.7345910" lon="24.3998350">
    <ele>1122.2</ele>
   </trkpt>
   <trkpt lat="-29.7345080" lon="24.3998960">
    <ele>1122.0</ele>
   </trkpt>
   <trkpt lat="-29.7344910" lon="24.3999020">
    <ele>1121.7</ele>
   </trkpt>
   <trkpt lat="-29.7344600" lon="24.3999060">
    <ele>1121.7</ele>
   </trkpt>
   <trkpt lat="-29.7344490" lon="24.3999070">
    <ele>1121.4</ele>
   </trkpt>
   <trkpt lat="-29.7344170" lon="24.3999070">
    <ele>1121.2</ele>
   </trkpt>
   <trkpt lat="-29.7344050" lon="24.3999090">
    <ele>1121.2</ele>
   </trkpt>
   <trkpt lat="-29.7343680" lon="24.3999070">
    <ele>1120.9</ele>
   </trkpt>
   <trkpt lat="-29.7343540" lon="24.3999050">
    <ele>1120.9</ele>
   </trkpt>
   <trkpt lat="-29.7343170" lon="24.3998940">
    <ele>1120.9</ele>
   </trkpt>
   <trkpt lat="-29.7343040" lon="24.3998870">
    <ele>1120.9</ele>
   </trkpt>
   <trkpt lat="-29.7342780" lon="24.3998720">
    <ele>1120.9</ele>
   </trkpt>
   <trkpt lat="-29.7342530" lon="24.3998560">
    <ele>1120.8</ele>
   </trkpt>
   <trkpt lat="-29.7342290" lon="24.3998400">
    <ele>1120.9</ele>
   </trkpt>
   <trkpt lat="-29.7342010" lon="24.3998180">
    <ele>1120.8</ele>
   </trkpt>
   <trkpt lat="-29.7341920" lon="24.3998110">
    <ele>1120.9</ele>
   </trkpt>
   <trkpt lat="-29.7341630" lon="24.3997780">
    <ele>1120.9</ele>
   </trkpt>
   <trkpt lat="-29.7341520" lon="24.3997680">
    <ele>1121.2</ele>
   </trkpt>
   <trkpt lat="-29.7341300" lon="24.3997430">
    <ele>1121.2</ele>
   </trkpt>
   <trkpt lat="-29.7341130" lon="24.3997170">
    <ele>1121.5</ele>
   </trkpt>
   <trkpt lat="-29.7340940" lon="24.3996880">
    <ele>1121.4</ele>
   </trkpt>
   <trkpt lat="-29.7340760" lon="24.3996580">
    <ele>1121.6</ele>
   </trkpt>
   <trkpt lat="-29.7340600" lon="24.3996300">
    <ele>1121.3</ele>
   </trkpt>
   <trkpt lat="-29.7340450" lon="24.3995990">
    <ele>1121.2</ele>
   </trkpt>
   <trkpt lat="-29.7340310" lon="24.3995710">
    <ele>1121.2</ele>
   </trkpt>
   <trkpt lat="-29.7340150" lon="24.3995410">
    <ele>1120.9</ele>
   </trkpt>
   <trkpt lat="-29.7340050" lon="24.3995090">
    <ele>1120.7</ele>
   </trkpt>
   <trkpt lat="-29.7339900" lon="24.3994790">
    <ele>1120.7</ele>
   </trkpt>
   <trkpt lat="-29.7339750" lon="24.3994480">
    <ele>1120.4</ele>
   </trkpt>
   <trkpt lat="-29.7339570" lon="24.3994150">
    <ele>1120.2</ele>
   </trkpt>
   <trkpt lat="-29.7339400" lon="24.3993860">
    <ele>1119.9</ele>
   </trkpt>
   <trkpt lat="-29.7339220" lon="24.3993550">
    <ele>1119.9</ele>
   </trkpt>
   <trkpt lat="-29.7339000" lon="24.3993280">
    <ele>1119.5</ele>
   </trkpt>
   <trkpt lat="-29.7338740" lon="24.3993030">
    <ele>1119.2</ele>
   </trkpt>
   <trkpt lat="-29.7338500" lon="24.3992760">
    <ele>1119.4</ele>
   </trkpt>
   <trkpt lat="-29.7338210" lon="24.3992560">
    <ele>1119.2</ele>
   </trkpt>
   <trkpt lat="-29.7337880" lon="24.3992390">
    <ele>1119.2</ele>
   </trkpt>
   <trkpt lat="-29.7337530" lon="24.3992260">
    <ele>1119.4</ele>
   </trkpt>
   <trkpt lat="-29.7337170" lon="24.3992200">
    <ele>1119.4</ele>
   </trkpt>
   <trkpt lat="-29.7336810" lon="24.3992190">
    <ele>1119.3</ele>
   </trkpt>
   <trkpt lat="-29.7336480" lon="24.3992240">
    <ele>1119.3</ele>
   </trkpt>
   <trkpt lat="-29.7336160" lon="24.3992310">
    <ele>1119.2</ele>
   </trkpt>
   <trkpt lat="-29.7335770" lon="24.3992400">
    <ele>1119.0</ele>
   </trkpt>
   <trkpt lat="-29.7335450" lon="24.3992510">
    <ele>1118.9</ele>
   </trkpt>
   <trkpt lat="-29.7335130" lon="24.3992630">
    <ele>1119.1</ele>
   </trkpt>
   <trkpt lat="-29.7334830" lon="24.3992770">
    <ele>1119.0</ele>
   </trkpt>
   <trkpt lat="-29.7334500" lon="24.3992880">
    <ele>1118.9</ele>
   </trkpt>
   <trkpt lat="-29.7334200" lon="24.3993000">
    <ele>1118.9</ele>
   </trkpt>
   <trkpt lat="-29.7333870" lon="24.3993110">
    <ele>1119.1</ele>
   </trkpt>
   <trkpt lat="-29.7333550" lon="24.3993240">
    <ele>1118.9</ele>
   </trkpt>
   <trkpt lat="-29.7333220" lon="24.3993330">
    <ele>1118.7</ele>
   </trkpt>
   <trkpt lat="-29.7332890" lon="24.3993410">
    <ele>1118.7</ele>
   </trkpt>
   <trkpt lat="-29.7332570" lon="24.3993490">
    <ele>1118.9</ele>
   </trkpt>
   <trkpt lat="-29.7332230" lon="24.3993560">
    <ele>1118.9</ele>
   </trkpt>
   <trkpt lat="-29.7331860" lon="24.3993590">
    <ele>1118.8</ele>
   </trkpt>
   <trkpt lat="-29.7331510" lon="24.3993580">
    <ele>1118.8</ele>
   </trkpt>
   <trkpt lat="-29.7331160" lon="24.3993560">
    <ele>1118.8</ele>
   </trkpt>
   <trkpt lat="-29.7330780" lon="24.3993510">
    <ele>1118.8</ele>
   </trkpt>
   <trkpt lat="-29.7330440" lon="24.3993380">
    <ele>1118.8</ele>
   </trkpt>
   <trkpt lat="-29.7330110" lon="24.3993250">
    <ele>1118.8</ele>
   </trkpt>
   <trkpt lat="-29.7329780" lon="24.3993110">
    <ele>1119.0</ele>
   </trkpt>
   <trkpt lat="-29.7329430" lon="24.3992950">
    <ele>1119.2</ele>
   </trkpt>
   <trkpt lat="-29.7329110" lon="24.3992810">
    <ele>1119.5</ele>
   </trkpt>
   <trkpt lat="-29.7328760" lon="24.3992650">
    <ele>1119.7</ele>
   </trkpt>
   <trkpt lat="-29.7328310" lon="24.3992470">
    <ele>1120.0</ele>
   </trkpt>
   <trkpt lat="-29.7327930" lon="24.3992300">
    <ele>1120.2</ele>
   </trkpt>
   <trkpt lat="-29.7327600" lon="24.3992140">
    <ele>1120.5</ele>
   </trkpt>
   <trkpt lat="-29.7327260" lon="24.3991920">
    <ele>1120.7</ele>
   </trkpt>
   <trkpt lat="-29.7327000" lon="24.3991640">
    <ele>1121.0</ele>
   </trkpt>
   <trkpt lat="-29.7326750" lon="24.3991300">
    <ele>1121.0</ele>
   </trkpt>
   <trkpt lat="-29.7326630" lon="24.3990900">
    <ele>1121.4</ele>
   </trkpt>
   <trkpt lat="-29.7326550" lon="24.3990500">
    <ele>1121.5</ele>
   </trkpt>
   <trkpt lat="-29.7326490" lon="24.3990090">
    <ele>1121.6</ele>
   </trkpt>
   <trkpt lat="-29.7326500" lon="24.3989660">
    <ele>1121.7</ele>
   </trkpt>
   <trkpt lat="-29.7326590" lon="24.3989260">
    <ele>1121.9</ele>
   </trkpt>
   <trkpt lat="-29.7326700" lon="24.3988830">
    <ele>1121.7</ele>
   </trkpt>
   <trkpt lat="-29.7326830" lon="24.3988430">
    <ele>1121.9</ele>
   </trkpt>
   <trkpt lat="-29.7326980" lon="24.3988060">
    <ele>1122.0</ele>
   </trkpt>
   <trkpt lat="-29.7327150" lon="24.3987660">
    <ele>1121.7</ele>
   </trkpt>
   <trkpt lat="-29.7327330" lon="24.3987280">
    <ele>1121.7</ele>
   </trkpt>
   <trkpt lat="-29.7327510" lon="24.3986880">
    <ele>1121.4</ele>
   </trkpt>
   <trkpt lat="-29.7327700" lon="24.3986460">
    <ele>1121.5</ele>
   </trkpt>
   <trkpt lat="-29.7327900" lon="24.3986080">
    <ele>1121.2</ele>
   </trkpt>
   <trkpt lat="-29.7328070" lon="24.3985700">
    <ele>1121.2</ele>
   </trkpt>
   <trkpt lat="-29.7328260" lon="24.3985300">
    <ele>1121.0</ele>
   </trkpt>
   <trkpt lat="-29.7328420" lon="24.3984930">
    <ele>1120.9</ele>
   </trkpt>
   <trkpt lat="-29.7328590" lon="24.3984530">
    <ele>1120.6</ele>
   </trkpt>
   <trkpt lat="-29.7328730" lon="24.3984180">
    <ele>1120.6</ele>
   </trkpt>
   <trkpt lat="-29.7328850" lon="24.3983750">
    <ele>1120.6</ele>
   </trkpt>
   <trkpt lat="-29.7328950" lon="24.3983340">
    <ele>1120.1</ele>
   </trkpt>
   <trkpt lat="-29.7329030" lon="24.3982930">
    <ele>1120.0</ele>
   </trkpt>
   <trkpt lat="-29.7329120" lon="24.3982520">
    <ele>1120.0</ele>
   </trkpt>
   <trkpt lat="-29.7329170" lon="24.3982090">
    <ele>1119.9</ele>
   </trkpt>
   <trkpt lat="-29.7329210" lon="24.3981660">
    <ele>1119.8</ele>
   </trkpt>
   <trkpt lat="-29.7329240" lon="24.3981230">
    <ele>1119.8</ele>
   </trkpt>
   <trkpt lat="-29.7329250" lon="24.3980820">
    <ele>1119.8</ele>
   </trkpt>
   <trkpt lat="-29.7329280" lon="24.3980400">
    <ele>1119.8</ele>
   </trkpt>
   <trkpt lat="-29.7329300" lon="24.3979980">
    <ele>1119.8</ele>
   </trkpt>
   <trkpt lat="-29.7329320" lon="24.3979590">
    <ele>1118.8</ele>
   </trkpt>
   <trkpt lat="-29.7329340" lon="24.3979170">
    <ele>1118.6</ele>
   </trkpt>
   <trkpt lat="-29.7329340" lon="24.3978740">
    <ele>1118.3</ele>
   </trkpt>
   <trkpt lat="-29.7329350" lon="24.3978310">
    <ele>1118.1</ele>
   </trkpt>
   <trkpt lat="-29.7329350" lon="24.3977880">
    <ele>1117.9</ele>
   </trkpt>
   <trkpt lat="-29.7329360" lon="24.3977450">
    <ele>1117.8</ele>
   </trkpt>
   <trkpt lat="-29.7329340" lon="24.3977010">
    <ele>1117.7</ele>
   </trkpt>
   <trkpt lat="-29.7329320" lon="24.3976560">
    <ele>1117.6</ele>
   </trkpt>
   <trkpt lat="-29.7329260" lon="24.3976120">
    <ele>1118.0</ele>
   </trkpt>
   <trkpt lat="-29.7329170" lon="24.3975680">
    <ele>1117.8</ele>
   </trkpt>
   <trkpt lat="-29.7328980" lon="24.3975280">
    <ele>1117.7</ele>
   </trkpt>
   <trkpt lat="-29.7328810" lon="24.3974880">
    <ele>1117.8</ele>
   </trkpt>
   <trkpt lat="-29.7328590" lon="24.3974550">
    <ele>1117.7</ele>
   </trkpt>
   <trkpt lat="-29.7328300" lon="24.3974240">
    <ele>1117.9</ele>
   </trkpt>
   <trkpt lat="-29.7327980" lon="24.3974020">
    <ele>1118.0</ele>
   </trkpt>
   <trkpt lat="-29.7327630" lon="24.3973810">
    <ele>1118.2</ele>
   </trkpt>
   <trkpt lat="-29.7327310" lon="24.3973590">
    <ele>1118.1</ele>
   </trkpt>
   <trkpt lat="-29.7326980" lon="24.3973380">
    <ele>1118.3</ele>
   </trkpt>
   <trkpt lat="-29.7326690" lon="24.3973180">
    <ele>1118.3</ele>
   </trkpt>
   <trkpt lat="-29.7326380" lon="24.3972950">
    <ele>1118.3</ele>
   </trkpt>
   <trkpt lat="-29.7326100" lon="24.3972680">
    <ele>1118.4</ele>
   </trkpt>
   <trkpt lat="-29.7325840" lon="24.3972350">
    <ele>1118.7</ele>
   </trkpt>
   <trkpt lat="-29.7325580" lon="24.3971970">
    <ele>1118.7</ele>
   </trkpt>
   <trkpt lat="-29.7325460" lon="24.3971590">
    <ele>1118.8</ele>
   </trkpt>
   <trkpt lat="-29.7325520" lon="24.3971180">
    <ele>1118.8</ele>
   </trkpt>
   <trkpt lat="-29.7325570" lon="24.3970780">
    <ele>1118.8</ele>
   </trkpt>
   <trkpt lat="-29.7325620" lon="24.3970390">
    <ele>1118.7</ele>
   </trkpt>
   <trkpt lat="-29.7325740" lon="24.3970010">
    <ele>1118.7</ele>
   </trkpt>
   <trkpt lat="-29.7325850" lon="24.3969630">
    <ele>1118.7</ele>
   </trkpt>
   <trkpt lat="-29.7325990" lon="24.3969250">
    <ele>1118.4</ele>
   </trkpt>
   <trkpt lat="-29.7326130" lon="24.3968880">
    <ele>1118.4</ele>
   </trkpt>
   <trkpt lat="-29.7326300" lon="24.3968520">
    <ele>1118.4</ele>
   </trkpt>
   <trkpt lat="-29.7326460" lon="24.3968150">
    <ele>1118.2</ele>
   </trkpt>
   <trkpt lat="-29.7326600" lon="24.3967770">
    <ele>1118.2</ele>
   </trkpt>
   <trkpt lat="-29.7326750" lon="24.3967380">
    <ele>1117.9</ele>
   </trkpt>
   <trkpt lat="-29.7326860" lon="24.3966990">
    <ele>1117.9</ele>
   </trkpt>
   <trkpt lat="-29.7326950" lon="24.3966600">
    <ele>1117.9</ele>
   </trkpt>
   <trkpt lat="-29.7327000" lon="24.3966200">
    <ele>1117.9</ele>
   </trkpt>
   <trkpt lat="-29.7326990" lon="24.3965770">
    <ele>1117.9</ele>
   </trkpt>
   <trkpt lat="-29.7326950" lon="24.3965350">
    <ele>1117.8</ele>
   </trkpt>
   <trkpt lat="-29.7326860" lon="24.3964940">
    <ele>1117.8</ele>
   </trkpt>
   <trkpt lat="-29.7326690" lon="24.3964540">
    <ele>1117.8</ele>
   </trkpt>
   <trkpt lat="-29.7326500" lon="24.3964180">
    <ele>1117.6</ele>
   </trkpt>
   <trkpt lat="-29.7326260" lon="24.3963820">
    <ele>1117.4</ele>
   </trkpt>
   <trkpt lat="-29.7325990" lon="24.3963520">
    <ele>1117.3</ele>
   </trkpt>
   <trkpt lat="-29.7325690" lon="24.3963250">
    <ele>1117.1</ele>
   </trkpt>
   <trkpt lat="-29.7325340" lon="24.3963000">
    <ele>1116.9</ele>
   </trkpt>
   <trkpt lat="-29.7324980" lon="24.3962790">
    <ele>1116.9</ele>
   </trkpt>
   <trkpt lat="-29.7324630" lon="24.3962610">
    <ele>1116.9</ele>
   </trkpt>
   <trkpt lat="-29.7324270" lon="24.3962470">
    <ele>1116.6</ele>
   </trkpt>
   <trkpt lat="-29.7323920" lon="24.3962320">
    <ele>1116.9</ele>
   </trkpt>
   <trkpt lat="-29.7323580" lon="24.3962170">
    <ele>1117.3</ele>
   </trkpt>
   <trkpt lat="-29.7323190" lon="24.3962020">
    <ele>1117.4</ele>
   </trkpt>
   <trkpt lat="-29.7322850" lon="24.3961870">
    <ele>1117.8</ele>
   </trkpt>
   <trkpt lat="-29.7322480" lon="24.3961740">
    <ele>1118.2</ele>
   </trkpt>
   <trkpt lat="-29.7322100" lon="24.3961610">
    <ele>1118.2</ele>
   </trkpt>
   <trkpt lat="-29.7321710" lon="24.3961470">
    <ele>1118.7</ele>
   </trkpt>
   <trkpt lat="-29.7321300" lon="24.3961330">
    <ele>1119.2</ele>
   </trkpt>
   <trkpt lat="-29.7320930" lon="24.3961150">
    <ele>1119.2</ele>
   </trkpt>
   <trkpt lat="-29.7320580" lon="24.3960990">
    <ele>1119.7</ele>
   </trkpt>
   <trkpt lat="-29.7320140" lon="24.3960800">
    <ele>1119.6</ele>
   </trkpt>
   <trkpt lat="-29.7319770" lon="24.3960550">
    <ele>1120.1</ele>
   </trkpt>
   <trkpt lat="-29.7319490" lon="24.3960270">
    <ele>1119.8</ele>
   </trkpt>
   <trkpt lat="-29.7319190" lon="24.3959940">
    <ele>1119.3</ele>
   </trkpt>
   <trkpt lat="-29.7318910" lon="24.3959620">
    <ele>1119.3</ele>
   </trkpt>
   <trkpt lat="-29.7318630" lon="24.3959280">
    <ele>1118.8</ele>
   </trkpt>
   <trkpt lat="-29.7318350" lon="24.3958970">
    <ele>1118.2</ele>
   </trkpt>
   <trkpt lat="-29.7318010" lon="24.3958720">
    <ele>1118.3</ele>
   </trkpt>
   <trkpt lat="-29.7317720" lon="24.3958510">
    <ele>1117.4</ele>
   </trkpt>
   <trkpt lat="-29.7317350" lon="24.3958280">
    <ele>1116.4</ele>
   </trkpt>
   <trkpt lat="-29.7317000" lon="24.3958120">
    <ele>1116.2</ele>
   </trkpt>
   <trkpt lat="-29.7316630" lon="24.3958050">
    <ele>1116.0</ele>
   </trkpt>
   <trkpt lat="-29.7316290" lon="24.3958020">
    <ele>1116.0</ele>
   </trkpt>
   <trkpt lat="-29.7315950" lon="24.3958050">
    <ele>1115.8</ele>
   </trkpt>
   <trkpt lat="-29.7315590" lon="24.3958130">
    <ele>1115.5</ele>
   </trkpt>
   <trkpt lat="-29.7315250" lon="24.3958230">
    <ele>1115.3</ele>
   </trkpt>
   <trkpt lat="-29.7314950" lon="24.3958440">
    <ele>1116.0</ele>
   </trkpt>
   <trkpt lat="-29.7314630" lon="24.3958680">
    <ele>1115.8</ele>
   </trkpt>
   <trkpt lat="-29.7314350" lon="24.3958890">
    <ele>1116.5</ele>
   </trkpt>
   <trkpt lat="-29.7314080" lon="24.3959150">
    <ele>1117.6</ele>
   </trkpt>
   <trkpt lat="-29.7313770" lon="24.3959400">
    <ele>1117.3</ele>
   </trkpt>
   <trkpt lat="-29.7313480" lon="24.3959650">
    <ele>1117.8</ele>
   </trkpt>
   <trkpt lat="-29.7313190" lon="24.3959920">
    <ele>1117.0</ele>
   </trkpt>
   <trkpt lat="-29.7312870" lon="24.3960160">
    <ele>1117.3</ele>
   </trkpt>
   <trkpt lat="-29.7312550" lon="24.3960400">
    <ele>1117.3</ele>
   </trkpt>
   <trkpt lat="-29.7312240" lon="24.3960680">
    <ele>1117.5</ele>
   </trkpt>
   <trkpt lat="-29.7311950" lon="24.3960960">
    <ele>1117.6</ele>
   </trkpt>
   <trkpt lat="-29.7311690" lon="24.3961280">
    <ele>1116.9</ele>
   </trkpt>
   <trkpt lat="-29.7311430" lon="24.3961610">
    <ele>1117.5</ele>
   </trkpt>
   <trkpt lat="-29.7311190" lon="24.3961970">
    <ele>1117.3</ele>
   </trkpt>
   <trkpt lat="-29.7310980" lon="24.3962370">
    <ele>1116.9</ele>
   </trkpt>
   <trkpt lat="-29.7310810" lon="24.3962780">
    <ele>1117.4</ele>
   </trkpt>
   <trkpt lat="-29.7310660" lon="24.3963200">
    <ele>1117.1</ele>
   </trkpt>
   <trkpt lat="-29.7310510" lon="24.3963630">
    <ele>1117.6</ele>
   </trkpt>
   <trkpt lat="-29.7310350" lon="24.3964050">
    <ele>1118.0</ele>
   </trkpt>
   <trkpt lat="-29.7310210" lon="24.3964500">
    <ele>1117.8</ele>
   </trkpt>
   <trkpt lat="-29.7310030" lon="24.3964930">
    <ele>1118.3</ele>
   </trkpt>
   <trkpt lat="-29.7309850" lon="24.3965350">
    <ele>1118.0</ele>
   </trkpt>
   <trkpt lat="-29.7309700" lon="24.3965790">
    <ele>1118.5</ele>
   </trkpt>
   <trkpt lat="-29.7309530" lon="24.3966220">
    <ele>1118.2</ele>
   </trkpt>
   <trkpt lat="-29.7309350" lon="24.3966640">
    <ele>1118.4</ele>
   </trkpt>
   <trkpt lat="-29.7309160" lon="24.3967040">
    <ele>1118.0</ele>
   </trkpt>
   <trkpt lat="-29.7308940" lon="24.3967440">
    <ele>1118.2</ele>
   </trkpt>
   <trkpt lat="-29.7308730" lon="24.3967840">
    <ele>1117.7</ele>
   </trkpt>
   <trkpt lat="-29.7308480" lon="24.3968220">
    <ele>1117.9</ele>
   </trkpt>
   <trkpt lat="-29.7308190" lon="24.3968590">
    <ele>1117.4</ele>
   </trkpt>
   <trkpt lat="-29.7307900" lon="24.3968930">
    <ele>1116.7</ele>
   </trkpt>
   <trkpt lat="-29.7307570" lon="24.3969230">
    <ele>1116.4</ele>
   </trkpt>
   <trkpt lat="-29.7307230" lon="24.3969500">
    <ele>1116.6</ele>
   </trkpt>
   <trkpt lat="-29.7306910" lon="24.3969720">
    <ele>1116.3</ele>
   </trkpt>
   <trkpt lat="-29.7306580" lon="24.3969920">
    <ele>1116.9</ele>
   </trkpt>
   <trkpt lat="-29.7306230" lon="24.3970090">
    <ele>1116.5</ele>
   </trkpt>
   <trkpt lat="-29.7305920" lon="24.3970270">
    <ele>1116.3</ele>
   </trkpt>
   <trkpt lat="-29.7305600" lon="24.3970450">
    <ele>1116.6</ele>
   </trkpt>
   <trkpt lat="-29.7305270" lon="24.3970600">
    <ele>1116.5</ele>
   </trkpt>
   <trkpt lat="-29.7304900" lon="24.3970720">
    <ele>1116.3</ele>
   </trkpt>
   <trkpt lat="-29.7304550" lon="24.3970800">
    <ele>1116.6</ele>
   </trkpt>
   <trkpt lat="-29.7304170" lon="24.3970850">
    <ele>1116.8</ele>
   </trkpt>
   <trkpt lat="-29.7303810" lon="24.3970850">
    <ele>1117.0</ele>
   </trkpt>
   <trkpt lat="-29.7303450" lon="24.3970810">
    <ele>1117.2</ele>
   </trkpt>
   <trkpt lat="-29.7303080" lon="24.3970770">
    <ele>1117.5</ele>
   </trkpt>
   <trkpt lat="-29.7302710" lon="24.3970680">
    <ele>1117.1</ele>
   </trkpt>
   <trkpt lat="-29.7302350" lon="24.3970600">
    <ele>1117.2</ele>
   </trkpt>
   <trkpt lat="-29.7302010" lon="24.3970530">
    <ele>1117.4</ele>
   </trkpt>
   <trkpt lat="-29.7301660" lon="24.3970450">
    <ele>1117.5</ele>
   </trkpt>
   <trkpt lat="-29.7301300" lon="24.3970370">
    <ele>1117.6</ele>
   </trkpt>
   <trkpt lat="-29.7300930" lon="24.3970310">
    <ele>1117.7</ele>
   </trkpt>
   <trkpt lat="-29.7300560" lon="24.3970280">
    <ele>1117.3</ele>
   </trkpt>
   <trkpt lat="-29.7300180" lon="24.3970280">
    <ele>1117.3</ele>
   </trkpt>
   <trkpt lat="-29.7299800" lon="24.3970360">
    <ele>1117.6</ele>
   </trkpt>
   <trkpt lat="-29.7299430" lon="24.3970510">
    <ele>1117.5</ele>
   </trkpt>
   <trkpt lat="-29.7299110" lon="24.3970700">
    <ele>1117.3</ele>
   </trkpt>
   <trkpt lat="-29.7298810" lon="24.3970940">
    <ele>1117.6</ele>
   </trkpt>
   <trkpt lat="-29.7298540" lon="24.3971210">
    <ele>1117.6</ele>
   </trkpt>
   <trkpt lat="-29.7298290" lon="24.3971510">
    <ele>1117.4</ele>
   </trkpt>
   <trkpt lat="-29.7298110" lon="24.3971860">
    <ele>1117.5</ele>
   </trkpt>
   <trkpt lat="-29.7297940" lon="24.3972240">
    <ele>1117.3</ele>
   </trkpt>
   <trkpt lat="-29.7297770" lon="24.3972620">
    <ele>1117.4</ele>
   </trkpt>
   <trkpt lat="-29.7297680" lon="24.3973030">
    <ele>1117.6</ele>
   </trkpt>
   <trkpt lat="-29.7297630" lon="24.3973440">
    <ele>1118.1</ele>
   </trkpt>
   <trkpt lat="-29.7297570" lon="24.3973850">
    <ele>1118.1</ele>
   </trkpt>
   <trkpt lat="-29.7297520" lon="24.3974270">
    <ele>1118.6</ele>
   </trkpt>
   <trkpt lat="-29.7297510" lon="24.3974670">
    <ele>1119.0</ele>
   </trkpt>
   <trkpt lat="-29.7297510" lon="24.3975100">
    <ele>1119.0</ele>
   </trkpt>
   <trkpt lat="-29.7297490" lon="24.3975500">
    <ele>1119.1</ele>
   </trkpt>
   <trkpt lat="-29.7297460" lon="24.3975870">
    <ele>1119.1</ele>
   </trkpt>
   <trkpt lat="-29.7297430" lon="24.3976250">
    <ele>1119.2</ele>
   </trkpt>
   <trkpt lat="-29.7297330" lon="24.3976640">
    <ele>1119.3</ele>
   </trkpt>
   <trkpt lat="-29.7297210" lon="24.3977020">
    <ele>1118.7</ele>
   </trkpt>
   <trkpt lat="-29.7297100" lon="24.3977430">
    <ele>1119.0</ele>
   </trkpt>
   <trkpt lat="-29.7296980" lon="24.3977800">
    <ele>1119.2</ele>
   </trkpt>
   <trkpt lat="-29.7296830" lon="24.3978170">
    <ele>1118.7</ele>
   </trkpt>
   <trkpt lat="-29.7296680" lon="24.3978550">
    <ele>1119.2</ele>
   </trkpt>
   <trkpt lat="-29.7296500" lon="24.3978910">
    <ele>1119.0</ele>
   </trkpt>
   <trkpt lat="-29.7296310" lon="24.3979270">
    <ele>1119.0</ele>
   </trkpt>
   <trkpt lat="-29.7296130" lon="24.3979600">
    <ele>1118.7</ele>
   </trkpt>
   <trkpt lat="-29.7295920" lon="24.3979940">
    <ele>1119.3</ele>
   </trkpt>
   <trkpt lat="-29.7295710" lon="24.3980270">
    <ele>1119.5</ele>
   </trkpt>
   <trkpt lat="-29.7295470" lon="24.3980550">
    <ele>1119.5</ele>
   </trkpt>
   <trkpt lat="-29.7295210" lon="24.3980820">
    <ele>1120.0</ele>
   </trkpt>
   <trkpt lat="-29.7294920" lon="24.3981060">
    <ele>1120.5</ele>
   </trkpt>
   <trkpt lat="-29.7294590" lon="24.3981250">
    <ele>1120.3</ele>
   </trkpt>
   <trkpt lat="-29.7294250" lon="24.3981420">
    <ele>1120.0</ele>
   </trkpt>
   <trkpt lat="-29.7293870" lon="24.3981620">
    <ele>1120.5</ele>
   </trkpt>
   <trkpt lat="-29.7293520" lon="24.3981730">
    <ele>1120.3</ele>
   </trkpt>
   <trkpt lat="-29.7293210" lon="24.3981840">
    <ele>1120.3</ele>
   </trkpt>
   <trkpt lat="-29.7292840" lon="24.3982000">
    <ele>1120.8</ele>
   </trkpt>
   <trkpt lat="-29.7292460" lon="24.3982160">
    <ele>1120.6</ele>
   </trkpt>
   <trkpt lat="-29.7292100" lon="24.3982270">
    <ele>1120.5</ele>
   </trkpt>
   <trkpt lat="-29.7291740" lon="24.3982390">
    <ele>1121.0</ele>
   </trkpt>
   <trkpt lat="-29.7291350" lon="24.3982510">
    <ele>1120.9</ele>
   </trkpt>
   <trkpt lat="-29.7290990" lon="24.3982650">
    <ele>1120.7</ele>
   </trkpt>
   <trkpt lat="-29.7290630" lon="24.3982770">
    <ele>1121.0</ele>
   </trkpt>
   <trkpt lat="-29.7290270" lon="24.3982870">
    <ele>1120.8</ele>
   </trkpt>
   <trkpt lat="-29.7289920" lon="24.3983000">
    <ele>1120.6</ele>
   </trkpt>
   <trkpt lat="-29.7289570" lon="24.3983130">
    <ele>1120.4</ele>
   </trkpt>
   <trkpt lat="-29.7289230" lon="24.3983260">
    <ele>1120.7</ele>
   </trkpt>
   <trkpt lat="-29.7288890" lon="24.3983390">
    <ele>1120.7</ele>
   </trkpt>
   <trkpt lat="-29.7288560" lon="24.3983510">
    <ele>1120.7</ele>
   </trkpt>
   <trkpt lat="-29.7288200" lon="24.3983610">
    <ele>1120.8</ele>
   </trkpt>
   <trkpt lat="-29.7287850" lon="24.3983710">
    <ele>1120.5</ele>
   </trkpt>
   <trkpt lat="-29.7287500" lon="24.3983840">
    <ele>1120.1</ele>
   </trkpt>
   <trkpt lat="-29.7287140" lon="24.3983950">
    <ele>1119.8</ele>
   </trkpt>
   <trkpt lat="-29.7286790" lon="24.3984070">
    <ele>1119.5</ele>
   </trkpt>
   <trkpt lat="-29.7286440" lon="24.3984200">
    <ele>1119.1</ele>
   </trkpt>
   <trkpt lat="-29.7286080" lon="24.3984300">
    <ele>1119.1</ele>
   </trkpt>
   <trkpt lat="-29.7285720" lon="24.3984380">
    <ele>1118.8</ele>
   </trkpt>
   <trkpt lat="-29.7285370" lon="24.3984500">
    <ele>1118.6</ele>
   </trkpt>
   <trkpt lat="-29.7285030" lon="24.3984600">
    <ele>1118.4</ele>
   </trkpt>
   <trkpt lat="-29.7284670" lon="24.3984700">
    <ele>1118.1</ele>
   </trkpt>
   <trkpt lat="-29.7284330" lon="24.3984800">
    <ele>1117.9</ele>
   </trkpt>
   <trkpt lat="-29.7284000" lon="24.3984890">
    <ele>1117.8</ele>
   </trkpt>
   <trkpt lat="-29.7283620" lon="24.3985010">
    <ele>1117.7</ele>
   </trkpt>
   <trkpt lat="-29.7283230" lon="24.3985110">
    <ele>1118.0</ele>
   </trkpt>
   <trkpt lat="-29.7282880" lon="24.3985190">
    <ele>1118.2</ele>
   </trkpt>
   <trkpt lat="-29.7282530" lon="24.3985230">
    <ele>1118.4</ele>
   </trkpt>
   <trkpt lat="-29.7282210" lon="24.3985270">
    <ele>1118.7</ele>
   </trkpt>
   <trkpt lat="-29.7281870" lon="24.3985280">
    <ele>1118.9</ele>
   </trkpt>
   <trkpt lat="-29.7281520" lon="24.3985240">
    <ele>1119.2</ele>
   </trkpt>
   <trkpt lat="-29.7281180" lon="24.3985170">
    <ele>1119.4</ele>
   </trkpt>
   <trkpt lat="-29.7280840" lon="24.3985100">
    <ele>1119.7</ele>
   </trkpt>
   <trkpt lat="-29.7280540" lon="24.3985000">
    <ele>1119.7</ele>
   </trkpt>
   <trkpt lat="-29.7280210" lon="24.3984870">
    <ele>1119.9</ele>
   </trkpt>
   <trkpt lat="-29.7279910" lon="24.3984750">
    <ele>1120.2</ele>
   </trkpt>
   <trkpt lat="-29.7279610" lon="24.3984600">
    <ele>1120.4</ele>
   </trkpt>
   <trkpt lat="-29.7279320" lon="24.3984420">
    <ele>1120.6</ele>
   </trkpt>
   <trkpt lat="-29.7279050" lon="24.3984220">
    <ele>1120.6</ele>
   </trkpt>
   <trkpt lat="-29.7278790" lon="24.3983990">
    <ele>1120.6</ele>
   </trkpt>
   <trkpt lat="-29.7278540" lon="24.3983760">
    <ele>1120.6</ele>
   </trkpt>
   <trkpt lat="-29.7278290" lon="24.3983490">
    <ele>1120.6</ele>
   </trkpt>
   <trkpt lat="-29.7278070" lon="24.3983200">
    <ele>1120.6</ele>
   </trkpt>
   <trkpt lat="-29.7277840" lon="24.3982910">
    <ele>1120.6</ele>
   </trkpt>
   <trkpt lat="-29.7277610" lon="24.3982600">
    <ele>1120.6</ele>
   </trkpt>
   <trkpt lat="-29.7277390" lon="24.3982280">
    <ele>1120.6</ele>
   </trkpt>
   <trkpt lat="-29.7277150" lon="24.3981970">
    <ele>1120.6</ele>
   </trkpt>
   <trkpt lat="-29.7276890" lon="24.3981660">
    <ele>1120.6</ele>
   </trkpt>
   <trkpt lat="-29.7276640" lon="24.3981340">
    <ele>1120.5</ele>
   </trkpt>
   <trkpt lat="-29.7276380" lon="24.3980990">
    <ele>1120.6</ele>
   </trkpt>
   <trkpt lat="-29.7276170" lon="24.3980670">
    <ele>1120.6</ele>
   </trkpt>
   <trkpt lat="-29.7275920" lon="24.3980320">
    <ele>1120.6</ele>
   </trkpt>
   <trkpt lat="-29.7275700" lon="24.3980000">
    <ele>1120.6</ele>
   </trkpt>
   <trkpt lat="-29.7275440" lon="24.3979650">
    <ele>1120.5</ele>
   </trkpt>
   <trkpt lat="-29.7275210" lon="24.3979300">
    <ele>1120.5</ele>
   </trkpt>
   <trkpt lat="-29.7274950" lon="24.3978970">
    <ele>1120.5</ele>
   </trkpt>
   <trkpt lat="-29.7274700" lon="24.3978640">
    <ele>1120.6</ele>
   </trkpt>
   <trkpt lat="-29.7274440" lon="24.3978280">
    <ele>1120.6</ele>
   </trkpt>
   <trkpt lat="-29.7274170" lon="24.3977910">
    <ele>1120.4</ele>
   </trkpt>
   <trkpt lat="-29.7273900" lon="24.3977540">
    <ele>1120.4</ele>
   </trkpt>
   <trkpt lat="-29.7273680" lon="24.3977220">
    <ele>1120.5</ele>
   </trkpt>
   <trkpt lat="-29.7273420" lon="24.3976910">
    <ele>1120.4</ele>
   </trkpt>
   <trkpt lat="-29.7273180" lon="24.3976620">
    <ele>1120.6</ele>
   </trkpt>
   <trkpt lat="-29.7272970" lon="24.3976330">
    <ele>1120.6</ele>
   </trkpt>
   <trkpt lat="-29.7272720" lon="24.3976030">
    <ele>1120.4</ele>
   </trkpt>
   <trkpt lat="-29.7272480" lon="24.3975720">
    <ele>1120.4</ele>
   </trkpt>
   <trkpt lat="-29.7272290" lon="24.3975390">
    <ele>1120.3</ele>
   </trkpt>
   <trkpt lat="-29.7272080" lon="24.3975090">
    <ele>1120.4</ele>
   </trkpt>
   <trkpt lat="-29.7271860" lon="24.3974810">
    <ele>1120.7</ele>
   </trkpt>
   <trkpt lat="-29.7271670" lon="24.3974560">
    <ele>1120.5</ele>
   </trkpt>
   <trkpt lat="-29.7271500" lon="24.3974300">
    <ele>1121.0</ele>
   </trkpt>
   <trkpt lat="-29.7271290" lon="24.3974070">
    <ele>1120.8</ele>
   </trkpt>
   <trkpt lat="-29.7271100" lon="24.3973840">
    <ele>1121.3</ele>
   </trkpt>
   <trkpt lat="-29.7270890" lon="24.3973590">
    <ele>1121.0</ele>
   </trkpt>
   <trkpt lat="-29.7270710" lon="24.3973320">
    <ele>1121.5</ele>
   </trkpt>
   <trkpt lat="-29.7270520" lon="24.3973040">
    <ele>1121.3</ele>
   </trkpt>
   <trkpt lat="-29.7270320" lon="24.3972760">
    <ele>1121.3</ele>
   </trkpt>
   <trkpt lat="-29.7270130" lon="24.3972490">
    <ele>1121.3</ele>
   </trkpt>
   <trkpt lat="-29.7269930" lon="24.3972230">
    <ele>1121.0</ele>
   </trkpt>
   <trkpt lat="-29.7269720" lon="24.3971960">
    <ele>1120.5</ele>
   </trkpt>
   <trkpt lat="-29.7269530" lon="24.3971700">
    <ele>1120.8</ele>
   </trkpt>
   <trkpt lat="-29.7269340" lon="24.3971410">
    <ele>1120.3</ele>
   </trkpt>
   <trkpt lat="-29.7269150" lon="24.3971140">
    <ele>1120.1</ele>
   </trkpt>
   <trkpt lat="-29.7268960" lon="24.3970860">
    <ele>1120.1</ele>
   </trkpt>
   <trkpt lat="-29.7268760" lon="24.3970540">
    <ele>1119.8</ele>
   </trkpt>
   <trkpt lat="-29.7268550" lon="24.3970250">
    <ele>1119.4</ele>
   </trkpt>
   <trkpt lat="-29.7268370" lon="24.3969920">
    <ele>1119.4</ele>
   </trkpt>
   <trkpt lat="-29.7268170" lon="24.3969600">
    <ele>1119.2</ele>
   </trkpt>
   <trkpt lat="-29.7267960" lon="24.3969280">
    <ele>1118.9</ele>
   </trkpt>
   <trkpt lat="-29.7267820" lon="24.3968940">
    <ele>1118.5</ele>
   </trkpt>
   <trkpt lat="-29.7267660" lon="24.3968590">
    <ele>1118.6</ele>
   </trkpt>
   <trkpt lat="-29.7267510" lon="24.3968240">
    <ele>1118.2</ele>
   </trkpt>
   <trkpt lat="-29.7267320" lon="24.3967890">
    <ele>1117.8</ele>
   </trkpt>
   <trkpt lat="-29.7267170" lon="24.3967540">
    <ele>1117.4</ele>
   </trkpt>
   <trkpt lat="-29.7267000" lon="24.3967200">
    <ele>1117.4</ele>
   </trkpt>
   <trkpt lat="-29.7266860" lon="24.3966860">
    <ele>1117.2</ele>
   </trkpt>
   <trkpt lat="-29.7266720" lon="24.3966500">
    <ele>1117.2</ele>
   </trkpt>
   <trkpt lat="-29.7266600" lon="24.3966160">
    <ele>1117.2</ele>
   </trkpt>
   <trkpt lat="-29.7266430" lon="24.3965920">
    <ele>1117.1</ele>
   </trkpt>
   <trkpt lat="-29.7266310" lon="24.3965740">
    <ele>1117.3</ele>
   </trkpt>
   <trkpt lat="-29.7266060" lon="24.3965230">
    <ele>1117.3</ele>
   </trkpt>
   <trkpt lat="-29.7265880" lon="24.3964910">
    <ele>1117.6</ele>
   </trkpt>
   <trkpt lat="-29.7265660" lon="24.3964570">
    <ele>1117.6</ele>
   </trkpt>
   <trkpt lat="-29.7265500" lon="24.3964290">
    <ele>1118.0</ele>
   </trkpt>
   <trkpt lat="-29.7265280" lon="24.3963900">
    <ele>1118.0</ele>
   </trkpt>
   <trkpt lat="-29.7265120" lon="24.3963670">
    <ele>1118.4</ele>
   </trkpt>
   <trkpt lat="-29.7264770" lon="24.3963250">
    <ele>1119.0</ele>
   </trkpt>
   <trkpt lat="-29.7264370" lon="24.3962820">
    <ele>1119.6</ele>
   </trkpt>
   <trkpt lat="-29.7264060" lon="24.3962580">
    <ele>1119.9</ele>
   </trkpt>
   <trkpt lat="-29.7263730" lon="24.3962330">
    <ele>1119.5</ele>
   </trkpt>
   <trkpt lat="-29.7263440" lon="24.3962080">
    <ele>1119.3</ele>
   </trkpt>
   <trkpt lat="-29.7263100" lon="24.3961830">
    <ele>1119.5</ele>
   </trkpt>
   <trkpt lat="-29.7262780" lon="24.3961600">
    <ele>1119.3</ele>
   </trkpt>
   <trkpt lat="-29.7262470" lon="24.3961360">
    <ele>1119.5</ele>
   </trkpt>
   <trkpt lat="-29.7262160" lon="24.3961120">
    <ele>1119.4</ele>
   </trkpt>
   <trkpt lat="-29.7261880" lon="24.3960870">
    <ele>1119.4</ele>
   </trkpt>
   <trkpt lat="-29.7261590" lon="24.3960630">
    <ele>1119.4</ele>
   </trkpt>
   <trkpt lat="-29.7261270" lon="24.3960390">
    <ele>1119.5</ele>
   </trkpt>
   <trkpt lat="-29.7260970" lon="24.3960160">
    <ele>1119.5</ele>
   </trkpt>
   <trkpt lat="-29.7260670" lon="24.3959940">
    <ele>1119.5</ele>
   </trkpt>
   <trkpt lat="-29.7260360" lon="24.3959710">
    <ele>1119.5</ele>
   </trkpt>
   <trkpt lat="-29.7260060" lon="24.3959460">
    <ele>1119.5</ele>
   </trkpt>
   <trkpt lat="-29.7259770" lon="24.3959220">
    <ele>1119.3</ele>
   </trkpt>
   <trkpt lat="-29.7259470" lon="24.3958960">
    <ele>1119.0</ele>
   </trkpt>
   <trkpt lat="-29.7259160" lon="24.3958720">
    <ele>1118.8</ele>
   </trkpt>
   <trkpt lat="-29.7258850" lon="24.3958480">
    <ele>1118.5</ele>
   </trkpt>
   <trkpt lat="-29.7258560" lon="24.3958250">
    <ele>1118.5</ele>
   </trkpt>
   <trkpt lat="-29.7258300" lon="24.3958020">
    <ele>1118.4</ele>
   </trkpt>
   <trkpt lat="-29.7258010" lon="24.3957810">
    <ele>1118.1</ele>
   </trkpt>
   <trkpt lat="-29.7257710" lon="24.3957590">
    <ele>1118.0</ele>
   </trkpt>
   <trkpt lat="-29.7257440" lon="24.3957350">
    <ele>1117.6</ele>
   </trkpt>
   <trkpt lat="-29.7257170" lon="24.3957130">
    <ele>1117.4</ele>
   </trkpt>
   <trkpt lat="-29.7256880" lon="24.3956930">
    <ele>1117.4</ele>
   </trkpt>
   <trkpt lat="-29.7256610" lon="24.3956680">
    <ele>1117.8</ele>
   </trkpt>
   <trkpt lat="-29.7256340" lon="24.3956450">
    <ele>1117.5</ele>
   </trkpt>
   <trkpt lat="-29.7256050" lon="24.3956220">
    <ele>1117.8</ele>
   </trkpt>
   <trkpt lat="-29.7255800" lon="24.3955960">
    <ele>1117.6</ele>
   </trkpt>
   <trkpt lat="-29.7255550" lon="24.3955680">
    <ele>1117.3</ele>
   </trkpt>
   <trkpt lat="-29.7255310" lon="24.3955400">
    <ele>1117.9</ele>
   </trkpt>
   <trkpt lat="-29.7255110" lon="24.3955070">
    <ele>1118.4</ele>
   </trkpt>
   <trkpt lat="-29.7254960" lon="24.3954720">
    <ele>1118.2</ele>
   </trkpt>
   <trkpt lat="-29.7254900" lon="24.3954300">
    <ele>1117.9</ele>
   </trkpt>
   <trkpt lat="-29.7254760" lon="24.3953870">
    <ele>1118.4</ele>
   </trkpt>
   <trkpt lat="-29.7254700" lon="24.3953450">
    <ele>1118.3</ele>
   </trkpt>
   <trkpt lat="-29.7254640" lon="24.3953010">
    <ele>1118.1</ele>
   </trkpt>
   <trkpt lat="-29.7254580" lon="24.3952580">
    <ele>1117.9</ele>
   </trkpt>
   <trkpt lat="-29.7254520" lon="24.3952130">
    <ele>1117.8</ele>
   </trkpt>
   <trkpt lat="-29.7254490" lon="24.3951730">
    <ele>1117.8</ele>
   </trkpt>
   <trkpt lat="-29.7254440" lon="24.3951310">
    <ele>1117.8</ele>
   </trkpt>
   <trkpt lat="-29.7254410" lon="24.3950900">
    <ele>1117.8</ele>
   </trkpt>
   <trkpt lat="-29.7254340" lon="24.3950510">
    <ele>1118.3</ele>
   </trkpt>
   <trkpt lat="-29.7254290" lon="24.3950040">
    <ele>1118.3</ele>
   </trkpt>
   <trkpt lat="-29.7254190" lon="24.3949610">
    <ele>1118.3</ele>
   </trkpt>
   <trkpt lat="-29.7254110" lon="24.3949190">
    <ele>1118.3</ele>
   </trkpt>
   <trkpt lat="-29.7254020" lon="24.3948780">
    <ele>1118.8</ele>
   </trkpt>
   <trkpt lat="-29.7253960" lon="24.3948350">
    <ele>1118.8</ele>
   </trkpt>
   <trkpt lat="-29.7253880" lon="24.3947920">
    <ele>1118.7</ele>
   </trkpt>
   <trkpt lat="-29.7253800" lon="24.3947470">
    <ele>1118.7</ele>
   </trkpt>
   <trkpt lat="-29.7253750" lon="24.3947040">
    <ele>1118.6</ele>
   </trkpt>
   <trkpt lat="-29.7253670" lon="24.3946630">
    <ele>1118.6</ele>
   </trkpt>
   <trkpt lat="-29.7253610" lon="24.3946200">
    <ele>1118.9</ele>
   </trkpt>
   <trkpt lat="-29.7253530" lon="24.3945760">
    <ele>1118.9</ele>
   </trkpt>
   <trkpt lat="-29.7253420" lon="24.3945310">
    <ele>1118.9</ele>
   </trkpt>
   <trkpt lat="-29.7253360" lon="24.3944890">
    <ele>1118.9</ele>
   </trkpt>
   <trkpt lat="-29.7253290" lon="24.3944460">
    <ele>1118.9</ele>
   </trkpt>
   <trkpt lat="-29.7253200" lon="24.3944030">
    <ele>1119.1</ele>
   </trkpt>
   <trkpt lat="-29.7253090" lon="24.3943620">
    <ele>1119.0</ele>
   </trkpt>
   <trkpt lat="-29.7252980" lon="24.3943190">
    <ele>1118.8</ele>
   </trkpt>
   <trkpt lat="-29.7252840" lon="24.3942760">
    <ele>1118.8</ele>
   </trkpt>
   <trkpt lat="-29.7252690" lon="24.3942370">
    <ele>1118.5</ele>
   </trkpt>
   <trkpt lat="-29.7252530" lon="24.3941960">
    <ele>1118.6</ele>
   </trkpt>
   <trkpt lat="-29.7252400" lon="24.3941570">
    <ele>1118.6</ele>
   </trkpt>
   <trkpt lat="-29.7252230" lon="24.3941180">
    <ele>1118.6</ele>
   </trkpt>
   <trkpt lat="-29.7252070" lon="24.3940770">
    <ele>1118.9</ele>
   </trkpt>
   <trkpt lat="-29.7251920" lon="24.3940390">
    <ele>1118.9</ele>
   </trkpt>
   <trkpt lat="-29.7251780" lon="24.3940000">
    <ele>1119.1</ele>
   </trkpt>
   <trkpt lat="-29.7251640" lon="24.3939600">
    <ele>1119.0</ele>
   </trkpt>
   <trkpt lat="-29.7251460" lon="24.3939200">
    <ele>1118.9</ele>
   </trkpt>
   <trkpt lat="-29.7251290" lon="24.3938820">
    <ele>1119.3</ele>
   </trkpt>
   <trkpt lat="-29.7251150" lon="24.3938410">
    <ele>1119.3</ele>
   </trkpt>
   <trkpt lat="-29.7250970" lon="24.3938040">
    <ele>1119.6</ele>
   </trkpt>
   <trkpt lat="-29.7250820" lon="24.3937670">
    <ele>1119.6</ele>
   </trkpt>
   <trkpt lat="-29.7250690" lon="24.3937260">
    <ele>1119.6</ele>
   </trkpt>
   <trkpt lat="-29.7250510" lon="24.3936870">
    <ele>1119.9</ele>
   </trkpt>
   <trkpt lat="-29.7250340" lon="24.3936490">
    <ele>1119.9</ele>
   </trkpt>
   <trkpt lat="-29.7250170" lon="24.3936090">
    <ele>1120.1</ele>
   </trkpt>
   <trkpt lat="-29.7250010" lon="24.3935700">
    <ele>1120.1</ele>
   </trkpt>
   <trkpt lat="-29.7249850" lon="24.3935300">
    <ele>1120.4</ele>
   </trkpt>
   <trkpt lat="-29.7249700" lon="24.3934910">
    <ele>1120.3</ele>
   </trkpt>
   <trkpt lat="-29.7249560" lon="24.3934520">
    <ele>1120.0</ele>
   </trkpt>
   <trkpt lat="-29.7249430" lon="24.3934110">
    <ele>1120.1</ele>
   </trkpt>
   <trkpt lat="-29.7249290" lon="24.3933700">
    <ele>1119.9</ele>
   </trkpt>
   <trkpt lat="-29.7249190" lon="24.3933270">
    <ele>1119.8</ele>
   </trkpt>
   <trkpt lat="-29.7249100" lon="24.3932840">
    <ele>1120.1</ele>
   </trkpt>
   <trkpt lat="-29.7249020" lon="24.3932390">
    <ele>1120.0</ele>
   </trkpt>
   <trkpt lat="-29.7248950" lon="24.3931950">
    <ele>1119.9</ele>
   </trkpt>
   <trkpt lat="-29.7248900" lon="24.3931490">
    <ele>1119.8</ele>
   </trkpt>
   <trkpt lat="-29.7248880" lon="24.3931060">
    <ele>1119.8</ele>
   </trkpt>
   <trkpt lat="-29.7248910" lon="24.3930590">
    <ele>1119.8</ele>
   </trkpt>
   <trkpt lat="-29.7248950" lon="24.3930160">
    <ele>1119.8</ele>
   </trkpt>
   <trkpt lat="-29.7248970" lon="24.3929720">
    <ele>1119.9</ele>
   </trkpt>
   <trkpt lat="-29.7249020" lon="24.3929300">
    <ele>1120.0</ele>
   </trkpt>
   <trkpt lat="-29.7249120" lon="24.3928870">
    <ele>1120.1</ele>
   </trkpt>
   <trkpt lat="-29.7249260" lon="24.3928470">
    <ele>1119.7</ele>
   </trkpt>
   <trkpt lat="-29.7249430" lon="24.3928070">
    <ele>1119.9</ele>
   </trkpt>
   <trkpt lat="-29.7249620" lon="24.3927680">
    <ele>1119.6</ele>
   </trkpt>
   <trkpt lat="-29.7249850" lon="24.3927330">
    <ele>1119.8</ele>
   </trkpt>
   <trkpt lat="-29.7250100" lon="24.3927040">
    <ele>1119.2</ele>
   </trkpt>
   <trkpt lat="-29.7250330" lon="24.3926680">
    <ele>1118.6</ele>
   </trkpt>
   <trkpt lat="-29.7250590" lon="24.3926350">
    <ele>1118.8</ele>
   </trkpt>
   <trkpt lat="-29.7250830" lon="24.3926020">
    <ele>1118.6</ele>
   </trkpt>
   <trkpt lat="-29.7251070" lon="24.3925700">
    <ele>1117.9</ele>
   </trkpt>
   <trkpt lat="-29.7251300" lon="24.3925370">
    <ele>1118.4</ele>
   </trkpt>
   <trkpt lat="-29.7251490" lon="24.3925010">
    <ele>1118.1</ele>
   </trkpt>
   <trkpt lat="-29.7251690" lon="24.3924680">
    <ele>1118.7</ele>
   </trkpt>
   <trkpt lat="-29.7251910" lon="24.3924350">
    <ele>1118.6</ele>
   </trkpt>
   <trkpt lat="-29.7252100" lon="24.3924000">
    <ele>1118.6</ele>
   </trkpt>
   <trkpt lat="-29.7252320" lon="24.3923650">
    <ele>1118.6</ele>
   </trkpt>
   <trkpt lat="-29.7252520" lon="24.3923270">
    <ele>1119.3</ele>
   </trkpt>
   <trkpt lat="-29.7252730" lon="24.3922910">
    <ele>1119.4</ele>
   </trkpt>
   <trkpt lat="-29.7252940" lon="24.3922550">
    <ele>1119.2</ele>
   </trkpt>
   <trkpt lat="-29.7253150" lon="24.3922180">
    <ele>1120.1</ele>
   </trkpt>
   <trkpt lat="-29.7253370" lon="24.3921820">
    <ele>1119.2</ele>
   </trkpt>
   <trkpt lat="-29.7253600" lon="24.3921470">
    <ele>1120.1</ele>
   </trkpt>
   <trkpt lat="-29.7253870" lon="24.3921130">
    <ele>1120.2</ele>
   </trkpt>
   <trkpt lat="-29.7254140" lon="24.3920810">
    <ele>1120.2</ele>
   </trkpt>
   <trkpt lat="-29.7254370" lon="24.3920520">
    <ele>1120.2</ele>
   </trkpt>
   <trkpt lat="-29.7254650" lon="24.3920240">
    <ele>1120.4</ele>
   </trkpt>
   <trkpt lat="-29.7254960" lon="24.3920020">
    <ele>1120.7</ele>
   </trkpt>
   <trkpt lat="-29.7255280" lon="24.3919800">
    <ele>1120.1</ele>
   </trkpt>
   <trkpt lat="-29.7255590" lon="24.3919580">
    <ele>1120.4</ele>
   </trkpt>
   <trkpt lat="-29.7255940" lon="24.3919380">
    <ele>1120.0</ele>
   </trkpt>
   <trkpt lat="-29.7256300" lon="24.3919190">
    <ele>1120.1</ele>
   </trkpt>
   <trkpt lat="-29.7256660" lon="24.3919000">
    <ele>1119.7</ele>
   </trkpt>
   <trkpt lat="-29.7256990" lon="24.3918800">
    <ele>1120.4</ele>
   </trkpt>
   <trkpt lat="-29.7257330" lon="24.3918600">
    <ele>1120.0</ele>
   </trkpt>
   <trkpt lat="-29.7257600" lon="24.3918470">
    <ele>1119.8</ele>
   </trkpt>
   <trkpt lat="-29.7257780" lon="24.3918370">
    <ele>1119.9</ele>
   </trkpt>
   <trkpt lat="-29.7258080" lon="24.3918210">
    <ele>1119.9</ele>
   </trkpt>
   <trkpt lat="-29.7258230" lon="24.3918130">
    <ele>1119.5</ele>
   </trkpt>
   <trkpt lat="-29.7259020" lon="24.3917630">
    <ele>1118.9</ele>
   </trkpt>
   <trkpt lat="-29.7259360" lon="24.3917430">
    <ele>1118.8</ele>
   </trkpt>
   <trkpt lat="-29.7259690" lon="24.3917210">
    <ele>1118.4</ele>
   </trkpt>
   <trkpt lat="-29.7260010" lon="24.3916950">
    <ele>1118.4</ele>
   </trkpt>
   <trkpt lat="-29.7260310" lon="24.3916660">
    <ele>1118.4</ele>
   </trkpt>
   <trkpt lat="-29.7260590" lon="24.3916280">
    <ele>1118.5</ele>
   </trkpt>
   <trkpt lat="-29.7260820" lon="24.3915880">
    <ele>1118.3</ele>
   </trkpt>
   <trkpt lat="-29.7261020" lon="24.3915450">
    <ele>1118.6</ele>
   </trkpt>
   <trkpt lat="-29.7261200" lon="24.3915040">
    <ele>1118.3</ele>
   </trkpt>
   <trkpt lat="-29.7261360" lon="24.3914630">
    <ele>1118.6</ele>
   </trkpt>
   <trkpt lat="-29.7261530" lon="24.3914210">
    <ele>1118.4</ele>
   </trkpt>
   <trkpt lat="-29.7261680" lon="24.3913790">
    <ele>1118.9</ele>
   </trkpt>
   <trkpt lat="-29.7261850" lon="24.3913410">
    <ele>1119.4</ele>
   </trkpt>
   <trkpt lat="-29.7262020" lon="24.3913020">
    <ele>1119.1</ele>
   </trkpt>
   <trkpt lat="-29.7262200" lon="24.3912630">
    <ele>1119.5</ele>
   </trkpt>
   <trkpt lat="-29.7262370" lon="24.3912220">
    <ele>1118.6</ele>
   </trkpt>
   <trkpt lat="-29.7262540" lon="24.3911810">
    <ele>1118.8</ele>
   </trkpt>
   <trkpt lat="-29.7262720" lon="24.3911410">
    <ele>1118.3</ele>
   </trkpt>
   <trkpt lat="-29.7262890" lon="24.3911000">
    <ele>1118.5</ele>
   </trkpt>
   <trkpt lat="-29.7263010" lon="24.3910680">
    <ele>1118.0</ele>
   </trkpt>
   <trkpt lat="-29.7263190" lon="24.3910330">
    <ele>1118.0</ele>
   </trkpt>
   <trkpt lat="-29.7263400" lon="24.3909910">
    <ele>1117.7</ele>
   </trkpt>
   <trkpt lat="-29.7263600" lon="24.3909540">
    <ele>1117.8</ele>
   </trkpt>
   <trkpt lat="-29.7263870" lon="24.3909140">
    <ele>1117.6</ele>
   </trkpt>
   <trkpt lat="-29.7264090" lon="24.3908800">
    <ele>1117.4</ele>
   </trkpt>
   <trkpt lat="-29.7264300" lon="24.3908440">
    <ele>1117.4</ele>
   </trkpt>
   <trkpt lat="-29.7264550" lon="24.3908040">
    <ele>1117.2</ele>
   </trkpt>
   <trkpt lat="-29.7264750" lon="24.3907650">
    <ele>1117.1</ele>
   </trkpt>
   <trkpt lat="-29.7264960" lon="24.3907270">
    <ele>1116.9</ele>
   </trkpt>
   <trkpt lat="-29.7265160" lon="24.3906920">
    <ele>1116.9</ele>
   </trkpt>
   <trkpt lat="-29.7265340" lon="24.3906530">
    <ele>1116.6</ele>
   </trkpt>
   <trkpt lat="-29.7265520" lon="24.3906120">
    <ele>1116.6</ele>
   </trkpt>
   <trkpt lat="-29.7265650" lon="24.3905730">
    <ele>1116.5</ele>
   </trkpt>
   <trkpt lat="-29.7265760" lon="24.3905280">
    <ele>1117.0</ele>
   </trkpt>
   <trkpt lat="-29.7265810" lon="24.3904820">
    <ele>1117.5</ele>
   </trkpt>
   <trkpt lat="-29.7265810" lon="24.3904350">
    <ele>1118.0</ele>
   </trkpt>
   <trkpt lat="-29.7265730" lon="24.3903970">
    <ele>1118.5</ele>
   </trkpt>
   <trkpt lat="-29.7265590" lon="24.3903560">
    <ele>1119.0</ele>
   </trkpt>
   <trkpt lat="-29.7265410" lon="24.3903150">
    <ele>1119.5</ele>
   </trkpt>
   <trkpt lat="-29.7265140" lon="24.3902790">
    <ele>1120.0</ele>
   </trkpt>
   <trkpt lat="-29.7264840" lon="24.3902450">
    <ele>1120.4</ele>
   </trkpt>
   <trkpt lat="-29.7264520" lon="24.3902130">
    <ele>1120.4</ele>
   </trkpt>
   <trkpt lat="-29.7264170" lon="24.3901840">
    <ele>1121.0</ele>
   </trkpt>
   <trkpt lat="-29.7263850" lon="24.3901560">
    <ele>1121.7</ele>
   </trkpt>
   <trkpt lat="-29.7263540" lon="24.3901320">
    <ele>1122.0</ele>
   </trkpt>
   <trkpt lat="-29.7263210" lon="24.3901020">
    <ele>1122.7</ele>
   </trkpt>
   <trkpt lat="-29.7262880" lon="24.3900760">
    <ele>1123.4</ele>
   </trkpt>
   <trkpt lat="-29.7262570" lon="24.3900510">
    <ele>1123.4</ele>
   </trkpt>
   <trkpt lat="-29.7262240" lon="24.3900260">
    <ele>1123.6</ele>
   </trkpt>
   <trkpt lat="-29.7261940" lon="24.3899980">
    <ele>1123.6</ele>
   </trkpt>
   <trkpt lat="-29.7261610" lon="24.3899670">
    <ele>1123.9</ele>
   </trkpt>
   <trkpt lat="-29.7261270" lon="24.3899420">
    <ele>1124.2</ele>
   </trkpt>
   <trkpt lat="-29.7260940" lon="24.3899150">
    <ele>1124.2</ele>
   </trkpt>
   <trkpt lat="-29.7260620" lon="24.3898840">
    <ele>1124.3</ele>
   </trkpt>
   <trkpt lat="-29.7260330" lon="24.3898560">
    <ele>1124.3</ele>
   </trkpt>
   <trkpt lat="-29.7260020" lon="24.3898260">
    <ele>1124.3</ele>
   </trkpt>
   <trkpt lat="-29.7259700" lon="24.3897980">
    <ele>1124.3</ele>
   </trkpt>
   <trkpt lat="-29.7259400" lon="24.3897690">
    <ele>1124.3</ele>
   </trkpt>
   <trkpt lat="-29.7259090" lon="24.3897390">
    <ele>1124.3</ele>
   </trkpt>
   <trkpt lat="-29.7258790" lon="24.3897100">
    <ele>1124.3</ele>
   </trkpt>
   <trkpt lat="-29.7258450" lon="24.3896820">
    <ele>1123.8</ele>
   </trkpt>
   <trkpt lat="-29.7258110" lon="24.3896560">
    <ele>1123.6</ele>
   </trkpt>
   <trkpt lat="-29.7257750" lon="24.3896290">
    <ele>1122.9</ele>
   </trkpt>
   <trkpt lat="-29.7257420" lon="24.3896030">
    <ele>1122.7</ele>
   </trkpt>
   <trkpt lat="-29.7257080" lon="24.3895770">
    <ele>1122.4</ele>
   </trkpt>
   <trkpt lat="-29.7256700" lon="24.3895570">
    <ele>1121.5</ele>
   </trkpt>
   <trkpt lat="-29.7256320" lon="24.3895400">
    <ele>1120.9</ele>
   </trkpt>
   <trkpt lat="-29.7255930" lon="24.3895180">
    <ele>1119.7</ele>
   </trkpt>
   <trkpt lat="-29.7255570" lon="24.3894980">
    <ele>1119.1</ele>
   </trkpt>
   <trkpt lat="-29.7255160" lon="24.3894800">
    <ele>1118.7</ele>
   </trkpt>
   <trkpt lat="-29.7254770" lon="24.3894640">
    <ele>1117.6</ele>
   </trkpt>
   <trkpt lat="-29.7254360" lon="24.3894560">
    <ele>1117.0</ele>
   </trkpt>
   <trkpt lat="-29.7253950" lon="24.3894520">
    <ele>1116.7</ele>
   </trkpt>
   <trkpt lat="-29.7253530" lon="24.3894500">
    <ele>1116.5</ele>
   </trkpt>
   <trkpt lat="-29.7253110" lon="24.3894530">
    <ele>1116.2</ele>
   </trkpt>
   <trkpt lat="-29.7252710" lon="24.3894570">
    <ele>1116.0</ele>
   </trkpt>
   <trkpt lat="-29.7252280" lon="24.3894640">
    <ele>1116.0</ele>
   </trkpt>
   <trkpt lat="-29.7251870" lon="24.3894710">
    <ele>1116.2</ele>
   </trkpt>
   <trkpt lat="-29.7251430" lon="24.3894810">
    <ele>1116.7</ele>
   </trkpt>
   <trkpt lat="-29.7251010" lon="24.3894870">
    <ele>1116.8</ele>
   </trkpt>
   <trkpt lat="-29.7250620" lon="24.3894950">
    <ele>1116.8</ele>
   </trkpt>
   <trkpt lat="-29.7250200" lon="24.3895020">
    <ele>1116.8</ele>
   </trkpt>
   <trkpt lat="-29.7249760" lon="24.3895080">
    <ele>1116.8</ele>
   </trkpt>
   <trkpt lat="-29.7249330" lon="24.3895150">
    <ele>1116.8</ele>
   </trkpt>
   <trkpt lat="-29.7248910" lon="24.3895220">
    <ele>1117.0</ele>
   </trkpt>
   <trkpt lat="-29.7248500" lon="24.3895330">
    <ele>1117.0</ele>
   </trkpt>
   <trkpt lat="-29.7248070" lon="24.3895470">
    <ele>1116.9</ele>
   </trkpt>
   <trkpt lat="-29.7247650" lon="24.3895680">
    <ele>1117.4</ele>
   </trkpt>
   <trkpt lat="-29.7247270" lon="24.3895900">
    <ele>1117.4</ele>
   </trkpt>
   <trkpt lat="-29.7246920" lon="24.3896190">
    <ele>1118.2</ele>
   </trkpt>
   <trkpt lat="-29.7246580" lon="24.3896570">
    <ele>1119.4</ele>
   </trkpt>
   <trkpt lat="-29.7246280" lon="24.3896940">
    <ele>1119.8</ele>
   </trkpt>
   <trkpt lat="-29.7246030" lon="24.3897310">
    <ele>1119.3</ele>
   </trkpt>
   <trkpt lat="-29.7245800" lon="24.3897680">
    <ele>1119.5</ele>
   </trkpt>
   <trkpt lat="-29.7245520" lon="24.3898060">
    <ele>1120.3</ele>
   </trkpt>
   <trkpt lat="-29.7245270" lon="24.3898450">
    <ele>1120.5</ele>
   </trkpt>
   <trkpt lat="-29.7245050" lon="24.3898850">
    <ele>1120.8</ele>
   </trkpt>
   <trkpt lat="-29.7244800" lon="24.3899250">
    <ele>1121.5</ele>
   </trkpt>
   <trkpt lat="-29.7244520" lon="24.3899660">
    <ele>1121.6</ele>
   </trkpt>
   <trkpt lat="-29.7244250" lon="24.3900040">
    <ele>1121.5</ele>
   </trkpt>
   <trkpt lat="-29.7243960" lon="24.3900420">
    <ele>1121.4</ele>
   </trkpt>
   <trkpt lat="-29.7243650" lon="24.3900760">
    <ele>1121.4</ele>
   </trkpt>
   <trkpt lat="-29.7243290" lon="24.3901050">
    <ele>1121.1</ele>
   </trkpt>
   <trkpt lat="-29.7242880" lon="24.3901260">
    <ele>1120.9</ele>
   </trkpt>
   <trkpt lat="-29.7242460" lon="24.3901370">
    <ele>1119.9</ele>
   </trkpt>
   <trkpt lat="-29.7242030" lon="24.3901410">
    <ele>1119.5</ele>
   </trkpt>
   <trkpt lat="-29.7241640" lon="24.3901320">
    <ele>1119.3</ele>
   </trkpt>
   <trkpt lat="-29.7241220" lon="24.3901180">
    <ele>1118.8</ele>
   </trkpt>
   <trkpt lat="-29.7240810" lon="24.3901050">
    <ele>1118.5</ele>
   </trkpt>
   <trkpt lat="-29.7240370" lon="24.3900880">
    <ele>1118.4</ele>
   </trkpt>
   <trkpt lat="-29.7239940" lon="24.3900720">
    <ele>1117.7</ele>
   </trkpt>
   <trkpt lat="-29.7239510" lon="24.3900570">
    <ele>1117.5</ele>
   </trkpt>
   <trkpt lat="-29.7239070" lon="24.3900410">
    <ele>1117.3</ele>
   </trkpt>
   <trkpt lat="-29.7238630" lon="24.3900240">
    <ele>1116.9</ele>
   </trkpt>
   <trkpt lat="-29.7238420" lon="24.3900120">
    <ele>1116.9</ele>
   </trkpt>
   <trkpt lat="-29.7238230" lon="24.3900040">
    <ele>1117.1</ele>
   </trkpt>
   <trkpt lat="-29.7237930" lon="24.3899880">
    <ele>1116.6</ele>
   </trkpt>
   <trkpt lat="-29.7237100" lon="24.3899560">
    <ele>1116.6</ele>
   </trkpt>
   <trkpt lat="-29.7236580" lon="24.3899370">
    <ele>1115.8</ele>
   </trkpt>
   <trkpt lat="-29.7236150" lon="24.3899230">
    <ele>1115.8</ele>
   </trkpt>
   <trkpt lat="-29.7235670" lon="24.3899170">
    <ele>1115.9</ele>
   </trkpt>
   <trkpt lat="-29.7235210" lon="24.3899190">
    <ele>1116.0</ele>
   </trkpt>
   <trkpt lat="-29.7234760" lon="24.3899290">
    <ele>1116.0</ele>
   </trkpt>
   <trkpt lat="-29.7234340" lon="24.3899450">
    <ele>1116.0</ele>
   </trkpt>
   <trkpt lat="-29.7233960" lon="24.3899670">
    <ele>1117.0</ele>
   </trkpt>
   <trkpt lat="-29.7233600" lon="24.3899980">
    <ele>1118.0</ele>
   </trkpt>
   <trkpt lat="-29.7233320" lon="24.3900350">
    <ele>1119.0</ele>
   </trkpt>
   <trkpt lat="-29.7233070" lon="24.3900730">
    <ele>1118.7</ele>
   </trkpt>
   <trkpt lat="-29.7232820" lon="24.3901120">
    <ele>1119.5</ele>
   </trkpt>
   <trkpt lat="-29.7232570" lon="24.3901520">
    <ele>1119.8</ele>
   </trkpt>
   <trkpt lat="-29.7232310" lon="24.3901890">
    <ele>1120.0</ele>
   </trkpt>
   <trkpt lat="-29.7232120" lon="24.3902200">
    <ele>1120.8</ele>
   </trkpt>
   <trkpt lat="-29.7232040" lon="24.3902320">
    <ele>1120.8</ele>
   </trkpt>
   <trkpt lat="-29.7231620" lon="24.3902960">
    <ele>1120.2</ele>
   </trkpt>
   <trkpt lat="-29.7231300" lon="24.3903420">
    <ele>1120.5</ele>
   </trkpt>
   <trkpt lat="-29.7231120" lon="24.3903710">
    <ele>1119.7</ele>
   </trkpt>
   <trkpt lat="-29.7230940" lon="24.3903970">
    <ele>1120.0</ele>
   </trkpt>
   <trkpt lat="-29.7230560" lon="24.3904550">
    <ele>1119.3</ele>
   </trkpt>
   <trkpt lat="-29.7230320" lon="24.3904920">
    <ele>1118.6</ele>
   </trkpt>
   <trkpt lat="-29.7230050" lon="24.3905270">
    <ele>1117.9</ele>
   </trkpt>
   <trkpt lat="-29.7229790" lon="24.3905630">
    <ele>1117.4</ele>
   </trkpt>
   <trkpt lat="-29.7229520" lon="24.3905970">
    <ele>1117.8</ele>
   </trkpt>
   <trkpt lat="-29.7229240" lon="24.3906300">
    <ele>1117.3</ele>
   </trkpt>
   <trkpt lat="-29.7228940" lon="24.3906620">
    <ele>1117.0</ele>
   </trkpt>
   <trkpt lat="-29.7228630" lon="24.3906920">
    <ele>1116.8</ele>
   </trkpt>
   <trkpt lat="-29.7228310" lon="24.3907220">
    <ele>1117.0</ele>
   </trkpt>
   <trkpt lat="-29.7227980" lon="24.3907520">
    <ele>1116.8</ele>
   </trkpt>
   <trkpt lat="-29.7227650" lon="24.3907760">
    <ele>1117.1</ele>
   </trkpt>
   <trkpt lat="-29.7227280" lon="24.3907970">
    <ele>1116.7</ele>
   </trkpt>
   <trkpt lat="-29.7226890" lon="24.3908120">
    <ele>1117.1</ele>
   </trkpt>
   <trkpt lat="-29.7226480" lon="24.3908210">
    <ele>1117.1</ele>
   </trkpt>
   <trkpt lat="-29.7226050" lon="24.3908240">
    <ele>1117.1</ele>
   </trkpt>
   <trkpt lat="-29.7225640" lon="24.3908190">
    <ele>1117.2</ele>
   </trkpt>
   <trkpt lat="-29.7225270" lon="24.3908130">
    <ele>1117.3</ele>
   </trkpt>
   <trkpt lat="-29.7224880" lon="24.3908020">
    <ele>1117.1</ele>
   </trkpt>
   <trkpt lat="-29.7224510" lon="24.3907880">
    <ele>1117.3</ele>
   </trkpt>
   <trkpt lat="-29.7224160" lon="24.3907730">
    <ele>1117.4</ele>
   </trkpt>
   <trkpt lat="-29.7223830" lon="24.3907550">
    <ele>1117.2</ele>
   </trkpt>
   <trkpt lat="-29.7223530" lon="24.3907280">
    <ele>1117.2</ele>
   </trkpt>
   <trkpt lat="-29.7223250" lon="24.3906980">
    <ele>1117.1</ele>
   </trkpt>
   <trkpt lat="-29.7222970" lon="24.3906660">
    <ele>1117.1</ele>
   </trkpt>
   <trkpt lat="-29.7222680" lon="24.3906330">
    <ele>1117.3</ele>
   </trkpt>
   <trkpt lat="-29.7222400" lon="24.3905980">
    <ele>1117.3</ele>
   </trkpt>
   <trkpt lat="-29.7222150" lon="24.3905630">
    <ele>1117.5</ele>
   </trkpt>
   <trkpt lat="-29.7221870" lon="24.3905280">
    <ele>1117.5</ele>
   </trkpt>
   <trkpt lat="-29.7221610" lon="24.3904930">
    <ele>1117.3</ele>
   </trkpt>
   <trkpt lat="-29.7221330" lon="24.3904600">
    <ele>1117.3</ele>
   </trkpt>
   <trkpt lat="-29.7221070" lon="24.3904250">
    <ele>1117.5</ele>
   </trkpt>
   <trkpt lat="-29.7220820" lon="24.3903900">
    <ele>1117.6</ele>
   </trkpt>
   <trkpt lat="-29.7220560" lon="24.3903540">
    <ele>1117.6</ele>
   </trkpt>
   <trkpt lat="-29.7220290" lon="24.3903200">
    <ele>1117.8</ele>
   </trkpt>
   <trkpt lat="-29.7220020" lon="24.3902840">
    <ele>1118.1</ele>
   </trkpt>
   <trkpt lat="-29.7219760" lon="24.3902480">
    <ele>1118.1</ele>
   </trkpt>
   <trkpt lat="-29.7219520" lon="24.3902120">
    <ele>1118.3</ele>
   </trkpt>
   <trkpt lat="-29.7219270" lon="24.3901780">
    <ele>1118.6</ele>
   </trkpt>
   <trkpt lat="-29.7219010" lon="24.3901440">
    <ele>1118.6</ele>
   </trkpt>
   <trkpt lat="-29.7218740" lon="24.3901090">
    <ele>1118.8</ele>
   </trkpt>
   <trkpt lat="-29.7218470" lon="24.3900750">
    <ele>1119.0</ele>
   </trkpt>
   <trkpt lat="-29.7218200" lon="24.3900390">
    <ele>1119.1</ele>
   </trkpt>
   <trkpt lat="-29.7217920" lon="24.3900060">
    <ele>1118.9</ele>
   </trkpt>
   <trkpt lat="-29.7217640" lon="24.3899720">
    <ele>1118.8</ele>
   </trkpt>
   <trkpt lat="-29.7217360" lon="24.3899410">
    <ele>1118.9</ele>
   </trkpt>
   <trkpt lat="-29.7217090" lon="24.3899100">
    <ele>1119.1</ele>
   </trkpt>
   <trkpt lat="-29.7216800" lon="24.3898800">
    <ele>1119.0</ele>
   </trkpt>
   <trkpt lat="-29.7216500" lon="24.3898550">
    <ele>1119.0</ele>
   </trkpt>
   <trkpt lat="-29.7216210" lon="24.3898280">
    <ele>1119.3</ele>
   </trkpt>
   <trkpt lat="-29.7215900" lon="24.3898040">
    <ele>1119.3</ele>
   </trkpt>
   <trkpt lat="-29.7215590" lon="24.3897790">
    <ele>1119.5</ele>
   </trkpt>
   <trkpt lat="-29.7215270" lon="24.3897560">
    <ele>1119.3</ele>
   </trkpt>
   <trkpt lat="-29.7214970" lon="24.3897310">
    <ele>1119.3</ele>
   </trkpt>
   <trkpt lat="-29.7214650" lon="24.3897060">
    <ele>1119.5</ele>
   </trkpt>
   <trkpt lat="-29.7214330" lon="24.3896830">
    <ele>1119.5</ele>
   </trkpt>
   <trkpt lat="-29.7214000" lon="24.3896580">
    <ele>1119.8</ele>
   </trkpt>
   <trkpt lat="-29.7213690" lon="24.3896330">
    <ele>1119.5</ele>
   </trkpt>
   <trkpt lat="-29.7213370" lon="24.3896100">
    <ele>1119.6</ele>
   </trkpt>
   <trkpt lat="-29.7213050" lon="24.3895850">
    <ele>1119.2</ele>
   </trkpt>
   <trkpt lat="-29.7212710" lon="24.3895620">
    <ele>1119.0</ele>
   </trkpt>
   <trkpt lat="-29.7212390" lon="24.3895400">
    <ele>1119.0</ele>
   </trkpt>
   <trkpt lat="-29.7212100" lon="24.3895160">
    <ele>1118.7</ele>
   </trkpt>
   <trkpt lat="-29.7211830" lon="24.3894900">
    <ele>1118.7</ele>
   </trkpt>
   <trkpt lat="-29.7211530" lon="24.3894690">
    <ele>1118.5</ele>
   </trkpt>
   <trkpt lat="-29.7211260" lon="24.3894470">
    <ele>1118.5</ele>
   </trkpt>
   <trkpt lat="-29.7210990" lon="24.3894260">
    <ele>1118.2</ele>
   </trkpt>
   <trkpt lat="-29.7210700" lon="24.3894030">
    <ele>1118.2</ele>
   </trkpt>
   <trkpt lat="-29.7210420" lon="24.3893790">
    <ele>1118.2</ele>
   </trkpt>
   <trkpt lat="-29.7210120" lon="24.3893570">
    <ele>1118.2</ele>
   </trkpt>
   <trkpt lat="-29.7209820" lon="24.3893360">
    <ele>1118.2</ele>
   </trkpt>
   <trkpt lat="-29.7209530" lon="24.3893130">
    <ele>1118.2</ele>
   </trkpt>
   <trkpt lat="-29.7209230" lon="24.3892910">
    <ele>1118.2</ele>
   </trkpt>
   <trkpt lat="-29.7208900" lon="24.3892680">
    <ele>1118.3</ele>
   </trkpt>
   <trkpt lat="-29.7208590" lon="24.3892440">
    <ele>1118.2</ele>
   </trkpt>
   <trkpt lat="-29.7208310" lon="24.3892180">
    <ele>1118.0</ele>
   </trkpt>
   <trkpt lat="-29.7208020" lon="24.3891900">
    <ele>1118.0</ele>
   </trkpt>
   <trkpt lat="-29.7207750" lon="24.3891590">
    <ele>1117.6</ele>
   </trkpt>
   <trkpt lat="-29.7207470" lon="24.3891290">
    <ele>1117.4</ele>
   </trkpt>
   <trkpt lat="-29.7207160" lon="24.3891040">
    <ele>1117.4</ele>
   </trkpt>
   <trkpt lat="-29.7206890" lon="24.3890740">
    <ele>1117.2</ele>
   </trkpt>
   <trkpt lat="-29.7206630" lon="24.3890430">
    <ele>1117.0</ele>
   </trkpt>
   <trkpt lat="-29.7206390" lon="24.3890100">
    <ele>1117.0</ele>
   </trkpt>
   <trkpt lat="-29.7206160" lon="24.3889750">
    <ele>1116.6</ele>
   </trkpt>
   <trkpt lat="-29.7205920" lon="24.3889420">
    <ele>1116.3</ele>
   </trkpt>
   <trkpt lat="-29.7205680" lon="24.3889100">
    <ele>1116.2</ele>
   </trkpt>
   <trkpt lat="-29.7205430" lon="24.3888760">
    <ele>1116.2</ele>
   </trkpt>
   <trkpt lat="-29.7205190" lon="24.3888410">
    <ele>1116.1</ele>
   </trkpt>
   <trkpt lat="-29.7204960" lon="24.3888060">
    <ele>1116.1</ele>
   </trkpt>
   <trkpt lat="-29.7204710" lon="24.3887720">
    <ele>1116.1</ele>
   </trkpt>
   <trkpt lat="-29.7204440" lon="24.3887370">
    <ele>1116.1</ele>
   </trkpt>
   <trkpt lat="-29.7204190" lon="24.3887000">
    <ele>1116.1</ele>
   </trkpt>
   <trkpt lat="-29.7203960" lon="24.3886630">
    <ele>1116.1</ele>
   </trkpt>
   <trkpt lat="-29.7203680" lon="24.3886280">
    <ele>1116.1</ele>
   </trkpt>
   <trkpt lat="-29.7203420" lon="24.3885920">
    <ele>1116.1</ele>
   </trkpt>
   <trkpt lat="-29.7203180" lon="24.3885540">
    <ele>1116.2</ele>
   </trkpt>
   <trkpt lat="-29.7202960" lon="24.3885160">
    <ele>1116.5</ele>
   </trkpt>
   <trkpt lat="-29.7202700" lon="24.3884790">
    <ele>1116.5</ele>
   </trkpt>
   <trkpt lat="-29.7202450" lon="24.3884430">
    <ele>1116.7</ele>
   </trkpt>
   <trkpt lat="-29.7202210" lon="24.3884060">
    <ele>1117.0</ele>
   </trkpt>
   <trkpt lat="-29.7201980" lon="24.3883700">
    <ele>1117.0</ele>
   </trkpt>
   <trkpt lat="-29.7201720" lon="24.3883330">
    <ele>1117.3</ele>
   </trkpt>
   <trkpt lat="-29.7201450" lon="24.3882960">
    <ele>1117.7</ele>
   </trkpt>
   <trkpt lat="-29.7201200" lon="24.3882580">
    <ele>1117.6</ele>
   </trkpt>
   <trkpt lat="-29.7200950" lon="24.3882200">
    <ele>1117.8</ele>
   </trkpt>
   <trkpt lat="-29.7200700" lon="24.3881810">
    <ele>1117.8</ele>
   </trkpt>
   <trkpt lat="-29.7200460" lon="24.3881440">
    <ele>1117.6</ele>
   </trkpt>
   <trkpt lat="-29.7200210" lon="24.3881080">
    <ele>1117.8</ele>
   </trkpt>
   <trkpt lat="-29.7199970" lon="24.3880740">
    <ele>1117.6</ele>
   </trkpt>
   <trkpt lat="-29.7199730" lon="24.3880350">
    <ele>1117.2</ele>
   </trkpt>
   <trkpt lat="-29.7199490" lon="24.3879990">
    <ele>1117.1</ele>
   </trkpt>
   <trkpt lat="-29.7199260" lon="24.3879610">
    <ele>1117.0</ele>
   </trkpt>
   <trkpt lat="-29.7199020" lon="24.3879240">
    <ele>1117.0</ele>
   </trkpt>
   <trkpt lat="-29.7198780" lon="24.3878870">
    <ele>1117.2</ele>
   </trkpt>
   <trkpt lat="-29.7198570" lon="24.3878510">
    <ele>1117.2</ele>
   </trkpt>
   <trkpt lat="-29.7198330" lon="24.3878140">
    <ele>1117.3</ele>
   </trkpt>
   <trkpt lat="-29.7198120" lon="24.3877790">
    <ele>1117.3</ele>
   </trkpt>
   <trkpt lat="-29.7197860" lon="24.3877410">
    <ele>1117.0</ele>
   </trkpt>
   <trkpt lat="-29.7197610" lon="24.3877040">
    <ele>1117.0</ele>
   </trkpt>
   <trkpt lat="-29.7197360" lon="24.3876670">
    <ele>1117.4</ele>
   </trkpt>
   <trkpt lat="-29.7197130" lon="24.3876290">
    <ele>1117.4</ele>
   </trkpt>
   <trkpt lat="-29.7196890" lon="24.3875910">
    <ele>1118.0</ele>
   </trkpt>
   <trkpt lat="-29.7196630" lon="24.3875560">
    <ele>1117.9</ele>
   </trkpt>
   <trkpt lat="-29.7196370" lon="24.3875230">
    <ele>1118.4</ele>
   </trkpt>
   <trkpt lat="-29.7196120" lon="24.3874860">
    <ele>1118.8</ele>
   </trkpt>
   <trkpt lat="-29.7195900" lon="24.3874500">
    <ele>1118.7</ele>
   </trkpt>
   <trkpt lat="-29.7195700" lon="24.3874190">
    <ele>1119.4</ele>
   </trkpt>
   <trkpt lat="-29.7195550" lon="24.3873960">
    <ele>1119.3</ele>
   </trkpt>
   <trkpt lat="-29.7195410" lon="24.3873690">
    <ele>1119.8</ele>
   </trkpt>
   <trkpt lat="-29.7195320" lon="24.3873530">
    <ele>1119.8</ele>
   </trkpt>
   <trkpt lat="-29.7194670" lon="24.3872660">
    <ele>1120.4</ele>
   </trkpt>
   <trkpt lat="-29.7194420" lon="24.3872280">
    <ele>1120.1</ele>
   </trkpt>
   <trkpt lat="-29.7194160" lon="24.3871910">
    <ele>1120.3</ele>
   </trkpt>
   <trkpt lat="-29.7193910" lon="24.3871540">
    <ele>1120.2</ele>
   </trkpt>
   <trkpt lat="-29.7193690" lon="24.3871180">
    <ele>1120.2</ele>
   </trkpt>
   <trkpt lat="-29.7193430" lon="24.3870800">
    <ele>1120.1</ele>
   </trkpt>
   <trkpt lat="-29.7193180" lon="24.3870430">
    <ele>1120.2</ele>
   </trkpt>
   <trkpt lat="-29.7192930" lon="24.3870060">
    <ele>1119.9</ele>
   </trkpt>
   <trkpt lat="-29.7192680" lon="24.3869700">
    <ele>1119.9</ele>
   </trkpt>
   <trkpt lat="-29.7192430" lon="24.3869320">
    <ele>1119.6</ele>
   </trkpt>
   <trkpt lat="-29.7192190" lon="24.3868940">
    <ele>1119.1</ele>
   </trkpt>
   <trkpt lat="-29.7191930" lon="24.3868570">
    <ele>1118.9</ele>
   </trkpt>
   <trkpt lat="-29.7191700" lon="24.3868200">
    <ele>1119.1</ele>
   </trkpt>
   <trkpt lat="-29.7191420" lon="24.3867800">
    <ele>1118.8</ele>
   </trkpt>
   <trkpt lat="-29.7191180" lon="24.3867410">
    <ele>1118.7</ele>
   </trkpt>
   <trkpt lat="-29.7190950" lon="24.3867060">
    <ele>1118.5</ele>
   </trkpt>
   <trkpt lat="-29.7190710" lon="24.3866680">
    <ele>1118.2</ele>
   </trkpt>
   <trkpt lat="-29.7190520" lon="24.3866330">
    <ele>1117.9</ele>
   </trkpt>
   <trkpt lat="-29.7190330" lon="24.3865960">
    <ele>1117.7</ele>
   </trkpt>
   <trkpt lat="-29.7190150" lon="24.3865720">
    <ele>1117.7</ele>
   </trkpt>
   <trkpt lat="-29.7190080" lon="24.3865610">
    <ele>1117.7</ele>
   </trkpt>
   <trkpt lat="-29.7189850" lon="24.3865250">
    <ele>1117.5</ele>
   </trkpt>
   <trkpt lat="-29.7189610" lon="24.3864920">
    <ele>1117.3</ele>
   </trkpt>
   <trkpt lat="-29.7189330" lon="24.3864550">
    <ele>1117.3</ele>
   </trkpt>
   <trkpt lat="-29.7189030" lon="24.3864190">
    <ele>1117.3</ele>
   </trkpt>
   <trkpt lat="-29.7188790" lon="24.3863850">
    <ele>1117.3</ele>
   </trkpt>
   <trkpt lat="-29.7188520" lon="24.3863480">
    <ele>1117.3</ele>
   </trkpt>
   <trkpt lat="-29.7188280" lon="24.3863150">
    <ele>1117.3</ele>
   </trkpt>
   <trkpt lat="-29.7188020" lon="24.3862810">
    <ele>1117.3</ele>
   </trkpt>
   <trkpt lat="-29.7187790" lon="24.3862480">
    <ele>1117.0</ele>
   </trkpt>
   <trkpt lat="-29.7187580" lon="24.3862160">
    <ele>1117.3</ele>
   </trkpt>
   <trkpt lat="-29.7187390" lon="24.3861800">
    <ele>1117.0</ele>
   </trkpt>
   <trkpt lat="-29.7187180" lon="24.3861420">
    <ele>1117.0</ele>
   </trkpt>
   <trkpt lat="-29.7187030" lon="24.3861030">
    <ele>1116.8</ele>
   </trkpt>
   <trkpt lat="-29.7186950" lon="24.3860730">
    <ele>1116.5</ele>
   </trkpt>
   <trkpt lat="-29.7186930" lon="24.3860600">
    <ele>1116.8</ele>
   </trkpt>
   <trkpt lat="-29.7186820" lon="24.3860090">
    <ele>1116.6</ele>
   </trkpt>
   <trkpt lat="-29.7186790" lon="24.3859750">
    <ele>1116.3</ele>
   </trkpt>
   <trkpt lat="-29.7186710" lon="24.3859310">
    <ele>1116.2</ele>
   </trkpt>
   <trkpt lat="-29.7186730" lon="24.3858930">
    <ele>1116.2</ele>
   </trkpt>
   <trkpt lat="-29.7186690" lon="24.3858290">
    <ele>1116.2</ele>
   </trkpt>
   <trkpt lat="-29.7186630" lon="24.3857710">
    <ele>1116.2</ele>
   </trkpt>
   <trkpt lat="-29.7186630" lon="24.3857140">
    <ele>1116.2</ele>
   </trkpt>
   <trkpt lat="-29.7186620" lon="24.3856610">
    <ele>1116.2</ele>
   </trkpt>
   <trkpt lat="-29.7186610" lon="24.3856070">
    <ele>1116.4</ele>
   </trkpt>
   <trkpt lat="-29.7186600" lon="24.3855770">
    <ele>1116.4</ele>
   </trkpt>
   <trkpt lat="-29.7186620" lon="24.3855490">
    <ele>1116.6</ele>
   </trkpt>
   <trkpt lat="-29.7186630" lon="24.3855290">
    <ele>1116.6</ele>
   </trkpt>
   <trkpt lat="-29.7186630" lon="24.3854890">
    <ele>1116.8</ele>
   </trkpt>
   <trkpt lat="-29.7186620" lon="24.3854280">
    <ele>1117.1</ele>
   </trkpt>
   <trkpt lat="-29.7186600" lon="24.3853620">
    <ele>1117.2</ele>
   </trkpt>
   <trkpt lat="-29.7186580" lon="24.3852990">
    <ele>1117.2</ele>
   </trkpt>
   <trkpt lat="-29.7186550" lon="24.3852400">
    <ele>1117.7</ele>
   </trkpt>
   <trkpt lat="-29.7186520" lon="24.3851810">
    <ele>1117.7</ele>
   </trkpt>
   <trkpt lat="-29.7186510" lon="24.3851290">
    <ele>1117.7</ele>
   </trkpt>
   <trkpt lat="-29.7186450" lon="24.3850760">
    <ele>1117.7</ele>
   </trkpt>
   <trkpt lat="-29.7186330" lon="24.3850250">
    <ele>1117.6</ele>
   </trkpt>
   <trkpt lat="-29.7186200" lon="24.3849770">
    <ele>1117.5</ele>
   </trkpt>
   <trkpt lat="-29.7186110" lon="24.3849220">
    <ele>1117.4</ele>
   </trkpt>
   <trkpt lat="-29.7185890" lon="24.3848800">
    <ele>1117.1</ele>
   </trkpt>
   <trkpt lat="-29.7185680" lon="24.3848370">
    <ele>1117.1</ele>
   </trkpt>
   <trkpt lat="-29.7185450" lon="24.3847970">
    <ele>1116.8</ele>
   </trkpt>
   <trkpt lat="-29.7185240" lon="24.3847590">
    <ele>1117.3</ele>
   </trkpt>
   <trkpt lat="-29.7185040" lon="24.3847180">
    <ele>1117.7</ele>
   </trkpt>
   <trkpt lat="-29.7184860" lon="24.3846770">
    <ele>1117.7</ele>
   </trkpt>
   <trkpt lat="-29.7184700" lon="24.3846360">
    <ele>1118.2</ele>
   </trkpt>
   <trkpt lat="-29.7184550" lon="24.3845930">
    <ele>1118.2</ele>
   </trkpt>
   <trkpt lat="-29.7184470" lon="24.3845500">
    <ele>1118.2</ele>
   </trkpt>
   <trkpt lat="-29.7184440" lon="24.3845060">
    <ele>1118.2</ele>
   </trkpt>
   <trkpt lat="-29.7184440" lon="24.3844610">
    <ele>1118.2</ele>
   </trkpt>
   <trkpt lat="-29.7184490" lon="24.3844150">
    <ele>1118.2</ele>
   </trkpt>
   <trkpt lat="-29.7184570" lon="24.3843680">
    <ele>1118.2</ele>
   </trkpt>
   <trkpt lat="-29.7184740" lon="24.3843300">
    <ele>1117.7</ele>
   </trkpt>
   <trkpt lat="-29.7184830" lon="24.3842840">
    <ele>1117.7</ele>
   </trkpt>
   <trkpt lat="-29.7184930" lon="24.3842400">
    <ele>1117.8</ele>
   </trkpt>
   <trkpt lat="-29.7185010" lon="24.3841950">
    <ele>1117.9</ele>
   </trkpt>
   <trkpt lat="-29.7185100" lon="24.3841480">
    <ele>1117.8</ele>
   </trkpt>
   <trkpt lat="-29.7185210" lon="24.3840980">
    <ele>1118.0</ele>
   </trkpt>
   <trkpt lat="-29.7185290" lon="24.3840500">
    <ele>1118.2</ele>
   </trkpt>
   <trkpt lat="-29.7185400" lon="24.3840050">
    <ele>1118.5</ele>
   </trkpt>
   <trkpt lat="-29.7185580" lon="24.3839600">
    <ele>1118.4</ele>
   </trkpt>
   <trkpt lat="-29.7185810" lon="24.3839220">
    <ele>1118.7</ele>
   </trkpt>
   <trkpt lat="-29.7186090" lon="24.3838870">
    <ele>1118.8</ele>
   </trkpt>
   <trkpt lat="-29.7186400" lon="24.3838530">
    <ele>1119.1</ele>
   </trkpt>
   <trkpt lat="-29.7186710" lon="24.3838250">
    <ele>1118.8</ele>
   </trkpt>
   <trkpt lat="-29.7187040" lon="24.3837970">
    <ele>1118.9</ele>
   </trkpt>
   <trkpt lat="-29.7187350" lon="24.3837670">
    <ele>1118.9</ele>
   </trkpt>
   <trkpt lat="-29.7187670" lon="24.3837360">
    <ele>1118.9</ele>
   </trkpt>
   <trkpt lat="-29.7187990" lon="24.3837080">
    <ele>1118.9</ele>
   </trkpt>
   <trkpt lat="-29.7188300" lon="24.3836780">
    <ele>1118.9</ele>
   </trkpt>
   <trkpt lat="-29.7188620" lon="24.3836470">
    <ele>1118.4</ele>
   </trkpt>
   <trkpt lat="-29.7188940" lon="24.3836170">
    <ele>1118.4</ele>
   </trkpt>
   <trkpt lat="-29.7189260" lon="24.3835870">
    <ele>1118.4</ele>
   </trkpt>
   <trkpt lat="-29.7189570" lon="24.3835530">
    <ele>1118.4</ele>
   </trkpt>
   <trkpt lat="-29.7189870" lon="24.3835220">
    <ele>1118.4</ele>
   </trkpt>
   <trkpt lat="-29.7190160" lon="24.3834860">
    <ele>1118.4</ele>
   </trkpt>
   <trkpt lat="-29.7190450" lon="24.3834510">
    <ele>1118.2</ele>
   </trkpt>
   <trkpt lat="-29.7190720" lon="24.3834140">
    <ele>1117.8</ele>
   </trkpt>
   <trkpt lat="-29.7190970" lon="24.3833740">
    <ele>1118.1</ele>
   </trkpt>
   <trkpt lat="-29.7191220" lon="24.3833350">
    <ele>1117.6</ele>
   </trkpt>
   <trkpt lat="-29.7191430" lon="24.3832940">
    <ele>1117.3</ele>
   </trkpt>
   <trkpt lat="-29.7191640" lon="24.3832500">
    <ele>1117.5</ele>
   </trkpt>
   <trkpt lat="-29.7191860" lon="24.3832070">
    <ele>1117.2</ele>
   </trkpt>
   <trkpt lat="-29.7192100" lon="24.3831650">
    <ele>1117.3</ele>
   </trkpt>
   <trkpt lat="-29.7192320" lon="24.3831230">
    <ele>1117.1</ele>
   </trkpt>
   <trkpt lat="-29.7192540" lon="24.3830780">
    <ele>1117.0</ele>
   </trkpt>
   <trkpt lat="-29.7192780" lon="24.3830360">
    <ele>1117.1</ele>
   </trkpt>
   <trkpt lat="-29.7193010" lon="24.3829940">
    <ele>1116.7</ele>
   </trkpt>
   <trkpt lat="-29.7193240" lon="24.3829490">
    <ele>1116.8</ele>
   </trkpt>
   <trkpt lat="-29.7193460" lon="24.3829060">
    <ele>1116.5</ele>
   </trkpt>
   <trkpt lat="-29.7193680" lon="24.3828640">
    <ele>1116.4</ele>
   </trkpt>
   <trkpt lat="-29.7193910" lon="24.3828190">
    <ele>1116.5</ele>
   </trkpt>
   <trkpt lat="-29.7194100" lon="24.3827780">
    <ele>1116.1</ele>
   </trkpt>
   <trkpt lat="-29.7194270" lon="24.3827320">
    <ele>1116.2</ele>
   </trkpt>
   <trkpt lat="-29.7194380" lon="24.3826850">
    <ele>1116.2</ele>
   </trkpt>
   <trkpt lat="-29.7194440" lon="24.3826350">
    <ele>1115.7</ele>
   </trkpt>
   <trkpt lat="-29.7194410" lon="24.3825840">
    <ele>1115.7</ele>
   </trkpt>
   <trkpt lat="-29.7194310" lon="24.3825300">
    <ele>1116.1</ele>
   </trkpt>
   <trkpt lat="-29.7194160" lon="24.3824800">
    <ele>1115.8</ele>
   </trkpt>
   <trkpt lat="-29.7193940" lon="24.3824350">
    <ele>1115.9</ele>
   </trkpt>
   <trkpt lat="-29.7193660" lon="24.3823900">
    <ele>1115.8</ele>
   </trkpt>
   <trkpt lat="-29.7193380" lon="24.3823480">
    <ele>1116.0</ele>
   </trkpt>
   <trkpt lat="-29.7193080" lon="24.3823040">
    <ele>1116.0</ele>
   </trkpt>
   <trkpt lat="-29.7192760" lon="24.3822620">
    <ele>1116.0</ele>
   </trkpt>
   <trkpt lat="-29.7192440" lon="24.3822210">
    <ele>1116.0</ele>
   </trkpt>
   <trkpt lat="-29.7192110" lon="24.3821810">
    <ele>1116.0</ele>
   </trkpt>
   <trkpt lat="-29.7191730" lon="24.3821440">
    <ele>1116.5</ele>
   </trkpt>
   <trkpt lat="-29.7191330" lon="24.3821110">
    <ele>1116.5</ele>
   </trkpt>
   <trkpt lat="-29.7190940" lon="24.3820790">
    <ele>1116.5</ele>
   </trkpt>
   <trkpt lat="-29.7190520" lon="24.3820500">
    <ele>1116.5</ele>
   </trkpt>
   <trkpt lat="-29.7190110" lon="24.3820180">
    <ele>1117.0</ele>
   </trkpt>
   <trkpt lat="-29.7189700" lon="24.3819830">
    <ele>1117.0</ele>
   </trkpt>
   <trkpt lat="-29.7189310" lon="24.3819420">
    <ele>1117.1</ele>
   </trkpt>
   <trkpt lat="-29.7189000" lon="24.3818930">
    <ele>1117.3</ele>
   </trkpt>
   <trkpt lat="-29.7188790" lon="24.3818390">
    <ele>1117.7</ele>
   </trkpt>
   <trkpt lat="-29.7188670" lon="24.3817840">
    <ele>1117.6</ele>
   </trkpt>
   <trkpt lat="-29.7188600" lon="24.3817250">
    <ele>1117.5</ele>
   </trkpt>
   <trkpt lat="-29.7188590" lon="24.3816690">
    <ele>1117.5</ele>
   </trkpt>
   <trkpt lat="-29.7188640" lon="24.3816120">
    <ele>1117.5</ele>
   </trkpt>
   <trkpt lat="-29.7188700" lon="24.3815560">
    <ele>1117.5</ele>
   </trkpt>
   <trkpt lat="-29.7188800" lon="24.3815020">
    <ele>1117.5</ele>
   </trkpt>
   <trkpt lat="-29.7188910" lon="24.3814470">
    <ele>1116.7</ele>
   </trkpt>
   <trkpt lat="-29.7189030" lon="24.3813940">
    <ele>1116.7</ele>
   </trkpt>
   <trkpt lat="-29.7189140" lon="24.3813420">
    <ele>1116.7</ele>
   </trkpt>
   <trkpt lat="-29.7189250" lon="24.3812870">
    <ele>1116.0</ele>
   </trkpt>
   <trkpt lat="-29.7189320" lon="24.3812300">
    <ele>1116.0</ele>
   </trkpt>
   <trkpt lat="-29.7189400" lon="24.3811740">
    <ele>1116.0</ele>
   </trkpt>
   <trkpt lat="-29.7189410" lon="24.3811190">
    <ele>1115.9</ele>
   </trkpt>
   <trkpt lat="-29.7189390" lon="24.3810630">
    <ele>1115.4</ele>
   </trkpt>
   <trkpt lat="-29.7189370" lon="24.3810080">
    <ele>1115.1</ele>
   </trkpt>
   <trkpt lat="-29.7189330" lon="24.3809540">
    <ele>1115.0</ele>
   </trkpt>
   <trkpt lat="-29.7189290" lon="24.3808990">
    <ele>1115.0</ele>
   </trkpt>
   <trkpt lat="-29.7189240" lon="24.3808410">
    <ele>1115.0</ele>
   </trkpt>
   <trkpt lat="-29.7189180" lon="24.3807870">
    <ele>1114.9</ele>
   </trkpt>
   <trkpt lat="-29.7189120" lon="24.3807290">
    <ele>1115.5</ele>
   </trkpt>
   <trkpt lat="-29.7189000" lon="24.3806780">
    <ele>1115.2</ele>
   </trkpt>
   <trkpt lat="-29.7188910" lon="24.3806250">
    <ele>1115.1</ele>
   </trkpt>
   <trkpt lat="-29.7188790" lon="24.3805750">
    <ele>1115.3</ele>
   </trkpt>
   <trkpt lat="-29.7188660" lon="24.3805290">
    <ele>1115.1</ele>
   </trkpt>
   <trkpt lat="-29.7188550" lon="24.3804870">
    <ele>1114.9</ele>
   </trkpt>
   <trkpt lat="-29.7188430" lon="24.3804450">
    <ele>1115.0</ele>
   </trkpt>
   <trkpt lat="-29.7188320" lon="24.3804030">
    <ele>1114.7</ele>
   </trkpt>
   <trkpt lat="-29.7188260" lon="24.3803630">
    <ele>1114.5</ele>
   </trkpt>
   <trkpt lat="-29.7188170" lon="24.3803290">
    <ele>1114.3</ele>
   </trkpt>
   <trkpt lat="-29.7188130" lon="24.3802950">
    <ele>1114.3</ele>
   </trkpt>
   <trkpt lat="-29.7188180" lon="24.3802620">
    <ele>1114.2</ele>
   </trkpt>
   <trkpt lat="-29.7188220" lon="24.3802170">
    <ele>1114.4</ele>
   </trkpt>
   <trkpt lat="-29.7188210" lon="24.3802020">
    <ele>1114.6</ele>
   </trkpt>
   <trkpt lat="-29.7188160" lon="24.3801650">
    <ele>1114.6</ele>
   </trkpt>
   <trkpt lat="-29.7188140" lon="24.3801560">
    <ele>1114.9</ele>
   </trkpt>
   <trkpt lat="-29.7188060" lon="24.3801340">
    <ele>1114.9</ele>
   </trkpt>
   <trkpt lat="-29.7188040" lon="24.3801260">
    <ele>1115.1</ele>
   </trkpt>
   <trkpt lat="-29.7188010" lon="24.3801170">
    <ele>1115.3</ele>
   </trkpt>
   <trkpt lat="-29.7188020" lon="24.3801100">
    <ele>1115.3</ele>
   </trkpt>
   <trkpt lat="-29.7188060" lon="24.3801130">
    <ele>1115.0</ele>
   </trkpt>
   <trkpt lat="-29.7188070" lon="24.3801070">
    <ele>1115.0</ele>
   </trkpt>
   <trkpt lat="-29.7188050" lon="24.3800980">
    <ele>1115.3</ele>
   </trkpt>
   <trkpt lat="-29.7188050" lon="24.3800890">
    <ele>1115.3</ele>
   </trkpt>
   <trkpt lat="-29.7188030" lon="24.3800860">
    <ele>1115.3</ele>
   </trkpt>
   <trkpt lat="-29.7188030" lon="24.3800890">
    <ele>1115.3</ele>
   </trkpt>
   <trkpt lat="-29.7188030" lon="24.3800890">
    <ele>1115.3</ele>
   </trkpt>
   <trkpt lat="-29.7187990" lon="24.3800870">
    <ele>1115.3</ele>
   </trkpt>
   <trkpt lat="-29.7187990" lon="24.3800880">
    <ele>1115.3</ele>
   </trkpt>
   <trkpt lat="-29.7187950" lon="24.3800820">
    <ele>1115.3</ele>
   </trkpt>
   <trkpt lat="-29.7187940" lon="24.3800810">
    <ele>1115.3</ele>
   </trkpt>
   <trkpt lat="-29.7187950" lon="24.3800810">
    <ele>1115.2</ele>
   </trkpt>
   <trkpt lat="-29.7187950" lon="24.3800790">
    <ele>1115.2</ele>
   </trkpt>
   <trkpt lat="-29.7187950" lon="24.3800810">
    <ele>1115.2</ele>
   </trkpt>
   <trkpt lat="-29.7188700" lon="24.3799720">
    <ele>1114.6</ele>
   </trkpt>
   <trkpt lat="-29.7188970" lon="24.3799510">
    <ele>1114.4</ele>
   </trkpt>
   <trkpt lat="-29.7189390" lon="24.3799150">
    <ele>1114.1</ele>
   </trkpt>
   <trkpt lat="-29.7189750" lon="24.3799190">
    <ele>1113.9</ele>
   </trkpt>
   <trkpt lat="-29.7190040" lon="24.3799170">
    <ele>1113.8</ele>
   </trkpt>
   <trkpt lat="-29.7190320" lon="24.3799240">
    <ele>1113.6</ele>
   </trkpt>
   <trkpt lat="-29.7190640" lon="24.3799340">
    <ele>1113.4</ele>
   </trkpt>
   <trkpt lat="-29.7190930" lon="24.3799440">
    <ele>1113.3</ele>
   </trkpt>
   <trkpt lat="-29.7191230" lon="24.3799600">
    <ele>1113.1</ele>
   </trkpt>
   <trkpt lat="-29.7191510" lon="24.3799870">
    <ele>1112.9</ele>
   </trkpt>
   <trkpt lat="-29.7191790" lon="24.3799960">
    <ele>1112.8</ele>
   </trkpt>
   <trkpt lat="-29.7192200" lon="24.3800150">
    <ele>1112.5</ele>
   </trkpt>
   <trkpt lat="-29.7192640" lon="24.3800230">
    <ele>1112.3</ele>
   </trkpt>
   <trkpt lat="-29.7193100" lon="24.3800340">
    <ele>1112.0</ele>
   </trkpt>
   <trkpt lat="-29.7193610" lon="24.3800420">
    <ele>1111.7</ele>
   </trkpt>
   <trkpt lat="-29.7194120" lon="24.3800520">
    <ele>1111.5</ele>
   </trkpt>
   <trkpt lat="-29.7194650" lon="24.3800560">
    <ele>1111.2</ele>
   </trkpt>
   <trkpt lat="-29.7195180" lon="24.3800620">
    <ele>1110.9</ele>
   </trkpt>
   <trkpt lat="-29.7195730" lon="24.3800620">
    <ele>1110.6</ele>
   </trkpt>
   <trkpt lat="-29.7196260" lon="24.3800610">
    <ele>1110.3</ele>
   </trkpt>
   <trkpt lat="-29.7196740" lon="24.3800630">
    <ele>1110.1</ele>
   </trkpt>
   <trkpt lat="-29.7197180" lon="24.3800550">
    <ele>1109.8</ele>
   </trkpt>
   <trkpt lat="-29.7197650" lon="24.3800470">
    <ele>1109.6</ele>
   </trkpt>
   <trkpt lat="-29.7198080" lon="24.3800390">
    <ele>1109.3</ele>
   </trkpt>
   <trkpt lat="-29.7198530" lon="24.3800350">
    <ele>1109.1</ele>
   </trkpt>
   <trkpt lat="-29.7199050" lon="24.3800360">
    <ele>1108.8</ele>
   </trkpt>
   <trkpt lat="-29.7199450" lon="24.3800210">
    <ele>1108.6</ele>
   </trkpt>
   <trkpt lat="-29.7199850" lon="24.3800110">
    <ele>1108.4</ele>
   </trkpt>
   <trkpt lat="-29.7200190" lon="24.3799990">
    <ele>1108.2</ele>
   </trkpt>
   <trkpt lat="-29.7200540" lon="24.3799880">
    <ele>1108.0</ele>
   </trkpt>
   <trkpt lat="-29.7200870" lon="24.3799780">
    <ele>1107.8</ele>
   </trkpt>
   <trkpt lat="-29.7201200" lon="24.3799730">
    <ele>1107.6</ele>
   </trkpt>
   <trkpt lat="-29.7201540" lon="24.3799770">
    <ele>1107.4</ele>
   </trkpt>
   <trkpt lat="-29.7201720" lon="24.3799720">
    <ele>1107.3</ele>
   </trkpt>
   <trkpt lat="-29.7201810" lon="24.3799730">
    <ele>1107.3</ele>
   </trkpt>
   <trkpt lat="-29.7201800" lon="24.3799780">
    <ele>1107.3</ele>
   </trkpt>
   <trkpt lat="-29.7201790" lon="24.3799790">
    <ele>1107.3</ele>
   </trkpt>
   <trkpt lat="-29.7201780" lon="24.3799790">
    <ele>1107.3</ele>
   </trkpt>
   <trkpt lat="-29.7201770" lon="24.3799790">
    <ele>1107.3</ele>
   </trkpt>
   <trkpt lat="-29.7201770" lon="24.3799790">
    <ele>1107.3</ele>
   </trkpt>
   <trkpt lat="-29.7201770" lon="24.3799790">
    <ele>1107.3</ele>
   </trkpt>
   <trkpt lat="-29.7201770" lon="24.3799760">
    <ele>1107.2</ele>
   </trkpt>
   <trkpt lat="-29.7201770" lon="24.3799760">
    <ele>1107.2</ele>
   </trkpt>
   <trkpt lat="-29.7201740" lon="24.3799720">
    <ele>1107.2</ele>
   </trkpt>
   <trkpt lat="-29.7201740" lon="24.3799720">
    <ele>1107.2</ele>
   </trkpt>
   <trkpt lat="-29.7201750" lon="24.3799670">
    <ele>1107.2</ele>
   </trkpt>
   <trkpt lat="-29.7202040" lon="24.3798990">
    <ele>1106.8</ele>
   </trkpt>
   <trkpt lat="-29.7201880" lon="24.3798680">
    <ele>1106.8</ele>
   </trkpt>
   <trkpt lat="-29.7201570" lon="24.3798430">
    <ele>1106.8</ele>
   </trkpt>
   <trkpt lat="-29.7201280" lon="24.3798240">
    <ele>1106.8</ele>
   </trkpt>
   <trkpt lat="-29.7200960" lon="24.3798110">
    <ele>1106.8</ele>
   </trkpt>
   <trkpt lat="-29.7200610" lon="24.3797940">
    <ele>1106.9</ele>
   </trkpt>
   <trkpt lat="-29.7200210" lon="24.3797690">
    <ele>1106.9</ele>
   </trkpt>
   <trkpt lat="-29.7199730" lon="24.3797380">
    <ele>1106.9</ele>
   </trkpt>
   <trkpt lat="-29.7199240" lon="24.3797070">
    <ele>1106.9</ele>
   </trkpt>
   <trkpt lat="-29.7198690" lon="24.3796770">
    <ele>1106.9</ele>
   </trkpt>
   <trkpt lat="-29.7198140" lon="24.3796450">
    <ele>1106.9</ele>
   </trkpt>
   <trkpt lat="-29.7197550" lon="24.3796090">
    <ele>1106.9</ele>
   </trkpt>
   <trkpt lat="-29.7196950" lon="24.3795670">
    <ele>1107.0</ele>
   </trkpt>
   <trkpt lat="-29.7196460" lon="24.3795370">
    <ele>1107.0</ele>
   </trkpt>
   <trkpt lat="-29.7195850" lon="24.3795170">
    <ele>1107.0</ele>
   </trkpt>
   <trkpt lat="-29.7195220" lon="24.3794820">
    <ele>1107.0</ele>
   </trkpt>
   <trkpt lat="-29.7194480" lon="24.3794500">
    <ele>1107.0</ele>
   </trkpt>
   <trkpt lat="-29.7193760" lon="24.3793980">
    <ele>1107.0</ele>
   </trkpt>
   <trkpt lat="-29.7192960" lon="24.3793460">
    <ele>1107.1</ele>
   </trkpt>
   <trkpt lat="-29.7192170" lon="24.3792990">
    <ele>1107.1</ele>
   </trkpt>
   <trkpt lat="-29.7191270" lon="24.3792520">
    <ele>1107.1</ele>
   </trkpt>
   <trkpt lat="-29.7190410" lon="24.3792000">
    <ele>1107.1</ele>
   </trkpt>
   <trkpt lat="-29.7189430" lon="24.3791350">
    <ele>1107.2</ele>
   </trkpt>
   <trkpt lat="-29.7188500" lon="24.3790880">
    <ele>1107.2</ele>
   </trkpt>
   <trkpt lat="-29.7187420" lon="24.3790270">
    <ele>1107.2</ele>
   </trkpt>
   <trkpt lat="-29.7186290" lon="24.3789660">
    <ele>1107.2</ele>
   </trkpt>
   <trkpt lat="-29.7185230" lon="24.3789070">
    <ele>1107.3</ele>
   </trkpt>
   <trkpt lat="-29.7184040" lon="24.3788400">
    <ele>1107.3</ele>
   </trkpt>
   <trkpt lat="-29.7183000" lon="24.3787560">
    <ele>1107.3</ele>
   </trkpt>
   <trkpt lat="-29.7181880" lon="24.3786900">
    <ele>1107.4</ele>
   </trkpt>
   <trkpt lat="-29.7181000" lon="24.3786430">
    <ele>1107.4</ele>
   </trkpt>
   <trkpt lat="-29.7179880" lon="24.3785780">
    <ele>1107.4</ele>
   </trkpt>
   <trkpt lat="-29.7178950" lon="24.3785320">
    <ele>1107.4</ele>
   </trkpt>
   <trkpt lat="-29.7177870" lon="24.3784650">
    <ele>1107.5</ele>
   </trkpt>
   <trkpt lat="-29.7176890" lon="24.3784140">
    <ele>1107.5</ele>
   </trkpt>
   <trkpt lat="-29.7175770" lon="24.3783540">
    <ele>1107.5</ele>
   </trkpt>
   <trkpt lat="-29.7174590" lon="24.3782260">
    <ele>1107.6</ele>
   </trkpt>
   <trkpt lat="-29.7173350" lon="24.3781830">
    <ele>1107.6</ele>
   </trkpt>
   <trkpt lat="-29.7172200" lon="24.3781190">
    <ele>1107.6</ele>
   </trkpt>
   <trkpt lat="-29.7170980" lon="24.3780520">
    <ele>1107.7</ele>
   </trkpt>
   <trkpt lat="-29.7169930" lon="24.3779790">
    <ele>1107.7</ele>
   </trkpt>
   <trkpt lat="-29.7168840" lon="24.3779090">
    <ele>1107.7</ele>
   </trkpt>
   <trkpt lat="-29.7167760" lon="24.3778450">
    <ele>1107.8</ele>
   </trkpt>
   <trkpt lat="-29.7166680" lon="24.3777770">
    <ele>1107.8</ele>
   </trkpt>
   <trkpt lat="-29.7165680" lon="24.3777090">
    <ele>1107.8</ele>
   </trkpt>
   <trkpt lat="-29.7164710" lon="24.3776350">
    <ele>1107.8</ele>
   </trkpt>
   <trkpt lat="-29.7163730" lon="24.3775600">
    <ele>1107.9</ele>
   </trkpt>
   <trkpt lat="-29.7162830" lon="24.3774830">
    <ele>1107.9</ele>
   </trkpt>
   <trkpt lat="-29.7161900" lon="24.3774170">
    <ele>1107.9</ele>
   </trkpt>
   <trkpt lat="-29.7160980" lon="24.3773460">
    <ele>1107.9</ele>
   </trkpt>
   <trkpt lat="-29.7160060" lon="24.3772740">
    <ele>1108.0</ele>
   </trkpt>
   <trkpt lat="-29.7159160" lon="24.3771990">
    <ele>1108.0</ele>
   </trkpt>
   <trkpt lat="-29.7158530" lon="24.3770900">
    <ele>1108.0</ele>
   </trkpt>
   <trkpt lat="-29.7157730" lon="24.3770030">
    <ele>1108.1</ele>
   </trkpt>
   <trkpt lat="-29.7156660" lon="24.3768880">
    <ele>1108.1</ele>
   </trkpt>
   <trkpt lat="-29.7155670" lon="24.3767830">
    <ele>1108.1</ele>
   </trkpt>
   <trkpt lat="-29.7154840" lon="24.3766760">
    <ele>1108.2</ele>
   </trkpt>
   <trkpt lat="-29.7153980" lon="24.3765730">
    <ele>1108.2</ele>
   </trkpt>
   <trkpt lat="-29.7153120" lon="24.3764660">
    <ele>1108.2</ele>
   </trkpt>
   <trkpt lat="-29.7152320" lon="24.3763570">
    <ele>1108.2</ele>
   </trkpt>
   <trkpt lat="-29.7151520" lon="24.3762520">
    <ele>1108.3</ele>
   </trkpt>
   <trkpt lat="-29.7150710" lon="24.3761470">
    <ele>1108.3</ele>
   </trkpt>
   <trkpt lat="-29.7149830" lon="24.3760360">
    <ele>1108.3</ele>
   </trkpt>
   <trkpt lat="-29.7148960" lon="24.3759280">
    <ele>1108.4</ele>
   </trkpt>
   <trkpt lat="-29.7148080" lon="24.3758140">
    <ele>1108.4</ele>
   </trkpt>
   <trkpt lat="-29.7147280" lon="24.3756810">
    <ele>1108.4</ele>
   </trkpt>
   <trkpt lat="-29.7146360" lon="24.3755600">
    <ele>1108.5</ele>
   </trkpt>
   <trkpt lat="-29.7145480" lon="24.3754230">
    <ele>1108.5</ele>
   </trkpt>
   <trkpt lat="-29.7144480" lon="24.3752990">
    <ele>1108.5</ele>
   </trkpt>
   <trkpt lat="-29.7143510" lon="24.3751720">
    <ele>1108.6</ele>
   </trkpt>
   <trkpt lat="-29.7142560" lon="24.3750590">
    <ele>1108.6</ele>
   </trkpt>
   <trkpt lat="-29.7141760" lon="24.3749480">
    <ele>1108.6</ele>
   </trkpt>
   <trkpt lat="-29.7140830" lon="24.3748250">
    <ele>1108.7</ele>
   </trkpt>
   <trkpt lat="-29.7139870" lon="24.3747000">
    <ele>1108.7</ele>
   </trkpt>
   <trkpt lat="-29.7138910" lon="24.3745700">
    <ele>1108.7</ele>
   </trkpt>
   <trkpt lat="-29.7137950" lon="24.3744480">
    <ele>1108.8</ele>
   </trkpt>
   <trkpt lat="-29.7136950" lon="24.3743140">
    <ele>1108.8</ele>
   </trkpt>
   <trkpt lat="-29.7135940" lon="24.3741830">
    <ele>1108.9</ele>
   </trkpt>
   <trkpt lat="-29.7134950" lon="24.3740420">
    <ele>1108.9</ele>
   </trkpt>
   <trkpt lat="-29.7133980" lon="24.3739050">
    <ele>1108.9</ele>
   </trkpt>
   <trkpt lat="-29.7132990" lon="24.3737690">
    <ele>1109.0</ele>
   </trkpt>
   <trkpt lat="-29.7131980" lon="24.3736270">
    <ele>1108.9</ele>
   </trkpt>
   <trkpt lat="-29.7131000" lon="24.3734870">
    <ele>1108.9</ele>
   </trkpt>
   <trkpt lat="-29.7129970" lon="24.3733460">
    <ele>1108.8</ele>
   </trkpt>
   <trkpt lat="-29.7128910" lon="24.3732040">
    <ele>1108.8</ele>
   </trkpt>
   <trkpt lat="-29.7127890" lon="24.3730620">
    <ele>1108.7</ele>
   </trkpt>
   <trkpt lat="-29.7126840" lon="24.3729160">
    <ele>1108.7</ele>
   </trkpt>
   <trkpt lat="-29.7125790" lon="24.3727690">
    <ele>1108.6</ele>
   </trkpt>
   <trkpt lat="-29.7124700" lon="24.3726220">
    <ele>1108.6</ele>
   </trkpt>
   <trkpt lat="-29.7123620" lon="24.3724760">
    <ele>1108.5</ele>
   </trkpt>
   <trkpt lat="-29.7122590" lon="24.3723290">
    <ele>1108.4</ele>
   </trkpt>
   <trkpt lat="-29.7121560" lon="24.3721830">
    <ele>1108.4</ele>
   </trkpt>
   <trkpt lat="-29.7120490" lon="24.3720390">
    <ele>1108.3</ele>
   </trkpt>
   <trkpt lat="-29.7119450" lon="24.3719000">
    <ele>1108.3</ele>
   </trkpt>
   <trkpt lat="-29.7118410" lon="24.3717630">
    <ele>1108.2</ele>
   </trkpt>
   <trkpt lat="-29.7117400" lon="24.3716240">
    <ele>1108.2</ele>
   </trkpt>
   <trkpt lat="-29.7116380" lon="24.3714840">
    <ele>1108.1</ele>
   </trkpt>
   <trkpt lat="-29.7115360" lon="24.3713490">
    <ele>1108.1</ele>
   </trkpt>
   <trkpt lat="-29.7114350" lon="24.3712140">
    <ele>1108.0</ele>
   </trkpt>
   <trkpt lat="-29.7113300" lon="24.3710700">
    <ele>1108.0</ele>
   </trkpt>
   <trkpt lat="-29.7112250" lon="24.3709220">
    <ele>1107.9</ele>
   </trkpt>
   <trkpt lat="-29.7111250" lon="24.3707810">
    <ele>1107.8</ele>
   </trkpt>
   <trkpt lat="-29.7110260" lon="24.3706430">
    <ele>1107.8</ele>
   </trkpt>
   <trkpt lat="-29.7109290" lon="24.3705090">
    <ele>1107.7</ele>
   </trkpt>
   <trkpt lat="-29.7108210" lon="24.3703600">
    <ele>1107.7</ele>
   </trkpt>
   <trkpt lat="-29.7107210" lon="24.3702230">
    <ele>1107.6</ele>
   </trkpt>
   <trkpt lat="-29.7106150" lon="24.3700750">
    <ele>1107.6</ele>
   </trkpt>
   <trkpt lat="-29.7105130" lon="24.3699340">
    <ele>1107.5</ele>
   </trkpt>
   <trkpt lat="-29.7104120" lon="24.3697920">
    <ele>1107.5</ele>
   </trkpt>
   <trkpt lat="-29.7103080" lon="24.3696550">
    <ele>1107.4</ele>
   </trkpt>
   <trkpt lat="-29.7102000" lon="24.3695210">
    <ele>1107.3</ele>
   </trkpt>
   <trkpt lat="-29.7101020" lon="24.3693780">
    <ele>1107.3</ele>
   </trkpt>
   <trkpt lat="-29.7100060" lon="24.3692450">
    <ele>1107.2</ele>
   </trkpt>
   <trkpt lat="-29.7099130" lon="24.3691110">
    <ele>1107.2</ele>
   </trkpt>
   <trkpt lat="-29.7098190" lon="24.3689790">
    <ele>1107.1</ele>
   </trkpt>
   <trkpt lat="-29.7097230" lon="24.3688520">
    <ele>1107.1</ele>
   </trkpt>
   <trkpt lat="-29.7096260" lon="24.3687210">
    <ele>1107.0</ele>
   </trkpt>
   <trkpt lat="-29.7095260" lon="24.3685890">
    <ele>1107.0</ele>
   </trkpt>
   <trkpt lat="-29.7094290" lon="24.3684600">
    <ele>1106.9</ele>
   </trkpt>
   <trkpt lat="-29.7093320" lon="24.3683290">
    <ele>1106.9</ele>
   </trkpt>
   <trkpt lat="-29.7092360" lon="24.3682000">
    <ele>1106.8</ele>
   </trkpt>
   <trkpt lat="-29.7091390" lon="24.3680690">
    <ele>1106.8</ele>
   </trkpt>
   <trkpt lat="-29.7090410" lon="24.3679380">
    <ele>1106.7</ele>
   </trkpt>
   <trkpt lat="-29.7089430" lon="24.3678100">
    <ele>1106.7</ele>
   </trkpt>
   <trkpt lat="-29.7088450" lon="24.3676720">
    <ele>1106.6</ele>
   </trkpt>
   <trkpt lat="-29.7087500" lon="24.3675390">
    <ele>1106.6</ele>
   </trkpt>
   <trkpt lat="-29.7086550" lon="24.3674080">
    <ele>1106.5</ele>
   </trkpt>
   <trkpt lat="-29.7085610" lon="24.3672750">
    <ele>1106.5</ele>
   </trkpt>
   <trkpt lat="-29.7084650" lon="24.3671490">
    <ele>1106.4</ele>
   </trkpt>
   <trkpt lat="-29.7083710" lon="24.3670170">
    <ele>1106.4</ele>
   </trkpt>
   <trkpt lat="-29.7082760" lon="24.3668820">
    <ele>1106.3</ele>
   </trkpt>
   <trkpt lat="-29.7081830" lon="24.3667510">
    <ele>1106.3</ele>
   </trkpt>
   <trkpt lat="-29.7080870" lon="24.3666190">
    <ele>1106.2</ele>
   </trkpt>
   <trkpt lat="-29.7079930" lon="24.3664920">
    <ele>1106.2</ele>
   </trkpt>
   <trkpt lat="-29.7079000" lon="24.3663530">
    <ele>1106.1</ele>
   </trkpt>
   <trkpt lat="-29.7078090" lon="24.3662160">
    <ele>1106.1</ele>
   </trkpt>
   <trkpt lat="-29.7077210" lon="24.3660850">
    <ele>1106.0</ele>
   </trkpt>
   <trkpt lat="-29.7076330" lon="24.3659610">
    <ele>1106.0</ele>
   </trkpt>
   <trkpt lat="-29.7075410" lon="24.3658350">
    <ele>1106.0</ele>
   </trkpt>
   <trkpt lat="-29.7074490" lon="24.3657120">
    <ele>1106.0</ele>
   </trkpt>
   <trkpt lat="-29.7073530" lon="24.3655800">
    <ele>1105.9</ele>
   </trkpt>
   <trkpt lat="-29.7072540" lon="24.3654500">
    <ele>1105.9</ele>
   </trkpt>
   <trkpt lat="-29.7071570" lon="24.3653100">
    <ele>1105.9</ele>
   </trkpt>
   <trkpt lat="-29.7070550" lon="24.3651850">
    <ele>1105.8</ele>
   </trkpt>
   <trkpt lat="-29.7069560" lon="24.3650500">
    <ele>1105.6</ele>
   </trkpt>
   <trkpt lat="-29.7068530" lon="24.3649310">
    <ele>1105.4</ele>
   </trkpt>
   <trkpt lat="-29.7067450" lon="24.3648140">
    <ele>1105.2</ele>
   </trkpt>
   <trkpt lat="-29.7066350" lon="24.3647090">
    <ele>1105.0</ele>
   </trkpt>
   <trkpt lat="-29.7065190" lon="24.3646020">
    <ele>1104.8</ele>
   </trkpt>
   <trkpt lat="-29.7063990" lon="24.3645010">
    <ele>1104.6</ele>
   </trkpt>
   <trkpt lat="-29.7062740" lon="24.3643990">
    <ele>1104.4</ele>
   </trkpt>
   <trkpt lat="-29.7061480" lon="24.3642990">
    <ele>1104.2</ele>
   </trkpt>
   <trkpt lat="-29.7060160" lon="24.3642030">
    <ele>1103.9</ele>
   </trkpt>
   <trkpt lat="-29.7058830" lon="24.3641160">
    <ele>1103.7</ele>
   </trkpt>
   <trkpt lat="-29.7057480" lon="24.3640250">
    <ele>1103.5</ele>
   </trkpt>
   <trkpt lat="-29.7056170" lon="24.3639400">
    <ele>1103.3</ele>
   </trkpt>
   <trkpt lat="-29.7054820" lon="24.3638610">
    <ele>1103.1</ele>
   </trkpt>
   <trkpt lat="-29.7053440" lon="24.3637870">
    <ele>1102.9</ele>
   </trkpt>
   <trkpt lat="-29.7052030" lon="24.3637180">
    <ele>1102.7</ele>
   </trkpt>
   <trkpt lat="-29.7050610" lon="24.3636540">
    <ele>1102.5</ele>
   </trkpt>
   <trkpt lat="-29.7049190" lon="24.3635960">
    <ele>1102.3</ele>
   </trkpt>
   <trkpt lat="-29.7047760" lon="24.3635400">
    <ele>1102.1</ele>
   </trkpt>
   <trkpt lat="-29.7046300" lon="24.3634910">
    <ele>1101.8</ele>
   </trkpt>
   <trkpt lat="-29.7044880" lon="24.3634460">
    <ele>1101.6</ele>
   </trkpt>
   <trkpt lat="-29.7043420" lon="24.3634080">
    <ele>1101.4</ele>
   </trkpt>
   <trkpt lat="-29.7041970" lon="24.3633730">
    <ele>1101.2</ele>
   </trkpt>
   <trkpt lat="-29.7040530" lon="24.3633410">
    <ele>1101.0</ele>
   </trkpt>
   <trkpt lat="-29.7039060" lon="24.3633120">
    <ele>1100.8</ele>
   </trkpt>
   <trkpt lat="-29.7037570" lon="24.3632870">
    <ele>1100.6</ele>
   </trkpt>
   <trkpt lat="-29.7036070" lon="24.3632690">
    <ele>1100.4</ele>
   </trkpt>
   <trkpt lat="-29.7034590" lon="24.3632580">
    <ele>1100.2</ele>
   </trkpt>
   <trkpt lat="-29.7033050" lon="24.3632510">
    <ele>1100.0</ele>
   </trkpt>
   <trkpt lat="-29.7031500" lon="24.3632500">
    <ele>1100.0</ele>
   </trkpt>
   <trkpt lat="-29.7029990" lon="24.3632530">
    <ele>1100.0</ele>
   </trkpt>
   <trkpt lat="-29.7028470" lon="24.3632590">
    <ele>1100.1</ele>
   </trkpt>
   <trkpt lat="-29.7026950" lon="24.3632660">
    <ele>1100.1</ele>
   </trkpt>
   <trkpt lat="-29.7025400" lon="24.3632730">
    <ele>1100.1</ele>
   </trkpt>
   <trkpt lat="-29.7023830" lon="24.3632870">
    <ele>1100.1</ele>
   </trkpt>
   <trkpt lat="-29.7022280" lon="24.3632960">
    <ele>1100.2</ele>
   </trkpt>
   <trkpt lat="-29.7020800" lon="24.3633080">
    <ele>1100.2</ele>
   </trkpt>
   <trkpt lat="-29.7019290" lon="24.3633160">
    <ele>1100.2</ele>
   </trkpt>
   <trkpt lat="-29.7017750" lon="24.3633330">
    <ele>1100.2</ele>
   </trkpt>
   <trkpt lat="-29.7016190" lon="24.3633450">
    <ele>1100.3</ele>
   </trkpt>
   <trkpt lat="-29.7014650" lon="24.3633600">
    <ele>1100.3</ele>
   </trkpt>
   <trkpt lat="-29.7013080" lon="24.3633730">
    <ele>1100.3</ele>
   </trkpt>
   <trkpt lat="-29.7011500" lon="24.3633820">
    <ele>1100.3</ele>
   </trkpt>
   <trkpt lat="-29.7009900" lon="24.3633990">
    <ele>1100.4</ele>
   </trkpt>
   <trkpt lat="-29.7008310" lon="24.3634180">
    <ele>1100.4</ele>
   </trkpt>
   <trkpt lat="-29.7006690" lon="24.3634320">
    <ele>1100.4</ele>
   </trkpt>
   <trkpt lat="-29.7005110" lon="24.3634520">
    <ele>1100.4</ele>
   </trkpt>
   <trkpt lat="-29.7003520" lon="24.3634660">
    <ele>1100.5</ele>
   </trkpt>
   <trkpt lat="-29.7001950" lon="24.3634780">
    <ele>1100.5</ele>
   </trkpt>
   <trkpt lat="-29.7000380" lon="24.3634950">
    <ele>1100.5</ele>
   </trkpt>
   <trkpt lat="-29.6998840" lon="24.3635130">
    <ele>1100.5</ele>
   </trkpt>
   <trkpt lat="-29.6997300" lon="24.3635290">
    <ele>1100.6</ele>
   </trkpt>
   <trkpt lat="-29.6995750" lon="24.3635460">
    <ele>1100.6</ele>
   </trkpt>
   <trkpt lat="-29.6994190" lon="24.3635650">
    <ele>1100.6</ele>
   </trkpt>
   <trkpt lat="-29.6992620" lon="24.3635790">
    <ele>1100.6</ele>
   </trkpt>
   <trkpt lat="-29.6991050" lon="24.3635960">
    <ele>1100.7</ele>
   </trkpt>
   <trkpt lat="-29.6989480" lon="24.3636120">
    <ele>1100.7</ele>
   </trkpt>
   <trkpt lat="-29.6987910" lon="24.3636280">
    <ele>1100.7</ele>
   </trkpt>
   <trkpt lat="-29.6986310" lon="24.3636480">
    <ele>1100.7</ele>
   </trkpt>
   <trkpt lat="-29.6984760" lon="24.3636610">
    <ele>1100.8</ele>
   </trkpt>
   <trkpt lat="-29.6983230" lon="24.3636750">
    <ele>1100.8</ele>
   </trkpt>
   <trkpt lat="-29.6981710" lon="24.3636910">
    <ele>1100.8</ele>
   </trkpt>
   <trkpt lat="-29.6980180" lon="24.3637060">
    <ele>1100.8</ele>
   </trkpt>
   <trkpt lat="-29.6978650" lon="24.3637190">
    <ele>1100.9</ele>
   </trkpt>
   <trkpt lat="-29.6977150" lon="24.3637350">
    <ele>1100.9</ele>
   </trkpt>
   <trkpt lat="-29.6975600" lon="24.3637480">
    <ele>1100.9</ele>
   </trkpt>
   <trkpt lat="-29.6974070" lon="24.3637600">
    <ele>1100.9</ele>
   </trkpt>
   <trkpt lat="-29.6972500" lon="24.3637770">
    <ele>1101.0</ele>
   </trkpt>
   <trkpt lat="-29.6970930" lon="24.3637910">
    <ele>1101.0</ele>
   </trkpt>
   <trkpt lat="-29.6969350" lon="24.3638070">
    <ele>1101.0</ele>
   </trkpt>
   <trkpt lat="-29.6967790" lon="24.3638220">
    <ele>1101.1</ele>
   </trkpt>
   <trkpt lat="-29.6966180" lon="24.3638380">
    <ele>1101.2</ele>
   </trkpt>
   <trkpt lat="-29.6964620" lon="24.3638540">
    <ele>1101.3</ele>
   </trkpt>
   <trkpt lat="-29.6963000" lon="24.3638710">
    <ele>1101.4</ele>
   </trkpt>
   <trkpt lat="-29.6961380" lon="24.3638890">
    <ele>1101.4</ele>
   </trkpt>
   <trkpt lat="-29.6959730" lon="24.3639010">
    <ele>1101.5</ele>
   </trkpt>
   <trkpt lat="-29.6958070" lon="24.3639180">
    <ele>1101.6</ele>
   </trkpt>
   <trkpt lat="-29.6956410" lon="24.3639320">
    <ele>1101.7</ele>
   </trkpt>
   <trkpt lat="-29.6954750" lon="24.3639460">
    <ele>1101.8</ele>
   </trkpt>
   <trkpt lat="-29.6953140" lon="24.3639590">
    <ele>1101.9</ele>
   </trkpt>
   <trkpt lat="-29.6951480" lon="24.3639780">
    <ele>1102.0</ele>
   </trkpt>
   <trkpt lat="-29.6949850" lon="24.3639950">
    <ele>1102.1</ele>
   </trkpt>
   <trkpt lat="-29.6948200" lon="24.3640140">
    <ele>1102.1</ele>
   </trkpt>
   <trkpt lat="-29.6946540" lon="24.3640290">
    <ele>1102.2</ele>
   </trkpt>
   <trkpt lat="-29.6944870" lon="24.3640460">
    <ele>1102.3</ele>
   </trkpt>
   <trkpt lat="-29.6943190" lon="24.3640610">
    <ele>1102.4</ele>
   </trkpt>
   <trkpt lat="-29.6941500" lon="24.3640750">
    <ele>1102.5</ele>
   </trkpt>
   <trkpt lat="-29.6939840" lon="24.3640880">
    <ele>1102.6</ele>
   </trkpt>
   <trkpt lat="-29.6938180" lon="24.3640990">
    <ele>1102.7</ele>
   </trkpt>
   <trkpt lat="-29.6936570" lon="24.3641120">
    <ele>1102.8</ele>
   </trkpt>
   <trkpt lat="-29.6934950" lon="24.3641230">
    <ele>1102.8</ele>
   </trkpt>
   <trkpt lat="-29.6933320" lon="24.3641350">
    <ele>1102.8</ele>
   </trkpt>
   <trkpt lat="-29.6931700" lon="24.3641510">
    <ele>1102.7</ele>
   </trkpt>
   <trkpt lat="-29.6930070" lon="24.3641660">
    <ele>1102.6</ele>
   </trkpt>
   <trkpt lat="-29.6928440" lon="24.3641830">
    <ele>1102.4</ele>
   </trkpt>
   <trkpt lat="-29.6926820" lon="24.3641980">
    <ele>1102.3</ele>
   </trkpt>
   <trkpt lat="-29.6925180" lon="24.3642120">
    <ele>1102.2</ele>
   </trkpt>
   <trkpt lat="-29.6923540" lon="24.3642290">
    <ele>1102.1</ele>
   </trkpt>
   <trkpt lat="-29.6921890" lon="24.3642460">
    <ele>1101.9</ele>
   </trkpt>
   <trkpt lat="-29.6920240" lon="24.3642610">
    <ele>1101.8</ele>
   </trkpt>
   <trkpt lat="-29.6918580" lon="24.3642780">
    <ele>1101.7</ele>
   </trkpt>
   <trkpt lat="-29.6916920" lon="24.3642910">
    <ele>1101.5</ele>
   </trkpt>
   <trkpt lat="-29.6915270" lon="24.3643040">
    <ele>1101.4</ele>
   </trkpt>
   <trkpt lat="-29.6913640" lon="24.3643200">
    <ele>1101.3</ele>
   </trkpt>
   <trkpt lat="-29.6912020" lon="24.3643340">
    <ele>1101.1</ele>
   </trkpt>
   <trkpt lat="-29.6910400" lon="24.3643510">
    <ele>1101.0</ele>
   </trkpt>
   <trkpt lat="-29.6908870" lon="24.3643690">
    <ele>1100.9</ele>
   </trkpt>
   <trkpt lat="-29.6907330" lon="24.3643880">
    <ele>1100.7</ele>
   </trkpt>
   <trkpt lat="-29.6905780" lon="24.3644040">
    <ele>1100.6</ele>
   </trkpt>
   <trkpt lat="-29.6904220" lon="24.3644220">
    <ele>1100.5</ele>
   </trkpt>
   <trkpt lat="-29.6902670" lon="24.3644410">
    <ele>1100.4</ele>
   </trkpt>
   <trkpt lat="-29.6901110" lon="24.3644560">
    <ele>1100.2</ele>
   </trkpt>
   <trkpt lat="-29.6899540" lon="24.3644710">
    <ele>1100.1</ele>
   </trkpt>
   <trkpt lat="-29.6898020" lon="24.3644860">
    <ele>1100.1</ele>
   </trkpt>
   <trkpt lat="-29.6896520" lon="24.3645020">
    <ele>1100.7</ele>
   </trkpt>
   <trkpt lat="-29.6895010" lon="24.3645140">
    <ele>1101.2</ele>
   </trkpt>
   <trkpt lat="-29.6893530" lon="24.3645280">
    <ele>1101.8</ele>
   </trkpt>
   <trkpt lat="-29.6892010" lon="24.3645440">
    <ele>1102.3</ele>
   </trkpt>
   <trkpt lat="-29.6890490" lon="24.3645600">
    <ele>1102.9</ele>
   </trkpt>
   <trkpt lat="-29.6888950" lon="24.3645750">
    <ele>1103.2</ele>
   </trkpt>
   <trkpt lat="-29.6887420" lon="24.3645890">
    <ele>1103.4</ele>
   </trkpt>
   <trkpt lat="-29.6885860" lon="24.3646000">
    <ele>1103.6</ele>
   </trkpt>
   <trkpt lat="-29.6884370" lon="24.3646150">
    <ele>1103.8</ele>
   </trkpt>
   <trkpt lat="-29.6882920" lon="24.3646270">
    <ele>1104.0</ele>
   </trkpt>
   <trkpt lat="-29.6881460" lon="24.3646420">
    <ele>1104.2</ele>
   </trkpt>
   <trkpt lat="-29.6879970" lon="24.3646570">
    <ele>1104.5</ele>
   </trkpt>
   <trkpt lat="-29.6878510" lon="24.3646720">
    <ele>1104.7</ele>
   </trkpt>
   <trkpt lat="-29.6877030" lon="24.3646820">
    <ele>1104.9</ele>
   </trkpt>
   <trkpt lat="-29.6875560" lon="24.3646940">
    <ele>1105.1</ele>
   </trkpt>
   <trkpt lat="-29.6874120" lon="24.3647090">
    <ele>1105.1</ele>
   </trkpt>
   <trkpt lat="-29.6872660" lon="24.3647250">
    <ele>1105.1</ele>
   </trkpt>
   <trkpt lat="-29.6871180" lon="24.3647390">
    <ele>1105.0</ele>
   </trkpt>
   <trkpt lat="-29.6869680" lon="24.3647530">
    <ele>1105.0</ele>
   </trkpt>
   <trkpt lat="-29.6868210" lon="24.3647680">
    <ele>1104.9</ele>
   </trkpt>
   <trkpt lat="-29.6866720" lon="24.3647830">
    <ele>1104.9</ele>
   </trkpt>
   <trkpt lat="-29.6865200" lon="24.3647970">
    <ele>1104.9</ele>
   </trkpt>
   <trkpt lat="-29.6863650" lon="24.3648140">
    <ele>1104.8</ele>
   </trkpt>
   <trkpt lat="-29.6862050" lon="24.3648300">
    <ele>1104.8</ele>
   </trkpt>
   <trkpt lat="-29.6860450" lon="24.3648480">
    <ele>1104.7</ele>
   </trkpt>
   <trkpt lat="-29.6858840" lon="24.3648650">
    <ele>1104.7</ele>
   </trkpt>
   <trkpt lat="-29.6857230" lon="24.3648850">
    <ele>1104.6</ele>
   </trkpt>
   <trkpt lat="-29.6855590" lon="24.3649010">
    <ele>1104.6</ele>
   </trkpt>
   <trkpt lat="-29.6853950" lon="24.3649180">
    <ele>1104.5</ele>
   </trkpt>
   <trkpt lat="-29.6852330" lon="24.3649320">
    <ele>1104.5</ele>
   </trkpt>
   <trkpt lat="-29.6850690" lon="24.3649450">
    <ele>1104.5</ele>
   </trkpt>
   <trkpt lat="-29.6849060" lon="24.3649600">
    <ele>1104.4</ele>
   </trkpt>
   <trkpt lat="-29.6847490" lon="24.3649730">
    <ele>1104.4</ele>
   </trkpt>
   <trkpt lat="-29.6845930" lon="24.3649840">
    <ele>1104.3</ele>
   </trkpt>
   <trkpt lat="-29.6844420" lon="24.3649970">
    <ele>1104.3</ele>
   </trkpt>
   <trkpt lat="-29.6842960" lon="24.3650100">
    <ele>1104.2</ele>
   </trkpt>
   <trkpt lat="-29.6841530" lon="24.3650220">
    <ele>1104.2</ele>
   </trkpt>
   <trkpt lat="-29.6840090" lon="24.3650330">
    <ele>1104.2</ele>
   </trkpt>
   <trkpt lat="-29.6838650" lon="24.3650430">
    <ele>1104.1</ele>
   </trkpt>
   <trkpt lat="-29.6837180" lon="24.3650480">
    <ele>1104.1</ele>
   </trkpt>
   <trkpt lat="-29.6835690" lon="24.3650530">
    <ele>1104.0</ele>
   </trkpt>
   <trkpt lat="-29.6834170" lon="24.3650550">
    <ele>1104.0</ele>
   </trkpt>
   <trkpt lat="-29.6832630" lon="24.3650530">
    <ele>1103.9</ele>
   </trkpt>
   <trkpt lat="-29.6831080" lon="24.3650490">
    <ele>1103.9</ele>
   </trkpt>
   <trkpt lat="-29.6829560" lon="24.3650450">
    <ele>1103.9</ele>
   </trkpt>
   <trkpt lat="-29.6828040" lon="24.3650430">
    <ele>1103.8</ele>
   </trkpt>
   <trkpt lat="-29.6826500" lon="24.3650410">
    <ele>1103.8</ele>
   </trkpt>
   <trkpt lat="-29.6824980" lon="24.3650420">
    <ele>1103.7</ele>
   </trkpt>
   <trkpt lat="-29.6823420" lon="24.3650400">
    <ele>1103.7</ele>
   </trkpt>
   <trkpt lat="-29.6821860" lon="24.3650370">
    <ele>1103.6</ele>
   </trkpt>
   <trkpt lat="-29.6820280" lon="24.3650320">
    <ele>1103.6</ele>
   </trkpt>
   <trkpt lat="-29.6818700" lon="24.3650280">
    <ele>1103.6</ele>
   </trkpt>
   <trkpt lat="-29.6817160" lon="24.3650220">
    <ele>1103.5</ele>
   </trkpt>
   <trkpt lat="-29.6815630" lon="24.3650180">
    <ele>1103.5</ele>
   </trkpt>
   <trkpt lat="-29.6814100" lon="24.3650150">
    <ele>1103.4</ele>
   </trkpt>
   <trkpt lat="-29.6812570" lon="24.3650120">
    <ele>1103.4</ele>
   </trkpt>
   <trkpt lat="-29.6811010" lon="24.3650080">
    <ele>1103.3</ele>
   </trkpt>
   <trkpt lat="-29.6809450" lon="24.3650040">
    <ele>1103.3</ele>
   </trkpt>
   <trkpt lat="-29.6807870" lon="24.3650010">
    <ele>1103.2</ele>
   </trkpt>
   <trkpt lat="-29.6806290" lon="24.3649960">
    <ele>1103.2</ele>
   </trkpt>
   <trkpt lat="-29.6804720" lon="24.3649930">
    <ele>1103.2</ele>
   </trkpt>
   <trkpt lat="-29.6803190" lon="24.3649890">
    <ele>1103.1</ele>
   </trkpt>
   <trkpt lat="-29.6801690" lon="24.3649850">
    <ele>1103.1</ele>
   </trkpt>
   <trkpt lat="-29.6800200" lon="24.3649820">
    <ele>1103.0</ele>
   </trkpt>
   <trkpt lat="-29.6798730" lon="24.3649820">
    <ele>1103.0</ele>
   </trkpt>
   <trkpt lat="-29.6797230" lon="24.3649790">
    <ele>1102.9</ele>
   </trkpt>
   <trkpt lat="-29.6795790" lon="24.3649720">
    <ele>1102.9</ele>
   </trkpt>
   <trkpt lat="-29.6794400" lon="24.3649670">
    <ele>1102.9</ele>
   </trkpt>
   <trkpt lat="-29.6793080" lon="24.3649610">
    <ele>1102.6</ele>
   </trkpt>
   <trkpt lat="-29.6791730" lon="24.3649600">
    <ele>1102.3</ele>
   </trkpt>
   <trkpt lat="-29.6790310" lon="24.3649600">
    <ele>1102.0</ele>
   </trkpt>
   <trkpt lat="-29.6788840" lon="24.3649550">
    <ele>1101.8</ele>
   </trkpt>
   <trkpt lat="-29.6787320" lon="24.3649340">
    <ele>1101.6</ele>
   </trkpt>
   <trkpt lat="-29.6785750" lon="24.3649300">
    <ele>1101.4</ele>
   </trkpt>
   <trkpt lat="-29.6784180" lon="24.3649290">
    <ele>1101.2</ele>
   </trkpt>
   <trkpt lat="-29.6782590" lon="24.3649260">
    <ele>1101.0</ele>
   </trkpt>
   <trkpt lat="-29.6781000" lon="24.3649190">
    <ele>1100.8</ele>
   </trkpt>
   <trkpt lat="-29.6779410" lon="24.3649150">
    <ele>1100.6</ele>
   </trkpt>
   <trkpt lat="-29.6777840" lon="24.3649120">
    <ele>1100.4</ele>
   </trkpt>
   <trkpt lat="-29.6776240" lon="24.3649090">
    <ele>1100.2</ele>
   </trkpt>
   <trkpt lat="-29.6774650" lon="24.3649040">
    <ele>1100.0</ele>
   </trkpt>
   <trkpt lat="-29.6773060" lon="24.3649030">
    <ele>1099.8</ele>
   </trkpt>
   <trkpt lat="-29.6771440" lon="24.3649010">
    <ele>1099.6</ele>
   </trkpt>
   <trkpt lat="-29.6769810" lon="24.3648950">
    <ele>1099.4</ele>
   </trkpt>
   <trkpt lat="-29.6768180" lon="24.3648900">
    <ele>1099.2</ele>
   </trkpt>
   <trkpt lat="-29.6766550" lon="24.3648870">
    <ele>1099.0</ele>
   </trkpt>
   <trkpt lat="-29.6764920" lon="24.3648820">
    <ele>1098.8</ele>
   </trkpt>
   <trkpt lat="-29.6763290" lon="24.3648780">
    <ele>1098.6</ele>
   </trkpt>
   <trkpt lat="-29.6761660" lon="24.3648760">
    <ele>1098.4</ele>
   </trkpt>
   <trkpt lat="-29.6760020" lon="24.3648700">
    <ele>1098.2</ele>
   </trkpt>
   <trkpt lat="-29.6758360" lon="24.3648660">
    <ele>1098.0</ele>
   </trkpt>
   <trkpt lat="-29.6756750" lon="24.3648630">
    <ele>1097.7</ele>
   </trkpt>
   <trkpt lat="-29.6755160" lon="24.3648580">
    <ele>1097.4</ele>
   </trkpt>
   <trkpt lat="-29.6753520" lon="24.3648520">
    <ele>1097.1</ele>
   </trkpt>
   <trkpt lat="-29.6751930" lon="24.3648500">
    <ele>1096.8</ele>
   </trkpt>
   <trkpt lat="-29.6750330" lon="24.3648490">
    <ele>1096.4</ele>
   </trkpt>
   <trkpt lat="-29.6748720" lon="24.3648440">
    <ele>1096.1</ele>
   </trkpt>
   <trkpt lat="-29.6747120" lon="24.3648390">
    <ele>1095.9</ele>
   </trkpt>
   <trkpt lat="-29.6745520" lon="24.3648350">
    <ele>1095.7</ele>
   </trkpt>
   <trkpt lat="-29.6743940" lon="24.3648320">
    <ele>1095.5</ele>
   </trkpt>
   <trkpt lat="-29.6742400" lon="24.3648280">
    <ele>1095.3</ele>
   </trkpt>
   <trkpt lat="-29.6739410" lon="24.3648160">
    <ele>1094.9</ele>
   </trkpt>
   <trkpt lat="-29.6737920" lon="24.3648110">
    <ele>1094.7</ele>
   </trkpt>
   <trkpt lat="-29.6736420" lon="24.3648070">
    <ele>1094.5</ele>
   </trkpt>
   <trkpt lat="-29.6734930" lon="24.3648050">
    <ele>1094.4</ele>
   </trkpt>
   <trkpt lat="-29.6733400" lon="24.3648030">
    <ele>1094.2</ele>
   </trkpt>
   <trkpt lat="-29.6731860" lon="24.3647990">
    <ele>1094.0</ele>
   </trkpt>
   <trkpt lat="-29.6730320" lon="24.3647960">
    <ele>1093.8</ele>
   </trkpt>
   <trkpt lat="-29.6728800" lon="24.3647910">
    <ele>1093.6</ele>
   </trkpt>
   <trkpt lat="-29.6727310" lon="24.3647890">
    <ele>1093.4</ele>
   </trkpt>
   <trkpt lat="-29.6725820" lon="24.3647840">
    <ele>1093.2</ele>
   </trkpt>
   <trkpt lat="-29.6724340" lon="24.3647800">
    <ele>1093.0</ele>
   </trkpt>
   <trkpt lat="-29.6722850" lon="24.3647780">
    <ele>1092.9</ele>
   </trkpt>
   <trkpt lat="-29.6721340" lon="24.3647770">
    <ele>1092.7</ele>
   </trkpt>
   <trkpt lat="-29.6719820" lon="24.3647730">
    <ele>1092.5</ele>
   </trkpt>
   <trkpt lat="-29.6718320" lon="24.3647710">
    <ele>1092.3</ele>
   </trkpt>
   <trkpt lat="-29.6716820" lon="24.3647680">
    <ele>1092.1</ele>
   </trkpt>
   <trkpt lat="-29.6715340" lon="24.3647650">
    <ele>1091.9</ele>
   </trkpt>
   <trkpt lat="-29.6713850" lon="24.3647630">
    <ele>1091.7</ele>
   </trkpt>
   <trkpt lat="-29.6712370" lon="24.3647600">
    <ele>1091.6</ele>
   </trkpt>
   <trkpt lat="-29.6710900" lon="24.3647540">
    <ele>1091.4</ele>
   </trkpt>
   <trkpt lat="-29.6709410" lon="24.3647480">
    <ele>1091.2</ele>
   </trkpt>
   <trkpt lat="-29.6707930" lon="24.3647460">
    <ele>1091.0</ele>
   </trkpt>
   <trkpt lat="-29.6706440" lon="24.3647430">
    <ele>1090.8</ele>
   </trkpt>
   <trkpt lat="-29.6704960" lon="24.3647370">
    <ele>1090.6</ele>
   </trkpt>
   <trkpt lat="-29.6703480" lon="24.3647310">
    <ele>1090.5</ele>
   </trkpt>
   <trkpt lat="-29.6701980" lon="24.3647290">
    <ele>1090.3</ele>
   </trkpt>
   <trkpt lat="-29.6700500" lon="24.3647260">
    <ele>1090.1</ele>
   </trkpt>
   <trkpt lat="-29.6699040" lon="24.3647230">
    <ele>1089.9</ele>
   </trkpt>
   <trkpt lat="-29.6697590" lon="24.3647230">
    <ele>1089.7</ele>
   </trkpt>
   <trkpt lat="-29.6696170" lon="24.3647190">
    <ele>1089.6</ele>
   </trkpt>
   <trkpt lat="-29.6694760" lon="24.3647120">
    <ele>1089.4</ele>
   </trkpt>
   <trkpt lat="-29.6693340" lon="24.3647090">
    <ele>1089.2</ele>
   </trkpt>
   <trkpt lat="-29.6691900" lon="24.3647070">
    <ele>1089.0</ele>
   </trkpt>
   <trkpt lat="-29.6690480" lon="24.3647040">
    <ele>1088.8</ele>
   </trkpt>
   <trkpt lat="-29.6689040" lon="24.3647010">
    <ele>1088.7</ele>
   </trkpt>
   <trkpt lat="-29.6687680" lon="24.3646980">
    <ele>1088.5</ele>
   </trkpt>
   <trkpt lat="-29.6686360" lon="24.3646960">
    <ele>1088.3</ele>
   </trkpt>
   <trkpt lat="-29.6685230" lon="24.3646960">
    <ele>1088.2</ele>
   </trkpt>
   <trkpt lat="-29.6684210" lon="24.3646930">
    <ele>1088.1</ele>
   </trkpt>
   <trkpt lat="-29.6683320" lon="24.3646930">
    <ele>1088.0</ele>
   </trkpt>
   <trkpt lat="-29.6682450" lon="24.3646930">
    <ele>1088.0</ele>
   </trkpt>
   <trkpt lat="-29.6681490" lon="24.3646900">
    <ele>1088.0</ele>
   </trkpt>
   <trkpt lat="-29.6680460" lon="24.3646890">
    <ele>1088.0</ele>
   </trkpt>
   <trkpt lat="-29.6679490" lon="24.3646890">
    <ele>1088.1</ele>
   </trkpt>
   <trkpt lat="-29.6678470" lon="24.3646870">
    <ele>1088.1</ele>
   </trkpt>
   <trkpt lat="-29.6677340" lon="24.3646860">
    <ele>1088.1</ele>
   </trkpt>
   <trkpt lat="-29.6676170" lon="24.3646850">
    <ele>1088.2</ele>
   </trkpt>
   <trkpt lat="-29.6674940" lon="24.3646800">
    <ele>1088.2</ele>
   </trkpt>
   <trkpt lat="-29.6673640" lon="24.3646770">
    <ele>1088.3</ele>
   </trkpt>
   <trkpt lat="-29.6672290" lon="24.3646720">
    <ele>1088.3</ele>
   </trkpt>
   <trkpt lat="-29.6670900" lon="24.3646700">
    <ele>1088.4</ele>
   </trkpt>
   <trkpt lat="-29.6669520" lon="24.3646660">
    <ele>1088.4</ele>
   </trkpt>
   <trkpt lat="-29.6668160" lon="24.3646630">
    <ele>1088.5</ele>
   </trkpt>
   <trkpt lat="-29.6666820" lon="24.3646600">
    <ele>1088.5</ele>
   </trkpt>
   <trkpt lat="-29.6665510" lon="24.3646570">
    <ele>1088.6</ele>
   </trkpt>
   <trkpt lat="-29.6664180" lon="24.3646550">
    <ele>1088.6</ele>
   </trkpt>
   <trkpt lat="-29.6662870" lon="24.3646530">
    <ele>1088.7</ele>
   </trkpt>
   <trkpt lat="-29.6661560" lon="24.3646510">
    <ele>1088.7</ele>
   </trkpt>
   <trkpt lat="-29.6660210" lon="24.3646510">
    <ele>1088.8</ele>
   </trkpt>
   <trkpt lat="-29.6658850" lon="24.3646480">
    <ele>1088.8</ele>
   </trkpt>
   <trkpt lat="-29.6657560" lon="24.3646450">
    <ele>1088.9</ele>
   </trkpt>
   <trkpt lat="-29.6656260" lon="24.3646400">
    <ele>1088.9</ele>
   </trkpt>
   <trkpt lat="-29.6654970" lon="24.3646350">
    <ele>1088.9</ele>
   </trkpt>
   <trkpt lat="-29.6653670" lon="24.3646300">
    <ele>1089.0</ele>
   </trkpt>
   <trkpt lat="-29.6652430" lon="24.3646280">
    <ele>1089.0</ele>
   </trkpt>
   <trkpt lat="-29.6651130" lon="24.3646270">
    <ele>1089.1</ele>
   </trkpt>
   <trkpt lat="-29.6649870" lon="24.3646240">
    <ele>1089.1</ele>
   </trkpt>
   <trkpt lat="-29.6648550" lon="24.3646200">
    <ele>1089.2</ele>
   </trkpt>
   <trkpt lat="-29.6647260" lon="24.3646180">
    <ele>1089.2</ele>
   </trkpt>
   <trkpt lat="-29.6646000" lon="24.3646140">
    <ele>1089.3</ele>
   </trkpt>
   <trkpt lat="-29.6644730" lon="24.3646110">
    <ele>1089.3</ele>
   </trkpt>
   <trkpt lat="-29.6643430" lon="24.3646080">
    <ele>1089.4</ele>
   </trkpt>
   <trkpt lat="-29.6642160" lon="24.3646040">
    <ele>1089.4</ele>
   </trkpt>
   <trkpt lat="-29.6640890" lon="24.3645960">
    <ele>1089.5</ele>
   </trkpt>
   <trkpt lat="-29.6639600" lon="24.3645900">
    <ele>1089.5</ele>
   </trkpt>
   <trkpt lat="-29.6638340" lon="24.3645820">
    <ele>1089.5</ele>
   </trkpt>
   <trkpt lat="-29.6637070" lon="24.3645720">
    <ele>1089.6</ele>
   </trkpt>
   <trkpt lat="-29.6635830" lon="24.3645560">
    <ele>1089.6</ele>
   </trkpt>
   <trkpt lat="-29.6634570" lon="24.3645410">
    <ele>1089.7</ele>
   </trkpt>
   <trkpt lat="-29.6633310" lon="24.3645220">
    <ele>1089.7</ele>
   </trkpt>
   <trkpt lat="-29.6632060" lon="24.3645000">
    <ele>1089.8</ele>
   </trkpt>
   <trkpt lat="-29.6630800" lon="24.3644770">
    <ele>1089.8</ele>
   </trkpt>
   <trkpt lat="-29.6629540" lon="24.3644500">
    <ele>1089.9</ele>
   </trkpt>
   <trkpt lat="-29.6628260" lon="24.3644190">
    <ele>1089.9</ele>
   </trkpt>
   <trkpt lat="-29.6627030" lon="24.3643860">
    <ele>1090.0</ele>
   </trkpt>
   <trkpt lat="-29.6625820" lon="24.3643550">
    <ele>1090.0</ele>
   </trkpt>
   <trkpt lat="-29.6624670" lon="24.3643240">
    <ele>1090.0</ele>
   </trkpt>
   <trkpt lat="-29.6623520" lon="24.3642890">
    <ele>1090.1</ele>
   </trkpt>
   <trkpt lat="-29.6622400" lon="24.3642570">
    <ele>1090.1</ele>
   </trkpt>
   <trkpt lat="-29.6621340" lon="24.3642270">
    <ele>1090.2</ele>
   </trkpt>
   <trkpt lat="-29.6620250" lon="24.3641980">
    <ele>1090.2</ele>
   </trkpt>
   <trkpt lat="-29.6619100" lon="24.3641680">
    <ele>1090.2</ele>
   </trkpt>
   <trkpt lat="-29.6617970" lon="24.3641380">
    <ele>1090.3</ele>
   </trkpt>
   <trkpt lat="-29.6616800" lon="24.3641060">
    <ele>1090.3</ele>
   </trkpt>
   <trkpt lat="-29.6615590" lon="24.3640700">
    <ele>1090.4</ele>
   </trkpt>
   <trkpt lat="-29.6614390" lon="24.3640340">
    <ele>1090.4</ele>
   </trkpt>
   <trkpt lat="-29.6613160" lon="24.3639990">
    <ele>1090.5</ele>
   </trkpt>
   <trkpt lat="-29.6611890" lon="24.3639620">
    <ele>1090.5</ele>
   </trkpt>
   <trkpt lat="-29.6610670" lon="24.3639270">
    <ele>1090.6</ele>
   </trkpt>
   <trkpt lat="-29.6609390" lon="24.3638890">
    <ele>1090.6</ele>
   </trkpt>
   <trkpt lat="-29.6608180" lon="24.3638530">
    <ele>1090.7</ele>
   </trkpt>
   <trkpt lat="-29.6606930" lon="24.3638180">
    <ele>1090.7</ele>
   </trkpt>
   <trkpt lat="-29.6605670" lon="24.3637810">
    <ele>1090.7</ele>
   </trkpt>
   <trkpt lat="-29.6604460" lon="24.3637450">
    <ele>1090.8</ele>
   </trkpt>
   <trkpt lat="-29.6603290" lon="24.3637110">
    <ele>1090.8</ele>
   </trkpt>
   <trkpt lat="-29.6602150" lon="24.3636790">
    <ele>1090.9</ele>
   </trkpt>
   <trkpt lat="-29.6600970" lon="24.3636440">
    <ele>1090.9</ele>
   </trkpt>
   <trkpt lat="-29.6599870" lon="24.3636120">
    <ele>1091.0</ele>
   </trkpt>
   <trkpt lat="-29.6598710" lon="24.3635820">
    <ele>1091.0</ele>
   </trkpt>
   <trkpt lat="-29.6597550" lon="24.3635510">
    <ele>1091.0</ele>
   </trkpt>
   <trkpt lat="-29.6596360" lon="24.3635180">
    <ele>1091.1</ele>
   </trkpt>
   <trkpt lat="-29.6595180" lon="24.3634850">
    <ele>1091.1</ele>
   </trkpt>
   <trkpt lat="-29.6593960" lon="24.3634490">
    <ele>1091.1</ele>
   </trkpt>
   <trkpt lat="-29.6592750" lon="24.3634150">
    <ele>1091.1</ele>
   </trkpt>
   <trkpt lat="-29.6591450" lon="24.3633750">
    <ele>1091.2</ele>
   </trkpt>
   <trkpt lat="-29.6590230" lon="24.3633420">
    <ele>1091.2</ele>
   </trkpt>
   <trkpt lat="-29.6588990" lon="24.3633090">
    <ele>1091.2</ele>
   </trkpt>
   <trkpt lat="-29.6587640" lon="24.3632730">
    <ele>1091.3</ele>
   </trkpt>
   <trkpt lat="-29.6586360" lon="24.3632380">
    <ele>1091.3</ele>
   </trkpt>
   <trkpt lat="-29.6585060" lon="24.3632000">
    <ele>1091.3</ele>
   </trkpt>
   <trkpt lat="-29.6583780" lon="24.3631610">
    <ele>1091.4</ele>
   </trkpt>
   <trkpt lat="-29.6582470" lon="24.3631250">
    <ele>1091.4</ele>
   </trkpt>
   <trkpt lat="-29.6581180" lon="24.3630890">
    <ele>1091.4</ele>
   </trkpt>
   <trkpt lat="-29.6579910" lon="24.3630530">
    <ele>1091.5</ele>
   </trkpt>
   <trkpt lat="-29.6578630" lon="24.3630170">
    <ele>1091.5</ele>
   </trkpt>
   <trkpt lat="-29.6577360" lon="24.3629820">
    <ele>1091.5</ele>
   </trkpt>
   <trkpt lat="-29.6576080" lon="24.3629480">
    <ele>1091.6</ele>
   </trkpt>
   <trkpt lat="-29.6574800" lon="24.3629140">
    <ele>1091.6</ele>
   </trkpt>
   <trkpt lat="-29.6573540" lon="24.3628780">
    <ele>1091.6</ele>
   </trkpt>
   <trkpt lat="-29.6570990" lon="24.3628090">
    <ele>1091.7</ele>
   </trkpt>
   <trkpt lat="-29.6569760" lon="24.3627780">
    <ele>1091.7</ele>
   </trkpt>
   <trkpt lat="-29.6568540" lon="24.3627450">
    <ele>1091.7</ele>
   </trkpt>
   <trkpt lat="-29.6567320" lon="24.3627140">
    <ele>1091.8</ele>
   </trkpt>
   <trkpt lat="-29.6566070" lon="24.3626820">
    <ele>1091.8</ele>
   </trkpt>
   <trkpt lat="-29.6564790" lon="24.3626510">
    <ele>1091.8</ele>
   </trkpt>
   <trkpt lat="-29.6563500" lon="24.3626210">
    <ele>1091.9</ele>
   </trkpt>
   <trkpt lat="-29.6562160" lon="24.3625930">
    <ele>1091.9</ele>
   </trkpt>
   <trkpt lat="-29.6560830" lon="24.3625660">
    <ele>1091.9</ele>
   </trkpt>
   <trkpt lat="-29.6559530" lon="24.3625400">
    <ele>1092.0</ele>
   </trkpt>
   <trkpt lat="-29.6558230" lon="24.3625150">
    <ele>1092.0</ele>
   </trkpt>
   <trkpt lat="-29.6556900" lon="24.3624910">
    <ele>1092.0</ele>
   </trkpt>
   <trkpt lat="-29.6555580" lon="24.3624690">
    <ele>1092.0</ele>
   </trkpt>
   <trkpt lat="-29.6554270" lon="24.3624480">
    <ele>1092.1</ele>
   </trkpt>
   <trkpt lat="-29.6552950" lon="24.3624280">
    <ele>1092.1</ele>
   </trkpt>
   <trkpt lat="-29.6551710" lon="24.3624120">
    <ele>1092.1</ele>
   </trkpt>
   <trkpt lat="-29.6550470" lon="24.3623990">
    <ele>1092.2</ele>
   </trkpt>
   <trkpt lat="-29.6549270" lon="24.3623830">
    <ele>1092.2</ele>
   </trkpt>
   <trkpt lat="-29.6548060" lon="24.3623670">
    <ele>1092.2</ele>
   </trkpt>
   <trkpt lat="-29.6546840" lon="24.3623490">
    <ele>1092.3</ele>
   </trkpt>
   <trkpt lat="-29.6545540" lon="24.3623280">
    <ele>1092.3</ele>
   </trkpt>
   <trkpt lat="-29.6544220" lon="24.3623080">
    <ele>1092.3</ele>
   </trkpt>
   <trkpt lat="-29.6542870" lon="24.3622870">
    <ele>1092.4</ele>
   </trkpt>
   <trkpt lat="-29.6541520" lon="24.3622650">
    <ele>1092.4</ele>
   </trkpt>
   <trkpt lat="-29.6540160" lon="24.3622440">
    <ele>1092.4</ele>
   </trkpt>
   <trkpt lat="-29.6538790" lon="24.3622240">
    <ele>1092.5</ele>
   </trkpt>
   <trkpt lat="-29.6537440" lon="24.3622050">
    <ele>1092.5</ele>
   </trkpt>
   <trkpt lat="-29.6536110" lon="24.3621860">
    <ele>1092.5</ele>
   </trkpt>
   <trkpt lat="-29.6534820" lon="24.3621690">
    <ele>1092.5</ele>
   </trkpt>
   <trkpt lat="-29.6533580" lon="24.3621530">
    <ele>1092.6</ele>
   </trkpt>
   <trkpt lat="-29.6532420" lon="24.3621350">
    <ele>1092.6</ele>
   </trkpt>
   <trkpt lat="-29.6531290" lon="24.3621180">
    <ele>1092.6</ele>
   </trkpt>
   <trkpt lat="-29.6530250" lon="24.3621010">
    <ele>1092.7</ele>
   </trkpt>
   <trkpt lat="-29.6529160" lon="24.3620860">
    <ele>1092.7</ele>
   </trkpt>
   <trkpt lat="-29.6528030" lon="24.3620690">
    <ele>1092.7</ele>
   </trkpt>
   <trkpt lat="-29.6526840" lon="24.3620470">
    <ele>1092.7</ele>
   </trkpt>
   <trkpt lat="-29.6525590" lon="24.3620270">
    <ele>1092.8</ele>
   </trkpt>
   <trkpt lat="-29.6524310" lon="24.3620090">
    <ele>1092.8</ele>
   </trkpt>
   <trkpt lat="-29.6523030" lon="24.3619890">
    <ele>1092.8</ele>
   </trkpt>
   <trkpt lat="-29.6521790" lon="24.3619680">
    <ele>1092.9</ele>
   </trkpt>
   <trkpt lat="-29.6520580" lon="24.3619480">
    <ele>1092.9</ele>
   </trkpt>
   <trkpt lat="-29.6519420" lon="24.3619300">
    <ele>1092.9</ele>
   </trkpt>
   <trkpt lat="-29.6518270" lon="24.3619110">
    <ele>1092.9</ele>
   </trkpt>
   <trkpt lat="-29.6517140" lon="24.3618940">
    <ele>1093.0</ele>
   </trkpt>
   <trkpt lat="-29.6515990" lon="24.3618790">
    <ele>1093.0</ele>
   </trkpt>
   <trkpt lat="-29.6514820" lon="24.3618620">
    <ele>1093.1</ele>
   </trkpt>
   <trkpt lat="-29.6513660" lon="24.3618440">
    <ele>1093.2</ele>
   </trkpt>
   <trkpt lat="-29.6512470" lon="24.3618230">
    <ele>1093.3</ele>
   </trkpt>
   <trkpt lat="-29.6511240" lon="24.3618050">
    <ele>1093.3</ele>
   </trkpt>
   <trkpt lat="-29.6510010" lon="24.3617870">
    <ele>1093.4</ele>
   </trkpt>
   <trkpt lat="-29.6508780" lon="24.3617690">
    <ele>1093.5</ele>
   </trkpt>
   <trkpt lat="-29.6507510" lon="24.3617500">
    <ele>1093.6</ele>
   </trkpt>
   <trkpt lat="-29.6506270" lon="24.3617340">
    <ele>1093.7</ele>
   </trkpt>
   <trkpt lat="-29.6505010" lon="24.3617160">
    <ele>1093.8</ele>
   </trkpt>
   <trkpt lat="-29.6503720" lon="24.3616960">
    <ele>1093.9</ele>
   </trkpt>
   <trkpt lat="-29.6502460" lon="24.3616790">
    <ele>1093.9</ele>
   </trkpt>
   <trkpt lat="-29.6501180" lon="24.3616610">
    <ele>1094.0</ele>
   </trkpt>
   <trkpt lat="-29.6499890" lon="24.3616440">
    <ele>1094.1</ele>
   </trkpt>
   <trkpt lat="-29.6498610" lon="24.3616250">
    <ele>1094.2</ele>
   </trkpt>
   <trkpt lat="-29.6497330" lon="24.3616080">
    <ele>1094.3</ele>
   </trkpt>
   <trkpt lat="-29.6496060" lon="24.3615900">
    <ele>1094.4</ele>
   </trkpt>
   <trkpt lat="-29.6494780" lon="24.3615720">
    <ele>1094.5</ele>
   </trkpt>
   <trkpt lat="-29.6493550" lon="24.3615550">
    <ele>1094.5</ele>
   </trkpt>
   <trkpt lat="-29.6492370" lon="24.3615400">
    <ele>1094.6</ele>
   </trkpt>
   <trkpt lat="-29.6491200" lon="24.3615210">
    <ele>1094.7</ele>
   </trkpt>
   <trkpt lat="-29.6490050" lon="24.3615050">
    <ele>1094.8</ele>
   </trkpt>
   <trkpt lat="-29.6488900" lon="24.3614880">
    <ele>1094.8</ele>
   </trkpt>
   <trkpt lat="-29.6487700" lon="24.3614710">
    <ele>1094.9</ele>
   </trkpt>
   <trkpt lat="-29.6486490" lon="24.3614540">
    <ele>1095.0</ele>
   </trkpt>
   <trkpt lat="-29.6485270" lon="24.3614360">
    <ele>1095.1</ele>
   </trkpt>
   <trkpt lat="-29.6484030" lon="24.3614190">
    <ele>1095.2</ele>
   </trkpt>
   <trkpt lat="-29.6482810" lon="24.3614020">
    <ele>1095.3</ele>
   </trkpt>
   <trkpt lat="-29.6481610" lon="24.3613900">
    <ele>1095.3</ele>
   </trkpt>
   <trkpt lat="-29.6480460" lon="24.3613800">
    <ele>1095.4</ele>
   </trkpt>
   <trkpt lat="-29.6479350" lon="24.3613650">
    <ele>1095.5</ele>
   </trkpt>
   <trkpt lat="-29.6478220" lon="24.3613450">
    <ele>1095.6</ele>
   </trkpt>
   <trkpt lat="-29.6477080" lon="24.3613190">
    <ele>1095.6</ele>
   </trkpt>
   <trkpt lat="-29.6475870" lon="24.3612930">
    <ele>1095.7</ele>
   </trkpt>
   <trkpt lat="-29.6474610" lon="24.3612730">
    <ele>1095.8</ele>
   </trkpt>
   <trkpt lat="-29.6473350" lon="24.3612530">
    <ele>1095.9</ele>
   </trkpt>
   <trkpt lat="-29.6472080" lon="24.3612330">
    <ele>1096.0</ele>
   </trkpt>
   <trkpt lat="-29.6470780" lon="24.3612150">
    <ele>1096.1</ele>
   </trkpt>
   <trkpt lat="-29.6469510" lon="24.3612010">
    <ele>1096.2</ele>
   </trkpt>
   <trkpt lat="-29.6468240" lon="24.3611860">
    <ele>1096.2</ele>
   </trkpt>
   <trkpt lat="-29.6466980" lon="24.3611670">
    <ele>1096.3</ele>
   </trkpt>
   <trkpt lat="-29.6465720" lon="24.3611510">
    <ele>1096.4</ele>
   </trkpt>
   <trkpt lat="-29.6464490" lon="24.3611310">
    <ele>1096.5</ele>
   </trkpt>
   <trkpt lat="-29.6463230" lon="24.3611090">
    <ele>1096.6</ele>
   </trkpt>
   <trkpt lat="-29.6461950" lon="24.3610870">
    <ele>1096.7</ele>
   </trkpt>
   <trkpt lat="-29.6460630" lon="24.3610650">
    <ele>1096.8</ele>
   </trkpt>
   <trkpt lat="-29.6459300" lon="24.3610460">
    <ele>1096.8</ele>
   </trkpt>
   <trkpt lat="-29.6457960" lon="24.3610240">
    <ele>1096.9</ele>
   </trkpt>
   <trkpt lat="-29.6456610" lon="24.3610020">
    <ele>1097.0</ele>
   </trkpt>
   <trkpt lat="-29.6455240" lon="24.3609820">
    <ele>1097.1</ele>
   </trkpt>
   <trkpt lat="-29.6453900" lon="24.3609620">
    <ele>1097.2</ele>
   </trkpt>
   <trkpt lat="-29.6452550" lon="24.3609430">
    <ele>1097.3</ele>
   </trkpt>
   <trkpt lat="-29.6451250" lon="24.3609230">
    <ele>1097.4</ele>
   </trkpt>
   <trkpt lat="-29.6449930" lon="24.3609020">
    <ele>1097.5</ele>
   </trkpt>
   <trkpt lat="-29.6448660" lon="24.3608780">
    <ele>1097.6</ele>
   </trkpt>
   <trkpt lat="-29.6447390" lon="24.3608550">
    <ele>1097.7</ele>
   </trkpt>
   <trkpt lat="-29.6446130" lon="24.3608350">
    <ele>1097.7</ele>
   </trkpt>
   <trkpt lat="-29.6444860" lon="24.3608150">
    <ele>1097.8</ele>
   </trkpt>
   <trkpt lat="-29.6443590" lon="24.3607970">
    <ele>1097.9</ele>
   </trkpt>
   <trkpt lat="-29.6442330" lon="24.3607770">
    <ele>1098.0</ele>
   </trkpt>
   <trkpt lat="-29.6441030" lon="24.3607540">
    <ele>1098.1</ele>
   </trkpt>
   <trkpt lat="-29.6439720" lon="24.3607330">
    <ele>1098.2</ele>
   </trkpt>
   <trkpt lat="-29.6438480" lon="24.3607210">
    <ele>1098.3</ele>
   </trkpt>
   <trkpt lat="-29.6437210" lon="24.3607080">
    <ele>1098.3</ele>
   </trkpt>
   <trkpt lat="-29.6436000" lon="24.3607020">
    <ele>1098.4</ele>
   </trkpt>
   <trkpt lat="-29.6434850" lon="24.3606960">
    <ele>1098.5</ele>
   </trkpt>
   <trkpt lat="-29.6433740" lon="24.3606830">
    <ele>1098.6</ele>
   </trkpt>
   <trkpt lat="-29.6432640" lon="24.3606600">
    <ele>1098.6</ele>
   </trkpt>
   <trkpt lat="-29.6431500" lon="24.3606350">
    <ele>1098.7</ele>
   </trkpt>
   <trkpt lat="-29.6430340" lon="24.3606090">
    <ele>1098.8</ele>
   </trkpt>
   <trkpt lat="-29.6429140" lon="24.3605850">
    <ele>1098.9</ele>
   </trkpt>
   <trkpt lat="-29.6427940" lon="24.3605630">
    <ele>1099.0</ele>
   </trkpt>
   <trkpt lat="-29.6426730" lon="24.3605420">
    <ele>1099.2</ele>
   </trkpt>
   <trkpt lat="-29.6425590" lon="24.3605220">
    <ele>1099.4</ele>
   </trkpt>
   <trkpt lat="-29.6424400" lon="24.3605040">
    <ele>1099.7</ele>
   </trkpt>
   <trkpt lat="-29.6423200" lon="24.3604890">
    <ele>1099.9</ele>
   </trkpt>
   <trkpt lat="-29.6421980" lon="24.3604750">
    <ele>1100.2</ele>
   </trkpt>
   <trkpt lat="-29.6419520" lon="24.3604420">
    <ele>1100.7</ele>
   </trkpt>
   <trkpt lat="-29.6418280" lon="24.3604260">
    <ele>1101.0</ele>
   </trkpt>
   <trkpt lat="-29.6417030" lon="24.3604110">
    <ele>1101.3</ele>
   </trkpt>
   <trkpt lat="-29.6415750" lon="24.3603970">
    <ele>1101.6</ele>
   </trkpt>
   <trkpt lat="-29.6414500" lon="24.3603830">
    <ele>1101.8</ele>
   </trkpt>
   <trkpt lat="-29.6413220" lon="24.3603730">
    <ele>1102.1</ele>
   </trkpt>
   <trkpt lat="-29.6411940" lon="24.3603670">
    <ele>1102.4</ele>
   </trkpt>
   <trkpt lat="-29.6410670" lon="24.3603670">
    <ele>1102.6</ele>
   </trkpt>
   <trkpt lat="-29.6409350" lon="24.3603700">
    <ele>1102.9</ele>
   </trkpt>
   <trkpt lat="-29.6408060" lon="24.3603770">
    <ele>1103.2</ele>
   </trkpt>
   <trkpt lat="-29.6406730" lon="24.3603880">
    <ele>1103.5</ele>
   </trkpt>
   <trkpt lat="-29.6405420" lon="24.3604050">
    <ele>1103.8</ele>
   </trkpt>
   <trkpt lat="-29.6404120" lon="24.3604270">
    <ele>1104.1</ele>
   </trkpt>
   <trkpt lat="-29.6402820" lon="24.3604560">
    <ele>1104.3</ele>
   </trkpt>
   <trkpt lat="-29.6401530" lon="24.3604910">
    <ele>1104.6</ele>
   </trkpt>
   <trkpt lat="-29.6400270" lon="24.3605310">
    <ele>1104.9</ele>
   </trkpt>
   <trkpt lat="-29.6399110" lon="24.3605730">
    <ele>1105.2</ele>
   </trkpt>
   <trkpt lat="-29.6398000" lon="24.3606140">
    <ele>1105.4</ele>
   </trkpt>
   <trkpt lat="-29.6396900" lon="24.3606560">
    <ele>1105.7</ele>
   </trkpt>
   <trkpt lat="-29.6395800" lon="24.3606990">
    <ele>1105.9</ele>
   </trkpt>
   <trkpt lat="-29.6394670" lon="24.3607420">
    <ele>1106.2</ele>
   </trkpt>
   <trkpt lat="-29.6393510" lon="24.3607910">
    <ele>1106.4</ele>
   </trkpt>
   <trkpt lat="-29.6392330" lon="24.3608390">
    <ele>1106.7</ele>
   </trkpt>
   <trkpt lat="-29.6391110" lon="24.3608860">
    <ele>1107.0</ele>
   </trkpt>
   <trkpt lat="-29.6389880" lon="24.3609350">
    <ele>1107.3</ele>
   </trkpt>
   <trkpt lat="-29.6388630" lon="24.3609850">
    <ele>1107.6</ele>
   </trkpt>
   <trkpt lat="-29.6387370" lon="24.3610310">
    <ele>1107.8</ele>
   </trkpt>
   <trkpt lat="-29.6386130" lon="24.3610760">
    <ele>1108.1</ele>
   </trkpt>
   <trkpt lat="-29.6384840" lon="24.3611190">
    <ele>1108.4</ele>
   </trkpt>
   <trkpt lat="-29.6383540" lon="24.3611690">
    <ele>1108.7</ele>
   </trkpt>
   <trkpt lat="-29.6382230" lon="24.3612220">
    <ele>1109.0</ele>
   </trkpt>
   <trkpt lat="-29.6380900" lon="24.3612730">
    <ele>1109.3</ele>
   </trkpt>
   <trkpt lat="-29.6379530" lon="24.3613230">
    <ele>1109.6</ele>
   </trkpt>
   <trkpt lat="-29.6378190" lon="24.3613750">
    <ele>1109.9</ele>
   </trkpt>
   <trkpt lat="-29.6376880" lon="24.3614250">
    <ele>1110.2</ele>
   </trkpt>
   <trkpt lat="-29.6375600" lon="24.3614750">
    <ele>1110.5</ele>
   </trkpt>
   <trkpt lat="-29.6374440" lon="24.3615240">
    <ele>1110.8</ele>
   </trkpt>
   <trkpt lat="-29.6373340" lon="24.3615720">
    <ele>1111.0</ele>
   </trkpt>
   <trkpt lat="-29.6372310" lon="24.3616130">
    <ele>1111.3</ele>
   </trkpt>
   <trkpt lat="-29.6371330" lon="24.3616510">
    <ele>1111.5</ele>
   </trkpt>
   <trkpt lat="-29.6370350" lon="24.3616850">
    <ele>1111.7</ele>
   </trkpt>
   <trkpt lat="-29.6369350" lon="24.3617250">
    <ele>1111.9</ele>
   </trkpt>
   <trkpt lat="-29.6368320" lon="24.3617620">
    <ele>1112.2</ele>
   </trkpt>
   <trkpt lat="-29.6367240" lon="24.3617990">
    <ele>1112.4</ele>
   </trkpt>
   <trkpt lat="-29.6366130" lon="24.3618380">
    <ele>1112.7</ele>
   </trkpt>
   <trkpt lat="-29.6364980" lon="24.3618780">
    <ele>1112.9</ele>
   </trkpt>
   <trkpt lat="-29.6363750" lon="24.3619170">
    <ele>1113.2</ele>
   </trkpt>
   <trkpt lat="-29.6362520" lon="24.3619600">
    <ele>1113.5</ele>
   </trkpt>
   <trkpt lat="-29.6361240" lon="24.3620070">
    <ele>1113.8</ele>
   </trkpt>
   <trkpt lat="-29.6359970" lon="24.3620540">
    <ele>1114.0</ele>
   </trkpt>
   <trkpt lat="-29.6358690" lon="24.3621000">
    <ele>1114.3</ele>
   </trkpt>
   <trkpt lat="-29.6357450" lon="24.3621480">
    <ele>1114.6</ele>
   </trkpt>
   <trkpt lat="-29.6356250" lon="24.3621910">
    <ele>1114.9</ele>
   </trkpt>
   <trkpt lat="-29.6355050" lon="24.3622360">
    <ele>1115.2</ele>
   </trkpt>
   <trkpt lat="-29.6353890" lon="24.3622790">
    <ele>1115.4</ele>
   </trkpt>
   <trkpt lat="-29.6352710" lon="24.3623220">
    <ele>1115.7</ele>
   </trkpt>
   <trkpt lat="-29.6351500" lon="24.3623650">
    <ele>1116.0</ele>
   </trkpt>
   <trkpt lat="-29.6350290" lon="24.3624060">
    <ele>1116.2</ele>
   </trkpt>
   <trkpt lat="-29.6349020" lon="24.3624520">
    <ele>1116.5</ele>
   </trkpt>
   <trkpt lat="-29.6347750" lon="24.3624940">
    <ele>1116.8</ele>
   </trkpt>
   <trkpt lat="-29.6346480" lon="24.3625400">
    <ele>1117.1</ele>
   </trkpt>
   <trkpt lat="-29.6345210" lon="24.3625820">
    <ele>1117.4</ele>
   </trkpt>
   <trkpt lat="-29.6343880" lon="24.3626210">
    <ele>1117.7</ele>
   </trkpt>
   <trkpt lat="-29.6342520" lon="24.3626590">
    <ele>1118.0</ele>
   </trkpt>
   <trkpt lat="-29.6341130" lon="24.3626970">
    <ele>1117.8</ele>
   </trkpt>
   <trkpt lat="-29.6339720" lon="24.3627300">
    <ele>1117.6</ele>
   </trkpt>
   <trkpt lat="-29.6338300" lon="24.3627570">
    <ele>1117.4</ele>
   </trkpt>
   <trkpt lat="-29.6336890" lon="24.3627830">
    <ele>1117.3</ele>
   </trkpt>
   <trkpt lat="-29.6335500" lon="24.3628050">
    <ele>1117.1</ele>
   </trkpt>
   <trkpt lat="-29.6334110" lon="24.3628230">
    <ele>1116.9</ele>
   </trkpt>
   <trkpt lat="-29.6332770" lon="24.3628380">
    <ele>1116.7</ele>
   </trkpt>
   <trkpt lat="-29.6331470" lon="24.3628490">
    <ele>1116.6</ele>
   </trkpt>
   <trkpt lat="-29.6330300" lon="24.3628560">
    <ele>1116.4</ele>
   </trkpt>
   <trkpt lat="-29.6329080" lon="24.3628620">
    <ele>1116.3</ele>
   </trkpt>
   <trkpt lat="-29.6327890" lon="24.3628620">
    <ele>1116.1</ele>
   </trkpt>
   <trkpt lat="-29.6326690" lon="24.3628590">
    <ele>1116.0</ele>
   </trkpt>
   <trkpt lat="-29.6325480" lon="24.3628540">
    <ele>1115.8</ele>
   </trkpt>
   <trkpt lat="-29.6324320" lon="24.3628460">
    <ele>1115.7</ele>
   </trkpt>
   <trkpt lat="-29.6323260" lon="24.3628360">
    <ele>1115.5</ele>
   </trkpt>
   <trkpt lat="-29.6322330" lon="24.3628270">
    <ele>1115.4</ele>
   </trkpt>
   <trkpt lat="-29.6321570" lon="24.3628140">
    <ele>1115.3</ele>
   </trkpt>
   <trkpt lat="-29.6320900" lon="24.3628000">
    <ele>1115.2</ele>
   </trkpt>
   <trkpt lat="-29.6320260" lon="24.3627930">
    <ele>1115.1</ele>
   </trkpt>
   <trkpt lat="-29.6319630" lon="24.3628020">
    <ele>1115.1</ele>
   </trkpt>
   <trkpt lat="-29.6318970" lon="24.3628260">
    <ele>1115.0</ele>
   </trkpt>
   <trkpt lat="-29.6318330" lon="24.3628710">
    <ele>1115.1</ele>
   </trkpt>
   <trkpt lat="-29.6317750" lon="24.3629340">
    <ele>1115.2</ele>
   </trkpt>
   <trkpt lat="-29.6317160" lon="24.3630120">
    <ele>1115.3</ele>
   </trkpt>
   <trkpt lat="-29.6316590" lon="24.3630970">
    <ele>1115.4</ele>
   </trkpt>
   <trkpt lat="-29.6316010" lon="24.3631890">
    <ele>1115.5</ele>
   </trkpt>
   <trkpt lat="-29.6315410" lon="24.3632860">
    <ele>1115.6</ele>
   </trkpt>
   <trkpt lat="-29.6314820" lon="24.3633830">
    <ele>1115.7</ele>
   </trkpt>
   <trkpt lat="-29.6314210" lon="24.3634740">
    <ele>1115.9</ele>
   </trkpt>
   <trkpt lat="-29.6313590" lon="24.3635640">
    <ele>1116.0</ele>
   </trkpt>
   <trkpt lat="-29.6312960" lon="24.3636550">
    <ele>1116.1</ele>
   </trkpt>
   <trkpt lat="-29.6312300" lon="24.3637450">
    <ele>1116.2</ele>
   </trkpt>
   <trkpt lat="-29.6311620" lon="24.3638360">
    <ele>1116.3</ele>
   </trkpt>
   <trkpt lat="-29.6310960" lon="24.3639270">
    <ele>1116.4</ele>
   </trkpt>
   <trkpt lat="-29.6310330" lon="24.3640260">
    <ele>1116.6</ele>
   </trkpt>
   <trkpt lat="-29.6309720" lon="24.3641270">
    <ele>1116.7</ele>
   </trkpt>
   <trkpt lat="-29.6309160" lon="24.3642380">
    <ele>1116.8</ele>
   </trkpt>
   <trkpt lat="-29.6308670" lon="24.3643520">
    <ele>1116.9</ele>
   </trkpt>
   <trkpt lat="-29.6308250" lon="24.3644760">
    <ele>1117.1</ele>
   </trkpt>
   <trkpt lat="-29.6307900" lon="24.3645960">
    <ele>1117.2</ele>
   </trkpt>
   <trkpt lat="-29.6307520" lon="24.3647100">
    <ele>1117.3</ele>
   </trkpt>
   <trkpt lat="-29.6307120" lon="24.3648300">
    <ele>1117.4</ele>
   </trkpt>
   <trkpt lat="-29.6306750" lon="24.3649580">
    <ele>1117.6</ele>
   </trkpt>
   <trkpt lat="-29.6306380" lon="24.3650870">
    <ele>1117.7</ele>
   </trkpt>
   <trkpt lat="-29.6305610" lon="24.3653440">
    <ele>1118.0</ele>
   </trkpt>
   <trkpt lat="-29.6305240" lon="24.3654790">
    <ele>1118.1</ele>
   </trkpt>
   <trkpt lat="-29.6304460" lon="24.3657530">
    <ele>1118.4</ele>
   </trkpt>
   <trkpt lat="-29.6304100" lon="24.3658840">
    <ele>1118.5</ele>
   </trkpt>
   <trkpt lat="-29.6303330" lon="24.3661440">
    <ele>1118.8</ele>
   </trkpt>
   <trkpt lat="-29.6302920" lon="24.3662760">
    <ele>1118.9</ele>
   </trkpt>
   <trkpt lat="-29.6302510" lon="24.3664070">
    <ele>1119.1</ele>
   </trkpt>
   <trkpt lat="-29.6302130" lon="24.3665380">
    <ele>1119.2</ele>
   </trkpt>
   <trkpt lat="-29.6301730" lon="24.3666650">
    <ele>1119.4</ele>
   </trkpt>
   <trkpt lat="-29.6301330" lon="24.3667980">
    <ele>1119.5</ele>
   </trkpt>
   <trkpt lat="-29.6300950" lon="24.3669310">
    <ele>1119.6</ele>
   </trkpt>
   <trkpt lat="-29.6300570" lon="24.3670620">
    <ele>1119.8</ele>
   </trkpt>
   <trkpt lat="-29.6300160" lon="24.3671950">
    <ele>1119.9</ele>
   </trkpt>
   <trkpt lat="-29.6299750" lon="24.3673310">
    <ele>1120.0</ele>
   </trkpt>
   <trkpt lat="-29.6299340" lon="24.3674670">
    <ele>1120.2</ele>
   </trkpt>
   <trkpt lat="-29.6298940" lon="24.3676050">
    <ele>1120.3</ele>
   </trkpt>
   <trkpt lat="-29.6298510" lon="24.3677420">
    <ele>1120.5</ele>
   </trkpt>
   <trkpt lat="-29.6298080" lon="24.3678840">
    <ele>1120.6</ele>
   </trkpt>
   <trkpt lat="-29.6297660" lon="24.3680240">
    <ele>1120.8</ele>
   </trkpt>
   <trkpt lat="-29.6297240" lon="24.3681620">
    <ele>1120.9</ele>
   </trkpt>
   <trkpt lat="-29.6296800" lon="24.3683070">
    <ele>1121.1</ele>
   </trkpt>
   <trkpt lat="-29.6296340" lon="24.3684450">
    <ele>1121.2</ele>
   </trkpt>
   <trkpt lat="-29.6295910" lon="24.3685850">
    <ele>1121.4</ele>
   </trkpt>
   <trkpt lat="-29.6295470" lon="24.3687200">
    <ele>1121.5</ele>
   </trkpt>
   <trkpt lat="-29.6295020" lon="24.3688600">
    <ele>1121.6</ele>
   </trkpt>
   <trkpt lat="-29.6294610" lon="24.3689930">
    <ele>1121.8</ele>
   </trkpt>
   <trkpt lat="-29.6294190" lon="24.3691310">
    <ele>1121.9</ele>
   </trkpt>
   <trkpt lat="-29.6293760" lon="24.3692660">
    <ele>1122.1</ele>
   </trkpt>
   <trkpt lat="-29.6293350" lon="24.3694030">
    <ele>1122.2</ele>
   </trkpt>
   <trkpt lat="-29.6292960" lon="24.3695410">
    <ele>1122.4</ele>
   </trkpt>
   <trkpt lat="-29.6292540" lon="24.3696800">
    <ele>1122.5</ele>
   </trkpt>
   <trkpt lat="-29.6292120" lon="24.3698220">
    <ele>1122.7</ele>
   </trkpt>
   <trkpt lat="-29.6291700" lon="24.3699630">
    <ele>1122.8</ele>
   </trkpt>
   <trkpt lat="-29.6291300" lon="24.3701070">
    <ele>1122.9</ele>
   </trkpt>
   <trkpt lat="-29.6290860" lon="24.3702510">
    <ele>1123.1</ele>
   </trkpt>
   <trkpt lat="-29.6290430" lon="24.3703960">
    <ele>1123.2</ele>
   </trkpt>
   <trkpt lat="-29.6289990" lon="24.3705460">
    <ele>1123.4</ele>
   </trkpt>
   <trkpt lat="-29.6289550" lon="24.3706960">
    <ele>1123.6</ele>
   </trkpt>
   <trkpt lat="-29.6289100" lon="24.3708480">
    <ele>1123.7</ele>
   </trkpt>
   <trkpt lat="-29.6288660" lon="24.3709990">
    <ele>1123.9</ele>
   </trkpt>
   <trkpt lat="-29.6288210" lon="24.3711520">
    <ele>1124.0</ele>
   </trkpt>
   <trkpt lat="-29.6287750" lon="24.3713080">
    <ele>1124.2</ele>
   </trkpt>
   <trkpt lat="-29.6287300" lon="24.3714650">
    <ele>1124.4</ele>
   </trkpt>
   <trkpt lat="-29.6286830" lon="24.3716210">
    <ele>1124.5</ele>
   </trkpt>
   <trkpt lat="-29.6286360" lon="24.3717840">
    <ele>1124.7</ele>
   </trkpt>
   <trkpt lat="-29.6285860" lon="24.3719450">
    <ele>1124.9</ele>
   </trkpt>
   <trkpt lat="-29.6285390" lon="24.3721020">
    <ele>1125.0</ele>
   </trkpt>
   <trkpt lat="-29.6284910" lon="24.3722670">
    <ele>1124.9</ele>
   </trkpt>
   <trkpt lat="-29.6284430" lon="24.3724310">
    <ele>1124.8</ele>
   </trkpt>
   <trkpt lat="-29.6283940" lon="24.3725970">
    <ele>1124.8</ele>
   </trkpt>
   <trkpt lat="-29.6283440" lon="24.3727610">
    <ele>1124.7</ele>
   </trkpt>
   <trkpt lat="-29.6282940" lon="24.3729270">
    <ele>1124.6</ele>
   </trkpt>
   <trkpt lat="-29.6282450" lon="24.3730950">
    <ele>1124.5</ele>
   </trkpt>
   <trkpt lat="-29.6281980" lon="24.3732650">
    <ele>1124.5</ele>
   </trkpt>
   <trkpt lat="-29.6281490" lon="24.3734330">
    <ele>1124.4</ele>
   </trkpt>
   <trkpt lat="-29.6280990" lon="24.3736040">
    <ele>1124.3</ele>
   </trkpt>
   <trkpt lat="-29.6280480" lon="24.3737740">
    <ele>1124.3</ele>
   </trkpt>
   <trkpt lat="-29.6279980" lon="24.3739450">
    <ele>1124.2</ele>
   </trkpt>
   <trkpt lat="-29.6279460" lon="24.3741140">
    <ele>1124.1</ele>
   </trkpt>
   <trkpt lat="-29.6278940" lon="24.3742860">
    <ele>1124.0</ele>
   </trkpt>
   <trkpt lat="-29.6278440" lon="24.3744550">
    <ele>1124.0</ele>
   </trkpt>
   <trkpt lat="-29.6277930" lon="24.3746260">
    <ele>1123.9</ele>
   </trkpt>
   <trkpt lat="-29.6277430" lon="24.3747960">
    <ele>1123.8</ele>
   </trkpt>
   <trkpt lat="-29.6276930" lon="24.3749670">
    <ele>1123.7</ele>
   </trkpt>
   <trkpt lat="-29.6276430" lon="24.3751310">
    <ele>1123.7</ele>
   </trkpt>
   <trkpt lat="-29.6275970" lon="24.3752880">
    <ele>1123.6</ele>
   </trkpt>
   <trkpt lat="-29.6275520" lon="24.3754380">
    <ele>1123.5</ele>
   </trkpt>
   <trkpt lat="-29.6275080" lon="24.3755890">
    <ele>1123.5</ele>
   </trkpt>
   <trkpt lat="-29.6274640" lon="24.3757420">
    <ele>1123.4</ele>
   </trkpt>
   <trkpt lat="-29.6274160" lon="24.3758970">
    <ele>1123.3</ele>
   </trkpt>
   <trkpt lat="-29.6273680" lon="24.3760470">
    <ele>1123.3</ele>
   </trkpt>
   <trkpt lat="-29.6273210" lon="24.3762050">
    <ele>1123.2</ele>
   </trkpt>
   <trkpt lat="-29.6272750" lon="24.3763610">
    <ele>1123.2</ele>
   </trkpt>
   <trkpt lat="-29.6272250" lon="24.3765190">
    <ele>1123.1</ele>
   </trkpt>
   <trkpt lat="-29.6271790" lon="24.3766780">
    <ele>1123.0</ele>
   </trkpt>
   <trkpt lat="-29.6271300" lon="24.3768410">
    <ele>1122.9</ele>
   </trkpt>
   <trkpt lat="-29.6270800" lon="24.3770020">
    <ele>1122.9</ele>
   </trkpt>
   <trkpt lat="-29.6270320" lon="24.3771640">
    <ele>1122.8</ele>
   </trkpt>
   <trkpt lat="-29.6269840" lon="24.3773280">
    <ele>1122.7</ele>
   </trkpt>
   <trkpt lat="-29.6269360" lon="24.3774950">
    <ele>1122.7</ele>
   </trkpt>
   <trkpt lat="-29.6268880" lon="24.3776590">
    <ele>1122.6</ele>
   </trkpt>
   <trkpt lat="-29.6268390" lon="24.3778220">
    <ele>1122.5</ele>
   </trkpt>
   <trkpt lat="-29.6267920" lon="24.3779800">
    <ele>1122.5</ele>
   </trkpt>
   <trkpt lat="-29.6267440" lon="24.3781340">
    <ele>1122.4</ele>
   </trkpt>
   <trkpt lat="-29.6266990" lon="24.3782910">
    <ele>1122.3</ele>
   </trkpt>
   <trkpt lat="-29.6266530" lon="24.3784460">
    <ele>1122.3</ele>
   </trkpt>
   <trkpt lat="-29.6266030" lon="24.3786020">
    <ele>1122.2</ele>
   </trkpt>
   <trkpt lat="-29.6265560" lon="24.3787610">
    <ele>1122.1</ele>
   </trkpt>
   <trkpt lat="-29.6265070" lon="24.3789250">
    <ele>1122.1</ele>
   </trkpt>
   <trkpt lat="-29.6264580" lon="24.3790880">
    <ele>1122.0</ele>
   </trkpt>
   <trkpt lat="-29.6264080" lon="24.3792550">
    <ele>1121.9</ele>
   </trkpt>
   <trkpt lat="-29.6263560" lon="24.3794230">
    <ele>1121.8</ele>
   </trkpt>
   <trkpt lat="-29.6263070" lon="24.3795910">
    <ele>1121.8</ele>
   </trkpt>
   <trkpt lat="-29.6262540" lon="24.3797580">
    <ele>1121.7</ele>
   </trkpt>
   <trkpt lat="-29.6262040" lon="24.3799320">
    <ele>1121.6</ele>
   </trkpt>
   <trkpt lat="-29.6261520" lon="24.3801060">
    <ele>1121.5</ele>
   </trkpt>
   <trkpt lat="-29.6260990" lon="24.3802840">
    <ele>1121.5</ele>
   </trkpt>
   <trkpt lat="-29.6260470" lon="24.3804600">
    <ele>1121.4</ele>
   </trkpt>
   <trkpt lat="-29.6259940" lon="24.3806400">
    <ele>1121.3</ele>
   </trkpt>
   <trkpt lat="-29.6259420" lon="24.3808180">
    <ele>1121.2</ele>
   </trkpt>
   <trkpt lat="-29.6258900" lon="24.3809920">
    <ele>1121.2</ele>
   </trkpt>
   <trkpt lat="-29.6258370" lon="24.3811630">
    <ele>1121.1</ele>
   </trkpt>
   <trkpt lat="-29.6257870" lon="24.3813430">
    <ele>1121.0</ele>
   </trkpt>
   <trkpt lat="-29.6257360" lon="24.3815140">
    <ele>1121.0</ele>
   </trkpt>
   <trkpt lat="-29.6256850" lon="24.3816860">
    <ele>1121.0</ele>
   </trkpt>
   <trkpt lat="-29.6256340" lon="24.3818570">
    <ele>1121.0</ele>
   </trkpt>
   <trkpt lat="-29.6255840" lon="24.3820220">
    <ele>1121.0</ele>
   </trkpt>
   <trkpt lat="-29.6255350" lon="24.3821860">
    <ele>1121.0</ele>
   </trkpt>
   <trkpt lat="-29.6254880" lon="24.3823470">
    <ele>1121.0</ele>
   </trkpt>
   <trkpt lat="-29.6254420" lon="24.3825030">
    <ele>1121.0</ele>
   </trkpt>
   <trkpt lat="-29.6253930" lon="24.3826700">
    <ele>1121.0</ele>
   </trkpt>
   <trkpt lat="-29.6253460" lon="24.3828380">
    <ele>1121.0</ele>
   </trkpt>
   <trkpt lat="-29.6252960" lon="24.3830070">
    <ele>1121.0</ele>
   </trkpt>
   <trkpt lat="-29.6252460" lon="24.3831760">
    <ele>1121.0</ele>
   </trkpt>
   <trkpt lat="-29.6251940" lon="24.3833430">
    <ele>1121.0</ele>
   </trkpt>
   <trkpt lat="-29.6251420" lon="24.3835070">
    <ele>1121.0</ele>
   </trkpt>
   <trkpt lat="-29.6250930" lon="24.3836720">
    <ele>1121.0</ele>
   </trkpt>
   <trkpt lat="-29.6249990" lon="24.3839870">
    <ele>1121.0</ele>
   </trkpt>
   <trkpt lat="-29.6249520" lon="24.3841450">
    <ele>1121.0</ele>
   </trkpt>
   <trkpt lat="-29.6249020" lon="24.3843060">
    <ele>1121.0</ele>
   </trkpt>
   <trkpt lat="-29.6248530" lon="24.3844670">
    <ele>1121.0</ele>
   </trkpt>
   <trkpt lat="-29.6248030" lon="24.3846280">
    <ele>1121.0</ele>
   </trkpt>
   <trkpt lat="-29.6247510" lon="24.3847950">
    <ele>1121.0</ele>
   </trkpt>
   <trkpt lat="-29.6247010" lon="24.3849610">
    <ele>1121.0</ele>
   </trkpt>
   <trkpt lat="-29.6246510" lon="24.3851240">
    <ele>1121.0</ele>
   </trkpt>
   <trkpt lat="-29.6246010" lon="24.3852860">
    <ele>1121.0</ele>
   </trkpt>
   <trkpt lat="-29.6245530" lon="24.3854470">
    <ele>1121.0</ele>
   </trkpt>
   <trkpt lat="-29.6245050" lon="24.3856090">
    <ele>1121.0</ele>
   </trkpt>
   <trkpt lat="-29.6244570" lon="24.3857740">
    <ele>1121.0</ele>
   </trkpt>
   <trkpt lat="-29.6244100" lon="24.3859380">
    <ele>1121.0</ele>
   </trkpt>
   <trkpt lat="-29.6243160" lon="24.3862520">
    <ele>1121.0</ele>
   </trkpt>
   <trkpt lat="-29.6242750" lon="24.3863880">
    <ele>1121.0</ele>
   </trkpt>
   <trkpt lat="-29.6242380" lon="24.3865100">
    <ele>1121.0</ele>
   </trkpt>
   <trkpt lat="-29.6242060" lon="24.3866180">
    <ele>1121.0</ele>
   </trkpt>
   <trkpt lat="-29.6241730" lon="24.3867240">
    <ele>1121.0</ele>
   </trkpt>
   <trkpt lat="-29.6241470" lon="24.3868290">
    <ele>1121.0</ele>
   </trkpt>
   <trkpt lat="-29.6241150" lon="24.3869370">
    <ele>1121.0</ele>
   </trkpt>
   <trkpt lat="-29.6240810" lon="24.3870540">
    <ele>1121.0</ele>
   </trkpt>
   <trkpt lat="-29.6240460" lon="24.3871790">
    <ele>1121.0</ele>
   </trkpt>
   <trkpt lat="-29.6240100" lon="24.3873080">
    <ele>1121.0</ele>
   </trkpt>
   <trkpt lat="-29.6239710" lon="24.3874410">
    <ele>1121.0</ele>
   </trkpt>
   <trkpt lat="-29.6239290" lon="24.3875820">
    <ele>1121.0</ele>
   </trkpt>
   <trkpt lat="-29.6238880" lon="24.3877260">
    <ele>1121.0</ele>
   </trkpt>
   <trkpt lat="-29.6238430" lon="24.3878740">
    <ele>1121.0</ele>
   </trkpt>
   <trkpt lat="-29.6237980" lon="24.3880230">
    <ele>1121.0</ele>
   </trkpt>
   <trkpt lat="-29.6237540" lon="24.3881730">
    <ele>1121.0</ele>
   </trkpt>
   <trkpt lat="-29.6237100" lon="24.3883220">
    <ele>1121.0</ele>
   </trkpt>
   <trkpt lat="-29.6236630" lon="24.3884720">
    <ele>1121.0</ele>
   </trkpt>
   <trkpt lat="-29.6236180" lon="24.3886230">
    <ele>1121.0</ele>
   </trkpt>
   <trkpt lat="-29.6235730" lon="24.3887750">
    <ele>1121.0</ele>
   </trkpt>
   <trkpt lat="-29.6235270" lon="24.3889310">
    <ele>1121.0</ele>
   </trkpt>
   <trkpt lat="-29.6234810" lon="24.3890870">
    <ele>1121.0</ele>
   </trkpt>
   <trkpt lat="-29.6234340" lon="24.3892460">
    <ele>1121.0</ele>
   </trkpt>
   <trkpt lat="-29.6233870" lon="24.3894030">
    <ele>1121.0</ele>
   </trkpt>
   <trkpt lat="-29.6233410" lon="24.3895600">
    <ele>1121.0</ele>
   </trkpt>
   <trkpt lat="-29.6232980" lon="24.3897160">
    <ele>1121.0</ele>
   </trkpt>
   <trkpt lat="-29.6232530" lon="24.3898740">
    <ele>1121.0</ele>
   </trkpt>
   <trkpt lat="-29.6232080" lon="24.3900290">
    <ele>1121.0</ele>
   </trkpt>
   <trkpt lat="-29.6231620" lon="24.3901890">
    <ele>1121.0</ele>
   </trkpt>
   <trkpt lat="-29.6231180" lon="24.3903480">
    <ele>1121.0</ele>
   </trkpt>
   <trkpt lat="-29.6230710" lon="24.3905050">
    <ele>1121.0</ele>
   </trkpt>
   <trkpt lat="-29.6230240" lon="24.3906600">
    <ele>1121.0</ele>
   </trkpt>
   <trkpt lat="-29.6229750" lon="24.3908170">
    <ele>1121.0</ele>
   </trkpt>
   <trkpt lat="-29.6229290" lon="24.3909710">
    <ele>1121.0</ele>
   </trkpt>
   <trkpt lat="-29.6228840" lon="24.3911240">
    <ele>1120.9</ele>
   </trkpt>
   <trkpt lat="-29.6228380" lon="24.3912810">
    <ele>1120.9</ele>
   </trkpt>
   <trkpt lat="-29.6227920" lon="24.3914330">
    <ele>1120.9</ele>
   </trkpt>
   <trkpt lat="-29.6227470" lon="24.3915850">
    <ele>1120.8</ele>
   </trkpt>
   <trkpt lat="-29.6227030" lon="24.3917380">
    <ele>1120.8</ele>
   </trkpt>
   <trkpt lat="-29.6226590" lon="24.3918870">
    <ele>1120.8</ele>
   </trkpt>
   <trkpt lat="-29.6226160" lon="24.3920320">
    <ele>1120.7</ele>
   </trkpt>
   <trkpt lat="-29.6225730" lon="24.3921810">
    <ele>1120.7</ele>
   </trkpt>
   <trkpt lat="-29.6225280" lon="24.3923260">
    <ele>1120.7</ele>
   </trkpt>
   <trkpt lat="-29.6224820" lon="24.3924660">
    <ele>1120.7</ele>
   </trkpt>
   <trkpt lat="-29.6224340" lon="24.3926090">
    <ele>1120.6</ele>
   </trkpt>
   <trkpt lat="-29.6223860" lon="24.3927490">
    <ele>1120.6</ele>
   </trkpt>
   <trkpt lat="-29.6223410" lon="24.3928970">
    <ele>1120.6</ele>
   </trkpt>
   <trkpt lat="-29.6222950" lon="24.3930500">
    <ele>1120.5</ele>
   </trkpt>
   <trkpt lat="-29.6222470" lon="24.3932000">
    <ele>1120.5</ele>
   </trkpt>
   <trkpt lat="-29.6222010" lon="24.3933460">
    <ele>1120.5</ele>
   </trkpt>
   <trkpt lat="-29.6221560" lon="24.3934980">
    <ele>1120.4</ele>
   </trkpt>
   <trkpt lat="-29.6221130" lon="24.3936480">
    <ele>1120.4</ele>
   </trkpt>
   <trkpt lat="-29.6220660" lon="24.3937950">
    <ele>1120.4</ele>
   </trkpt>
   <trkpt lat="-29.6220230" lon="24.3939440">
    <ele>1120.4</ele>
   </trkpt>
   <trkpt lat="-29.6219790" lon="24.3940940">
    <ele>1120.3</ele>
   </trkpt>
   <trkpt lat="-29.6219370" lon="24.3942450">
    <ele>1120.3</ele>
   </trkpt>
   <trkpt lat="-29.6218930" lon="24.3943950">
    <ele>1120.3</ele>
   </trkpt>
   <trkpt lat="-29.6218500" lon="24.3945420">
    <ele>1120.2</ele>
   </trkpt>
   <trkpt lat="-29.6218070" lon="24.3946940">
    <ele>1120.2</ele>
   </trkpt>
   <trkpt lat="-29.6217610" lon="24.3948490">
    <ele>1120.2</ele>
   </trkpt>
   <trkpt lat="-29.6217140" lon="24.3950020">
    <ele>1120.1</ele>
   </trkpt>
   <trkpt lat="-29.6216660" lon="24.3951560">
    <ele>1120.1</ele>
   </trkpt>
   <trkpt lat="-29.6216220" lon="24.3953140">
    <ele>1120.1</ele>
   </trkpt>
   <trkpt lat="-29.6215760" lon="24.3954700">
    <ele>1120.0</ele>
   </trkpt>
   <trkpt lat="-29.6215290" lon="24.3956280">
    <ele>1120.0</ele>
   </trkpt>
   <trkpt lat="-29.6214800" lon="24.3957880">
    <ele>1120.0</ele>
   </trkpt>
   <trkpt lat="-29.6214310" lon="24.3959510">
    <ele>1119.9</ele>
   </trkpt>
   <trkpt lat="-29.6213800" lon="24.3961150">
    <ele>1119.9</ele>
   </trkpt>
   <trkpt lat="-29.6213290" lon="24.3962810">
    <ele>1119.9</ele>
   </trkpt>
   <trkpt lat="-29.6212800" lon="24.3964500">
    <ele>1119.8</ele>
   </trkpt>
   <trkpt lat="-29.6212280" lon="24.3966210">
    <ele>1119.8</ele>
   </trkpt>
   <trkpt lat="-29.6211770" lon="24.3967900">
    <ele>1119.8</ele>
   </trkpt>
   <trkpt lat="-29.6211260" lon="24.3969600">
    <ele>1119.7</ele>
   </trkpt>
   <trkpt lat="-29.6210750" lon="24.3971340">
    <ele>1119.7</ele>
   </trkpt>
   <trkpt lat="-29.6210250" lon="24.3973010">
    <ele>1119.7</ele>
   </trkpt>
   <trkpt lat="-29.6209770" lon="24.3974640">
    <ele>1119.6</ele>
   </trkpt>
   <trkpt lat="-29.6209300" lon="24.3976200">
    <ele>1119.6</ele>
   </trkpt>
   <trkpt lat="-29.6208840" lon="24.3977720">
    <ele>1119.6</ele>
   </trkpt>
   <trkpt lat="-29.6208380" lon="24.3979210">
    <ele>1119.5</ele>
   </trkpt>
   <trkpt lat="-29.6207930" lon="24.3980700">
    <ele>1119.5</ele>
   </trkpt>
   <trkpt lat="-29.6207500" lon="24.3982130">
    <ele>1119.5</ele>
   </trkpt>
   <trkpt lat="-29.6207110" lon="24.3983490">
    <ele>1119.5</ele>
   </trkpt>
   <trkpt lat="-29.6206780" lon="24.3984710">
    <ele>1119.4</ele>
   </trkpt>
   <trkpt lat="-29.6206460" lon="24.3985840">
    <ele>1119.4</ele>
   </trkpt>
   <trkpt lat="-29.6206160" lon="24.3986930">
    <ele>1119.4</ele>
   </trkpt>
   <trkpt lat="-29.6205840" lon="24.3988040">
    <ele>1119.4</ele>
   </trkpt>
   <trkpt lat="-29.6205500" lon="24.3989200">
    <ele>1119.3</ele>
   </trkpt>
   <trkpt lat="-29.6205110" lon="24.3990380">
    <ele>1119.3</ele>
   </trkpt>
   <trkpt lat="-29.6204720" lon="24.3991640">
    <ele>1119.3</ele>
   </trkpt>
   <trkpt lat="-29.6204330" lon="24.3992950">
    <ele>1119.3</ele>
   </trkpt>
   <trkpt lat="-29.6203940" lon="24.3994280">
    <ele>1119.2</ele>
   </trkpt>
   <trkpt lat="-29.6203560" lon="24.3995600">
    <ele>1119.2</ele>
   </trkpt>
   <trkpt lat="-29.6203140" lon="24.3996970">
    <ele>1119.2</ele>
   </trkpt>
   <trkpt lat="-29.6202750" lon="24.3998350">
    <ele>1119.2</ele>
   </trkpt>
   <trkpt lat="-29.6202320" lon="24.3999750">
    <ele>1119.1</ele>
   </trkpt>
   <trkpt lat="-29.6201860" lon="24.4001120">
    <ele>1119.1</ele>
   </trkpt>
   <trkpt lat="-29.6201410" lon="24.4002420">
    <ele>1119.1</ele>
   </trkpt>
   <trkpt lat="-29.6200920" lon="24.4003660">
    <ele>1119.1</ele>
   </trkpt>
   <trkpt lat="-29.6200390" lon="24.4004870">
    <ele>1119.0</ele>
   </trkpt>
   <trkpt lat="-29.6199750" lon="24.4006110">
    <ele>1119.0</ele>
   </trkpt>
   <trkpt lat="-29.6199090" lon="24.4007300">
    <ele>1119.1</ele>
   </trkpt>
   <trkpt lat="-29.6198340" lon="24.4008500">
    <ele>1119.1</ele>
   </trkpt>
   <trkpt lat="-29.6197570" lon="24.4009720">
    <ele>1119.1</ele>
   </trkpt>
   <trkpt lat="-29.6196770" lon="24.4010900">
    <ele>1119.2</ele>
   </trkpt>
   <trkpt lat="-29.6195940" lon="24.4012130">
    <ele>1119.2</ele>
   </trkpt>
   <trkpt lat="-29.6195090" lon="24.4013400">
    <ele>1119.2</ele>
   </trkpt>
   <trkpt lat="-29.6194260" lon="24.4014720">
    <ele>1119.3</ele>
   </trkpt>
   <trkpt lat="-29.6193420" lon="24.4016080">
    <ele>1119.3</ele>
   </trkpt>
   <trkpt lat="-29.6192580" lon="24.4017400">
    <ele>1119.3</ele>
   </trkpt>
   <trkpt lat="-29.6191720" lon="24.4018740">
    <ele>1119.4</ele>
   </trkpt>
   <trkpt lat="-29.6190880" lon="24.4020040">
    <ele>1119.4</ele>
   </trkpt>
   <trkpt lat="-29.6190040" lon="24.4021380">
    <ele>1119.4</ele>
   </trkpt>
   <trkpt lat="-29.6189210" lon="24.4022730">
    <ele>1119.5</ele>
   </trkpt>
   <trkpt lat="-29.6188360" lon="24.4024100">
    <ele>1119.5</ele>
   </trkpt>
   <trkpt lat="-29.6187510" lon="24.4025450">
    <ele>1119.5</ele>
   </trkpt>
   <trkpt lat="-29.6186670" lon="24.4026790">
    <ele>1119.6</ele>
   </trkpt>
   <trkpt lat="-29.6185830" lon="24.4028110">
    <ele>1119.6</ele>
   </trkpt>
   <trkpt lat="-29.6184950" lon="24.4029480">
    <ele>1119.6</ele>
   </trkpt>
   <trkpt lat="-29.6184050" lon="24.4030850">
    <ele>1119.7</ele>
   </trkpt>
   <trkpt lat="-29.6183170" lon="24.4032230">
    <ele>1119.7</ele>
   </trkpt>
   <trkpt lat="-29.6182310" lon="24.4033550">
    <ele>1119.7</ele>
   </trkpt>
   <trkpt lat="-29.6181450" lon="24.4034860">
    <ele>1119.8</ele>
   </trkpt>
   <trkpt lat="-29.6180610" lon="24.4036130">
    <ele>1119.8</ele>
   </trkpt>
   <trkpt lat="-29.6179810" lon="24.4037420">
    <ele>1119.8</ele>
   </trkpt>
   <trkpt lat="-29.6179010" lon="24.4038740">
    <ele>1119.9</ele>
   </trkpt>
   <trkpt lat="-29.6178210" lon="24.4040060">
    <ele>1119.9</ele>
   </trkpt>
   <trkpt lat="-29.6176560" lon="24.4042720">
    <ele>1120.0</ele>
   </trkpt>
   <trkpt lat="-29.6175730" lon="24.4044070">
    <ele>1120.0</ele>
   </trkpt>
   <trkpt lat="-29.6174890" lon="24.4045400">
    <ele>1120.0</ele>
   </trkpt>
   <trkpt lat="-29.6174060" lon="24.4046760">
    <ele>1120.1</ele>
   </trkpt>
   <trkpt lat="-29.6173230" lon="24.4048080">
    <ele>1120.1</ele>
   </trkpt>
   <trkpt lat="-29.6172390" lon="24.4049440">
    <ele>1120.1</ele>
   </trkpt>
   <trkpt lat="-29.6171530" lon="24.4050810">
    <ele>1120.2</ele>
   </trkpt>
   <trkpt lat="-29.6170670" lon="24.4052180">
    <ele>1120.2</ele>
   </trkpt>
   <trkpt lat="-29.6169820" lon="24.4053530">
    <ele>1120.2</ele>
   </trkpt>
   <trkpt lat="-29.6168970" lon="24.4054900">
    <ele>1120.3</ele>
   </trkpt>
   <trkpt lat="-29.6168110" lon="24.4056300">
    <ele>1120.3</ele>
   </trkpt>
   <trkpt lat="-29.6167240" lon="24.4057680">
    <ele>1120.3</ele>
   </trkpt>
   <trkpt lat="-29.6166380" lon="24.4059040">
    <ele>1120.4</ele>
   </trkpt>
   <trkpt lat="-29.6165530" lon="24.4060400">
    <ele>1120.4</ele>
   </trkpt>
   <trkpt lat="-29.6164680" lon="24.4061750">
    <ele>1120.4</ele>
   </trkpt>
   <trkpt lat="-29.6163830" lon="24.4063090">
    <ele>1120.5</ele>
   </trkpt>
   <trkpt lat="-29.6162990" lon="24.4064410">
    <ele>1120.5</ele>
   </trkpt>
   <trkpt lat="-29.6162140" lon="24.4065770">
    <ele>1120.5</ele>
   </trkpt>
   <trkpt lat="-29.6161290" lon="24.4067110">
    <ele>1120.6</ele>
   </trkpt>
   <trkpt lat="-29.6160450" lon="24.4068480">
    <ele>1120.6</ele>
   </trkpt>
   <trkpt lat="-29.6159640" lon="24.4069790">
    <ele>1120.6</ele>
   </trkpt>
   <trkpt lat="-29.6158820" lon="24.4071080">
    <ele>1120.7</ele>
   </trkpt>
   <trkpt lat="-29.6158040" lon="24.4072340">
    <ele>1120.7</ele>
   </trkpt>
   <trkpt lat="-29.6157250" lon="24.4073600">
    <ele>1120.7</ele>
   </trkpt>
   <trkpt lat="-29.6156450" lon="24.4074870">
    <ele>1120.8</ele>
   </trkpt>
   <trkpt lat="-29.6155650" lon="24.4076190">
    <ele>1120.8</ele>
   </trkpt>
   <trkpt lat="-29.6154860" lon="24.4077500">
    <ele>1120.8</ele>
   </trkpt>
   <trkpt lat="-29.6154060" lon="24.4078830">
    <ele>1120.9</ele>
   </trkpt>
   <trkpt lat="-29.6153250" lon="24.4080160">
    <ele>1120.9</ele>
   </trkpt>
   <trkpt lat="-29.6152450" lon="24.4081470">
    <ele>1120.9</ele>
   </trkpt>
   <trkpt lat="-29.6151650" lon="24.4082790">
    <ele>1121.0</ele>
   </trkpt>
   <trkpt lat="-29.6150820" lon="24.4084070">
    <ele>1121.0</ele>
   </trkpt>
   <trkpt lat="-29.6149990" lon="24.4085410">
    <ele>1120.9</ele>
   </trkpt>
   <trkpt lat="-29.6149140" lon="24.4086740">
    <ele>1120.9</ele>
   </trkpt>
   <trkpt lat="-29.6148300" lon="24.4088110">
    <ele>1120.9</ele>
   </trkpt>
   <trkpt lat="-29.6147400" lon="24.4089500">
    <ele>1120.9</ele>
   </trkpt>
   <trkpt lat="-29.6146500" lon="24.4090920">
    <ele>1120.9</ele>
   </trkpt>
   <trkpt lat="-29.6145620" lon="24.4092330">
    <ele>1120.9</ele>
   </trkpt>
   <trkpt lat="-29.6144730" lon="24.4093780">
    <ele>1120.8</ele>
   </trkpt>
   <trkpt lat="-29.6143810" lon="24.4095310">
    <ele>1120.8</ele>
   </trkpt>
   <trkpt lat="-29.6142880" lon="24.4096790">
    <ele>1120.8</ele>
   </trkpt>
   <trkpt lat="-29.6141920" lon="24.4098310">
    <ele>1120.8</ele>
   </trkpt>
   <trkpt lat="-29.6140980" lon="24.4099800">
    <ele>1120.8</ele>
   </trkpt>
   <trkpt lat="-29.6140050" lon="24.4101290">
    <ele>1120.8</ele>
   </trkpt>
   <trkpt lat="-29.6139080" lon="24.4102850">
    <ele>1120.7</ele>
   </trkpt>
   <trkpt lat="-29.6138110" lon="24.4104400">
    <ele>1120.7</ele>
   </trkpt>
   <trkpt lat="-29.6137140" lon="24.4105950">
    <ele>1120.7</ele>
   </trkpt>
   <trkpt lat="-29.6136150" lon="24.4107510">
    <ele>1120.7</ele>
   </trkpt>
   <trkpt lat="-29.6135170" lon="24.4109070">
    <ele>1120.7</ele>
   </trkpt>
   <trkpt lat="-29.6134210" lon="24.4110580">
    <ele>1120.6</ele>
   </trkpt>
   <trkpt lat="-29.6133270" lon="24.4112090">
    <ele>1120.6</ele>
   </trkpt>
   <trkpt lat="-29.6132340" lon="24.4113520">
    <ele>1120.6</ele>
   </trkpt>
   <trkpt lat="-29.6131430" lon="24.4114980">
    <ele>1120.6</ele>
   </trkpt>
   <trkpt lat="-29.6130510" lon="24.4116430">
    <ele>1120.6</ele>
   </trkpt>
   <trkpt lat="-29.6129590" lon="24.4117880">
    <ele>1120.6</ele>
   </trkpt>
   <trkpt lat="-29.6128670" lon="24.4119360">
    <ele>1120.5</ele>
   </trkpt>
   <trkpt lat="-29.6127760" lon="24.4120810">
    <ele>1120.5</ele>
   </trkpt>
   <trkpt lat="-29.6126830" lon="24.4122280">
    <ele>1120.5</ele>
   </trkpt>
   <trkpt lat="-29.6125920" lon="24.4123720">
    <ele>1120.5</ele>
   </trkpt>
   <trkpt lat="-29.6125000" lon="24.4125170">
    <ele>1120.5</ele>
   </trkpt>
   <trkpt lat="-29.6124060" lon="24.4126620">
    <ele>1120.5</ele>
   </trkpt>
   <trkpt lat="-29.6123130" lon="24.4128100">
    <ele>1120.4</ele>
   </trkpt>
   <trkpt lat="-29.6122190" lon="24.4129530">
    <ele>1120.4</ele>
   </trkpt>
   <trkpt lat="-29.6121300" lon="24.4130980">
    <ele>1120.4</ele>
   </trkpt>
   <trkpt lat="-29.6120400" lon="24.4132370">
    <ele>1120.4</ele>
   </trkpt>
   <trkpt lat="-29.6119550" lon="24.4133810">
    <ele>1120.4</ele>
   </trkpt>
   <trkpt lat="-29.6118680" lon="24.4135300">
    <ele>1120.4</ele>
   </trkpt>
   <trkpt lat="-29.6117880" lon="24.4136800">
    <ele>1120.3</ele>
   </trkpt>
   <trkpt lat="-29.6117140" lon="24.4138360">
    <ele>1120.3</ele>
   </trkpt>
   <trkpt lat="-29.6116460" lon="24.4140020">
    <ele>1120.3</ele>
   </trkpt>
   <trkpt lat="-29.6115820" lon="24.4141720">
    <ele>1120.3</ele>
   </trkpt>
   <trkpt lat="-29.6115240" lon="24.4143360">
    <ele>1120.3</ele>
   </trkpt>
   <trkpt lat="-29.6114650" lon="24.4145000">
    <ele>1120.3</ele>
   </trkpt>
   <trkpt lat="-29.6114070" lon="24.4146590">
    <ele>1120.2</ele>
   </trkpt>
   <trkpt lat="-29.6113480" lon="24.4148230">
    <ele>1120.2</ele>
   </trkpt>
   <trkpt lat="-29.6112900" lon="24.4149820">
    <ele>1120.2</ele>
   </trkpt>
   <trkpt lat="-29.6112340" lon="24.4151410">
    <ele>1120.2</ele>
   </trkpt>
   <trkpt lat="-29.6111740" lon="24.4153080">
    <ele>1120.2</ele>
   </trkpt>
   <trkpt lat="-29.6111160" lon="24.4154750">
    <ele>1120.2</ele>
   </trkpt>
   <trkpt lat="-29.6110600" lon="24.4156310">
    <ele>1120.1</ele>
   </trkpt>
   <trkpt lat="-29.6109990" lon="24.4157890">
    <ele>1120.1</ele>
   </trkpt>
   <trkpt lat="-29.6109460" lon="24.4159310">
    <ele>1120.1</ele>
   </trkpt>
   <trkpt lat="-29.6108930" lon="24.4160740">
    <ele>1120.1</ele>
   </trkpt>
   <trkpt lat="-29.6108360" lon="24.4162060">
    <ele>1120.1</ele>
   </trkpt>
   <trkpt lat="-29.6107800" lon="24.4163390">
    <ele>1120.1</ele>
   </trkpt>
   <trkpt lat="-29.6107270" lon="24.4164610">
    <ele>1120.1</ele>
   </trkpt>
   <trkpt lat="-29.6106780" lon="24.4165730">
    <ele>1120.0</ele>
   </trkpt>
   <trkpt lat="-29.6106340" lon="24.4166480">
    <ele>1120.0</ele>
   </trkpt>
   <trkpt lat="-29.6105930" lon="24.4167410">
    <ele>1120.0</ele>
   </trkpt>
   <trkpt lat="-29.6105590" lon="24.4168150">
    <ele>1120.0</ele>
   </trkpt>
   <trkpt lat="-29.6105330" lon="24.4168710">
    <ele>1120.0</ele>
   </trkpt>
   <trkpt lat="-29.6105010" lon="24.4169350">
    <ele>1120.0</ele>
   </trkpt>
   <trkpt lat="-29.6104750" lon="24.4169890">
    <ele>1120.0</ele>
   </trkpt>
   <trkpt lat="-29.6104470" lon="24.4170450">
    <ele>1120.0</ele>
   </trkpt>
   <trkpt lat="-29.6104160" lon="24.4170970">
    <ele>1120.0</ele>
   </trkpt>
   <trkpt lat="-29.6103820" lon="24.4171500">
    <ele>1119.9</ele>
   </trkpt>
   <trkpt lat="-29.6103480" lon="24.4172130">
    <ele>1119.9</ele>
   </trkpt>
   <trkpt lat="-29.6103070" lon="24.4172860">
    <ele>1119.9</ele>
   </trkpt>
   <trkpt lat="-29.6102540" lon="24.4173690">
    <ele>1119.9</ele>
   </trkpt>
   <trkpt lat="-29.6101930" lon="24.4174590">
    <ele>1119.8</ele>
   </trkpt>
   <trkpt lat="-29.6101290" lon="24.4175590">
    <ele>1119.8</ele>
   </trkpt>
   <trkpt lat="-29.6100600" lon="24.4176650">
    <ele>1119.7</ele>
   </trkpt>
   <trkpt lat="-29.6099890" lon="24.4177700">
    <ele>1119.7</ele>
   </trkpt>
   <trkpt lat="-29.6099150" lon="24.4178780">
    <ele>1119.7</ele>
   </trkpt>
   <trkpt lat="-29.6098410" lon="24.4179870">
    <ele>1119.6</ele>
   </trkpt>
   <trkpt lat="-29.6097660" lon="24.4181050">
    <ele>1119.6</ele>
   </trkpt>
   <trkpt lat="-29.6096860" lon="24.4182240">
    <ele>1119.5</ele>
   </trkpt>
   <trkpt lat="-29.6096050" lon="24.4183460">
    <ele>1119.5</ele>
   </trkpt>
   <trkpt lat="-29.6095230" lon="24.4184660">
    <ele>1119.5</ele>
   </trkpt>
   <trkpt lat="-29.6094420" lon="24.4185810">
    <ele>1119.4</ele>
   </trkpt>
   <trkpt lat="-29.6093720" lon="24.4186810">
    <ele>1119.4</ele>
   </trkpt>
   <trkpt lat="-29.6092870" lon="24.4188140">
    <ele>1119.3</ele>
   </trkpt>
   <trkpt lat="-29.6092100" lon="24.4189360">
    <ele>1119.3</ele>
   </trkpt>
   <trkpt lat="-29.6091300" lon="24.4190610">
    <ele>1119.2</ele>
   </trkpt>
   <trkpt lat="-29.6090580" lon="24.4191840">
    <ele>1119.2</ele>
   </trkpt>
   <trkpt lat="-29.6089860" lon="24.4193040">
    <ele>1119.2</ele>
   </trkpt>
   <trkpt lat="-29.6089190" lon="24.4194230">
    <ele>1119.1</ele>
   </trkpt>
   <trkpt lat="-29.6088520" lon="24.4195460">
    <ele>1119.1</ele>
   </trkpt>
   <trkpt lat="-29.6087850" lon="24.4196730">
    <ele>1119.0</ele>
   </trkpt>
   <trkpt lat="-29.6087200" lon="24.4198050">
    <ele>1119.0</ele>
   </trkpt>
   <trkpt lat="-29.6086540" lon="24.4199380">
    <ele>1118.9</ele>
   </trkpt>
   <trkpt lat="-29.6085920" lon="24.4200760">
    <ele>1118.9</ele>
   </trkpt>
   <trkpt lat="-29.6085290" lon="24.4202180">
    <ele>1118.8</ele>
   </trkpt>
   <trkpt lat="-29.6084670" lon="24.4203490">
    <ele>1118.8</ele>
   </trkpt>
   <trkpt lat="-29.6084000" lon="24.4204740">
    <ele>1118.8</ele>
   </trkpt>
   <trkpt lat="-29.6083330" lon="24.4205930">
    <ele>1118.7</ele>
   </trkpt>
   <trkpt lat="-29.6082620" lon="24.4207030">
    <ele>1118.7</ele>
   </trkpt>
   <trkpt lat="-29.6080950" lon="24.4209110">
    <ele>1118.6</ele>
   </trkpt>
   <trkpt lat="-29.6080020" lon="24.4210070">
    <ele>1118.6</ele>
   </trkpt>
   <trkpt lat="-29.6079030" lon="24.4210910">
    <ele>1118.5</ele>
   </trkpt>
   <trkpt lat="-29.6077930" lon="24.4211740">
    <ele>1118.5</ele>
   </trkpt>
   <trkpt lat="-29.6076740" lon="24.4212540">
    <ele>1118.4</ele>
   </trkpt>
   <trkpt lat="-29.6075510" lon="24.4213330">
    <ele>1118.4</ele>
   </trkpt>
   <trkpt lat="-29.6074350" lon="24.4214120">
    <ele>1118.3</ele>
   </trkpt>
   <trkpt lat="-29.6073240" lon="24.4214930">
    <ele>1118.3</ele>
   </trkpt>
   <trkpt lat="-29.6072160" lon="24.4215750">
    <ele>1118.2</ele>
   </trkpt>
   <trkpt lat="-29.6071030" lon="24.4216560">
    <ele>1118.2</ele>
   </trkpt>
   <trkpt lat="-29.6069940" lon="24.4217480">
    <ele>1118.1</ele>
   </trkpt>
   <trkpt lat="-29.6068850" lon="24.4218500">
    <ele>1118.1</ele>
   </trkpt>
   <trkpt lat="-29.6067850" lon="24.4219620">
    <ele>1118.1</ele>
   </trkpt>
   <trkpt lat="-29.6066870" lon="24.4220670">
    <ele>1118.0</ele>
   </trkpt>
   <trkpt lat="-29.6065900" lon="24.4221730">
    <ele>1118.0</ele>
   </trkpt>
   <trkpt lat="-29.6064930" lon="24.4222830">
    <ele>1117.9</ele>
   </trkpt>
   <trkpt lat="-29.6063960" lon="24.4223930">
    <ele>1117.9</ele>
   </trkpt>
   <trkpt lat="-29.6063000" lon="24.4225040">
    <ele>1117.8</ele>
   </trkpt>
   <trkpt lat="-29.6062060" lon="24.4226120">
    <ele>1117.8</ele>
   </trkpt>
   <trkpt lat="-29.6061120" lon="24.4227200">
    <ele>1117.7</ele>
   </trkpt>
   <trkpt lat="-29.6060140" lon="24.4228280">
    <ele>1117.7</ele>
   </trkpt>
   <trkpt lat="-29.6059170" lon="24.4229350">
    <ele>1117.7</ele>
   </trkpt>
   <trkpt lat="-29.6058190" lon="24.4230450">
    <ele>1117.6</ele>
   </trkpt>
   <trkpt lat="-29.6057220" lon="24.4231560">
    <ele>1117.6</ele>
   </trkpt>
   <trkpt lat="-29.6056270" lon="24.4232610">
    <ele>1117.5</ele>
   </trkpt>
   <trkpt lat="-29.6055300" lon="24.4233660">
    <ele>1117.5</ele>
   </trkpt>
   <trkpt lat="-29.6054360" lon="24.4234780">
    <ele>1117.4</ele>
   </trkpt>
   <trkpt lat="-29.6053350" lon="24.4235960">
    <ele>1117.4</ele>
   </trkpt>
   <trkpt lat="-29.6052290" lon="24.4237150">
    <ele>1117.3</ele>
   </trkpt>
   <trkpt lat="-29.6051210" lon="24.4238340">
    <ele>1117.3</ele>
   </trkpt>
   <trkpt lat="-29.6050140" lon="24.4239560">
    <ele>1117.2</ele>
   </trkpt>
   <trkpt lat="-29.6049010" lon="24.4240810">
    <ele>1117.2</ele>
   </trkpt>
   <trkpt lat="-29.6047850" lon="24.4242070">
    <ele>1117.1</ele>
   </trkpt>
   <trkpt lat="-29.6046720" lon="24.4243260">
    <ele>1117.1</ele>
   </trkpt>
   <trkpt lat="-29.6045650" lon="24.4244500">
    <ele>1117.0</ele>
   </trkpt>
   <trkpt lat="-29.6044590" lon="24.4245610">
    <ele>1117.1</ele>
   </trkpt>
   <trkpt lat="-29.6043520" lon="24.4246790">
    <ele>1117.2</ele>
   </trkpt>
   <trkpt lat="-29.6042480" lon="24.4247960">
    <ele>1117.3</ele>
   </trkpt>
   <trkpt lat="-29.6041430" lon="24.4249150">
    <ele>1117.5</ele>
   </trkpt>
   <trkpt lat="-29.6040350" lon="24.4250380">
    <ele>1117.6</ele>
   </trkpt>
   <trkpt lat="-29.6039260" lon="24.4251600">
    <ele>1117.8</ele>
   </trkpt>
   <trkpt lat="-29.6038140" lon="24.4252870">
    <ele>1117.9</ele>
   </trkpt>
   <trkpt lat="-29.6037040" lon="24.4254140">
    <ele>1118.0</ele>
   </trkpt>
   <trkpt lat="-29.6035960" lon="24.4255410">
    <ele>1118.2</ele>
   </trkpt>
   <trkpt lat="-29.6034840" lon="24.4256650">
    <ele>1118.3</ele>
   </trkpt>
   <trkpt lat="-29.6033730" lon="24.4257930">
    <ele>1118.5</ele>
   </trkpt>
   <trkpt lat="-29.6032660" lon="24.4259160">
    <ele>1118.6</ele>
   </trkpt>
   <trkpt lat="-29.6031570" lon="24.4260340">
    <ele>1118.7</ele>
   </trkpt>
   <trkpt lat="-29.6030500" lon="24.4261510">
    <ele>1118.9</ele>
   </trkpt>
   <trkpt lat="-29.6029480" lon="24.4262640">
    <ele>1119.0</ele>
   </trkpt>
   <trkpt lat="-29.6028390" lon="24.4263810">
    <ele>1119.1</ele>
   </trkpt>
   <trkpt lat="-29.6027280" lon="24.4265010">
    <ele>1119.3</ele>
   </trkpt>
   <trkpt lat="-29.6026200" lon="24.4266210">
    <ele>1119.4</ele>
   </trkpt>
   <trkpt lat="-29.6025100" lon="24.4267410">
    <ele>1119.5</ele>
   </trkpt>
   <trkpt lat="-29.6024090" lon="24.4268560">
    <ele>1119.7</ele>
   </trkpt>
   <trkpt lat="-29.6023070" lon="24.4269620">
    <ele>1119.8</ele>
   </trkpt>
   <trkpt lat="-29.6022150" lon="24.4270670">
    <ele>1119.9</ele>
   </trkpt>
   <trkpt lat="-29.6021200" lon="24.4271730">
    <ele>1120.0</ele>
   </trkpt>
   <trkpt lat="-29.6020210" lon="24.4272810">
    <ele>1120.2</ele>
   </trkpt>
   <trkpt lat="-29.6019220" lon="24.4273880">
    <ele>1120.3</ele>
   </trkpt>
   <trkpt lat="-29.6018200" lon="24.4275000">
    <ele>1120.4</ele>
   </trkpt>
   <trkpt lat="-29.6017230" lon="24.4276060">
    <ele>1120.5</ele>
   </trkpt>
   <trkpt lat="-29.6016250" lon="24.4277060">
    <ele>1120.7</ele>
   </trkpt>
   <trkpt lat="-29.6015370" lon="24.4278040">
    <ele>1120.8</ele>
   </trkpt>
   <trkpt lat="-29.6014550" lon="24.4278910">
    <ele>1120.9</ele>
   </trkpt>
   <trkpt lat="-29.6013780" lon="24.4279720">
    <ele>1121.0</ele>
   </trkpt>
   <trkpt lat="-29.6013020" lon="24.4280440">
    <ele>1121.1</ele>
   </trkpt>
   <trkpt lat="-29.6012250" lon="24.4281170">
    <ele>1121.1</ele>
   </trkpt>
   <trkpt lat="-29.6011440" lon="24.4281880">
    <ele>1121.2</ele>
   </trkpt>
   <trkpt lat="-29.6010670" lon="24.4282570">
    <ele>1121.3</ele>
   </trkpt>
   <trkpt lat="-29.6010010" lon="24.4283330">
    <ele>1121.4</ele>
   </trkpt>
   <trkpt lat="-29.6009440" lon="24.4284140">
    <ele>1121.5</ele>
   </trkpt>
   <trkpt lat="-29.6009030" lon="24.4284980">
    <ele>1121.6</ele>
   </trkpt>
   <trkpt lat="-29.6008770" lon="24.4285830">
    <ele>1121.6</ele>
   </trkpt>
   <trkpt lat="-29.6008670" lon="24.4286620">
    <ele>1121.7</ele>
   </trkpt>
   <trkpt lat="-29.6008580" lon="24.4287490">
    <ele>1121.8</ele>
   </trkpt>
   <trkpt lat="-29.6008540" lon="24.4288480">
    <ele>1121.8</ele>
   </trkpt>
   <trkpt lat="-29.6008570" lon="24.4289540">
    <ele>1121.9</ele>
   </trkpt>
   <trkpt lat="-29.6008630" lon="24.4290660">
    <ele>1122.0</ele>
   </trkpt>
   <trkpt lat="-29.6008680" lon="24.4291830">
    <ele>1122.1</ele>
   </trkpt>
   <trkpt lat="-29.6008670" lon="24.4293080">
    <ele>1122.2</ele>
   </trkpt>
   <trkpt lat="-29.6008610" lon="24.4294320">
    <ele>1122.3</ele>
   </trkpt>
   <trkpt lat="-29.6008560" lon="24.4295600">
    <ele>1122.4</ele>
   </trkpt>
   <trkpt lat="-29.6008470" lon="24.4296850">
    <ele>1122.5</ele>
   </trkpt>
   <trkpt lat="-29.6008420" lon="24.4298070">
    <ele>1122.6</ele>
   </trkpt>
   <trkpt lat="-29.6008370" lon="24.4299220">
    <ele>1122.7</ele>
   </trkpt>
   <trkpt lat="-29.6008250" lon="24.4300360">
    <ele>1122.8</ele>
   </trkpt>
   <trkpt lat="-29.6008170" lon="24.4301550">
    <ele>1122.9</ele>
   </trkpt>
   <trkpt lat="-29.6008100" lon="24.4302810">
    <ele>1123.0</ele>
   </trkpt>
   <trkpt lat="-29.6008020" lon="24.4304140">
    <ele>1123.1</ele>
   </trkpt>
   <trkpt lat="-29.6007990" lon="24.4305340">
    <ele>1123.2</ele>
   </trkpt>
   <trkpt lat="-29.6007950" lon="24.4306540">
    <ele>1123.3</ele>
   </trkpt>
   <trkpt lat="-29.6007870" lon="24.4307800">
    <ele>1123.4</ele>
   </trkpt>
   <trkpt lat="-29.6007800" lon="24.4309080">
    <ele>1123.5</ele>
   </trkpt>
   <trkpt lat="-29.6007740" lon="24.4310390">
    <ele>1123.6</ele>
   </trkpt>
   <trkpt lat="-29.6007700" lon="24.4311670">
    <ele>1123.7</ele>
   </trkpt>
   <trkpt lat="-29.6007650" lon="24.4312900">
    <ele>1123.8</ele>
   </trkpt>
   <trkpt lat="-29.6007620" lon="24.4314070">
    <ele>1123.9</ele>
   </trkpt>
   <trkpt lat="-29.6007570" lon="24.4315260">
    <ele>1124.0</ele>
   </trkpt>
   <trkpt lat="-29.6007490" lon="24.4316540">
    <ele>1124.1</ele>
   </trkpt>
   <trkpt lat="-29.6007420" lon="24.4317780">
    <ele>1124.2</ele>
   </trkpt>
   <trkpt lat="-29.6007360" lon="24.4318970">
    <ele>1124.3</ele>
   </trkpt>
   <trkpt lat="-29.6007290" lon="24.4320170">
    <ele>1124.4</ele>
   </trkpt>
   <trkpt lat="-29.6007240" lon="24.4321360">
    <ele>1124.4</ele>
   </trkpt>
   <trkpt lat="-29.6007160" lon="24.4322430">
    <ele>1124.5</ele>
   </trkpt>
   <trkpt lat="-29.6007080" lon="24.4323420">
    <ele>1124.6</ele>
   </trkpt>
   <trkpt lat="-29.6007040" lon="24.4324390">
    <ele>1124.7</ele>
   </trkpt>
   <trkpt lat="-29.6006930" lon="24.4325280">
    <ele>1124.8</ele>
   </trkpt>
   <trkpt lat="-29.6006810" lon="24.4326120">
    <ele>1124.8</ele>
   </trkpt>
   <trkpt lat="-29.6006660" lon="24.4326890">
    <ele>1124.9</ele>
   </trkpt>
   <trkpt lat="-29.6006410" lon="24.4327370">
    <ele>1124.9</ele>
   </trkpt>
   <trkpt lat="-29.6006070" lon="24.4327600">
    <ele>1125.0</ele>
   </trkpt>
   <trkpt lat="-29.6005710" lon="24.4327620">
    <ele>1125.1</ele>
   </trkpt>
   <trkpt lat="-29.6005430" lon="24.4327370">
    <ele>1125.1</ele>
   </trkpt>
   <trkpt lat="-29.6005170" lon="24.4327020">
    <ele>1125.1</ele>
   </trkpt>
   <trkpt lat="-29.6005050" lon="24.4326650">
    <ele>1125.2</ele>
   </trkpt>
   <trkpt lat="-29.6004960" lon="24.4326350">
    <ele>1125.2</ele>
   </trkpt>
   <trkpt lat="-29.6004750" lon="24.4325930">
    <ele>1125.2</ele>
   </trkpt>
   <trkpt lat="-29.6004660" lon="24.4325720">
    <ele>1125.3</ele>
   </trkpt>
   <trkpt lat="-29.6004390" lon="24.4325140">
    <ele>1125.3</ele>
   </trkpt>
   <trkpt lat="-29.6004080" lon="24.4324490">
    <ele>1125.4</ele>
   </trkpt>
   <trkpt lat="-29.6003700" lon="24.4323740">
    <ele>1125.5</ele>
   </trkpt>
   <trkpt lat="-29.6003270" lon="24.4322940">
    <ele>1125.6</ele>
   </trkpt>
   <trkpt lat="-29.6002810" lon="24.4322090">
    <ele>1125.7</ele>
   </trkpt>
   <trkpt lat="-29.6002300" lon="24.4321180">
    <ele>1125.8</ele>
   </trkpt>
   <trkpt lat="-29.6001340" lon="24.4319400">
    <ele>1125.9</ele>
   </trkpt>
   <trkpt lat="-29.6000890" lon="24.4318540">
    <ele>1126.0</ele>
   </trkpt>
   <trkpt lat="-29.6000360" lon="24.4317670">
    <ele>1126.1</ele>
   </trkpt>
   <trkpt lat="-29.5999790" lon="24.4316790">
    <ele>1126.2</ele>
   </trkpt>
   <trkpt lat="-29.5999170" lon="24.4315720">
    <ele>1126.3</ele>
   </trkpt>
   <trkpt lat="-29.5998550" lon="24.4314670">
    <ele>1126.5</ele>
   </trkpt>
   <trkpt lat="-29.5997870" lon="24.4313560">
    <ele>1126.6</ele>
   </trkpt>
   <trkpt lat="-29.5997190" lon="24.4312420">
    <ele>1126.7</ele>
   </trkpt>
   <trkpt lat="-29.5996560" lon="24.4311360">
    <ele>1126.8</ele>
   </trkpt>
   <trkpt lat="-29.5995910" lon="24.4310310">
    <ele>1126.9</ele>
   </trkpt>
   <trkpt lat="-29.5995230" lon="24.4309280">
    <ele>1127.1</ele>
   </trkpt>
   <trkpt lat="-29.5994560" lon="24.4308240">
    <ele>1127.2</ele>
   </trkpt>
   <trkpt lat="-29.5993870" lon="24.4307140">
    <ele>1127.3</ele>
   </trkpt>
   <trkpt lat="-29.5993160" lon="24.4305990">
    <ele>1127.4</ele>
   </trkpt>
   <trkpt lat="-29.5992440" lon="24.4304770">
    <ele>1127.6</ele>
   </trkpt>
   <trkpt lat="-29.5991730" lon="24.4303740">
    <ele>1127.7</ele>
   </trkpt>
   <trkpt lat="-29.5991030" lon="24.4302690">
    <ele>1127.8</ele>
   </trkpt>
   <trkpt lat="-29.5990310" lon="24.4301600">
    <ele>1127.9</ele>
   </trkpt>
   <trkpt lat="-29.5989560" lon="24.4300380">
    <ele>1128.1</ele>
   </trkpt>
   <trkpt lat="-29.5988830" lon="24.4299290">
    <ele>1128.2</ele>
   </trkpt>
   <trkpt lat="-29.5988090" lon="24.4298190">
    <ele>1128.3</ele>
   </trkpt>
   <trkpt lat="-29.5987390" lon="24.4297040">
    <ele>1128.5</ele>
   </trkpt>
   <trkpt lat="-29.5986650" lon="24.4295880">
    <ele>1128.6</ele>
   </trkpt>
   <trkpt lat="-29.5985900" lon="24.4294700">
    <ele>1128.7</ele>
   </trkpt>
   <trkpt lat="-29.5985130" lon="24.4293570">
    <ele>1128.8</ele>
   </trkpt>
   <trkpt lat="-29.5984360" lon="24.4292420">
    <ele>1129.0</ele>
   </trkpt>
   <trkpt lat="-29.5983590" lon="24.4291220">
    <ele>1129.1</ele>
   </trkpt>
   <trkpt lat="-29.5982840" lon="24.4290080">
    <ele>1129.2</ele>
   </trkpt>
   <trkpt lat="-29.5982070" lon="24.4288860">
    <ele>1129.4</ele>
   </trkpt>
   <trkpt lat="-29.5981330" lon="24.4287690">
    <ele>1129.5</ele>
   </trkpt>
   <trkpt lat="-29.5980620" lon="24.4286570">
    <ele>1129.6</ele>
   </trkpt>
   <trkpt lat="-29.5979910" lon="24.4285460">
    <ele>1129.8</ele>
   </trkpt>
   <trkpt lat="-29.5979200" lon="24.4284350">
    <ele>1129.9</ele>
   </trkpt>
   <trkpt lat="-29.5978480" lon="24.4283220">
    <ele>1130.0</ele>
   </trkpt>
   <trkpt lat="-29.5977770" lon="24.4282130">
    <ele>1130.1</ele>
   </trkpt>
   <trkpt lat="-29.5977040" lon="24.4281010">
    <ele>1130.3</ele>
   </trkpt>
   <trkpt lat="-29.5976300" lon="24.4279820">
    <ele>1130.4</ele>
   </trkpt>
   <trkpt lat="-29.5975530" lon="24.4278630">
    <ele>1130.5</ele>
   </trkpt>
   <trkpt lat="-29.5974790" lon="24.4277410">
    <ele>1130.7</ele>
   </trkpt>
   <trkpt lat="-29.5974020" lon="24.4276170">
    <ele>1130.8</ele>
   </trkpt>
   <trkpt lat="-29.5973280" lon="24.4274940">
    <ele>1131.0</ele>
   </trkpt>
   <trkpt lat="-29.5972520" lon="24.4273760">
    <ele>1131.0</ele>
   </trkpt>
   <trkpt lat="-29.5971770" lon="24.4272600">
    <ele>1131.1</ele>
   </trkpt>
   <trkpt lat="-29.5971010" lon="24.4271400">
    <ele>1131.2</ele>
   </trkpt>
   <trkpt lat="-29.5970310" lon="24.4270220">
    <ele>1131.3</ele>
   </trkpt>
   <trkpt lat="-29.5969590" lon="24.4269070">
    <ele>1131.3</ele>
   </trkpt>
   <trkpt lat="-29.5968850" lon="24.4267920">
    <ele>1131.4</ele>
   </trkpt>
   <trkpt lat="-29.5968080" lon="24.4266800">
    <ele>1131.5</ele>
   </trkpt>
   <trkpt lat="-29.5967350" lon="24.4265700">
    <ele>1131.6</ele>
   </trkpt>
   <trkpt lat="-29.5966660" lon="24.4264660">
    <ele>1131.6</ele>
   </trkpt>
   <trkpt lat="-29.5965970" lon="24.4263730">
    <ele>1131.7</ele>
   </trkpt>
   <trkpt lat="-29.5965320" lon="24.4262840">
    <ele>1131.7</ele>
   </trkpt>
   <trkpt lat="-29.5964670" lon="24.4261900">
    <ele>1131.8</ele>
   </trkpt>
   <trkpt lat="-29.5964050" lon="24.4260920">
    <ele>1131.9</ele>
   </trkpt>
   <trkpt lat="-29.5963450" lon="24.4259880">
    <ele>1131.9</ele>
   </trkpt>
   <trkpt lat="-29.5962810" lon="24.4258820">
    <ele>1132.0</ele>
   </trkpt>
   <trkpt lat="-29.5962160" lon="24.4257770">
    <ele>1132.1</ele>
   </trkpt>
   <trkpt lat="-29.5961480" lon="24.4256690">
    <ele>1132.1</ele>
   </trkpt>
   <trkpt lat="-29.5960810" lon="24.4255610">
    <ele>1132.2</ele>
   </trkpt>
   <trkpt lat="-29.5960150" lon="24.4254520">
    <ele>1132.3</ele>
   </trkpt>
   <trkpt lat="-29.5959460" lon="24.4253430">
    <ele>1132.3</ele>
   </trkpt>
   <trkpt lat="-29.5958820" lon="24.4252360">
    <ele>1132.4</ele>
   </trkpt>
   <trkpt lat="-29.5958170" lon="24.4251260">
    <ele>1132.5</ele>
   </trkpt>
   <trkpt lat="-29.5957480" lon="24.4250160">
    <ele>1132.5</ele>
   </trkpt>
   <trkpt lat="-29.5956800" lon="24.4249040">
    <ele>1132.6</ele>
   </trkpt>
   <trkpt lat="-29.5956070" lon="24.4247860">
    <ele>1132.7</ele>
   </trkpt>
   <trkpt lat="-29.5955340" lon="24.4246690">
    <ele>1132.8</ele>
   </trkpt>
   <trkpt lat="-29.5954600" lon="24.4245490">
    <ele>1132.8</ele>
   </trkpt>
   <trkpt lat="-29.5953890" lon="24.4244260">
    <ele>1132.9</ele>
   </trkpt>
   <trkpt lat="-29.5953110" lon="24.4243070">
    <ele>1133.0</ele>
   </trkpt>
   <trkpt lat="-29.5952320" lon="24.4241870">
    <ele>1133.1</ele>
   </trkpt>
   <trkpt lat="-29.5951520" lon="24.4240640">
    <ele>1133.1</ele>
   </trkpt>
   <trkpt lat="-29.5950770" lon="24.4239360">
    <ele>1133.2</ele>
   </trkpt>
   <trkpt lat="-29.5949980" lon="24.4238100">
    <ele>1133.3</ele>
   </trkpt>
   <trkpt lat="-29.5949180" lon="24.4236820">
    <ele>1133.4</ele>
   </trkpt>
   <trkpt lat="-29.5948430" lon="24.4235570">
    <ele>1133.4</ele>
   </trkpt>
   <trkpt lat="-29.5947680" lon="24.4234320">
    <ele>1133.5</ele>
   </trkpt>
   <trkpt lat="-29.5946930" lon="24.4233130">
    <ele>1133.6</ele>
   </trkpt>
   <trkpt lat="-29.5946200" lon="24.4231940">
    <ele>1133.7</ele>
   </trkpt>
   <trkpt lat="-29.5945430" lon="24.4230770">
    <ele>1133.7</ele>
   </trkpt>
   <trkpt lat="-29.5944680" lon="24.4229550">
    <ele>1133.8</ele>
   </trkpt>
   <trkpt lat="-29.5943890" lon="24.4228310">
    <ele>1133.9</ele>
   </trkpt>
   <trkpt lat="-29.5943140" lon="24.4227100">
    <ele>1134.0</ele>
   </trkpt>
   <trkpt lat="-29.5942330" lon="24.4225870">
    <ele>1134.1</ele>
   </trkpt>
   <trkpt lat="-29.5941530" lon="24.4224590">
    <ele>1134.1</ele>
   </trkpt>
   <trkpt lat="-29.5940710" lon="24.4223270">
    <ele>1134.2</ele>
   </trkpt>
   <trkpt lat="-29.5939870" lon="24.4221990">
    <ele>1134.3</ele>
   </trkpt>
   <trkpt lat="-29.5939070" lon="24.4220700">
    <ele>1134.4</ele>
   </trkpt>
   <trkpt lat="-29.5938240" lon="24.4219370">
    <ele>1134.5</ele>
   </trkpt>
   <trkpt lat="-29.5937430" lon="24.4218060">
    <ele>1134.5</ele>
   </trkpt>
   <trkpt lat="-29.5936610" lon="24.4216750">
    <ele>1134.6</ele>
   </trkpt>
   <trkpt lat="-29.5935800" lon="24.4215470">
    <ele>1134.7</ele>
   </trkpt>
   <trkpt lat="-29.5934990" lon="24.4214210">
    <ele>1134.8</ele>
   </trkpt>
   <trkpt lat="-29.5934190" lon="24.4212950">
    <ele>1134.9</ele>
   </trkpt>
   <trkpt lat="-29.5933380" lon="24.4211700">
    <ele>1134.9</ele>
   </trkpt>
   <trkpt lat="-29.5932600" lon="24.4210430">
    <ele>1135.0</ele>
   </trkpt>
   <trkpt lat="-29.5931800" lon="24.4209180">
    <ele>1135.1</ele>
   </trkpt>
   <trkpt lat="-29.5931010" lon="24.4207900">
    <ele>1135.2</ele>
   </trkpt>
   <trkpt lat="-29.5930180" lon="24.4206610">
    <ele>1135.3</ele>
   </trkpt>
   <trkpt lat="-29.5929370" lon="24.4205310">
    <ele>1135.3</ele>
   </trkpt>
   <trkpt lat="-29.5928540" lon="24.4203970">
    <ele>1135.4</ele>
   </trkpt>
   <trkpt lat="-29.5927690" lon="24.4202650">
    <ele>1135.5</ele>
   </trkpt>
   <trkpt lat="-29.5926840" lon="24.4201310">
    <ele>1135.6</ele>
   </trkpt>
   <trkpt lat="-29.5925990" lon="24.4199960">
    <ele>1135.7</ele>
   </trkpt>
   <trkpt lat="-29.5925120" lon="24.4198600">
    <ele>1135.8</ele>
   </trkpt>
   <trkpt lat="-29.5924270" lon="24.4197250">
    <ele>1135.8</ele>
   </trkpt>
   <trkpt lat="-29.5923410" lon="24.4195910">
    <ele>1135.9</ele>
   </trkpt>
   <trkpt lat="-29.5922520" lon="24.4194550">
    <ele>1136.0</ele>
   </trkpt>
   <trkpt lat="-29.5921670" lon="24.4193230">
    <ele>1136.2</ele>
   </trkpt>
   <trkpt lat="-29.5920820" lon="24.4191880">
    <ele>1136.3</ele>
   </trkpt>
   <trkpt lat="-29.5919980" lon="24.4190560">
    <ele>1136.5</ele>
   </trkpt>
   <trkpt lat="-29.5919120" lon="24.4189230">
    <ele>1136.6</ele>
   </trkpt>
   <trkpt lat="-29.5918320" lon="24.4188020">
    <ele>1136.7</ele>
   </trkpt>
   <trkpt lat="-29.5917530" lon="24.4186820">
    <ele>1136.8</ele>
   </trkpt>
   <trkpt lat="-29.5916790" lon="24.4185630">
    <ele>1137.0</ele>
   </trkpt>
   <trkpt lat="-29.5916080" lon="24.4184500">
    <ele>1137.1</ele>
   </trkpt>
   <trkpt lat="-29.5915420" lon="24.4183380">
    <ele>1137.2</ele>
   </trkpt>
   <trkpt lat="-29.5914730" lon="24.4182280">
    <ele>1137.3</ele>
   </trkpt>
   <trkpt lat="-29.5913990" lon="24.4181160">
    <ele>1137.4</ele>
   </trkpt>
   <trkpt lat="-29.5913250" lon="24.4180020">
    <ele>1137.6</ele>
   </trkpt>
   <trkpt lat="-29.5912490" lon="24.4178840">
    <ele>1137.7</ele>
   </trkpt>
   <trkpt lat="-29.5911720" lon="24.4177650">
    <ele>1137.8</ele>
   </trkpt>
   <trkpt lat="-29.5910940" lon="24.4176430">
    <ele>1137.9</ele>
   </trkpt>
   <trkpt lat="-29.5910190" lon="24.4175230">
    <ele>1138.1</ele>
   </trkpt>
   <trkpt lat="-29.5909440" lon="24.4174020">
    <ele>1138.2</ele>
   </trkpt>
   <trkpt lat="-29.5907920" lon="24.4171610">
    <ele>1138.4</ele>
   </trkpt>
   <trkpt lat="-29.5907120" lon="24.4170370">
    <ele>1138.6</ele>
   </trkpt>
   <trkpt lat="-29.5906300" lon="24.4169090">
    <ele>1138.7</ele>
   </trkpt>
   <trkpt lat="-29.5905500" lon="24.4167780">
    <ele>1138.8</ele>
   </trkpt>
   <trkpt lat="-29.5904660" lon="24.4166430">
    <ele>1139.0</ele>
   </trkpt>
   <trkpt lat="-29.5903830" lon="24.4165060">
    <ele>1139.1</ele>
   </trkpt>
   <trkpt lat="-29.5902970" lon="24.4163720">
    <ele>1139.3</ele>
   </trkpt>
   <trkpt lat="-29.5902110" lon="24.4162340">
    <ele>1139.4</ele>
   </trkpt>
   <trkpt lat="-29.5901250" lon="24.4160990">
    <ele>1139.5</ele>
   </trkpt>
   <trkpt lat="-29.5900370" lon="24.4159600">
    <ele>1139.7</ele>
   </trkpt>
   <trkpt lat="-29.5899470" lon="24.4158200">
    <ele>1139.8</ele>
   </trkpt>
   <trkpt lat="-29.5898590" lon="24.4156760">
    <ele>1140.0</ele>
   </trkpt>
   <trkpt lat="-29.5897680" lon="24.4155390">
    <ele>1140.1</ele>
   </trkpt>
   <trkpt lat="-29.5896780" lon="24.4153960">
    <ele>1140.3</ele>
   </trkpt>
   <trkpt lat="-29.5895900" lon="24.4152580">
    <ele>1140.4</ele>
   </trkpt>
   <trkpt lat="-29.5895020" lon="24.4151190">
    <ele>1140.6</ele>
   </trkpt>
   <trkpt lat="-29.5894150" lon="24.4149770">
    <ele>1140.7</ele>
   </trkpt>
   <trkpt lat="-29.5893280" lon="24.4148410">
    <ele>1140.8</ele>
   </trkpt>
   <trkpt lat="-29.5892410" lon="24.4147030">
    <ele>1141.0</ele>
   </trkpt>
   <trkpt lat="-29.5891550" lon="24.4145630">
    <ele>1141.1</ele>
   </trkpt>
   <trkpt lat="-29.5890680" lon="24.4144260">
    <ele>1141.3</ele>
   </trkpt>
   <trkpt lat="-29.5889830" lon="24.4142890">
    <ele>1141.4</ele>
   </trkpt>
   <trkpt lat="-29.5888960" lon="24.4141520">
    <ele>1141.6</ele>
   </trkpt>
   <trkpt lat="-29.5888080" lon="24.4140130">
    <ele>1141.7</ele>
   </trkpt>
   <trkpt lat="-29.5887180" lon="24.4138770">
    <ele>1141.9</ele>
   </trkpt>
   <trkpt lat="-29.5886320" lon="24.4137430">
    <ele>1142.0</ele>
   </trkpt>
   <trkpt lat="-29.5885440" lon="24.4136090">
    <ele>1142.1</ele>
   </trkpt>
   <trkpt lat="-29.5884600" lon="24.4134680">
    <ele>1142.3</ele>
   </trkpt>
   <trkpt lat="-29.5883760" lon="24.4133360">
    <ele>1142.4</ele>
   </trkpt>
   <trkpt lat="-29.5882900" lon="24.4132000">
    <ele>1142.6</ele>
   </trkpt>
   <trkpt lat="-29.5882040" lon="24.4130650">
    <ele>1142.7</ele>
   </trkpt>
   <trkpt lat="-29.5881170" lon="24.4129300">
    <ele>1142.8</ele>
   </trkpt>
   <trkpt lat="-29.5880310" lon="24.4127930">
    <ele>1143.0</ele>
   </trkpt>
   <trkpt lat="-29.5879440" lon="24.4126600">
    <ele>1143.1</ele>
   </trkpt>
   <trkpt lat="-29.5878580" lon="24.4125210">
    <ele>1143.3</ele>
   </trkpt>
   <trkpt lat="-29.5877700" lon="24.4123820">
    <ele>1143.4</ele>
   </trkpt>
   <trkpt lat="-29.5876830" lon="24.4122430">
    <ele>1143.6</ele>
   </trkpt>
   <trkpt lat="-29.5875960" lon="24.4121060">
    <ele>1143.7</ele>
   </trkpt>
   <trkpt lat="-29.5875090" lon="24.4119640">
    <ele>1143.8</ele>
   </trkpt>
   <trkpt lat="-29.5874190" lon="24.4118230">
    <ele>1144.0</ele>
   </trkpt>
   <trkpt lat="-29.5873290" lon="24.4116800">
    <ele>1144.3</ele>
   </trkpt>
   <trkpt lat="-29.5872380" lon="24.4115420">
    <ele>1144.6</ele>
   </trkpt>
   <trkpt lat="-29.5871500" lon="24.4113910">
    <ele>1144.9</ele>
   </trkpt>
   <trkpt lat="-29.5870630" lon="24.4112480">
    <ele>1145.2</ele>
   </trkpt>
   <trkpt lat="-29.5869760" lon="24.4111080">
    <ele>1145.5</ele>
   </trkpt>
   <trkpt lat="-29.5868900" lon="24.4109750">
    <ele>1145.8</ele>
   </trkpt>
   <trkpt lat="-29.5868070" lon="24.4108510">
    <ele>1146.1</ele>
   </trkpt>
   <trkpt lat="-29.5867270" lon="24.4107230">
    <ele>1146.4</ele>
   </trkpt>
   <trkpt lat="-29.5866470" lon="24.4105940">
    <ele>1146.7</ele>
   </trkpt>
   <trkpt lat="-29.5865640" lon="24.4104620">
    <ele>1147.0</ele>
   </trkpt>
   <trkpt lat="-29.5864810" lon="24.4103290">
    <ele>1147.3</ele>
   </trkpt>
   <trkpt lat="-29.5863980" lon="24.4102010">
    <ele>1147.5</ele>
   </trkpt>
   <trkpt lat="-29.5863110" lon="24.4100700">
    <ele>1147.8</ele>
   </trkpt>
   <trkpt lat="-29.5862270" lon="24.4099340">
    <ele>1148.1</ele>
   </trkpt>
   <trkpt lat="-29.5861380" lon="24.4097990">
    <ele>1148.4</ele>
   </trkpt>
   <trkpt lat="-29.5860480" lon="24.4096620">
    <ele>1148.7</ele>
   </trkpt>
   <trkpt lat="-29.5859610" lon="24.4095250">
    <ele>1149.0</ele>
   </trkpt>
   <trkpt lat="-29.5858700" lon="24.4093840">
    <ele>1149.3</ele>
   </trkpt>
   <trkpt lat="-29.5857830" lon="24.4092520">
    <ele>1149.6</ele>
   </trkpt>
   <trkpt lat="-29.5856940" lon="24.4091130">
    <ele>1149.9</ele>
   </trkpt>
   <trkpt lat="-29.5856040" lon="24.4089810">
    <ele>1150.2</ele>
   </trkpt>
   <trkpt lat="-29.5855140" lon="24.4088410">
    <ele>1150.5</ele>
   </trkpt>
   <trkpt lat="-29.5854210" lon="24.4086980">
    <ele>1150.9</ele>
   </trkpt>
   <trkpt lat="-29.5853320" lon="24.4085610">
    <ele>1151.2</ele>
   </trkpt>
   <trkpt lat="-29.5852460" lon="24.4084210">
    <ele>1151.5</ele>
   </trkpt>
   <trkpt lat="-29.5851590" lon="24.4082810">
    <ele>1151.8</ele>
   </trkpt>
   <trkpt lat="-29.5850750" lon="24.4081450">
    <ele>1152.1</ele>
   </trkpt>
   <trkpt lat="-29.5849920" lon="24.4080110">
    <ele>1152.4</ele>
   </trkpt>
   <trkpt lat="-29.5849090" lon="24.4078730">
    <ele>1152.7</ele>
   </trkpt>
   <trkpt lat="-29.5848250" lon="24.4077370">
    <ele>1153.0</ele>
   </trkpt>
   <trkpt lat="-29.5847410" lon="24.4076040">
    <ele>1153.2</ele>
   </trkpt>
   <trkpt lat="-29.5846570" lon="24.4074620">
    <ele>1153.5</ele>
   </trkpt>
   <trkpt lat="-29.5845700" lon="24.4073300">
    <ele>1153.8</ele>
   </trkpt>
   <trkpt lat="-29.5844820" lon="24.4071940">
    <ele>1154.1</ele>
   </trkpt>
   <trkpt lat="-29.5843980" lon="24.4070530">
    <ele>1154.4</ele>
   </trkpt>
   <trkpt lat="-29.5843090" lon="24.4069070">
    <ele>1154.8</ele>
   </trkpt>
   <trkpt lat="-29.5842170" lon="24.4067610">
    <ele>1155.1</ele>
   </trkpt>
   <trkpt lat="-29.5841260" lon="24.4066190">
    <ele>1155.4</ele>
   </trkpt>
   <trkpt lat="-29.5840370" lon="24.4064760">
    <ele>1155.7</ele>
   </trkpt>
   <trkpt lat="-29.5839460" lon="24.4063260">
    <ele>1156.0</ele>
   </trkpt>
   <trkpt lat="-29.5838530" lon="24.4061890">
    <ele>1156.3</ele>
   </trkpt>
   <trkpt lat="-29.5837580" lon="24.4060360">
    <ele>1156.7</ele>
   </trkpt>
   <trkpt lat="-29.5836670" lon="24.4058810">
    <ele>1157.0</ele>
   </trkpt>
   <trkpt lat="-29.5835730" lon="24.4057350">
    <ele>1157.3</ele>
   </trkpt>
   <trkpt lat="-29.5834780" lon="24.4055750">
    <ele>1157.7</ele>
   </trkpt>
   <trkpt lat="-29.5833870" lon="24.4054210">
    <ele>1158.0</ele>
   </trkpt>
   <trkpt lat="-29.5832910" lon="24.4052720">
    <ele>1158.3</ele>
   </trkpt>
   <trkpt lat="-29.5832010" lon="24.4051260">
    <ele>1158.6</ele>
   </trkpt>
   <trkpt lat="-29.5831150" lon="24.4049800">
    <ele>1159.0</ele>
   </trkpt>
   <trkpt lat="-29.5830300" lon="24.4048410">
    <ele>1159.3</ele>
   </trkpt>
   <trkpt lat="-29.5829430" lon="24.4047030">
    <ele>1159.6</ele>
   </trkpt>
   <trkpt lat="-29.5828540" lon="24.4045670">
    <ele>1159.9</ele>
   </trkpt>
   <trkpt lat="-29.5827650" lon="24.4044290">
    <ele>1160.2</ele>
   </trkpt>
   <trkpt lat="-29.5826840" lon="24.4042920">
    <ele>1160.5</ele>
   </trkpt>
   <trkpt lat="-29.5825890" lon="24.4041500">
    <ele>1160.8</ele>
   </trkpt>
   <trkpt lat="-29.5825000" lon="24.4040070">
    <ele>1161.0</ele>
   </trkpt>
   <trkpt lat="-29.5824100" lon="24.4038660">
    <ele>1161.1</ele>
   </trkpt>
   <trkpt lat="-29.5823190" lon="24.4037250">
    <ele>1161.2</ele>
   </trkpt>
   <trkpt lat="-29.5822310" lon="24.4035850">
    <ele>1161.3</ele>
   </trkpt>
   <trkpt lat="-29.5821410" lon="24.4034490">
    <ele>1161.4</ele>
   </trkpt>
   <trkpt lat="-29.5820490" lon="24.4033140">
    <ele>1161.4</ele>
   </trkpt>
   <trkpt lat="-29.5819630" lon="24.4031770">
    <ele>1161.5</ele>
   </trkpt>
   <trkpt lat="-29.5818740" lon="24.4030440">
    <ele>1161.6</ele>
   </trkpt>
   <trkpt lat="-29.5817780" lon="24.4029120">
    <ele>1161.7</ele>
   </trkpt>
   <trkpt lat="-29.5816830" lon="24.4027760">
    <ele>1161.8</ele>
   </trkpt>
   <trkpt lat="-29.5815920" lon="24.4026450">
    <ele>1161.9</ele>
   </trkpt>
   <trkpt lat="-29.5814960" lon="24.4025110">
    <ele>1161.9</ele>
   </trkpt>
   <trkpt lat="-29.5814010" lon="24.4023770">
    <ele>1162.0</ele>
   </trkpt>
   <trkpt lat="-29.5813070" lon="24.4022450">
    <ele>1162.1</ele>
   </trkpt>
   <trkpt lat="-29.5812050" lon="24.4021050">
    <ele>1162.2</ele>
   </trkpt>
   <trkpt lat="-29.5811060" lon="24.4019690">
    <ele>1162.3</ele>
   </trkpt>
   <trkpt lat="-29.5810070" lon="24.4018380">
    <ele>1162.4</ele>
   </trkpt>
   <trkpt lat="-29.5809100" lon="24.4017100">
    <ele>1162.5</ele>
   </trkpt>
   <trkpt lat="-29.5808140" lon="24.4015670">
    <ele>1162.5</ele>
   </trkpt>
   <trkpt lat="-29.5807080" lon="24.4014330">
    <ele>1162.6</ele>
   </trkpt>
   <trkpt lat="-29.5806170" lon="24.4013010">
    <ele>1162.7</ele>
   </trkpt>
   <trkpt lat="-29.5805260" lon="24.4011640">
    <ele>1162.8</ele>
   </trkpt>
   <trkpt lat="-29.5804300" lon="24.4010220">
    <ele>1162.9</ele>
   </trkpt>
   <trkpt lat="-29.5803320" lon="24.4008900">
    <ele>1163.0</ele>
   </trkpt>
   <trkpt lat="-29.5802280" lon="24.4007610">
    <ele>1163.1</ele>
   </trkpt>
   <trkpt lat="-29.5801260" lon="24.4006270">
    <ele>1163.1</ele>
   </trkpt>
   <trkpt lat="-29.5799280" lon="24.4003540">
    <ele>1163.3</ele>
   </trkpt>
   <trkpt lat="-29.5798330" lon="24.4002190">
    <ele>1163.4</ele>
   </trkpt>
   <trkpt lat="-29.5797360" lon="24.4000880">
    <ele>1163.5</ele>
   </trkpt>
   <trkpt lat="-29.5796370" lon="24.3999560">
    <ele>1163.6</ele>
   </trkpt>
   <trkpt lat="-29.5795350" lon="24.3998180">
    <ele>1163.7</ele>
   </trkpt>
   <trkpt lat="-29.5794360" lon="24.3996870">
    <ele>1163.7</ele>
   </trkpt>
   <trkpt lat="-29.5793340" lon="24.3995480">
    <ele>1163.8</ele>
   </trkpt>
   <trkpt lat="-29.5792310" lon="24.3994110">
    <ele>1163.9</ele>
   </trkpt>
   <trkpt lat="-29.5791310" lon="24.3992740">
    <ele>1164.0</ele>
   </trkpt>
   <trkpt lat="-29.5790320" lon="24.3991410">
    <ele>1164.1</ele>
   </trkpt>
   <trkpt lat="-29.5789310" lon="24.3989980">
    <ele>1164.2</ele>
   </trkpt>
   <trkpt lat="-29.5788300" lon="24.3988640">
    <ele>1164.3</ele>
   </trkpt>
   <trkpt lat="-29.5787290" lon="24.3987280">
    <ele>1164.4</ele>
   </trkpt>
   <trkpt lat="-29.5786270" lon="24.3985900">
    <ele>1164.4</ele>
   </trkpt>
   <trkpt lat="-29.5785280" lon="24.3984490">
    <ele>1164.5</ele>
   </trkpt>
   <trkpt lat="-29.5784280" lon="24.3983140">
    <ele>1164.6</ele>
   </trkpt>
   <trkpt lat="-29.5783280" lon="24.3981770">
    <ele>1164.7</ele>
   </trkpt>
   <trkpt lat="-29.5782310" lon="24.3980380">
    <ele>1164.8</ele>
   </trkpt>
   <trkpt lat="-29.5781270" lon="24.3979020">
    <ele>1164.9</ele>
   </trkpt>
   <trkpt lat="-29.5780250" lon="24.3977620">
    <ele>1165.0</ele>
   </trkpt>
   <trkpt lat="-29.5779200" lon="24.3976320">
    <ele>1165.1</ele>
   </trkpt>
   <trkpt lat="-29.5778170" lon="24.3974920">
    <ele>1165.2</ele>
   </trkpt>
   <trkpt lat="-29.5777200" lon="24.3973560">
    <ele>1165.2</ele>
   </trkpt>
   <trkpt lat="-29.5776250" lon="24.3972220">
    <ele>1165.3</ele>
   </trkpt>
   <trkpt lat="-29.5775310" lon="24.3970900">
    <ele>1165.4</ele>
   </trkpt>
   <trkpt lat="-29.5774390" lon="24.3969620">
    <ele>1165.5</ele>
   </trkpt>
   <trkpt lat="-29.5773560" lon="24.3968320">
    <ele>1165.6</ele>
   </trkpt>
   <trkpt lat="-29.5772740" lon="24.3967120">
    <ele>1165.6</ele>
   </trkpt>
   <trkpt lat="-29.5771920" lon="24.3965960">
    <ele>1165.7</ele>
   </trkpt>
   <trkpt lat="-29.5771040" lon="24.3964880">
    <ele>1165.8</ele>
   </trkpt>
   <trkpt lat="-29.5770160" lon="24.3963780">
    <ele>1165.9</ele>
   </trkpt>
   <trkpt lat="-29.5769260" lon="24.3962640">
    <ele>1165.9</ele>
   </trkpt>
   <trkpt lat="-29.5768350" lon="24.3961410">
    <ele>1166.0</ele>
   </trkpt>
   <trkpt lat="-29.5767430" lon="24.3960170">
    <ele>1166.0</ele>
   </trkpt>
   <trkpt lat="-29.5766520" lon="24.3958900">
    <ele>1165.9</ele>
   </trkpt>
   <trkpt lat="-29.5765570" lon="24.3957620">
    <ele>1165.9</ele>
   </trkpt>
   <trkpt lat="-29.5764620" lon="24.3956300">
    <ele>1165.9</ele>
   </trkpt>
   <trkpt lat="-29.5763650" lon="24.3954940">
    <ele>1165.9</ele>
   </trkpt>
   <trkpt lat="-29.5762680" lon="24.3953560">
    <ele>1165.9</ele>
   </trkpt>
   <trkpt lat="-29.5761660" lon="24.3952190">
    <ele>1165.9</ele>
   </trkpt>
   <trkpt lat="-29.5760670" lon="24.3950830">
    <ele>1165.8</ele>
   </trkpt>
   <trkpt lat="-29.5759680" lon="24.3949470">
    <ele>1165.8</ele>
   </trkpt>
   <trkpt lat="-29.5758680" lon="24.3948090">
    <ele>1165.8</ele>
   </trkpt>
   <trkpt lat="-29.5757700" lon="24.3946740">
    <ele>1165.8</ele>
   </trkpt>
   <trkpt lat="-29.5756710" lon="24.3945380">
    <ele>1165.8</ele>
   </trkpt>
   <trkpt lat="-29.5755730" lon="24.3944020">
    <ele>1165.8</ele>
   </trkpt>
   <trkpt lat="-29.5754760" lon="24.3942660">
    <ele>1165.7</ele>
   </trkpt>
   <trkpt lat="-29.5753790" lon="24.3941330">
    <ele>1165.7</ele>
   </trkpt>
   <trkpt lat="-29.5752810" lon="24.3939990">
    <ele>1165.7</ele>
   </trkpt>
   <trkpt lat="-29.5751850" lon="24.3938630">
    <ele>1165.7</ele>
   </trkpt>
   <trkpt lat="-29.5750880" lon="24.3937300">
    <ele>1165.7</ele>
   </trkpt>
   <trkpt lat="-29.5749920" lon="24.3935980">
    <ele>1165.7</ele>
   </trkpt>
   <trkpt lat="-29.5748960" lon="24.3934670">
    <ele>1165.6</ele>
   </trkpt>
   <trkpt lat="-29.5747990" lon="24.3933330">
    <ele>1165.6</ele>
   </trkpt>
   <trkpt lat="-29.5747040" lon="24.3932040">
    <ele>1165.6</ele>
   </trkpt>
   <trkpt lat="-29.5746140" lon="24.3930820">
    <ele>1165.6</ele>
   </trkpt>
   <trkpt lat="-29.5745220" lon="24.3929600">
    <ele>1165.6</ele>
   </trkpt>
   <trkpt lat="-29.5744310" lon="24.3928390">
    <ele>1165.6</ele>
   </trkpt>
   <trkpt lat="-29.5743410" lon="24.3927180">
    <ele>1165.6</ele>
   </trkpt>
   <trkpt lat="-29.5742470" lon="24.3926020">
    <ele>1165.5</ele>
   </trkpt>
   <trkpt lat="-29.5741540" lon="24.3924860">
    <ele>1165.5</ele>
   </trkpt>
   <trkpt lat="-29.5740690" lon="24.3923720">
    <ele>1165.5</ele>
   </trkpt>
   <trkpt lat="-29.5739800" lon="24.3922670">
    <ele>1165.5</ele>
   </trkpt>
   <trkpt lat="-29.5738980" lon="24.3921640">
    <ele>1165.5</ele>
   </trkpt>
   <trkpt lat="-29.5738180" lon="24.3920510">
    <ele>1165.5</ele>
   </trkpt>
   <trkpt lat="-29.5737320" lon="24.3919360">
    <ele>1165.5</ele>
   </trkpt>
   <trkpt lat="-29.5736530" lon="24.3918130">
    <ele>1165.4</ele>
   </trkpt>
   <trkpt lat="-29.5735710" lon="24.3916890">
    <ele>1165.4</ele>
   </trkpt>
   <trkpt lat="-29.5734930" lon="24.3915600">
    <ele>1165.4</ele>
   </trkpt>
   <trkpt lat="-29.5734130" lon="24.3914290">
    <ele>1165.4</ele>
   </trkpt>
   <trkpt lat="-29.5733400" lon="24.3913000">
    <ele>1165.4</ele>
   </trkpt>
   <trkpt lat="-29.5732710" lon="24.3911730">
    <ele>1165.4</ele>
   </trkpt>
   <trkpt lat="-29.5732040" lon="24.3910540">
    <ele>1165.4</ele>
   </trkpt>
   <trkpt lat="-29.5731500" lon="24.3909300">
    <ele>1165.3</ele>
   </trkpt>
   <trkpt lat="-29.5731000" lon="24.3908070">
    <ele>1165.3</ele>
   </trkpt>
   <trkpt lat="-29.5730510" lon="24.3906840">
    <ele>1165.3</ele>
   </trkpt>
   <trkpt lat="-29.5729960" lon="24.3905600">
    <ele>1165.3</ele>
   </trkpt>
   <trkpt lat="-29.5729360" lon="24.3904350">
    <ele>1165.3</ele>
   </trkpt>
   <trkpt lat="-29.5728720" lon="24.3903080">
    <ele>1165.3</ele>
   </trkpt>
   <trkpt lat="-29.5728050" lon="24.3901760">
    <ele>1165.3</ele>
   </trkpt>
   <trkpt lat="-29.5727360" lon="24.3900390">
    <ele>1165.2</ele>
   </trkpt>
   <trkpt lat="-29.5726690" lon="24.3899020">
    <ele>1165.2</ele>
   </trkpt>
   <trkpt lat="-29.5726020" lon="24.3897690">
    <ele>1165.2</ele>
   </trkpt>
   <trkpt lat="-29.5725340" lon="24.3896410">
    <ele>1165.2</ele>
   </trkpt>
   <trkpt lat="-29.5724690" lon="24.3895150">
    <ele>1165.2</ele>
   </trkpt>
   <trkpt lat="-29.5724050" lon="24.3893910">
    <ele>1165.2</ele>
   </trkpt>
   <trkpt lat="-29.5723420" lon="24.3892690">
    <ele>1165.2</ele>
   </trkpt>
   <trkpt lat="-29.5722760" lon="24.3891510">
    <ele>1165.1</ele>
   </trkpt>
   <trkpt lat="-29.5722070" lon="24.3890330">
    <ele>1165.1</ele>
   </trkpt>
   <trkpt lat="-29.5721380" lon="24.3889090">
    <ele>1165.1</ele>
   </trkpt>
   <trkpt lat="-29.5720710" lon="24.3887860">
    <ele>1165.1</ele>
   </trkpt>
   <trkpt lat="-29.5720030" lon="24.3886600">
    <ele>1165.1</ele>
   </trkpt>
   <trkpt lat="-29.5719340" lon="24.3885300">
    <ele>1165.1</ele>
   </trkpt>
   <trkpt lat="-29.5718660" lon="24.3883940">
    <ele>1165.1</ele>
   </trkpt>
   <trkpt lat="-29.5717990" lon="24.3882550">
    <ele>1165.0</ele>
   </trkpt>
   <trkpt lat="-29.5717330" lon="24.3881190">
    <ele>1165.0</ele>
   </trkpt>
   <trkpt lat="-29.5716690" lon="24.3879840">
    <ele>1165.0</ele>
   </trkpt>
   <trkpt lat="-29.5716060" lon="24.3878570">
    <ele>1164.9</ele>
   </trkpt>
   <trkpt lat="-29.5715440" lon="24.3877290">
    <ele>1164.7</ele>
   </trkpt>
   <trkpt lat="-29.5714800" lon="24.3876020">
    <ele>1164.6</ele>
   </trkpt>
   <trkpt lat="-29.5714150" lon="24.3874720">
    <ele>1164.4</ele>
   </trkpt>
   <trkpt lat="-29.5713500" lon="24.3873410">
    <ele>1164.2</ele>
   </trkpt>
   <trkpt lat="-29.5712850" lon="24.3872070">
    <ele>1164.1</ele>
   </trkpt>
   <trkpt lat="-29.5712210" lon="24.3870780">
    <ele>1163.9</ele>
   </trkpt>
   <trkpt lat="-29.5711540" lon="24.3869550">
    <ele>1163.7</ele>
   </trkpt>
   <trkpt lat="-29.5710840" lon="24.3868370">
    <ele>1163.6</ele>
   </trkpt>
   <trkpt lat="-29.5710090" lon="24.3867210">
    <ele>1163.4</ele>
   </trkpt>
   <trkpt lat="-29.5709340" lon="24.3865970">
    <ele>1163.2</ele>
   </trkpt>
   <trkpt lat="-29.5708650" lon="24.3864670">
    <ele>1163.1</ele>
   </trkpt>
   <trkpt lat="-29.5708000" lon="24.3863370">
    <ele>1162.9</ele>
   </trkpt>
   <trkpt lat="-29.5707370" lon="24.3862100">
    <ele>1162.7</ele>
   </trkpt>
   <trkpt lat="-29.5706770" lon="24.3860830">
    <ele>1162.6</ele>
   </trkpt>
   <trkpt lat="-29.5706200" lon="24.3859600">
    <ele>1162.4</ele>
   </trkpt>
   <trkpt lat="-29.5705630" lon="24.3858400">
    <ele>1162.2</ele>
   </trkpt>
   <trkpt lat="-29.5705090" lon="24.3857200">
    <ele>1162.1</ele>
   </trkpt>
   <trkpt lat="-29.5704540" lon="24.3856070">
    <ele>1161.9</ele>
   </trkpt>
   <trkpt lat="-29.5703990" lon="24.3854970">
    <ele>1161.8</ele>
   </trkpt>
   <trkpt lat="-29.5703450" lon="24.3853900">
    <ele>1161.7</ele>
   </trkpt>
   <trkpt lat="-29.5702910" lon="24.3852840">
    <ele>1161.5</ele>
   </trkpt>
   <trkpt lat="-29.5702330" lon="24.3851750">
    <ele>1161.4</ele>
   </trkpt>
   <trkpt lat="-29.5701710" lon="24.3850660">
    <ele>1161.2</ele>
   </trkpt>
   <trkpt lat="-29.5701100" lon="24.3849520">
    <ele>1161.1</ele>
   </trkpt>
   <trkpt lat="-29.5700470" lon="24.3848360">
    <ele>1160.9</ele>
   </trkpt>
   <trkpt lat="-29.5699840" lon="24.3847230">
    <ele>1160.8</ele>
   </trkpt>
   <trkpt lat="-29.5699240" lon="24.3846130">
    <ele>1160.6</ele>
   </trkpt>
   <trkpt lat="-29.5698690" lon="24.3845050">
    <ele>1160.5</ele>
   </trkpt>
   <trkpt lat="-29.5698180" lon="24.3843990">
    <ele>1160.3</ele>
   </trkpt>
   <trkpt lat="-29.5697690" lon="24.3842950">
    <ele>1160.2</ele>
   </trkpt>
   <trkpt lat="-29.5697180" lon="24.3841950">
    <ele>1160.1</ele>
   </trkpt>
   <trkpt lat="-29.5696680" lon="24.3840960">
    <ele>1159.9</ele>
   </trkpt>
   <trkpt lat="-29.5696230" lon="24.3839990">
    <ele>1159.8</ele>
   </trkpt>
   <trkpt lat="-29.5695740" lon="24.3839040">
    <ele>1159.7</ele>
   </trkpt>
   <trkpt lat="-29.5695210" lon="24.3838020">
    <ele>1159.6</ele>
   </trkpt>
   <trkpt lat="-29.5694670" lon="24.3836980">
    <ele>1159.4</ele>
   </trkpt>
   <trkpt lat="-29.5694100" lon="24.3835890">
    <ele>1159.3</ele>
   </trkpt>
   <trkpt lat="-29.5693540" lon="24.3834730">
    <ele>1159.1</ele>
   </trkpt>
   <trkpt lat="-29.5692920" lon="24.3833560">
    <ele>1159.0</ele>
   </trkpt>
   <trkpt lat="-29.5692300" lon="24.3832360">
    <ele>1158.8</ele>
   </trkpt>
   <trkpt lat="-29.5691710" lon="24.3831130">
    <ele>1158.7</ele>
   </trkpt>
   <trkpt lat="-29.5691070" lon="24.3829850">
    <ele>1158.5</ele>
   </trkpt>
   <trkpt lat="-29.5690410" lon="24.3828550">
    <ele>1158.3</ele>
   </trkpt>
   <trkpt lat="-29.5689760" lon="24.3827190">
    <ele>1158.1</ele>
   </trkpt>
   <trkpt lat="-29.5689070" lon="24.3825820">
    <ele>1158.0</ele>
   </trkpt>
   <trkpt lat="-29.5688360" lon="24.3824410">
    <ele>1157.8</ele>
   </trkpt>
   <trkpt lat="-29.5687630" lon="24.3822980">
    <ele>1157.6</ele>
   </trkpt>
   <trkpt lat="-29.5686870" lon="24.3821520">
    <ele>1157.4</ele>
   </trkpt>
   <trkpt lat="-29.5686100" lon="24.3820020">
    <ele>1157.2</ele>
   </trkpt>
   <trkpt lat="-29.5685330" lon="24.3818500">
    <ele>1157.0</ele>
   </trkpt>
   <trkpt lat="-29.5684560" lon="24.3816960">
    <ele>1156.8</ele>
   </trkpt>
   <trkpt lat="-29.5683790" lon="24.3815420">
    <ele>1156.6</ele>
   </trkpt>
   <trkpt lat="-29.5683020" lon="24.3813890">
    <ele>1156.4</ele>
   </trkpt>
   <trkpt lat="-29.5682250" lon="24.3812380">
    <ele>1156.2</ele>
   </trkpt>
   <trkpt lat="-29.5681470" lon="24.3810890">
    <ele>1156.0</ele>
   </trkpt>
   <trkpt lat="-29.5680690" lon="24.3809420">
    <ele>1155.8</ele>
   </trkpt>
   <trkpt lat="-29.5679940" lon="24.3807930">
    <ele>1155.6</ele>
   </trkpt>
   <trkpt lat="-29.5679200" lon="24.3806440">
    <ele>1155.4</ele>
   </trkpt>
   <trkpt lat="-29.5678480" lon="24.3804970">
    <ele>1155.2</ele>
   </trkpt>
   <trkpt lat="-29.5677730" lon="24.3803530">
    <ele>1155.0</ele>
   </trkpt>
   <trkpt lat="-29.5677000" lon="24.3802120">
    <ele>1154.8</ele>
   </trkpt>
   <trkpt lat="-29.5676320" lon="24.3800820">
    <ele>1154.7</ele>
   </trkpt>
   <trkpt lat="-29.5675750" lon="24.3799640">
    <ele>1154.5</ele>
   </trkpt>
   <trkpt lat="-29.5675290" lon="24.3798580">
    <ele>1154.4</ele>
   </trkpt>
   <trkpt lat="-29.5674900" lon="24.3797720">
    <ele>1154.3</ele>
   </trkpt>
   <trkpt lat="-29.5674570" lon="24.3797030">
    <ele>1154.2</ele>
   </trkpt>
   <trkpt lat="-29.5674310" lon="24.3796510">
    <ele>1154.1</ele>
   </trkpt>
   <trkpt lat="-29.5674080" lon="24.3796060">
    <ele>1154.1</ele>
   </trkpt>
   <trkpt lat="-29.5673840" lon="24.3795600">
    <ele>1154.0</ele>
   </trkpt>
   <trkpt lat="-29.5673600" lon="24.3795180">
    <ele>1154.0</ele>
   </trkpt>
   <trkpt lat="-29.5673320" lon="24.3794780">
    <ele>1154.0</ele>
   </trkpt>
   <trkpt lat="-29.5673030" lon="24.3794350">
    <ele>1154.0</ele>
   </trkpt>
   <trkpt lat="-29.5672710" lon="24.3793910">
    <ele>1154.0</ele>
   </trkpt>
   <trkpt lat="-29.5672430" lon="24.3793480">
    <ele>1154.0</ele>
   </trkpt>
   <trkpt lat="-29.5672230" lon="24.3793040">
    <ele>1153.9</ele>
   </trkpt>
   <trkpt lat="-29.5672010" lon="24.3792500">
    <ele>1153.9</ele>
   </trkpt>
   <trkpt lat="-29.5671790" lon="24.3791940">
    <ele>1153.9</ele>
   </trkpt>
   <trkpt lat="-29.5671540" lon="24.3791330">
    <ele>1153.9</ele>
   </trkpt>
   <trkpt lat="-29.5671300" lon="24.3790640">
    <ele>1153.9</ele>
   </trkpt>
   <trkpt lat="-29.5671040" lon="24.3789930">
    <ele>1153.9</ele>
   </trkpt>
   <trkpt lat="-29.5670760" lon="24.3789320">
    <ele>1153.9</ele>
   </trkpt>
   <trkpt lat="-29.5670480" lon="24.3788830">
    <ele>1153.9</ele>
   </trkpt>
   <trkpt lat="-29.5670180" lon="24.3788330">
    <ele>1153.9</ele>
   </trkpt>
   <trkpt lat="-29.5669860" lon="24.3787840">
    <ele>1153.9</ele>
   </trkpt>
   <trkpt lat="-29.5669550" lon="24.3787340">
    <ele>1153.9</ele>
   </trkpt>
   <trkpt lat="-29.5669310" lon="24.3786830">
    <ele>1153.9</ele>
   </trkpt>
   <trkpt lat="-29.5669040" lon="24.3786320">
    <ele>1153.9</ele>
   </trkpt>
   <trkpt lat="-29.5668820" lon="24.3785790">
    <ele>1153.9</ele>
   </trkpt>
   <trkpt lat="-29.5668520" lon="24.3785290">
    <ele>1153.9</ele>
   </trkpt>
   <trkpt lat="-29.5668260" lon="24.3784760">
    <ele>1153.9</ele>
   </trkpt>
   <trkpt lat="-29.5668020" lon="24.3784220">
    <ele>1153.8</ele>
   </trkpt>
   <trkpt lat="-29.5667740" lon="24.3783620">
    <ele>1153.8</ele>
   </trkpt>
   <trkpt lat="-29.5667440" lon="24.3782980">
    <ele>1153.8</ele>
   </trkpt>
   <trkpt lat="-29.5667120" lon="24.3782270">
    <ele>1153.8</ele>
   </trkpt>
   <trkpt lat="-29.5666790" lon="24.3781530">
    <ele>1153.8</ele>
   </trkpt>
   <trkpt lat="-29.5666430" lon="24.3780780">
    <ele>1153.8</ele>
   </trkpt>
   <trkpt lat="-29.5666060" lon="24.3780040">
    <ele>1153.8</ele>
   </trkpt>
   <trkpt lat="-29.5665640" lon="24.3779360">
    <ele>1153.8</ele>
   </trkpt>
   <trkpt lat="-29.5665300" lon="24.3778640">
    <ele>1153.8</ele>
   </trkpt>
   <trkpt lat="-29.5664970" lon="24.3777940">
    <ele>1153.8</ele>
   </trkpt>
   <trkpt lat="-29.5664630" lon="24.3777210">
    <ele>1153.8</ele>
   </trkpt>
   <trkpt lat="-29.5664210" lon="24.3776390">
    <ele>1153.8</ele>
   </trkpt>
   <trkpt lat="-29.5663760" lon="24.3775500">
    <ele>1153.7</ele>
   </trkpt>
   <trkpt lat="-29.5663270" lon="24.3774550">
    <ele>1153.7</ele>
   </trkpt>
   <trkpt lat="-29.5662750" lon="24.3773550">
    <ele>1153.7</ele>
   </trkpt>
   <trkpt lat="-29.5662180" lon="24.3772530">
    <ele>1153.7</ele>
   </trkpt>
   <trkpt lat="-29.5661580" lon="24.3771490">
    <ele>1153.7</ele>
   </trkpt>
   <trkpt lat="-29.5661020" lon="24.3770400">
    <ele>1153.7</ele>
   </trkpt>
   <trkpt lat="-29.5660480" lon="24.3769240">
    <ele>1153.7</ele>
   </trkpt>
   <trkpt lat="-29.5659900" lon="24.3768080">
    <ele>1153.7</ele>
   </trkpt>
   <trkpt lat="-29.5659280" lon="24.3766890">
    <ele>1153.6</ele>
   </trkpt>
   <trkpt lat="-29.5658680" lon="24.3765670">
    <ele>1153.6</ele>
   </trkpt>
   <trkpt lat="-29.5658070" lon="24.3764430">
    <ele>1153.6</ele>
   </trkpt>
   <trkpt lat="-29.5657450" lon="24.3763150">
    <ele>1153.6</ele>
   </trkpt>
   <trkpt lat="-29.5656820" lon="24.3761860">
    <ele>1153.6</ele>
   </trkpt>
   <trkpt lat="-29.5656160" lon="24.3760600">
    <ele>1153.6</ele>
   </trkpt>
   <trkpt lat="-29.5655530" lon="24.3759370">
    <ele>1153.5</ele>
   </trkpt>
   <trkpt lat="-29.5654930" lon="24.3758190">
    <ele>1153.5</ele>
   </trkpt>
   <trkpt lat="-29.5654360" lon="24.3757080">
    <ele>1153.5</ele>
   </trkpt>
   <trkpt lat="-29.5653830" lon="24.3756000">
    <ele>1153.5</ele>
   </trkpt>
   <trkpt lat="-29.5653350" lon="24.3754960">
    <ele>1153.5</ele>
   </trkpt>
   <trkpt lat="-29.5652900" lon="24.3753960">
    <ele>1153.5</ele>
   </trkpt>
   <trkpt lat="-29.5652430" lon="24.3752980">
    <ele>1153.5</ele>
   </trkpt>
   <trkpt lat="-29.5651910" lon="24.3751960">
    <ele>1153.5</ele>
   </trkpt>
   <trkpt lat="-29.5651330" lon="24.3750930">
    <ele>1153.4</ele>
   </trkpt>
   <trkpt lat="-29.5650740" lon="24.3749840">
    <ele>1153.4</ele>
   </trkpt>
   <trkpt lat="-29.5650140" lon="24.3748710">
    <ele>1153.4</ele>
   </trkpt>
   <trkpt lat="-29.5649580" lon="24.3747640">
    <ele>1153.4</ele>
   </trkpt>
   <trkpt lat="-29.5649080" lon="24.3746620">
    <ele>1153.4</ele>
   </trkpt>
   <trkpt lat="-29.5648560" lon="24.3745600">
    <ele>1153.4</ele>
   </trkpt>
   <trkpt lat="-29.5648030" lon="24.3744580">
    <ele>1153.4</ele>
   </trkpt>
   <trkpt lat="-29.5647490" lon="24.3743540">
    <ele>1153.4</ele>
   </trkpt>
   <trkpt lat="-29.5646930" lon="24.3742460">
    <ele>1153.3</ele>
   </trkpt>
   <trkpt lat="-29.5646340" lon="24.3741330">
    <ele>1153.3</ele>
   </trkpt>
   <trkpt lat="-29.5645730" lon="24.3740150">
    <ele>1153.3</ele>
   </trkpt>
   <trkpt lat="-29.5645120" lon="24.3738920">
    <ele>1153.3</ele>
   </trkpt>
   <trkpt lat="-29.5644510" lon="24.3737690">
    <ele>1153.3</ele>
   </trkpt>
   <trkpt lat="-29.5643910" lon="24.3736420">
    <ele>1153.3</ele>
   </trkpt>
   <trkpt lat="-29.5643310" lon="24.3735220">
    <ele>1153.3</ele>
   </trkpt>
   <trkpt lat="-29.5642720" lon="24.3734000">
    <ele>1153.2</ele>
   </trkpt>
   <trkpt lat="-29.5642090" lon="24.3732730">
    <ele>1153.2</ele>
   </trkpt>
   <trkpt lat="-29.5641440" lon="24.3731410">
    <ele>1153.2</ele>
   </trkpt>
   <trkpt lat="-29.5640750" lon="24.3730050">
    <ele>1153.2</ele>
   </trkpt>
   <trkpt lat="-29.5640040" lon="24.3728630">
    <ele>1153.2</ele>
   </trkpt>
   <trkpt lat="-29.5639320" lon="24.3727160">
    <ele>1153.2</ele>
   </trkpt>
   <trkpt lat="-29.5638550" lon="24.3725610">
    <ele>1153.1</ele>
   </trkpt>
   <trkpt lat="-29.5637750" lon="24.3724030">
    <ele>1153.1</ele>
   </trkpt>
   <trkpt lat="-29.5636970" lon="24.3722440">
    <ele>1153.1</ele>
   </trkpt>
   <trkpt lat="-29.5636200" lon="24.3720880">
    <ele>1153.1</ele>
   </trkpt>
   <trkpt lat="-29.5635440" lon="24.3719380">
    <ele>1153.1</ele>
   </trkpt>
   <trkpt lat="-29.5634680" lon="24.3717920">
    <ele>1153.1</ele>
   </trkpt>
   <trkpt lat="-29.5633920" lon="24.3716470">
    <ele>1153.0</ele>
   </trkpt>
   <trkpt lat="-29.5633190" lon="24.3715030">
    <ele>1153.0</ele>
   </trkpt>
   <trkpt lat="-29.5632440" lon="24.3713570">
    <ele>1153.0</ele>
   </trkpt>
   <trkpt lat="-29.5631680" lon="24.3712070">
    <ele>1153.0</ele>
   </trkpt>
   <trkpt lat="-29.5630900" lon="24.3710570">
    <ele>1152.9</ele>
   </trkpt>
   <trkpt lat="-29.5630130" lon="24.3709030">
    <ele>1152.9</ele>
   </trkpt>
   <trkpt lat="-29.5629330" lon="24.3707470">
    <ele>1152.9</ele>
   </trkpt>
   <trkpt lat="-29.5628510" lon="24.3705890">
    <ele>1152.8</ele>
   </trkpt>
   <trkpt lat="-29.5627670" lon="24.3704260">
    <ele>1152.8</ele>
   </trkpt>
   <trkpt lat="-29.5626860" lon="24.3702680">
    <ele>1152.7</ele>
   </trkpt>
   <trkpt lat="-29.5626000" lon="24.3701000">
    <ele>1152.7</ele>
   </trkpt>
   <trkpt lat="-29.5625130" lon="24.3699330">
    <ele>1152.7</ele>
   </trkpt>
   <trkpt lat="-29.5624270" lon="24.3697650">
    <ele>1152.6</ele>
   </trkpt>
   <trkpt lat="-29.5623420" lon="24.3695980">
    <ele>1152.6</ele>
   </trkpt>
   <trkpt lat="-29.5622580" lon="24.3694320">
    <ele>1152.6</ele>
   </trkpt>
   <trkpt lat="-29.5621750" lon="24.3692660">
    <ele>1152.5</ele>
   </trkpt>
   <trkpt lat="-29.5620920" lon="24.3691040">
    <ele>1152.5</ele>
   </trkpt>
   <trkpt lat="-29.5620080" lon="24.3689410">
    <ele>1152.4</ele>
   </trkpt>
   <trkpt lat="-29.5619260" lon="24.3687750">
    <ele>1152.4</ele>
   </trkpt>
   <trkpt lat="-29.5618440" lon="24.3686080">
    <ele>1152.4</ele>
   </trkpt>
   <trkpt lat="-29.5617590" lon="24.3684380">
    <ele>1152.3</ele>
   </trkpt>
   <trkpt lat="-29.5616720" lon="24.3682650">
    <ele>1152.3</ele>
   </trkpt>
   <trkpt lat="-29.5615850" lon="24.3680940">
    <ele>1152.2</ele>
   </trkpt>
   <trkpt lat="-29.5614990" lon="24.3679250">
    <ele>1152.2</ele>
   </trkpt>
   <trkpt lat="-29.5614150" lon="24.3677600">
    <ele>1152.2</ele>
   </trkpt>
   <trkpt lat="-29.5613320" lon="24.3675970">
    <ele>1152.1</ele>
   </trkpt>
   <trkpt lat="-29.5612500" lon="24.3674350">
    <ele>1152.1</ele>
   </trkpt>
   <trkpt lat="-29.5611690" lon="24.3672740">
    <ele>1152.0</ele>
   </trkpt>
   <trkpt lat="-29.5610870" lon="24.3671140">
    <ele>1152.0</ele>
   </trkpt>
   <trkpt lat="-29.5610060" lon="24.3669530">
    <ele>1152.1</ele>
   </trkpt>
   <trkpt lat="-29.5609270" lon="24.3667910">
    <ele>1152.2</ele>
   </trkpt>
   <trkpt lat="-29.5608470" lon="24.3666280">
    <ele>1152.2</ele>
   </trkpt>
   <trkpt lat="-29.5607650" lon="24.3664660">
    <ele>1152.3</ele>
   </trkpt>
   <trkpt lat="-29.5606810" lon="24.3663020">
    <ele>1152.3</ele>
   </trkpt>
   <trkpt lat="-29.5605970" lon="24.3661400">
    <ele>1152.4</ele>
   </trkpt>
   <trkpt lat="-29.5605140" lon="24.3659780">
    <ele>1152.5</ele>
   </trkpt>
   <trkpt lat="-29.5604320" lon="24.3658190">
    <ele>1152.5</ele>
   </trkpt>
   <trkpt lat="-29.5603510" lon="24.3656620">
    <ele>1152.6</ele>
   </trkpt>
   <trkpt lat="-29.5602740" lon="24.3655040">
    <ele>1152.6</ele>
   </trkpt>
   <trkpt lat="-29.5601960" lon="24.3653450">
    <ele>1152.7</ele>
   </trkpt>
   <trkpt lat="-29.5601170" lon="24.3651860">
    <ele>1152.7</ele>
   </trkpt>
   <trkpt lat="-29.5600380" lon="24.3650260">
    <ele>1152.8</ele>
   </trkpt>
   <trkpt lat="-29.5599560" lon="24.3648650">
    <ele>1152.9</ele>
   </trkpt>
   <trkpt lat="-29.5598730" lon="24.3647030">
    <ele>1152.9</ele>
   </trkpt>
   <trkpt lat="-29.5597920" lon="24.3645460">
    <ele>1153.0</ele>
   </trkpt>
   <trkpt lat="-29.5597140" lon="24.3643950">
    <ele>1153.0</ele>
   </trkpt>
   <trkpt lat="-29.5596400" lon="24.3642470">
    <ele>1153.1</ele>
   </trkpt>
   <trkpt lat="-29.5595680" lon="24.3641050">
    <ele>1153.1</ele>
   </trkpt>
   <trkpt lat="-29.5594940" lon="24.3639670">
    <ele>1153.2</ele>
   </trkpt>
   <trkpt lat="-29.5594180" lon="24.3638300">
    <ele>1153.2</ele>
   </trkpt>
   <trkpt lat="-29.5593420" lon="24.3636920">
    <ele>1153.3</ele>
   </trkpt>
   <trkpt lat="-29.5592670" lon="24.3635500">
    <ele>1153.3</ele>
   </trkpt>
   <trkpt lat="-29.5591970" lon="24.3634110">
    <ele>1153.4</ele>
   </trkpt>
   <trkpt lat="-29.5591330" lon="24.3632750">
    <ele>1153.4</ele>
   </trkpt>
   <trkpt lat="-29.5590710" lon="24.3631440">
    <ele>1153.5</ele>
   </trkpt>
   <trkpt lat="-29.5590150" lon="24.3630150">
    <ele>1153.5</ele>
   </trkpt>
   <trkpt lat="-29.5589630" lon="24.3628890">
    <ele>1153.6</ele>
   </trkpt>
   <trkpt lat="-29.5589090" lon="24.3627690">
    <ele>1153.6</ele>
   </trkpt>
   <trkpt lat="-29.5588500" lon="24.3626510">
    <ele>1153.7</ele>
   </trkpt>
   <trkpt lat="-29.5587820" lon="24.3625310">
    <ele>1153.7</ele>
   </trkpt>
   <trkpt lat="-29.5587080" lon="24.3624110">
    <ele>1153.8</ele>
   </trkpt>
   <trkpt lat="-29.5586380" lon="24.3622840">
    <ele>1153.8</ele>
   </trkpt>
   <trkpt lat="-29.5585630" lon="24.3621520">
    <ele>1153.9</ele>
   </trkpt>
   <trkpt lat="-29.5584800" lon="24.3620150">
    <ele>1153.9</ele>
   </trkpt>
   <trkpt lat="-29.5584060" lon="24.3618700">
    <ele>1154.0</ele>
   </trkpt>
   <trkpt lat="-29.5583320" lon="24.3617220">
    <ele>1154.0</ele>
   </trkpt>
   <trkpt lat="-29.5582570" lon="24.3615680">
    <ele>1154.1</ele>
   </trkpt>
   <trkpt lat="-29.5581810" lon="24.3614130">
    <ele>1154.1</ele>
   </trkpt>
   <trkpt lat="-29.5581030" lon="24.3612540">
    <ele>1154.2</ele>
   </trkpt>
   <trkpt lat="-29.5580220" lon="24.3610910">
    <ele>1154.2</ele>
   </trkpt>
   <trkpt lat="-29.5579410" lon="24.3609260">
    <ele>1154.3</ele>
   </trkpt>
   <trkpt lat="-29.5578610" lon="24.3607630">
    <ele>1154.4</ele>
   </trkpt>
   <trkpt lat="-29.5577840" lon="24.3606020">
    <ele>1154.4</ele>
   </trkpt>
   <trkpt lat="-29.5577050" lon="24.3604430">
    <ele>1154.5</ele>
   </trkpt>
   <trkpt lat="-29.5576240" lon="24.3602820">
    <ele>1154.5</ele>
   </trkpt>
   <trkpt lat="-29.5575440" lon="24.3601190">
    <ele>1154.6</ele>
   </trkpt>
   <trkpt lat="-29.5574620" lon="24.3599580">
    <ele>1154.6</ele>
   </trkpt>
   <trkpt lat="-29.5573800" lon="24.3598000">
    <ele>1154.7</ele>
   </trkpt>
   <trkpt lat="-29.5572960" lon="24.3596410">
    <ele>1154.8</ele>
   </trkpt>
   <trkpt lat="-29.5572140" lon="24.3594810">
    <ele>1154.8</ele>
   </trkpt>
   <trkpt lat="-29.5571320" lon="24.3593170">
    <ele>1154.9</ele>
   </trkpt>
   <trkpt lat="-29.5570500" lon="24.3591550">
    <ele>1154.9</ele>
   </trkpt>
   <trkpt lat="-29.5569660" lon="24.3589940">
    <ele>1155.0</ele>
   </trkpt>
   <trkpt lat="-29.5568850" lon="24.3588300">
    <ele>1155.0</ele>
   </trkpt>
   <trkpt lat="-29.5568050" lon="24.3586660">
    <ele>1155.1</ele>
   </trkpt>
   <trkpt lat="-29.5567230" lon="24.3585020">
    <ele>1155.1</ele>
   </trkpt>
   <trkpt lat="-29.5566400" lon="24.3583350">
    <ele>1155.2</ele>
   </trkpt>
   <trkpt lat="-29.5565580" lon="24.3581690">
    <ele>1155.2</ele>
   </trkpt>
   <trkpt lat="-29.5564750" lon="24.3580040">
    <ele>1155.2</ele>
   </trkpt>
   <trkpt lat="-29.5563930" lon="24.3578390">
    <ele>1155.3</ele>
   </trkpt>
   <trkpt lat="-29.5563090" lon="24.3576770">
    <ele>1155.3</ele>
   </trkpt>
   <trkpt lat="-29.5562250" lon="24.3575140">
    <ele>1155.3</ele>
   </trkpt>
   <trkpt lat="-29.5561400" lon="24.3573520">
    <ele>1155.4</ele>
   </trkpt>
   <trkpt lat="-29.5560550" lon="24.3571890">
    <ele>1155.4</ele>
   </trkpt>
   <trkpt lat="-29.5559710" lon="24.3570250">
    <ele>1155.5</ele>
   </trkpt>
   <trkpt lat="-29.5558860" lon="24.3568590">
    <ele>1155.5</ele>
   </trkpt>
   <trkpt lat="-29.5558010" lon="24.3566920">
    <ele>1155.5</ele>
   </trkpt>
   <trkpt lat="-29.5557170" lon="24.3565240">
    <ele>1155.6</ele>
   </trkpt>
   <trkpt lat="-29.5556320" lon="24.3563560">
    <ele>1155.6</ele>
   </trkpt>
   <trkpt lat="-29.5555470" lon="24.3561880">
    <ele>1155.7</ele>
   </trkpt>
   <trkpt lat="-29.5554610" lon="24.3560230">
    <ele>1155.7</ele>
   </trkpt>
   <trkpt lat="-29.5553760" lon="24.3558560">
    <ele>1155.7</ele>
   </trkpt>
   <trkpt lat="-29.5552900" lon="24.3556920">
    <ele>1155.8</ele>
   </trkpt>
   <trkpt lat="-29.5552040" lon="24.3555270">
    <ele>1155.8</ele>
   </trkpt>
   <trkpt lat="-29.5551180" lon="24.3553600">
    <ele>1155.9</ele>
   </trkpt>
   <trkpt lat="-29.5550340" lon="24.3551940">
    <ele>1155.9</ele>
   </trkpt>
   <trkpt lat="-29.5549480" lon="24.3550230">
    <ele>1155.9</ele>
   </trkpt>
   <trkpt lat="-29.5548610" lon="24.3548490">
    <ele>1156.0</ele>
   </trkpt>
   <trkpt lat="-29.5547760" lon="24.3546840">
    <ele>1156.0</ele>
   </trkpt>
   <trkpt lat="-29.5546950" lon="24.3545220">
    <ele>1156.0</ele>
   </trkpt>
   <trkpt lat="-29.5546150" lon="24.3543600">
    <ele>1156.1</ele>
   </trkpt>
   <trkpt lat="-29.5545320" lon="24.3541980">
    <ele>1156.1</ele>
   </trkpt>
   <trkpt lat="-29.5544480" lon="24.3540350">
    <ele>1156.2</ele>
   </trkpt>
   <trkpt lat="-29.5543610" lon="24.3538700">
    <ele>1156.2</ele>
   </trkpt>
   <trkpt lat="-29.5542730" lon="24.3537020">
    <ele>1156.2</ele>
   </trkpt>
   <trkpt lat="-29.5541840" lon="24.3535320">
    <ele>1156.3</ele>
   </trkpt>
   <trkpt lat="-29.5540960" lon="24.3533590">
    <ele>1156.3</ele>
   </trkpt>
   <trkpt lat="-29.5540080" lon="24.3531850">
    <ele>1156.4</ele>
   </trkpt>
   <trkpt lat="-29.5539190" lon="24.3530110">
    <ele>1156.4</ele>
   </trkpt>
   <trkpt lat="-29.5538300" lon="24.3528350">
    <ele>1156.4</ele>
   </trkpt>
   <trkpt lat="-29.5537380" lon="24.3526610">
    <ele>1156.5</ele>
   </trkpt>
   <trkpt lat="-29.5536480" lon="24.3524900">
    <ele>1156.5</ele>
   </trkpt>
   <trkpt lat="-29.5535600" lon="24.3523210">
    <ele>1156.6</ele>
   </trkpt>
   <trkpt lat="-29.5534760" lon="24.3521540">
    <ele>1156.6</ele>
   </trkpt>
   <trkpt lat="-29.5533930" lon="24.3519890">
    <ele>1156.6</ele>
   </trkpt>
   <trkpt lat="-29.5533120" lon="24.3518210">
    <ele>1156.7</ele>
   </trkpt>
   <trkpt lat="-29.5532290" lon="24.3516510">
    <ele>1156.7</ele>
   </trkpt>
   <trkpt lat="-29.5531440" lon="24.3514780">
    <ele>1156.8</ele>
   </trkpt>
   <trkpt lat="-29.5530580" lon="24.3513080">
    <ele>1156.8</ele>
   </trkpt>
   <trkpt lat="-29.5529700" lon="24.3511370">
    <ele>1156.8</ele>
   </trkpt>
   <trkpt lat="-29.5528790" lon="24.3509640">
    <ele>1156.9</ele>
   </trkpt>
   <trkpt lat="-29.5527880" lon="24.3507910">
    <ele>1156.9</ele>
   </trkpt>
   <trkpt lat="-29.5526960" lon="24.3506160">
    <ele>1157.0</ele>
   </trkpt>
   <trkpt lat="-29.5526060" lon="24.3504390">
    <ele>1157.0</ele>
   </trkpt>
   <trkpt lat="-29.5525150" lon="24.3502630">
    <ele>1157.1</ele>
   </trkpt>
   <trkpt lat="-29.5524240" lon="24.3500840">
    <ele>1157.2</ele>
   </trkpt>
   <trkpt lat="-29.5523330" lon="24.3499020">
    <ele>1157.3</ele>
   </trkpt>
   <trkpt lat="-29.5522420" lon="24.3497190">
    <ele>1157.4</ele>
   </trkpt>
   <trkpt lat="-29.5521510" lon="24.3495380">
    <ele>1157.5</ele>
   </trkpt>
   <trkpt lat="-29.5520580" lon="24.3493550">
    <ele>1157.6</ele>
   </trkpt>
   <trkpt lat="-29.5519680" lon="24.3491720">
    <ele>1157.7</ele>
   </trkpt>
   <trkpt lat="-29.5518770" lon="24.3489910">
    <ele>1157.8</ele>
   </trkpt>
   <trkpt lat="-29.5517840" lon="24.3488120">
    <ele>1157.9</ele>
   </trkpt>
   <trkpt lat="-29.5516920" lon="24.3486370">
    <ele>1158.0</ele>
   </trkpt>
   <trkpt lat="-29.5516010" lon="24.3484690">
    <ele>1158.1</ele>
   </trkpt>
   <trkpt lat="-29.5515160" lon="24.3483020">
    <ele>1158.2</ele>
   </trkpt>
   <trkpt lat="-29.5514310" lon="24.3481370">
    <ele>1158.3</ele>
   </trkpt>
   <trkpt lat="-29.5513480" lon="24.3479700">
    <ele>1158.4</ele>
   </trkpt>
   <trkpt lat="-29.5512640" lon="24.3478020">
    <ele>1158.5</ele>
   </trkpt>
   <trkpt lat="-29.5511810" lon="24.3476330">
    <ele>1158.6</ele>
   </trkpt>
   <trkpt lat="-29.5511000" lon="24.3474630">
    <ele>1158.7</ele>
   </trkpt>
   <trkpt lat="-29.5510200" lon="24.3473000">
    <ele>1158.8</ele>
   </trkpt>
   <trkpt lat="-29.5509400" lon="24.3471410">
    <ele>1158.9</ele>
   </trkpt>
   <trkpt lat="-29.5508620" lon="24.3469860">
    <ele>1159.0</ele>
   </trkpt>
   <trkpt lat="-29.5507850" lon="24.3468390">
    <ele>1159.1</ele>
   </trkpt>
   <trkpt lat="-29.5507090" lon="24.3466980">
    <ele>1159.1</ele>
   </trkpt>
   <trkpt lat="-29.5506310" lon="24.3465640">
    <ele>1159.2</ele>
   </trkpt>
   <trkpt lat="-29.5505550" lon="24.3464370">
    <ele>1159.3</ele>
   </trkpt>
   <trkpt lat="-29.5504870" lon="24.3463100">
    <ele>1159.4</ele>
   </trkpt>
   <trkpt lat="-29.5504300" lon="24.3461800">
    <ele>1159.4</ele>
   </trkpt>
   <trkpt lat="-29.5503700" lon="24.3460420">
    <ele>1159.5</ele>
   </trkpt>
   <trkpt lat="-29.5503070" lon="24.3459010">
    <ele>1159.6</ele>
   </trkpt>
   <trkpt lat="-29.5502400" lon="24.3457570">
    <ele>1159.7</ele>
   </trkpt>
   <trkpt lat="-29.5501710" lon="24.3456050">
    <ele>1159.7</ele>
   </trkpt>
   <trkpt lat="-29.5501000" lon="24.3454530">
    <ele>1159.8</ele>
   </trkpt>
   <trkpt lat="-29.5500250" lon="24.3452950">
    <ele>1159.9</ele>
   </trkpt>
   <trkpt lat="-29.5499490" lon="24.3451390">
    <ele>1160.0</ele>
   </trkpt>
   <trkpt lat="-29.5498710" lon="24.3449850">
    <ele>1160.1</ele>
   </trkpt>
   <trkpt lat="-29.5497910" lon="24.3448320">
    <ele>1160.2</ele>
   </trkpt>
   <trkpt lat="-29.5497130" lon="24.3446800">
    <ele>1160.3</ele>
   </trkpt>
   <trkpt lat="-29.5496340" lon="24.3445280">
    <ele>1160.3</ele>
   </trkpt>
   <trkpt lat="-29.5495570" lon="24.3443760">
    <ele>1160.4</ele>
   </trkpt>
   <trkpt lat="-29.5494830" lon="24.3442320">
    <ele>1160.5</ele>
   </trkpt>
   <trkpt lat="-29.5494050" lon="24.3440970">
    <ele>1160.6</ele>
   </trkpt>
   <trkpt lat="-29.5493350" lon="24.3439660">
    <ele>1160.7</ele>
   </trkpt>
   <trkpt lat="-29.5492790" lon="24.3438360">
    <ele>1160.7</ele>
   </trkpt>
   <trkpt lat="-29.5492210" lon="24.3437090">
    <ele>1160.8</ele>
   </trkpt>
   <trkpt lat="-29.5491610" lon="24.3435860">
    <ele>1160.9</ele>
   </trkpt>
   <trkpt lat="-29.5490950" lon="24.3434550">
    <ele>1160.9</ele>
   </trkpt>
   <trkpt lat="-29.5490240" lon="24.3433220">
    <ele>1161.0</ele>
   </trkpt>
   <trkpt lat="-29.5489510" lon="24.3431850">
    <ele>1161.1</ele>
   </trkpt>
   <trkpt lat="-29.5488780" lon="24.3430420">
    <ele>1161.2</ele>
   </trkpt>
   <trkpt lat="-29.5488010" lon="24.3428900">
    <ele>1161.3</ele>
   </trkpt>
   <trkpt lat="-29.5487230" lon="24.3427400">
    <ele>1161.4</ele>
   </trkpt>
   <trkpt lat="-29.5486410" lon="24.3425840">
    <ele>1161.4</ele>
   </trkpt>
   <trkpt lat="-29.5485590" lon="24.3424260">
    <ele>1161.5</ele>
   </trkpt>
   <trkpt lat="-29.5484750" lon="24.3422670">
    <ele>1161.6</ele>
   </trkpt>
   <trkpt lat="-29.5483920" lon="24.3421060">
    <ele>1161.7</ele>
   </trkpt>
   <trkpt lat="-29.5483070" lon="24.3419450">
    <ele>1161.8</ele>
   </trkpt>
   <trkpt lat="-29.5482240" lon="24.3417800">
    <ele>1161.9</ele>
   </trkpt>
   <trkpt lat="-29.5481410" lon="24.3416150">
    <ele>1162.0</ele>
   </trkpt>
   <trkpt lat="-29.5480560" lon="24.3414500">
    <ele>1161.9</ele>
   </trkpt>
   <trkpt lat="-29.5479700" lon="24.3412840">
    <ele>1161.8</ele>
   </trkpt>
   <trkpt lat="-29.5478860" lon="24.3411190">
    <ele>1161.7</ele>
   </trkpt>
   <trkpt lat="-29.5478030" lon="24.3409560">
    <ele>1161.7</ele>
   </trkpt>
   <trkpt lat="-29.5477210" lon="24.3407920">
    <ele>1161.6</ele>
   </trkpt>
   <trkpt lat="-29.5476370" lon="24.3406280">
    <ele>1161.5</ele>
   </trkpt>
   <trkpt lat="-29.5475530" lon="24.3404640">
    <ele>1161.4</ele>
   </trkpt>
   <trkpt lat="-29.5474700" lon="24.3402990">
    <ele>1161.4</ele>
   </trkpt>
   <trkpt lat="-29.5473880" lon="24.3401350">
    <ele>1161.3</ele>
   </trkpt>
   <trkpt lat="-29.5473060" lon="24.3399700">
    <ele>1161.2</ele>
   </trkpt>
   <trkpt lat="-29.5472250" lon="24.3398040">
    <ele>1161.1</ele>
   </trkpt>
   <trkpt lat="-29.5471440" lon="24.3396390">
    <ele>1161.0</ele>
   </trkpt>
   <trkpt lat="-29.5470670" lon="24.3394750">
    <ele>1161.0</ele>
   </trkpt>
   <trkpt lat="-29.5469930" lon="24.3393160">
    <ele>1160.9</ele>
   </trkpt>
   <trkpt lat="-29.5469220" lon="24.3391570">
    <ele>1160.8</ele>
   </trkpt>
   <trkpt lat="-29.5468500" lon="24.3389960">
    <ele>1160.7</ele>
   </trkpt>
   <trkpt lat="-29.5467790" lon="24.3388340">
    <ele>1160.7</ele>
   </trkpt>
   <trkpt lat="-29.5467100" lon="24.3386680">
    <ele>1160.6</ele>
   </trkpt>
   <trkpt lat="-29.5466430" lon="24.3385000">
    <ele>1160.5</ele>
   </trkpt>
   <trkpt lat="-29.5465800" lon="24.3383360">
    <ele>1160.4</ele>
   </trkpt>
   <trkpt lat="-29.5465210" lon="24.3381710">
    <ele>1160.3</ele>
   </trkpt>
   <trkpt lat="-29.5464700" lon="24.3380100">
    <ele>1160.3</ele>
   </trkpt>
   <trkpt lat="-29.5464260" lon="24.3378490">
    <ele>1160.2</ele>
   </trkpt>
   <trkpt lat="-29.5463840" lon="24.3376770">
    <ele>1160.1</ele>
   </trkpt>
   <trkpt lat="-29.5463480" lon="24.3375040">
    <ele>1160.1</ele>
   </trkpt>
   <trkpt lat="-29.5463170" lon="24.3373270">
    <ele>1160.0</ele>
   </trkpt>
   <trkpt lat="-29.5462900" lon="24.3371420">
    <ele>1159.9</ele>
   </trkpt>
   <trkpt lat="-29.5462650" lon="24.3369560">
    <ele>1159.8</ele>
   </trkpt>
   <trkpt lat="-29.5462440" lon="24.3367650">
    <ele>1159.7</ele>
   </trkpt>
   <trkpt lat="-29.5462280" lon="24.3365730">
    <ele>1159.7</ele>
   </trkpt>
   <trkpt lat="-29.5462200" lon="24.3363860">
    <ele>1159.6</ele>
   </trkpt>
   <trkpt lat="-29.5462140" lon="24.3362030">
    <ele>1159.5</ele>
   </trkpt>
   <trkpt lat="-29.5462120" lon="24.3360110">
    <ele>1159.4</ele>
   </trkpt>
   <trkpt lat="-29.5462100" lon="24.3358210">
    <ele>1159.3</ele>
   </trkpt>
   <trkpt lat="-29.5462110" lon="24.3356290">
    <ele>1159.3</ele>
   </trkpt>
   <trkpt lat="-29.5462160" lon="24.3354410">
    <ele>1159.2</ele>
   </trkpt>
   <trkpt lat="-29.5462230" lon="24.3352510">
    <ele>1159.1</ele>
   </trkpt>
   <trkpt lat="-29.5462310" lon="24.3350590">
    <ele>1159.0</ele>
   </trkpt>
   <trkpt lat="-29.5462420" lon="24.3348650">
    <ele>1158.9</ele>
   </trkpt>
   <trkpt lat="-29.5462560" lon="24.3346690">
    <ele>1158.9</ele>
   </trkpt>
   <trkpt lat="-29.5462670" lon="24.3344780">
    <ele>1158.8</ele>
   </trkpt>
   <trkpt lat="-29.5462790" lon="24.3342820">
    <ele>1158.7</ele>
   </trkpt>
   <trkpt lat="-29.5462910" lon="24.3340850">
    <ele>1158.6</ele>
   </trkpt>
   <trkpt lat="-29.5463000" lon="24.3338960">
    <ele>1158.5</ele>
   </trkpt>
   <trkpt lat="-29.5463070" lon="24.3337000">
    <ele>1158.5</ele>
   </trkpt>
   <trkpt lat="-29.5463150" lon="24.3335040">
    <ele>1158.4</ele>
   </trkpt>
   <trkpt lat="-29.5463240" lon="24.3333010">
    <ele>1158.3</ele>
   </trkpt>
   <trkpt lat="-29.5463340" lon="24.3330980">
    <ele>1158.2</ele>
   </trkpt>
   <trkpt lat="-29.5463430" lon="24.3328930">
    <ele>1158.1</ele>
   </trkpt>
   <trkpt lat="-29.5463530" lon="24.3326850">
    <ele>1158.0</ele>
   </trkpt>
   <trkpt lat="-29.5463630" lon="24.3324880">
    <ele>1157.7</ele>
   </trkpt>
   <trkpt lat="-29.5463700" lon="24.3322920">
    <ele>1157.4</ele>
   </trkpt>
   <trkpt lat="-29.5463770" lon="24.3321030">
    <ele>1157.0</ele>
   </trkpt>
   <trkpt lat="-29.5463830" lon="24.3319200">
    <ele>1156.7</ele>
   </trkpt>
   <trkpt lat="-29.5463880" lon="24.3317340">
    <ele>1156.3</ele>
   </trkpt>
   <trkpt lat="-29.5463930" lon="24.3315510">
    <ele>1156.0</ele>
   </trkpt>
   <trkpt lat="-29.5463980" lon="24.3313670">
    <ele>1155.6</ele>
   </trkpt>
   <trkpt lat="-29.5464060" lon="24.3311890">
    <ele>1155.3</ele>
   </trkpt>
   <trkpt lat="-29.5464200" lon="24.3310110">
    <ele>1155.0</ele>
   </trkpt>
   <trkpt lat="-29.5464350" lon="24.3308260">
    <ele>1154.6</ele>
   </trkpt>
   <trkpt lat="-29.5464470" lon="24.3306400">
    <ele>1154.3</ele>
   </trkpt>
   <trkpt lat="-29.5464600" lon="24.3304490">
    <ele>1153.9</ele>
   </trkpt>
   <trkpt lat="-29.5464660" lon="24.3302580">
    <ele>1153.5</ele>
   </trkpt>
   <trkpt lat="-29.5464720" lon="24.3300610">
    <ele>1153.2</ele>
   </trkpt>
   <trkpt lat="-29.5464810" lon="24.3298620">
    <ele>1152.8</ele>
   </trkpt>
   <trkpt lat="-29.5464890" lon="24.3296670">
    <ele>1152.4</ele>
   </trkpt>
   <trkpt lat="-29.5464970" lon="24.3294720">
    <ele>1152.1</ele>
   </trkpt>
   <trkpt lat="-29.5465140" lon="24.3290900">
    <ele>1151.3</ele>
   </trkpt>
   <trkpt lat="-29.5465220" lon="24.3288960">
    <ele>1151.0</ele>
   </trkpt>
   <trkpt lat="-29.5465320" lon="24.3287010">
    <ele>1150.6</ele>
   </trkpt>
   <trkpt lat="-29.5465430" lon="24.3285050">
    <ele>1150.2</ele>
   </trkpt>
   <trkpt lat="-29.5465520" lon="24.3283080">
    <ele>1149.9</ele>
   </trkpt>
   <trkpt lat="-29.5465610" lon="24.3281110">
    <ele>1149.5</ele>
   </trkpt>
   <trkpt lat="-29.5465700" lon="24.3279130">
    <ele>1149.1</ele>
   </trkpt>
   <trkpt lat="-29.5465780" lon="24.3277130">
    <ele>1148.7</ele>
   </trkpt>
   <trkpt lat="-29.5465860" lon="24.3275130">
    <ele>1148.4</ele>
   </trkpt>
   <trkpt lat="-29.5465930" lon="24.3273100">
    <ele>1148.0</ele>
   </trkpt>
   <trkpt lat="-29.5466030" lon="24.3271070">
    <ele>1147.6</ele>
   </trkpt>
   <trkpt lat="-29.5466130" lon="24.3269080">
    <ele>1147.2</ele>
   </trkpt>
   <trkpt lat="-29.5466240" lon="24.3267140">
    <ele>1146.9</ele>
   </trkpt>
   <trkpt lat="-29.5466330" lon="24.3265220">
    <ele>1146.5</ele>
   </trkpt>
   <trkpt lat="-29.5466390" lon="24.3263330">
    <ele>1146.1</ele>
   </trkpt>
   <trkpt lat="-29.5466450" lon="24.3261460">
    <ele>1145.8</ele>
   </trkpt>
   <trkpt lat="-29.5466510" lon="24.3259570">
    <ele>1145.4</ele>
   </trkpt>
   <trkpt lat="-29.5466580" lon="24.3257710">
    <ele>1145.1</ele>
   </trkpt>
   <trkpt lat="-29.5466630" lon="24.3255800">
    <ele>1144.7</ele>
   </trkpt>
   <trkpt lat="-29.5466700" lon="24.3253950">
    <ele>1144.4</ele>
   </trkpt>
   <trkpt lat="-29.5466760" lon="24.3252100">
    <ele>1144.0</ele>
   </trkpt>
   <trkpt lat="-29.5466820" lon="24.3250330">
    <ele>1143.7</ele>
   </trkpt>
   <trkpt lat="-29.5466890" lon="24.3248570">
    <ele>1143.4</ele>
   </trkpt>
   <trkpt lat="-29.5466960" lon="24.3246810">
    <ele>1143.0</ele>
   </trkpt>
   <trkpt lat="-29.5467020" lon="24.3245080">
    <ele>1142.7</ele>
   </trkpt>
   <trkpt lat="-29.5467060" lon="24.3243320">
    <ele>1142.4</ele>
   </trkpt>
   <trkpt lat="-29.5467110" lon="24.3241590">
    <ele>1142.1</ele>
   </trkpt>
   <trkpt lat="-29.5467160" lon="24.3239950">
    <ele>1141.8</ele>
   </trkpt>
   <trkpt lat="-29.5467220" lon="24.3238450">
    <ele>1141.5</ele>
   </trkpt>
   <trkpt lat="-29.5467270" lon="24.3236990">
    <ele>1141.2</ele>
   </trkpt>
   <trkpt lat="-29.5467320" lon="24.3235580">
    <ele>1140.9</ele>
   </trkpt>
   <trkpt lat="-29.5467390" lon="24.3234230">
    <ele>1140.7</ele>
   </trkpt>
   <trkpt lat="-29.5467420" lon="24.3232910">
    <ele>1140.4</ele>
   </trkpt>
   <trkpt lat="-29.5467460" lon="24.3231630">
    <ele>1140.2</ele>
   </trkpt>
   <trkpt lat="-29.5467500" lon="24.3230450">
    <ele>1140.0</ele>
   </trkpt>
   <trkpt lat="-29.5467540" lon="24.3229380">
    <ele>1139.8</ele>
   </trkpt>
   <trkpt lat="-29.5467570" lon="24.3228460">
    <ele>1139.6</ele>
   </trkpt>
   <trkpt lat="-29.5467610" lon="24.3227690">
    <ele>1139.4</ele>
   </trkpt>
   <trkpt lat="-29.5467640" lon="24.3227030">
    <ele>1139.3</ele>
   </trkpt>
   <trkpt lat="-29.5468160" lon="24.3226360">
    <ele>1139.2</ele>
   </trkpt>
   <trkpt lat="-29.5467680" lon="24.3225630">
    <ele>1139.0</ele>
   </trkpt>
   <trkpt lat="-29.5467890" lon="24.3225280">
    <ele>1138.9</ele>
   </trkpt>
   <trkpt lat="-29.5468310" lon="24.3225040">
    <ele>1138.9</ele>
   </trkpt>
   <trkpt lat="-29.5468740" lon="24.3224920">
    <ele>1138.8</ele>
   </trkpt>
   <trkpt lat="-29.5469410" lon="24.3224860">
    <ele>1138.8</ele>
   </trkpt>
   <trkpt lat="-29.5470170" lon="24.3224890">
    <ele>1138.7</ele>
   </trkpt>
   <trkpt lat="-29.5471000" lon="24.3224850">
    <ele>1138.6</ele>
   </trkpt>
   <trkpt lat="-29.5471970" lon="24.3224660">
    <ele>1138.5</ele>
   </trkpt>
   <trkpt lat="-29.5473020" lon="24.3224430">
    <ele>1138.4</ele>
   </trkpt>
   <trkpt lat="-29.5474100" lon="24.3223990">
    <ele>1138.3</ele>
   </trkpt>
   <trkpt lat="-29.5475260" lon="24.3223440">
    <ele>1138.1</ele>
   </trkpt>
   <trkpt lat="-29.5476190" lon="24.3222680">
    <ele>1138.0</ele>
   </trkpt>
   <trkpt lat="-29.5477080" lon="24.3221800">
    <ele>1137.9</ele>
   </trkpt>
   <trkpt lat="-29.5477820" lon="24.3220850">
    <ele>1137.8</ele>
   </trkpt>
   <trkpt lat="-29.5478560" lon="24.3219840">
    <ele>1137.6</ele>
   </trkpt>
   <trkpt lat="-29.5479330" lon="24.3218790">
    <ele>1137.5</ele>
   </trkpt>
   <trkpt lat="-29.5479970" lon="24.3217510">
    <ele>1137.4</ele>
   </trkpt>
   <trkpt lat="-29.5480610" lon="24.3216150">
    <ele>1137.2</ele>
   </trkpt>
   <trkpt lat="-29.5481160" lon="24.3214680">
    <ele>1137.1</ele>
   </trkpt>
   <trkpt lat="-29.5481600" lon="24.3213310">
    <ele>1137.0</ele>
   </trkpt>
   <trkpt lat="-29.5482230" lon="24.3211760">
    <ele>1136.8</ele>
   </trkpt>
   <trkpt lat="-29.5482780" lon="24.3210240">
    <ele>1136.7</ele>
   </trkpt>
   <trkpt lat="-29.5483450" lon="24.3208550">
    <ele>1136.5</ele>
   </trkpt>
   <trkpt lat="-29.5484080" lon="24.3207020">
    <ele>1136.3</ele>
   </trkpt>
   <trkpt lat="-29.5484680" lon="24.3205470">
    <ele>1136.2</ele>
   </trkpt>
   <trkpt lat="-29.5485150" lon="24.3203860">
    <ele>1136.0</ele>
   </trkpt>
   <trkpt lat="-29.5485800" lon="24.3202410">
    <ele>1135.9</ele>
   </trkpt>
   <trkpt lat="-29.5486470" lon="24.3201000">
    <ele>1135.7</ele>
   </trkpt>
   <trkpt lat="-29.5487120" lon="24.3199510">
    <ele>1135.6</ele>
   </trkpt>
   <trkpt lat="-29.5487810" lon="24.3198130">
    <ele>1135.4</ele>
   </trkpt>
   <trkpt lat="-29.5488510" lon="24.3196700">
    <ele>1135.3</ele>
   </trkpt>
   <trkpt lat="-29.5489220" lon="24.3195220">
    <ele>1135.1</ele>
   </trkpt>
   <trkpt lat="-29.5490010" lon="24.3193770">
    <ele>1134.9</ele>
   </trkpt>
   <trkpt lat="-29.5490870" lon="24.3192320">
    <ele>1134.8</ele>
   </trkpt>
   <trkpt lat="-29.5491790" lon="24.3190910">
    <ele>1134.6</ele>
   </trkpt>
   <trkpt lat="-29.5492770" lon="24.3189510">
    <ele>1134.5</ele>
   </trkpt>
   <trkpt lat="-29.5493790" lon="24.3188090">
    <ele>1134.3</ele>
   </trkpt>
   <trkpt lat="-29.5494830" lon="24.3186770">
    <ele>1134.1</ele>
   </trkpt>
   <trkpt lat="-29.5495870" lon="24.3185560">
    <ele>1134.0</ele>
   </trkpt>
   <trkpt lat="-29.5496970" lon="24.3184420">
    <ele>1133.8</ele>
   </trkpt>
   <trkpt lat="-29.5498090" lon="24.3183290">
    <ele>1133.7</ele>
   </trkpt>
   <trkpt lat="-29.5499280" lon="24.3182250">
    <ele>1133.5</ele>
   </trkpt>
   <trkpt lat="-29.5500500" lon="24.3181180">
    <ele>1133.3</ele>
   </trkpt>
   <trkpt lat="-29.5501750" lon="24.3180110">
    <ele>1133.2</ele>
   </trkpt>
   <trkpt lat="-29.5503030" lon="24.3179040">
    <ele>1133.0</ele>
   </trkpt>
   <trkpt lat="-29.5504380" lon="24.3178090">
    <ele>1132.8</ele>
   </trkpt>
   <trkpt lat="-29.5505740" lon="24.3177200">
    <ele>1132.7</ele>
   </trkpt>
   <trkpt lat="-29.5507100" lon="24.3176370">
    <ele>1132.5</ele>
   </trkpt>
   <trkpt lat="-29.5508500" lon="24.3175610">
    <ele>1132.3</ele>
   </trkpt>
   <trkpt lat="-29.5509940" lon="24.3174900">
    <ele>1132.2</ele>
   </trkpt>
   <trkpt lat="-29.5511430" lon="24.3174230">
    <ele>1132.0</ele>
   </trkpt>
   <trkpt lat="-29.5512970" lon="24.3173610">
    <ele>1131.8</ele>
   </trkpt>
   <trkpt lat="-29.5514520" lon="24.3173090">
    <ele>1131.7</ele>
   </trkpt>
   <trkpt lat="-29.5516010" lon="24.3172640">
    <ele>1131.5</ele>
   </trkpt>
   <trkpt lat="-29.5517460" lon="24.3172230">
    <ele>1131.3</ele>
   </trkpt>
   <trkpt lat="-29.5518890" lon="24.3171860">
    <ele>1131.2</ele>
   </trkpt>
   <trkpt lat="-29.5520320" lon="24.3171590">
    <ele>1131.0</ele>
   </trkpt>
   <trkpt lat="-29.5521720" lon="24.3171350">
    <ele>1130.9</ele>
   </trkpt>
   <trkpt lat="-29.5523170" lon="24.3171200">
    <ele>1130.7</ele>
   </trkpt>
   <trkpt lat="-29.5524590" lon="24.3171090">
    <ele>1130.6</ele>
   </trkpt>
   <trkpt lat="-29.5525970" lon="24.3171020">
    <ele>1130.4</ele>
   </trkpt>
   <trkpt lat="-29.5527330" lon="24.3171000">
    <ele>1130.3</ele>
   </trkpt>
   <trkpt lat="-29.5528670" lon="24.3171030">
    <ele>1130.1</ele>
   </trkpt>
   <trkpt lat="-29.5530060" lon="24.3171090">
    <ele>1130.0</ele>
   </trkpt>
   <trkpt lat="-29.5531470" lon="24.3171200">
    <ele>1130.1</ele>
   </trkpt>
   <trkpt lat="-29.5532770" lon="24.3171320">
    <ele>1130.1</ele>
   </trkpt>
   <trkpt lat="-29.5533870" lon="24.3171440">
    <ele>1130.1</ele>
   </trkpt>
   <trkpt lat="-29.5534760" lon="24.3171630">
    <ele>1130.2</ele>
   </trkpt>
   <trkpt lat="-29.5535570" lon="24.3171870">
    <ele>1130.2</ele>
   </trkpt>
   <trkpt lat="-29.5536350" lon="24.3172100">
    <ele>1130.2</ele>
   </trkpt>
   <trkpt lat="-29.5537140" lon="24.3172320">
    <ele>1130.3</ele>
   </trkpt>
   <trkpt lat="-29.5537970" lon="24.3172440">
    <ele>1130.3</ele>
   </trkpt>
   <trkpt lat="-29.5538840" lon="24.3172490">
    <ele>1130.3</ele>
   </trkpt>
   <trkpt lat="-29.5539780" lon="24.3172550">
    <ele>1130.3</ele>
   </trkpt>
   <trkpt lat="-29.5540770" lon="24.3172600">
    <ele>1130.4</ele>
   </trkpt>
   <trkpt lat="-29.5541820" lon="24.3172710">
    <ele>1130.4</ele>
   </trkpt>
   <trkpt lat="-29.5542900" lon="24.3172870">
    <ele>1130.5</ele>
   </trkpt>
   <trkpt lat="-29.5544040" lon="24.3173070">
    <ele>1130.5</ele>
   </trkpt>
   <trkpt lat="-29.5545210" lon="24.3173260">
    <ele>1130.5</ele>
   </trkpt>
   <trkpt lat="-29.5546320" lon="24.3173500">
    <ele>1130.6</ele>
   </trkpt>
   <trkpt lat="-29.5547420" lon="24.3173720">
    <ele>1130.6</ele>
   </trkpt>
   <trkpt lat="-29.5548570" lon="24.3173950">
    <ele>1130.7</ele>
   </trkpt>
   <trkpt lat="-29.5549670" lon="24.3174170">
    <ele>1130.7</ele>
   </trkpt>
   <trkpt lat="-29.5550740" lon="24.3174390">
    <ele>1130.7</ele>
   </trkpt>
   <trkpt lat="-29.5551740" lon="24.3174590">
    <ele>1130.8</ele>
   </trkpt>
   <trkpt lat="-29.5552780" lon="24.3174700">
    <ele>1130.8</ele>
   </trkpt>
   <trkpt lat="-29.5553790" lon="24.3174810">
    <ele>1130.8</ele>
   </trkpt>
   <trkpt lat="-29.5554740" lon="24.3174970">
    <ele>1130.9</ele>
   </trkpt>
   <trkpt lat="-29.5555670" lon="24.3175100">
    <ele>1130.9</ele>
   </trkpt>
   <trkpt lat="-29.5556570" lon="24.3175280">
    <ele>1130.9</ele>
   </trkpt>
   <trkpt lat="-29.5557530" lon="24.3175540">
    <ele>1131.0</ele>
   </trkpt>
   <trkpt lat="-29.5558530" lon="24.3175770">
    <ele>1131.0</ele>
   </trkpt>
   <trkpt lat="-29.5559560" lon="24.3175880">
    <ele>1131.0</ele>
   </trkpt>
   <trkpt lat="-29.5560580" lon="24.3175960">
    <ele>1131.1</ele>
   </trkpt>
   <trkpt lat="-29.5561610" lon="24.3176060">
    <ele>1131.1</ele>
   </trkpt>
   <trkpt lat="-29.5562600" lon="24.3176220">
    <ele>1131.1</ele>
   </trkpt>
   <trkpt lat="-29.5563560" lon="24.3176300">
    <ele>1131.2</ele>
   </trkpt>
   <trkpt lat="-29.5564490" lon="24.3176360">
    <ele>1131.2</ele>
   </trkpt>
   <trkpt lat="-29.5565390" lon="24.3176410">
    <ele>1131.2</ele>
   </trkpt>
   <trkpt lat="-29.5566240" lon="24.3176530">
    <ele>1131.3</ele>
   </trkpt>
   <trkpt lat="-29.5567030" lon="24.3176610">
    <ele>1131.3</ele>
   </trkpt>
   <trkpt lat="-29.5567800" lon="24.3176680">
    <ele>1131.3</ele>
   </trkpt>
   <trkpt lat="-29.5568520" lon="24.3176780">
    <ele>1131.3</ele>
   </trkpt>
   <trkpt lat="-29.5569170" lon="24.3176850">
    <ele>1131.4</ele>
   </trkpt>
   <trkpt lat="-29.5569750" lon="24.3176920">
    <ele>1131.4</ele>
   </trkpt>
   <trkpt lat="-29.5570250" lon="24.3177020">
    <ele>1131.4</ele>
   </trkpt>
   <trkpt lat="-29.5570710" lon="24.3177210">
    <ele>1131.4</ele>
   </trkpt>
   <trkpt lat="-29.5571250" lon="24.3177340">
    <ele>1131.4</ele>
   </trkpt>
   <trkpt lat="-29.5571800" lon="24.3177490">
    <ele>1131.5</ele>
   </trkpt>
   <trkpt lat="-29.5572390" lon="24.3177650">
    <ele>1131.5</ele>
   </trkpt>
   <trkpt lat="-29.5573080" lon="24.3177800">
    <ele>1131.5</ele>
   </trkpt>
   <trkpt lat="-29.5573840" lon="24.3177950">
    <ele>1131.5</ele>
   </trkpt>
   <trkpt lat="-29.5574670" lon="24.3178050">
    <ele>1131.6</ele>
   </trkpt>
   <trkpt lat="-29.5575580" lon="24.3178130">
    <ele>1131.6</ele>
   </trkpt>
   <trkpt lat="-29.5576530" lon="24.3178240">
    <ele>1131.6</ele>
   </trkpt>
   <trkpt lat="-29.5577550" lon="24.3178400">
    <ele>1131.7</ele>
   </trkpt>
   <trkpt lat="-29.5578620" lon="24.3178530">
    <ele>1131.7</ele>
   </trkpt>
   <trkpt lat="-29.5579630" lon="24.3178690">
    <ele>1131.7</ele>
   </trkpt>
   <trkpt lat="-29.5580570" lon="24.3178860">
    <ele>1131.8</ele>
   </trkpt>
   <trkpt lat="-29.5581590" lon="24.3179000">
    <ele>1131.8</ele>
   </trkpt>
   <trkpt lat="-29.5582660" lon="24.3179150">
    <ele>1131.8</ele>
   </trkpt>
   <trkpt lat="-29.5583770" lon="24.3179280">
    <ele>1131.9</ele>
   </trkpt>
   <trkpt lat="-29.5584880" lon="24.3179360">
    <ele>1131.9</ele>
   </trkpt>
   <trkpt lat="-29.5585940" lon="24.3179420">
    <ele>1132.0</ele>
   </trkpt>
   <trkpt lat="-29.5586960" lon="24.3179470">
    <ele>1132.0</ele>
   </trkpt>
   <trkpt lat="-29.5587930" lon="24.3179530">
    <ele>1132.0</ele>
   </trkpt>
   <trkpt lat="-29.5588640" lon="24.3179600">
    <ele>1132.0</ele>
   </trkpt>
   <trkpt lat="-29.5589350" lon="24.3179820">
    <ele>1132.1</ele>
   </trkpt>
   <trkpt lat="-29.5590120" lon="24.3180090">
    <ele>1132.1</ele>
   </trkpt>
   <trkpt lat="-29.5590970" lon="24.3180350">
    <ele>1132.1</ele>
   </trkpt>
   <trkpt lat="-29.5591900" lon="24.3180580">
    <ele>1132.2</ele>
   </trkpt>
   <trkpt lat="-29.5592870" lon="24.3180800">
    <ele>1132.2</ele>
   </trkpt>
   <trkpt lat="-29.5593860" lon="24.3181000">
    <ele>1132.2</ele>
   </trkpt>
   <trkpt lat="-29.5594890" lon="24.3181170">
    <ele>1132.3</ele>
   </trkpt>
   <trkpt lat="-29.5595980" lon="24.3181330">
    <ele>1132.3</ele>
   </trkpt>
   <trkpt lat="-29.5597100" lon="24.3181510">
    <ele>1132.3</ele>
   </trkpt>
   <trkpt lat="-29.5598250" lon="24.3181690">
    <ele>1132.4</ele>
   </trkpt>
   <trkpt lat="-29.5599440" lon="24.3181890">
    <ele>1132.4</ele>
   </trkpt>
   <trkpt lat="-29.5600720" lon="24.3182110">
    <ele>1132.5</ele>
   </trkpt>
   <trkpt lat="-29.5602010" lon="24.3182330">
    <ele>1132.5</ele>
   </trkpt>
   <trkpt lat="-29.5603350" lon="24.3182570">
    <ele>1132.6</ele>
   </trkpt>
   <trkpt lat="-29.5604640" lon="24.3182780">
    <ele>1132.6</ele>
   </trkpt>
   <trkpt lat="-29.5605890" lon="24.3182980">
    <ele>1132.7</ele>
   </trkpt>
   <trkpt lat="-29.5607120" lon="24.3183170">
    <ele>1132.7</ele>
   </trkpt>
   <trkpt lat="-29.5608330" lon="24.3183330">
    <ele>1132.7</ele>
   </trkpt>
   <trkpt lat="-29.5609570" lon="24.3183520">
    <ele>1132.8</ele>
   </trkpt>
   <trkpt lat="-29.5610810" lon="24.3183750">
    <ele>1132.8</ele>
   </trkpt>
   <trkpt lat="-29.5612040" lon="24.3184000">
    <ele>1132.9</ele>
   </trkpt>
   <trkpt lat="-29.5613340" lon="24.3184160">
    <ele>1132.9</ele>
   </trkpt>
   <trkpt lat="-29.5614670" lon="24.3184340">
    <ele>1133.0</ele>
   </trkpt>
   <trkpt lat="-29.5616020" lon="24.3184540">
    <ele>1133.0</ele>
   </trkpt>
   <trkpt lat="-29.5617390" lon="24.3184750">
    <ele>1133.0</ele>
   </trkpt>
   <trkpt lat="-29.5618750" lon="24.3184940">
    <ele>1133.0</ele>
   </trkpt>
   <trkpt lat="-29.5620150" lon="24.3185170">
    <ele>1133.1</ele>
   </trkpt>
   <trkpt lat="-29.5621520" lon="24.3185380">
    <ele>1133.1</ele>
   </trkpt>
   <trkpt lat="-29.5622880" lon="24.3185600">
    <ele>1133.1</ele>
   </trkpt>
   <trkpt lat="-29.5624230" lon="24.3185830">
    <ele>1133.1</ele>
   </trkpt>
   <trkpt lat="-29.5625580" lon="24.3186040">
    <ele>1133.1</ele>
   </trkpt>
   <trkpt lat="-29.5626950" lon="24.3186250">
    <ele>1133.1</ele>
   </trkpt>
   <trkpt lat="-29.5628300" lon="24.3186480">
    <ele>1133.1</ele>
   </trkpt>
   <trkpt lat="-29.5629700" lon="24.3186730">
    <ele>1133.2</ele>
   </trkpt>
   <trkpt lat="-29.5631050" lon="24.3186970">
    <ele>1133.2</ele>
   </trkpt>
   <trkpt lat="-29.5632370" lon="24.3187190">
    <ele>1133.2</ele>
   </trkpt>
   <trkpt lat="-29.5633720" lon="24.3187480">
    <ele>1133.2</ele>
   </trkpt>
   <trkpt lat="-29.5635110" lon="24.3187740">
    <ele>1133.2</ele>
   </trkpt>
   <trkpt lat="-29.5636520" lon="24.3188020">
    <ele>1133.2</ele>
   </trkpt>
   <trkpt lat="-29.5637840" lon="24.3188250">
    <ele>1133.3</ele>
   </trkpt>
   <trkpt lat="-29.5639070" lon="24.3188450">
    <ele>1133.3</ele>
   </trkpt>
   <trkpt lat="-29.5640200" lon="24.3188670">
    <ele>1133.3</ele>
   </trkpt>
   <trkpt lat="-29.5641250" lon="24.3188930">
    <ele>1133.3</ele>
   </trkpt>
   <trkpt lat="-29.5642250" lon="24.3189210">
    <ele>1133.3</ele>
   </trkpt>
   <trkpt lat="-29.5643210" lon="24.3189480">
    <ele>1133.3</ele>
   </trkpt>
   <trkpt lat="-29.5644220" lon="24.3189650">
    <ele>1133.3</ele>
   </trkpt>
   <trkpt lat="-29.5645270" lon="24.3189800">
    <ele>1133.3</ele>
   </trkpt>
   <trkpt lat="-29.5646230" lon="24.3189960">
    <ele>1133.4</ele>
   </trkpt>
   <trkpt lat="-29.5647080" lon="24.3190140">
    <ele>1133.4</ele>
   </trkpt>
   <trkpt lat="-29.5647810" lon="24.3190370">
    <ele>1133.4</ele>
   </trkpt>
   <trkpt lat="-29.5648490" lon="24.3190580">
    <ele>1133.4</ele>
   </trkpt>
   <trkpt lat="-29.5649180" lon="24.3190760">
    <ele>1133.4</ele>
   </trkpt>
   <trkpt lat="-29.5649890" lon="24.3190920">
    <ele>1133.4</ele>
   </trkpt>
   <trkpt lat="-29.5650680" lon="24.3191100">
    <ele>1133.4</ele>
   </trkpt>
   <trkpt lat="-29.5651500" lon="24.3191230">
    <ele>1133.4</ele>
   </trkpt>
   <trkpt lat="-29.5652360" lon="24.3191400">
    <ele>1133.4</ele>
   </trkpt>
   <trkpt lat="-29.5653220" lon="24.3191670">
    <ele>1133.4</ele>
   </trkpt>
   <trkpt lat="-29.5654020" lon="24.3191940">
    <ele>1133.4</ele>
   </trkpt>
   <trkpt lat="-29.5654840" lon="24.3192250">
    <ele>1133.5</ele>
   </trkpt>
   <trkpt lat="-29.5655700" lon="24.3192530">
    <ele>1133.5</ele>
   </trkpt>
   <trkpt lat="-29.5656630" lon="24.3192820">
    <ele>1133.5</ele>
   </trkpt>
   <trkpt lat="-29.5657620" lon="24.3193040">
    <ele>1133.5</ele>
   </trkpt>
   <trkpt lat="-29.5658690" lon="24.3193320">
    <ele>1133.5</ele>
   </trkpt>
   <trkpt lat="-29.5659770" lon="24.3193600">
    <ele>1133.5</ele>
   </trkpt>
   <trkpt lat="-29.5660900" lon="24.3193920">
    <ele>1133.5</ele>
   </trkpt>
   <trkpt lat="-29.5662090" lon="24.3194320">
    <ele>1133.5</ele>
   </trkpt>
   <trkpt lat="-29.5663220" lon="24.3194720">
    <ele>1133.6</ele>
   </trkpt>
   <trkpt lat="-29.5664430" lon="24.3195000">
    <ele>1133.6</ele>
   </trkpt>
   <trkpt lat="-29.5665710" lon="24.3195260">
    <ele>1133.6</ele>
   </trkpt>
   <trkpt lat="-29.5666980" lon="24.3195530">
    <ele>1133.6</ele>
   </trkpt>
   <trkpt lat="-29.5668230" lon="24.3195870">
    <ele>1133.6</ele>
   </trkpt>
   <trkpt lat="-29.5669400" lon="24.3196210">
    <ele>1133.6</ele>
   </trkpt>
   <trkpt lat="-29.5670490" lon="24.3196560">
    <ele>1133.6</ele>
   </trkpt>
   <trkpt lat="-29.5671560" lon="24.3196880">
    <ele>1133.7</ele>
   </trkpt>
   <trkpt lat="-29.5672660" lon="24.3197090">
    <ele>1133.7</ele>
   </trkpt>
   <trkpt lat="-29.5673650" lon="24.3197310">
    <ele>1133.7</ele>
   </trkpt>
   <trkpt lat="-29.5674610" lon="24.3197500">
    <ele>1133.7</ele>
   </trkpt>
   <trkpt lat="-29.5675510" lon="24.3197820">
    <ele>1133.7</ele>
   </trkpt>
   <trkpt lat="-29.5676480" lon="24.3198160">
    <ele>1133.7</ele>
   </trkpt>
   <trkpt lat="-29.5677510" lon="24.3198540">
    <ele>1133.7</ele>
   </trkpt>
   <trkpt lat="-29.5678580" lon="24.3198930">
    <ele>1133.7</ele>
   </trkpt>
   <trkpt lat="-29.5679720" lon="24.3199280">
    <ele>1133.8</ele>
   </trkpt>
   <trkpt lat="-29.5680870" lon="24.3199570">
    <ele>1133.8</ele>
   </trkpt>
   <trkpt lat="-29.5682000" lon="24.3199890">
    <ele>1133.8</ele>
   </trkpt>
   <trkpt lat="-29.5683110" lon="24.3200250">
    <ele>1133.8</ele>
   </trkpt>
   <trkpt lat="-29.5684240" lon="24.3200580">
    <ele>1133.8</ele>
   </trkpt>
   <trkpt lat="-29.5685370" lon="24.3200970">
    <ele>1133.8</ele>
   </trkpt>
   <trkpt lat="-29.5686490" lon="24.3201330">
    <ele>1133.8</ele>
   </trkpt>
   <trkpt lat="-29.5687620" lon="24.3201700">
    <ele>1133.8</ele>
   </trkpt>
   <trkpt lat="-29.5688810" lon="24.3202040">
    <ele>1133.9</ele>
   </trkpt>
   <trkpt lat="-29.5690000" lon="24.3202400">
    <ele>1133.9</ele>
   </trkpt>
   <trkpt lat="-29.5691220" lon="24.3202800">
    <ele>1133.9</ele>
   </trkpt>
   <trkpt lat="-29.5692460" lon="24.3203170">
    <ele>1133.9</ele>
   </trkpt>
   <trkpt lat="-29.5693720" lon="24.3203560">
    <ele>1133.9</ele>
   </trkpt>
   <trkpt lat="-29.5695030" lon="24.3203960">
    <ele>1133.9</ele>
   </trkpt>
   <trkpt lat="-29.5696340" lon="24.3204360">
    <ele>1133.9</ele>
   </trkpt>
   <trkpt lat="-29.5697690" lon="24.3204780">
    <ele>1134.0</ele>
   </trkpt>
   <trkpt lat="-29.5699030" lon="24.3205170">
    <ele>1134.0</ele>
   </trkpt>
   <trkpt lat="-29.5700390" lon="24.3205540">
    <ele>1134.0</ele>
   </trkpt>
   <trkpt lat="-29.5701770" lon="24.3205900">
    <ele>1134.0</ele>
   </trkpt>
   <trkpt lat="-29.5703150" lon="24.3206300">
    <ele>1134.1</ele>
   </trkpt>
   <trkpt lat="-29.5704480" lon="24.3206690">
    <ele>1134.1</ele>
   </trkpt>
   <trkpt lat="-29.5705840" lon="24.3207050">
    <ele>1134.1</ele>
   </trkpt>
   <trkpt lat="-29.5707180" lon="24.3207400">
    <ele>1134.2</ele>
   </trkpt>
   <trkpt lat="-29.5708470" lon="24.3207700">
    <ele>1134.2</ele>
   </trkpt>
   <trkpt lat="-29.5709710" lon="24.3207990">
    <ele>1134.2</ele>
   </trkpt>
   <trkpt lat="-29.5710910" lon="24.3208310">
    <ele>1134.2</ele>
   </trkpt>
   <trkpt lat="-29.5712130" lon="24.3208640">
    <ele>1134.3</ele>
   </trkpt>
   <trkpt lat="-29.5713390" lon="24.3209000">
    <ele>1134.3</ele>
   </trkpt>
   <trkpt lat="-29.5714670" lon="24.3209380">
    <ele>1134.3</ele>
   </trkpt>
   <trkpt lat="-29.5716000" lon="24.3209740">
    <ele>1134.4</ele>
   </trkpt>
   <trkpt lat="-29.5717330" lon="24.3210060">
    <ele>1134.4</ele>
   </trkpt>
   <trkpt lat="-29.5718660" lon="24.3210430">
    <ele>1134.4</ele>
   </trkpt>
   <trkpt lat="-29.5719990" lon="24.3210790">
    <ele>1134.5</ele>
   </trkpt>
   <trkpt lat="-29.5721340" lon="24.3211150">
    <ele>1134.5</ele>
   </trkpt>
   <trkpt lat="-29.5722710" lon="24.3211470">
    <ele>1134.5</ele>
   </trkpt>
   <trkpt lat="-29.5724090" lon="24.3211830">
    <ele>1134.6</ele>
   </trkpt>
   <trkpt lat="-29.5725460" lon="24.3212150">
    <ele>1134.6</ele>
   </trkpt>
   <trkpt lat="-29.5726740" lon="24.3212460">
    <ele>1134.6</ele>
   </trkpt>
   <trkpt lat="-29.5727960" lon="24.3212790">
    <ele>1134.6</ele>
   </trkpt>
   <trkpt lat="-29.5729160" lon="24.3213180">
    <ele>1134.7</ele>
   </trkpt>
   <trkpt lat="-29.5730350" lon="24.3213600">
    <ele>1134.7</ele>
   </trkpt>
   <trkpt lat="-29.5731570" lon="24.3214050">
    <ele>1134.7</ele>
   </trkpt>
   <trkpt lat="-29.5732780" lon="24.3214520">
    <ele>1134.8</ele>
   </trkpt>
   <trkpt lat="-29.5733920" lon="24.3214910">
    <ele>1134.8</ele>
   </trkpt>
   <trkpt lat="-29.5735080" lon="24.3215310">
    <ele>1134.8</ele>
   </trkpt>
   <trkpt lat="-29.5736280" lon="24.3215730">
    <ele>1134.8</ele>
   </trkpt>
   <trkpt lat="-29.5737510" lon="24.3216170">
    <ele>1134.9</ele>
   </trkpt>
   <trkpt lat="-29.5738780" lon="24.3216620">
    <ele>1134.9</ele>
   </trkpt>
   <trkpt lat="-29.5740090" lon="24.3217030">
    <ele>1134.9</ele>
   </trkpt>
   <trkpt lat="-29.5741440" lon="24.3217460">
    <ele>1135.0</ele>
   </trkpt>
   <trkpt lat="-29.5742800" lon="24.3217870">
    <ele>1135.0</ele>
   </trkpt>
   <trkpt lat="-29.5744110" lon="24.3218370">
    <ele>1135.0</ele>
   </trkpt>
   <trkpt lat="-29.5745420" lon="24.3218830">
    <ele>1135.1</ele>
   </trkpt>
   <trkpt lat="-29.5746720" lon="24.3219280">
    <ele>1135.1</ele>
   </trkpt>
   <trkpt lat="-29.5748030" lon="24.3219730">
    <ele>1135.1</ele>
   </trkpt>
   <trkpt lat="-29.5749350" lon="24.3220160">
    <ele>1135.1</ele>
   </trkpt>
   <trkpt lat="-29.5750700" lon="24.3220620">
    <ele>1135.2</ele>
   </trkpt>
   <trkpt lat="-29.5752090" lon="24.3221100">
    <ele>1135.2</ele>
   </trkpt>
   <trkpt lat="-29.5753540" lon="24.3221540">
    <ele>1135.2</ele>
   </trkpt>
   <trkpt lat="-29.5755000" lon="24.3221990">
    <ele>1135.3</ele>
   </trkpt>
   <trkpt lat="-29.5756510" lon="24.3222480">
    <ele>1135.3</ele>
   </trkpt>
   <trkpt lat="-29.5758040" lon="24.3222970">
    <ele>1135.4</ele>
   </trkpt>
   <trkpt lat="-29.5759600" lon="24.3223460">
    <ele>1135.4</ele>
   </trkpt>
   <trkpt lat="-29.5761190" lon="24.3223980">
    <ele>1135.4</ele>
   </trkpt>
   <trkpt lat="-29.5762780" lon="24.3224510">
    <ele>1135.5</ele>
   </trkpt>
   <trkpt lat="-29.5764350" lon="24.3224990">
    <ele>1135.5</ele>
   </trkpt>
   <trkpt lat="-29.5765940" lon="24.3225460">
    <ele>1135.5</ele>
   </trkpt>
   <trkpt lat="-29.5767520" lon="24.3225930">
    <ele>1135.6</ele>
   </trkpt>
   <trkpt lat="-29.5769100" lon="24.3226450">
    <ele>1135.6</ele>
   </trkpt>
   <trkpt lat="-29.5770660" lon="24.3226950">
    <ele>1135.6</ele>
   </trkpt>
   <trkpt lat="-29.5772210" lon="24.3227420">
    <ele>1135.7</ele>
   </trkpt>
   <trkpt lat="-29.5773770" lon="24.3227920">
    <ele>1135.7</ele>
   </trkpt>
   <trkpt lat="-29.5775360" lon="24.3228420">
    <ele>1135.8</ele>
   </trkpt>
   <trkpt lat="-29.5776960" lon="24.3228920">
    <ele>1135.8</ele>
   </trkpt>
   <trkpt lat="-29.5778530" lon="24.3229440">
    <ele>1135.8</ele>
   </trkpt>
   <trkpt lat="-29.5780110" lon="24.3229970">
    <ele>1135.9</ele>
   </trkpt>
   <trkpt lat="-29.5781690" lon="24.3230490">
    <ele>1135.9</ele>
   </trkpt>
   <trkpt lat="-29.5783290" lon="24.3230990">
    <ele>1135.9</ele>
   </trkpt>
   <trkpt lat="-29.5784880" lon="24.3231510">
    <ele>1136.0</ele>
   </trkpt>
   <trkpt lat="-29.5786500" lon="24.3232040">
    <ele>1135.9</ele>
   </trkpt>
   <trkpt lat="-29.5788110" lon="24.3232580">
    <ele>1135.8</ele>
   </trkpt>
   <trkpt lat="-29.5789710" lon="24.3233100">
    <ele>1135.7</ele>
   </trkpt>
   <trkpt lat="-29.5791310" lon="24.3233610">
    <ele>1135.7</ele>
   </trkpt>
   <trkpt lat="-29.5792910" lon="24.3234140">
    <ele>1135.6</ele>
   </trkpt>
   <trkpt lat="-29.5794530" lon="24.3234660">
    <ele>1135.5</ele>
   </trkpt>
   <trkpt lat="-29.5796160" lon="24.3235220">
    <ele>1135.4</ele>
   </trkpt>
   <trkpt lat="-29.5797790" lon="24.3235770">
    <ele>1135.4</ele>
   </trkpt>
   <trkpt lat="-29.5799440" lon="24.3236350">
    <ele>1135.3</ele>
   </trkpt>
   <trkpt lat="-29.5801030" lon="24.3236860">
    <ele>1135.2</ele>
   </trkpt>
   <trkpt lat="-29.5802610" lon="24.3237380">
    <ele>1135.1</ele>
   </trkpt>
   <trkpt lat="-29.5804170" lon="24.3237880">
    <ele>1135.0</ele>
   </trkpt>
   <trkpt lat="-29.5805740" lon="24.3238370">
    <ele>1135.0</ele>
   </trkpt>
   <trkpt lat="-29.5807330" lon="24.3238870">
    <ele>1134.9</ele>
   </trkpt>
   <trkpt lat="-29.5808910" lon="24.3239400">
    <ele>1134.8</ele>
   </trkpt>
   <trkpt lat="-29.5810480" lon="24.3239950">
    <ele>1134.7</ele>
   </trkpt>
   <trkpt lat="-29.5812030" lon="24.3240490">
    <ele>1134.7</ele>
   </trkpt>
   <trkpt lat="-29.5813550" lon="24.3240970">
    <ele>1134.6</ele>
   </trkpt>
   <trkpt lat="-29.5814970" lon="24.3241460">
    <ele>1134.5</ele>
   </trkpt>
   <trkpt lat="-29.5816320" lon="24.3241890">
    <ele>1134.5</ele>
   </trkpt>
   <trkpt lat="-29.5817650" lon="24.3242260">
    <ele>1134.4</ele>
   </trkpt>
   <trkpt lat="-29.5819010" lon="24.3242660">
    <ele>1134.3</ele>
   </trkpt>
   <trkpt lat="-29.5820410" lon="24.3243080">
    <ele>1134.3</ele>
   </trkpt>
   <trkpt lat="-29.5821850" lon="24.3243570">
    <ele>1134.2</ele>
   </trkpt>
   <trkpt lat="-29.5823340" lon="24.3244000">
    <ele>1134.1</ele>
   </trkpt>
   <trkpt lat="-29.5824860" lon="24.3244530">
    <ele>1134.0</ele>
   </trkpt>
   <trkpt lat="-29.5826420" lon="24.3245010">
    <ele>1134.0</ele>
   </trkpt>
   <trkpt lat="-29.5828020" lon="24.3245490">
    <ele>1133.9</ele>
   </trkpt>
   <trkpt lat="-29.5829570" lon="24.3245980">
    <ele>1133.8</ele>
   </trkpt>
   <trkpt lat="-29.5831120" lon="24.3246480">
    <ele>1133.7</ele>
   </trkpt>
   <trkpt lat="-29.5832630" lon="24.3247000">
    <ele>1133.7</ele>
   </trkpt>
   <trkpt lat="-29.5834180" lon="24.3247530">
    <ele>1133.6</ele>
   </trkpt>
   <trkpt lat="-29.5835750" lon="24.3248010">
    <ele>1133.5</ele>
   </trkpt>
   <trkpt lat="-29.5837330" lon="24.3248570">
    <ele>1133.4</ele>
   </trkpt>
   <trkpt lat="-29.5838670" lon="24.3249380">
    <ele>1133.4</ele>
   </trkpt>
   <trkpt lat="-29.5840490" lon="24.3249600">
    <ele>1133.3</ele>
   </trkpt>
   <trkpt lat="-29.5842080" lon="24.3250160">
    <ele>1133.2</ele>
   </trkpt>
   <trkpt lat="-29.5843660" lon="24.3250650">
    <ele>1133.1</ele>
   </trkpt>
   <trkpt lat="-29.5845210" lon="24.3251180">
    <ele>1133.1</ele>
   </trkpt>
   <trkpt lat="-29.5846680" lon="24.3251670">
    <ele>1133.0</ele>
   </trkpt>
   <trkpt lat="-29.5848050" lon="24.3252140">
    <ele>1132.9</ele>
   </trkpt>
   <trkpt lat="-29.5849300" lon="24.3252580">
    <ele>1132.9</ele>
   </trkpt>
   <trkpt lat="-29.5850370" lon="24.3253010">
    <ele>1132.8</ele>
   </trkpt>
   <trkpt lat="-29.5851300" lon="24.3253380">
    <ele>1132.8</ele>
   </trkpt>
   <trkpt lat="-29.5852280" lon="24.3253590">
    <ele>1132.7</ele>
   </trkpt>
   <trkpt lat="-29.5853390" lon="24.3253790">
    <ele>1132.7</ele>
   </trkpt>
   <trkpt lat="-29.5854530" lon="24.3254100">
    <ele>1132.6</ele>
   </trkpt>
   <trkpt lat="-29.5856920" lon="24.3254820">
    <ele>1132.5</ele>
   </trkpt>
   <trkpt lat="-29.5858200" lon="24.3255240">
    <ele>1132.4</ele>
   </trkpt>
   <trkpt lat="-29.5859520" lon="24.3255700">
    <ele>1132.4</ele>
   </trkpt>
   <trkpt lat="-29.5860920" lon="24.3256160">
    <ele>1132.3</ele>
   </trkpt>
   <trkpt lat="-29.5862380" lon="24.3256640">
    <ele>1132.2</ele>
   </trkpt>
   <trkpt lat="-29.5863880" lon="24.3257160">
    <ele>1132.2</ele>
   </trkpt>
   <trkpt lat="-29.5865410" lon="24.3257660">
    <ele>1132.1</ele>
   </trkpt>
   <trkpt lat="-29.5866950" lon="24.3258180">
    <ele>1132.0</ele>
   </trkpt>
   <trkpt lat="-29.5868520" lon="24.3258690">
    <ele>1132.1</ele>
   </trkpt>
   <trkpt lat="-29.5870130" lon="24.3259230">
    <ele>1132.3</ele>
   </trkpt>
   <trkpt lat="-29.5871700" lon="24.3259840">
    <ele>1132.5</ele>
   </trkpt>
   <trkpt lat="-29.5873290" lon="24.3260270">
    <ele>1132.6</ele>
   </trkpt>
   <trkpt lat="-29.5874940" lon="24.3260730">
    <ele>1132.8</ele>
   </trkpt>
   <trkpt lat="-29.5876570" lon="24.3261190">
    <ele>1132.9</ele>
   </trkpt>
   <trkpt lat="-29.5878170" lon="24.3261670">
    <ele>1133.1</ele>
   </trkpt>
   <trkpt lat="-29.5879750" lon="24.3262190">
    <ele>1133.3</ele>
   </trkpt>
   <trkpt lat="-29.5881330" lon="24.3262700">
    <ele>1133.4</ele>
   </trkpt>
   <trkpt lat="-29.5882930" lon="24.3263170">
    <ele>1133.6</ele>
   </trkpt>
   <trkpt lat="-29.5884470" lon="24.3263740">
    <ele>1133.7</ele>
   </trkpt>
   <trkpt lat="-29.5886000" lon="24.3264320">
    <ele>1133.9</ele>
   </trkpt>
   <trkpt lat="-29.5887490" lon="24.3264920">
    <ele>1134.0</ele>
   </trkpt>
   <trkpt lat="-29.5888950" lon="24.3265680">
    <ele>1134.2</ele>
   </trkpt>
   <trkpt lat="-29.5890470" lon="24.3266500">
    <ele>1134.3</ele>
   </trkpt>
   <trkpt lat="-29.5891870" lon="24.3267370">
    <ele>1134.5</ele>
   </trkpt>
   <trkpt lat="-29.5893400" lon="24.3268280">
    <ele>1134.7</ele>
   </trkpt>
   <trkpt lat="-29.5894970" lon="24.3269220">
    <ele>1134.8</ele>
   </trkpt>
   <trkpt lat="-29.5896550" lon="24.3270140">
    <ele>1135.0</ele>
   </trkpt>
   <trkpt lat="-29.5898150" lon="24.3270990">
    <ele>1135.2</ele>
   </trkpt>
   <trkpt lat="-29.5899740" lon="24.3271900">
    <ele>1135.3</ele>
   </trkpt>
   <trkpt lat="-29.5901320" lon="24.3272810">
    <ele>1135.5</ele>
   </trkpt>
   <trkpt lat="-29.5902890" lon="24.3273730">
    <ele>1135.7</ele>
   </trkpt>
   <trkpt lat="-29.5904460" lon="24.3274660">
    <ele>1135.9</ele>
   </trkpt>
   <trkpt lat="-29.5906020" lon="24.3275580">
    <ele>1136.0</ele>
   </trkpt>
   <trkpt lat="-29.5907590" lon="24.3276530">
    <ele>1136.2</ele>
   </trkpt>
   <trkpt lat="-29.5909150" lon="24.3277420">
    <ele>1136.4</ele>
   </trkpt>
   <trkpt lat="-29.5910700" lon="24.3278300">
    <ele>1136.5</ele>
   </trkpt>
   <trkpt lat="-29.5912230" lon="24.3279160">
    <ele>1136.7</ele>
   </trkpt>
   <trkpt lat="-29.5913770" lon="24.3280070">
    <ele>1136.9</ele>
   </trkpt>
   <trkpt lat="-29.5915340" lon="24.3280920">
    <ele>1137.0</ele>
   </trkpt>
   <trkpt lat="-29.5916910" lon="24.3281730">
    <ele>1137.2</ele>
   </trkpt>
   <trkpt lat="-29.5918450" lon="24.3282530">
    <ele>1137.4</ele>
   </trkpt>
   <trkpt lat="-29.5919940" lon="24.3283330">
    <ele>1137.5</ele>
   </trkpt>
   <trkpt lat="-29.5921460" lon="24.3284220">
    <ele>1137.7</ele>
   </trkpt>
   <trkpt lat="-29.5922960" lon="24.3285060">
    <ele>1137.8</ele>
   </trkpt>
   <trkpt lat="-29.5924500" lon="24.3285930">
    <ele>1138.0</ele>
   </trkpt>
   <trkpt lat="-29.5926020" lon="24.3286770">
    <ele>1138.2</ele>
   </trkpt>
   <trkpt lat="-29.5927540" lon="24.3287580">
    <ele>1138.3</ele>
   </trkpt>
   <trkpt lat="-29.5929050" lon="24.3288410">
    <ele>1138.5</ele>
   </trkpt>
   <trkpt lat="-29.5930530" lon="24.3289190">
    <ele>1138.6</ele>
   </trkpt>
   <trkpt lat="-29.5931920" lon="24.3289970">
    <ele>1138.8</ele>
   </trkpt>
   <trkpt lat="-29.5933270" lon="24.3290710">
    <ele>1138.9</ele>
   </trkpt>
   <trkpt lat="-29.5934700" lon="24.3291540">
    <ele>1139.1</ele>
   </trkpt>
   <trkpt lat="-29.5936090" lon="24.3292320">
    <ele>1139.2</ele>
   </trkpt>
   <trkpt lat="-29.5937500" lon="24.3293110">
    <ele>1139.4</ele>
   </trkpt>
   <trkpt lat="-29.5938880" lon="24.3293850">
    <ele>1139.5</ele>
   </trkpt>
   <trkpt lat="-29.5940260" lon="24.3294630">
    <ele>1139.7</ele>
   </trkpt>
   <trkpt lat="-29.5941540" lon="24.3295340">
    <ele>1139.8</ele>
   </trkpt>
   <trkpt lat="-29.5942790" lon="24.3296040">
    <ele>1140.0</ele>
   </trkpt>
   <trkpt lat="-29.5944040" lon="24.3296760">
    <ele>1140.2</ele>
   </trkpt>
   <trkpt lat="-29.5945250" lon="24.3297450">
    <ele>1140.4</ele>
   </trkpt>
   <trkpt lat="-29.5946530" lon="24.3298180">
    <ele>1140.6</ele>
   </trkpt>
   <trkpt lat="-29.5947810" lon="24.3298920">
    <ele>1140.9</ele>
   </trkpt>
   <trkpt lat="-29.5949100" lon="24.3299630">
    <ele>1141.1</ele>
   </trkpt>
   <trkpt lat="-29.5950380" lon="24.3300280">
    <ele>1141.3</ele>
   </trkpt>
   <trkpt lat="-29.5951700" lon="24.3301000">
    <ele>1141.6</ele>
   </trkpt>
   <trkpt lat="-29.5953060" lon="24.3301740">
    <ele>1141.8</ele>
   </trkpt>
   <trkpt lat="-29.5954410" lon="24.3302490">
    <ele>1142.0</ele>
   </trkpt>
   <trkpt lat="-29.5955800" lon="24.3303260">
    <ele>1142.3</ele>
   </trkpt>
   <trkpt lat="-29.5957130" lon="24.3303970">
    <ele>1142.5</ele>
   </trkpt>
   <trkpt lat="-29.5958420" lon="24.3304740">
    <ele>1142.8</ele>
   </trkpt>
   <trkpt lat="-29.5959720" lon="24.3305440">
    <ele>1143.0</ele>
   </trkpt>
   <trkpt lat="-29.5961070" lon="24.3306150">
    <ele>1143.3</ele>
   </trkpt>
   <trkpt lat="-29.5962340" lon="24.3306790">
    <ele>1143.5</ele>
   </trkpt>
   <trkpt lat="-29.5963750" lon="24.3307600">
    <ele>1143.7</ele>
   </trkpt>
   <trkpt lat="-29.5965130" lon="24.3308350">
    <ele>1144.0</ele>
   </trkpt>
   <trkpt lat="-29.5966520" lon="24.3309100">
    <ele>1144.2</ele>
   </trkpt>
   <trkpt lat="-29.5967890" lon="24.3309890">
    <ele>1144.5</ele>
   </trkpt>
   <trkpt lat="-29.5969200" lon="24.3310630">
    <ele>1144.7</ele>
   </trkpt>
   <trkpt lat="-29.5970540" lon="24.3311410">
    <ele>1145.0</ele>
   </trkpt>
   <trkpt lat="-29.5971830" lon="24.3312200">
    <ele>1145.2</ele>
   </trkpt>
   <trkpt lat="-29.5973090" lon="24.3312890">
    <ele>1145.5</ele>
   </trkpt>
   <trkpt lat="-29.5974370" lon="24.3313580">
    <ele>1145.7</ele>
   </trkpt>
   <trkpt lat="-29.5975680" lon="24.3314300">
    <ele>1145.9</ele>
   </trkpt>
   <trkpt lat="-29.5977080" lon="24.3315050">
    <ele>1146.2</ele>
   </trkpt>
   <trkpt lat="-29.5978390" lon="24.3315810">
    <ele>1146.4</ele>
   </trkpt>
   <trkpt lat="-29.5979720" lon="24.3316610">
    <ele>1146.7</ele>
   </trkpt>
   <trkpt lat="-29.5981100" lon="24.3317410">
    <ele>1146.9</ele>
   </trkpt>
   <trkpt lat="-29.5982420" lon="24.3318220">
    <ele>1147.2</ele>
   </trkpt>
   <trkpt lat="-29.5983780" lon="24.3319070">
    <ele>1147.4</ele>
   </trkpt>
   <trkpt lat="-29.5985060" lon="24.3319840">
    <ele>1147.7</ele>
   </trkpt>
   <trkpt lat="-29.5986360" lon="24.3320730">
    <ele>1147.9</ele>
   </trkpt>
   <trkpt lat="-29.5987680" lon="24.3321540">
    <ele>1148.0</ele>
   </trkpt>
   <trkpt lat="-29.5988930" lon="24.3322280">
    <ele>1148.0</ele>
   </trkpt>
   <trkpt lat="-29.5990230" lon="24.3323040">
    <ele>1148.1</ele>
   </trkpt>
   <trkpt lat="-29.5991660" lon="24.3323870">
    <ele>1148.1</ele>
   </trkpt>
   <trkpt lat="-29.5993050" lon="24.3324710">
    <ele>1148.1</ele>
   </trkpt>
   <trkpt lat="-29.5994460" lon="24.3325460">
    <ele>1148.1</ele>
   </trkpt>
   <trkpt lat="-29.5995860" lon="24.3326400">
    <ele>1148.1</ele>
   </trkpt>
   <trkpt lat="-29.5997260" lon="24.3327340">
    <ele>1148.1</ele>
   </trkpt>
   <trkpt lat="-29.5998720" lon="24.3328220">
    <ele>1148.2</ele>
   </trkpt>
   <trkpt lat="-29.6000160" lon="24.3329050">
    <ele>1148.2</ele>
   </trkpt>
   <trkpt lat="-29.6001580" lon="24.3329910">
    <ele>1148.2</ele>
   </trkpt>
   <trkpt lat="-29.6002960" lon="24.3330790">
    <ele>1148.2</ele>
   </trkpt>
   <trkpt lat="-29.6004370" lon="24.3331640">
    <ele>1148.2</ele>
   </trkpt>
   <trkpt lat="-29.6005770" lon="24.3332510">
    <ele>1148.3</ele>
   </trkpt>
   <trkpt lat="-29.6007220" lon="24.3333380">
    <ele>1148.3</ele>
   </trkpt>
   <trkpt lat="-29.6008620" lon="24.3334260">
    <ele>1148.3</ele>
   </trkpt>
   <trkpt lat="-29.6010060" lon="24.3335180">
    <ele>1148.3</ele>
   </trkpt>
   <trkpt lat="-29.6011440" lon="24.3335990">
    <ele>1148.3</ele>
   </trkpt>
   <trkpt lat="-29.6012850" lon="24.3336820">
    <ele>1148.3</ele>
   </trkpt>
   <trkpt lat="-29.6014260" lon="24.3337640">
    <ele>1148.4</ele>
   </trkpt>
   <trkpt lat="-29.6015640" lon="24.3338400">
    <ele>1148.4</ele>
   </trkpt>
   <trkpt lat="-29.6017060" lon="24.3339190">
    <ele>1148.4</ele>
   </trkpt>
   <trkpt lat="-29.6018510" lon="24.3340040">
    <ele>1148.4</ele>
   </trkpt>
   <trkpt lat="-29.6019950" lon="24.3340820">
    <ele>1148.4</ele>
   </trkpt>
   <trkpt lat="-29.6021390" lon="24.3341610">
    <ele>1148.5</ele>
   </trkpt>
   <trkpt lat="-29.6022820" lon="24.3342410">
    <ele>1148.5</ele>
   </trkpt>
   <trkpt lat="-29.6024280" lon="24.3343160">
    <ele>1148.5</ele>
   </trkpt>
   <trkpt lat="-29.6025750" lon="24.3343980">
    <ele>1148.5</ele>
   </trkpt>
   <trkpt lat="-29.6027220" lon="24.3344760">
    <ele>1148.5</ele>
   </trkpt>
   <trkpt lat="-29.6028690" lon="24.3345550">
    <ele>1148.5</ele>
   </trkpt>
   <trkpt lat="-29.6030160" lon="24.3346330">
    <ele>1148.6</ele>
   </trkpt>
   <trkpt lat="-29.6031630" lon="24.3347140">
    <ele>1148.6</ele>
   </trkpt>
   <trkpt lat="-29.6033090" lon="24.3347870">
    <ele>1148.6</ele>
   </trkpt>
   <trkpt lat="-29.6034500" lon="24.3348560">
    <ele>1148.6</ele>
   </trkpt>
   <trkpt lat="-29.6035810" lon="24.3349230">
    <ele>1148.6</ele>
   </trkpt>
   <trkpt lat="-29.6037030" lon="24.3349890">
    <ele>1148.6</ele>
   </trkpt>
   <trkpt lat="-29.6038070" lon="24.3350500">
    <ele>1148.7</ele>
   </trkpt>
   <trkpt lat="-29.6039030" lon="24.3351110">
    <ele>1148.7</ele>
   </trkpt>
   <trkpt lat="-29.6040020" lon="24.3351630">
    <ele>1148.7</ele>
   </trkpt>
   <trkpt lat="-29.6041110" lon="24.3352100">
    <ele>1148.7</ele>
   </trkpt>
   <trkpt lat="-29.6042270" lon="24.3352630">
    <ele>1148.7</ele>
   </trkpt>
   <trkpt lat="-29.6043430" lon="24.3353090">
    <ele>1148.7</ele>
   </trkpt>
   <trkpt lat="-29.6044640" lon="24.3353710">
    <ele>1148.7</ele>
   </trkpt>
   <trkpt lat="-29.6045870" lon="24.3354270">
    <ele>1148.8</ele>
   </trkpt>
   <trkpt lat="-29.6047080" lon="24.3354780">
    <ele>1148.8</ele>
   </trkpt>
   <trkpt lat="-29.6048330" lon="24.3355350">
    <ele>1148.8</ele>
   </trkpt>
   <trkpt lat="-29.6049500" lon="24.3355990">
    <ele>1148.8</ele>
   </trkpt>
   <trkpt lat="-29.6050680" lon="24.3356680">
    <ele>1148.8</ele>
   </trkpt>
   <trkpt lat="-29.6051930" lon="24.3357380">
    <ele>1148.8</ele>
   </trkpt>
   <trkpt lat="-29.6053150" lon="24.3357980">
    <ele>1148.8</ele>
   </trkpt>
   <trkpt lat="-29.6054300" lon="24.3358600">
    <ele>1148.9</ele>
   </trkpt>
   <trkpt lat="-29.6055480" lon="24.3359290">
    <ele>1148.9</ele>
   </trkpt>
   <trkpt lat="-29.6056690" lon="24.3359980">
    <ele>1148.9</ele>
   </trkpt>
   <trkpt lat="-29.6057910" lon="24.3360690">
    <ele>1148.9</ele>
   </trkpt>
   <trkpt lat="-29.6059170" lon="24.3361380">
    <ele>1148.9</ele>
   </trkpt>
   <trkpt lat="-29.6060480" lon="24.3362100">
    <ele>1148.9</ele>
   </trkpt>
   <trkpt lat="-29.6061840" lon="24.3362810">
    <ele>1149.0</ele>
   </trkpt>
   <trkpt lat="-29.6063260" lon="24.3363570">
    <ele>1149.0</ele>
   </trkpt>
   <trkpt lat="-29.6064660" lon="24.3364300">
    <ele>1148.9</ele>
   </trkpt>
   <trkpt lat="-29.6066040" lon="24.3365000">
    <ele>1148.7</ele>
   </trkpt>
   <trkpt lat="-29.6067380" lon="24.3365720">
    <ele>1148.5</ele>
   </trkpt>
   <trkpt lat="-29.6068720" lon="24.3366430">
    <ele>1148.4</ele>
   </trkpt>
   <trkpt lat="-29.6070030" lon="24.3367130">
    <ele>1148.2</ele>
   </trkpt>
   <trkpt lat="-29.6071350" lon="24.3367820">
    <ele>1148.0</ele>
   </trkpt>
   <trkpt lat="-29.6072680" lon="24.3368530">
    <ele>1147.9</ele>
   </trkpt>
   <trkpt lat="-29.6074040" lon="24.3369250">
    <ele>1147.7</ele>
   </trkpt>
   <trkpt lat="-29.6075440" lon="24.3370000">
    <ele>1147.5</ele>
   </trkpt>
   <trkpt lat="-29.6076840" lon="24.3370740">
    <ele>1147.3</ele>
   </trkpt>
   <trkpt lat="-29.6078250" lon="24.3371500">
    <ele>1147.1</ele>
   </trkpt>
   <trkpt lat="-29.6079650" lon="24.3372270">
    <ele>1147.0</ele>
   </trkpt>
   <trkpt lat="-29.6081090" lon="24.3373040">
    <ele>1146.8</ele>
   </trkpt>
   <trkpt lat="-29.6082500" lon="24.3373790">
    <ele>1146.6</ele>
   </trkpt>
   <trkpt lat="-29.6083870" lon="24.3374540">
    <ele>1146.4</ele>
   </trkpt>
   <trkpt lat="-29.6085240" lon="24.3375300">
    <ele>1146.2</ele>
   </trkpt>
   <trkpt lat="-29.6086590" lon="24.3376040">
    <ele>1146.1</ele>
   </trkpt>
   <trkpt lat="-29.6087900" lon="24.3376760">
    <ele>1145.9</ele>
   </trkpt>
   <trkpt lat="-29.6089190" lon="24.3377430">
    <ele>1145.7</ele>
   </trkpt>
   <trkpt lat="-29.6090450" lon="24.3378090">
    <ele>1145.6</ele>
   </trkpt>
   <trkpt lat="-29.6091700" lon="24.3378730">
    <ele>1145.4</ele>
   </trkpt>
   <trkpt lat="-29.6092990" lon="24.3379410">
    <ele>1145.3</ele>
   </trkpt>
   <trkpt lat="-29.6094310" lon="24.3380140">
    <ele>1145.1</ele>
   </trkpt>
   <trkpt lat="-29.6095620" lon="24.3380870">
    <ele>1144.9</ele>
   </trkpt>
   <trkpt lat="-29.6096890" lon="24.3381590">
    <ele>1144.8</ele>
   </trkpt>
   <trkpt lat="-29.6098150" lon="24.3382280">
    <ele>1144.6</ele>
   </trkpt>
   <trkpt lat="-29.6099340" lon="24.3382950">
    <ele>1144.4</ele>
   </trkpt>
   <trkpt lat="-29.6100540" lon="24.3383620">
    <ele>1144.3</ele>
   </trkpt>
   <trkpt lat="-29.6101660" lon="24.3384210">
    <ele>1144.1</ele>
   </trkpt>
   <trkpt lat="-29.6102810" lon="24.3384860">
    <ele>1144.0</ele>
   </trkpt>
   <trkpt lat="-29.6103950" lon="24.3385500">
    <ele>1143.8</ele>
   </trkpt>
   <trkpt lat="-29.6105130" lon="24.3386150">
    <ele>1143.6</ele>
   </trkpt>
   <trkpt lat="-29.6106320" lon="24.3386840">
    <ele>1143.4</ele>
   </trkpt>
   <trkpt lat="-29.6107490" lon="24.3387590">
    <ele>1143.2</ele>
   </trkpt>
   <trkpt lat="-29.6108650" lon="24.3388400">
    <ele>1142.9</ele>
   </trkpt>
   <trkpt lat="-29.6109830" lon="24.3389260">
    <ele>1142.7</ele>
   </trkpt>
   <trkpt lat="-29.6111020" lon="24.3390110">
    <ele>1142.5</ele>
   </trkpt>
   <trkpt lat="-29.6112220" lon="24.3390930">
    <ele>1142.2</ele>
   </trkpt>
   <trkpt lat="-29.6113420" lon="24.3391770">
    <ele>1142.0</ele>
   </trkpt>
   <trkpt lat="-29.6114610" lon="24.3392590">
    <ele>1141.7</ele>
   </trkpt>
   <trkpt lat="-29.6115790" lon="24.3393420">
    <ele>1141.5</ele>
   </trkpt>
   <trkpt lat="-29.6116960" lon="24.3394210">
    <ele>1141.3</ele>
   </trkpt>
   <trkpt lat="-29.6118120" lon="24.3395030">
    <ele>1141.1</ele>
   </trkpt>
   <trkpt lat="-29.6119260" lon="24.3395810">
    <ele>1140.8</ele>
   </trkpt>
   <trkpt lat="-29.6120360" lon="24.3396570">
    <ele>1140.6</ele>
   </trkpt>
   <trkpt lat="-29.6121460" lon="24.3397360">
    <ele>1140.4</ele>
   </trkpt>
   <trkpt lat="-29.6122590" lon="24.3398110">
    <ele>1140.2</ele>
   </trkpt>
   <trkpt lat="-29.6123750" lon="24.3398870">
    <ele>1139.9</ele>
   </trkpt>
   <trkpt lat="-29.6124920" lon="24.3399660">
    <ele>1139.7</ele>
   </trkpt>
   <trkpt lat="-29.6126060" lon="24.3400480">
    <ele>1139.5</ele>
   </trkpt>
   <trkpt lat="-29.6127210" lon="24.3401310">
    <ele>1139.3</ele>
   </trkpt>
   <trkpt lat="-29.6128320" lon="24.3402190">
    <ele>1139.0</ele>
   </trkpt>
   <trkpt lat="-29.6129510" lon="24.3402890">
    <ele>1138.8</ele>
   </trkpt>
   <trkpt lat="-29.6130590" lon="24.3403670">
    <ele>1138.6</ele>
   </trkpt>
   <trkpt lat="-29.6131660" lon="24.3404440">
    <ele>1138.4</ele>
   </trkpt>
   <trkpt lat="-29.6132730" lon="24.3405250">
    <ele>1138.2</ele>
   </trkpt>
   <trkpt lat="-29.6133820" lon="24.3406050">
    <ele>1137.9</ele>
   </trkpt>
   <trkpt lat="-29.6134940" lon="24.3406850">
    <ele>1137.7</ele>
   </trkpt>
   <trkpt lat="-29.6136090" lon="24.3407650">
    <ele>1137.5</ele>
   </trkpt>
   <trkpt lat="-29.6137230" lon="24.3408460">
    <ele>1137.3</ele>
   </trkpt>
   <trkpt lat="-29.6138380" lon="24.3409210">
    <ele>1137.0</ele>
   </trkpt>
   <trkpt lat="-29.6139510" lon="24.3409940">
    <ele>1136.8</ele>
   </trkpt>
   <trkpt lat="-29.6140630" lon="24.3410700">
    <ele>1136.6</ele>
   </trkpt>
   <trkpt lat="-29.6141740" lon="24.3411440">
    <ele>1136.4</ele>
   </trkpt>
   <trkpt lat="-29.6142820" lon="24.3412190">
    <ele>1136.2</ele>
   </trkpt>
   <trkpt lat="-29.6143900" lon="24.3412960">
    <ele>1135.9</ele>
   </trkpt>
   <trkpt lat="-29.6144990" lon="24.3413750">
    <ele>1135.7</ele>
   </trkpt>
   <trkpt lat="-29.6146090" lon="24.3414550">
    <ele>1135.5</ele>
   </trkpt>
   <trkpt lat="-29.6147140" lon="24.3415350">
    <ele>1135.3</ele>
   </trkpt>
   <trkpt lat="-29.6148270" lon="24.3416140">
    <ele>1135.1</ele>
   </trkpt>
   <trkpt lat="-29.6149380" lon="24.3416930">
    <ele>1134.8</ele>
   </trkpt>
   <trkpt lat="-29.6150470" lon="24.3417710">
    <ele>1134.6</ele>
   </trkpt>
   <trkpt lat="-29.6151580" lon="24.3418470">
    <ele>1134.4</ele>
   </trkpt>
   <trkpt lat="-29.6152690" lon="24.3419260">
    <ele>1134.2</ele>
   </trkpt>
   <trkpt lat="-29.6153820" lon="24.3420030">
    <ele>1134.0</ele>
   </trkpt>
   <trkpt lat="-29.6154940" lon="24.3420750">
    <ele>1133.7</ele>
   </trkpt>
   <trkpt lat="-29.6156030" lon="24.3421540">
    <ele>1133.5</ele>
   </trkpt>
   <trkpt lat="-29.6157100" lon="24.3422320">
    <ele>1133.3</ele>
   </trkpt>
   <trkpt lat="-29.6158140" lon="24.3423000">
    <ele>1133.1</ele>
   </trkpt>
   <trkpt lat="-29.6159040" lon="24.3423740">
    <ele>1132.9</ele>
   </trkpt>
   <trkpt lat="-29.6159890" lon="24.3424460">
    <ele>1132.7</ele>
   </trkpt>
   <trkpt lat="-29.6160740" lon="24.3425160">
    <ele>1132.6</ele>
   </trkpt>
   <trkpt lat="-29.6161620" lon="24.3425810">
    <ele>1132.4</ele>
   </trkpt>
   <trkpt lat="-29.6162500" lon="24.3426400">
    <ele>1132.2</ele>
   </trkpt>
   <trkpt lat="-29.6163460" lon="24.3426980">
    <ele>1132.0</ele>
   </trkpt>
   <trkpt lat="-29.6164460" lon="24.3427580">
    <ele>1131.8</ele>
   </trkpt>
   <trkpt lat="-29.6165480" lon="24.3428240">
    <ele>1131.6</ele>
   </trkpt>
   <trkpt lat="-29.6166520" lon="24.3428950">
    <ele>1131.4</ele>
   </trkpt>
   <trkpt lat="-29.6167580" lon="24.3429680">
    <ele>1131.2</ele>
   </trkpt>
   <trkpt lat="-29.6168670" lon="24.3430460">
    <ele>1131.0</ele>
   </trkpt>
   <trkpt lat="-29.6169770" lon="24.3431270">
    <ele>1130.8</ele>
   </trkpt>
   <trkpt lat="-29.6170860" lon="24.3432050">
    <ele>1130.6</ele>
   </trkpt>
   <trkpt lat="-29.6171940" lon="24.3432810">
    <ele>1130.4</ele>
   </trkpt>
   <trkpt lat="-29.6173030" lon="24.3433600">
    <ele>1130.1</ele>
   </trkpt>
   <trkpt lat="-29.6174130" lon="24.3434390">
    <ele>1129.9</ele>
   </trkpt>
   <trkpt lat="-29.6175260" lon="24.3435170">
    <ele>1129.7</ele>
   </trkpt>
   <trkpt lat="-29.6176420" lon="24.3435950">
    <ele>1129.5</ele>
   </trkpt>
   <trkpt lat="-29.6177530" lon="24.3436720">
    <ele>1129.3</ele>
   </trkpt>
   <trkpt lat="-29.6178660" lon="24.3437420">
    <ele>1129.0</ele>
   </trkpt>
   <trkpt lat="-29.6179750" lon="24.3438140">
    <ele>1128.9</ele>
   </trkpt>
   <trkpt lat="-29.6180810" lon="24.3438880">
    <ele>1128.7</ele>
   </trkpt>
   <trkpt lat="-29.6181830" lon="24.3439600">
    <ele>1128.6</ele>
   </trkpt>
   <trkpt lat="-29.6182820" lon="24.3440270">
    <ele>1128.5</ele>
   </trkpt>
   <trkpt lat="-29.6183790" lon="24.3440920">
    <ele>1128.3</ele>
   </trkpt>
   <trkpt lat="-29.6184770" lon="24.3441550">
    <ele>1128.2</ele>
   </trkpt>
   <trkpt lat="-29.6185770" lon="24.3442210">
    <ele>1128.1</ele>
   </trkpt>
   <trkpt lat="-29.6186790" lon="24.3442930">
    <ele>1127.9</ele>
   </trkpt>
   <trkpt lat="-29.6187810" lon="24.3443650">
    <ele>1127.8</ele>
   </trkpt>
   <trkpt lat="-29.6188880" lon="24.3444420">
    <ele>1127.7</ele>
   </trkpt>
   <trkpt lat="-29.6189920" lon="24.3445240">
    <ele>1127.5</ele>
   </trkpt>
   <trkpt lat="-29.6190980" lon="24.3446070">
    <ele>1127.4</ele>
   </trkpt>
   <trkpt lat="-29.6192020" lon="24.3446890">
    <ele>1127.2</ele>
   </trkpt>
   <trkpt lat="-29.6193040" lon="24.3447780">
    <ele>1127.1</ele>
   </trkpt>
   <trkpt lat="-29.6194060" lon="24.3448730">
    <ele>1126.9</ele>
   </trkpt>
   <trkpt lat="-29.6195070" lon="24.3449720">
    <ele>1126.8</ele>
   </trkpt>
   <trkpt lat="-29.6196040" lon="24.3450790">
    <ele>1126.6</ele>
   </trkpt>
   <trkpt lat="-29.6197010" lon="24.3451930">
    <ele>1126.5</ele>
   </trkpt>
   <trkpt lat="-29.6197960" lon="24.3453090">
    <ele>1126.3</ele>
   </trkpt>
   <trkpt lat="-29.6198800" lon="24.3454300">
    <ele>1126.2</ele>
   </trkpt>
   <trkpt lat="-29.6199660" lon="24.3455520">
    <ele>1126.0</ele>
   </trkpt>
   <trkpt lat="-29.6200470" lon="24.3456770">
    <ele>1125.9</ele>
   </trkpt>
   <trkpt lat="-29.6201310" lon="24.3458080">
    <ele>1125.7</ele>
   </trkpt>
   <trkpt lat="-29.6202030" lon="24.3459480">
    <ele>1125.5</ele>
   </trkpt>
   <trkpt lat="-29.6202770" lon="24.3460850">
    <ele>1125.4</ele>
   </trkpt>
   <trkpt lat="-29.6203510" lon="24.3462190">
    <ele>1125.2</ele>
   </trkpt>
   <trkpt lat="-29.6204210" lon="24.3463560">
    <ele>1125.1</ele>
   </trkpt>
   <trkpt lat="-29.6204890" lon="24.3464950">
    <ele>1124.9</ele>
   </trkpt>
   <trkpt lat="-29.6205610" lon="24.3466330">
    <ele>1124.7</ele>
   </trkpt>
   <trkpt lat="-29.6206350" lon="24.3467750">
    <ele>1124.6</ele>
   </trkpt>
   <trkpt lat="-29.6207070" lon="24.3469190">
    <ele>1124.4</ele>
   </trkpt>
   <trkpt lat="-29.6207790" lon="24.3470590">
    <ele>1124.2</ele>
   </trkpt>
   <trkpt lat="-29.6208620" lon="24.3471820">
    <ele>1124.1</ele>
   </trkpt>
   <trkpt lat="-29.6209240" lon="24.3473400">
    <ele>1123.9</ele>
   </trkpt>
   <trkpt lat="-29.6210010" lon="24.3474770">
    <ele>1123.8</ele>
   </trkpt>
   <trkpt lat="-29.6210780" lon="24.3476160">
    <ele>1123.6</ele>
   </trkpt>
   <trkpt lat="-29.6211530" lon="24.3477540">
    <ele>1123.4</ele>
   </trkpt>
   <trkpt lat="-29.6212290" lon="24.3478930">
    <ele>1123.3</ele>
   </trkpt>
   <trkpt lat="-29.6213040" lon="24.3480290">
    <ele>1123.1</ele>
   </trkpt>
   <trkpt lat="-29.6213790" lon="24.3481650">
    <ele>1122.9</ele>
   </trkpt>
   <trkpt lat="-29.6214540" lon="24.3482990">
    <ele>1122.8</ele>
   </trkpt>
   <trkpt lat="-29.6215390" lon="24.3484180">
    <ele>1122.6</ele>
   </trkpt>
   <trkpt lat="-29.6216090" lon="24.3485500">
    <ele>1122.5</ele>
   </trkpt>
   <trkpt lat="-29.6216740" lon="24.3486780">
    <ele>1122.3</ele>
   </trkpt>
   <trkpt lat="-29.6217350" lon="24.3488080">
    <ele>1122.2</ele>
   </trkpt>
   <trkpt lat="-29.6217920" lon="24.3489320">
    <ele>1122.1</ele>
   </trkpt>
   <trkpt lat="-29.6218450" lon="24.3490530">
    <ele>1121.9</ele>
   </trkpt>
   <trkpt lat="-29.6218970" lon="24.3491700">
    <ele>1121.8</ele>
   </trkpt>
   <trkpt lat="-29.6219550" lon="24.3492850">
    <ele>1121.7</ele>
   </trkpt>
   <trkpt lat="-29.6220170" lon="24.3494010">
    <ele>1121.5</ele>
   </trkpt>
   <trkpt lat="-29.6220720" lon="24.3495190">
    <ele>1121.4</ele>
   </trkpt>
   <trkpt lat="-29.6221280" lon="24.3496300">
    <ele>1121.3</ele>
   </trkpt>
   <trkpt lat="-29.6221920" lon="24.3497380">
    <ele>1121.1</ele>
   </trkpt>
   <trkpt lat="-29.6222620" lon="24.3498440">
    <ele>1121.0</ele>
   </trkpt>
   <trkpt lat="-29.6223270" lon="24.3499550">
    <ele>1120.9</ele>
   </trkpt>
   <trkpt lat="-29.6223870" lon="24.3500710">
    <ele>1120.7</ele>
   </trkpt>
   <trkpt lat="-29.6224380" lon="24.3501840">
    <ele>1120.6</ele>
   </trkpt>
   <trkpt lat="-29.6224870" lon="24.3502950">
    <ele>1120.5</ele>
   </trkpt>
   <trkpt lat="-29.6225390" lon="24.3503990">
    <ele>1120.4</ele>
   </trkpt>
   <trkpt lat="-29.6225970" lon="24.3504950">
    <ele>1120.2</ele>
   </trkpt>
   <trkpt lat="-29.6226600" lon="24.3505890">
    <ele>1120.1</ele>
   </trkpt>
   <trkpt lat="-29.6227150" lon="24.3506740">
    <ele>1120.0</ele>
   </trkpt>
   <trkpt lat="-29.6227600" lon="24.3507610">
    <ele>1119.9</ele>
   </trkpt>
   <trkpt lat="-29.6227990" lon="24.3508510">
    <ele>1119.8</ele>
   </trkpt>
   <trkpt lat="-29.6228410" lon="24.3509380">
    <ele>1119.7</ele>
   </trkpt>
   <trkpt lat="-29.6228890" lon="24.3510280">
    <ele>1119.6</ele>
   </trkpt>
   <trkpt lat="-29.6229390" lon="24.3511220">
    <ele>1119.5</ele>
   </trkpt>
   <trkpt lat="-29.6229780" lon="24.3512190">
    <ele>1119.4</ele>
   </trkpt>
   <trkpt lat="-29.6230230" lon="24.3513120">
    <ele>1119.3</ele>
   </trkpt>
   <trkpt lat="-29.6230710" lon="24.3514140">
    <ele>1119.2</ele>
   </trkpt>
   <trkpt lat="-29.6231220" lon="24.3515180">
    <ele>1119.1</ele>
   </trkpt>
   <trkpt lat="-29.6231780" lon="24.3516170">
    <ele>1119.0</ele>
   </trkpt>
   <trkpt lat="-29.6232390" lon="24.3517040">
    <ele>1118.9</ele>
   </trkpt>
   <trkpt lat="-29.6233020" lon="24.3517770">
    <ele>1118.8</ele>
   </trkpt>
   <trkpt lat="-29.6233470" lon="24.3518700">
    <ele>1118.8</ele>
   </trkpt>
   <trkpt lat="-29.6233890" lon="24.3519720">
    <ele>1118.7</ele>
   </trkpt>
   <trkpt lat="-29.6234380" lon="24.3520750">
    <ele>1118.6</ele>
   </trkpt>
   <trkpt lat="-29.6234890" lon="24.3521870">
    <ele>1118.6</ele>
   </trkpt>
   <trkpt lat="-29.6235460" lon="24.3523050">
    <ele>1118.5</ele>
   </trkpt>
   <trkpt lat="-29.6236080" lon="24.3524280">
    <ele>1118.4</ele>
   </trkpt>
   <trkpt lat="-29.6236740" lon="24.3525540">
    <ele>1118.3</ele>
   </trkpt>
   <trkpt lat="-29.6237420" lon="24.3526810">
    <ele>1118.2</ele>
   </trkpt>
   <trkpt lat="-29.6238120" lon="24.3528110">
    <ele>1118.1</ele>
   </trkpt>
   <trkpt lat="-29.6238840" lon="24.3529380">
    <ele>1118.0</ele>
   </trkpt>
   <trkpt lat="-29.6239510" lon="24.3530680">
    <ele>1118.0</ele>
   </trkpt>
   <trkpt lat="-29.6240140" lon="24.3531940">
    <ele>1117.9</ele>
   </trkpt>
   <trkpt lat="-29.6240750" lon="24.3533290">
    <ele>1117.8</ele>
   </trkpt>
   <trkpt lat="-29.6241390" lon="24.3534600">
    <ele>1117.7</ele>
   </trkpt>
   <trkpt lat="-29.6242090" lon="24.3535900">
    <ele>1117.6</ele>
   </trkpt>
   <trkpt lat="-29.6242850" lon="24.3537280">
    <ele>1117.5</ele>
   </trkpt>
   <trkpt lat="-29.6243590" lon="24.3538710">
    <ele>1117.4</ele>
   </trkpt>
   <trkpt lat="-29.6244340" lon="24.3540100">
    <ele>1117.3</ele>
   </trkpt>
   <trkpt lat="-29.6245100" lon="24.3541440">
    <ele>1117.2</ele>
   </trkpt>
   <trkpt lat="-29.6245810" lon="24.3542900">
    <ele>1117.1</ele>
   </trkpt>
   <trkpt lat="-29.6246500" lon="24.3544270">
    <ele>1117.0</ele>
   </trkpt>
   <trkpt lat="-29.6247170" lon="24.3545620">
    <ele>1116.9</ele>
   </trkpt>
   <trkpt lat="-29.6247800" lon="24.3546940">
    <ele>1116.8</ele>
   </trkpt>
   <trkpt lat="-29.6248420" lon="24.3548170">
    <ele>1116.7</ele>
   </trkpt>
   <trkpt lat="-29.6249050" lon="24.3549380">
    <ele>1116.7</ele>
   </trkpt>
   <trkpt lat="-29.6249660" lon="24.3550570">
    <ele>1116.6</ele>
   </trkpt>
   <trkpt lat="-29.6250230" lon="24.3551760">
    <ele>1116.5</ele>
   </trkpt>
   <trkpt lat="-29.6250900" lon="24.3552840">
    <ele>1116.4</ele>
   </trkpt>
   <trkpt lat="-29.6251580" lon="24.3554040">
    <ele>1116.3</ele>
   </trkpt>
   <trkpt lat="-29.6252220" lon="24.3555320">
    <ele>1116.2</ele>
   </trkpt>
   <trkpt lat="-29.6252900" lon="24.3556610">
    <ele>1116.2</ele>
   </trkpt>
   <trkpt lat="-29.6253570" lon="24.3557930">
    <ele>1116.1</ele>
   </trkpt>
   <trkpt lat="-29.6254260" lon="24.3559270">
    <ele>1116.0</ele>
   </trkpt>
   <trkpt lat="-29.6254980" lon="24.3560690">
    <ele>1115.9</ele>
   </trkpt>
   <trkpt lat="-29.6255660" lon="24.3562030">
    <ele>1115.8</ele>
   </trkpt>
   <trkpt lat="-29.6256370" lon="24.3563360">
    <ele>1115.7</ele>
   </trkpt>
   <trkpt lat="-29.6257030" lon="24.3564650">
    <ele>1115.6</ele>
   </trkpt>
   <trkpt lat="-29.6257700" lon="24.3565960">
    <ele>1115.5</ele>
   </trkpt>
   <trkpt lat="-29.6258430" lon="24.3567230">
    <ele>1115.4</ele>
   </trkpt>
   <trkpt lat="-29.6259170" lon="24.3568450">
    <ele>1115.3</ele>
   </trkpt>
   <trkpt lat="-29.6259900" lon="24.3569730">
    <ele>1115.2</ele>
   </trkpt>
   <trkpt lat="-29.6260590" lon="24.3570960">
    <ele>1115.2</ele>
   </trkpt>
   <trkpt lat="-29.6261250" lon="24.3572300">
    <ele>1115.1</ele>
   </trkpt>
   <trkpt lat="-29.6261930" lon="24.3573670">
    <ele>1115.0</ele>
   </trkpt>
   <trkpt lat="-29.6262600" lon="24.3575070">
    <ele>1114.9</ele>
   </trkpt>
   <trkpt lat="-29.6263260" lon="24.3576500">
    <ele>1114.8</ele>
   </trkpt>
   <trkpt lat="-29.6263950" lon="24.3577930">
    <ele>1114.7</ele>
   </trkpt>
   <trkpt lat="-29.6264660" lon="24.3579390">
    <ele>1114.6</ele>
   </trkpt>
   <trkpt lat="-29.6265420" lon="24.3580820">
    <ele>1114.5</ele>
   </trkpt>
   <trkpt lat="-29.6266200" lon="24.3582260">
    <ele>1114.4</ele>
   </trkpt>
   <trkpt lat="-29.6266980" lon="24.3583740">
    <ele>1114.3</ele>
   </trkpt>
   <trkpt lat="-29.6267750" lon="24.3585220">
    <ele>1114.2</ele>
   </trkpt>
   <trkpt lat="-29.6268520" lon="24.3586710">
    <ele>1114.1</ele>
   </trkpt>
   <trkpt lat="-29.6269260" lon="24.3588180">
    <ele>1114.0</ele>
   </trkpt>
   <trkpt lat="-29.6270000" lon="24.3589620">
    <ele>1113.9</ele>
   </trkpt>
   <trkpt lat="-29.6270730" lon="24.3591060">
    <ele>1113.8</ele>
   </trkpt>
   <trkpt lat="-29.6271460" lon="24.3592540">
    <ele>1113.7</ele>
   </trkpt>
   <trkpt lat="-29.6272220" lon="24.3593970">
    <ele>1113.6</ele>
   </trkpt>
   <trkpt lat="-29.6272970" lon="24.3595410">
    <ele>1113.5</ele>
   </trkpt>
   <trkpt lat="-29.6273740" lon="24.3596920">
    <ele>1113.4</ele>
   </trkpt>
   <trkpt lat="-29.6274570" lon="24.3598470">
    <ele>1113.3</ele>
   </trkpt>
   <trkpt lat="-29.6275410" lon="24.3600060">
    <ele>1113.1</ele>
   </trkpt>
   <trkpt lat="-29.6276190" lon="24.3601660">
    <ele>1113.0</ele>
   </trkpt>
   <trkpt lat="-29.6276890" lon="24.3603210">
    <ele>1113.1</ele>
   </trkpt>
   <trkpt lat="-29.6277550" lon="24.3604700">
    <ele>1113.1</ele>
   </trkpt>
   <trkpt lat="-29.6278290" lon="24.3606130">
    <ele>1113.2</ele>
   </trkpt>
   <trkpt lat="-29.6279100" lon="24.3607520">
    <ele>1113.2</ele>
   </trkpt>
   <trkpt lat="-29.6279890" lon="24.3608960">
    <ele>1113.3</ele>
   </trkpt>
   <trkpt lat="-29.6280690" lon="24.3610420">
    <ele>1113.3</ele>
   </trkpt>
   <trkpt lat="-29.6281560" lon="24.3611880">
    <ele>1113.4</ele>
   </trkpt>
   <trkpt lat="-29.6282480" lon="24.3613310">
    <ele>1113.5</ele>
   </trkpt>
   <trkpt lat="-29.6283490" lon="24.3614670">
    <ele>1113.5</ele>
   </trkpt>
   <trkpt lat="-29.6284500" lon="24.3615970">
    <ele>1113.6</ele>
   </trkpt>
   <trkpt lat="-29.6285660" lon="24.3617100">
    <ele>1113.6</ele>
   </trkpt>
   <trkpt lat="-29.6286930" lon="24.3618050">
    <ele>1113.7</ele>
   </trkpt>
   <trkpt lat="-29.6288250" lon="24.3619040">
    <ele>1113.8</ele>
   </trkpt>
   <trkpt lat="-29.6289610" lon="24.3620010">
    <ele>1113.8</ele>
   </trkpt>
   <trkpt lat="-29.6291060" lon="24.3620760">
    <ele>1113.9</ele>
   </trkpt>
   <trkpt lat="-29.6292560" lon="24.3621350">
    <ele>1113.9</ele>
   </trkpt>
   <trkpt lat="-29.6294020" lon="24.3621850">
    <ele>1114.0</ele>
   </trkpt>
   <trkpt lat="-29.6295460" lon="24.3622290">
    <ele>1114.1</ele>
   </trkpt>
   <trkpt lat="-29.6296850" lon="24.3622700">
    <ele>1114.1</ele>
   </trkpt>
   <trkpt lat="-29.6298240" lon="24.3623090">
    <ele>1114.2</ele>
   </trkpt>
   <trkpt lat="-29.6299660" lon="24.3623460">
    <ele>1114.2</ele>
   </trkpt>
   <trkpt lat="-29.6301110" lon="24.3623810">
    <ele>1114.3</ele>
   </trkpt>
   <trkpt lat="-29.6302560" lon="24.3624150">
    <ele>1114.3</ele>
   </trkpt>
   <trkpt lat="-29.6303970" lon="24.3624450">
    <ele>1114.4</ele>
   </trkpt>
   <trkpt lat="-29.6305270" lon="24.3624700">
    <ele>1114.4</ele>
   </trkpt>
   <trkpt lat="-29.6306470" lon="24.3624950">
    <ele>1114.5</ele>
   </trkpt>
   <trkpt lat="-29.6307610" lon="24.3625270">
    <ele>1114.5</ele>
   </trkpt>
   <trkpt lat="-29.6308740" lon="24.3625580">
    <ele>1114.6</ele>
   </trkpt>
   <trkpt lat="-29.6309850" lon="24.3625880">
    <ele>1114.6</ele>
   </trkpt>
   <trkpt lat="-29.6310930" lon="24.3626170">
    <ele>1114.7</ele>
   </trkpt>
   <trkpt lat="-29.6311970" lon="24.3626400">
    <ele>1114.7</ele>
   </trkpt>
   <trkpt lat="-29.6312930" lon="24.3626590">
    <ele>1114.7</ele>
   </trkpt>
   <trkpt lat="-29.6313860" lon="24.3626770">
    <ele>1114.8</ele>
   </trkpt>
   <trkpt lat="-29.6314780" lon="24.3626940">
    <ele>1114.8</ele>
   </trkpt>
   <trkpt lat="-29.6315710" lon="24.3627120">
    <ele>1114.9</ele>
   </trkpt>
   <trkpt lat="-29.6316700" lon="24.3627350">
    <ele>1114.9</ele>
   </trkpt>
   <trkpt lat="-29.6317680" lon="24.3627580">
    <ele>1114.9</ele>
   </trkpt>
   <trkpt lat="-29.6318600" lon="24.3627760">
    <ele>1115.0</ele>
   </trkpt>
   <trkpt lat="-29.6319540" lon="24.3627920">
    <ele>1115.0</ele>
   </trkpt>
   <trkpt lat="-29.6320550" lon="24.3628070">
    <ele>1115.2</ele>
   </trkpt>
   <trkpt lat="-29.6321580" lon="24.3628220">
    <ele>1115.3</ele>
   </trkpt>
   <trkpt lat="-29.6322680" lon="24.3628400">
    <ele>1115.4</ele>
   </trkpt>
   <trkpt lat="-29.6323860" lon="24.3628570">
    <ele>1115.6</ele>
   </trkpt>
   <trkpt lat="-29.6325120" lon="24.3628670">
    <ele>1115.8</ele>
   </trkpt>
   <trkpt lat="-29.6326430" lon="24.3628740">
    <ele>1115.9</ele>
   </trkpt>
   <trkpt lat="-29.6327820" lon="24.3628790">
    <ele>1116.1</ele>
   </trkpt>
   <trkpt lat="-29.6329250" lon="24.3628720">
    <ele>1116.3</ele>
   </trkpt>
   <trkpt lat="-29.6330750" lon="24.3628630">
    <ele>1116.5</ele>
   </trkpt>
   <trkpt lat="-29.6332300" lon="24.3628510">
    <ele>1116.7</ele>
   </trkpt>
   <trkpt lat="-29.6333920" lon="24.3628330">
    <ele>1116.9</ele>
   </trkpt>
   <trkpt lat="-29.6335560" lon="24.3628130">
    <ele>1117.1</ele>
   </trkpt>
   <trkpt lat="-29.6337230" lon="24.3627890">
    <ele>1117.3</ele>
   </trkpt>
   <trkpt lat="-29.6338880" lon="24.3627610">
    <ele>1117.5</ele>
   </trkpt>
   <trkpt lat="-29.6340530" lon="24.3627290">
    <ele>1117.7</ele>
   </trkpt>
   <trkpt lat="-29.6342150" lon="24.3626910">
    <ele>1117.9</ele>
   </trkpt>
   <trkpt lat="-29.6343720" lon="24.3626460">
    <ele>1117.7</ele>
   </trkpt>
   <trkpt lat="-29.6345230" lon="24.3625980">
    <ele>1117.4</ele>
   </trkpt>
   <trkpt lat="-29.6346660" lon="24.3625520">
    <ele>1117.0</ele>
   </trkpt>
   <trkpt lat="-29.6348040" lon="24.3625070">
    <ele>1116.7</ele>
   </trkpt>
   <trkpt lat="-29.6349360" lon="24.3624680">
    <ele>1116.4</ele>
   </trkpt>
   <trkpt lat="-29.6350550" lon="24.3624310">
    <ele>1116.2</ele>
   </trkpt>
   <trkpt lat="-29.6351710" lon="24.3623870">
    <ele>1115.9</ele>
   </trkpt>
   <trkpt lat="-29.6352840" lon="24.3623320">
    <ele>1115.7</ele>
   </trkpt>
   <trkpt lat="-29.6354020" lon="24.3622870">
    <ele>1115.4</ele>
   </trkpt>
   <trkpt lat="-29.6355200" lon="24.3622420">
    <ele>1115.1</ele>
   </trkpt>
   <trkpt lat="-29.6356430" lon="24.3621940">
    <ele>1114.8</ele>
   </trkpt>
   <trkpt lat="-29.6357690" lon="24.3621410">
    <ele>1114.5</ele>
   </trkpt>
   <trkpt lat="-29.6359030" lon="24.3620920">
    <ele>1114.2</ele>
   </trkpt>
   <trkpt lat="-29.6360410" lon="24.3620410">
    <ele>1113.9</ele>
   </trkpt>
   <trkpt lat="-29.6361850" lon="24.3619920">
    <ele>1113.6</ele>
   </trkpt>
   <trkpt lat="-29.6363290" lon="24.3619390">
    <ele>1113.3</ele>
   </trkpt>
   <trkpt lat="-29.6364720" lon="24.3618890">
    <ele>1113.0</ele>
   </trkpt>
   <trkpt lat="-29.6366160" lon="24.3618380">
    <ele>1112.6</ele>
   </trkpt>
   <trkpt lat="-29.6367500" lon="24.3617860">
    <ele>1112.3</ele>
   </trkpt>
   <trkpt lat="-29.6368790" lon="24.3617370">
    <ele>1112.0</ele>
   </trkpt>
   <trkpt lat="-29.6370020" lon="24.3616950">
    <ele>1111.8</ele>
   </trkpt>
   <trkpt lat="-29.6371190" lon="24.3616490">
    <ele>1111.5</ele>
   </trkpt>
   <trkpt lat="-29.6372270" lon="24.3616120">
    <ele>1111.3</ele>
   </trkpt>
   <trkpt lat="-29.6373380" lon="24.3615720">
    <ele>1111.0</ele>
   </trkpt>
   <trkpt lat="-29.6374510" lon="24.3615220">
    <ele>1110.7</ele>
   </trkpt>
   <trkpt lat="-29.6375650" lon="24.3614720">
    <ele>1110.5</ele>
   </trkpt>
   <trkpt lat="-29.6376800" lon="24.3614230">
    <ele>1110.2</ele>
   </trkpt>
   <trkpt lat="-29.6378000" lon="24.3613740">
    <ele>1109.9</ele>
   </trkpt>
   <trkpt lat="-29.6379240" lon="24.3613250">
    <ele>1109.7</ele>
   </trkpt>
   <trkpt lat="-29.6380520" lon="24.3612760">
    <ele>1109.4</ele>
   </trkpt>
   <trkpt lat="-29.6381830" lon="24.3612270">
    <ele>1109.1</ele>
   </trkpt>
   <trkpt lat="-29.6383180" lon="24.3611790">
    <ele>1108.8</ele>
   </trkpt>
   <trkpt lat="-29.6384530" lon="24.3611300">
    <ele>1108.5</ele>
   </trkpt>
   <trkpt lat="-29.6385880" lon="24.3610810">
    <ele>1108.2</ele>
   </trkpt>
   <trkpt lat="-29.6387230" lon="24.3610320">
    <ele>1107.9</ele>
   </trkpt>
   <trkpt lat="-29.6388560" lon="24.3609790">
    <ele>1107.6</ele>
   </trkpt>
   <trkpt lat="-29.6389890" lon="24.3609270">
    <ele>1107.3</ele>
   </trkpt>
   <trkpt lat="-29.6391210" lon="24.3608750">
    <ele>1107.0</ele>
   </trkpt>
   <trkpt lat="-29.6392560" lon="24.3608230">
    <ele>1106.7</ele>
   </trkpt>
   <trkpt lat="-29.6393910" lon="24.3607700">
    <ele>1106.3</ele>
   </trkpt>
   <trkpt lat="-29.6395210" lon="24.3607200">
    <ele>1106.0</ele>
   </trkpt>
   <trkpt lat="-29.6396500" lon="24.3606710">
    <ele>1105.8</ele>
   </trkpt>
   <trkpt lat="-29.6397720" lon="24.3606240">
    <ele>1105.5</ele>
   </trkpt>
   <trkpt lat="-29.6398880" lon="24.3605780">
    <ele>1105.2</ele>
   </trkpt>
   <trkpt lat="-29.6400030" lon="24.3605370">
    <ele>1105.0</ele>
   </trkpt>
   <trkpt lat="-29.6401240" lon="24.3605000">
    <ele>1104.7</ele>
   </trkpt>
   <trkpt lat="-29.6402480" lon="24.3604690">
    <ele>1104.4</ele>
   </trkpt>
   <trkpt lat="-29.6403780" lon="24.3604410">
    <ele>1104.1</ele>
   </trkpt>
   <trkpt lat="-29.6405150" lon="24.3604140">
    <ele>1103.8</ele>
   </trkpt>
   <trkpt lat="-29.6406610" lon="24.3603930">
    <ele>1103.5</ele>
   </trkpt>
   <trkpt lat="-29.6408130" lon="24.3603780">
    <ele>1103.2</ele>
   </trkpt>
   <trkpt lat="-29.6409720" lon="24.3603710">
    <ele>1102.8</ele>
   </trkpt>
   <trkpt lat="-29.6411360" lon="24.3603710">
    <ele>1102.5</ele>
   </trkpt>
   <trkpt lat="-29.6412980" lon="24.3603800">
    <ele>1102.1</ele>
   </trkpt>
   <trkpt lat="-29.6414630" lon="24.3603920">
    <ele>1101.8</ele>
   </trkpt>
   <trkpt lat="-29.6416300" lon="24.3604080">
    <ele>1101.4</ele>
   </trkpt>
   <trkpt lat="-29.6417980" lon="24.3604230">
    <ele>1101.1</ele>
   </trkpt>
   <trkpt lat="-29.6419660" lon="24.3604410">
    <ele>1100.7</ele>
   </trkpt>
   <trkpt lat="-29.6421310" lon="24.3604620">
    <ele>1100.3</ele>
   </trkpt>
   <trkpt lat="-29.6422930" lon="24.3604850">
    <ele>1100.0</ele>
   </trkpt>
   <trkpt lat="-29.6424510" lon="24.3605020">
    <ele>1099.7</ele>
   </trkpt>
   <trkpt lat="-29.6425970" lon="24.3605230">
    <ele>1099.3</ele>
   </trkpt>
   <trkpt lat="-29.6427380" lon="24.3605420">
    <ele>1099.0</ele>
   </trkpt>
   <trkpt lat="-29.6428720" lon="24.3605630">
    <ele>1098.9</ele>
   </trkpt>
   <trkpt lat="-29.6430040" lon="24.3605940">
    <ele>1098.8</ele>
   </trkpt>
   <trkpt lat="-29.6431450" lon="24.3606240">
    <ele>1098.7</ele>
   </trkpt>
   <trkpt lat="-29.6432850" lon="24.3606520">
    <ele>1098.6</ele>
   </trkpt>
   <trkpt lat="-29.6434280" lon="24.3606810">
    <ele>1098.5</ele>
   </trkpt>
   <trkpt lat="-29.6435730" lon="24.3607020">
    <ele>1098.4</ele>
   </trkpt>
   <trkpt lat="-29.6437220" lon="24.3607130">
    <ele>1098.3</ele>
   </trkpt>
   <trkpt lat="-29.6438620" lon="24.3607210">
    <ele>1098.2</ele>
   </trkpt>
   <trkpt lat="-29.6439980" lon="24.3607340">
    <ele>1098.2</ele>
   </trkpt>
   <trkpt lat="-29.6441290" lon="24.3607490">
    <ele>1098.1</ele>
   </trkpt>
   <trkpt lat="-29.6442560" lon="24.3607670">
    <ele>1098.0</ele>
   </trkpt>
   <trkpt lat="-29.6443890" lon="24.3607880">
    <ele>1097.9</ele>
   </trkpt>
   <trkpt lat="-29.6445220" lon="24.3608110">
    <ele>1097.8</ele>
   </trkpt>
   <trkpt lat="-29.6446600" lon="24.3608320">
    <ele>1097.7</ele>
   </trkpt>
   <trkpt lat="-29.6447930" lon="24.3608490">
    <ele>1097.6</ele>
   </trkpt>
   <trkpt lat="-29.6449210" lon="24.3608700">
    <ele>1097.5</ele>
   </trkpt>
   <trkpt lat="-29.6450550" lon="24.3608990">
    <ele>1097.4</ele>
   </trkpt>
   <trkpt lat="-29.6451930" lon="24.3609280">
    <ele>1097.3</ele>
   </trkpt>
   <trkpt lat="-29.6453360" lon="24.3609540">
    <ele>1097.2</ele>
   </trkpt>
   <trkpt lat="-29.6454830" lon="24.3609750">
    <ele>1097.1</ele>
   </trkpt>
   <trkpt lat="-29.6456310" lon="24.3609950">
    <ele>1097.0</ele>
   </trkpt>
   <trkpt lat="-29.6457760" lon="24.3610170">
    <ele>1097.0</ele>
   </trkpt>
   <trkpt lat="-29.6459150" lon="24.3610390">
    <ele>1096.9</ele>
   </trkpt>
   <trkpt lat="-29.6460510" lon="24.3610580">
    <ele>1096.8</ele>
   </trkpt>
   <trkpt lat="-29.6461850" lon="24.3610780">
    <ele>1096.7</ele>
   </trkpt>
   <trkpt lat="-29.6463180" lon="24.3611010">
    <ele>1096.6</ele>
   </trkpt>
   <trkpt lat="-29.6464530" lon="24.3611270">
    <ele>1096.5</ele>
   </trkpt>
   <trkpt lat="-29.6465910" lon="24.3611490">
    <ele>1096.4</ele>
   </trkpt>
   <trkpt lat="-29.6467310" lon="24.3611690">
    <ele>1096.3</ele>
   </trkpt>
   <trkpt lat="-29.6468730" lon="24.3611890">
    <ele>1096.2</ele>
   </trkpt>
   <trkpt lat="-29.6470180" lon="24.3612070">
    <ele>1096.1</ele>
   </trkpt>
   <trkpt lat="-29.6471640" lon="24.3612290">
    <ele>1096.0</ele>
   </trkpt>
   <trkpt lat="-29.6473110" lon="24.3612520">
    <ele>1095.9</ele>
   </trkpt>
   <trkpt lat="-29.6474590" lon="24.3612730">
    <ele>1095.8</ele>
   </trkpt>
   <trkpt lat="-29.6476090" lon="24.3612980">
    <ele>1095.7</ele>
   </trkpt>
   <trkpt lat="-29.6477550" lon="24.3613230">
    <ele>1095.6</ele>
   </trkpt>
   <trkpt lat="-29.6478970" lon="24.3613460">
    <ele>1095.5</ele>
   </trkpt>
   <trkpt lat="-29.6480360" lon="24.3613700">
    <ele>1095.4</ele>
   </trkpt>
   <trkpt lat="-29.6481760" lon="24.3613910">
    <ele>1095.3</ele>
   </trkpt>
   <trkpt lat="-29.6483210" lon="24.3614080">
    <ele>1095.2</ele>
   </trkpt>
   <trkpt lat="-29.6484670" lon="24.3614260">
    <ele>1095.1</ele>
   </trkpt>
   <trkpt lat="-29.6486140" lon="24.3614450">
    <ele>1095.0</ele>
   </trkpt>
   <trkpt lat="-29.6487630" lon="24.3614670">
    <ele>1094.9</ele>
   </trkpt>
   <trkpt lat="-29.6489160" lon="24.3614900">
    <ele>1094.8</ele>
   </trkpt>
   <trkpt lat="-29.6490690" lon="24.3615130">
    <ele>1094.7</ele>
   </trkpt>
   <trkpt lat="-29.6492230" lon="24.3615360">
    <ele>1094.6</ele>
   </trkpt>
   <trkpt lat="-29.6493780" lon="24.3615610">
    <ele>1094.5</ele>
   </trkpt>
   <trkpt lat="-29.6495330" lon="24.3615800">
    <ele>1094.4</ele>
   </trkpt>
   <trkpt lat="-29.6496880" lon="24.3616020">
    <ele>1094.3</ele>
   </trkpt>
   <trkpt lat="-29.6498420" lon="24.3616260">
    <ele>1094.2</ele>
   </trkpt>
   <trkpt lat="-29.6500050" lon="24.3616480">
    <ele>1094.1</ele>
   </trkpt>
   <trkpt lat="-29.6501640" lon="24.3616730">
    <ele>1094.0</ele>
   </trkpt>
   <trkpt lat="-29.6503250" lon="24.3616970">
    <ele>1093.9</ele>
   </trkpt>
   <trkpt lat="-29.6504880" lon="24.3617200">
    <ele>1093.8</ele>
   </trkpt>
   <trkpt lat="-29.6506520" lon="24.3617440">
    <ele>1093.7</ele>
   </trkpt>
   <trkpt lat="-29.6508170" lon="24.3617680">
    <ele>1093.5</ele>
   </trkpt>
   <trkpt lat="-29.6509820" lon="24.3617890">
    <ele>1093.4</ele>
   </trkpt>
   <trkpt lat="-29.6511450" lon="24.3618090">
    <ele>1093.3</ele>
   </trkpt>
   <trkpt lat="-29.6512980" lon="24.3618300">
    <ele>1093.2</ele>
   </trkpt>
   <trkpt lat="-29.6514460" lon="24.3618520">
    <ele>1093.1</ele>
   </trkpt>
   <trkpt lat="-29.6515910" lon="24.3618700">
    <ele>1093.0</ele>
   </trkpt>
   <trkpt lat="-29.6517330" lon="24.3618930">
    <ele>1093.0</ele>
   </trkpt>
   <trkpt lat="-29.6518760" lon="24.3619170">
    <ele>1092.9</ele>
   </trkpt>
   <trkpt lat="-29.6520250" lon="24.3619400">
    <ele>1092.9</ele>
   </trkpt>
   <trkpt lat="-29.6521780" lon="24.3619670">
    <ele>1092.9</ele>
   </trkpt>
   <trkpt lat="-29.6523260" lon="24.3619990">
    <ele>1092.8</ele>
   </trkpt>
   <trkpt lat="-29.6524760" lon="24.3620280">
    <ele>1092.8</ele>
   </trkpt>
   <trkpt lat="-29.6526280" lon="24.3620510">
    <ele>1092.7</ele>
   </trkpt>
   <trkpt lat="-29.6527810" lon="24.3620740">
    <ele>1092.7</ele>
   </trkpt>
   <trkpt lat="-29.6529340" lon="24.3620990">
    <ele>1092.7</ele>
   </trkpt>
   <trkpt lat="-29.6530880" lon="24.3621240">
    <ele>1092.6</ele>
   </trkpt>
   <trkpt lat="-29.6532460" lon="24.3621420">
    <ele>1092.6</ele>
   </trkpt>
   <trkpt lat="-29.6534070" lon="24.3621700">
    <ele>1092.6</ele>
   </trkpt>
   <trkpt lat="-29.6535720" lon="24.3621920">
    <ele>1092.5</ele>
   </trkpt>
   <trkpt lat="-29.6537390" lon="24.3622150">
    <ele>1092.5</ele>
   </trkpt>
   <trkpt lat="-29.6539060" lon="24.3622410">
    <ele>1092.4</ele>
   </trkpt>
   <trkpt lat="-29.6540830" lon="24.3622670">
    <ele>1092.4</ele>
   </trkpt>
   <trkpt lat="-29.6542550" lon="24.3622880">
    <ele>1092.4</ele>
   </trkpt>
   <trkpt lat="-29.6544200" lon="24.3623100">
    <ele>1092.3</ele>
   </trkpt>
   <trkpt lat="-29.6545890" lon="24.3623380">
    <ele>1092.3</ele>
   </trkpt>
   <trkpt lat="-29.6547550" lon="24.3623620">
    <ele>1092.2</ele>
   </trkpt>
   <trkpt lat="-29.6549190" lon="24.3623860">
    <ele>1092.2</ele>
   </trkpt>
   <trkpt lat="-29.6550860" lon="24.3624080">
    <ele>1092.2</ele>
   </trkpt>
   <trkpt lat="-29.6552590" lon="24.3624270">
    <ele>1092.1</ele>
   </trkpt>
   <trkpt lat="-29.6554300" lon="24.3624480">
    <ele>1092.1</ele>
   </trkpt>
   <trkpt lat="-29.6556100" lon="24.3624790">
    <ele>1092.0</ele>
   </trkpt>
   <trkpt lat="-29.6557860" lon="24.3625120">
    <ele>1092.0</ele>
   </trkpt>
   <trkpt lat="-29.6559520" lon="24.3625460">
    <ele>1092.0</ele>
   </trkpt>
   <trkpt lat="-29.6561180" lon="24.3625790">
    <ele>1091.9</ele>
   </trkpt>
   <trkpt lat="-29.6562760" lon="24.3626140">
    <ele>1091.9</ele>
   </trkpt>
   <trkpt lat="-29.6564330" lon="24.3626480">
    <ele>1091.8</ele>
   </trkpt>
   <trkpt lat="-29.6565860" lon="24.3626870">
    <ele>1091.8</ele>
   </trkpt>
   <trkpt lat="-29.6567390" lon="24.3627230">
    <ele>1091.8</ele>
   </trkpt>
   <trkpt lat="-29.6568890" lon="24.3627610">
    <ele>1091.7</ele>
   </trkpt>
   <trkpt lat="-29.6570440" lon="24.3628040">
    <ele>1091.7</ele>
   </trkpt>
   <trkpt lat="-29.6572010" lon="24.3628460">
    <ele>1091.7</ele>
   </trkpt>
   <trkpt lat="-29.6573580" lon="24.3628890">
    <ele>1091.6</ele>
   </trkpt>
   <trkpt lat="-29.6575140" lon="24.3629240">
    <ele>1091.6</ele>
   </trkpt>
   <trkpt lat="-29.6576690" lon="24.3629720">
    <ele>1091.5</ele>
   </trkpt>
   <trkpt lat="-29.6578210" lon="24.3630170">
    <ele>1091.5</ele>
   </trkpt>
   <trkpt lat="-29.6579740" lon="24.3630590">
    <ele>1091.5</ele>
   </trkpt>
   <trkpt lat="-29.6581270" lon="24.3631010">
    <ele>1091.4</ele>
   </trkpt>
   <trkpt lat="-29.6582770" lon="24.3631400">
    <ele>1091.4</ele>
   </trkpt>
   <trkpt lat="-29.6584260" lon="24.3631830">
    <ele>1091.4</ele>
   </trkpt>
   <trkpt lat="-29.6585750" lon="24.3632250">
    <ele>1091.3</ele>
   </trkpt>
   <trkpt lat="-29.6587240" lon="24.3632690">
    <ele>1091.3</ele>
   </trkpt>
   <trkpt lat="-29.6588760" lon="24.3633120">
    <ele>1091.2</ele>
   </trkpt>
   <trkpt lat="-29.6590200" lon="24.3633530">
    <ele>1091.2</ele>
   </trkpt>
   <trkpt lat="-29.6591580" lon="24.3633910">
    <ele>1091.2</ele>
   </trkpt>
   <trkpt lat="-29.6592920" lon="24.3634290">
    <ele>1091.1</ele>
   </trkpt>
   <trkpt lat="-29.6594240" lon="24.3634730">
    <ele>1091.1</ele>
   </trkpt>
   <trkpt lat="-29.6595550" lon="24.3635150">
    <ele>1091.1</ele>
   </trkpt>
   <trkpt lat="-29.6596920" lon="24.3635560">
    <ele>1091.0</ele>
   </trkpt>
   <trkpt lat="-29.6599780" lon="24.3636340">
    <ele>1091.0</ele>
   </trkpt>
   <trkpt lat="-29.6601170" lon="24.3636710">
    <ele>1090.9</ele>
   </trkpt>
   <trkpt lat="-29.6603990" lon="24.3637540">
    <ele>1090.8</ele>
   </trkpt>
   <trkpt lat="-29.6605430" lon="24.3637940">
    <ele>1090.8</ele>
   </trkpt>
   <trkpt lat="-29.6606870" lon="24.3638340">
    <ele>1090.7</ele>
   </trkpt>
   <trkpt lat="-29.6608320" lon="24.3638780">
    <ele>1090.6</ele>
   </trkpt>
   <trkpt lat="-29.6609770" lon="24.3639210">
    <ele>1090.6</ele>
   </trkpt>
   <trkpt lat="-29.6611250" lon="24.3639630">
    <ele>1090.5</ele>
   </trkpt>
   <trkpt lat="-29.6614180" lon="24.3640490">
    <ele>1090.4</ele>
   </trkpt>
   <trkpt lat="-29.6615600" lon="24.3640960">
    <ele>1090.4</ele>
   </trkpt>
   <trkpt lat="-29.6617020" lon="24.3641430">
    <ele>1090.3</ele>
   </trkpt>
   <trkpt lat="-29.6618490" lon="24.3641840">
    <ele>1090.3</ele>
   </trkpt>
   <trkpt lat="-29.6619960" lon="24.3642280">
    <ele>1090.2</ele>
   </trkpt>
   <trkpt lat="-29.6621390" lon="24.3642690">
    <ele>1090.2</ele>
   </trkpt>
   <trkpt lat="-29.6622800" lon="24.3643080">
    <ele>1090.1</ele>
   </trkpt>
   <trkpt lat="-29.6624250" lon="24.3643400">
    <ele>1090.1</ele>
   </trkpt>
   <trkpt lat="-29.6625700" lon="24.3643750">
    <ele>1090.0</ele>
   </trkpt>
   <trkpt lat="-29.6627200" lon="24.3644140">
    <ele>1089.9</ele>
   </trkpt>
   <trkpt lat="-29.6628690" lon="24.3644520">
    <ele>1089.9</ele>
   </trkpt>
   <trkpt lat="-29.6630120" lon="24.3644850">
    <ele>1089.8</ele>
   </trkpt>
   <trkpt lat="-29.6631520" lon="24.3645140">
    <ele>1089.8</ele>
   </trkpt>
   <trkpt lat="-29.6632970" lon="24.3645380">
    <ele>1089.7</ele>
   </trkpt>
   <trkpt lat="-29.6634430" lon="24.3645530">
    <ele>1089.7</ele>
   </trkpt>
   <trkpt lat="-29.6635910" lon="24.3645640">
    <ele>1089.6</ele>
   </trkpt>
   <trkpt lat="-29.6637420" lon="24.3645790">
    <ele>1089.6</ele>
   </trkpt>
   <trkpt lat="-29.6638940" lon="24.3645870">
    <ele>1089.5</ele>
   </trkpt>
   <trkpt lat="-29.6640510" lon="24.3645940">
    <ele>1089.5</ele>
   </trkpt>
   <trkpt lat="-29.6642080" lon="24.3646000">
    <ele>1089.4</ele>
   </trkpt>
   <trkpt lat="-29.6643670" lon="24.3646030">
    <ele>1089.4</ele>
   </trkpt>
   <trkpt lat="-29.6645310" lon="24.3646060">
    <ele>1089.3</ele>
   </trkpt>
   <trkpt lat="-29.6646950" lon="24.3646120">
    <ele>1089.2</ele>
   </trkpt>
   <trkpt lat="-29.6648630" lon="24.3646270">
    <ele>1089.2</ele>
   </trkpt>
   <trkpt lat="-29.6650240" lon="24.3646310">
    <ele>1089.1</ele>
   </trkpt>
   <trkpt lat="-29.6651840" lon="24.3646340">
    <ele>1089.1</ele>
   </trkpt>
   <trkpt lat="-29.6653460" lon="24.3646380">
    <ele>1089.0</ele>
   </trkpt>
   <trkpt lat="-29.6655070" lon="24.3646420">
    <ele>1088.9</ele>
   </trkpt>
   <trkpt lat="-29.6656740" lon="24.3646480">
    <ele>1088.9</ele>
   </trkpt>
   <trkpt lat="-29.6658420" lon="24.3646540">
    <ele>1088.8</ele>
   </trkpt>
   <trkpt lat="-29.6660110" lon="24.3646570">
    <ele>1088.8</ele>
   </trkpt>
   <trkpt lat="-29.6661780" lon="24.3646560">
    <ele>1088.7</ele>
   </trkpt>
   <trkpt lat="-29.6663450" lon="24.3646580">
    <ele>1088.6</ele>
   </trkpt>
   <trkpt lat="-29.6665110" lon="24.3646630">
    <ele>1088.6</ele>
   </trkpt>
   <trkpt lat="-29.6666770" lon="24.3646640">
    <ele>1088.5</ele>
   </trkpt>
   <trkpt lat="-29.6668360" lon="24.3646700">
    <ele>1088.5</ele>
   </trkpt>
   <trkpt lat="-29.6669930" lon="24.3646740">
    <ele>1088.4</ele>
   </trkpt>
   <trkpt lat="-29.6671460" lon="24.3646790">
    <ele>1088.4</ele>
   </trkpt>
   <trkpt lat="-29.6672940" lon="24.3646850">
    <ele>1088.3</ele>
   </trkpt>
   <trkpt lat="-29.6674350" lon="24.3646870">
    <ele>1088.2</ele>
   </trkpt>
   <trkpt lat="-29.6675770" lon="24.3646900">
    <ele>1088.2</ele>
   </trkpt>
   <trkpt lat="-29.6677130" lon="24.3646910">
    <ele>1088.1</ele>
   </trkpt>
   <trkpt lat="-29.6678390" lon="24.3646940">
    <ele>1088.1</ele>
   </trkpt>
   <trkpt lat="-29.6679490" lon="24.3646960">
    <ele>1088.1</ele>
   </trkpt>
   <trkpt lat="-29.6680480" lon="24.3646960">
    <ele>1088.0</ele>
   </trkpt>
   <trkpt lat="-29.6681450" lon="24.3647000">
    <ele>1088.0</ele>
   </trkpt>
   <trkpt lat="-29.6682450" lon="24.3647000">
    <ele>1088.0</ele>
   </trkpt>
   <trkpt lat="-29.6683550" lon="24.3647030">
    <ele>1088.0</ele>
   </trkpt>
   <trkpt lat="-29.6684670" lon="24.3646970">
    <ele>1088.1</ele>
   </trkpt>
   <trkpt lat="-29.6685810" lon="24.3647000">
    <ele>1088.3</ele>
   </trkpt>
   <trkpt lat="-29.6686850" lon="24.3647100">
    <ele>1088.4</ele>
   </trkpt>
   <trkpt lat="-29.6688020" lon="24.3647150">
    <ele>1088.5</ele>
   </trkpt>
   <trkpt lat="-29.6689240" lon="24.3647180">
    <ele>1088.7</ele>
   </trkpt>
   <trkpt lat="-29.6690540" lon="24.3647240">
    <ele>1088.9</ele>
   </trkpt>
   <trkpt lat="-29.6691910" lon="24.3647300">
    <ele>1089.0</ele>
   </trkpt>
   <trkpt lat="-29.6693340" lon="24.3647330">
    <ele>1089.2</ele>
   </trkpt>
   <trkpt lat="-29.6694800" lon="24.3647370">
    <ele>1089.4</ele>
   </trkpt>
   <trkpt lat="-29.6696330" lon="24.3647400">
    <ele>1089.6</ele>
   </trkpt>
   <trkpt lat="-29.6697910" lon="24.3647440">
    <ele>1089.8</ele>
   </trkpt>
   <trkpt lat="-29.6699460" lon="24.3647480">
    <ele>1090.0</ele>
   </trkpt>
   <trkpt lat="-29.6700910" lon="24.3647530">
    <ele>1090.1</ele>
   </trkpt>
   <trkpt lat="-29.6702330" lon="24.3647570">
    <ele>1090.3</ele>
   </trkpt>
   <trkpt lat="-29.6703820" lon="24.3647610">
    <ele>1090.5</ele>
   </trkpt>
   <trkpt lat="-29.6705350" lon="24.3647680">
    <ele>1090.7</ele>
   </trkpt>
   <trkpt lat="-29.6706900" lon="24.3647720">
    <ele>1090.9</ele>
   </trkpt>
   <trkpt lat="-29.6708510" lon="24.3647750">
    <ele>1091.1</ele>
   </trkpt>
   <trkpt lat="-29.6710150" lon="24.3647780">
    <ele>1091.3</ele>
   </trkpt>
   <trkpt lat="-29.6711810" lon="24.3647800">
    <ele>1091.5</ele>
   </trkpt>
   <trkpt lat="-29.6713420" lon="24.3647860">
    <ele>1091.7</ele>
   </trkpt>
   <trkpt lat="-29.6715020" lon="24.3647890">
    <ele>1091.9</ele>
   </trkpt>
   <trkpt lat="-29.6716610" lon="24.3647930">
    <ele>1092.1</ele>
   </trkpt>
   <trkpt lat="-29.6718210" lon="24.3647970">
    <ele>1092.3</ele>
   </trkpt>
   <trkpt lat="-29.6719840" lon="24.3648010">
    <ele>1092.5</ele>
   </trkpt>
   <trkpt lat="-29.6721490" lon="24.3648060">
    <ele>1092.7</ele>
   </trkpt>
   <trkpt lat="-29.6723180" lon="24.3648130">
    <ele>1092.9</ele>
   </trkpt>
   <trkpt lat="-29.6724870" lon="24.3648160">
    <ele>1093.1</ele>
   </trkpt>
   <trkpt lat="-29.6726590" lon="24.3648200">
    <ele>1093.3</ele>
   </trkpt>
   <trkpt lat="-29.6728320" lon="24.3648240">
    <ele>1093.5</ele>
   </trkpt>
   <trkpt lat="-29.6730030" lon="24.3648280">
    <ele>1093.8</ele>
   </trkpt>
   <trkpt lat="-29.6731690" lon="24.3648300">
    <ele>1094.0</ele>
   </trkpt>
   <trkpt lat="-29.6733310" lon="24.3648300">
    <ele>1094.2</ele>
   </trkpt>
   <trkpt lat="-29.6734940" lon="24.3648370">
    <ele>1094.4</ele>
   </trkpt>
   <trkpt lat="-29.6736510" lon="24.3648380">
    <ele>1094.6</ele>
   </trkpt>
   <trkpt lat="-29.6738090" lon="24.3648420">
    <ele>1094.8</ele>
   </trkpt>
   <trkpt lat="-29.6739680" lon="24.3648450">
    <ele>1094.9</ele>
   </trkpt>
   <trkpt lat="-29.6741290" lon="24.3648490">
    <ele>1095.1</ele>
   </trkpt>
   <trkpt lat="-29.6742970" lon="24.3648510">
    <ele>1095.4</ele>
   </trkpt>
   <trkpt lat="-29.6744650" lon="24.3648590">
    <ele>1095.6</ele>
   </trkpt>
   <trkpt lat="-29.6746330" lon="24.3648650">
    <ele>1095.8</ele>
   </trkpt>
   <trkpt lat="-29.6748000" lon="24.3648690">
    <ele>1096.0</ele>
   </trkpt>
   <trkpt lat="-29.6749680" lon="24.3648700">
    <ele>1096.3</ele>
   </trkpt>
   <trkpt lat="-29.6751380" lon="24.3648740">
    <ele>1096.6</ele>
   </trkpt>
   <trkpt lat="-29.6753080" lon="24.3648760">
    <ele>1097.0</ele>
   </trkpt>
   <trkpt lat="-29.6754760" lon="24.3648810">
    <ele>1097.3</ele>
   </trkpt>
   <trkpt lat="-29.6756480" lon="24.3648850">
    <ele>1097.7</ele>
   </trkpt>
   <trkpt lat="-29.6758180" lon="24.3648870">
    <ele>1098.0</ele>
   </trkpt>
   <trkpt lat="-29.6759890" lon="24.3648910">
    <ele>1098.2</ele>
   </trkpt>
   <trkpt lat="-29.6761620" lon="24.3648950">
    <ele>1098.4</ele>
   </trkpt>
   <trkpt lat="-29.6763350" lon="24.3649000">
    <ele>1098.6</ele>
   </trkpt>
   <trkpt lat="-29.6765100" lon="24.3649040">
    <ele>1098.8</ele>
   </trkpt>
   <trkpt lat="-29.6766850" lon="24.3649080">
    <ele>1099.1</ele>
   </trkpt>
   <trkpt lat="-29.6768620" lon="24.3649120">
    <ele>1099.3</ele>
   </trkpt>
   <trkpt lat="-29.6770400" lon="24.3649190">
    <ele>1099.5</ele>
   </trkpt>
   <trkpt lat="-29.6772220" lon="24.3649250">
    <ele>1099.7</ele>
   </trkpt>
   <trkpt lat="-29.6774040" lon="24.3649330">
    <ele>1100.0</ele>
   </trkpt>
   <trkpt lat="-29.6775870" lon="24.3649330">
    <ele>1100.2</ele>
   </trkpt>
   <trkpt lat="-29.6777680" lon="24.3649350">
    <ele>1100.4</ele>
   </trkpt>
   <trkpt lat="-29.6779490" lon="24.3649390">
    <ele>1100.7</ele>
   </trkpt>
   <trkpt lat="-29.6781300" lon="24.3649430">
    <ele>1100.9</ele>
   </trkpt>
   <trkpt lat="-29.6783120" lon="24.3649480">
    <ele>1101.1</ele>
   </trkpt>
   <trkpt lat="-29.6784930" lon="24.3649530">
    <ele>1101.3</ele>
   </trkpt>
   <trkpt lat="-29.6786690" lon="24.3649560">
    <ele>1101.6</ele>
   </trkpt>
   <trkpt lat="-29.6788410" lon="24.3649610">
    <ele>1101.8</ele>
   </trkpt>
   <trkpt lat="-29.6790150" lon="24.3649660">
    <ele>1102.0</ele>
   </trkpt>
   <trkpt lat="-29.6791920" lon="24.3649660">
    <ele>1102.3</ele>
   </trkpt>
   <trkpt lat="-29.6793620" lon="24.3649690">
    <ele>1102.7</ele>
   </trkpt>
   <trkpt lat="-29.6795410" lon="24.3649730">
    <ele>1102.9</ele>
   </trkpt>
   <trkpt lat="-29.6797200" lon="24.3649750">
    <ele>1102.9</ele>
   </trkpt>
   <trkpt lat="-29.6799010" lon="24.3649790">
    <ele>1103.0</ele>
   </trkpt>
   <trkpt lat="-29.6800840" lon="24.3649860">
    <ele>1103.0</ele>
   </trkpt>
   <trkpt lat="-29.6802680" lon="24.3649920">
    <ele>1103.1</ele>
   </trkpt>
   <trkpt lat="-29.6804540" lon="24.3649980">
    <ele>1103.2</ele>
   </trkpt>
   <trkpt lat="-29.6806450" lon="24.3650030">
    <ele>1103.2</ele>
   </trkpt>
   <trkpt lat="-29.6808350" lon="24.3650070">
    <ele>1103.3</ele>
   </trkpt>
   <trkpt lat="-29.6810210" lon="24.3650130">
    <ele>1103.3</ele>
   </trkpt>
   <trkpt lat="-29.6812050" lon="24.3650190">
    <ele>1103.4</ele>
   </trkpt>
   <trkpt lat="-29.6813910" lon="24.3650280">
    <ele>1103.4</ele>
   </trkpt>
   <trkpt lat="-29.6815810" lon="24.3650340">
    <ele>1103.5</ele>
   </trkpt>
   <trkpt lat="-29.6819670" lon="24.3650440">
    <ele>1103.6</ele>
   </trkpt>
   <trkpt lat="-29.6821630" lon="24.3650500">
    <ele>1103.6</ele>
   </trkpt>
   <trkpt lat="-29.6823550" lon="24.3650540">
    <ele>1103.7</ele>
   </trkpt>
   <trkpt lat="-29.6825450" lon="24.3650590">
    <ele>1103.7</ele>
   </trkpt>
   <trkpt lat="-29.6827350" lon="24.3650650">
    <ele>1103.8</ele>
   </trkpt>
   <trkpt lat="-29.6829260" lon="24.3650670">
    <ele>1103.8</ele>
   </trkpt>
   <trkpt lat="-29.6831150" lon="24.3650710">
    <ele>1103.9</ele>
   </trkpt>
   <trkpt lat="-29.6833010" lon="24.3650750">
    <ele>1104.0</ele>
   </trkpt>
   <trkpt lat="-29.6834850" lon="24.3650770">
    <ele>1104.0</ele>
   </trkpt>
   <trkpt lat="-29.6836640" lon="24.3650770">
    <ele>1104.1</ele>
   </trkpt>
   <trkpt lat="-29.6838440" lon="24.3650720">
    <ele>1104.1</ele>
   </trkpt>
   <trkpt lat="-29.6840240" lon="24.3650630">
    <ele>1104.2</ele>
   </trkpt>
   <trkpt lat="-29.6842050" lon="24.3650540">
    <ele>1104.2</ele>
   </trkpt>
   <trkpt lat="-29.6843890" lon="24.3650410">
    <ele>1104.3</ele>
   </trkpt>
   <trkpt lat="-29.6845720" lon="24.3650240">
    <ele>1104.3</ele>
   </trkpt>
   <trkpt lat="-29.6847570" lon="24.3650050">
    <ele>1104.4</ele>
   </trkpt>
   <trkpt lat="-29.6849410" lon="24.3649840">
    <ele>1104.4</ele>
   </trkpt>
   <trkpt lat="-29.6851270" lon="24.3649630">
    <ele>1104.5</ele>
   </trkpt>
   <trkpt lat="-29.6853140" lon="24.3649440">
    <ele>1104.5</ele>
   </trkpt>
   <trkpt lat="-29.6855010" lon="24.3649220">
    <ele>1104.6</ele>
   </trkpt>
   <trkpt lat="-29.6856900" lon="24.3649030">
    <ele>1104.6</ele>
   </trkpt>
   <trkpt lat="-29.6858790" lon="24.3648850">
    <ele>1104.7</ele>
   </trkpt>
   <trkpt lat="-29.6860700" lon="24.3648670">
    <ele>1104.7</ele>
   </trkpt>
   <trkpt lat="-29.6862580" lon="24.3648500">
    <ele>1104.8</ele>
   </trkpt>
   <trkpt lat="-29.6864450" lon="24.3648350">
    <ele>1104.8</ele>
   </trkpt>
   <trkpt lat="-29.6866310" lon="24.3648180">
    <ele>1104.9</ele>
   </trkpt>
   <trkpt lat="-29.6868150" lon="24.3648010">
    <ele>1104.9</ele>
   </trkpt>
   <trkpt lat="-29.6869980" lon="24.3647830">
    <ele>1105.0</ele>
   </trkpt>
   <trkpt lat="-29.6871820" lon="24.3647660">
    <ele>1105.0</ele>
   </trkpt>
   <trkpt lat="-29.6873640" lon="24.3647500">
    <ele>1105.1</ele>
   </trkpt>
   <trkpt lat="-29.6875430" lon="24.3647330">
    <ele>1105.1</ele>
   </trkpt>
   <trkpt lat="-29.6877230" lon="24.3647130">
    <ele>1104.8</ele>
   </trkpt>
   <trkpt lat="-29.6879010" lon="24.3646960">
    <ele>1104.6</ele>
   </trkpt>
   <trkpt lat="-29.6880790" lon="24.3646780">
    <ele>1104.3</ele>
   </trkpt>
   <trkpt lat="-29.6882550" lon="24.3646610">
    <ele>1104.1</ele>
   </trkpt>
   <trkpt lat="-29.6884330" lon="24.3646440">
    <ele>1103.9</ele>
   </trkpt>
   <trkpt lat="-29.6886110" lon="24.3646240">
    <ele>1103.6</ele>
   </trkpt>
   <trkpt lat="-29.6887910" lon="24.3646070">
    <ele>1103.4</ele>
   </trkpt>
   <trkpt lat="-29.6889710" lon="24.3645880">
    <ele>1103.1</ele>
   </trkpt>
   <trkpt lat="-29.6891510" lon="24.3645710">
    <ele>1102.5</ele>
   </trkpt>
   <trkpt lat="-29.6893300" lon="24.3645530">
    <ele>1101.9</ele>
   </trkpt>
   <trkpt lat="-29.6895120" lon="24.3645370">
    <ele>1101.2</ele>
   </trkpt>
   <trkpt lat="-29.6896930" lon="24.3645190">
    <ele>1100.5</ele>
   </trkpt>
   <trkpt lat="-29.6898740" lon="24.3645010">
    <ele>1100.1</ele>
   </trkpt>
   <trkpt lat="-29.6900520" lon="24.3644820">
    <ele>1100.2</ele>
   </trkpt>
   <trkpt lat="-29.6902250" lon="24.3644640">
    <ele>1100.3</ele>
   </trkpt>
   <trkpt lat="-29.6904000" lon="24.3644490">
    <ele>1100.5</ele>
   </trkpt>
   <trkpt lat="-29.6905770" lon="24.3644340">
    <ele>1100.6</ele>
   </trkpt>
   <trkpt lat="-29.6907500" lon="24.3644160">
    <ele>1100.8</ele>
   </trkpt>
   <trkpt lat="-29.6909260" lon="24.3643960">
    <ele>1100.9</ele>
   </trkpt>
   <trkpt lat="-29.6911010" lon="24.3643780">
    <ele>1101.0</ele>
   </trkpt>
   <trkpt lat="-29.6912790" lon="24.3643570">
    <ele>1101.2</ele>
   </trkpt>
   <trkpt lat="-29.6914530" lon="24.3643370">
    <ele>1101.3</ele>
   </trkpt>
   <trkpt lat="-29.6916260" lon="24.3643200">
    <ele>1101.5</ele>
   </trkpt>
   <trkpt lat="-29.6917980" lon="24.3643060">
    <ele>1101.6</ele>
   </trkpt>
   <trkpt lat="-29.6919690" lon="24.3642900">
    <ele>1101.7</ele>
   </trkpt>
   <trkpt lat="-29.6921410" lon="24.3642750">
    <ele>1101.9</ele>
   </trkpt>
   <trkpt lat="-29.6923100" lon="24.3642610">
    <ele>1102.0</ele>
   </trkpt>
   <trkpt lat="-29.6924810" lon="24.3642500">
    <ele>1102.2</ele>
   </trkpt>
   <trkpt lat="-29.6926490" lon="24.3642360">
    <ele>1102.3</ele>
   </trkpt>
   <trkpt lat="-29.6928200" lon="24.3642200">
    <ele>1102.4</ele>
   </trkpt>
   <trkpt lat="-29.6929890" lon="24.3642060">
    <ele>1102.6</ele>
   </trkpt>
   <trkpt lat="-29.6931600" lon="24.3641940">
    <ele>1102.7</ele>
   </trkpt>
   <trkpt lat="-29.6933280" lon="24.3641790">
    <ele>1102.8</ele>
   </trkpt>
   <trkpt lat="-29.6935000" lon="24.3641640">
    <ele>1102.8</ele>
   </trkpt>
   <trkpt lat="-29.6936720" lon="24.3641490">
    <ele>1102.7</ele>
   </trkpt>
   <trkpt lat="-29.6938430" lon="24.3641340">
    <ele>1102.7</ele>
   </trkpt>
   <trkpt lat="-29.6940180" lon="24.3641190">
    <ele>1102.6</ele>
   </trkpt>
   <trkpt lat="-29.6941900" lon="24.3641040">
    <ele>1102.5</ele>
   </trkpt>
   <trkpt lat="-29.6943610" lon="24.3640890">
    <ele>1102.4</ele>
   </trkpt>
   <trkpt lat="-29.6945330" lon="24.3640720">
    <ele>1102.3</ele>
   </trkpt>
   <trkpt lat="-29.6947010" lon="24.3640550">
    <ele>1102.2</ele>
   </trkpt>
   <trkpt lat="-29.6948700" lon="24.3640400">
    <ele>1102.1</ele>
   </trkpt>
   <trkpt lat="-29.6950400" lon="24.3640260">
    <ele>1102.0</ele>
   </trkpt>
   <trkpt lat="-29.6952100" lon="24.3640090">
    <ele>1101.9</ele>
   </trkpt>
   <trkpt lat="-29.6953790" lon="24.3639930">
    <ele>1101.8</ele>
   </trkpt>
   <trkpt lat="-29.6955490" lon="24.3639760">
    <ele>1101.8</ele>
   </trkpt>
   <trkpt lat="-29.6957190" lon="24.3639590">
    <ele>1101.7</ele>
   </trkpt>
   <trkpt lat="-29.6958890" lon="24.3639400">
    <ele>1101.6</ele>
   </trkpt>
   <trkpt lat="-29.6960590" lon="24.3639200">
    <ele>1101.5</ele>
   </trkpt>
   <trkpt lat="-29.6962260" lon="24.3639020">
    <ele>1101.4</ele>
   </trkpt>
   <trkpt lat="-29.6963960" lon="24.3638860">
    <ele>1101.3</ele>
   </trkpt>
   <trkpt lat="-29.6965670" lon="24.3638660">
    <ele>1101.2</ele>
   </trkpt>
   <trkpt lat="-29.6967400" lon="24.3638460">
    <ele>1101.1</ele>
   </trkpt>
   <trkpt lat="-29.6969100" lon="24.3638270">
    <ele>1101.0</ele>
   </trkpt>
   <trkpt lat="-29.6970800" lon="24.3638150">
    <ele>1101.0</ele>
   </trkpt>
   <trkpt lat="-29.6972440" lon="24.3637960">
    <ele>1101.0</ele>
   </trkpt>
   <trkpt lat="-29.6974120" lon="24.3637770">
    <ele>1100.9</ele>
   </trkpt>
   <trkpt lat="-29.6975780" lon="24.3637600">
    <ele>1100.9</ele>
   </trkpt>
   <trkpt lat="-29.6977440" lon="24.3637460">
    <ele>1100.9</ele>
   </trkpt>
   <trkpt lat="-29.6979080" lon="24.3637330">
    <ele>1100.9</ele>
   </trkpt>
   <trkpt lat="-29.6980700" lon="24.3637160">
    <ele>1100.8</ele>
   </trkpt>
   <trkpt lat="-29.6982320" lon="24.3636990">
    <ele>1100.8</ele>
   </trkpt>
   <trkpt lat="-29.6983940" lon="24.3636900">
    <ele>1100.8</ele>
   </trkpt>
   <trkpt lat="-29.6985580" lon="24.3636750">
    <ele>1100.7</ele>
   </trkpt>
   <trkpt lat="-29.6987250" lon="24.3636580">
    <ele>1100.7</ele>
   </trkpt>
   <trkpt lat="-29.6988950" lon="24.3636440">
    <ele>1100.7</ele>
   </trkpt>
   <trkpt lat="-29.6990650" lon="24.3636260">
    <ele>1100.7</ele>
   </trkpt>
   <trkpt lat="-29.6992380" lon="24.3636110">
    <ele>1100.6</ele>
   </trkpt>
   <trkpt lat="-29.6994140" lon="24.3635940">
    <ele>1100.6</ele>
   </trkpt>
   <trkpt lat="-29.6995900" lon="24.3635770">
    <ele>1100.6</ele>
   </trkpt>
   <trkpt lat="-29.6997690" lon="24.3635590">
    <ele>1100.6</ele>
   </trkpt>
   <trkpt lat="-29.6999480" lon="24.3635420">
    <ele>1100.5</ele>
   </trkpt>
   <trkpt lat="-29.7001260" lon="24.3635240">
    <ele>1100.5</ele>
   </trkpt>
   <trkpt lat="-29.7003070" lon="24.3635040">
    <ele>1100.5</ele>
   </trkpt>
   <trkpt lat="-29.7004850" lon="24.3634840">
    <ele>1100.4</ele>
   </trkpt>
   <trkpt lat="-29.7006660" lon="24.3634680">
    <ele>1100.4</ele>
   </trkpt>
   <trkpt lat="-29.7008480" lon="24.3634520">
    <ele>1100.4</ele>
   </trkpt>
   <trkpt lat="-29.7010250" lon="24.3634360">
    <ele>1100.4</ele>
   </trkpt>
   <trkpt lat="-29.7012010" lon="24.3634190">
    <ele>1100.3</ele>
   </trkpt>
   <trkpt lat="-29.7013730" lon="24.3634020">
    <ele>1100.3</ele>
   </trkpt>
   <trkpt lat="-29.7015480" lon="24.3633880">
    <ele>1100.3</ele>
   </trkpt>
   <trkpt lat="-29.7017200" lon="24.3633740">
    <ele>1100.2</ele>
   </trkpt>
   <trkpt lat="-29.7018920" lon="24.3633550">
    <ele>1100.2</ele>
   </trkpt>
   <trkpt lat="-29.7020660" lon="24.3633380">
    <ele>1100.2</ele>
   </trkpt>
   <trkpt lat="-29.7022460" lon="24.3633260">
    <ele>1100.2</ele>
   </trkpt>
   <trkpt lat="-29.7024260" lon="24.3633130">
    <ele>1100.1</ele>
   </trkpt>
   <trkpt lat="-29.7026030" lon="24.3633000">
    <ele>1100.1</ele>
   </trkpt>
   <trkpt lat="-29.7027750" lon="24.3632910">
    <ele>1100.1</ele>
   </trkpt>
   <trkpt lat="-29.7029480" lon="24.3632860">
    <ele>1100.0</ele>
   </trkpt>
   <trkpt lat="-29.7031140" lon="24.3632830">
    <ele>1100.0</ele>
   </trkpt>
   <trkpt lat="-29.7032810" lon="24.3632810">
    <ele>1100.0</ele>
   </trkpt>
   <trkpt lat="-29.7034510" lon="24.3632860">
    <ele>1100.2</ele>
   </trkpt>
   <trkpt lat="-29.7036200" lon="24.3633040">
    <ele>1100.4</ele>
   </trkpt>
   <trkpt lat="-29.7037890" lon="24.3633270">
    <ele>1100.7</ele>
   </trkpt>
   <trkpt lat="-29.7039570" lon="24.3633530">
    <ele>1100.9</ele>
   </trkpt>
   <trkpt lat="-29.7041070" lon="24.3633820">
    <ele>1101.1</ele>
   </trkpt>
   <trkpt lat="-29.7042470" lon="24.3634120">
    <ele>1101.3</ele>
   </trkpt>
   <trkpt lat="-29.7043830" lon="24.3634430">
    <ele>1101.5</ele>
   </trkpt>
   <trkpt lat="-29.7045190" lon="24.3634790">
    <ele>1101.7</ele>
   </trkpt>
   <trkpt lat="-29.7046560" lon="24.3635230">
    <ele>1101.9</ele>
   </trkpt>
   <trkpt lat="-29.7047950" lon="24.3635700">
    <ele>1102.1</ele>
   </trkpt>
   <trkpt lat="-29.7049370" lon="24.3636240">
    <ele>1102.3</ele>
   </trkpt>
   <trkpt lat="-29.7050810" lon="24.3636850">
    <ele>1102.5</ele>
   </trkpt>
   <trkpt lat="-29.7052260" lon="24.3637570">
    <ele>1102.7</ele>
   </trkpt>
   <trkpt lat="-29.7053720" lon="24.3638260">
    <ele>1103.0</ele>
   </trkpt>
   <trkpt lat="-29.7055170" lon="24.3639040">
    <ele>1103.2</ele>
   </trkpt>
   <trkpt lat="-29.7056580" lon="24.3639870">
    <ele>1103.4</ele>
   </trkpt>
   <trkpt lat="-29.7057970" lon="24.3640770">
    <ele>1103.6</ele>
   </trkpt>
   <trkpt lat="-29.7059360" lon="24.3641730">
    <ele>1103.8</ele>
   </trkpt>
   <trkpt lat="-29.7060720" lon="24.3642730">
    <ele>1104.1</ele>
   </trkpt>
   <trkpt lat="-29.7062030" lon="24.3643780">
    <ele>1104.3</ele>
   </trkpt>
   <trkpt lat="-29.7063310" lon="24.3644820">
    <ele>1104.5</ele>
   </trkpt>
   <trkpt lat="-29.7064560" lon="24.3645920">
    <ele>1104.7</ele>
   </trkpt>
   <trkpt lat="-29.7065720" lon="24.3647040">
    <ele>1104.9</ele>
   </trkpt>
   <trkpt lat="-29.7066840" lon="24.3648190">
    <ele>1105.1</ele>
   </trkpt>
   <trkpt lat="-29.7067930" lon="24.3649360">
    <ele>1105.3</ele>
   </trkpt>
   <trkpt lat="-29.7069020" lon="24.3650590">
    <ele>1105.6</ele>
   </trkpt>
   <trkpt lat="-29.7070100" lon="24.3651900">
    <ele>1105.8</ele>
   </trkpt>
   <trkpt lat="-29.7071170" lon="24.3653240">
    <ele>1105.9</ele>
   </trkpt>
   <trkpt lat="-29.7072200" lon="24.3654600">
    <ele>1105.9</ele>
   </trkpt>
   <trkpt lat="-29.7073240" lon="24.3656010">
    <ele>1105.9</ele>
   </trkpt>
   <trkpt lat="-29.7074300" lon="24.3657430">
    <ele>1106.0</ele>
   </trkpt>
   <trkpt lat="-29.7075340" lon="24.3658890">
    <ele>1106.0</ele>
   </trkpt>
   <trkpt lat="-29.7076400" lon="24.3660360">
    <ele>1106.0</ele>
   </trkpt>
   <trkpt lat="-29.7077490" lon="24.3661840">
    <ele>1106.0</ele>
   </trkpt>
   <trkpt lat="-29.7078570" lon="24.3663360">
    <ele>1106.1</ele>
   </trkpt>
   <trkpt lat="-29.7079660" lon="24.3664900">
    <ele>1106.2</ele>
   </trkpt>
   <trkpt lat="-29.7080750" lon="24.3666430">
    <ele>1106.2</ele>
   </trkpt>
   <trkpt lat="-29.7081860" lon="24.3667980">
    <ele>1106.3</ele>
   </trkpt>
   <trkpt lat="-29.7082980" lon="24.3669540">
    <ele>1106.3</ele>
   </trkpt>
   <trkpt lat="-29.7084110" lon="24.3671100">
    <ele>1106.4</ele>
   </trkpt>
   <trkpt lat="-29.7085230" lon="24.3672660">
    <ele>1106.5</ele>
   </trkpt>
   <trkpt lat="-29.7086350" lon="24.3674230">
    <ele>1106.5</ele>
   </trkpt>
   <trkpt lat="-29.7087480" lon="24.3675820">
    <ele>1106.6</ele>
   </trkpt>
   <trkpt lat="-29.7088600" lon="24.3677400">
    <ele>1106.6</ele>
   </trkpt>
   <trkpt lat="-29.7089740" lon="24.3678940">
    <ele>1106.7</ele>
   </trkpt>
   <trkpt lat="-29.7090890" lon="24.3680510">
    <ele>1106.8</ele>
   </trkpt>
   <trkpt lat="-29.7092050" lon="24.3682080">
    <ele>1106.8</ele>
   </trkpt>
   <trkpt lat="-29.7093200" lon="24.3683670">
    <ele>1106.9</ele>
   </trkpt>
   <trkpt lat="-29.7094380" lon="24.3685270">
    <ele>1107.0</ele>
   </trkpt>
   <trkpt lat="-29.7095570" lon="24.3686860">
    <ele>1107.0</ele>
   </trkpt>
   <trkpt lat="-29.7096740" lon="24.3688440">
    <ele>1107.1</ele>
   </trkpt>
   <trkpt lat="-29.7097930" lon="24.3689960">
    <ele>1107.1</ele>
   </trkpt>
   <trkpt lat="-29.7099030" lon="24.3691320">
    <ele>1107.2</ele>
   </trkpt>
   <trkpt lat="-29.7099980" lon="24.3692710">
    <ele>1107.2</ele>
   </trkpt>
   <trkpt lat="-29.7101030" lon="24.3694110">
    <ele>1107.3</ele>
   </trkpt>
   <trkpt lat="-29.7102100" lon="24.3695520">
    <ele>1107.4</ele>
   </trkpt>
   <trkpt lat="-29.7103150" lon="24.3696970">
    <ele>1107.4</ele>
   </trkpt>
   <trkpt lat="-29.7104220" lon="24.3698460">
    <ele>1107.5</ele>
   </trkpt>
   <trkpt lat="-29.7105310" lon="24.3699940">
    <ele>1107.5</ele>
   </trkpt>
   <trkpt lat="-29.7106440" lon="24.3701480">
    <ele>1107.6</ele>
   </trkpt>
   <trkpt lat="-29.7107530" lon="24.3703020">
    <ele>1107.6</ele>
   </trkpt>
   <trkpt lat="-29.7108620" lon="24.3704560">
    <ele>1107.7</ele>
   </trkpt>
   <trkpt lat="-29.7109730" lon="24.3706100">
    <ele>1107.8</ele>
   </trkpt>
   <trkpt lat="-29.7110900" lon="24.3707740">
    <ele>1107.8</ele>
   </trkpt>
   <trkpt lat="-29.7112060" lon="24.3709400">
    <ele>1107.9</ele>
   </trkpt>
   <trkpt lat="-29.7113270" lon="24.3711080">
    <ele>1108.0</ele>
   </trkpt>
   <trkpt lat="-29.7114480" lon="24.3712750">
    <ele>1108.0</ele>
   </trkpt>
   <trkpt lat="-29.7115680" lon="24.3714410">
    <ele>1108.1</ele>
   </trkpt>
   <trkpt lat="-29.7116840" lon="24.3716080">
    <ele>1108.2</ele>
   </trkpt>
   <trkpt lat="-29.7117990" lon="24.3717700">
    <ele>1108.2</ele>
   </trkpt>
   <trkpt lat="-29.7119200" lon="24.3719250">
    <ele>1108.3</ele>
   </trkpt>
   <trkpt lat="-29.7120330" lon="24.3720830">
    <ele>1108.3</ele>
   </trkpt>
   <trkpt lat="-29.7121500" lon="24.3722410">
    <ele>1108.4</ele>
   </trkpt>
   <trkpt lat="-29.7122650" lon="24.3723980">
    <ele>1108.5</ele>
   </trkpt>
   <trkpt lat="-29.7123780" lon="24.3725510">
    <ele>1108.5</ele>
   </trkpt>
   <trkpt lat="-29.7124940" lon="24.3727030">
    <ele>1108.6</ele>
   </trkpt>
   <trkpt lat="-29.7126070" lon="24.3728580">
    <ele>1108.6</ele>
   </trkpt>
   <trkpt lat="-29.7127200" lon="24.3730150">
    <ele>1108.7</ele>
   </trkpt>
   <trkpt lat="-29.7128310" lon="24.3731740">
    <ele>1108.8</ele>
   </trkpt>
   <trkpt lat="-29.7129450" lon="24.3733300">
    <ele>1108.8</ele>
   </trkpt>
   <trkpt lat="-29.7130580" lon="24.3734900">
    <ele>1108.9</ele>
   </trkpt>
   <trkpt lat="-29.7131730" lon="24.3736460">
    <ele>1108.9</ele>
   </trkpt>
   <trkpt lat="-29.7132890" lon="24.3738040">
    <ele>1109.0</ele>
   </trkpt>
   <trkpt lat="-29.7134010" lon="24.3739650">
    <ele>1108.9</ele>
   </trkpt>
   <trkpt lat="-29.7135160" lon="24.3741300">
    <ele>1108.9</ele>
   </trkpt>
   <trkpt lat="-29.7136340" lon="24.3742830">
    <ele>1108.8</ele>
   </trkpt>
   <trkpt lat="-29.7137540" lon="24.3744430">
    <ele>1108.8</ele>
   </trkpt>
   <trkpt lat="-29.7138700" lon="24.3746090">
    <ele>1108.7</ele>
   </trkpt>
   <trkpt lat="-29.7139860" lon="24.3747660">
    <ele>1108.7</ele>
   </trkpt>
   <trkpt lat="-29.7141020" lon="24.3749250">
    <ele>1108.7</ele>
   </trkpt>
   <trkpt lat="-29.7142210" lon="24.3750870">
    <ele>1108.6</ele>
   </trkpt>
   <trkpt lat="-29.7143420" lon="24.3752500">
    <ele>1108.6</ele>
   </trkpt>
   <trkpt lat="-29.7144590" lon="24.3754060">
    <ele>1108.5</ele>
   </trkpt>
   <trkpt lat="-29.7145770" lon="24.3755690">
    <ele>1108.5</ele>
   </trkpt>
   <trkpt lat="-29.7146920" lon="24.3757290">
    <ele>1108.4</ele>
   </trkpt>
   <trkpt lat="-29.7148070" lon="24.3758850">
    <ele>1108.4</ele>
   </trkpt>
   <trkpt lat="-29.7149170" lon="24.3760360">
    <ele>1108.3</ele>
   </trkpt>
   <trkpt lat="-29.7150290" lon="24.3761900">
    <ele>1108.3</ele>
   </trkpt>
   <trkpt lat="-29.7151400" lon="24.3763370">
    <ele>1108.3</ele>
   </trkpt>
   <trkpt lat="-29.7152510" lon="24.3764830">
    <ele>1108.2</ele>
   </trkpt>
   <trkpt lat="-29.7153640" lon="24.3766250">
    <ele>1108.2</ele>
   </trkpt>
   <trkpt lat="-29.7154770" lon="24.3767710">
    <ele>1108.1</ele>
   </trkpt>
   <trkpt lat="-29.7155960" lon="24.3769050">
    <ele>1108.1</ele>
   </trkpt>
   <trkpt lat="-29.7157160" lon="24.3770380">
    <ele>1108.1</ele>
   </trkpt>
   <trkpt lat="-29.7158370" lon="24.3771670">
    <ele>1108.0</ele>
   </trkpt>
   <trkpt lat="-29.7159600" lon="24.3772890">
    <ele>1108.0</ele>
   </trkpt>
   <trkpt lat="-29.7160870" lon="24.3774080">
    <ele>1107.9</ele>
   </trkpt>
   <trkpt lat="-29.7162200" lon="24.3775180">
    <ele>1107.9</ele>
   </trkpt>
   <trkpt lat="-29.7163540" lon="24.3776170">
    <ele>1107.9</ele>
   </trkpt>
   <trkpt lat="-29.7164860" lon="24.3777110">
    <ele>1107.8</ele>
   </trkpt>
   <trkpt lat="-29.7166220" lon="24.3778010">
    <ele>1107.8</ele>
   </trkpt>
   <trkpt lat="-29.7167570" lon="24.3778920">
    <ele>1107.8</ele>
   </trkpt>
   <trkpt lat="-29.7168960" lon="24.3779790">
    <ele>1107.7</ele>
   </trkpt>
   <trkpt lat="-29.7170380" lon="24.3780670">
    <ele>1107.7</ele>
   </trkpt>
   <trkpt lat="-29.7171800" lon="24.3781510">
    <ele>1107.6</ele>
   </trkpt>
   <trkpt lat="-29.7173200" lon="24.3782310">
    <ele>1107.6</ele>
   </trkpt>
   <trkpt lat="-29.7174580" lon="24.3783100">
    <ele>1107.6</ele>
   </trkpt>
   <trkpt lat="-29.7175920" lon="24.3783800">
    <ele>1107.5</ele>
   </trkpt>
   <trkpt lat="-29.7177240" lon="24.3784490">
    <ele>1107.5</ele>
   </trkpt>
   <trkpt lat="-29.7178440" lon="24.3785210">
    <ele>1107.5</ele>
   </trkpt>
   <trkpt lat="-29.7179620" lon="24.3785880">
    <ele>1107.4</ele>
   </trkpt>
   <trkpt lat="-29.7180670" lon="24.3786480">
    <ele>1107.4</ele>
   </trkpt>
   <trkpt lat="-29.7181710" lon="24.3787080">
    <ele>1107.4</ele>
   </trkpt>
   <trkpt lat="-29.7182760" lon="24.3787680">
    <ele>1107.3</ele>
   </trkpt>
   <trkpt lat="-29.7183760" lon="24.3788290">
    <ele>1107.3</ele>
   </trkpt>
   <trkpt lat="-29.7184700" lon="24.3788880">
    <ele>1107.3</ele>
   </trkpt>
   <trkpt lat="-29.7185650" lon="24.3789460">
    <ele>1107.3</ele>
   </trkpt>
   <trkpt lat="-29.7186530" lon="24.3790010">
    <ele>1107.2</ele>
   </trkpt>
   <trkpt lat="-29.7187520" lon="24.3790580">
    <ele>1107.2</ele>
   </trkpt>
   <trkpt lat="-29.7188510" lon="24.3791200">
    <ele>1107.2</ele>
   </trkpt>
   <trkpt lat="-29.7189550" lon="24.3791750">
    <ele>1107.2</ele>
   </trkpt>
   <trkpt lat="-29.7190530" lon="24.3792330">
    <ele>1107.1</ele>
   </trkpt>
   <trkpt lat="-29.7191490" lon="24.3792910">
    <ele>1107.1</ele>
   </trkpt>
   <trkpt lat="-29.7192440" lon="24.3793500">
    <ele>1107.1</ele>
   </trkpt>
   <trkpt lat="-29.7193380" lon="24.3794040">
    <ele>1107.1</ele>
   </trkpt>
   <trkpt lat="-29.7194330" lon="24.3794620">
    <ele>1107.0</ele>
   </trkpt>
   <trkpt lat="-29.7195250" lon="24.3795210">
    <ele>1107.0</ele>
   </trkpt>
   <trkpt lat="-29.7196190" lon="24.3795750">
    <ele>1107.0</ele>
   </trkpt>
   <trkpt lat="-29.7197130" lon="24.3796300">
    <ele>1107.0</ele>
   </trkpt>
   <trkpt lat="-29.7198030" lon="24.3796850">
    <ele>1106.9</ele>
   </trkpt>
   <trkpt lat="-29.7198810" lon="24.3797330">
    <ele>1106.9</ele>
   </trkpt>
   <trkpt lat="-29.7199500" lon="24.3797790">
    <ele>1106.9</ele>
   </trkpt>
   <trkpt lat="-29.7200100" lon="24.3798210">
    <ele>1106.9</ele>
   </trkpt>
   <trkpt lat="-29.7200610" lon="24.3798500">
    <ele>1106.9</ele>
   </trkpt>
   <trkpt lat="-29.7201090" lon="24.3798780">
    <ele>1106.8</ele>
   </trkpt>
   <trkpt lat="-29.7201440" lon="24.3799020">
    <ele>1106.8</ele>
   </trkpt>
   <trkpt lat="-29.7201730" lon="24.3799240">
    <ele>1106.8</ele>
   </trkpt>
   <trkpt lat="-29.7202010" lon="24.3799490">
    <ele>1106.8</ele>
   </trkpt>
   <trkpt lat="-29.7202080" lon="24.3799550">
    <ele>1106.8</ele>
   </trkpt>
   <trkpt lat="-29.7202270" lon="24.3799600">
    <ele>1106.8</ele>
   </trkpt>
   <trkpt lat="-29.7202350" lon="24.3799610">
    <ele>1106.7</ele>
   </trkpt>
   <trkpt lat="-29.7202440" lon="24.3799620">
    <ele>1106.6</ele>
   </trkpt>
   <trkpt lat="-29.7202520" lon="24.3799640">
    <ele>1106.6</ele>
   </trkpt>
   <trkpt lat="-29.7202600" lon="24.3799650">
    <ele>1106.5</ele>
   </trkpt>
   <trkpt lat="-29.7202680" lon="24.3799660">
    <ele>1106.5</ele>
   </trkpt>
   <trkpt lat="-29.7202770" lon="24.3799670">
    <ele>1106.4</ele>
   </trkpt>
   <trkpt lat="-29.7202850" lon="24.3799680">
    <ele>1106.3</ele>
   </trkpt>
   <trkpt lat="-29.7202930" lon="24.3799690">
    <ele>1106.3</ele>
   </trkpt>
   <trkpt lat="-29.7203010" lon="24.3799710">
    <ele>1106.2</ele>
   </trkpt>
   <trkpt lat="-29.7203100" lon="24.3799720">
    <ele>1106.1</ele>
   </trkpt>
   <trkpt lat="-29.7203180" lon="24.3799730">
    <ele>1106.1</ele>
   </trkpt>
   <trkpt lat="-29.7203260" lon="24.3799740">
    <ele>1106.0</ele>
   </trkpt>
   <trkpt lat="-29.7203740" lon="24.3799990">
    <ele>1105.6</ele>
   </trkpt>
   <trkpt lat="-29.7204270" lon="24.3800330">
    <ele>1105.2</ele>
   </trkpt>
   <trkpt lat="-29.7204750" lon="24.3800650">
    <ele>1105.0</ele>
   </trkpt>
   <trkpt lat="-29.7205240" lon="24.3800980">
    <ele>1104.7</ele>
   </trkpt>
   <trkpt lat="-29.7205870" lon="24.3801360">
    <ele>1104.5</ele>
   </trkpt>
   <trkpt lat="-29.7206550" lon="24.3801750">
    <ele>1104.2</ele>
   </trkpt>
   <trkpt lat="-29.7207320" lon="24.3802210">
    <ele>1103.9</ele>
   </trkpt>
   <trkpt lat="-29.7208210" lon="24.3802710">
    <ele>1103.5</ele>
   </trkpt>
   <trkpt lat="-29.7209140" lon="24.3803220">
    <ele>1103.1</ele>
   </trkpt>
   <trkpt lat="-29.7210150" lon="24.3803790">
    <ele>1102.7</ele>
   </trkpt>
   <trkpt lat="-29.7211210" lon="24.3804440">
    <ele>1102.2</ele>
   </trkpt>
   <trkpt lat="-29.7212270" lon="24.3805100">
    <ele>1101.8</ele>
   </trkpt>
   <trkpt lat="-29.7213340" lon="24.3805750">
    <ele>1101.3</ele>
   </trkpt>
   <trkpt lat="-29.7214400" lon="24.3806410">
    <ele>1100.9</ele>
   </trkpt>
   <trkpt lat="-29.7215380" lon="24.3807040">
    <ele>1100.4</ele>
   </trkpt>
   <trkpt lat="-29.7216350" lon="24.3807630">
    <ele>1100.0</ele>
   </trkpt>
   <trkpt lat="-29.7217380" lon="24.3808170">
    <ele>1099.6</ele>
   </trkpt>
   <trkpt lat="-29.7218410" lon="24.3808730">
    <ele>1099.2</ele>
   </trkpt>
   <trkpt lat="-29.7219440" lon="24.3809400">
    <ele>1098.7</ele>
   </trkpt>
   <trkpt lat="-29.7220480" lon="24.3810020">
    <ele>1098.3</ele>
   </trkpt>
   <trkpt lat="-29.7221510" lon="24.3810620">
    <ele>1097.9</ele>
   </trkpt>
   <trkpt lat="-29.7222570" lon="24.3811200">
    <ele>1097.4</ele>
   </trkpt>
   <trkpt lat="-29.7223600" lon="24.3811870">
    <ele>1097.0</ele>
   </trkpt>
   <trkpt lat="-29.7224580" lon="24.3812530">
    <ele>1096.5</ele>
   </trkpt>
   <trkpt lat="-29.7225650" lon="24.3813190">
    <ele>1096.1</ele>
   </trkpt>
   <trkpt lat="-29.7226670" lon="24.3813850">
    <ele>1095.9</ele>
   </trkpt>
   <trkpt lat="-29.7227830" lon="24.3814550">
    <ele>1095.8</ele>
   </trkpt>
   <trkpt lat="-29.7228990" lon="24.3815170">
    <ele>1095.7</ele>
   </trkpt>
   <trkpt lat="-29.7230290" lon="24.3815750">
    <ele>1095.6</ele>
   </trkpt>
   <trkpt lat="-29.7231540" lon="24.3816380">
    <ele>1095.4</ele>
   </trkpt>
   <trkpt lat="-29.7232730" lon="24.3817180">
    <ele>1095.3</ele>
   </trkpt>
   <trkpt lat="-29.7233940" lon="24.3817890">
    <ele>1095.2</ele>
   </trkpt>
   <trkpt lat="-29.7235170" lon="24.3818640">
    <ele>1095.1</ele>
   </trkpt>
   <trkpt lat="-29.7236500" lon="24.3819310">
    <ele>1095.0</ele>
   </trkpt>
   <trkpt lat="-29.7237660" lon="24.3820180">
    <ele>1094.9</ele>
   </trkpt>
   <trkpt lat="-29.7238880" lon="24.3820930">
    <ele>1094.7</ele>
   </trkpt>
   <trkpt lat="-29.7240050" lon="24.3821610">
    <ele>1094.6</ele>
   </trkpt>
   <trkpt lat="-29.7241260" lon="24.3822330">
    <ele>1094.5</ele>
   </trkpt>
   <trkpt lat="-29.7242570" lon="24.3822930">
    <ele>1094.4</ele>
   </trkpt>
   <trkpt lat="-29.7243930" lon="24.3823670">
    <ele>1094.3</ele>
   </trkpt>
   <trkpt lat="-29.7245210" lon="24.3824370">
    <ele>1094.2</ele>
   </trkpt>
   <trkpt lat="-29.7246480" lon="24.3825160">
    <ele>1094.0</ele>
   </trkpt>
   <trkpt lat="-29.7247790" lon="24.3825990">
    <ele>1093.9</ele>
   </trkpt>
   <trkpt lat="-29.7249120" lon="24.3826760">
    <ele>1093.8</ele>
   </trkpt>
   <trkpt lat="-29.7250450" lon="24.3827510">
    <ele>1093.7</ele>
   </trkpt>
   <trkpt lat="-29.7251700" lon="24.3828250">
    <ele>1093.5</ele>
   </trkpt>
   <trkpt lat="-29.7252910" lon="24.3829010">
    <ele>1093.4</ele>
   </trkpt>
   <trkpt lat="-29.7254160" lon="24.3829770">
    <ele>1093.3</ele>
   </trkpt>
   <trkpt lat="-29.7255470" lon="24.3830530">
    <ele>1093.2</ele>
   </trkpt>
   <trkpt lat="-29.7256840" lon="24.3831290">
    <ele>1093.0</ele>
   </trkpt>
   <trkpt lat="-29.7258120" lon="24.3832110">
    <ele>1093.1</ele>
   </trkpt>
   <trkpt lat="-29.7259350" lon="24.3832890">
    <ele>1093.4</ele>
   </trkpt>
   <trkpt lat="-29.7260590" lon="24.3833620">
    <ele>1093.7</ele>
   </trkpt>
   <trkpt lat="-29.7261810" lon="24.3834400">
    <ele>1093.9</ele>
   </trkpt>
   <trkpt lat="-29.7263040" lon="24.3835210">
    <ele>1094.2</ele>
   </trkpt>
   <trkpt lat="-29.7264290" lon="24.3836010">
    <ele>1094.5</ele>
   </trkpt>
   <trkpt lat="-29.7265520" lon="24.3836730">
    <ele>1094.8</ele>
   </trkpt>
   <trkpt lat="-29.7266740" lon="24.3837600">
    <ele>1095.1</ele>
   </trkpt>
   <trkpt lat="-29.7267880" lon="24.3838540">
    <ele>1095.4</ele>
   </trkpt>
   <trkpt lat="-29.7269050" lon="24.3839490">
    <ele>1095.7</ele>
   </trkpt>
   <trkpt lat="-29.7270160" lon="24.3840550">
    <ele>1096.0</ele>
   </trkpt>
   <trkpt lat="-29.7271200" lon="24.3841560">
    <ele>1096.3</ele>
   </trkpt>
   <trkpt lat="-29.7272140" lon="24.3842570">
    <ele>1096.5</ele>
   </trkpt>
   <trkpt lat="-29.7273020" lon="24.3843660">
    <ele>1096.8</ele>
   </trkpt>
   <trkpt lat="-29.7273910" lon="24.3844730">
    <ele>1097.1</ele>
   </trkpt>
   <trkpt lat="-29.7274820" lon="24.3845770">
    <ele>1097.3</ele>
   </trkpt>
   <trkpt lat="-29.7275790" lon="24.3846850">
    <ele>1097.6</ele>
   </trkpt>
   <trkpt lat="-29.7276740" lon="24.3847980">
    <ele>1097.9</ele>
   </trkpt>
   <trkpt lat="-29.7277740" lon="24.3849070">
    <ele>1098.2</ele>
   </trkpt>
   <trkpt lat="-29.7278680" lon="24.3850250">
    <ele>1098.4</ele>
   </trkpt>
   <trkpt lat="-29.7279650" lon="24.3851380">
    <ele>1098.7</ele>
   </trkpt>
   <trkpt lat="-29.7280660" lon="24.3852490">
    <ele>1099.0</ele>
   </trkpt>
   <trkpt lat="-29.7281680" lon="24.3853620">
    <ele>1099.3</ele>
   </trkpt>
   <trkpt lat="-29.7282700" lon="24.3854800">
    <ele>1099.6</ele>
   </trkpt>
   <trkpt lat="-29.7283750" lon="24.3856000">
    <ele>1099.9</ele>
   </trkpt>
   <trkpt lat="-29.7284790" lon="24.3857210">
    <ele>1100.2</ele>
   </trkpt>
   <trkpt lat="-29.7285840" lon="24.3858430">
    <ele>1100.5</ele>
   </trkpt>
   <trkpt lat="-29.7286930" lon="24.3859670">
    <ele>1100.8</ele>
   </trkpt>
   <trkpt lat="-29.7288070" lon="24.3860900">
    <ele>1101.0</ele>
   </trkpt>
   <trkpt lat="-29.7289210" lon="24.3862170">
    <ele>1100.9</ele>
   </trkpt>
   <trkpt lat="-29.7290340" lon="24.3863420">
    <ele>1100.9</ele>
   </trkpt>
   <trkpt lat="-29.7291450" lon="24.3864630">
    <ele>1100.9</ele>
   </trkpt>
   <trkpt lat="-29.7292530" lon="24.3865800">
    <ele>1100.8</ele>
   </trkpt>
   <trkpt lat="-29.7293610" lon="24.3866920">
    <ele>1100.8</ele>
   </trkpt>
   <trkpt lat="-29.7294650" lon="24.3868080">
    <ele>1100.8</ele>
   </trkpt>
   <trkpt lat="-29.7295720" lon="24.3869200">
    <ele>1100.7</ele>
   </trkpt>
   <trkpt lat="-29.7296790" lon="24.3870330">
    <ele>1100.7</ele>
   </trkpt>
   <trkpt lat="-29.7297830" lon="24.3871420">
    <ele>1100.7</ele>
   </trkpt>
   <trkpt lat="-29.7298870" lon="24.3872580">
    <ele>1100.6</ele>
   </trkpt>
   <trkpt lat="-29.7299890" lon="24.3873670">
    <ele>1100.6</ele>
   </trkpt>
   <trkpt lat="-29.7300890" lon="24.3874770">
    <ele>1100.6</ele>
   </trkpt>
   <trkpt lat="-29.7301900" lon="24.3875850">
    <ele>1100.5</ele>
   </trkpt>
   <trkpt lat="-29.7302940" lon="24.3876990">
    <ele>1100.5</ele>
   </trkpt>
   <trkpt lat="-29.7303960" lon="24.3878150">
    <ele>1100.5</ele>
   </trkpt>
   <trkpt lat="-29.7304990" lon="24.3879310">
    <ele>1100.4</ele>
   </trkpt>
   <trkpt lat="-29.7306040" lon="24.3880440">
    <ele>1100.4</ele>
   </trkpt>
   <trkpt lat="-29.7307130" lon="24.3881660">
    <ele>1100.4</ele>
   </trkpt>
   <trkpt lat="-29.7308180" lon="24.3882820">
    <ele>1100.3</ele>
   </trkpt>
   <trkpt lat="-29.7309270" lon="24.3884020">
    <ele>1100.3</ele>
   </trkpt>
   <trkpt lat="-29.7310370" lon="24.3885240">
    <ele>1100.3</ele>
   </trkpt>
   <trkpt lat="-29.7311490" lon="24.3886460">
    <ele>1100.2</ele>
   </trkpt>
   <trkpt lat="-29.7312640" lon="24.3887710">
    <ele>1100.2</ele>
   </trkpt>
   <trkpt lat="-29.7313750" lon="24.3888930">
    <ele>1100.1</ele>
   </trkpt>
   <trkpt lat="-29.7314850" lon="24.3890120">
    <ele>1100.1</ele>
   </trkpt>
   <trkpt lat="-29.7315920" lon="24.3891330">
    <ele>1100.1</ele>
   </trkpt>
   <trkpt lat="-29.7316950" lon="24.3892490">
    <ele>1100.0</ele>
   </trkpt>
   <trkpt lat="-29.7317950" lon="24.3893550">
    <ele>1100.0</ele>
   </trkpt>
   <trkpt lat="-29.7318890" lon="24.3894600">
    <ele>1100.0</ele>
   </trkpt>
   <trkpt lat="-29.7319870" lon="24.3895620">
    <ele>1099.9</ele>
   </trkpt>
   <trkpt lat="-29.7320860" lon="24.3896710">
    <ele>1099.9</ele>
   </trkpt>
   <trkpt lat="-29.7321830" lon="24.3897820">
    <ele>1099.9</ele>
   </trkpt>
   <trkpt lat="-29.7322820" lon="24.3898910">
    <ele>1099.9</ele>
   </trkpt>
   <trkpt lat="-29.7323720" lon="24.3899880">
    <ele>1099.8</ele>
   </trkpt>
   <trkpt lat="-29.7324520" lon="24.3900790">
    <ele>1099.8</ele>
   </trkpt>
   <trkpt lat="-29.7325350" lon="24.3901690">
    <ele>1099.8</ele>
   </trkpt>
   <trkpt lat="-29.7326190" lon="24.3902550">
    <ele>1099.7</ele>
   </trkpt>
   <trkpt lat="-29.7327040" lon="24.3903330">
    <ele>1099.7</ele>
   </trkpt>
   <trkpt lat="-29.7327900" lon="24.3904140">
    <ele>1099.7</ele>
   </trkpt>
   <trkpt lat="-29.7328740" lon="24.3905060">
    <ele>1099.7</ele>
   </trkpt>
   <trkpt lat="-29.7329610" lon="24.3906050">
    <ele>1099.6</ele>
   </trkpt>
   <trkpt lat="-29.7330510" lon="24.3907050">
    <ele>1099.6</ele>
   </trkpt>
   <trkpt lat="-29.7331440" lon="24.3908070">
    <ele>1099.6</ele>
   </trkpt>
   <trkpt lat="-29.7332400" lon="24.3909040">
    <ele>1099.6</ele>
   </trkpt>
   <trkpt lat="-29.7333330" lon="24.3910040">
    <ele>1099.5</ele>
   </trkpt>
   <trkpt lat="-29.7334260" lon="24.3911100">
    <ele>1099.5</ele>
   </trkpt>
   <trkpt lat="-29.7335230" lon="24.3912250">
    <ele>1099.5</ele>
   </trkpt>
   <trkpt lat="-29.7336140" lon="24.3913320">
    <ele>1099.4</ele>
   </trkpt>
   <trkpt lat="-29.7337150" lon="24.3914410">
    <ele>1099.4</ele>
   </trkpt>
   <trkpt lat="-29.7338220" lon="24.3915550">
    <ele>1099.4</ele>
   </trkpt>
   <trkpt lat="-29.7339280" lon="24.3916670">
    <ele>1099.3</ele>
   </trkpt>
   <trkpt lat="-29.7340310" lon="24.3917880">
    <ele>1099.3</ele>
   </trkpt>
   <trkpt lat="-29.7341380" lon="24.3919050">
    <ele>1099.3</ele>
   </trkpt>
   <trkpt lat="-29.7342430" lon="24.3920260">
    <ele>1099.2</ele>
   </trkpt>
   <trkpt lat="-29.7343490" lon="24.3921460">
    <ele>1099.2</ele>
   </trkpt>
   <trkpt lat="-29.7344540" lon="24.3922690">
    <ele>1099.2</ele>
   </trkpt>
   <trkpt lat="-29.7345600" lon="24.3923840">
    <ele>1099.1</ele>
   </trkpt>
   <trkpt lat="-29.7346650" lon="24.3924930">
    <ele>1099.1</ele>
   </trkpt>
   <trkpt lat="-29.7347740" lon="24.3926090">
    <ele>1099.1</ele>
   </trkpt>
   <trkpt lat="-29.7348810" lon="24.3927240">
    <ele>1099.0</ele>
   </trkpt>
   <trkpt lat="-29.7349890" lon="24.3928400">
    <ele>1099.5</ele>
   </trkpt>
   <trkpt lat="-29.7350960" lon="24.3929570">
    <ele>1100.1</ele>
   </trkpt>
   <trkpt lat="-29.7352050" lon="24.3930760">
    <ele>1100.8</ele>
   </trkpt>
   <trkpt lat="-29.7353150" lon="24.3931950">
    <ele>1101.4</ele>
   </trkpt>
   <trkpt lat="-29.7354220" lon="24.3933120">
    <ele>1102.0</ele>
   </trkpt>
   <trkpt lat="-29.7355300" lon="24.3934310">
    <ele>1102.1</ele>
   </trkpt>
   <trkpt lat="-29.7356380" lon="24.3935480">
    <ele>1102.3</ele>
   </trkpt>
   <trkpt lat="-29.7357420" lon="24.3936610">
    <ele>1102.5</ele>
   </trkpt>
   <trkpt lat="-29.7358460" lon="24.3937760">
    <ele>1102.6</ele>
   </trkpt>
   <trkpt lat="-29.7359510" lon="24.3938880">
    <ele>1102.8</ele>
   </trkpt>
   <trkpt lat="-29.7360560" lon="24.3940030">
    <ele>1103.0</ele>
   </trkpt>
   <trkpt lat="-29.7361600" lon="24.3941170">
    <ele>1103.2</ele>
   </trkpt>
   <trkpt lat="-29.7362650" lon="24.3942310">
    <ele>1103.3</ele>
   </trkpt>
   <trkpt lat="-29.7363710" lon="24.3943440">
    <ele>1103.5</ele>
   </trkpt>
   <trkpt lat="-29.7364710" lon="24.3944550">
    <ele>1103.7</ele>
   </trkpt>
   <trkpt lat="-29.7365740" lon="24.3945700">
    <ele>1103.8</ele>
   </trkpt>
   <trkpt lat="-29.7366770" lon="24.3946860">
    <ele>1104.0</ele>
   </trkpt>
   <trkpt lat="-29.7367810" lon="24.3948030">
    <ele>1104.2</ele>
   </trkpt>
   <trkpt lat="-29.7368870" lon="24.3949220">
    <ele>1104.4</ele>
   </trkpt>
   <trkpt lat="-29.7369970" lon="24.3950410">
    <ele>1104.5</ele>
   </trkpt>
   <trkpt lat="-29.7371100" lon="24.3951640">
    <ele>1104.7</ele>
   </trkpt>
   <trkpt lat="-29.7372260" lon="24.3952910">
    <ele>1104.9</ele>
   </trkpt>
   <trkpt lat="-29.7373450" lon="24.3954260">
    <ele>1105.1</ele>
   </trkpt>
   <trkpt lat="-29.7374670" lon="24.3955580">
    <ele>1105.3</ele>
   </trkpt>
   <trkpt lat="-29.7375870" lon="24.3956930">
    <ele>1105.5</ele>
   </trkpt>
   <trkpt lat="-29.7377070" lon="24.3958290">
    <ele>1105.7</ele>
   </trkpt>
   <trkpt lat="-29.7378250" lon="24.3959700">
    <ele>1105.9</ele>
   </trkpt>
   <trkpt lat="-29.7379420" lon="24.3961120">
    <ele>1106.1</ele>
   </trkpt>
   <trkpt lat="-29.7380560" lon="24.3962540">
    <ele>1106.3</ele>
   </trkpt>
   <trkpt lat="-29.7381630" lon="24.3963950">
    <ele>1106.5</ele>
   </trkpt>
   <trkpt lat="-29.7382640" lon="24.3965350">
    <ele>1106.7</ele>
   </trkpt>
   <trkpt lat="-29.7383540" lon="24.3966690">
    <ele>1106.9</ele>
   </trkpt>
   <trkpt lat="-29.7384400" lon="24.3968010">
    <ele>1107.0</ele>
   </trkpt>
   <trkpt lat="-29.7385230" lon="24.3969360">
    <ele>1107.2</ele>
   </trkpt>
   <trkpt lat="-29.7385980" lon="24.3970760">
    <ele>1107.4</ele>
   </trkpt>
   <trkpt lat="-29.7386760" lon="24.3972210">
    <ele>1107.5</ele>
   </trkpt>
   <trkpt lat="-29.7387510" lon="24.3973700">
    <ele>1107.7</ele>
   </trkpt>
   <trkpt lat="-29.7388220" lon="24.3975250">
    <ele>1107.9</ele>
   </trkpt>
   <trkpt lat="-29.7388930" lon="24.3976800">
    <ele>1108.1</ele>
   </trkpt>
   <trkpt lat="-29.7389580" lon="24.3978380">
    <ele>1108.3</ele>
   </trkpt>
   <trkpt lat="-29.7390170" lon="24.3979960">
    <ele>1108.4</ele>
   </trkpt>
   <trkpt lat="-29.7390720" lon="24.3981540">
    <ele>1108.6</ele>
   </trkpt>
   <trkpt lat="-29.7391200" lon="24.3983110">
    <ele>1108.8</ele>
   </trkpt>
   <trkpt lat="-29.7391630" lon="24.3984670">
    <ele>1109.0</ele>
   </trkpt>
   <trkpt lat="-29.7392100" lon="24.3986240">
    <ele>1109.1</ele>
   </trkpt>
   <trkpt lat="-29.7392520" lon="24.3987830">
    <ele>1109.3</ele>
   </trkpt>
   <trkpt lat="-29.7392930" lon="24.3989460">
    <ele>1109.5</ele>
   </trkpt>
   <trkpt lat="-29.7393340" lon="24.3991060">
    <ele>1109.6</ele>
   </trkpt>
   <trkpt lat="-29.7393770" lon="24.3992610">
    <ele>1109.8</ele>
   </trkpt>
   <trkpt lat="-29.7394190" lon="24.3994120">
    <ele>1110.0</ele>
   </trkpt>
   <trkpt lat="-29.7394590" lon="24.3995690">
    <ele>1110.1</ele>
   </trkpt>
   <trkpt lat="-29.7395000" lon="24.3997290">
    <ele>1110.3</ele>
   </trkpt>
   <trkpt lat="-29.7395410" lon="24.3998900">
    <ele>1110.5</ele>
   </trkpt>
   <trkpt lat="-29.7395780" lon="24.4000570">
    <ele>1110.7</ele>
   </trkpt>
   <trkpt lat="-29.7396180" lon="24.4002250">
    <ele>1110.8</ele>
   </trkpt>
   <trkpt lat="-29.7396560" lon="24.4003960">
    <ele>1111.0</ele>
   </trkpt>
   <trkpt lat="-29.7396960" lon="24.4005650">
    <ele>1111.2</ele>
   </trkpt>
   <trkpt lat="-29.7397360" lon="24.4007330">
    <ele>1111.4</ele>
   </trkpt>
   <trkpt lat="-29.7397770" lon="24.4009030">
    <ele>1111.6</ele>
   </trkpt>
   <trkpt lat="-29.7398170" lon="24.4010720">
    <ele>1111.7</ele>
   </trkpt>
   <trkpt lat="-29.7398590" lon="24.4012430">
    <ele>1111.9</ele>
   </trkpt>
   <trkpt lat="-29.7398990" lon="24.4014130">
    <ele>1111.4</ele>
   </trkpt>
   <trkpt lat="-29.7399420" lon="24.4015880">
    <ele>1110.8</ele>
   </trkpt>
   <trkpt lat="-29.7399860" lon="24.4017670">
    <ele>1110.3</ele>
   </trkpt>
   <trkpt lat="-29.7400290" lon="24.4019440">
    <ele>1109.7</ele>
   </trkpt>
   <trkpt lat="-29.7400730" lon="24.4021220">
    <ele>1109.1</ele>
   </trkpt>
   <trkpt lat="-29.7401160" lon="24.4023000">
    <ele>1108.6</ele>
   </trkpt>
   <trkpt lat="-29.7401560" lon="24.4024780">
    <ele>1108.0</ele>
   </trkpt>
   <trkpt lat="-29.7401970" lon="24.4026540">
    <ele>1107.5</ele>
   </trkpt>
   <trkpt lat="-29.7402410" lon="24.4028270">
    <ele>1107.0</ele>
   </trkpt>
   <trkpt lat="-29.7402810" lon="24.4030020">
    <ele>1106.9</ele>
   </trkpt>
   <trkpt lat="-29.7403260" lon="24.4031730">
    <ele>1106.8</ele>
   </trkpt>
   <trkpt lat="-29.7403660" lon="24.4033450">
    <ele>1106.7</ele>
   </trkpt>
   <trkpt lat="-29.7404070" lon="24.4035160">
    <ele>1106.6</ele>
   </trkpt>
   <trkpt lat="-29.7404490" lon="24.4036880">
    <ele>1106.5</ele>
   </trkpt>
   <trkpt lat="-29.7404900" lon="24.4038590">
    <ele>1106.4</ele>
   </trkpt>
   <trkpt lat="-29.7405290" lon="24.4040330">
    <ele>1106.3</ele>
   </trkpt>
   <trkpt lat="-29.7405680" lon="24.4041980">
    <ele>1106.3</ele>
   </trkpt>
   <trkpt lat="-29.7406070" lon="24.4043620">
    <ele>1106.2</ele>
   </trkpt>
   <trkpt lat="-29.7406490" lon="24.4045230">
    <ele>1106.1</ele>
   </trkpt>
   <trkpt lat="-29.7406840" lon="24.4046840">
    <ele>1106.0</ele>
   </trkpt>
   <trkpt lat="-29.7407230" lon="24.4048390">
    <ele>1105.9</ele>
   </trkpt>
   <trkpt lat="-29.7407620" lon="24.4049960">
    <ele>1105.8</ele>
   </trkpt>
   <trkpt lat="-29.7407980" lon="24.4051530">
    <ele>1105.7</ele>
   </trkpt>
   <trkpt lat="-29.7408340" lon="24.4053130">
    <ele>1105.7</ele>
   </trkpt>
   <trkpt lat="-29.7408710" lon="24.4054750">
    <ele>1105.6</ele>
   </trkpt>
   <trkpt lat="-29.7409130" lon="24.4056370">
    <ele>1105.5</ele>
   </trkpt>
   <trkpt lat="-29.7409520" lon="24.4058020">
    <ele>1105.4</ele>
   </trkpt>
   <trkpt lat="-29.7409880" lon="24.4059700">
    <ele>1105.3</ele>
   </trkpt>
   <trkpt lat="-29.7410240" lon="24.4061400">
    <ele>1105.2</ele>
   </trkpt>
   <trkpt lat="-29.7410640" lon="24.4063120">
    <ele>1105.1</ele>
   </trkpt>
   <trkpt lat="-29.7411040" lon="24.4064860">
    <ele>1105.0</ele>
   </trkpt>
   <trkpt lat="-29.7411470" lon="24.4066630">
    <ele>1104.9</ele>
   </trkpt>
   <trkpt lat="-29.7411910" lon="24.4068420">
    <ele>1104.8</ele>
   </trkpt>
   <trkpt lat="-29.7412310" lon="24.4070260">
    <ele>1104.7</ele>
   </trkpt>
   <trkpt lat="-29.7412730" lon="24.4072120">
    <ele>1104.6</ele>
   </trkpt>
   <trkpt lat="-29.7413140" lon="24.4073970">
    <ele>1104.5</ele>
   </trkpt>
   <trkpt lat="-29.7413570" lon="24.4075780">
    <ele>1104.4</ele>
   </trkpt>
   <trkpt lat="-29.7413970" lon="24.4077550">
    <ele>1104.3</ele>
   </trkpt>
   <trkpt lat="-29.7414390" lon="24.4079310">
    <ele>1104.2</ele>
   </trkpt>
   <trkpt lat="-29.7414760" lon="24.4081050">
    <ele>1104.1</ele>
   </trkpt>
   <trkpt lat="-29.7415150" lon="24.4082760">
    <ele>1104.1</ele>
   </trkpt>
   <trkpt lat="-29.7415570" lon="24.4084470">
    <ele>1104.0</ele>
   </trkpt>
   <trkpt lat="-29.7416010" lon="24.4086210">
    <ele>1103.9</ele>
   </trkpt>
   <trkpt lat="-29.7416460" lon="24.4087900">
    <ele>1103.8</ele>
   </trkpt>
   <trkpt lat="-29.7417000" lon="24.4089680">
    <ele>1103.7</ele>
   </trkpt>
   <trkpt lat="-29.7417580" lon="24.4091470">
    <ele>1103.6</ele>
   </trkpt>
   <trkpt lat="-29.7418240" lon="24.4093280">
    <ele>1103.5</ele>
   </trkpt>
   <trkpt lat="-29.7418960" lon="24.4095040">
    <ele>1103.4</ele>
   </trkpt>
   <trkpt lat="-29.7419710" lon="24.4096770">
    <ele>1103.3</ele>
   </trkpt>
   <trkpt lat="-29.7420510" lon="24.4098490">
    <ele>1103.2</ele>
   </trkpt>
   <trkpt lat="-29.7421360" lon="24.4100210">
    <ele>1103.1</ele>
   </trkpt>
   <trkpt lat="-29.7422270" lon="24.4101830">
    <ele>1103.0</ele>
   </trkpt>
   <trkpt lat="-29.7423240" lon="24.4103440">
    <ele>1102.9</ele>
   </trkpt>
   <trkpt lat="-29.7424250" lon="24.4105030">
    <ele>1102.8</ele>
   </trkpt>
   <trkpt lat="-29.7425320" lon="24.4106640">
    <ele>1102.7</ele>
   </trkpt>
   <trkpt lat="-29.7426430" lon="24.4108230">
    <ele>1102.6</ele>
   </trkpt>
   <trkpt lat="-29.7427590" lon="24.4109780">
    <ele>1102.5</ele>
   </trkpt>
   <trkpt lat="-29.7428800" lon="24.4111380">
    <ele>1102.3</ele>
   </trkpt>
   <trkpt lat="-29.7429970" lon="24.4112920">
    <ele>1102.2</ele>
   </trkpt>
   <trkpt lat="-29.7431120" lon="24.4114420">
    <ele>1102.1</ele>
   </trkpt>
   <trkpt lat="-29.7432280" lon="24.4115910">
    <ele>1102.0</ele>
   </trkpt>
   <trkpt lat="-29.7433380" lon="24.4117350">
    <ele>1102.0</ele>
   </trkpt>
   <trkpt lat="-29.7434500" lon="24.4118760">
    <ele>1102.0</ele>
   </trkpt>
   <trkpt lat="-29.7435590" lon="24.4120170">
    <ele>1102.1</ele>
   </trkpt>
   <trkpt lat="-29.7436680" lon="24.4121620">
    <ele>1102.1</ele>
   </trkpt>
   <trkpt lat="-29.7437780" lon="24.4123070">
    <ele>1102.1</ele>
   </trkpt>
   <trkpt lat="-29.7438880" lon="24.4124480">
    <ele>1102.1</ele>
   </trkpt>
   <trkpt lat="-29.7439920" lon="24.4125870">
    <ele>1102.2</ele>
   </trkpt>
   <trkpt lat="-29.7440930" lon="24.4127250">
    <ele>1102.2</ele>
   </trkpt>
   <trkpt lat="-29.7441960" lon="24.4128580">
    <ele>1102.2</ele>
   </trkpt>
   <trkpt lat="-29.7442980" lon="24.4129910">
    <ele>1102.2</ele>
   </trkpt>
   <trkpt lat="-29.7444000" lon="24.4131220">
    <ele>1102.3</ele>
   </trkpt>
   <trkpt lat="-29.7445020" lon="24.4132570">
    <ele>1102.3</ele>
   </trkpt>
   <trkpt lat="-29.7446060" lon="24.4133910">
    <ele>1102.3</ele>
   </trkpt>
   <trkpt lat="-29.7447040" lon="24.4135190">
    <ele>1102.3</ele>
   </trkpt>
   <trkpt lat="-29.7447980" lon="24.4136450">
    <ele>1102.4</ele>
   </trkpt>
   <trkpt lat="-29.7448910" lon="24.4137670">
    <ele>1102.4</ele>
   </trkpt>
   <trkpt lat="-29.7449850" lon="24.4138950">
    <ele>1102.4</ele>
   </trkpt>
   <trkpt lat="-29.7450790" lon="24.4140210">
    <ele>1102.4</ele>
   </trkpt>
   <trkpt lat="-29.7451780" lon="24.4141460">
    <ele>1102.4</ele>
   </trkpt>
   <trkpt lat="-29.7452790" lon="24.4142770">
    <ele>1102.5</ele>
   </trkpt>
   <trkpt lat="-29.7453810" lon="24.4144110">
    <ele>1102.5</ele>
   </trkpt>
   <trkpt lat="-29.7454840" lon="24.4145430">
    <ele>1102.5</ele>
   </trkpt>
   <trkpt lat="-29.7455840" lon="24.4146820">
    <ele>1102.5</ele>
   </trkpt>
   <trkpt lat="-29.7456890" lon="24.4148220">
    <ele>1102.6</ele>
   </trkpt>
   <trkpt lat="-29.7457920" lon="24.4149640">
    <ele>1102.6</ele>
   </trkpt>
   <trkpt lat="-29.7459010" lon="24.4151100">
    <ele>1102.6</ele>
   </trkpt>
   <trkpt lat="-29.7460090" lon="24.4152570">
    <ele>1102.6</ele>
   </trkpt>
   <trkpt lat="-29.7461260" lon="24.4154100">
    <ele>1102.7</ele>
   </trkpt>
   <trkpt lat="-29.7462380" lon="24.4155440">
    <ele>1102.7</ele>
   </trkpt>
   <trkpt lat="-29.7463510" lon="24.4156930">
    <ele>1102.7</ele>
   </trkpt>
   <trkpt lat="-29.7464630" lon="24.4158430">
    <ele>1102.7</ele>
   </trkpt>
   <trkpt lat="-29.7465740" lon="24.4159900">
    <ele>1102.8</ele>
   </trkpt>
   <trkpt lat="-29.7466900" lon="24.4161420">
    <ele>1102.8</ele>
   </trkpt>
   <trkpt lat="-29.7468070" lon="24.4162910">
    <ele>1102.8</ele>
   </trkpt>
   <trkpt lat="-29.7469240" lon="24.4164380">
    <ele>1102.8</ele>
   </trkpt>
   <trkpt lat="-29.7470360" lon="24.4165850">
    <ele>1102.9</ele>
   </trkpt>
   <trkpt lat="-29.7471540" lon="24.4167350">
    <ele>1102.9</ele>
   </trkpt>
   <trkpt lat="-29.7472730" lon="24.4168970">
    <ele>1102.9</ele>
   </trkpt>
   <trkpt lat="-29.7473860" lon="24.4170380">
    <ele>1103.0</ele>
   </trkpt>
   <trkpt lat="-29.7475020" lon="24.4171890">
    <ele>1103.0</ele>
   </trkpt>
   <trkpt lat="-29.7476170" lon="24.4173380">
    <ele>1103.0</ele>
   </trkpt>
   <trkpt lat="-29.7477350" lon="24.4174930">
    <ele>1103.1</ele>
   </trkpt>
   <trkpt lat="-29.7478490" lon="24.4176470">
    <ele>1103.1</ele>
   </trkpt>
   <trkpt lat="-29.7479640" lon="24.4177980">
    <ele>1103.2</ele>
   </trkpt>
   <trkpt lat="-29.7480770" lon="24.4179530">
    <ele>1103.3</ele>
   </trkpt>
   <trkpt lat="-29.7481940" lon="24.4181020">
    <ele>1103.4</ele>
   </trkpt>
   <trkpt lat="-29.7483140" lon="24.4182640">
    <ele>1103.5</ele>
   </trkpt>
   <trkpt lat="-29.7484320" lon="24.4184130">
    <ele>1103.6</ele>
   </trkpt>
   <trkpt lat="-29.7485480" lon="24.4185670">
    <ele>1103.7</ele>
   </trkpt>
   <trkpt lat="-29.7486670" lon="24.4187320">
    <ele>1103.8</ele>
   </trkpt>
   <trkpt lat="-29.7487870" lon="24.4188850">
    <ele>1103.9</ele>
   </trkpt>
   <trkpt lat="-29.7489050" lon="24.4190390">
    <ele>1103.9</ele>
   </trkpt>
   <trkpt lat="-29.7490220" lon="24.4191930">
    <ele>1104.0</ele>
   </trkpt>
   <trkpt lat="-29.7491320" lon="24.4193440">
    <ele>1104.0</ele>
   </trkpt>
   <trkpt lat="-29.7492460" lon="24.4194930">
    <ele>1104.0</ele>
   </trkpt>
   <trkpt lat="-29.7493540" lon="24.4196440">
    <ele>1104.0</ele>
   </trkpt>
   <trkpt lat="-29.7494620" lon="24.4197900">
    <ele>1104.1</ele>
   </trkpt>
   <trkpt lat="-29.7495730" lon="24.4199340">
    <ele>1104.3</ele>
   </trkpt>
   <trkpt lat="-29.7496860" lon="24.4200860">
    <ele>1104.5</ele>
   </trkpt>
   <trkpt lat="-29.7498030" lon="24.4202380">
    <ele>1104.7</ele>
   </trkpt>
   <trkpt lat="-29.7499200" lon="24.4203950">
    <ele>1105.0</ele>
   </trkpt>
   <trkpt lat="-29.7500390" lon="24.4205490">
    <ele>1105.2</ele>
   </trkpt>
   <trkpt lat="-29.7501520" lon="24.4206950">
    <ele>1105.5</ele>
   </trkpt>
   <trkpt lat="-29.7502630" lon="24.4208400">
    <ele>1105.7</ele>
   </trkpt>
   <trkpt lat="-29.7503720" lon="24.4209850">
    <ele>1105.9</ele>
   </trkpt>
   <trkpt lat="-29.7504810" lon="24.4211300">
    <ele>1106.1</ele>
   </trkpt>
   <trkpt lat="-29.7505900" lon="24.4212780">
    <ele>1106.4</ele>
   </trkpt>
   <trkpt lat="-29.7507020" lon="24.4214250">
    <ele>1106.6</ele>
   </trkpt>
   <trkpt lat="-29.7508140" lon="24.4215770">
    <ele>1106.8</ele>
   </trkpt>
   <trkpt lat="-29.7509260" lon="24.4217270">
    <ele>1107.0</ele>
   </trkpt>
   <trkpt lat="-29.7510420" lon="24.4218740">
    <ele>1107.3</ele>
   </trkpt>
   <trkpt lat="-29.7511590" lon="24.4220220">
    <ele>1107.5</ele>
   </trkpt>
   <trkpt lat="-29.7512760" lon="24.4221700">
    <ele>1107.7</ele>
   </trkpt>
   <trkpt lat="-29.7513900" lon="24.4223210">
    <ele>1108.0</ele>
   </trkpt>
   <trkpt lat="-29.7515040" lon="24.4224730">
    <ele>1108.2</ele>
   </trkpt>
   <trkpt lat="-29.7516200" lon="24.4226290">
    <ele>1108.5</ele>
   </trkpt>
   <trkpt lat="-29.7517370" lon="24.4227860">
    <ele>1108.7</ele>
   </trkpt>
   <trkpt lat="-29.7518560" lon="24.4229450">
    <ele>1108.9</ele>
   </trkpt>
   <trkpt lat="-29.7519770" lon="24.4231070">
    <ele>1109.2</ele>
   </trkpt>
   <trkpt lat="-29.7521020" lon="24.4232660">
    <ele>1109.4</ele>
   </trkpt>
   <trkpt lat="-29.7522250" lon="24.4234270">
    <ele>1109.7</ele>
   </trkpt>
   <trkpt lat="-29.7523480" lon="24.4235910">
    <ele>1109.9</ele>
   </trkpt>
   <trkpt lat="-29.7524710" lon="24.4237520">
    <ele>1110.2</ele>
   </trkpt>
   <trkpt lat="-29.7525960" lon="24.4239150">
    <ele>1110.4</ele>
   </trkpt>
   <trkpt lat="-29.7527210" lon="24.4240750">
    <ele>1110.7</ele>
   </trkpt>
   <trkpt lat="-29.7528450" lon="24.4242370">
    <ele>1110.9</ele>
   </trkpt>
   <trkpt lat="-29.7529670" lon="24.4243990">
    <ele>1111.2</ele>
   </trkpt>
   <trkpt lat="-29.7530890" lon="24.4245630">
    <ele>1111.4</ele>
   </trkpt>
   <trkpt lat="-29.7532120" lon="24.4247270">
    <ele>1111.7</ele>
   </trkpt>
   <trkpt lat="-29.7533350" lon="24.4248860">
    <ele>1111.9</ele>
   </trkpt>
   <trkpt lat="-29.7534600" lon="24.4250480">
    <ele>1112.2</ele>
   </trkpt>
   <trkpt lat="-29.7535860" lon="24.4252080">
    <ele>1112.4</ele>
   </trkpt>
   <trkpt lat="-29.7537110" lon="24.4253640">
    <ele>1112.7</ele>
   </trkpt>
   <trkpt lat="-29.7538350" lon="24.4255200">
    <ele>1112.9</ele>
   </trkpt>
   <trkpt lat="-29.7539560" lon="24.4256750">
    <ele>1113.2</ele>
   </trkpt>
   <trkpt lat="-29.7540740" lon="24.4258250">
    <ele>1113.4</ele>
   </trkpt>
   <trkpt lat="-29.7541870" lon="24.4259750">
    <ele>1113.7</ele>
   </trkpt>
   <trkpt lat="-29.7543050" lon="24.4261250">
    <ele>1113.9</ele>
   </trkpt>
   <trkpt lat="-29.7544220" lon="24.4262710">
    <ele>1114.1</ele>
   </trkpt>
   <trkpt lat="-29.7545390" lon="24.4264190">
    <ele>1114.4</ele>
   </trkpt>
   <trkpt lat="-29.7546520" lon="24.4265650">
    <ele>1114.6</ele>
   </trkpt>
   <trkpt lat="-29.7547670" lon="24.4267200">
    <ele>1114.8</ele>
   </trkpt>
   <trkpt lat="-29.7548820" lon="24.4268720">
    <ele>1115.1</ele>
   </trkpt>
   <trkpt lat="-29.7549950" lon="24.4270200">
    <ele>1115.3</ele>
   </trkpt>
   <trkpt lat="-29.7551080" lon="24.4271700">
    <ele>1115.5</ele>
   </trkpt>
   <trkpt lat="-29.7552240" lon="24.4273280">
    <ele>1115.8</ele>
   </trkpt>
   <trkpt lat="-29.7553430" lon="24.4274840">
    <ele>1116.0</ele>
   </trkpt>
   <trkpt lat="-29.7554610" lon="24.4276380">
    <ele>1115.9</ele>
   </trkpt>
   <trkpt lat="-29.7555800" lon="24.4277880">
    <ele>1115.9</ele>
   </trkpt>
   <trkpt lat="-29.7556990" lon="24.4279380">
    <ele>1115.8</ele>
   </trkpt>
   <trkpt lat="-29.7558190" lon="24.4280940">
    <ele>1115.8</ele>
   </trkpt>
   <trkpt lat="-29.7559390" lon="24.4282530">
    <ele>1115.8</ele>
   </trkpt>
   <trkpt lat="-29.7560590" lon="24.4284090">
    <ele>1115.7</ele>
   </trkpt>
   <trkpt lat="-29.7561790" lon="24.4285700">
    <ele>1115.7</ele>
   </trkpt>
   <trkpt lat="-29.7562990" lon="24.4287300">
    <ele>1115.6</ele>
   </trkpt>
   <trkpt lat="-29.7564230" lon="24.4288920">
    <ele>1115.6</ele>
   </trkpt>
   <trkpt lat="-29.7565420" lon="24.4290480">
    <ele>1115.5</ele>
   </trkpt>
   <trkpt lat="-29.7566580" lon="24.4292010">
    <ele>1115.5</ele>
   </trkpt>
   <trkpt lat="-29.7567740" lon="24.4293530">
    <ele>1115.4</ele>
   </trkpt>
   <trkpt lat="-29.7568870" lon="24.4295000">
    <ele>1115.4</ele>
   </trkpt>
   <trkpt lat="-29.7569990" lon="24.4296410">
    <ele>1115.4</ele>
   </trkpt>
   <trkpt lat="-29.7571070" lon="24.4297820">
    <ele>1115.3</ele>
   </trkpt>
   <trkpt lat="-29.7572100" lon="24.4299210">
    <ele>1115.3</ele>
   </trkpt>
   <trkpt lat="-29.7573100" lon="24.4300540">
    <ele>1115.2</ele>
   </trkpt>
   <trkpt lat="-29.7574070" lon="24.4301860">
    <ele>1115.2</ele>
   </trkpt>
   <trkpt lat="-29.7575050" lon="24.4303120">
    <ele>1115.2</ele>
   </trkpt>
   <trkpt lat="-29.7576070" lon="24.4304410">
    <ele>1115.1</ele>
   </trkpt>
   <trkpt lat="-29.7577120" lon="24.4305640">
    <ele>1115.1</ele>
   </trkpt>
   <trkpt lat="-29.7578270" lon="24.4306840">
    <ele>1115.1</ele>
   </trkpt>
   <trkpt lat="-29.7579450" lon="24.4307950">
    <ele>1115.0</ele>
   </trkpt>
   <trkpt lat="-29.7580690" lon="24.4309010">
    <ele>1114.8</ele>
   </trkpt>
   <trkpt lat="-29.7582010" lon="24.4310000">
    <ele>1114.5</ele>
   </trkpt>
   <trkpt lat="-29.7583320" lon="24.4310950">
    <ele>1114.2</ele>
   </trkpt>
   <trkpt lat="-29.7584760" lon="24.4311910">
    <ele>1113.9</ele>
   </trkpt>
   <trkpt lat="-29.7586160" lon="24.4312740">
    <ele>1113.6</ele>
   </trkpt>
   <trkpt lat="-29.7587590" lon="24.4313570">
    <ele>1113.3</ele>
   </trkpt>
   <trkpt lat="-29.7589100" lon="24.4314360">
    <ele>1113.0</ele>
   </trkpt>
   <trkpt lat="-29.7590680" lon="24.4315100">
    <ele>1112.7</ele>
   </trkpt>
   <trkpt lat="-29.7592290" lon="24.4315800">
    <ele>1112.4</ele>
   </trkpt>
   <trkpt lat="-29.7593910" lon="24.4316390">
    <ele>1112.1</ele>
   </trkpt>
   <trkpt lat="-29.7595480" lon="24.4316870">
    <ele>1111.8</ele>
   </trkpt>
   <trkpt lat="-29.7597060" lon="24.4317240">
    <ele>1111.5</ele>
   </trkpt>
   <trkpt lat="-29.7598640" lon="24.4317580">
    <ele>1111.2</ele>
   </trkpt>
   <trkpt lat="-29.7600240" lon="24.4317870">
    <ele>1111.0</ele>
   </trkpt>
   <trkpt lat="-29.7601840" lon="24.4318070">
    <ele>1111.0</ele>
   </trkpt>
   <trkpt lat="-29.7603390" lon="24.4318250">
    <ele>1111.0</ele>
   </trkpt>
   <trkpt lat="-29.7604920" lon="24.4318370">
    <ele>1111.0</ele>
   </trkpt>
   <trkpt lat="-29.7606450" lon="24.4318440">
    <ele>1111.0</ele>
   </trkpt>
   <trkpt lat="-29.7607980" lon="24.4318430">
    <ele>1110.7</ele>
   </trkpt>
   <trkpt lat="-29.7609530" lon="24.4318330">
    <ele>1110.4</ele>
   </trkpt>
   <trkpt lat="-29.7611060" lon="24.4318090">
    <ele>1110.1</ele>
   </trkpt>
   <trkpt lat="-29.7612540" lon="24.4317700">
    <ele>1109.7</ele>
   </trkpt>
   <trkpt lat="-29.7614040" lon="24.4317320">
    <ele>1109.4</ele>
   </trkpt>
   <trkpt lat="-29.7615560" lon="24.4316920">
    <ele>1109.1</ele>
   </trkpt>
   <trkpt lat="-29.7617130" lon="24.4316500">
    <ele>1108.7</ele>
   </trkpt>
   <trkpt lat="-29.7618730" lon="24.4316060">
    <ele>1108.4</ele>
   </trkpt>
   <trkpt lat="-29.7620350" lon="24.4315610">
    <ele>1108.0</ele>
   </trkpt>
   <trkpt lat="-29.7622000" lon="24.4315130">
    <ele>1107.6</ele>
   </trkpt>
   <trkpt lat="-29.7623740" lon="24.4314650">
    <ele>1107.2</ele>
   </trkpt>
   <trkpt lat="-29.7625470" lon="24.4314170">
    <ele>1106.9</ele>
   </trkpt>
   <trkpt lat="-29.7627190" lon="24.4313660">
    <ele>1106.5</ele>
   </trkpt>
   <trkpt lat="-29.7628890" lon="24.4313170">
    <ele>1106.1</ele>
   </trkpt>
   <trkpt lat="-29.7630580" lon="24.4312690">
    <ele>1105.7</ele>
   </trkpt>
   <trkpt lat="-29.7632260" lon="24.4312240">
    <ele>1105.4</ele>
   </trkpt>
   <trkpt lat="-29.7633880" lon="24.4311760">
    <ele>1105.0</ele>
   </trkpt>
   <trkpt lat="-29.7635470" lon="24.4311300">
    <ele>1104.6</ele>
   </trkpt>
   <trkpt lat="-29.7637040" lon="24.4310870">
    <ele>1104.3</ele>
   </trkpt>
   <trkpt lat="-29.7638520" lon="24.4310440">
    <ele>1104.0</ele>
   </trkpt>
   <trkpt lat="-29.7639990" lon="24.4310040">
    <ele>1104.0</ele>
   </trkpt>
   <trkpt lat="-29.7641420" lon="24.4309630">
    <ele>1103.9</ele>
   </trkpt>
   <trkpt lat="-29.7642810" lon="24.4309210">
    <ele>1103.8</ele>
   </trkpt>
   <trkpt lat="-29.7644250" lon="24.4308780">
    <ele>1103.6</ele>
   </trkpt>
   <trkpt lat="-29.7645720" lon="24.4308360">
    <ele>1103.5</ele>
   </trkpt>
   <trkpt lat="-29.7647220" lon="24.4307940">
    <ele>1103.4</ele>
   </trkpt>
   <trkpt lat="-29.7648740" lon="24.4307520">
    <ele>1103.3</ele>
   </trkpt>
   <trkpt lat="-29.7650310" lon="24.4307090">
    <ele>1103.1</ele>
   </trkpt>
   <trkpt lat="-29.7651850" lon="24.4306640">
    <ele>1103.0</ele>
   </trkpt>
   <trkpt lat="-29.7653360" lon="24.4306210">
    <ele>1102.9</ele>
   </trkpt>
   <trkpt lat="-29.7654850" lon="24.4305770">
    <ele>1102.7</ele>
   </trkpt>
   <trkpt lat="-29.7656350" lon="24.4305350">
    <ele>1102.6</ele>
   </trkpt>
   <trkpt lat="-29.7657840" lon="24.4304970">
    <ele>1102.5</ele>
   </trkpt>
   <trkpt lat="-29.7659310" lon="24.4304560">
    <ele>1102.3</ele>
   </trkpt>
   <trkpt lat="-29.7660810" lon="24.4304170">
    <ele>1102.2</ele>
   </trkpt>
   <trkpt lat="-29.7662320" lon="24.4303730">
    <ele>1102.1</ele>
   </trkpt>
   <trkpt lat="-29.7663870" lon="24.4303320">
    <ele>1102.0</ele>
   </trkpt>
   <trkpt lat="-29.7665410" lon="24.4302850">
    <ele>1101.8</ele>
   </trkpt>
   <trkpt lat="-29.7666980" lon="24.4302460">
    <ele>1101.7</ele>
   </trkpt>
   <trkpt lat="-29.7668570" lon="24.4302010">
    <ele>1101.5</ele>
   </trkpt>
   <trkpt lat="-29.7670160" lon="24.4301550">
    <ele>1101.4</ele>
   </trkpt>
   <trkpt lat="-29.7671760" lon="24.4301130">
    <ele>1101.3</ele>
   </trkpt>
   <trkpt lat="-29.7673360" lon="24.4300690">
    <ele>1101.1</ele>
   </trkpt>
   <trkpt lat="-29.7674940" lon="24.4300250">
    <ele>1101.0</ele>
   </trkpt>
   <trkpt lat="-29.7676560" lon="24.4299820">
    <ele>1100.9</ele>
   </trkpt>
   <trkpt lat="-29.7678190" lon="24.4299380">
    <ele>1100.7</ele>
   </trkpt>
   <trkpt lat="-29.7679810" lon="24.4298920">
    <ele>1100.6</ele>
   </trkpt>
   <trkpt lat="-29.7681460" lon="24.4298420">
    <ele>1100.4</ele>
   </trkpt>
   <trkpt lat="-29.7683080" lon="24.4297930">
    <ele>1100.3</ele>
   </trkpt>
   <trkpt lat="-29.7684710" lon="24.4297450">
    <ele>1100.2</ele>
   </trkpt>
   <trkpt lat="-29.7686370" lon="24.4296980">
    <ele>1100.2</ele>
   </trkpt>
   <trkpt lat="-29.7688020" lon="24.4296520">
    <ele>1100.6</ele>
   </trkpt>
   <trkpt lat="-29.7689680" lon="24.4296060">
    <ele>1101.0</ele>
   </trkpt>
   <trkpt lat="-29.7691350" lon="24.4295580">
    <ele>1101.4</ele>
   </trkpt>
   <trkpt lat="-29.7693020" lon="24.4295100">
    <ele>1101.8</ele>
   </trkpt>
   <trkpt lat="-29.7694700" lon="24.4294610">
    <ele>1102.2</ele>
   </trkpt>
   <trkpt lat="-29.7696380" lon="24.4294140">
    <ele>1102.6</ele>
   </trkpt>
   <trkpt lat="-29.7698090" lon="24.4293710">
    <ele>1103.1</ele>
   </trkpt>
   <trkpt lat="-29.7699790" lon="24.4293240">
    <ele>1103.5</ele>
   </trkpt>
   <trkpt lat="-29.7701510" lon="24.4292780">
    <ele>1103.9</ele>
   </trkpt>
   <trkpt lat="-29.7703210" lon="24.4292320">
    <ele>1104.3</ele>
   </trkpt>
   <trkpt lat="-29.7704900" lon="24.4291820">
    <ele>1104.7</ele>
   </trkpt>
   <trkpt lat="-29.7706600" lon="24.4291320">
    <ele>1105.1</ele>
   </trkpt>
   <trkpt lat="-29.7708280" lon="24.4290850">
    <ele>1105.6</ele>
   </trkpt>
   <trkpt lat="-29.7709990" lon="24.4290380">
    <ele>1106.0</ele>
   </trkpt>
   <trkpt lat="-29.7711650" lon="24.4289890">
    <ele>1106.4</ele>
   </trkpt>
   <trkpt lat="-29.7713270" lon="24.4289440">
    <ele>1106.8</ele>
   </trkpt>
   <trkpt lat="-29.7714880" lon="24.4288980">
    <ele>1107.2</ele>
   </trkpt>
   <trkpt lat="-29.7716480" lon="24.4288520">
    <ele>1107.6</ele>
   </trkpt>
   <trkpt lat="-29.7718080" lon="24.4288090">
    <ele>1108.0</ele>
   </trkpt>
   <trkpt lat="-29.7719690" lon="24.4287670">
    <ele>1108.3</ele>
   </trkpt>
   <trkpt lat="-29.7721280" lon="24.4287200">
    <ele>1108.7</ele>
   </trkpt>
   <trkpt lat="-29.7722900" lon="24.4286730">
    <ele>1109.1</ele>
   </trkpt>
   <trkpt lat="-29.7724480" lon="24.4286280">
    <ele>1109.5</ele>
   </trkpt>
   <trkpt lat="-29.7726070" lon="24.4285820">
    <ele>1109.9</ele>
   </trkpt>
   <trkpt lat="-29.7727680" lon="24.4285350">
    <ele>1110.3</ele>
   </trkpt>
   <trkpt lat="-29.7729270" lon="24.4284890">
    <ele>1110.7</ele>
   </trkpt>
   <trkpt lat="-29.7730850" lon="24.4284440">
    <ele>1111.0</ele>
   </trkpt>
   <trkpt lat="-29.7732450" lon="24.4283990">
    <ele>1110.9</ele>
   </trkpt>
   <trkpt lat="-29.7734060" lon="24.4283540">
    <ele>1110.8</ele>
   </trkpt>
   <trkpt lat="-29.7735670" lon="24.4283100">
    <ele>1110.7</ele>
   </trkpt>
   <trkpt lat="-29.7737310" lon="24.4282660">
    <ele>1110.6</ele>
   </trkpt>
   <trkpt lat="-29.7738970" lon="24.4282190">
    <ele>1110.5</ele>
   </trkpt>
   <trkpt lat="-29.7740650" lon="24.4281710">
    <ele>1110.4</ele>
   </trkpt>
   <trkpt lat="-29.7742370" lon="24.4281250">
    <ele>1110.3</ele>
   </trkpt>
   <trkpt lat="-29.7744090" lon="24.4280800">
    <ele>1110.2</ele>
   </trkpt>
   <trkpt lat="-29.7745780" lon="24.4280330">
    <ele>1110.1</ele>
   </trkpt>
   <trkpt lat="-29.7747570" lon="24.4279890">
    <ele>1110.0</ele>
   </trkpt>
   <trkpt lat="-29.7749350" lon="24.4279410">
    <ele>1109.9</ele>
   </trkpt>
   <trkpt lat="-29.7751140" lon="24.4278930">
    <ele>1109.8</ele>
   </trkpt>
   <trkpt lat="-29.7752940" lon="24.4278420">
    <ele>1109.7</ele>
   </trkpt>
   <trkpt lat="-29.7754740" lon="24.4277910">
    <ele>1109.6</ele>
   </trkpt>
   <trkpt lat="-29.7756470" lon="24.4277420">
    <ele>1109.5</ele>
   </trkpt>
   <trkpt lat="-29.7758210" lon="24.4276930">
    <ele>1109.4</ele>
   </trkpt>
   <trkpt lat="-29.7759900" lon="24.4276420">
    <ele>1109.4</ele>
   </trkpt>
   <trkpt lat="-29.7761550" lon="24.4275920">
    <ele>1109.3</ele>
   </trkpt>
   <trkpt lat="-29.7763170" lon="24.4275490">
    <ele>1109.2</ele>
   </trkpt>
   <trkpt lat="-29.7764850" lon="24.4275060">
    <ele>1109.1</ele>
   </trkpt>
   <trkpt lat="-29.7766490" lon="24.4274580">
    <ele>1109.0</ele>
   </trkpt>
   <trkpt lat="-29.7768120" lon="24.4274100">
    <ele>1108.9</ele>
   </trkpt>
   <trkpt lat="-29.7769790" lon="24.4273570">
    <ele>1108.8</ele>
   </trkpt>
   <trkpt lat="-29.7771440" lon="24.4272990">
    <ele>1108.7</ele>
   </trkpt>
   <trkpt lat="-29.7773080" lon="24.4272360">
    <ele>1108.6</ele>
   </trkpt>
   <trkpt lat="-29.7774690" lon="24.4271720">
    <ele>1108.5</ele>
   </trkpt>
   <trkpt lat="-29.7776260" lon="24.4271080">
    <ele>1108.4</ele>
   </trkpt>
   <trkpt lat="-29.7777810" lon="24.4270330">
    <ele>1108.4</ele>
   </trkpt>
   <trkpt lat="-29.7779370" lon="24.4269590">
    <ele>1108.3</ele>
   </trkpt>
   <trkpt lat="-29.7780910" lon="24.4268820">
    <ele>1108.2</ele>
   </trkpt>
   <trkpt lat="-29.7782420" lon="24.4268000">
    <ele>1108.1</ele>
   </trkpt>
   <trkpt lat="-29.7783900" lon="24.4267130">
    <ele>1108.0</ele>
   </trkpt>
   <trkpt lat="-29.7785360" lon="24.4266200">
    <ele>1107.9</ele>
   </trkpt>
   <trkpt lat="-29.7786790" lon="24.4265230">
    <ele>1107.8</ele>
   </trkpt>
   <trkpt lat="-29.7788200" lon="24.4264190">
    <ele>1107.7</ele>
   </trkpt>
   <trkpt lat="-29.7789600" lon="24.4263120">
    <ele>1107.6</ele>
   </trkpt>
   <trkpt lat="-29.7790990" lon="24.4261980">
    <ele>1107.5</ele>
   </trkpt>
   <trkpt lat="-29.7792340" lon="24.4260830">
    <ele>1107.5</ele>
   </trkpt>
   <trkpt lat="-29.7793680" lon="24.4259670">
    <ele>1107.4</ele>
   </trkpt>
   <trkpt lat="-29.7795000" lon="24.4258450">
    <ele>1107.3</ele>
   </trkpt>
   <trkpt lat="-29.7796280" lon="24.4257150">
    <ele>1107.2</ele>
   </trkpt>
   <trkpt lat="-29.7797510" lon="24.4255730">
    <ele>1106.9</ele>
   </trkpt>
   <trkpt lat="-29.7798770" lon="24.4254320">
    <ele>1106.4</ele>
   </trkpt>
   <trkpt lat="-29.7799980" lon="24.4252880">
    <ele>1106.0</ele>
   </trkpt>
   <trkpt lat="-29.7801110" lon="24.4251400">
    <ele>1105.5</ele>
   </trkpt>
   <trkpt lat="-29.7802250" lon="24.4249940">
    <ele>1105.0</ele>
   </trkpt>
   <trkpt lat="-29.7803330" lon="24.4248460">
    <ele>1104.6</ele>
   </trkpt>
   <trkpt lat="-29.7804360" lon="24.4246950">
    <ele>1104.1</ele>
   </trkpt>
   <trkpt lat="-29.7805380" lon="24.4245430">
    <ele>1103.6</ele>
   </trkpt>
   <trkpt lat="-29.7806360" lon="24.4243910">
    <ele>1103.2</ele>
   </trkpt>
   <trkpt lat="-29.7807320" lon="24.4242390">
    <ele>1102.8</ele>
   </trkpt>
   <trkpt lat="-29.7808280" lon="24.4240890">
    <ele>1102.3</ele>
   </trkpt>
   <trkpt lat="-29.7809270" lon="24.4239410">
    <ele>1101.9</ele>
   </trkpt>
   <trkpt lat="-29.7810240" lon="24.4237940">
    <ele>1101.4</ele>
   </trkpt>
   <trkpt lat="-29.7811210" lon="24.4236470">
    <ele>1101.0</ele>
   </trkpt>
   <trkpt lat="-29.7812170" lon="24.4235000">
    <ele>1100.6</ele>
   </trkpt>
   <trkpt lat="-29.7813120" lon="24.4233540">
    <ele>1100.1</ele>
   </trkpt>
   <trkpt lat="-29.7814040" lon="24.4232080">
    <ele>1099.7</ele>
   </trkpt>
   <trkpt lat="-29.7814990" lon="24.4230630">
    <ele>1099.3</ele>
   </trkpt>
   <trkpt lat="-29.7815940" lon="24.4229210">
    <ele>1098.8</ele>
   </trkpt>
   <trkpt lat="-29.7816920" lon="24.4227800">
    <ele>1098.4</ele>
   </trkpt>
   <trkpt lat="-29.7817840" lon="24.4226330">
    <ele>1098.1</ele>
   </trkpt>
   <trkpt lat="-29.7818770" lon="24.4224880">
    <ele>1098.0</ele>
   </trkpt>
   <trkpt lat="-29.7819750" lon="24.4223430">
    <ele>1097.8</ele>
   </trkpt>
   <trkpt lat="-29.7820690" lon="24.4221970">
    <ele>1097.7</ele>
   </trkpt>
   <trkpt lat="-29.7821670" lon="24.4220500">
    <ele>1097.6</ele>
   </trkpt>
   <trkpt lat="-29.7822650" lon="24.4219030">
    <ele>1097.5</ele>
   </trkpt>
   <trkpt lat="-29.7823640" lon="24.4217520">
    <ele>1097.4</ele>
   </trkpt>
   <trkpt lat="-29.7824650" lon="24.4216000">
    <ele>1097.3</ele>
   </trkpt>
   <trkpt lat="-29.7825660" lon="24.4214480">
    <ele>1097.1</ele>
   </trkpt>
   <trkpt lat="-29.7826640" lon="24.4212990">
    <ele>1097.0</ele>
   </trkpt>
   <trkpt lat="-29.7827630" lon="24.4211530">
    <ele>1096.9</ele>
   </trkpt>
   <trkpt lat="-29.7828610" lon="24.4210050">
    <ele>1096.8</ele>
   </trkpt>
   <trkpt lat="-29.7829580" lon="24.4208570">
    <ele>1096.7</ele>
   </trkpt>
   <trkpt lat="-29.7830600" lon="24.4207100">
    <ele>1096.6</ele>
   </trkpt>
   <trkpt lat="-29.7831590" lon="24.4205630">
    <ele>1096.4</ele>
   </trkpt>
   <trkpt lat="-29.7832600" lon="24.4204140">
    <ele>1096.3</ele>
   </trkpt>
   <trkpt lat="-29.7833540" lon="24.4202600">
    <ele>1096.2</ele>
   </trkpt>
   <trkpt lat="-29.7834550" lon="24.4201110">
    <ele>1096.1</ele>
   </trkpt>
   <trkpt lat="-29.7835550" lon="24.4199590">
    <ele>1096.0</ele>
   </trkpt>
   <trkpt lat="-29.7836580" lon="24.4198070">
    <ele>1095.8</ele>
   </trkpt>
   <trkpt lat="-29.7837590" lon="24.4196520">
    <ele>1095.7</ele>
   </trkpt>
   <trkpt lat="-29.7838620" lon="24.4194960">
    <ele>1095.6</ele>
   </trkpt>
   <trkpt lat="-29.7839650" lon="24.4193370">
    <ele>1095.5</ele>
   </trkpt>
   <trkpt lat="-29.7840710" lon="24.4191740">
    <ele>1095.4</ele>
   </trkpt>
   <trkpt lat="-29.7841780" lon="24.4190110">
    <ele>1095.2</ele>
   </trkpt>
   <trkpt lat="-29.7842850" lon="24.4188500">
    <ele>1095.1</ele>
   </trkpt>
   <trkpt lat="-29.7843940" lon="24.4186900">
    <ele>1095.0</ele>
   </trkpt>
   <trkpt lat="-29.7845030" lon="24.4185280">
    <ele>1094.9</ele>
   </trkpt>
   <trkpt lat="-29.7846130" lon="24.4183650">
    <ele>1094.8</ele>
   </trkpt>
   <trkpt lat="-29.7847190" lon="24.4182050">
    <ele>1094.7</ele>
   </trkpt>
   <trkpt lat="-29.7848150" lon="24.4180500">
    <ele>1094.7</ele>
   </trkpt>
   <trkpt lat="-29.7849100" lon="24.4178930">
    <ele>1094.6</ele>
   </trkpt>
   <trkpt lat="-29.7850080" lon="24.4177440">
    <ele>1094.5</ele>
   </trkpt>
   <trkpt lat="-29.7851040" lon="24.4175970">
    <ele>1094.5</ele>
   </trkpt>
   <trkpt lat="-29.7851970" lon="24.4174580">
    <ele>1094.4</ele>
   </trkpt>
   <trkpt lat="-29.7852860" lon="24.4173210">
    <ele>1094.3</ele>
   </trkpt>
   <trkpt lat="-29.7853780" lon="24.4171840">
    <ele>1094.3</ele>
   </trkpt>
   <trkpt lat="-29.7854680" lon="24.4170510">
    <ele>1094.2</ele>
   </trkpt>
   <trkpt lat="-29.7855560" lon="24.4169210">
    <ele>1094.1</ele>
   </trkpt>
   <trkpt lat="-29.7856460" lon="24.4167920">
    <ele>1094.1</ele>
   </trkpt>
   <trkpt lat="-29.7857290" lon="24.4166660">
    <ele>1094.0</ele>
   </trkpt>
   <trkpt lat="-29.7858140" lon="24.4165360">
    <ele>1093.9</ele>
   </trkpt>
   <trkpt lat="-29.7859890" lon="24.4162740">
    <ele>1093.8</ele>
   </trkpt>
   <trkpt lat="-29.7860760" lon="24.4161460">
    <ele>1093.7</ele>
   </trkpt>
   <trkpt lat="-29.7861620" lon="24.4160180">
    <ele>1093.7</ele>
   </trkpt>
   <trkpt lat="-29.7862440" lon="24.4158990">
    <ele>1093.6</ele>
   </trkpt>
   <trkpt lat="-29.7863190" lon="24.4157800">
    <ele>1093.6</ele>
   </trkpt>
   <trkpt lat="-29.7863930" lon="24.4156690">
    <ele>1093.5</ele>
   </trkpt>
   <trkpt lat="-29.7864640" lon="24.4155600">
    <ele>1093.5</ele>
   </trkpt>
   <trkpt lat="-29.7865320" lon="24.4154540">
    <ele>1093.4</ele>
   </trkpt>
   <trkpt lat="-29.7866060" lon="24.4153430">
    <ele>1093.4</ele>
   </trkpt>
   <trkpt lat="-29.7866780" lon="24.4152320">
    <ele>1093.3</ele>
   </trkpt>
   <trkpt lat="-29.7867580" lon="24.4151170">
    <ele>1093.3</ele>
   </trkpt>
   <trkpt lat="-29.7868380" lon="24.4149950">
    <ele>1093.2</ele>
   </trkpt>
   <trkpt lat="-29.7869180" lon="24.4148720">
    <ele>1093.1</ele>
   </trkpt>
   <trkpt lat="-29.7869990" lon="24.4147490">
    <ele>1093.1</ele>
   </trkpt>
   <trkpt lat="-29.7870790" lon="24.4146300">
    <ele>1093.0</ele>
   </trkpt>
   <trkpt lat="-29.7871590" lon="24.4145100">
    <ele>1093.0</ele>
   </trkpt>
   <trkpt lat="-29.7872390" lon="24.4143920">
    <ele>1092.9</ele>
   </trkpt>
   <trkpt lat="-29.7873200" lon="24.4142700">
    <ele>1092.8</ele>
   </trkpt>
   <trkpt lat="-29.7874050" lon="24.4141440">
    <ele>1092.8</ele>
   </trkpt>
   <trkpt lat="-29.7874870" lon="24.4140220">
    <ele>1092.7</ele>
   </trkpt>
   <trkpt lat="-29.7875640" lon="24.4139060">
    <ele>1092.7</ele>
   </trkpt>
   <trkpt lat="-29.7876420" lon="24.4137930">
    <ele>1092.6</ele>
   </trkpt>
   <trkpt lat="-29.7877180" lon="24.4136780">
    <ele>1092.6</ele>
   </trkpt>
   <trkpt lat="-29.7877920" lon="24.4135650">
    <ele>1092.5</ele>
   </trkpt>
   <trkpt lat="-29.7878660" lon="24.4134500">
    <ele>1092.4</ele>
   </trkpt>
   <trkpt lat="-29.7879410" lon="24.4133360">
    <ele>1092.4</ele>
   </trkpt>
   <trkpt lat="-29.7880140" lon="24.4132240">
    <ele>1092.3</ele>
   </trkpt>
   <trkpt lat="-29.7880850" lon="24.4131140">
    <ele>1092.3</ele>
   </trkpt>
   <trkpt lat="-29.7881560" lon="24.4130020">
    <ele>1092.2</ele>
   </trkpt>
   <trkpt lat="-29.7882350" lon="24.4128870">
    <ele>1092.2</ele>
   </trkpt>
   <trkpt lat="-29.7883100" lon="24.4127740">
    <ele>1092.1</ele>
   </trkpt>
   <trkpt lat="-29.7883890" lon="24.4126580">
    <ele>1092.1</ele>
   </trkpt>
   <trkpt lat="-29.7884590" lon="24.4125470">
    <ele>1092.0</ele>
   </trkpt>
   <trkpt lat="-29.7885230" lon="24.4124400">
    <ele>1092.0</ele>
   </trkpt>
   <trkpt lat="-29.7885770" lon="24.4123360">
    <ele>1091.9</ele>
   </trkpt>
   <trkpt lat="-29.7886390" lon="24.4122410">
    <ele>1091.7</ele>
   </trkpt>
   <trkpt lat="-29.7887050" lon="24.4121490">
    <ele>1091.6</ele>
   </trkpt>
   <trkpt lat="-29.7887710" lon="24.4120580">
    <ele>1091.4</ele>
   </trkpt>
   <trkpt lat="-29.7888340" lon="24.4119630">
    <ele>1091.2</ele>
   </trkpt>
   <trkpt lat="-29.7889020" lon="24.4118610">
    <ele>1091.1</ele>
   </trkpt>
   <trkpt lat="-29.7889720" lon="24.4117620">
    <ele>1091.1</ele>
   </trkpt>
   <trkpt lat="-29.7890330" lon="24.4116740">
    <ele>1091.1</ele>
   </trkpt>
   <trkpt lat="-29.7890980" lon="24.4115840">
    <ele>1091.0</ele>
   </trkpt>
   <trkpt lat="-29.7891610" lon="24.4114950">
    <ele>1091.0</ele>
   </trkpt>
   <trkpt lat="-29.7892280" lon="24.4113990">
    <ele>1091.1</ele>
   </trkpt>
   <trkpt lat="-29.7893030" lon="24.4112980">
    <ele>1091.1</ele>
   </trkpt>
   <trkpt lat="-29.7893750" lon="24.4111920">
    <ele>1091.1</ele>
   </trkpt>
   <trkpt lat="-29.7894450" lon="24.4110810">
    <ele>1091.1</ele>
   </trkpt>
   <trkpt lat="-29.7895340" lon="24.4109730">
    <ele>1091.1</ele>
   </trkpt>
   <trkpt lat="-29.7896050" lon="24.4108510">
    <ele>1091.1</ele>
   </trkpt>
   <trkpt lat="-29.7896840" lon="24.4107330">
    <ele>1091.1</ele>
   </trkpt>
   <trkpt lat="-29.7897640" lon="24.4106060">
    <ele>1091.1</ele>
   </trkpt>
   <trkpt lat="-29.7898400" lon="24.4104860">
    <ele>1091.1</ele>
   </trkpt>
   <trkpt lat="-29.7899200" lon="24.4103650">
    <ele>1091.1</ele>
   </trkpt>
   <trkpt lat="-29.7899950" lon="24.4102500">
    <ele>1091.1</ele>
   </trkpt>
   <trkpt lat="-29.7900660" lon="24.4101390">
    <ele>1091.1</ele>
   </trkpt>
   <trkpt lat="-29.7901460" lon="24.4100320">
    <ele>1091.1</ele>
   </trkpt>
   <trkpt lat="-29.7902140" lon="24.4099240">
    <ele>1091.1</ele>
   </trkpt>
   <trkpt lat="-29.7902820" lon="24.4098150">
    <ele>1091.1</ele>
   </trkpt>
   <trkpt lat="-29.7903490" lon="24.4097090">
    <ele>1091.1</ele>
   </trkpt>
   <trkpt lat="-29.7904270" lon="24.4096030">
    <ele>1091.1</ele>
   </trkpt>
   <trkpt lat="-29.7904940" lon="24.4094990">
    <ele>1091.1</ele>
   </trkpt>
   <trkpt lat="-29.7905590" lon="24.4094010">
    <ele>1091.1</ele>
   </trkpt>
   <trkpt lat="-29.7906200" lon="24.4093090">
    <ele>1091.1</ele>
   </trkpt>
   <trkpt lat="-29.7906770" lon="24.4092170">
    <ele>1091.3</ele>
   </trkpt>
   <trkpt lat="-29.7907330" lon="24.4091280">
    <ele>1091.4</ele>
   </trkpt>
   <trkpt lat="-29.7907910" lon="24.4090410">
    <ele>1091.5</ele>
   </trkpt>
   <trkpt lat="-29.7908480" lon="24.4089500">
    <ele>1091.6</ele>
   </trkpt>
   <trkpt lat="-29.7909030" lon="24.4088580">
    <ele>1091.7</ele>
   </trkpt>
   <trkpt lat="-29.7909670" lon="24.4087630">
    <ele>1091.9</ele>
   </trkpt>
   <trkpt lat="-29.7910240" lon="24.4086730">
    <ele>1092.0</ele>
   </trkpt>
   <trkpt lat="-29.7910820" lon="24.4085870">
    <ele>1092.2</ele>
   </trkpt>
   <trkpt lat="-29.7911410" lon="24.4085000">
    <ele>1092.5</ele>
   </trkpt>
   <trkpt lat="-29.7911980" lon="24.4084130">
    <ele>1092.8</ele>
   </trkpt>
   <trkpt lat="-29.7912620" lon="24.4083200">
    <ele>1093.1</ele>
   </trkpt>
   <trkpt lat="-29.7913340" lon="24.4082140">
    <ele>1093.5</ele>
   </trkpt>
   <trkpt lat="-29.7913830" lon="24.4081320">
    <ele>1093.7</ele>
   </trkpt>
   <trkpt lat="-29.7914400" lon="24.4080470">
    <ele>1094.0</ele>
   </trkpt>
   <trkpt lat="-29.7914910" lon="24.4079680">
    <ele>1094.3</ele>
   </trkpt>
   <trkpt lat="-29.7915360" lon="24.4078890">
    <ele>1094.5</ele>
   </trkpt>
   <trkpt lat="-29.7915750" lon="24.4078300">
    <ele>1094.8</ele>
   </trkpt>
   <trkpt lat="-29.7916030" lon="24.4077880">
    <ele>1094.9</ele>
   </trkpt>
   <trkpt lat="-29.7916190" lon="24.4077690">
    <ele>1095.0</ele>
   </trkpt>
   <trkpt lat="-29.7916230" lon="24.4077720">
    <ele>1095.0</ele>
   </trkpt>
   <trkpt lat="-29.7916270" lon="24.4077760">
    <ele>1095.0</ele>
   </trkpt>
   <trkpt lat="-29.7916310" lon="24.4077790">
    <ele>1095.0</ele>
   </trkpt>
   <trkpt lat="-29.7916350" lon="24.4077830">
    <ele>1095.0</ele>
   </trkpt>
   <trkpt lat="-29.7916390" lon="24.4077870">
    <ele>1095.0</ele>
   </trkpt>
   <trkpt lat="-29.7916430" lon="24.4077900">
    <ele>1095.0</ele>
   </trkpt>
   <trkpt lat="-29.7916470" lon="24.4077940">
    <ele>1095.0</ele>
   </trkpt>
   <trkpt lat="-29.7916510" lon="24.4077970">
    <ele>1095.0</ele>
   </trkpt>
   <trkpt lat="-29.7916550" lon="24.4078010">
    <ele>1095.0</ele>
   </trkpt>
   <trkpt lat="-29.7916590" lon="24.4078050">
    <ele>1095.0</ele>
   </trkpt>
   <trkpt lat="-29.7916630" lon="24.4078080">
    <ele>1095.0</ele>
   </trkpt>
   <trkpt lat="-29.7916660" lon="24.4078120">
    <ele>1095.0</ele>
   </trkpt>
   <trkpt lat="-29.7916700" lon="24.4078150">
    <ele>1095.0</ele>
   </trkpt>
   <trkpt lat="-29.7916740" lon="24.4078190">
    <ele>1095.0</ele>
   </trkpt>
   <trkpt lat="-29.7916780" lon="24.4078230">
    <ele>1095.0</ele>
   </trkpt>
   <trkpt lat="-29.7916820" lon="24.4078260">
    <ele>1095.0</ele>
   </trkpt>
   <trkpt lat="-29.7916860" lon="24.4078300">
    <ele>1095.0</ele>
   </trkpt>
   <trkpt lat="-29.7916900" lon="24.4078330">
    <ele>1095.0</ele>
   </trkpt>
   <trkpt lat="-29.7916940" lon="24.4078370">
    <ele>1095.0</ele>
   </trkpt>
   <trkpt lat="-29.7916980" lon="24.4078410">
    <ele>1095.0</ele>
   </trkpt>
   <trkpt lat="-29.7917020" lon="24.4078440">
    <ele>1095.0</ele>
   </trkpt>
   <trkpt lat="-29.7917060" lon="24.4078480">
    <ele>1095.0</ele>
   </trkpt>
   <trkpt lat="-29.7917100" lon="24.4078510">
    <ele>1095.0</ele>
   </trkpt>
   <trkpt lat="-29.7917140" lon="24.4078550">
    <ele>1095.0</ele>
   </trkpt>
   <trkpt lat="-29.7917420" lon="24.4078810">
    <ele>1095.0</ele>
   </trkpt>
   <trkpt lat="-29.7917510" lon="24.4078910">
    <ele>1095.0</ele>
   </trkpt>
   <trkpt lat="-29.7917790" lon="24.4079170">
    <ele>1095.0</ele>
   </trkpt>
   <trkpt lat="-29.7917880" lon="24.4079250">
    <ele>1095.0</ele>
   </trkpt>
   <trkpt lat="-29.7918200" lon="24.4079520">
    <ele>1095.0</ele>
   </trkpt>
   <trkpt lat="-29.7918290" lon="24.4079620">
    <ele>1095.0</ele>
   </trkpt>
   <trkpt lat="-29.7918520" lon="24.4079930">
    <ele>1095.0</ele>
   </trkpt>
   <trkpt lat="-29.7918600" lon="24.4080040">
    <ele>1095.0</ele>
   </trkpt>
   <trkpt lat="-29.7918780" lon="24.4080300">
    <ele>1095.0</ele>
   </trkpt>
   <trkpt lat="-29.7918980" lon="24.4080530">
    <ele>1095.0</ele>
   </trkpt>
   <trkpt lat="-29.7919150" lon="24.4080880">
    <ele>1095.0</ele>
   </trkpt>
   <trkpt lat="-29.7919200" lon="24.4081270">
    <ele>1095.0</ele>
   </trkpt>
   <trkpt lat="-29.7919190" lon="24.4081620">
    <ele>1095.0</ele>
   </trkpt>
   <trkpt lat="-29.7919190" lon="24.4081960">
    <ele>1095.0</ele>
   </trkpt>
   <trkpt lat="-29.7919180" lon="24.4082310">
    <ele>1095.0</ele>
   </trkpt>
   <trkpt lat="-29.7919150" lon="24.4082640">
    <ele>1095.0</ele>
   </trkpt>
   <trkpt lat="-29.7919150" lon="24.4083000">
    <ele>1095.0</ele>
   </trkpt>
   <trkpt lat="-29.7919140" lon="24.4083350">
    <ele>1095.0</ele>
   </trkpt>
   <trkpt lat="-29.7919130" lon="24.4083680">
    <ele>1095.0</ele>
   </trkpt>
   <trkpt lat="-29.7919160" lon="24.4084010">
    <ele>1095.0</ele>
   </trkpt>
   <trkpt lat="-29.7919200" lon="24.4084330">
    <ele>1095.0</ele>
   </trkpt>
   <trkpt lat="-29.7919220" lon="24.4084640">
    <ele>1095.0</ele>
   </trkpt>
   <trkpt lat="-29.7919170" lon="24.4085110">
    <ele>1095.0</ele>
   </trkpt>
   <trkpt lat="-29.7919160" lon="24.4085270">
    <ele>1095.0</ele>
   </trkpt>
   <trkpt lat="-29.7919150" lon="24.4085590">
    <ele>1095.0</ele>
   </trkpt>
   <trkpt lat="-29.7919140" lon="24.4085910">
    <ele>1095.0</ele>
   </trkpt>
   <trkpt lat="-29.7919140" lon="24.4086230">
    <ele>1095.0</ele>
   </trkpt>
   <trkpt lat="-29.7919180" lon="24.4086560">
    <ele>1094.9</ele>
   </trkpt>
   <trkpt lat="-29.7919240" lon="24.4086900">
    <ele>1094.9</ele>
   </trkpt>
   <trkpt lat="-29.7919310" lon="24.4087250">
    <ele>1094.9</ele>
   </trkpt>
   <trkpt lat="-29.7919340" lon="24.4087620">
    <ele>1094.9</ele>
   </trkpt>
   <trkpt lat="-29.7919370" lon="24.4087980">
    <ele>1094.9</ele>
   </trkpt>
   <trkpt lat="-29.7919410" lon="24.4088360">
    <ele>1094.9</ele>
   </trkpt>
   <trkpt lat="-29.7919470" lon="24.4088720">
    <ele>1094.9</ele>
   </trkpt>
   <trkpt lat="-29.7919520" lon="24.4089040">
    <ele>1094.9</ele>
   </trkpt>
   <trkpt lat="-29.7919550" lon="24.4089380">
    <ele>1094.9</ele>
   </trkpt>
   <trkpt lat="-29.7919580" lon="24.4089700">
    <ele>1094.9</ele>
   </trkpt>
   <trkpt lat="-29.7919590" lon="24.4090160">
    <ele>1094.9</ele>
   </trkpt>
   <trkpt lat="-29.7919580" lon="24.4090310">
    <ele>1094.9</ele>
   </trkpt>
   <trkpt lat="-29.7919590" lon="24.4090650">
    <ele>1094.8</ele>
   </trkpt>
   <trkpt lat="-29.7919640" lon="24.4091000">
    <ele>1094.8</ele>
   </trkpt>
   <trkpt lat="-29.7919740" lon="24.4091340">
    <ele>1094.8</ele>
   </trkpt>
   <trkpt lat="-29.7919810" lon="24.4091680">
    <ele>1094.8</ele>
   </trkpt>
   <trkpt lat="-29.7919850" lon="24.4092050">
    <ele>1094.7</ele>
   </trkpt>
   <trkpt lat="-29.7919840" lon="24.4092410">
    <ele>1094.7</ele>
   </trkpt>
   <trkpt lat="-29.7919880" lon="24.4092770">
    <ele>1094.7</ele>
   </trkpt>
   <trkpt lat="-29.7919930" lon="24.4093110">
    <ele>1094.7</ele>
   </trkpt>
   <trkpt lat="-29.7920010" lon="24.4093480">
    <ele>1094.6</ele>
   </trkpt>
   <trkpt lat="-29.7920110" lon="24.4093840">
    <ele>1094.6</ele>
   </trkpt>
   <trkpt lat="-29.7920210" lon="24.4094180">
    <ele>1094.6</ele>
   </trkpt>
   <trkpt lat="-29.7920300" lon="24.4094520">
    <ele>1094.6</ele>
   </trkpt>
   <trkpt lat="-29.7920340" lon="24.4094920">
    <ele>1094.5</ele>
   </trkpt>
   <trkpt lat="-29.7920380" lon="24.4095290">
    <ele>1094.5</ele>
   </trkpt>
   <trkpt lat="-29.7920440" lon="24.4095670">
    <ele>1094.5</ele>
   </trkpt>
   <trkpt lat="-29.7920520" lon="24.4096030">
    <ele>1094.4</ele>
   </trkpt>
   <trkpt lat="-29.7920640" lon="24.4096420">
    <ele>1094.4</ele>
   </trkpt>
   <trkpt lat="-29.7920740" lon="24.4096790">
    <ele>1094.4</ele>
   </trkpt>
   <trkpt lat="-29.7920830" lon="24.4097170">
    <ele>1094.4</ele>
   </trkpt>
   <trkpt lat="-29.7920890" lon="24.4097570">
    <ele>1094.3</ele>
   </trkpt>
   <trkpt lat="-29.7921020" lon="24.4097960">
    <ele>1094.3</ele>
   </trkpt>
   <trkpt lat="-29.7921120" lon="24.4098340">
    <ele>1094.3</ele>
   </trkpt>
   <trkpt lat="-29.7921230" lon="24.4098730">
    <ele>1094.2</ele>
   </trkpt>
   <trkpt lat="-29.7921340" lon="24.4099120">
    <ele>1094.2</ele>
   </trkpt>
   <trkpt lat="-29.7921470" lon="24.4099510">
    <ele>1094.2</ele>
   </trkpt>
   <trkpt lat="-29.7921600" lon="24.4099890">
    <ele>1094.2</ele>
   </trkpt>
   <trkpt lat="-29.7921730" lon="24.4100260">
    <ele>1094.1</ele>
   </trkpt>
   <trkpt lat="-29.7921870" lon="24.4100660">
    <ele>1094.1</ele>
   </trkpt>
   <trkpt lat="-29.7922020" lon="24.4101020">
    <ele>1094.1</ele>
   </trkpt>
   <trkpt lat="-29.7922180" lon="24.4101410">
    <ele>1094.0</ele>
   </trkpt>
   <trkpt lat="-29.7922360" lon="24.4101780">
    <ele>1094.0</ele>
   </trkpt>
   <trkpt lat="-29.7922520" lon="24.4102170">
    <ele>1094.0</ele>
   </trkpt>
   <trkpt lat="-29.7922690" lon="24.4102560">
    <ele>1094.0</ele>
   </trkpt>
   <trkpt lat="-29.7922860" lon="24.4102970">
    <ele>1094.0</ele>
   </trkpt>
   <trkpt lat="-29.7923020" lon="24.4103360">
    <ele>1094.0</ele>
   </trkpt>
   <trkpt lat="-29.7923220" lon="24.4103730">
    <ele>1094.0</ele>
   </trkpt>
   <trkpt lat="-29.7923430" lon="24.4104130">
    <ele>1094.1</ele>
   </trkpt>
   <trkpt lat="-29.7923640" lon="24.4104500">
    <ele>1094.1</ele>
   </trkpt>
   <trkpt lat="-29.7923860" lon="24.4104880">
    <ele>1094.1</ele>
   </trkpt>
   <trkpt lat="-29.7924060" lon="24.4105270">
    <ele>1094.1</ele>
   </trkpt>
   <trkpt lat="-29.7924260" lon="24.4105670">
    <ele>1094.1</ele>
   </trkpt>
   <trkpt lat="-29.7924460" lon="24.4106050">
    <ele>1094.1</ele>
   </trkpt>
   <trkpt lat="-29.7924660" lon="24.4106430">
    <ele>1094.2</ele>
   </trkpt>
   <trkpt lat="-29.7924880" lon="24.4106810">
    <ele>1094.2</ele>
   </trkpt>
   <trkpt lat="-29.7925100" lon="24.4107180">
    <ele>1094.2</ele>
   </trkpt>
   <trkpt lat="-29.7925320" lon="24.4107590">
    <ele>1094.2</ele>
   </trkpt>
   <trkpt lat="-29.7925550" lon="24.4107960">
    <ele>1094.2</ele>
   </trkpt>
   <trkpt lat="-29.7925800" lon="24.4108350">
    <ele>1094.3</ele>
   </trkpt>
   <trkpt lat="-29.7926020" lon="24.4108740">
    <ele>1094.3</ele>
   </trkpt>
   <trkpt lat="-29.7926200" lon="24.4109140">
    <ele>1094.3</ele>
   </trkpt>
   <trkpt lat="-29.7926450" lon="24.4109490">
    <ele>1094.3</ele>
   </trkpt>
   <trkpt lat="-29.7927060" lon="24.4110130">
    <ele>1094.4</ele>
   </trkpt>
   <trkpt lat="-29.7927350" lon="24.4110450">
    <ele>1094.4</ele>
   </trkpt>
   <trkpt lat="-29.7927630" lon="24.4110780">
    <ele>1094.4</ele>
   </trkpt>
   <trkpt lat="-29.7927920" lon="24.4111070">
    <ele>1094.4</ele>
   </trkpt>
   <trkpt lat="-29.7928250" lon="24.4111350">
    <ele>1094.4</ele>
   </trkpt>
   <trkpt lat="-29.7928580" lon="24.4111590">
    <ele>1094.4</ele>
   </trkpt>
   <trkpt lat="-29.7928920" lon="24.4111830">
    <ele>1094.5</ele>
   </trkpt>
   <trkpt lat="-29.7929240" lon="24.4112100">
    <ele>1094.5</ele>
   </trkpt>
   <trkpt lat="-29.7929540" lon="24.4112400">
    <ele>1094.5</ele>
   </trkpt>
   <trkpt lat="-29.7929860" lon="24.4112670">
    <ele>1094.5</ele>
   </trkpt>
   <trkpt lat="-29.7930200" lon="24.4112940">
    <ele>1094.5</ele>
   </trkpt>
   <trkpt lat="-29.7930520" lon="24.4113200">
    <ele>1094.6</ele>
   </trkpt>
   <trkpt lat="-29.7930840" lon="24.4113500">
    <ele>1094.6</ele>
   </trkpt>
   <trkpt lat="-29.7931150" lon="24.4113770">
    <ele>1094.6</ele>
   </trkpt>
   <trkpt lat="-29.7931490" lon="24.4114030">
    <ele>1094.6</ele>
   </trkpt>
   <trkpt lat="-29.7931810" lon="24.4114270">
    <ele>1094.6</ele>
   </trkpt>
   <trkpt lat="-29.7932130" lon="24.4114510">
    <ele>1094.7</ele>
   </trkpt>
   <trkpt lat="-29.7932440" lon="24.4114780">
    <ele>1094.7</ele>
   </trkpt>
   <trkpt lat="-29.7932740" lon="24.4115050">
    <ele>1094.7</ele>
   </trkpt>
   <trkpt lat="-29.7933060" lon="24.4115310">
    <ele>1094.7</ele>
   </trkpt>
   <trkpt lat="-29.7933390" lon="24.4115540">
    <ele>1094.7</ele>
   </trkpt>
   <trkpt lat="-29.7933710" lon="24.4115760">
    <ele>1094.7</ele>
   </trkpt>
   <trkpt lat="-29.7934030" lon="24.4116020">
    <ele>1094.8</ele>
   </trkpt>
   <trkpt lat="-29.7934330" lon="24.4116260">
    <ele>1094.8</ele>
   </trkpt>
   <trkpt lat="-29.7934660" lon="24.4116490">
    <ele>1094.8</ele>
   </trkpt>
   <trkpt lat="-29.7934990" lon="24.4116720">
    <ele>1094.8</ele>
   </trkpt>
   <trkpt lat="-29.7935310" lon="24.4116940">
    <ele>1094.8</ele>
   </trkpt>
   <trkpt lat="-29.7935650" lon="24.4117180">
    <ele>1094.8</ele>
   </trkpt>
   <trkpt lat="-29.7936000" lon="24.4117420">
    <ele>1094.7</ele>
   </trkpt>
   <trkpt lat="-29.7936350" lon="24.4117590">
    <ele>1094.6</ele>
   </trkpt>
   <trkpt lat="-29.7936710" lon="24.4117780">
    <ele>1094.5</ele>
   </trkpt>
   <trkpt lat="-29.7937060" lon="24.4118000">
    <ele>1094.4</ele>
   </trkpt>
   <trkpt lat="-29.7937390" lon="24.4118220">
    <ele>1094.3</ele>
   </trkpt>
   <trkpt lat="-29.7937720" lon="24.4118450">
    <ele>1094.2</ele>
   </trkpt>
   <trkpt lat="-29.7938050" lon="24.4118640">
    <ele>1094.1</ele>
   </trkpt>
   <trkpt lat="-29.7938390" lon="24.4118870">
    <ele>1094.0</ele>
   </trkpt>
   <trkpt lat="-29.7938710" lon="24.4119100">
    <ele>1093.9</ele>
   </trkpt>
   <trkpt lat="-29.7939040" lon="24.4119330">
    <ele>1093.8</ele>
   </trkpt>
   <trkpt lat="-29.7939390" lon="24.4119530">
    <ele>1093.7</ele>
   </trkpt>
   <trkpt lat="-29.7939710" lon="24.4119730">
    <ele>1093.6</ele>
   </trkpt>
   <trkpt lat="-29.7940040" lon="24.4119960">
    <ele>1093.5</ele>
   </trkpt>
   <trkpt lat="-29.7940390" lon="24.4120200">
    <ele>1093.4</ele>
   </trkpt>
   <trkpt lat="-29.7940730" lon="24.4120430">
    <ele>1093.3</ele>
   </trkpt>
   <trkpt lat="-29.7941100" lon="24.4120640">
    <ele>1093.2</ele>
   </trkpt>
   <trkpt lat="-29.7941440" lon="24.4120860">
    <ele>1093.1</ele>
   </trkpt>
   <trkpt lat="-29.7941770" lon="24.4121110">
    <ele>1093.1</ele>
   </trkpt>
   <trkpt lat="-29.7942100" lon="24.4121390">
    <ele>1093.1</ele>
   </trkpt>
   <trkpt lat="-29.7942360" lon="24.4121760">
    <ele>1093.2</ele>
   </trkpt>
   <trkpt lat="-29.7942590" lon="24.4122170">
    <ele>1093.2</ele>
   </trkpt>
   <trkpt lat="-29.7942800" lon="24.4122540">
    <ele>1093.3</ele>
   </trkpt>
   <trkpt lat="-29.7943030" lon="24.4122910">
    <ele>1093.3</ele>
   </trkpt>
   <trkpt lat="-29.7943260" lon="24.4123290">
    <ele>1093.3</ele>
   </trkpt>
   <trkpt lat="-29.7943490" lon="24.4123700">
    <ele>1093.4</ele>
   </trkpt>
   <trkpt lat="-29.7943710" lon="24.4124060">
    <ele>1093.4</ele>
   </trkpt>
   <trkpt lat="-29.7943950" lon="24.4124410">
    <ele>1093.5</ele>
   </trkpt>
   <trkpt lat="-29.7944220" lon="24.4124790">
    <ele>1093.5</ele>
   </trkpt>
   <trkpt lat="-29.7944480" lon="24.4125160">
    <ele>1093.6</ele>
   </trkpt>
   <trkpt lat="-29.7944770" lon="24.4125550">
    <ele>1093.6</ele>
   </trkpt>
   <trkpt lat="-29.7945020" lon="24.4125890">
    <ele>1093.6</ele>
   </trkpt>
   <trkpt lat="-29.7945230" lon="24.4126260">
    <ele>1093.7</ele>
   </trkpt>
   <trkpt lat="-29.7945410" lon="24.4126640">
    <ele>1093.6</ele>
   </trkpt>
   <trkpt lat="-29.7945650" lon="24.4127040">
    <ele>1093.4</ele>
   </trkpt>
   <trkpt lat="-29.7945880" lon="24.4127460">
    <ele>1093.2</ele>
   </trkpt>
   <trkpt lat="-29.7946130" lon="24.4127890">
    <ele>1093.1</ele>
   </trkpt>
   <trkpt lat="-29.7946380" lon="24.4128310">
    <ele>1092.9</ele>
   </trkpt>
   <trkpt lat="-29.7946600" lon="24.4128720">
    <ele>1092.7</ele>
   </trkpt>
   <trkpt lat="-29.7946800" lon="24.4129140">
    <ele>1092.6</ele>
   </trkpt>
   <trkpt lat="-29.7947030" lon="24.4129570">
    <ele>1092.4</ele>
   </trkpt>
   <trkpt lat="-29.7947240" lon="24.4129970">
    <ele>1092.2</ele>
   </trkpt>
   <trkpt lat="-29.7947480" lon="24.4130380">
    <ele>1092.1</ele>
   </trkpt>
   <trkpt lat="-29.7947710" lon="24.4130750">
    <ele>1091.9</ele>
   </trkpt>
   <trkpt lat="-29.7947940" lon="24.4131140">
    <ele>1091.7</ele>
   </trkpt>
   <trkpt lat="-29.7948160" lon="24.4131550">
    <ele>1091.6</ele>
   </trkpt>
   <trkpt lat="-29.7948400" lon="24.4131930">
    <ele>1091.4</ele>
   </trkpt>
   <trkpt lat="-29.7948650" lon="24.4132310">
    <ele>1091.3</ele>
   </trkpt>
   <trkpt lat="-29.7948920" lon="24.4132660">
    <ele>1091.1</ele>
   </trkpt>
   <trkpt lat="-29.7949160" lon="24.4133030">
    <ele>1091.2</ele>
   </trkpt>
   <trkpt lat="-29.7949420" lon="24.4133410">
    <ele>1091.3</ele>
   </trkpt>
   <trkpt lat="-29.7949660" lon="24.4133790">
    <ele>1091.5</ele>
   </trkpt>
   <trkpt lat="-29.7949910" lon="24.4134150">
    <ele>1091.6</ele>
   </trkpt>
   <trkpt lat="-29.7950230" lon="24.4134480">
    <ele>1091.7</ele>
   </trkpt>
   <trkpt lat="-29.7950560" lon="24.4134850">
    <ele>1091.9</ele>
   </trkpt>
   <trkpt lat="-29.7950830" lon="24.4135220">
    <ele>1092.0</ele>
   </trkpt>
   <trkpt lat="-29.7951070" lon="24.4135630">
    <ele>1092.1</ele>
   </trkpt>
   <trkpt lat="-29.7951300" lon="24.4136040">
    <ele>1092.3</ele>
   </trkpt>
   <trkpt lat="-29.7951520" lon="24.4136400">
    <ele>1092.4</ele>
   </trkpt>
   <trkpt lat="-29.7951720" lon="24.4136780">
    <ele>1092.5</ele>
   </trkpt>
   <trkpt lat="-29.7951880" lon="24.4137160">
    <ele>1092.6</ele>
   </trkpt>
   <trkpt lat="-29.7952010" lon="24.4137550">
    <ele>1092.7</ele>
   </trkpt>
   <trkpt lat="-29.7952180" lon="24.4137950">
    <ele>1092.9</ele>
   </trkpt>
   <trkpt lat="-29.7952340" lon="24.4138310">
    <ele>1093.0</ele>
   </trkpt>
   <trkpt lat="-29.7952510" lon="24.4138690">
    <ele>1093.0</ele>
   </trkpt>
   <trkpt lat="-29.7952660" lon="24.4139070">
    <ele>1093.0</ele>
   </trkpt>
   <trkpt lat="-29.7952810" lon="24.4139470">
    <ele>1092.9</ele>
   </trkpt>
   <trkpt lat="-29.7952960" lon="24.4139860">
    <ele>1092.9</ele>
   </trkpt>
   <trkpt lat="-29.7953020" lon="24.4139930">
    <ele>1092.9</ele>
   </trkpt>
   <trkpt lat="-29.7953180" lon="24.4140260">
    <ele>1092.9</ele>
   </trkpt>
   <trkpt lat="-29.7953310" lon="24.4140540">
    <ele>1092.9</ele>
   </trkpt>
   <trkpt lat="-29.7953500" lon="24.4140960">
    <ele>1092.9</ele>
   </trkpt>
   <trkpt lat="-29.7953610" lon="24.4141210">
    <ele>1092.8</ele>
   </trkpt>
   <trkpt lat="-29.7953810" lon="24.4141610">
    <ele>1092.8</ele>
   </trkpt>
   <trkpt lat="-29.7954100" lon="24.4142120">
    <ele>1092.8</ele>
   </trkpt>
   <trkpt lat="-29.7954340" lon="24.4142600">
    <ele>1092.8</ele>
   </trkpt>
   <trkpt lat="-29.7954570" lon="24.4143100">
    <ele>1092.7</ele>
   </trkpt>
   <trkpt lat="-29.7954800" lon="24.4143610">
    <ele>1092.7</ele>
   </trkpt>
   <trkpt lat="-29.7954960" lon="24.4144100">
    <ele>1092.7</ele>
   </trkpt>
   <trkpt lat="-29.7955210" lon="24.4144530">
    <ele>1092.6</ele>
   </trkpt>
   <trkpt lat="-29.7955430" lon="24.4144910">
    <ele>1092.6</ele>
   </trkpt>
   <trkpt lat="-29.7955710" lon="24.4145340">
    <ele>1092.6</ele>
   </trkpt>
   <trkpt lat="-29.7955940" lon="24.4145750">
    <ele>1092.6</ele>
   </trkpt>
   <trkpt lat="-29.7956170" lon="24.4146110">
    <ele>1092.6</ele>
   </trkpt>
   <trkpt lat="-29.7956400" lon="24.4146490">
    <ele>1092.5</ele>
   </trkpt>
   <trkpt lat="-29.7956650" lon="24.4146880">
    <ele>1092.5</ele>
   </trkpt>
   <trkpt lat="-29.7956930" lon="24.4147260">
    <ele>1092.5</ele>
   </trkpt>
   <trkpt lat="-29.7957160" lon="24.4147580">
    <ele>1092.5</ele>
   </trkpt>
   <trkpt lat="-29.7957420" lon="24.4147900">
    <ele>1092.4</ele>
   </trkpt>
   <trkpt lat="-29.7957660" lon="24.4148220">
    <ele>1092.4</ele>
   </trkpt>
   <trkpt lat="-29.7957920" lon="24.4148570">
    <ele>1092.4</ele>
   </trkpt>
   <trkpt lat="-29.7958210" lon="24.4148910">
    <ele>1092.4</ele>
   </trkpt>
   <trkpt lat="-29.7958500" lon="24.4149260">
    <ele>1092.3</ele>
   </trkpt>
   <trkpt lat="-29.7958860" lon="24.4149630">
    <ele>1092.3</ele>
   </trkpt>
   <trkpt lat="-29.7959200" lon="24.4149970">
    <ele>1092.3</ele>
   </trkpt>
   <trkpt lat="-29.7959450" lon="24.4150300">
    <ele>1092.3</ele>
   </trkpt>
   <trkpt lat="-29.7959700" lon="24.4150680">
    <ele>1092.2</ele>
   </trkpt>
   <trkpt lat="-29.7959870" lon="24.4151050">
    <ele>1092.2</ele>
   </trkpt>
   <trkpt lat="-29.7960010" lon="24.4151480">
    <ele>1092.2</ele>
   </trkpt>
   <trkpt lat="-29.7960300" lon="24.4152230">
    <ele>1092.2</ele>
   </trkpt>
   <trkpt lat="-29.7960480" lon="24.4152530">
    <ele>1092.1</ele>
   </trkpt>
   <trkpt lat="-29.7960720" lon="24.4152870">
    <ele>1092.1</ele>
   </trkpt>
   <trkpt lat="-29.7960970" lon="24.4153090">
    <ele>1092.1</ele>
   </trkpt>
   <trkpt lat="-29.7961210" lon="24.4153420">
    <ele>1092.1</ele>
   </trkpt>
   <trkpt lat="-29.7961490" lon="24.4153640">
    <ele>1092.1</ele>
   </trkpt>
   <trkpt lat="-29.7961740" lon="24.4153920">
    <ele>1092.0</ele>
   </trkpt>
   <trkpt lat="-29.7961820" lon="24.4154080">
    <ele>1092.0</ele>
   </trkpt>
   <trkpt lat="-29.7962010" lon="24.4154360">
    <ele>1092.0</ele>
   </trkpt>
   <trkpt lat="-29.7962080" lon="24.4154430">
    <ele>1092.0</ele>
   </trkpt>
   <trkpt lat="-29.7962280" lon="24.4154650">
    <ele>1092.1</ele>
   </trkpt>
   <trkpt lat="-29.7962610" lon="24.4155030">
    <ele>1092.2</ele>
   </trkpt>
   <trkpt lat="-29.7962790" lon="24.4155210">
    <ele>1092.2</ele>
   </trkpt>
   <trkpt lat="-29.7963080" lon="24.4155680">
    <ele>1092.3</ele>
   </trkpt>
   <trkpt lat="-29.7963240" lon="24.4155920">
    <ele>1092.4</ele>
   </trkpt>
   <trkpt lat="-29.7963570" lon="24.4156360">
    <ele>1092.5</ele>
   </trkpt>
   <trkpt lat="-29.7963810" lon="24.4156640">
    <ele>1092.5</ele>
   </trkpt>
   <trkpt lat="-29.7964010" lon="24.4156970">
    <ele>1092.6</ele>
   </trkpt>
   <trkpt lat="-29.7964250" lon="24.4157330">
    <ele>1092.7</ele>
   </trkpt>
   <trkpt lat="-29.7964490" lon="24.4157650">
    <ele>1092.8</ele>
   </trkpt>
   <trkpt lat="-29.7964730" lon="24.4157970">
    <ele>1092.8</ele>
   </trkpt>
   <trkpt lat="-29.7964970" lon="24.4158320">
    <ele>1092.9</ele>
   </trkpt>
   <trkpt lat="-29.7965220" lon="24.4158660">
    <ele>1093.0</ele>
   </trkpt>
   <trkpt lat="-29.7965410" lon="24.4159000">
    <ele>1093.1</ele>
   </trkpt>
   <trkpt lat="-29.7965630" lon="24.4159290">
    <ele>1093.2</ele>
   </trkpt>
   <trkpt lat="-29.7965900" lon="24.4159550">
    <ele>1093.2</ele>
   </trkpt>
   <trkpt lat="-29.7966150" lon="24.4159830">
    <ele>1093.3</ele>
   </trkpt>
   <trkpt lat="-29.7966390" lon="24.4160120">
    <ele>1093.4</ele>
   </trkpt>
   <trkpt lat="-29.7966650" lon="24.4160380">
    <ele>1093.4</ele>
   </trkpt>
   <trkpt lat="-29.7966950" lon="24.4160660">
    <ele>1093.5</ele>
   </trkpt>
   <trkpt lat="-29.7967250" lon="24.4160940">
    <ele>1093.6</ele>
   </trkpt>
   <trkpt lat="-29.7967540" lon="24.4161180">
    <ele>1093.7</ele>
   </trkpt>
   <trkpt lat="-29.7967840" lon="24.4161460">
    <ele>1093.8</ele>
   </trkpt>
   <trkpt lat="-29.7968160" lon="24.4161750">
    <ele>1093.8</ele>
   </trkpt>
   <trkpt lat="-29.7968450" lon="24.4161990">
    <ele>1093.9</ele>
   </trkpt>
   <trkpt lat="-29.7968770" lon="24.4162260">
    <ele>1093.9</ele>
   </trkpt>
   <trkpt lat="-29.7969090" lon="24.4162550">
    <ele>1094.0</ele>
   </trkpt>
   <trkpt lat="-29.7969410" lon="24.4162890">
    <ele>1094.0</ele>
   </trkpt>
   <trkpt lat="-29.7969730" lon="24.4163240">
    <ele>1094.0</ele>
   </trkpt>
   <trkpt lat="-29.7970120" lon="24.4163620">
    <ele>1094.0</ele>
   </trkpt>
   <trkpt lat="-29.7970420" lon="24.4163900">
    <ele>1094.0</ele>
   </trkpt>
   <trkpt lat="-29.7970680" lon="24.4164160">
    <ele>1094.0</ele>
   </trkpt>
   <trkpt lat="-29.7970930" lon="24.4164460">
    <ele>1094.0</ele>
   </trkpt>
   <trkpt lat="-29.7971250" lon="24.4164760">
    <ele>1094.0</ele>
   </trkpt>
   <trkpt lat="-29.7971500" lon="24.4165090">
    <ele>1094.0</ele>
   </trkpt>
   <trkpt lat="-29.7971730" lon="24.4165370">
    <ele>1094.0</ele>
   </trkpt>
   <trkpt lat="-29.7971990" lon="24.4165660">
    <ele>1094.0</ele>
   </trkpt>
   <trkpt lat="-29.7972240" lon="24.4165980">
    <ele>1094.0</ele>
   </trkpt>
   <trkpt lat="-29.7972480" lon="24.4166300">
    <ele>1094.0</ele>
   </trkpt>
   <trkpt lat="-29.7972760" lon="24.4166640">
    <ele>1094.0</ele>
   </trkpt>
   <trkpt lat="-29.7973020" lon="24.4166970">
    <ele>1094.0</ele>
   </trkpt>
   <trkpt lat="-29.7973320" lon="24.4167280">
    <ele>1094.0</ele>
   </trkpt>
   <trkpt lat="-29.7973580" lon="24.4167610">
    <ele>1094.0</ele>
   </trkpt>
   <trkpt lat="-29.7973820" lon="24.4167920">
    <ele>1094.0</ele>
   </trkpt>
   <trkpt lat="-29.7974090" lon="24.4168260">
    <ele>1093.9</ele>
   </trkpt>
   <trkpt lat="-29.7974310" lon="24.4168620">
    <ele>1093.9</ele>
   </trkpt>
   <trkpt lat="-29.7974530" lon="24.4168950">
    <ele>1093.9</ele>
   </trkpt>
   <trkpt lat="-29.7974760" lon="24.4169330">
    <ele>1093.9</ele>
   </trkpt>
   <trkpt lat="-29.7974950" lon="24.4169700">
    <ele>1093.9</ele>
   </trkpt>
   <trkpt lat="-29.7975160" lon="24.4170050">
    <ele>1093.9</ele>
   </trkpt>
   <trkpt lat="-29.7975420" lon="24.4170390">
    <ele>1093.8</ele>
   </trkpt>
   <trkpt lat="-29.7975630" lon="24.4170730">
    <ele>1093.8</ele>
   </trkpt>
   <trkpt lat="-29.7975850" lon="24.4171080">
    <ele>1093.7</ele>
   </trkpt>
   <trkpt lat="-29.7976070" lon="24.4171430">
    <ele>1093.7</ele>
   </trkpt>
   <trkpt lat="-29.7976280" lon="24.4171780">
    <ele>1093.6</ele>
   </trkpt>
   <trkpt lat="-29.7976520" lon="24.4172130">
    <ele>1093.6</ele>
   </trkpt>
   <trkpt lat="-29.7976750" lon="24.4172480">
    <ele>1093.5</ele>
   </trkpt>
   <trkpt lat="-29.7976950" lon="24.4172820">
    <ele>1093.5</ele>
   </trkpt>
   <trkpt lat="-29.7977200" lon="24.4173180">
    <ele>1093.4</ele>
   </trkpt>
   <trkpt lat="-29.7977430" lon="24.4173510">
    <ele>1093.4</ele>
   </trkpt>
   <trkpt lat="-29.7977640" lon="24.4173900">
    <ele>1093.3</ele>
   </trkpt>
   <trkpt lat="-29.7977840" lon="24.4174270">
    <ele>1093.3</ele>
   </trkpt>
   <trkpt lat="-29.7978060" lon="24.4174640">
    <ele>1093.2</ele>
   </trkpt>
   <trkpt lat="-29.7978280" lon="24.4175000">
    <ele>1093.2</ele>
   </trkpt>
   <trkpt lat="-29.7978530" lon="24.4175370">
    <ele>1093.1</ele>
   </trkpt>
   <trkpt lat="-29.7978730" lon="24.4175740">
    <ele>1093.1</ele>
   </trkpt>
   <trkpt lat="-29.7978950" lon="24.4176150">
    <ele>1093.0</ele>
   </trkpt>
   <trkpt lat="-29.7979150" lon="24.4176570">
    <ele>1092.9</ele>
   </trkpt>
   <trkpt lat="-29.7979370" lon="24.4176930">
    <ele>1092.9</ele>
   </trkpt>
   <trkpt lat="-29.7979640" lon="24.4177260">
    <ele>1092.8</ele>
   </trkpt>
   <trkpt lat="-29.7979920" lon="24.4177620">
    <ele>1092.7</ele>
   </trkpt>
   <trkpt lat="-29.7980160" lon="24.4177990">
    <ele>1092.6</ele>
   </trkpt>
   <trkpt lat="-29.7980390" lon="24.4178380">
    <ele>1092.5</ele>
   </trkpt>
   <trkpt lat="-29.7980620" lon="24.4178770">
    <ele>1092.4</ele>
   </trkpt>
   <trkpt lat="-29.7980880" lon="24.4179120">
    <ele>1092.3</ele>
   </trkpt>
   <trkpt lat="-29.7981150" lon="24.4179480">
    <ele>1092.2</ele>
   </trkpt>
   <trkpt lat="-29.7981410" lon="24.4179820">
    <ele>1092.2</ele>
   </trkpt>
   <trkpt lat="-29.7981660" lon="24.4180200">
    <ele>1092.2</ele>
   </trkpt>
   <trkpt lat="-29.7981930" lon="24.4180560">
    <ele>1092.2</ele>
   </trkpt>
   <trkpt lat="-29.7982210" lon="24.4180920">
    <ele>1092.2</ele>
   </trkpt>
   <trkpt lat="-29.7982510" lon="24.4181260">
    <ele>1092.2</ele>
   </trkpt>
   <trkpt lat="-29.7982800" lon="24.4181610">
    <ele>1092.2</ele>
   </trkpt>
   <trkpt lat="-29.7983040" lon="24.4181970">
    <ele>1092.1</ele>
   </trkpt>
   <trkpt lat="-29.7983270" lon="24.4182340">
    <ele>1092.2</ele>
   </trkpt>
   <trkpt lat="-29.7983530" lon="24.4182680">
    <ele>1092.5</ele>
   </trkpt>
   <trkpt lat="-29.7983820" lon="24.4183050">
    <ele>1092.7</ele>
   </trkpt>
   <trkpt lat="-29.7984080" lon="24.4183420">
    <ele>1092.9</ele>
   </trkpt>
   <trkpt lat="-29.7984330" lon="24.4183810">
    <ele>1093.1</ele>
   </trkpt>
   <trkpt lat="-29.7984580" lon="24.4184180">
    <ele>1093.3</ele>
   </trkpt>
   <trkpt lat="-29.7984850" lon="24.4184580">
    <ele>1093.6</ele>
   </trkpt>
   <trkpt lat="-29.7985120" lon="24.4184960">
    <ele>1093.8</ele>
   </trkpt>
   <trkpt lat="-29.7985370" lon="24.4185350">
    <ele>1093.7</ele>
   </trkpt>
   <trkpt lat="-29.7985640" lon="24.4185630">
    <ele>1093.6</ele>
   </trkpt>
   <trkpt lat="-29.7985880" lon="24.4186000">
    <ele>1093.6</ele>
   </trkpt>
   <trkpt lat="-29.7986180" lon="24.4186420">
    <ele>1093.5</ele>
   </trkpt>
   <trkpt lat="-29.7986480" lon="24.4186770">
    <ele>1093.4</ele>
   </trkpt>
   <trkpt lat="-29.7986750" lon="24.4187130">
    <ele>1093.4</ele>
   </trkpt>
   <trkpt lat="-29.7987030" lon="24.4187460">
    <ele>1093.3</ele>
   </trkpt>
   <trkpt lat="-29.7987310" lon="24.4187800">
    <ele>1093.2</ele>
   </trkpt>
   <trkpt lat="-29.7987570" lon="24.4188140">
    <ele>1093.2</ele>
   </trkpt>
   <trkpt lat="-29.7987790" lon="24.4188490">
    <ele>1093.1</ele>
   </trkpt>
   <trkpt lat="-29.7988040" lon="24.4188820">
    <ele>1093.1</ele>
   </trkpt>
   <trkpt lat="-29.7988310" lon="24.4189160">
    <ele>1093.0</ele>
   </trkpt>
   <trkpt lat="-29.7988570" lon="24.4189480">
    <ele>1093.0</ele>
   </trkpt>
   <trkpt lat="-29.7988860" lon="24.4189790">
    <ele>1093.0</ele>
   </trkpt>
   <trkpt lat="-29.7989150" lon="24.4190090">
    <ele>1093.0</ele>
   </trkpt>
   <trkpt lat="-29.7989460" lon="24.4190370">
    <ele>1093.0</ele>
   </trkpt>
   <trkpt lat="-29.7989780" lon="24.4190650">
    <ele>1093.0</ele>
   </trkpt>
   <trkpt lat="-29.7990110" lon="24.4190890">
    <ele>1093.1</ele>
   </trkpt>
   <trkpt lat="-29.7990440" lon="24.4191160">
    <ele>1093.2</ele>
   </trkpt>
   <trkpt lat="-29.7990750" lon="24.4191430">
    <ele>1093.3</ele>
   </trkpt>
   <trkpt lat="-29.7991030" lon="24.4191730">
    <ele>1093.4</ele>
   </trkpt>
   <trkpt lat="-29.7991310" lon="24.4192010">
    <ele>1093.4</ele>
   </trkpt>
   <trkpt lat="-29.7991600" lon="24.4192340">
    <ele>1093.5</ele>
   </trkpt>
   <trkpt lat="-29.7991890" lon="24.4192660">
    <ele>1093.6</ele>
   </trkpt>
   <trkpt lat="-29.7992190" lon="24.4192990">
    <ele>1093.7</ele>
   </trkpt>
   <trkpt lat="-29.7992790" lon="24.4193520">
    <ele>1093.9</ele>
   </trkpt>
   <trkpt lat="-29.7993050" lon="24.4193730">
    <ele>1094.0</ele>
   </trkpt>
   <trkpt lat="-29.7993360" lon="24.4194020">
    <ele>1094.1</ele>
   </trkpt>
   <trkpt lat="-29.7993670" lon="24.4194350">
    <ele>1094.2</ele>
   </trkpt>
   <trkpt lat="-29.7993950" lon="24.4194720">
    <ele>1094.4</ele>
   </trkpt>
   <trkpt lat="-29.7994200" lon="24.4195130">
    <ele>1094.5</ele>
   </trkpt>
   <trkpt lat="-29.7994460" lon="24.4195540">
    <ele>1094.7</ele>
   </trkpt>
   <trkpt lat="-29.7994720" lon="24.4195930">
    <ele>1094.8</ele>
   </trkpt>
   <trkpt lat="-29.7994930" lon="24.4196340">
    <ele>1094.8</ele>
   </trkpt>
   <trkpt lat="-29.7995150" lon="24.4196730">
    <ele>1094.9</ele>
   </trkpt>
   <trkpt lat="-29.7995380" lon="24.4197170">
    <ele>1094.9</ele>
   </trkpt>
   <trkpt lat="-29.7995670" lon="24.4197600">
    <ele>1094.9</ele>
   </trkpt>
   <trkpt lat="-29.7995940" lon="24.4198020">
    <ele>1095.0</ele>
   </trkpt>
   <trkpt lat="-29.7996180" lon="24.4198420">
    <ele>1095.0</ele>
   </trkpt>
   <trkpt lat="-29.7996390" lon="24.4198870">
    <ele>1095.0</ele>
   </trkpt>
   <trkpt lat="-29.7996590" lon="24.4199180">
    <ele>1094.9</ele>
   </trkpt>
   <trkpt lat="-29.7996910" lon="24.4199340">
    <ele>1094.9</ele>
   </trkpt>
   <trkpt lat="-29.7997370" lon="24.4199460">
    <ele>1094.8</ele>
   </trkpt>
   <trkpt lat="-29.7997800" lon="24.4199460">
    <ele>1094.6</ele>
   </trkpt>
   <trkpt lat="-29.7998170" lon="24.4199400">
    <ele>1094.5</ele>
   </trkpt>
   <trkpt lat="-29.7998550" lon="24.4199270">
    <ele>1094.3</ele>
   </trkpt>
   <trkpt lat="-29.7998900" lon="24.4199130">
    <ele>1094.2</ele>
   </trkpt>
   <trkpt lat="-29.7999270" lon="24.4199090">
    <ele>1094.0</ele>
   </trkpt>
   <trkpt lat="-29.7999690" lon="24.4199270">
    <ele>1093.9</ele>
   </trkpt>
   <trkpt lat="-29.8000030" lon="24.4199600">
    <ele>1093.9</ele>
   </trkpt>
   <trkpt lat="-29.8000300" lon="24.4199980">
    <ele>1093.9</ele>
   </trkpt>
   <trkpt lat="-29.8000580" lon="24.4200420">
    <ele>1093.8</ele>
   </trkpt>
   <trkpt lat="-29.8000850" lon="24.4200860">
    <ele>1093.7</ele>
   </trkpt>
   <trkpt lat="-29.8001170" lon="24.4201360">
    <ele>1093.6</ele>
   </trkpt>
   <trkpt lat="-29.8001530" lon="24.4201880">
    <ele>1093.5</ele>
   </trkpt>
   <trkpt lat="-29.8001940" lon="24.4202430">
    <ele>1093.4</ele>
   </trkpt>
   <trkpt lat="-29.8002400" lon="24.4202920">
    <ele>1093.3</ele>
   </trkpt>
   <trkpt lat="-29.8002900" lon="24.4203350">
    <ele>1093.2</ele>
   </trkpt>
   <trkpt lat="-29.8003380" lon="24.4203750">
    <ele>1093.1</ele>
   </trkpt>
   <trkpt lat="-29.8003830" lon="24.4204090">
    <ele>1093.0</ele>
   </trkpt>
   <trkpt lat="-29.8004220" lon="24.4204480">
    <ele>1092.9</ele>
   </trkpt>
   <trkpt lat="-29.8004520" lon="24.4204900">
    <ele>1092.8</ele>
   </trkpt>
   <trkpt lat="-29.8004830" lon="24.4205320">
    <ele>1092.6</ele>
   </trkpt>
   <trkpt lat="-29.8005170" lon="24.4205720">
    <ele>1092.4</ele>
   </trkpt>
   <trkpt lat="-29.8005520" lon="24.4206090">
    <ele>1092.3</ele>
   </trkpt>
   <trkpt lat="-29.8005850" lon="24.4206480">
    <ele>1092.2</ele>
   </trkpt>
   <trkpt lat="-29.8006170" lon="24.4206860">
    <ele>1092.1</ele>
   </trkpt>
   <trkpt lat="-29.8006490" lon="24.4207230">
    <ele>1092.0</ele>
   </trkpt>
   <trkpt lat="-29.8006810" lon="24.4207590">
    <ele>1091.9</ele>
   </trkpt>
   <trkpt lat="-29.8007130" lon="24.4207910">
    <ele>1091.8</ele>
   </trkpt>
   <trkpt lat="-29.8007460" lon="24.4208280">
    <ele>1091.5</ele>
   </trkpt>
   <trkpt lat="-29.8007750" lon="24.4208670">
    <ele>1091.2</ele>
   </trkpt>
   <trkpt lat="-29.8008060" lon="24.4209010">
    <ele>1090.8</ele>
   </trkpt>
   <trkpt lat="-29.8008400" lon="24.4209410">
    <ele>1090.5</ele>
   </trkpt>
   <trkpt lat="-29.8008780" lon="24.4209810">
    <ele>1090.1</ele>
   </trkpt>
   <trkpt lat="-29.8009120" lon="24.4210240">
    <ele>1089.7</ele>
   </trkpt>
   <trkpt lat="-29.8009490" lon="24.4210620">
    <ele>1089.3</ele>
   </trkpt>
   <trkpt lat="-29.8009860" lon="24.4211030">
    <ele>1089.1</ele>
   </trkpt>
   <trkpt lat="-29.8010210" lon="24.4211420">
    <ele>1089.1</ele>
   </trkpt>
   <trkpt lat="-29.8010570" lon="24.4211850">
    <ele>1089.2</ele>
   </trkpt>
   <trkpt lat="-29.8010920" lon="24.4212230">
    <ele>1089.3</ele>
   </trkpt>
   <trkpt lat="-29.8011290" lon="24.4212600">
    <ele>1089.4</ele>
   </trkpt>
   <trkpt lat="-29.8011660" lon="24.4213010">
    <ele>1089.5</ele>
   </trkpt>
   <trkpt lat="-29.8012050" lon="24.4213430">
    <ele>1089.6</ele>
   </trkpt>
   <trkpt lat="-29.8012450" lon="24.4213770">
    <ele>1089.7</ele>
   </trkpt>
   <trkpt lat="-29.8012940" lon="24.4213970">
    <ele>1089.8</ele>
   </trkpt>
   <trkpt lat="-29.8013480" lon="24.4213920">
    <ele>1090.0</ele>
   </trkpt>
   <trkpt lat="-29.8013940" lon="24.4213730">
    <ele>1090.0</ele>
   </trkpt>
   <trkpt lat="-29.8014350" lon="24.4213450">
    <ele>1090.1</ele>
   </trkpt>
   <trkpt lat="-29.8014680" lon="24.4213030">
    <ele>1090.2</ele>
   </trkpt>
   <trkpt lat="-29.8014930" lon="24.4212570">
    <ele>1090.2</ele>
   </trkpt>
   <trkpt lat="-29.8015190" lon="24.4212190">
    <ele>1090.3</ele>
   </trkpt>
   <trkpt lat="-29.8015430" lon="24.4211800">
    <ele>1090.4</ele>
   </trkpt>
   <trkpt lat="-29.8015700" lon="24.4211430">
    <ele>1090.5</ele>
   </trkpt>
   <trkpt lat="-29.8016020" lon="24.4211060">
    <ele>1090.6</ele>
   </trkpt>
   <trkpt lat="-29.8016310" lon="24.4210730">
    <ele>1090.6</ele>
   </trkpt>
   <trkpt lat="-29.8016520" lon="24.4210370">
    <ele>1090.7</ele>
   </trkpt>
   <trkpt lat="-29.8016770" lon="24.4209980">
    <ele>1090.8</ele>
   </trkpt>
   <trkpt lat="-29.8017020" lon="24.4209610">
    <ele>1090.9</ele>
   </trkpt>
   <trkpt lat="-29.8017250" lon="24.4209210">
    <ele>1090.9</ele>
   </trkpt>
   <trkpt lat="-29.8017630" lon="24.4208880">
    <ele>1091.0</ele>
   </trkpt>
   <trkpt lat="-29.8017920" lon="24.4208590">
    <ele>1091.1</ele>
   </trkpt>
   <trkpt lat="-29.8018250" lon="24.4208300">
    <ele>1091.2</ele>
   </trkpt>
   <trkpt lat="-29.8018520" lon="24.4208020">
    <ele>1091.2</ele>
   </trkpt>
   <trkpt lat="-29.8018720" lon="24.4207710">
    <ele>1091.3</ele>
   </trkpt>
   <trkpt lat="-29.8018960" lon="24.4207410">
    <ele>1091.4</ele>
   </trkpt>
   <trkpt lat="-29.8019220" lon="24.4207040">
    <ele>1091.4</ele>
   </trkpt>
   <trkpt lat="-29.8019420" lon="24.4206660">
    <ele>1091.5</ele>
   </trkpt>
   <trkpt lat="-29.8019640" lon="24.4206300">
    <ele>1091.6</ele>
   </trkpt>
   <trkpt lat="-29.8019910" lon="24.4205960">
    <ele>1091.6</ele>
   </trkpt>
   <trkpt lat="-29.8020180" lon="24.4205650">
    <ele>1091.7</ele>
   </trkpt>
   <trkpt lat="-29.8020460" lon="24.4205350">
    <ele>1091.8</ele>
   </trkpt>
   <trkpt lat="-29.8020740" lon="24.4205060">
    <ele>1091.9</ele>
   </trkpt>
   <trkpt lat="-29.8020980" lon="24.4204740">
    <ele>1091.9</ele>
   </trkpt>
   <trkpt lat="-29.8021220" lon="24.4204390">
    <ele>1092.0</ele>
   </trkpt>
   <trkpt lat="-29.8021490" lon="24.4204070">
    <ele>1092.1</ele>
   </trkpt>
   <trkpt lat="-29.8021710" lon="24.4203720">
    <ele>1092.1</ele>
   </trkpt>
   <trkpt lat="-29.8021930" lon="24.4203400">
    <ele>1092.2</ele>
   </trkpt>
   <trkpt lat="-29.8022190" lon="24.4203070">
    <ele>1092.3</ele>
   </trkpt>
   <trkpt lat="-29.8022420" lon="24.4202710">
    <ele>1092.3</ele>
   </trkpt>
   <trkpt lat="-29.8022690" lon="24.4202370">
    <ele>1092.4</ele>
   </trkpt>
   <trkpt lat="-29.8022920" lon="24.4202080">
    <ele>1092.4</ele>
   </trkpt>
   <trkpt lat="-29.8023180" lon="24.4201740">
    <ele>1092.5</ele>
   </trkpt>
   <trkpt lat="-29.8023430" lon="24.4201420">
    <ele>1092.6</ele>
   </trkpt>
   <trkpt lat="-29.8023720" lon="24.4201090">
    <ele>1092.6</ele>
   </trkpt>
   <trkpt lat="-29.8023980" lon="24.4200770">
    <ele>1092.7</ele>
   </trkpt>
   <trkpt lat="-29.8024240" lon="24.4200470">
    <ele>1092.8</ele>
   </trkpt>
   <trkpt lat="-29.8024530" lon="24.4200210">
    <ele>1092.8</ele>
   </trkpt>
   <trkpt lat="-29.8024800" lon="24.4199950">
    <ele>1092.9</ele>
   </trkpt>
   <trkpt lat="-29.8025040" lon="24.4199620">
    <ele>1093.0</ele>
   </trkpt>
   <trkpt lat="-29.8025280" lon="24.4199280">
    <ele>1093.0</ele>
   </trkpt>
   <trkpt lat="-29.8025570" lon="24.4198970">
    <ele>1093.1</ele>
   </trkpt>
   <trkpt lat="-29.8025890" lon="24.4198650">
    <ele>1093.2</ele>
   </trkpt>
   <trkpt lat="-29.8026200" lon="24.4198350">
    <ele>1093.2</ele>
   </trkpt>
   <trkpt lat="-29.8026470" lon="24.4198060">
    <ele>1093.3</ele>
   </trkpt>
   <trkpt lat="-29.8026720" lon="24.4197750">
    <ele>1093.4</ele>
   </trkpt>
   <trkpt lat="-29.8026950" lon="24.4197410">
    <ele>1093.4</ele>
   </trkpt>
   <trkpt lat="-29.8027220" lon="24.4197090">
    <ele>1093.5</ele>
   </trkpt>
   <trkpt lat="-29.8027470" lon="24.4196760">
    <ele>1093.6</ele>
   </trkpt>
   <trkpt lat="-29.8027710" lon="24.4196400">
    <ele>1093.6</ele>
   </trkpt>
   <trkpt lat="-29.8028000" lon="24.4196120">
    <ele>1093.7</ele>
   </trkpt>
   <trkpt lat="-29.8028260" lon="24.4195800">
    <ele>1093.7</ele>
   </trkpt>
   <trkpt lat="-29.8028530" lon="24.4195470">
    <ele>1093.8</ele>
   </trkpt>
   <trkpt lat="-29.8028750" lon="24.4195160">
    <ele>1093.9</ele>
   </trkpt>
   <trkpt lat="-29.8029010" lon="24.4194840">
    <ele>1093.9</ele>
   </trkpt>
   <trkpt lat="-29.8029230" lon="24.4194520">
    <ele>1094.0</ele>
   </trkpt>
   <trkpt lat="-29.8029440" lon="24.4194170">
    <ele>1094.0</ele>
   </trkpt>
   <trkpt lat="-29.8029660" lon="24.4193840">
    <ele>1094.0</ele>
   </trkpt>
   <trkpt lat="-29.8029930" lon="24.4193570">
    <ele>1094.0</ele>
   </trkpt>
   <trkpt lat="-29.8030220" lon="24.4193300">
    <ele>1094.0</ele>
   </trkpt>
   <trkpt lat="-29.8030560" lon="24.4193170">
    <ele>1094.0</ele>
   </trkpt>
   <trkpt lat="-29.8030920" lon="24.4193240">
    <ele>1094.0</ele>
   </trkpt>
   <trkpt lat="-29.8031260" lon="24.4193430">
    <ele>1094.1</ele>
   </trkpt>
   <trkpt lat="-29.8031540" lon="24.4193640">
    <ele>1094.1</ele>
   </trkpt>
   <trkpt lat="-29.8031820" lon="24.4193910">
    <ele>1094.2</ele>
   </trkpt>
   <trkpt lat="-29.8032050" lon="24.4194270">
    <ele>1094.3</ele>
   </trkpt>
   <trkpt lat="-29.8032270" lon="24.4194590">
    <ele>1094.3</ele>
   </trkpt>
   <trkpt lat="-29.8032560" lon="24.4194890">
    <ele>1094.4</ele>
   </trkpt>
   <trkpt lat="-29.8032870" lon="24.4195200">
    <ele>1094.4</ele>
   </trkpt>
   <trkpt lat="-29.8033180" lon="24.4195430">
    <ele>1094.5</ele>
   </trkpt>
   <trkpt lat="-29.8033500" lon="24.4195650">
    <ele>1094.5</ele>
   </trkpt>
   <trkpt lat="-29.8033840" lon="24.4195850">
    <ele>1094.6</ele>
   </trkpt>
   <trkpt lat="-29.8034150" lon="24.4196090">
    <ele>1094.6</ele>
   </trkpt>
   <trkpt lat="-29.8034420" lon="24.4196400">
    <ele>1094.7</ele>
   </trkpt>
   <trkpt lat="-29.8034670" lon="24.4196720">
    <ele>1094.7</ele>
   </trkpt>
   <trkpt lat="-29.8034920" lon="24.4197030">
    <ele>1094.8</ele>
   </trkpt>
   <trkpt lat="-29.8035170" lon="24.4197320">
    <ele>1094.8</ele>
   </trkpt>
   <trkpt lat="-29.8035400" lon="24.4197650">
    <ele>1094.9</ele>
   </trkpt>
   <trkpt lat="-29.8035580" lon="24.4197990">
    <ele>1094.9</ele>
   </trkpt>
   <trkpt lat="-29.8035710" lon="24.4198340">
    <ele>1095.0</ele>
   </trkpt>
   <trkpt lat="-29.8035910" lon="24.4198680">
    <ele>1095.0</ele>
   </trkpt>
   <trkpt lat="-29.8036150" lon="24.4199010">
    <ele>1095.1</ele>
   </trkpt>
   <trkpt lat="-29.8036410" lon="24.4199310">
    <ele>1095.1</ele>
   </trkpt>
   <trkpt lat="-29.8036680" lon="24.4199570">
    <ele>1095.2</ele>
   </trkpt>
   <trkpt lat="-29.8036940" lon="24.4199860">
    <ele>1095.2</ele>
   </trkpt>
   <trkpt lat="-29.8037200" lon="24.4200140">
    <ele>1095.3</ele>
   </trkpt>
   <trkpt lat="-29.8037470" lon="24.4200400">
    <ele>1095.3</ele>
   </trkpt>
   <trkpt lat="-29.8037740" lon="24.4200670">
    <ele>1095.4</ele>
   </trkpt>
   <trkpt lat="-29.8038030" lon="24.4200940">
    <ele>1095.4</ele>
   </trkpt>
   <trkpt lat="-29.8038300" lon="24.4201210">
    <ele>1095.5</ele>
   </trkpt>
   <trkpt lat="-29.8038560" lon="24.4201500">
    <ele>1095.5</ele>
   </trkpt>
   <trkpt lat="-29.8038830" lon="24.4201800">
    <ele>1095.6</ele>
   </trkpt>
   <trkpt lat="-29.8039120" lon="24.4202090">
    <ele>1095.6</ele>
   </trkpt>
   <trkpt lat="-29.8039390" lon="24.4202370">
    <ele>1095.6</ele>
   </trkpt>
   <trkpt lat="-29.8039650" lon="24.4202690">
    <ele>1095.6</ele>
   </trkpt>
   <trkpt lat="-29.8039920" lon="24.4202980">
    <ele>1095.5</ele>
   </trkpt>
   <trkpt lat="-29.8040180" lon="24.4203270">
    <ele>1095.4</ele>
   </trkpt>
   <trkpt lat="-29.8040450" lon="24.4203540">
    <ele>1095.3</ele>
   </trkpt>
   <trkpt lat="-29.8040720" lon="24.4203800">
    <ele>1095.4</ele>
   </trkpt>
   <trkpt lat="-29.8041020" lon="24.4204040">
    <ele>1095.5</ele>
   </trkpt>
   <trkpt lat="-29.8041310" lon="24.4204220">
    <ele>1095.6</ele>
   </trkpt>
   <trkpt lat="-29.8041620" lon="24.4204390">
    <ele>1095.8</ele>
   </trkpt>
   <trkpt lat="-29.8041940" lon="24.4204550">
    <ele>1095.9</ele>
   </trkpt>
   <trkpt lat="-29.8042260" lon="24.4204670">
    <ele>1096.1</ele>
   </trkpt>
   <trkpt lat="-29.8042610" lon="24.4204760">
    <ele>1096.2</ele>
   </trkpt>
   <trkpt lat="-29.8042950" lon="24.4204780">
    <ele>1096.3</ele>
   </trkpt>
   <trkpt lat="-29.8043310" lon="24.4204800">
    <ele>1096.5</ele>
   </trkpt>
   <trkpt lat="-29.8043650" lon="24.4204810">
    <ele>1096.6</ele>
   </trkpt>
   <trkpt lat="-29.8043960" lon="24.4204800">
    <ele>1096.7</ele>
   </trkpt>
   <trkpt lat="-29.8044290" lon="24.4204750">
    <ele>1096.9</ele>
   </trkpt>
   <trkpt lat="-29.8044620" lon="24.4204730">
    <ele>1096.9</ele>
   </trkpt>
   <trkpt lat="-29.8044970" lon="24.4204700">
    <ele>1096.9</ele>
   </trkpt>
   <trkpt lat="-29.8045290" lon="24.4204670">
    <ele>1097.0</ele>
   </trkpt>
   <trkpt lat="-29.8045650" lon="24.4204600">
    <ele>1097.1</ele>
   </trkpt>
   <trkpt lat="-29.8045970" lon="24.4204550">
    <ele>1097.2</ele>
   </trkpt>
   <trkpt lat="-29.8046290" lon="24.4204490">
    <ele>1097.4</ele>
   </trkpt>
   <trkpt lat="-29.8046600" lon="24.4204440">
    <ele>1097.5</ele>
   </trkpt>
   <trkpt lat="-29.8046930" lon="24.4204380">
    <ele>1097.6</ele>
   </trkpt>
   <trkpt lat="-29.8047250" lon="24.4204320">
    <ele>1097.8</ele>
   </trkpt>
   <trkpt lat="-29.8047590" lon="24.4204270">
    <ele>1097.9</ele>
   </trkpt>
   <trkpt lat="-29.8047900" lon="24.4204250">
    <ele>1098.0</ele>
   </trkpt>
   <trkpt lat="-29.8048210" lon="24.4204160">
    <ele>1098.2</ele>
   </trkpt>
   <trkpt lat="-29.8048510" lon="24.4204040">
    <ele>1098.3</ele>
   </trkpt>
   <trkpt lat="-29.8048820" lon="24.4203930">
    <ele>1098.4</ele>
   </trkpt>
   <trkpt lat="-29.8049120" lon="24.4203830">
    <ele>1098.6</ele>
   </trkpt>
   <trkpt lat="-29.8049430" lon="24.4203740">
    <ele>1098.7</ele>
   </trkpt>
   <trkpt lat="-29.8049740" lon="24.4203650">
    <ele>1098.8</ele>
   </trkpt>
   <trkpt lat="-29.8050030" lon="24.4203550">
    <ele>1099.0</ele>
   </trkpt>
   <trkpt lat="-29.8050330" lon="24.4203440">
    <ele>1099.1</ele>
   </trkpt>
   <trkpt lat="-29.8050640" lon="24.4203340">
    <ele>1099.2</ele>
   </trkpt>
   <trkpt lat="-29.8050940" lon="24.4203230">
    <ele>1099.4</ele>
   </trkpt>
   <trkpt lat="-29.8051220" lon="24.4203070">
    <ele>1099.5</ele>
   </trkpt>
   <trkpt lat="-29.8051510" lon="24.4202920">
    <ele>1099.6</ele>
   </trkpt>
   <trkpt lat="-29.8051770" lon="24.4202730">
    <ele>1099.7</ele>
   </trkpt>
   <trkpt lat="-29.8052000" lon="24.4202500">
    <ele>1099.9</ele>
   </trkpt>
   <trkpt lat="-29.8052260" lon="24.4202290">
    <ele>1100.0</ele>
   </trkpt>
   <trkpt lat="-29.8052460" lon="24.4202050">
    <ele>1100.1</ele>
   </trkpt>
   <trkpt lat="-29.8052560" lon="24.4201910">
    <ele>1100.2</ele>
   </trkpt>
   <trkpt lat="-29.8052880" lon="24.4201570">
    <ele>1100.4</ele>
   </trkpt>
   <trkpt lat="-29.8053050" lon="24.4201370">
    <ele>1100.5</ele>
   </trkpt>
   <trkpt lat="-29.8053420" lon="24.4200960">
    <ele>1100.7</ele>
   </trkpt>
   <trkpt lat="-29.8053630" lon="24.4200740">
    <ele>1100.8</ele>
   </trkpt>
   <trkpt lat="-29.8053880" lon="24.4200500">
    <ele>1100.9</ele>
   </trkpt>
   <trkpt lat="-29.8054140" lon="24.4200330">
    <ele>1101.0</ele>
   </trkpt>
   <trkpt lat="-29.8054380" lon="24.4200070">
    <ele>1101.0</ele>
   </trkpt>
   <trkpt lat="-29.8054570" lon="24.4199740">
    <ele>1101.0</ele>
   </trkpt>
   <trkpt lat="-29.8054760" lon="24.4199480">
    <ele>1100.9</ele>
   </trkpt>
   <trkpt lat="-29.8054850" lon="24.4199370">
    <ele>1100.9</ele>
   </trkpt>
   <trkpt lat="-29.8055130" lon="24.4199090">
    <ele>1100.9</ele>
   </trkpt>
   <trkpt lat="-29.8055230" lon="24.4198990">
    <ele>1100.9</ele>
   </trkpt>
   <trkpt lat="-29.8055500" lon="24.4198690">
    <ele>1100.9</ele>
   </trkpt>
   <trkpt lat="-29.8055600" lon="24.4198590">
    <ele>1100.9</ele>
   </trkpt>
   <trkpt lat="-29.8056150" lon="24.4198170">
    <ele>1100.9</ele>
   </trkpt>
   <trkpt lat="-29.8056530" lon="24.4197980">
    <ele>1100.9</ele>
   </trkpt>
   <trkpt lat="-29.8056850" lon="24.4197800">
    <ele>1100.9</ele>
   </trkpt>
   <trkpt lat="-29.8057070" lon="24.4197620">
    <ele>1100.9</ele>
   </trkpt>
   <trkpt lat="-29.8057320" lon="24.4197380">
    <ele>1100.9</ele>
   </trkpt>
   <trkpt lat="-29.8057590" lon="24.4197080">
    <ele>1100.9</ele>
   </trkpt>
   <trkpt lat="-29.8057860" lon="24.4196840">
    <ele>1100.9</ele>
   </trkpt>
   <trkpt lat="-29.8058170" lon="24.4196640">
    <ele>1100.9</ele>
   </trkpt>
   <trkpt lat="-29.8058500" lon="24.4196430">
    <ele>1100.9</ele>
   </trkpt>
   <trkpt lat="-29.8058740" lon="24.4196110">
    <ele>1100.8</ele>
   </trkpt>
   <trkpt lat="-29.8058940" lon="24.4195850">
    <ele>1100.8</ele>
   </trkpt>
   <trkpt lat="-29.8059190" lon="24.4195590">
    <ele>1100.7</ele>
   </trkpt>
   <trkpt lat="-29.8059410" lon="24.4195340">
    <ele>1100.7</ele>
   </trkpt>
   <trkpt lat="-29.8059650" lon="24.4195070">
    <ele>1100.6</ele>
   </trkpt>
   <trkpt lat="-29.8059900" lon="24.4194840">
    <ele>1100.6</ele>
   </trkpt>
   <trkpt lat="-29.8060150" lon="24.4194630">
    <ele>1100.5</ele>
   </trkpt>
   <trkpt lat="-29.8060370" lon="24.4194400">
    <ele>1100.5</ele>
   </trkpt>
   <trkpt lat="-29.8060610" lon="24.4194200">
    <ele>1100.4</ele>
   </trkpt>
   <trkpt lat="-29.8060850" lon="24.4193950">
    <ele>1100.5</ele>
   </trkpt>
   <trkpt lat="-29.8061100" lon="24.4193660">
    <ele>1100.6</ele>
   </trkpt>
   <trkpt lat="-29.8061340" lon="24.4193370">
    <ele>1100.8</ele>
   </trkpt>
   <trkpt lat="-29.8061540" lon="24.4193080">
    <ele>1100.9</ele>
   </trkpt>
   <trkpt lat="-29.8061750" lon="24.4192750">
    <ele>1101.0</ele>
   </trkpt>
   <trkpt lat="-29.8061990" lon="24.4192440">
    <ele>1101.2</ele>
   </trkpt>
   <trkpt lat="-29.8062220" lon="24.4192110">
    <ele>1101.3</ele>
   </trkpt>
   <trkpt lat="-29.8062450" lon="24.4191780">
    <ele>1101.5</ele>
   </trkpt>
   <trkpt lat="-29.8062740" lon="24.4191470">
    <ele>1101.6</ele>
   </trkpt>
   <trkpt lat="-29.8062980" lon="24.4191190">
    <ele>1101.8</ele>
   </trkpt>
   <trkpt lat="-29.8063250" lon="24.4190840">
    <ele>1101.9</ele>
   </trkpt>
   <trkpt lat="-29.8063520" lon="24.4190500">
    <ele>1102.1</ele>
   </trkpt>
   <trkpt lat="-29.8063760" lon="24.4190150">
    <ele>1102.2</ele>
   </trkpt>
   <trkpt lat="-29.8064040" lon="24.4189810">
    <ele>1102.3</ele>
   </trkpt>
   <trkpt lat="-29.8064300" lon="24.4189490">
    <ele>1102.4</ele>
   </trkpt>
   <trkpt lat="-29.8064570" lon="24.4189170">
    <ele>1102.5</ele>
   </trkpt>
   <trkpt lat="-29.8064830" lon="24.4188840">
    <ele>1102.6</ele>
   </trkpt>
   <trkpt lat="-29.8065060" lon="24.4188520">
    <ele>1102.6</ele>
   </trkpt>
   <trkpt lat="-29.8065360" lon="24.4188210">
    <ele>1102.7</ele>
   </trkpt>
   <trkpt lat="-29.8065650" lon="24.4187910">
    <ele>1102.8</ele>
   </trkpt>
   <trkpt lat="-29.8065920" lon="24.4187600">
    <ele>1102.9</ele>
   </trkpt>
   <trkpt lat="-29.8066190" lon="24.4187290">
    <ele>1103.0</ele>
   </trkpt>
   <trkpt lat="-29.8066330" lon="24.4187020">
    <ele>1103.1</ele>
   </trkpt>
   <trkpt lat="-29.8066400" lon="24.4186880">
    <ele>1103.2</ele>
   </trkpt>
   <trkpt lat="-29.8066680" lon="24.4186480">
    <ele>1103.3</ele>
   </trkpt>
   <trkpt lat="-29.8066780" lon="24.4186300">
    <ele>1103.4</ele>
   </trkpt>
   <trkpt lat="-29.8066940" lon="24.4186010">
    <ele>1103.5</ele>
   </trkpt>
   <trkpt lat="-29.8067120" lon="24.4185710">
    <ele>1103.6</ele>
   </trkpt>
   <trkpt lat="-29.8067480" lon="24.4185230">
    <ele>1103.3</ele>
   </trkpt>
   <trkpt lat="-29.8067840" lon="24.4184760">
    <ele>1103.0</ele>
   </trkpt>
   <trkpt lat="-29.8068400" lon="24.4184260">
    <ele>1102.6</ele>
   </trkpt>
   <trkpt lat="-29.8068720" lon="24.4184020">
    <ele>1102.4</ele>
   </trkpt>
   <trkpt lat="-29.8069050" lon="24.4183780">
    <ele>1102.1</ele>
   </trkpt>
   <trkpt lat="-29.8069460" lon="24.4183660">
    <ele>1102.1</ele>
   </trkpt>
   <trkpt lat="-29.8069850" lon="24.4183790">
    <ele>1102.1</ele>
   </trkpt>
   <trkpt lat="-29.8070030" lon="24.4184160">
    <ele>1102.1</ele>
   </trkpt>
   <trkpt lat="-29.8070020" lon="24.4184690">
    <ele>1102.1</ele>
   </trkpt>
   <trkpt lat="-29.8069970" lon="24.4184920">
    <ele>1102.1</ele>
   </trkpt>
   <trkpt lat="-29.8069930" lon="24.4185270">
    <ele>1102.1</ele>
   </trkpt>
   <trkpt lat="-29.8069890" lon="24.4185610">
    <ele>1102.1</ele>
   </trkpt>
   <trkpt lat="-29.8069900" lon="24.4185950">
    <ele>1102.1</ele>
   </trkpt>
   <trkpt lat="-29.8069880" lon="24.4186330">
    <ele>1102.1</ele>
   </trkpt>
   <trkpt lat="-29.8069870" lon="24.4186720">
    <ele>1102.1</ele>
   </trkpt>
   <trkpt lat="-29.8069880" lon="24.4187090">
    <ele>1102.1</ele>
   </trkpt>
   <trkpt lat="-29.8069910" lon="24.4187480">
    <ele>1102.1</ele>
   </trkpt>
   <trkpt lat="-29.8069960" lon="24.4187870">
    <ele>1102.1</ele>
   </trkpt>
   <trkpt lat="-29.8069990" lon="24.4188270">
    <ele>1102.1</ele>
   </trkpt>
   <trkpt lat="-29.8070020" lon="24.4188660">
    <ele>1102.1</ele>
   </trkpt>
   <trkpt lat="-29.8070050" lon="24.4189030">
    <ele>1102.1</ele>
   </trkpt>
   <trkpt lat="-29.8070230" lon="24.4189350">
    <ele>1102.1</ele>
   </trkpt>
   <trkpt lat="-29.8070290" lon="24.4189750">
    <ele>1102.1</ele>
   </trkpt>
   <trkpt lat="-29.8070120" lon="24.4190130">
    <ele>1102.1</ele>
   </trkpt>
   <trkpt lat="-29.8070030" lon="24.4190520">
    <ele>1102.1</ele>
   </trkpt>
   <trkpt lat="-29.8069980" lon="24.4190890">
    <ele>1102.1</ele>
   </trkpt>
   <trkpt lat="-29.8070020" lon="24.4191280">
    <ele>1102.1</ele>
   </trkpt>
   <trkpt lat="-29.8070090" lon="24.4191660">
    <ele>1102.1</ele>
   </trkpt>
   <trkpt lat="-29.8070160" lon="24.4192050">
    <ele>1102.1</ele>
   </trkpt>
   <trkpt lat="-29.8070200" lon="24.4192430">
    <ele>1102.1</ele>
   </trkpt>
   <trkpt lat="-29.8070240" lon="24.4192820">
    <ele>1102.1</ele>
   </trkpt>
   <trkpt lat="-29.8070270" lon="24.4193190">
    <ele>1102.1</ele>
   </trkpt>
   <trkpt lat="-29.8070310" lon="24.4193570">
    <ele>1102.1</ele>
   </trkpt>
   <trkpt lat="-29.8070320" lon="24.4193920">
    <ele>1102.1</ele>
   </trkpt>
   <trkpt lat="-29.8070320" lon="24.4194280">
    <ele>1102.1</ele>
   </trkpt>
   <trkpt lat="-29.8070340" lon="24.4194650">
    <ele>1102.1</ele>
   </trkpt>
   <trkpt lat="-29.8070370" lon="24.4195010">
    <ele>1102.1</ele>
   </trkpt>
   <trkpt lat="-29.8070380" lon="24.4195380">
    <ele>1102.1</ele>
   </trkpt>
   <trkpt lat="-29.8070380" lon="24.4195750">
    <ele>1102.1</ele>
   </trkpt>
   <trkpt lat="-29.8070370" lon="24.4196100">
    <ele>1102.1</ele>
   </trkpt>
   <trkpt lat="-29.8070350" lon="24.4196440">
    <ele>1102.1</ele>
   </trkpt>
   <trkpt lat="-29.8070330" lon="24.4196790">
    <ele>1102.1</ele>
   </trkpt>
   <trkpt lat="-29.8070360" lon="24.4197150">
    <ele>1102.1</ele>
   </trkpt>
   <trkpt lat="-29.8070450" lon="24.4197520">
    <ele>1102.1</ele>
   </trkpt>
   <trkpt lat="-29.8070640" lon="24.4197820">
    <ele>1102.1</ele>
   </trkpt>
   <trkpt lat="-29.8070920" lon="24.4197990">
    <ele>1102.2</ele>
   </trkpt>
   <trkpt lat="-29.8071210" lon="24.4198060">
    <ele>1102.3</ele>
   </trkpt>
   <trkpt lat="-29.8071590" lon="24.4198070">
    <ele>1102.5</ele>
   </trkpt>
   <trkpt lat="-29.8071720" lon="24.4198060">
    <ele>1102.6</ele>
   </trkpt>
   <trkpt lat="-29.8072050" lon="24.4197960">
    <ele>1102.7</ele>
   </trkpt>
   <trkpt lat="-29.8072160" lon="24.4197970">
    <ele>1102.7</ele>
   </trkpt>
   <trkpt lat="-29.8072530" lon="24.4198000">
    <ele>1102.9</ele>
   </trkpt>
   <trkpt lat="-29.8072650" lon="24.4198010">
    <ele>1102.9</ele>
   </trkpt>
   <trkpt lat="-29.8073000" lon="24.4198030">
    <ele>1103.1</ele>
   </trkpt>
   <trkpt lat="-29.8073110" lon="24.4198040">
    <ele>1103.1</ele>
   </trkpt>
   <trkpt lat="-29.8073460" lon="24.4198070">
    <ele>1103.3</ele>
   </trkpt>
   <trkpt lat="-29.8073560" lon="24.4198070">
    <ele>1103.3</ele>
   </trkpt>
   <trkpt lat="-29.8073900" lon="24.4198050">
    <ele>1103.5</ele>
   </trkpt>
   <trkpt lat="-29.8073990" lon="24.4198050">
    <ele>1103.5</ele>
   </trkpt>
   <trkpt lat="-29.8074370" lon="24.4198060">
    <ele>1103.7</ele>
   </trkpt>
   <trkpt lat="-29.8074480" lon="24.4198070">
    <ele>1103.7</ele>
   </trkpt>
   <trkpt lat="-29.8074810" lon="24.4198090">
    <ele>1103.8</ele>
   </trkpt>
   <trkpt lat="-29.8074920" lon="24.4198090">
    <ele>1103.9</ele>
   </trkpt>
   <trkpt lat="-29.8075280" lon="24.4198060">
    <ele>1104.0</ele>
   </trkpt>
   <trkpt lat="-29.8075410" lon="24.4198070">
    <ele>1104.1</ele>
   </trkpt>
   <trkpt lat="-29.8075730" lon="24.4198110">
    <ele>1104.2</ele>
   </trkpt>
   <trkpt lat="-29.8075840" lon="24.4198120">
    <ele>1104.3</ele>
   </trkpt>
   <trkpt lat="-29.8076210" lon="24.4198100">
    <ele>1104.4</ele>
   </trkpt>
   <trkpt lat="-29.8076320" lon="24.4198090">
    <ele>1104.5</ele>
   </trkpt>
   <trkpt lat="-29.8076620" lon="24.4198100">
    <ele>1104.6</ele>
   </trkpt>
   <trkpt lat="-29.8076720" lon="24.4198100">
    <ele>1104.6</ele>
   </trkpt>
   <trkpt lat="-29.8077040" lon="24.4198110">
    <ele>1104.8</ele>
   </trkpt>
   <trkpt lat="-29.8077150" lon="24.4198110">
    <ele>1104.8</ele>
   </trkpt>
   <trkpt lat="-29.8077340" lon="24.4198090">
    <ele>1104.9</ele>
   </trkpt>
   <trkpt lat="-29.8077470" lon="24.4198040">
    <ele>1105.0</ele>
   </trkpt>
   <trkpt lat="-29.8077580" lon="24.4197920">
    <ele>1105.0</ele>
   </trkpt>
   <trkpt lat="-29.8077610" lon="24.4197660">
    <ele>1105.0</ele>
   </trkpt>
   <trkpt lat="-29.8077530" lon="24.4197310">
    <ele>1105.0</ele>
   </trkpt>
   <trkpt lat="-29.8077320" lon="24.4196930">
    <ele>1105.0</ele>
   </trkpt>
   <trkpt lat="-29.8077160" lon="24.4196670">
    <ele>1105.0</ele>
   </trkpt>
   <trkpt lat="-29.8076890" lon="24.4196420">
    <ele>1104.9</ele>
   </trkpt>
   <trkpt lat="-29.8076540" lon="24.4196230">
    <ele>1104.9</ele>
   </trkpt>
   <trkpt lat="-29.8076180" lon="24.4196180">
    <ele>1104.9</ele>
   </trkpt>
   <trkpt lat="-29.8075830" lon="24.4196200">
    <ele>1104.8</ele>
   </trkpt>
   <trkpt lat="-29.8075460" lon="24.4196300">
    <ele>1104.8</ele>
   </trkpt>
   <trkpt lat="-29.8075130" lon="24.4196380">
    <ele>1104.8</ele>
   </trkpt>
   <trkpt lat="-29.8074790" lon="24.4196480">
    <ele>1104.8</ele>
   </trkpt>
   <trkpt lat="-29.8074430" lon="24.4196600">
    <ele>1104.7</ele>
   </trkpt>
   <trkpt lat="-29.8074090" lon="24.4196670">
    <ele>1104.7</ele>
   </trkpt>
   <trkpt lat="-29.8073760" lon="24.4196650">
    <ele>1104.7</ele>
   </trkpt>
   <trkpt lat="-29.8073430" lon="24.4196520">
    <ele>1104.7</ele>
   </trkpt>
   <trkpt lat="-29.8073180" lon="24.4196330">
    <ele>1104.6</ele>
   </trkpt>
   <trkpt lat="-29.8072920" lon="24.4196100">
    <ele>1104.6</ele>
   </trkpt>
   <trkpt lat="-29.8072680" lon="24.4195720">
    <ele>1104.6</ele>
   </trkpt>
   <trkpt lat="-29.8072600" lon="24.4195600">
    <ele>1104.6</ele>
   </trkpt>
   <trkpt lat="-29.8072540" lon="24.4195250">
    <ele>1104.6</ele>
   </trkpt>
   <trkpt lat="-29.8072560" lon="24.4195140">
    <ele>1104.6</ele>
   </trkpt>
   <trkpt lat="-29.8072630" lon="24.4194950">
    <ele>1104.5</ele>
   </trkpt>
   <trkpt lat="-29.8072730" lon="24.4194890">
    <ele>1104.5</ele>
   </trkpt>
   <trkpt lat="-29.8072870" lon="24.4194840">
    <ele>1104.5</ele>
   </trkpt>
   <trkpt lat="-29.8072790" lon="24.4194830">
    <ele>1104.5</ele>
   </trkpt>
   <trkpt lat="-29.8072760" lon="24.4194800">
    <ele>1104.5</ele>
   </trkpt>
   <trkpt lat="-29.8072770" lon="24.4194780">
    <ele>1104.5</ele>
   </trkpt>
   <trkpt lat="-29.8072740" lon="24.4194830">
    <ele>1104.5</ele>
   </trkpt>
   <trkpt lat="-29.8072770" lon="24.4194880">
    <ele>1104.5</ele>
   </trkpt>
   <trkpt lat="-29.8072770" lon="24.4194880">
    <ele>1104.5</ele>
   </trkpt>
   <trkpt lat="-29.8072770" lon="24.4194880">
    <ele>1104.5</ele>
   </trkpt>
   <trkpt lat="-29.8072820" lon="24.4194840">
    <ele>1104.5</ele>
   </trkpt>
   <trkpt lat="-29.8072850" lon="24.4194840">
    <ele>1104.5</ele>
   </trkpt>
   <trkpt lat="-29.8073010" lon="24.4194480">
    <ele>1104.5</ele>
   </trkpt>
   <trkpt lat="-29.8073100" lon="24.4194360">
    <ele>1104.5</ele>
   </trkpt>
   <trkpt lat="-29.8073170" lon="24.4194260">
    <ele>1104.5</ele>
   </trkpt>
   <trkpt lat="-29.8073260" lon="24.4194150">
    <ele>1104.4</ele>
   </trkpt>
   <trkpt lat="-29.8073320" lon="24.4194110">
    <ele>1104.4</ele>
   </trkpt>
   <trkpt lat="-29.8073450" lon="24.4194040">
    <ele>1104.4</ele>
   </trkpt>
   <trkpt lat="-29.8073570" lon="24.4193990">
    <ele>1104.4</ele>
   </trkpt>
   <trkpt lat="-29.8073690" lon="24.4193980">
    <ele>1104.9</ele>
   </trkpt>
   <trkpt lat="-29.8073800" lon="24.4193920">
    <ele>1104.8</ele>
   </trkpt>
   <trkpt lat="-29.8073900" lon="24.4193890">
    <ele>1104.8</ele>
   </trkpt>
   <trkpt lat="-29.8074010" lon="24.4193860">
    <ele>1105.2</ele>
   </trkpt>
   <trkpt lat="-29.8074140" lon="24.4193830">
    <ele>1105.2</ele>
   </trkpt>
   <trkpt lat="-29.8074340" lon="24.4193800">
    <ele>1105.6</ele>
   </trkpt>
   <trkpt lat="-29.8074440" lon="24.4193810">
    <ele>1105.6</ele>
   </trkpt>
   <trkpt lat="-29.8074530" lon="24.4193820">
    <ele>1105.6</ele>
   </trkpt>
   <trkpt lat="-29.8074730" lon="24.4193860">
    <ele>1106.0</ele>
   </trkpt>
   <trkpt lat="-29.8074820" lon="24.4193870">
    <ele>1106.0</ele>
   </trkpt>
   <trkpt lat="-29.8074910" lon="24.4193890">
    <ele>1106.1</ele>
   </trkpt>
   <trkpt lat="-29.8075090" lon="24.4193890">
    <ele>1106.4</ele>
   </trkpt>
   <trkpt lat="-29.8075160" lon="24.4193880">
    <ele>1106.2</ele>
   </trkpt>
   <trkpt lat="-29.8075230" lon="24.4193870">
    <ele>1106.2</ele>
   </trkpt>
   <trkpt lat="-29.8075300" lon="24.4193860">
    <ele>1106.2</ele>
   </trkpt>
   <trkpt lat="-29.8075530" lon="24.4193830">
    <ele>1106.4</ele>
   </trkpt>
   <trkpt lat="-29.8075660" lon="24.4193850">
    <ele>1106.3</ele>
   </trkpt>
   <trkpt lat="-29.8075930" lon="24.4194000">
    <ele>1106.4</ele>
   </trkpt>
   <trkpt lat="-29.8076040" lon="24.4194030">
    <ele>1106.4</ele>
   </trkpt>
   <trkpt lat="-29.8076430" lon="24.4193970">
    <ele>1106.3</ele>
   </trkpt>
   <trkpt lat="-29.8076570" lon="24.4193980">
    <ele>1106.3</ele>
   </trkpt>
  </trkseg>
 </trk>
</gpx>
