<?xml version="1.0" encoding="UTF-8"?>
<gpx creator="StravaGPX" version="1.1" xmlns="http://www.topografix.com/GPX/1/1" xmlns:xsi="http://www.w3.org/2001/XMLSchema-instance" xsi:schemaLocation="http://www.topografix.com/GPX/1/1 http://www.topografix.com/GPX/1/1/gpx.xsd">
 <trk>
  <name>Morning Ride</name>
  <type>cycling</type>
  <trkseg>
   <trkpt lat="-29.8073050" lon="24.4189200">
    <ele>1104.5</ele>
   </trkpt>
   <trkpt lat="-29.8072990" lon="24.4189450">
    <ele>1104.5</ele>
   </trkpt>
   <trkpt lat="-29.8072970" lon="24.4189550">
    <ele>1104.5</ele>
   </trkpt>
   <trkpt lat="-29.8072950" lon="24.4189650">
    <ele>1104.2</ele>
   </trkpt>
   <trkpt lat="-29.8072900" lon="24.4189900">
    <ele>1104.2</ele>
   </trkpt>
   <trkpt lat="-29.8072890" lon="24.4190010">
    <ele>1104.2</ele>
   </trkpt>
   <trkpt lat="-29.8072890" lon="24.4190110">
    <ele>1103.9</ele>
   </trkpt>
   <trkpt lat="-29.8072850" lon="24.4190360">
    <ele>1103.9</ele>
   </trkpt>
   <trkpt lat="-29.8072830" lon="24.4190450">
    <ele>1103.9</ele>
   </trkpt>
   <trkpt lat="-29.8072820" lon="24.4190550">
    <ele>1103.7</ele>
   </trkpt>
   <trkpt lat="-29.8072820" lon="24.4190800">
    <ele>1103.7</ele>
   </trkpt>
   <trkpt lat="-29.8072810" lon="24.4190890">
    <ele>1103.7</ele>
   </trkpt>
   <trkpt lat="-29.8072800" lon="24.4190990">
    <ele>1103.7</ele>
   </trkpt>
   <trkpt lat="-29.8072840" lon="24.4191230">
    <ele>1103.7</ele>
   </trkpt>
   <trkpt lat="-29.8072850" lon="24.4191320">
    <ele>1103.9</ele>
   </trkpt>
   <trkpt lat="-29.8072870" lon="24.4191420">
    <ele>1103.9</ele>
   </trkpt>
   <trkpt lat="-29.8072820" lon="24.4191670">
    <ele>1103.8</ele>
   </trkpt>
   <trkpt lat="-29.8072810" lon="24.4191760">
    <ele>1104.0</ele>
   </trkpt>
   <trkpt lat="-29.8072810" lon="24.4191860">
    <ele>1104.0</ele>
   </trkpt>
   <trkpt lat="-29.8072820" lon="24.4192120">
    <ele>1104.0</ele>
   </trkpt>
   <trkpt lat="-29.8072820" lon="24.4192210">
    <ele>1104.2</ele>
   </trkpt>
   <trkpt lat="-29.8072820" lon="24.4192310">
    <ele>1104.2</ele>
   </trkpt>
   <trkpt lat="-29.8072870" lon="24.4192460">
    <ele>1104.4</ele>
   </trkpt>
   <trkpt lat="-29.8072860" lon="24.4192620">
    <ele>1104.6</ele>
   </trkpt>
   <trkpt lat="-29.8072840" lon="24.4192780">
    <ele>1104.3</ele>
   </trkpt>
   <trkpt lat="-29.8072850" lon="24.4192940">
    <ele>1104.6</ele>
   </trkpt>
   <trkpt lat="-29.8072880" lon="24.4193190">
    <ele>1104.5</ele>
   </trkpt>
   <trkpt lat="-29.8072880" lon="24.4193300">
    <ele>1104.5</ele>
   </trkpt>
   <trkpt lat="-29.8072890" lon="24.4193400">
    <ele>1104.6</ele>
   </trkpt>
   <trkpt lat="-29.8072900" lon="24.4193650">
    <ele>1104.4</ele>
   </trkpt>
   <trkpt lat="-29.8072900" lon="24.4193760">
    <ele>1104.5</ele>
   </trkpt>
   <trkpt lat="-29.8072910" lon="24.4193860">
    <ele>1104.5</ele>
   </trkpt>
   <trkpt lat="-29.8072890" lon="24.4194020">
    <ele>1104.5</ele>
   </trkpt>
   <trkpt lat="-29.8072870" lon="24.4194180">
    <ele>1104.5</ele>
   </trkpt>
   <trkpt lat="-29.8072880" lon="24.4194340">
    <ele>1104.5</ele>
   </trkpt>
   <trkpt lat="-29.8072890" lon="24.4194520">
    <ele>1104.5</ele>
   </trkpt>
   <trkpt lat="-29.8072880" lon="24.4194690">
    <ele>1104.5</ele>
   </trkpt>
   <trkpt lat="-29.8072860" lon="24.4194840">
    <ele>1104.6</ele>
   </trkpt>
   <trkpt lat="-29.8072830" lon="24.4194940">
    <ele>1104.6</ele>
   </trkpt>
   <trkpt lat="-29.8072820" lon="24.4194970">
    <ele>1104.6</ele>
   </trkpt>
   <trkpt lat="-29.8072830" lon="24.4194960">
    <ele>1104.6</ele>
   </trkpt>
   <trkpt lat="-29.8072800" lon="24.4194990">
    <ele>1104.6</ele>
   </trkpt>
   <trkpt lat="-29.8072780" lon="24.4195080">
    <ele>1104.6</ele>
   </trkpt>
   <trkpt lat="-29.8072790" lon="24.4195170">
    <ele>1104.6</ele>
   </trkpt>
   <trkpt lat="-29.8072800" lon="24.4195230">
    <ele>1104.6</ele>
   </trkpt>
   <trkpt lat="-29.8072830" lon="24.4195180">
    <ele>1104.6</ele>
   </trkpt>
   <trkpt lat="-29.8072860" lon="24.4195210">
    <ele>1104.6</ele>
   </trkpt>
   <trkpt lat="-29.8072870" lon="24.4195210">
    <ele>1104.6</ele>
   </trkpt>
   <trkpt lat="-29.8072870" lon="24.4195200">
    <ele>1104.6</ele>
   </trkpt>
   <trkpt lat="-29.8073110" lon="24.4196070">
    <ele>1104.6</ele>
   </trkpt>
   <trkpt lat="-29.8073330" lon="24.4196350">
    <ele>1104.6</ele>
   </trkpt>
   <trkpt lat="-29.8073700" lon="24.4196620">
    <ele>1104.7</ele>
   </trkpt>
   <trkpt lat="-29.8074150" lon="24.4196780">
    <ele>1104.7</ele>
   </trkpt>
   <trkpt lat="-29.8074700" lon="24.4196710">
    <ele>1104.7</ele>
   </trkpt>
   <trkpt lat="-29.8075230" lon="24.4196580">
    <ele>1104.7</ele>
   </trkpt>
   <trkpt lat="-29.8075830" lon="24.4196330">
    <ele>1104.7</ele>
   </trkpt>
   <trkpt lat="-29.8076490" lon="24.4196200">
    <ele>1104.8</ele>
   </trkpt>
   <trkpt lat="-29.8077240" lon="24.4196150">
    <ele>1104.9</ele>
   </trkpt>
   <trkpt lat="-29.8077970" lon="24.4196160">
    <ele>1105.0</ele>
   </trkpt>
   <trkpt lat="-29.8078700" lon="24.4196160">
    <ele>1105.0</ele>
   </trkpt>
   <trkpt lat="-29.8079370" lon="24.4196340">
    <ele>1105.1</ele>
   </trkpt>
   <trkpt lat="-29.8080080" lon="24.4196430">
    <ele>1105.2</ele>
   </trkpt>
   <trkpt lat="-29.8080800" lon="24.4196370">
    <ele>1105.3</ele>
   </trkpt>
   <trkpt lat="-29.8081520" lon="24.4196350">
    <ele>1105.4</ele>
   </trkpt>
   <trkpt lat="-29.8082280" lon="24.4196350">
    <ele>1105.6</ele>
   </trkpt>
   <trkpt lat="-29.8082980" lon="24.4196380">
    <ele>1105.7</ele>
   </trkpt>
   <trkpt lat="-29.8083680" lon="24.4196450">
    <ele>1105.8</ele>
   </trkpt>
   <trkpt lat="-29.8084330" lon="24.4196680">
    <ele>1106.0</ele>
   </trkpt>
   <trkpt lat="-29.8085030" lon="24.4196850">
    <ele>1106.1</ele>
   </trkpt>
   <trkpt lat="-29.8085720" lon="24.4196950">
    <ele>1106.2</ele>
   </trkpt>
   <trkpt lat="-29.8086410" lon="24.4196910">
    <ele>1106.4</ele>
   </trkpt>
   <trkpt lat="-29.8087140" lon="24.4196950">
    <ele>1106.5</ele>
   </trkpt>
   <trkpt lat="-29.8087850" lon="24.4196940">
    <ele>1106.7</ele>
   </trkpt>
   <trkpt lat="-29.8088490" lon="24.4196810">
    <ele>1106.8</ele>
   </trkpt>
   <trkpt lat="-29.8089090" lon="24.4196590">
    <ele>1106.9</ele>
   </trkpt>
   <trkpt lat="-29.8089670" lon="24.4196210">
    <ele>1106.9</ele>
   </trkpt>
   <trkpt lat="-29.8090140" lon="24.4195650">
    <ele>1106.9</ele>
   </trkpt>
   <trkpt lat="-29.8090420" lon="24.4194890">
    <ele>1106.9</ele>
   </trkpt>
   <trkpt lat="-29.8090520" lon="24.4194010">
    <ele>1106.9</ele>
   </trkpt>
   <trkpt lat="-29.8090560" lon="24.4193190">
    <ele>1106.9</ele>
   </trkpt>
   <trkpt lat="-29.8090650" lon="24.4192330">
    <ele>1106.9</ele>
   </trkpt>
   <trkpt lat="-29.8090760" lon="24.4191490">
    <ele>1106.9</ele>
   </trkpt>
   <trkpt lat="-29.8090870" lon="24.4190720">
    <ele>1106.9</ele>
   </trkpt>
   <trkpt lat="-29.8091050" lon="24.4189930">
    <ele>1106.9</ele>
   </trkpt>
   <trkpt lat="-29.8091360" lon="24.4189170">
    <ele>1107.0</ele>
   </trkpt>
   <trkpt lat="-29.8091650" lon="24.4188400">
    <ele>1107.0</ele>
   </trkpt>
   <trkpt lat="-29.8092020" lon="24.4187580">
    <ele>1107.1</ele>
   </trkpt>
   <trkpt lat="-29.8092440" lon="24.4186910">
    <ele>1107.2</ele>
   </trkpt>
   <trkpt lat="-29.8092890" lon="24.4186300">
    <ele>1107.3</ele>
   </trkpt>
   <trkpt lat="-29.8093330" lon="24.4185800">
    <ele>1107.4</ele>
   </trkpt>
   <trkpt lat="-29.8093780" lon="24.4185250">
    <ele>1107.5</ele>
   </trkpt>
   <trkpt lat="-29.8094290" lon="24.4184710">
    <ele>1107.6</ele>
   </trkpt>
   <trkpt lat="-29.8094800" lon="24.4184200">
    <ele>1107.7</ele>
   </trkpt>
   <trkpt lat="-29.8095260" lon="24.4183790">
    <ele>1107.7</ele>
   </trkpt>
   <trkpt lat="-29.8095680" lon="24.4183410">
    <ele>1107.8</ele>
   </trkpt>
   <trkpt lat="-29.8096050" lon="24.4183030">
    <ele>1107.9</ele>
   </trkpt>
   <trkpt lat="-29.8096430" lon="24.4182630">
    <ele>1107.9</ele>
   </trkpt>
   <trkpt lat="-29.8096800" lon="24.4182210">
    <ele>1108.0</ele>
   </trkpt>
   <trkpt lat="-29.8097120" lon="24.4181790">
    <ele>1108.0</ele>
   </trkpt>
   <trkpt lat="-29.8097450" lon="24.4181280">
    <ele>1108.1</ele>
   </trkpt>
   <trkpt lat="-29.8097890" lon="24.4180730">
    <ele>1108.1</ele>
   </trkpt>
   <trkpt lat="-29.8098350" lon="24.4180170">
    <ele>1108.1</ele>
   </trkpt>
   <trkpt lat="-29.8098780" lon="24.4179650">
    <ele>1108.2</ele>
   </trkpt>
   <trkpt lat="-29.8099250" lon="24.4179110">
    <ele>1108.2</ele>
   </trkpt>
   <trkpt lat="-29.8099740" lon="24.4178490">
    <ele>1108.3</ele>
   </trkpt>
   <trkpt lat="-29.8100300" lon="24.4177860">
    <ele>1108.4</ele>
   </trkpt>
   <trkpt lat="-29.8100890" lon="24.4177140">
    <ele>1108.5</ele>
   </trkpt>
   <trkpt lat="-29.8101470" lon="24.4176420">
    <ele>1108.6</ele>
   </trkpt>
   <trkpt lat="-29.8102110" lon="24.4175690">
    <ele>1108.7</ele>
   </trkpt>
   <trkpt lat="-29.8102770" lon="24.4174920">
    <ele>1108.8</ele>
   </trkpt>
   <trkpt lat="-29.8103470" lon="24.4174120">
    <ele>1108.9</ele>
   </trkpt>
   <trkpt lat="-29.8104120" lon="24.4173280">
    <ele>1109.0</ele>
   </trkpt>
   <trkpt lat="-29.8104770" lon="24.4172480">
    <ele>1109.2</ele>
   </trkpt>
   <trkpt lat="-29.8105410" lon="24.4171710">
    <ele>1109.4</ele>
   </trkpt>
   <trkpt lat="-29.8106070" lon="24.4170900">
    <ele>1109.6</ele>
   </trkpt>
   <trkpt lat="-29.8106710" lon="24.4170070">
    <ele>1109.8</ele>
   </trkpt>
   <trkpt lat="-29.8107310" lon="24.4169310">
    <ele>1110.1</ele>
   </trkpt>
   <trkpt lat="-29.8107900" lon="24.4168630">
    <ele>1110.2</ele>
   </trkpt>
   <trkpt lat="-29.8108400" lon="24.4168020">
    <ele>1110.4</ele>
   </trkpt>
   <trkpt lat="-29.8108900" lon="24.4167440">
    <ele>1110.5</ele>
   </trkpt>
   <trkpt lat="-29.8109320" lon="24.4166890">
    <ele>1110.6</ele>
   </trkpt>
   <trkpt lat="-29.8109610" lon="24.4166320">
    <ele>1110.7</ele>
   </trkpt>
   <trkpt lat="-29.8109690" lon="24.4165680">
    <ele>1110.7</ele>
   </trkpt>
   <trkpt lat="-29.8109570" lon="24.4165010">
    <ele>1110.6</ele>
   </trkpt>
   <trkpt lat="-29.8109220" lon="24.4164390">
    <ele>1110.4</ele>
   </trkpt>
   <trkpt lat="-29.8108690" lon="24.4163850">
    <ele>1110.3</ele>
   </trkpt>
   <trkpt lat="-29.8108150" lon="24.4163240">
    <ele>1110.1</ele>
   </trkpt>
   <trkpt lat="-29.8107550" lon="24.4162570">
    <ele>1109.9</ele>
   </trkpt>
   <trkpt lat="-29.8106900" lon="24.4161920">
    <ele>1109.7</ele>
   </trkpt>
   <trkpt lat="-29.8106220" lon="24.4161210">
    <ele>1109.5</ele>
   </trkpt>
   <trkpt lat="-29.8105550" lon="24.4160470">
    <ele>1109.2</ele>
   </trkpt>
   <trkpt lat="-29.8104860" lon="24.4159760">
    <ele>1109.0</ele>
   </trkpt>
   <trkpt lat="-29.8104210" lon="24.4159000">
    <ele>1108.6</ele>
   </trkpt>
   <trkpt lat="-29.8103470" lon="24.4158260">
    <ele>1108.4</ele>
   </trkpt>
   <trkpt lat="-29.8102760" lon="24.4157510">
    <ele>1108.1</ele>
   </trkpt>
   <trkpt lat="-29.8102070" lon="24.4156770">
    <ele>1107.9</ele>
   </trkpt>
   <trkpt lat="-29.8101410" lon="24.4156030">
    <ele>1107.6</ele>
   </trkpt>
   <trkpt lat="-29.8100780" lon="24.4155310">
    <ele>1107.3</ele>
   </trkpt>
   <trkpt lat="-29.8100130" lon="24.4154650">
    <ele>1107.0</ele>
   </trkpt>
   <trkpt lat="-29.8099510" lon="24.4153960">
    <ele>1106.7</ele>
   </trkpt>
   <trkpt lat="-29.8098910" lon="24.4153300">
    <ele>1106.4</ele>
   </trkpt>
   <trkpt lat="-29.8098370" lon="24.4152760">
    <ele>1106.1</ele>
   </trkpt>
   <trkpt lat="-29.8097900" lon="24.4152300">
    <ele>1105.9</ele>
   </trkpt>
   <trkpt lat="-29.8097550" lon="24.4151950">
    <ele>1105.8</ele>
   </trkpt>
   <trkpt lat="-29.8097280" lon="24.4151780">
    <ele>1105.7</ele>
   </trkpt>
   <trkpt lat="-29.8096950" lon="24.4151710">
    <ele>1105.6</ele>
   </trkpt>
   <trkpt lat="-29.8096490" lon="24.4151780">
    <ele>1105.5</ele>
   </trkpt>
   <trkpt lat="-29.8096070" lon="24.4152060">
    <ele>1105.4</ele>
   </trkpt>
   <trkpt lat="-29.8095630" lon="24.4152560">
    <ele>1105.3</ele>
   </trkpt>
   <trkpt lat="-29.8095200" lon="24.4153120">
    <ele>1105.2</ele>
   </trkpt>
   <trkpt lat="-29.8094730" lon="24.4153730">
    <ele>1105.1</ele>
   </trkpt>
   <trkpt lat="-29.8094260" lon="24.4154280">
    <ele>1105.1</ele>
   </trkpt>
   <trkpt lat="-29.8093830" lon="24.4154920">
    <ele>1105.0</ele>
   </trkpt>
   <trkpt lat="-29.8093270" lon="24.4155630">
    <ele>1104.9</ele>
   </trkpt>
   <trkpt lat="-29.8092660" lon="24.4156370">
    <ele>1104.8</ele>
   </trkpt>
   <trkpt lat="-29.8092070" lon="24.4157120">
    <ele>1104.7</ele>
   </trkpt>
   <trkpt lat="-29.8091490" lon="24.4157860">
    <ele>1104.6</ele>
   </trkpt>
   <trkpt lat="-29.8090920" lon="24.4158540">
    <ele>1104.6</ele>
   </trkpt>
   <trkpt lat="-29.8090370" lon="24.4159180">
    <ele>1104.5</ele>
   </trkpt>
   <trkpt lat="-29.8089900" lon="24.4159740">
    <ele>1104.5</ele>
   </trkpt>
   <trkpt lat="-29.8089460" lon="24.4160260">
    <ele>1104.4</ele>
   </trkpt>
   <trkpt lat="-29.8089110" lon="24.4160690">
    <ele>1104.3</ele>
   </trkpt>
   <trkpt lat="-29.8088810" lon="24.4161000">
    <ele>1104.3</ele>
   </trkpt>
   <trkpt lat="-29.8088520" lon="24.4161370">
    <ele>1104.2</ele>
   </trkpt>
   <trkpt lat="-29.8088110" lon="24.4161810">
    <ele>1104.1</ele>
   </trkpt>
   <trkpt lat="-29.8087680" lon="24.4162340">
    <ele>1104.0</ele>
   </trkpt>
   <trkpt lat="-29.8087220" lon="24.4162940">
    <ele>1104.0</ele>
   </trkpt>
   <trkpt lat="-29.8086720" lon="24.4163560">
    <ele>1103.9</ele>
   </trkpt>
   <trkpt lat="-29.8086170" lon="24.4164280">
    <ele>1103.8</ele>
   </trkpt>
   <trkpt lat="-29.8085610" lon="24.4164950">
    <ele>1103.7</ele>
   </trkpt>
   <trkpt lat="-29.8084980" lon="24.4165740">
    <ele>1103.6</ele>
   </trkpt>
   <trkpt lat="-29.8084350" lon="24.4166500">
    <ele>1103.5</ele>
   </trkpt>
   <trkpt lat="-29.8083710" lon="24.4167340">
    <ele>1103.4</ele>
   </trkpt>
   <trkpt lat="-29.8083000" lon="24.4168070">
    <ele>1103.3</ele>
   </trkpt>
   <trkpt lat="-29.8082440" lon="24.4168770">
    <ele>1103.2</ele>
   </trkpt>
   <trkpt lat="-29.8081930" lon="24.4169470">
    <ele>1103.0</ele>
   </trkpt>
   <trkpt lat="-29.8081320" lon="24.4170220">
    <ele>1102.9</ele>
   </trkpt>
   <trkpt lat="-29.8080720" lon="24.4170990">
    <ele>1102.8</ele>
   </trkpt>
   <trkpt lat="-29.8080080" lon="24.4171780">
    <ele>1102.7</ele>
   </trkpt>
   <trkpt lat="-29.8079430" lon="24.4172580">
    <ele>1102.5</ele>
   </trkpt>
   <trkpt lat="-29.8078750" lon="24.4173350">
    <ele>1102.4</ele>
   </trkpt>
   <trkpt lat="-29.8078070" lon="24.4174080">
    <ele>1102.3</ele>
   </trkpt>
   <trkpt lat="-29.8077360" lon="24.4174690">
    <ele>1102.1</ele>
   </trkpt>
   <trkpt lat="-29.8076600" lon="24.4175280">
    <ele>1102.0</ele>
   </trkpt>
   <trkpt lat="-29.8075840" lon="24.4175870">
    <ele>1101.9</ele>
   </trkpt>
   <trkpt lat="-29.8075080" lon="24.4176490">
    <ele>1101.7</ele>
   </trkpt>
   <trkpt lat="-29.8074360" lon="24.4177100">
    <ele>1101.7</ele>
   </trkpt>
   <trkpt lat="-29.8073720" lon="24.4177720">
    <ele>1101.6</ele>
   </trkpt>
   <trkpt lat="-29.8073180" lon="24.4178310">
    <ele>1101.6</ele>
   </trkpt>
   <trkpt lat="-29.8072650" lon="24.4178960">
    <ele>1101.5</ele>
   </trkpt>
   <trkpt lat="-29.8072190" lon="24.4179530">
    <ele>1101.5</ele>
   </trkpt>
   <trkpt lat="-29.8071720" lon="24.4180150">
    <ele>1101.4</ele>
   </trkpt>
   <trkpt lat="-29.8071230" lon="24.4180760">
    <ele>1101.3</ele>
   </trkpt>
   <trkpt lat="-29.8070780" lon="24.4181280">
    <ele>1101.3</ele>
   </trkpt>
   <trkpt lat="-29.8070350" lon="24.4181840">
    <ele>1101.2</ele>
   </trkpt>
   <trkpt lat="-29.8069880" lon="24.4182420">
    <ele>1101.2</ele>
   </trkpt>
   <trkpt lat="-29.8069380" lon="24.4183070">
    <ele>1101.1</ele>
   </trkpt>
   <trkpt lat="-29.8068860" lon="24.4183710">
    <ele>1101.1</ele>
   </trkpt>
   <trkpt lat="-29.8068310" lon="24.4184420">
    <ele>1101.1</ele>
   </trkpt>
   <trkpt lat="-29.8067750" lon="24.4185090">
    <ele>1101.0</ele>
   </trkpt>
   <trkpt lat="-29.8067230" lon="24.4185710">
    <ele>1101.0</ele>
   </trkpt>
   <trkpt lat="-29.8066640" lon="24.4186360">
    <ele>1101.0</ele>
   </trkpt>
   <trkpt lat="-29.8066080" lon="24.4187010">
    <ele>1101.0</ele>
   </trkpt>
   <trkpt lat="-29.8065520" lon="24.4187700">
    <ele>1101.0</ele>
   </trkpt>
   <trkpt lat="-29.8064960" lon="24.4188470">
    <ele>1100.9</ele>
   </trkpt>
   <trkpt lat="-29.8064390" lon="24.4189150">
    <ele>1100.9</ele>
   </trkpt>
   <trkpt lat="-29.8063810" lon="24.4189850">
    <ele>1100.9</ele>
   </trkpt>
   <trkpt lat="-29.8063240" lon="24.4190520">
    <ele>1100.9</ele>
   </trkpt>
   <trkpt lat="-29.8062690" lon="24.4191190">
    <ele>1100.9</ele>
   </trkpt>
   <trkpt lat="-29.8062150" lon="24.4191880">
    <ele>1100.9</ele>
   </trkpt>
   <trkpt lat="-29.8061630" lon="24.4192560">
    <ele>1100.8</ele>
   </trkpt>
   <trkpt lat="-29.8061140" lon="24.4193160">
    <ele>1100.8</ele>
   </trkpt>
   <trkpt lat="-29.8060680" lon="24.4193710">
    <ele>1100.7</ele>
   </trkpt>
   <trkpt lat="-29.8060220" lon="24.4194280">
    <ele>1100.7</ele>
   </trkpt>
   <trkpt lat="-29.8059710" lon="24.4194820">
    <ele>1100.6</ele>
   </trkpt>
   <trkpt lat="-29.8059150" lon="24.4195370">
    <ele>1100.5</ele>
   </trkpt>
   <trkpt lat="-29.8058530" lon="24.4195930">
    <ele>1100.4</ele>
   </trkpt>
   <trkpt lat="-29.8057900" lon="24.4196510">
    <ele>1100.2</ele>
   </trkpt>
   <trkpt lat="-29.8057270" lon="24.4197120">
    <ele>1100.1</ele>
   </trkpt>
   <trkpt lat="-29.8056640" lon="24.4197710">
    <ele>1100.0</ele>
   </trkpt>
   <trkpt lat="-29.8056030" lon="24.4198290">
    <ele>1099.9</ele>
   </trkpt>
   <trkpt lat="-29.8055420" lon="24.4198850">
    <ele>1099.8</ele>
   </trkpt>
   <trkpt lat="-29.8054800" lon="24.4199460">
    <ele>1099.6</ele>
   </trkpt>
   <trkpt lat="-29.8054170" lon="24.4200090">
    <ele>1099.5</ele>
   </trkpt>
   <trkpt lat="-29.8053540" lon="24.4200680">
    <ele>1099.3</ele>
   </trkpt>
   <trkpt lat="-29.8052870" lon="24.4201270">
    <ele>1099.1</ele>
   </trkpt>
   <trkpt lat="-29.8052200" lon="24.4201800">
    <ele>1098.9</ele>
   </trkpt>
   <trkpt lat="-29.8051530" lon="24.4202280">
    <ele>1098.7</ele>
   </trkpt>
   <trkpt lat="-29.8050830" lon="24.4202680">
    <ele>1098.5</ele>
   </trkpt>
   <trkpt lat="-29.8050180" lon="24.4202950">
    <ele>1098.3</ele>
   </trkpt>
   <trkpt lat="-29.8049570" lon="24.4203140">
    <ele>1098.2</ele>
   </trkpt>
   <trkpt lat="-29.8048970" lon="24.4203300">
    <ele>1098.0</ele>
   </trkpt>
   <trkpt lat="-29.8048380" lon="24.4203450">
    <ele>1097.8</ele>
   </trkpt>
   <trkpt lat="-29.8047760" lon="24.4203590">
    <ele>1097.6</ele>
   </trkpt>
   <trkpt lat="-29.8047140" lon="24.4203750">
    <ele>1097.4</ele>
   </trkpt>
   <trkpt lat="-29.8046510" lon="24.4203870">
    <ele>1097.2</ele>
   </trkpt>
   <trkpt lat="-29.8045790" lon="24.4204030">
    <ele>1097.1</ele>
   </trkpt>
   <trkpt lat="-29.8045060" lon="24.4204160">
    <ele>1096.9</ele>
   </trkpt>
   <trkpt lat="-29.8044330" lon="24.4204260">
    <ele>1096.8</ele>
   </trkpt>
   <trkpt lat="-29.8043620" lon="24.4204320">
    <ele>1096.6</ele>
   </trkpt>
   <trkpt lat="-29.8042910" lon="24.4204300">
    <ele>1096.5</ele>
   </trkpt>
   <trkpt lat="-29.8042220" lon="24.4204140">
    <ele>1096.3</ele>
   </trkpt>
   <trkpt lat="-29.8041590" lon="24.4203830">
    <ele>1096.2</ele>
   </trkpt>
   <trkpt lat="-29.8041000" lon="24.4203370">
    <ele>1096.0</ele>
   </trkpt>
   <trkpt lat="-29.8040430" lon="24.4202820">
    <ele>1095.9</ele>
   </trkpt>
   <trkpt lat="-29.8039860" lon="24.4202270">
    <ele>1095.8</ele>
   </trkpt>
   <trkpt lat="-29.8039280" lon="24.4201670">
    <ele>1095.6</ele>
   </trkpt>
   <trkpt lat="-29.8038700" lon="24.4201010">
    <ele>1095.5</ele>
   </trkpt>
   <trkpt lat="-29.8038080" lon="24.4200330">
    <ele>1095.4</ele>
   </trkpt>
   <trkpt lat="-29.8037440" lon="24.4199680">
    <ele>1095.2</ele>
   </trkpt>
   <trkpt lat="-29.8036810" lon="24.4198990">
    <ele>1095.1</ele>
   </trkpt>
   <trkpt lat="-29.8036240" lon="24.4198340">
    <ele>1095.1</ele>
   </trkpt>
   <trkpt lat="-29.8035720" lon="24.4197680">
    <ele>1095.0</ele>
   </trkpt>
   <trkpt lat="-29.8035150" lon="24.4197100">
    <ele>1095.0</ele>
   </trkpt>
   <trkpt lat="-29.8034620" lon="24.4196520">
    <ele>1094.9</ele>
   </trkpt>
   <trkpt lat="-29.8034100" lon="24.4195940">
    <ele>1094.9</ele>
   </trkpt>
   <trkpt lat="-29.8033560" lon="24.4195400">
    <ele>1094.8</ele>
   </trkpt>
   <trkpt lat="-29.8033060" lon="24.4194910">
    <ele>1094.8</ele>
   </trkpt>
   <trkpt lat="-29.8032660" lon="24.4194460">
    <ele>1094.7</ele>
   </trkpt>
   <trkpt lat="-29.8032270" lon="24.4194020">
    <ele>1094.6</ele>
   </trkpt>
   <trkpt lat="-29.8031900" lon="24.4193650">
    <ele>1094.6</ele>
   </trkpt>
   <trkpt lat="-29.8031640" lon="24.4193400">
    <ele>1094.6</ele>
   </trkpt>
   <trkpt lat="-29.8031530" lon="24.4193310">
    <ele>1094.6</ele>
   </trkpt>
   <trkpt lat="-29.8031480" lon="24.4193260">
    <ele>1094.5</ele>
   </trkpt>
   <trkpt lat="-29.8031440" lon="24.4193210">
    <ele>1094.5</ele>
   </trkpt>
   <trkpt lat="-29.8031390" lon="24.4193160">
    <ele>1094.5</ele>
   </trkpt>
   <trkpt lat="-29.8031340" lon="24.4193110">
    <ele>1094.5</ele>
   </trkpt>
   <trkpt lat="-29.8031120" lon="24.4192820">
    <ele>1094.5</ele>
   </trkpt>
   <trkpt lat="-29.8031040" lon="24.4192490">
    <ele>1094.5</ele>
   </trkpt>
   <trkpt lat="-29.8031090" lon="24.4192000">
    <ele>1094.5</ele>
   </trkpt>
   <trkpt lat="-29.8031420" lon="24.4191490">
    <ele>1094.6</ele>
   </trkpt>
   <trkpt lat="-29.8031860" lon="24.4191090">
    <ele>1094.6</ele>
   </trkpt>
   <trkpt lat="-29.8032300" lon="24.4190620">
    <ele>1094.6</ele>
   </trkpt>
   <trkpt lat="-29.8032780" lon="24.4190110">
    <ele>1094.6</ele>
   </trkpt>
   <trkpt lat="-29.8033300" lon="24.4189510">
    <ele>1094.6</ele>
   </trkpt>
   <trkpt lat="-29.8033850" lon="24.4188860">
    <ele>1094.7</ele>
   </trkpt>
   <trkpt lat="-29.8034380" lon="24.4188250">
    <ele>1094.7</ele>
   </trkpt>
   <trkpt lat="-29.8034940" lon="24.4187570">
    <ele>1094.8</ele>
   </trkpt>
   <trkpt lat="-29.8035530" lon="24.4186820">
    <ele>1094.8</ele>
   </trkpt>
   <trkpt lat="-29.8036140" lon="24.4186070">
    <ele>1094.9</ele>
   </trkpt>
   <trkpt lat="-29.8036760" lon="24.4185310">
    <ele>1094.9</ele>
   </trkpt>
   <trkpt lat="-29.8037350" lon="24.4184540">
    <ele>1095.0</ele>
   </trkpt>
   <trkpt lat="-29.8037960" lon="24.4183770">
    <ele>1095.0</ele>
   </trkpt>
   <trkpt lat="-29.8038580" lon="24.4183010">
    <ele>1095.0</ele>
   </trkpt>
   <trkpt lat="-29.8039200" lon="24.4182230">
    <ele>1095.0</ele>
   </trkpt>
   <trkpt lat="-29.8039800" lon="24.4181490">
    <ele>1095.1</ele>
   </trkpt>
   <trkpt lat="-29.8040350" lon="24.4180790">
    <ele>1095.1</ele>
   </trkpt>
   <trkpt lat="-29.8040860" lon="24.4180110">
    <ele>1095.1</ele>
   </trkpt>
   <trkpt lat="-29.8041340" lon="24.4179490">
    <ele>1095.2</ele>
   </trkpt>
   <trkpt lat="-29.8041740" lon="24.4178980">
    <ele>1095.2</ele>
   </trkpt>
   <trkpt lat="-29.8042070" lon="24.4178620">
    <ele>1095.3</ele>
   </trkpt>
   <trkpt lat="-29.8042350" lon="24.4178280">
    <ele>1095.3</ele>
   </trkpt>
   <trkpt lat="-29.8042620" lon="24.4177960">
    <ele>1095.3</ele>
   </trkpt>
   <trkpt lat="-29.8042950" lon="24.4177540">
    <ele>1095.4</ele>
   </trkpt>
   <trkpt lat="-29.8043340" lon="24.4177080">
    <ele>1095.4</ele>
   </trkpt>
   <trkpt lat="-29.8043730" lon="24.4176570">
    <ele>1095.5</ele>
   </trkpt>
   <trkpt lat="-29.8044130" lon="24.4175990">
    <ele>1095.5</ele>
   </trkpt>
   <trkpt lat="-29.8044560" lon="24.4175400">
    <ele>1095.6</ele>
   </trkpt>
   <trkpt lat="-29.8045050" lon="24.4174810">
    <ele>1095.6</ele>
   </trkpt>
   <trkpt lat="-29.8045530" lon="24.4174200">
    <ele>1095.7</ele>
   </trkpt>
   <trkpt lat="-29.8046030" lon="24.4173580">
    <ele>1095.8</ele>
   </trkpt>
   <trkpt lat="-29.8046500" lon="24.4173010">
    <ele>1095.9</ele>
   </trkpt>
   <trkpt lat="-29.8046950" lon="24.4172530">
    <ele>1095.9</ele>
   </trkpt>
   <trkpt lat="-29.8047330" lon="24.4172110">
    <ele>1096.0</ele>
   </trkpt>
   <trkpt lat="-29.8047640" lon="24.4171730">
    <ele>1096.0</ele>
   </trkpt>
   <trkpt lat="-29.8047940" lon="24.4171380">
    <ele>1096.0</ele>
   </trkpt>
   <trkpt lat="-29.8048220" lon="24.4171030">
    <ele>1096.1</ele>
   </trkpt>
   <trkpt lat="-29.8048520" lon="24.4170640">
    <ele>1096.1</ele>
   </trkpt>
   <trkpt lat="-29.8048850" lon="24.4170230">
    <ele>1096.2</ele>
   </trkpt>
   <trkpt lat="-29.8049190" lon="24.4169760">
    <ele>1096.2</ele>
   </trkpt>
   <trkpt lat="-29.8049580" lon="24.4169270">
    <ele>1096.2</ele>
   </trkpt>
   <trkpt lat="-29.8050040" lon="24.4168690">
    <ele>1096.3</ele>
   </trkpt>
   <trkpt lat="-29.8050490" lon="24.4168100">
    <ele>1096.3</ele>
   </trkpt>
   <trkpt lat="-29.8050940" lon="24.4167540">
    <ele>1096.3</ele>
   </trkpt>
   <trkpt lat="-29.8051430" lon="24.4166930">
    <ele>1096.4</ele>
   </trkpt>
   <trkpt lat="-29.8051940" lon="24.4166300">
    <ele>1096.4</ele>
   </trkpt>
   <trkpt lat="-29.8052400" lon="24.4165750">
    <ele>1096.4</ele>
   </trkpt>
   <trkpt lat="-29.8052820" lon="24.4165250">
    <ele>1096.4</ele>
   </trkpt>
   <trkpt lat="-29.8053180" lon="24.4164840">
    <ele>1096.5</ele>
   </trkpt>
   <trkpt lat="-29.8053430" lon="24.4164520">
    <ele>1096.5</ele>
   </trkpt>
   <trkpt lat="-29.8053700" lon="24.4164190">
    <ele>1096.5</ele>
   </trkpt>
   <trkpt lat="-29.8053940" lon="24.4163890">
    <ele>1096.6</ele>
   </trkpt>
   <trkpt lat="-29.8054230" lon="24.4163490">
    <ele>1096.6</ele>
   </trkpt>
   <trkpt lat="-29.8054570" lon="24.4163030">
    <ele>1096.7</ele>
   </trkpt>
   <trkpt lat="-29.8054960" lon="24.4162480">
    <ele>1096.7</ele>
   </trkpt>
   <trkpt lat="-29.8055400" lon="24.4161880">
    <ele>1096.8</ele>
   </trkpt>
   <trkpt lat="-29.8055880" lon="24.4161230">
    <ele>1096.8</ele>
   </trkpt>
   <trkpt lat="-29.8056380" lon="24.4160560">
    <ele>1096.9</ele>
   </trkpt>
   <trkpt lat="-29.8056890" lon="24.4159930">
    <ele>1096.9</ele>
   </trkpt>
   <trkpt lat="-29.8057430" lon="24.4159260">
    <ele>1096.9</ele>
   </trkpt>
   <trkpt lat="-29.8057990" lon="24.4158590">
    <ele>1097.0</ele>
   </trkpt>
   <trkpt lat="-29.8058570" lon="24.4157890">
    <ele>1097.0</ele>
   </trkpt>
   <trkpt lat="-29.8059140" lon="24.4157160">
    <ele>1097.1</ele>
   </trkpt>
   <trkpt lat="-29.8059760" lon="24.4156400">
    <ele>1097.2</ele>
   </trkpt>
   <trkpt lat="-29.8060310" lon="24.4155680">
    <ele>1097.3</ele>
   </trkpt>
   <trkpt lat="-29.8060880" lon="24.4154960">
    <ele>1097.4</ele>
   </trkpt>
   <trkpt lat="-29.8061460" lon="24.4154220">
    <ele>1097.5</ele>
   </trkpt>
   <trkpt lat="-29.8062010" lon="24.4153480">
    <ele>1097.6</ele>
   </trkpt>
   <trkpt lat="-29.8062590" lon="24.4152750">
    <ele>1097.7</ele>
   </trkpt>
   <trkpt lat="-29.8063160" lon="24.4152070">
    <ele>1097.8</ele>
   </trkpt>
   <trkpt lat="-29.8063680" lon="24.4151450">
    <ele>1097.8</ele>
   </trkpt>
   <trkpt lat="-29.8064110" lon="24.4150910">
    <ele>1097.9</ele>
   </trkpt>
   <trkpt lat="-29.8064470" lon="24.4150470">
    <ele>1097.9</ele>
   </trkpt>
   <trkpt lat="-29.8064830" lon="24.4150040">
    <ele>1098.0</ele>
   </trkpt>
   <trkpt lat="-29.8065290" lon="24.4149540">
    <ele>1098.0</ele>
   </trkpt>
   <trkpt lat="-29.8065770" lon="24.4149010">
    <ele>1098.1</ele>
   </trkpt>
   <trkpt lat="-29.8066300" lon="24.4148430">
    <ele>1098.1</ele>
   </trkpt>
   <trkpt lat="-29.8066840" lon="24.4147770">
    <ele>1098.1</ele>
   </trkpt>
   <trkpt lat="-29.8067400" lon="24.4147120">
    <ele>1098.1</ele>
   </trkpt>
   <trkpt lat="-29.8067970" lon="24.4146450">
    <ele>1098.2</ele>
   </trkpt>
   <trkpt lat="-29.8068550" lon="24.4145740">
    <ele>1098.2</ele>
   </trkpt>
   <trkpt lat="-29.8069140" lon="24.4145010">
    <ele>1098.2</ele>
   </trkpt>
   <trkpt lat="-29.8069700" lon="24.4144290">
    <ele>1098.2</ele>
   </trkpt>
   <trkpt lat="-29.8070280" lon="24.4143540">
    <ele>1098.2</ele>
   </trkpt>
   <trkpt lat="-29.8070850" lon="24.4142810">
    <ele>1098.2</ele>
   </trkpt>
   <trkpt lat="-29.8071430" lon="24.4142070">
    <ele>1098.2</ele>
   </trkpt>
   <trkpt lat="-29.8072060" lon="24.4141300">
    <ele>1098.2</ele>
   </trkpt>
   <trkpt lat="-29.8072670" lon="24.4140510">
    <ele>1098.2</ele>
   </trkpt>
   <trkpt lat="-29.8073300" lon="24.4139740">
    <ele>1098.2</ele>
   </trkpt>
   <trkpt lat="-29.8073940" lon="24.4138920">
    <ele>1098.1</ele>
   </trkpt>
   <trkpt lat="-29.8074510" lon="24.4138110">
    <ele>1098.1</ele>
   </trkpt>
   <trkpt lat="-29.8075050" lon="24.4137360">
    <ele>1098.1</ele>
   </trkpt>
   <trkpt lat="-29.8075580" lon="24.4136630">
    <ele>1098.1</ele>
   </trkpt>
   <trkpt lat="-29.8076070" lon="24.4135970">
    <ele>1098.1</ele>
   </trkpt>
   <trkpt lat="-29.8076590" lon="24.4135350">
    <ele>1098.1</ele>
   </trkpt>
   <trkpt lat="-29.8077180" lon="24.4134740">
    <ele>1098.1</ele>
   </trkpt>
   <trkpt lat="-29.8077770" lon="24.4134130">
    <ele>1098.1</ele>
   </trkpt>
   <trkpt lat="-29.8078390" lon="24.4133460">
    <ele>1098.2</ele>
   </trkpt>
   <trkpt lat="-29.8079000" lon="24.4132730">
    <ele>1098.2</ele>
   </trkpt>
   <trkpt lat="-29.8079610" lon="24.4132000">
    <ele>1098.3</ele>
   </trkpt>
   <trkpt lat="-29.8080240" lon="24.4131240">
    <ele>1098.3</ele>
   </trkpt>
   <trkpt lat="-29.8080880" lon="24.4130440">
    <ele>1098.4</ele>
   </trkpt>
   <trkpt lat="-29.8081490" lon="24.4129660">
    <ele>1098.4</ele>
   </trkpt>
   <trkpt lat="-29.8082070" lon="24.4128940">
    <ele>1098.5</ele>
   </trkpt>
   <trkpt lat="-29.8082620" lon="24.4128320">
    <ele>1098.5</ele>
   </trkpt>
   <trkpt lat="-29.8083050" lon="24.4127800">
    <ele>1098.6</ele>
   </trkpt>
   <trkpt lat="-29.8083420" lon="24.4127290">
    <ele>1098.7</ele>
   </trkpt>
   <trkpt lat="-29.8083790" lon="24.4126750">
    <ele>1098.7</ele>
   </trkpt>
   <trkpt lat="-29.8084200" lon="24.4126160">
    <ele>1098.8</ele>
   </trkpt>
   <trkpt lat="-29.8084630" lon="24.4125540">
    <ele>1098.9</ele>
   </trkpt>
   <trkpt lat="-29.8085080" lon="24.4124860">
    <ele>1099.0</ele>
   </trkpt>
   <trkpt lat="-29.8085560" lon="24.4124150">
    <ele>1099.1</ele>
   </trkpt>
   <trkpt lat="-29.8086080" lon="24.4123440">
    <ele>1099.2</ele>
   </trkpt>
   <trkpt lat="-29.8086660" lon="24.4122760">
    <ele>1099.3</ele>
   </trkpt>
   <trkpt lat="-29.8087330" lon="24.4122100">
    <ele>1099.4</ele>
   </trkpt>
   <trkpt lat="-29.8088040" lon="24.4121510">
    <ele>1099.5</ele>
   </trkpt>
   <trkpt lat="-29.8088800" lon="24.4121010">
    <ele>1099.6</ele>
   </trkpt>
   <trkpt lat="-29.8089600" lon="24.4120550">
    <ele>1099.8</ele>
   </trkpt>
   <trkpt lat="-29.8090430" lon="24.4120120">
    <ele>1099.9</ele>
   </trkpt>
   <trkpt lat="-29.8091270" lon="24.4119710">
    <ele>1099.9</ele>
   </trkpt>
   <trkpt lat="-29.8092140" lon="24.4119300">
    <ele>1100.0</ele>
   </trkpt>
   <trkpt lat="-29.8093010" lon="24.4118880">
    <ele>1100.2</ele>
   </trkpt>
   <trkpt lat="-29.8093900" lon="24.4118430">
    <ele>1100.3</ele>
   </trkpt>
   <trkpt lat="-29.8094800" lon="24.4118020">
    <ele>1100.4</ele>
   </trkpt>
   <trkpt lat="-29.8095660" lon="24.4117590">
    <ele>1100.5</ele>
   </trkpt>
   <trkpt lat="-29.8096540" lon="24.4117140">
    <ele>1100.7</ele>
   </trkpt>
   <trkpt lat="-29.8097420" lon="24.4116680">
    <ele>1100.8</ele>
   </trkpt>
   <trkpt lat="-29.8098310" lon="24.4116270">
    <ele>1101.0</ele>
   </trkpt>
   <trkpt lat="-29.8099170" lon="24.4115900">
    <ele>1101.1</ele>
   </trkpt>
   <trkpt lat="-29.8099990" lon="24.4115500">
    <ele>1101.3</ele>
   </trkpt>
   <trkpt lat="-29.8100820" lon="24.4115090">
    <ele>1101.4</ele>
   </trkpt>
   <trkpt lat="-29.8101670" lon="24.4114640">
    <ele>1101.6</ele>
   </trkpt>
   <trkpt lat="-29.8102530" lon="24.4114210">
    <ele>1101.8</ele>
   </trkpt>
   <trkpt lat="-29.8103410" lon="24.4113790">
    <ele>1102.1</ele>
   </trkpt>
   <trkpt lat="-29.8104280" lon="24.4113430">
    <ele>1102.3</ele>
   </trkpt>
   <trkpt lat="-29.8105210" lon="24.4113160">
    <ele>1102.5</ele>
   </trkpt>
   <trkpt lat="-29.8106110" lon="24.4113010">
    <ele>1102.7</ele>
   </trkpt>
   <trkpt lat="-29.8107050" lon="24.4112930">
    <ele>1102.9</ele>
   </trkpt>
   <trkpt lat="-29.8107940" lon="24.4112990">
    <ele>1103.1</ele>
   </trkpt>
   <trkpt lat="-29.8108740" lon="24.4113130">
    <ele>1103.3</ele>
   </trkpt>
   <trkpt lat="-29.8109430" lon="24.4113350">
    <ele>1103.5</ele>
   </trkpt>
   <trkpt lat="-29.8110000" lon="24.4113630">
    <ele>1103.7</ele>
   </trkpt>
   <trkpt lat="-29.8110380" lon="24.4113870">
    <ele>1103.8</ele>
   </trkpt>
   <trkpt lat="-29.8110660" lon="24.4114080">
    <ele>1103.9</ele>
   </trkpt>
   <trkpt lat="-29.8110940" lon="24.4114290">
    <ele>1104.0</ele>
   </trkpt>
   <trkpt lat="-29.8111230" lon="24.4114540">
    <ele>1104.1</ele>
   </trkpt>
   <trkpt lat="-29.8111620" lon="24.4114820">
    <ele>1104.2</ele>
   </trkpt>
   <trkpt lat="-29.8112020" lon="24.4115200">
    <ele>1104.3</ele>
   </trkpt>
   <trkpt lat="-29.8112480" lon="24.4115660">
    <ele>1104.4</ele>
   </trkpt>
   <trkpt lat="-29.8112970" lon="24.4116100">
    <ele>1104.5</ele>
   </trkpt>
   <trkpt lat="-29.8113460" lon="24.4116550">
    <ele>1104.7</ele>
   </trkpt>
   <trkpt lat="-29.8114020" lon="24.4117040">
    <ele>1104.9</ele>
   </trkpt>
   <trkpt lat="-29.8114580" lon="24.4117560">
    <ele>1105.1</ele>
   </trkpt>
   <trkpt lat="-29.8115180" lon="24.4118090">
    <ele>1105.2</ele>
   </trkpt>
   <trkpt lat="-29.8115810" lon="24.4118650">
    <ele>1105.5</ele>
   </trkpt>
   <trkpt lat="-29.8116420" lon="24.4119220">
    <ele>1105.7</ele>
   </trkpt>
   <trkpt lat="-29.8117010" lon="24.4119780">
    <ele>1105.9</ele>
   </trkpt>
   <trkpt lat="-29.8117550" lon="24.4120300">
    <ele>1106.1</ele>
   </trkpt>
   <trkpt lat="-29.8118070" lon="24.4120820">
    <ele>1106.3</ele>
   </trkpt>
   <trkpt lat="-29.8118560" lon="24.4121290">
    <ele>1106.5</ele>
   </trkpt>
   <trkpt lat="-29.8119030" lon="24.4121700">
    <ele>1106.8</ele>
   </trkpt>
   <trkpt lat="-29.8119430" lon="24.4122020">
    <ele>1106.9</ele>
   </trkpt>
   <trkpt lat="-29.8119700" lon="24.4122230">
    <ele>1107.0</ele>
   </trkpt>
   <trkpt lat="-29.8120070" lon="24.4122380">
    <ele>1107.2</ele>
   </trkpt>
   <trkpt lat="-29.8120210" lon="24.4122400">
    <ele>1107.2</ele>
   </trkpt>
   <trkpt lat="-29.8120570" lon="24.4122320">
    <ele>1107.2</ele>
   </trkpt>
   <trkpt lat="-29.8120940" lon="24.4122080">
    <ele>1107.2</ele>
   </trkpt>
   <trkpt lat="-29.8121340" lon="24.4121690">
    <ele>1107.2</ele>
   </trkpt>
   <trkpt lat="-29.8121760" lon="24.4121200">
    <ele>1107.2</ele>
   </trkpt>
   <trkpt lat="-29.8122220" lon="24.4120640">
    <ele>1107.1</ele>
   </trkpt>
   <trkpt lat="-29.8122630" lon="24.4120130">
    <ele>1107.1</ele>
   </trkpt>
   <trkpt lat="-29.8123100" lon="24.4119530">
    <ele>1107.1</ele>
   </trkpt>
   <trkpt lat="-29.8123640" lon="24.4118880">
    <ele>1107.1</ele>
   </trkpt>
   <trkpt lat="-29.8124230" lon="24.4118190">
    <ele>1107.2</ele>
   </trkpt>
   <trkpt lat="-29.8124810" lon="24.4117420">
    <ele>1107.2</ele>
   </trkpt>
   <trkpt lat="-29.8125280" lon="24.4116580">
    <ele>1107.2</ele>
   </trkpt>
   <trkpt lat="-29.8125740" lon="24.4115700">
    <ele>1107.1</ele>
   </trkpt>
   <trkpt lat="-29.8126060" lon="24.4114720">
    <ele>1107.1</ele>
   </trkpt>
   <trkpt lat="-29.8126210" lon="24.4113680">
    <ele>1107.1</ele>
   </trkpt>
   <trkpt lat="-29.8126250" lon="24.4112640">
    <ele>1107.1</ele>
   </trkpt>
   <trkpt lat="-29.8126200" lon="24.4111580">
    <ele>1107.1</ele>
   </trkpt>
   <trkpt lat="-29.8126080" lon="24.4110530">
    <ele>1107.1</ele>
   </trkpt>
   <trkpt lat="-29.8126050" lon="24.4109500">
    <ele>1107.0</ele>
   </trkpt>
   <trkpt lat="-29.8126020" lon="24.4108550">
    <ele>1107.0</ele>
   </trkpt>
   <trkpt lat="-29.8125990" lon="24.4107610">
    <ele>1106.9</ele>
   </trkpt>
   <trkpt lat="-29.8125950" lon="24.4106770">
    <ele>1106.9</ele>
   </trkpt>
   <trkpt lat="-29.8125900" lon="24.4106000">
    <ele>1106.9</ele>
   </trkpt>
   <trkpt lat="-29.8125870" lon="24.4105290">
    <ele>1106.9</ele>
   </trkpt>
   <trkpt lat="-29.8125860" lon="24.4104640">
    <ele>1106.9</ele>
   </trkpt>
   <trkpt lat="-29.8125950" lon="24.4104050">
    <ele>1107.0</ele>
   </trkpt>
   <trkpt lat="-29.8126210" lon="24.4103610">
    <ele>1107.0</ele>
   </trkpt>
   <trkpt lat="-29.8126640" lon="24.4103280">
    <ele>1107.1</ele>
   </trkpt>
   <trkpt lat="-29.8127210" lon="24.4103170">
    <ele>1107.2</ele>
   </trkpt>
   <trkpt lat="-29.8127800" lon="24.4103160">
    <ele>1107.3</ele>
   </trkpt>
   <trkpt lat="-29.8128490" lon="24.4103170">
    <ele>1107.4</ele>
   </trkpt>
   <trkpt lat="-29.8129230" lon="24.4103130">
    <ele>1107.5</ele>
   </trkpt>
   <trkpt lat="-29.8130050" lon="24.4103070">
    <ele>1107.6</ele>
   </trkpt>
   <trkpt lat="-29.8130860" lon="24.4103020">
    <ele>1107.8</ele>
   </trkpt>
   <trkpt lat="-29.8131680" lon="24.4102970">
    <ele>1107.9</ele>
   </trkpt>
   <trkpt lat="-29.8132450" lon="24.4102890">
    <ele>1108.0</ele>
   </trkpt>
   <trkpt lat="-29.8133250" lon="24.4102780">
    <ele>1108.2</ele>
   </trkpt>
   <trkpt lat="-29.8133990" lon="24.4102660">
    <ele>1108.3</ele>
   </trkpt>
   <trkpt lat="-29.8134740" lon="24.4102570">
    <ele>1108.5</ele>
   </trkpt>
   <trkpt lat="-29.8135500" lon="24.4102510">
    <ele>1108.7</ele>
   </trkpt>
   <trkpt lat="-29.8136310" lon="24.4102600">
    <ele>1108.9</ele>
   </trkpt>
   <trkpt lat="-29.8137140" lon="24.4102640">
    <ele>1109.1</ele>
   </trkpt>
   <trkpt lat="-29.8138010" lon="24.4102670">
    <ele>1109.3</ele>
   </trkpt>
   <trkpt lat="-29.8138900" lon="24.4102640">
    <ele>1109.5</ele>
   </trkpt>
   <trkpt lat="-29.8139770" lon="24.4102560">
    <ele>1109.7</ele>
   </trkpt>
   <trkpt lat="-29.8140560" lon="24.4102510">
    <ele>1109.9</ele>
   </trkpt>
   <trkpt lat="-29.8141290" lon="24.4102500">
    <ele>1110.0</ele>
   </trkpt>
   <trkpt lat="-29.8141930" lon="24.4102520">
    <ele>1110.1</ele>
   </trkpt>
   <trkpt lat="-29.8142490" lon="24.4102590">
    <ele>1110.2</ele>
   </trkpt>
   <trkpt lat="-29.8142940" lon="24.4102700">
    <ele>1110.3</ele>
   </trkpt>
   <trkpt lat="-29.8143220" lon="24.4102800">
    <ele>1110.4</ele>
   </trkpt>
   <trkpt lat="-29.8143450" lon="24.4102850">
    <ele>1110.4</ele>
   </trkpt>
   <trkpt lat="-29.8143540" lon="24.4102900">
    <ele>1110.4</ele>
   </trkpt>
   <trkpt lat="-29.8143630" lon="24.4102950">
    <ele>1110.5</ele>
   </trkpt>
   <trkpt lat="-29.8143900" lon="24.4103100">
    <ele>1110.6</ele>
   </trkpt>
   <trkpt lat="-29.8144190" lon="24.4103290">
    <ele>1110.6</ele>
   </trkpt>
   <trkpt lat="-29.8144510" lon="24.4103330">
    <ele>1110.7</ele>
   </trkpt>
   <trkpt lat="-29.8144790" lon="24.4103190">
    <ele>1110.8</ele>
   </trkpt>
   <trkpt lat="-29.8145010" lon="24.4102980">
    <ele>1110.8</ele>
   </trkpt>
   <trkpt lat="-29.8145330" lon="24.4102670">
    <ele>1110.9</ele>
   </trkpt>
   <trkpt lat="-29.8145780" lon="24.4102350">
    <ele>1110.9</ele>
   </trkpt>
   <trkpt lat="-29.8146320" lon="24.4102140">
    <ele>1111.0</ele>
   </trkpt>
   <trkpt lat="-29.8147010" lon="24.4102020">
    <ele>1111.1</ele>
   </trkpt>
   <trkpt lat="-29.8147660" lon="24.4101960">
    <ele>1111.2</ele>
   </trkpt>
   <trkpt lat="-29.8148330" lon="24.4101910">
    <ele>1111.4</ele>
   </trkpt>
   <trkpt lat="-29.8149060" lon="24.4101840">
    <ele>1111.5</ele>
   </trkpt>
   <trkpt lat="-29.8149860" lon="24.4101780">
    <ele>1111.7</ele>
   </trkpt>
   <trkpt lat="-29.8150730" lon="24.4101730">
    <ele>1111.9</ele>
   </trkpt>
   <trkpt lat="-29.8151560" lon="24.4101670">
    <ele>1112.2</ele>
   </trkpt>
   <trkpt lat="-29.8152360" lon="24.4101540">
    <ele>1112.4</ele>
   </trkpt>
   <trkpt lat="-29.8153230" lon="24.4101450">
    <ele>1112.6</ele>
   </trkpt>
   <trkpt lat="-29.8154110" lon="24.4101430">
    <ele>1112.8</ele>
   </trkpt>
   <trkpt lat="-29.8155010" lon="24.4101420">
    <ele>1113.1</ele>
   </trkpt>
   <trkpt lat="-29.8155940" lon="24.4101340">
    <ele>1113.4</ele>
   </trkpt>
   <trkpt lat="-29.8156870" lon="24.4101260">
    <ele>1113.6</ele>
   </trkpt>
   <trkpt lat="-29.8157750" lon="24.4101160">
    <ele>1113.9</ele>
   </trkpt>
   <trkpt lat="-29.8158630" lon="24.4101130">
    <ele>1114.0</ele>
   </trkpt>
   <trkpt lat="-29.8159440" lon="24.4101060">
    <ele>1114.2</ele>
   </trkpt>
   <trkpt lat="-29.8160230" lon="24.4100990">
    <ele>1114.4</ele>
   </trkpt>
   <trkpt lat="-29.8160950" lon="24.4100930">
    <ele>1114.5</ele>
   </trkpt>
   <trkpt lat="-29.8161570" lon="24.4100900">
    <ele>1114.6</ele>
   </trkpt>
   <trkpt lat="-29.8162140" lon="24.4100940">
    <ele>1114.7</ele>
   </trkpt>
   <trkpt lat="-29.8162580" lon="24.4101120">
    <ele>1114.9</ele>
   </trkpt>
   <trkpt lat="-29.8162890" lon="24.4101510">
    <ele>1114.9</ele>
   </trkpt>
   <trkpt lat="-29.8163130" lon="24.4102100">
    <ele>1115.1</ele>
   </trkpt>
   <trkpt lat="-29.8163180" lon="24.4102870">
    <ele>1115.2</ele>
   </trkpt>
   <trkpt lat="-29.8163190" lon="24.4103680">
    <ele>1115.2</ele>
   </trkpt>
   <trkpt lat="-29.8163200" lon="24.4104500">
    <ele>1115.3</ele>
   </trkpt>
   <trkpt lat="-29.8163250" lon="24.4105360">
    <ele>1115.4</ele>
   </trkpt>
   <trkpt lat="-29.8163330" lon="24.4106310">
    <ele>1115.5</ele>
   </trkpt>
   <trkpt lat="-29.8163420" lon="24.4107340">
    <ele>1115.5</ele>
   </trkpt>
   <trkpt lat="-29.8163490" lon="24.4108440">
    <ele>1115.6</ele>
   </trkpt>
   <trkpt lat="-29.8163540" lon="24.4109640">
    <ele>1115.6</ele>
   </trkpt>
   <trkpt lat="-29.8163570" lon="24.4110770">
    <ele>1115.7</ele>
   </trkpt>
   <trkpt lat="-29.8163620" lon="24.4111950">
    <ele>1115.8</ele>
   </trkpt>
   <trkpt lat="-29.8163670" lon="24.4113100">
    <ele>1116.0</ele>
   </trkpt>
   <trkpt lat="-29.8163700" lon="24.4114310">
    <ele>1116.2</ele>
   </trkpt>
   <trkpt lat="-29.8163750" lon="24.4115490">
    <ele>1116.4</ele>
   </trkpt>
   <trkpt lat="-29.8163740" lon="24.4116640">
    <ele>1116.5</ele>
   </trkpt>
   <trkpt lat="-29.8163710" lon="24.4117780">
    <ele>1116.7</ele>
   </trkpt>
   <trkpt lat="-29.8163650" lon="24.4118940">
    <ele>1116.8</ele>
   </trkpt>
   <trkpt lat="-29.8163580" lon="24.4120070">
    <ele>1116.8</ele>
   </trkpt>
   <trkpt lat="-29.8163480" lon="24.4121140">
    <ele>1116.9</ele>
   </trkpt>
   <trkpt lat="-29.8163330" lon="24.4122180">
    <ele>1117.0</ele>
   </trkpt>
   <trkpt lat="-29.8163200" lon="24.4123210">
    <ele>1117.0</ele>
   </trkpt>
   <trkpt lat="-29.8163000" lon="24.4124290">
    <ele>1117.0</ele>
   </trkpt>
   <trkpt lat="-29.8162780" lon="24.4125260">
    <ele>1117.0</ele>
   </trkpt>
   <trkpt lat="-29.8162570" lon="24.4126220">
    <ele>1117.1</ele>
   </trkpt>
   <trkpt lat="-29.8162340" lon="24.4127110">
    <ele>1117.1</ele>
   </trkpt>
   <trkpt lat="-29.8162150" lon="24.4127890">
    <ele>1117.1</ele>
   </trkpt>
   <trkpt lat="-29.8161910" lon="24.4128680">
    <ele>1117.2</ele>
   </trkpt>
   <trkpt lat="-29.8161640" lon="24.4129550">
    <ele>1117.2</ele>
   </trkpt>
   <trkpt lat="-29.8161330" lon="24.4130480">
    <ele>1117.2</ele>
   </trkpt>
   <trkpt lat="-29.8161000" lon="24.4131450">
    <ele>1117.2</ele>
   </trkpt>
   <trkpt lat="-29.8160640" lon="24.4132460">
    <ele>1117.1</ele>
   </trkpt>
   <trkpt lat="-29.8160230" lon="24.4133450">
    <ele>1117.1</ele>
   </trkpt>
   <trkpt lat="-29.8159780" lon="24.4134480">
    <ele>1117.1</ele>
   </trkpt>
   <trkpt lat="-29.8159360" lon="24.4135430">
    <ele>1117.1</ele>
   </trkpt>
   <trkpt lat="-29.8158940" lon="24.4136380">
    <ele>1117.0</ele>
   </trkpt>
   <trkpt lat="-29.8158500" lon="24.4137270">
    <ele>1117.0</ele>
   </trkpt>
   <trkpt lat="-29.8158110" lon="24.4138100">
    <ele>1117.0</ele>
   </trkpt>
   <trkpt lat="-29.8157720" lon="24.4138880">
    <ele>1116.9</ele>
   </trkpt>
   <trkpt lat="-29.8157270" lon="24.4139630">
    <ele>1116.8</ele>
   </trkpt>
   <trkpt lat="-29.8156740" lon="24.4140330">
    <ele>1116.7</ele>
   </trkpt>
   <trkpt lat="-29.8156290" lon="24.4141150">
    <ele>1116.7</ele>
   </trkpt>
   <trkpt lat="-29.8155750" lon="24.4141900">
    <ele>1116.6</ele>
   </trkpt>
   <trkpt lat="-29.8155170" lon="24.4142660">
    <ele>1116.5</ele>
   </trkpt>
   <trkpt lat="-29.8154560" lon="24.4143430">
    <ele>1116.5</ele>
   </trkpt>
   <trkpt lat="-29.8153890" lon="24.4144240">
    <ele>1116.5</ele>
   </trkpt>
   <trkpt lat="-29.8153210" lon="24.4145080">
    <ele>1116.4</ele>
   </trkpt>
   <trkpt lat="-29.8152540" lon="24.4145920">
    <ele>1116.4</ele>
   </trkpt>
   <trkpt lat="-29.8151860" lon="24.4146740">
    <ele>1116.4</ele>
   </trkpt>
   <trkpt lat="-29.8151210" lon="24.4147540">
    <ele>1116.3</ele>
   </trkpt>
   <trkpt lat="-29.8150590" lon="24.4148300">
    <ele>1116.3</ele>
   </trkpt>
   <trkpt lat="-29.8149970" lon="24.4149110">
    <ele>1116.2</ele>
   </trkpt>
   <trkpt lat="-29.8149390" lon="24.4149820">
    <ele>1116.2</ele>
   </trkpt>
   <trkpt lat="-29.8148830" lon="24.4150510">
    <ele>1116.2</ele>
   </trkpt>
   <trkpt lat="-29.8148280" lon="24.4151140">
    <ele>1116.2</ele>
   </trkpt>
   <trkpt lat="-29.8147840" lon="24.4151670">
    <ele>1116.2</ele>
   </trkpt>
   <trkpt lat="-29.8147530" lon="24.4152050">
    <ele>1116.2</ele>
   </trkpt>
   <trkpt lat="-29.8147340" lon="24.4152290">
    <ele>1116.2</ele>
   </trkpt>
   <trkpt lat="-29.8147150" lon="24.4152630">
    <ele>1116.2</ele>
   </trkpt>
   <trkpt lat="-29.8147110" lon="24.4152760">
    <ele>1116.1</ele>
   </trkpt>
   <trkpt lat="-29.8147100" lon="24.4153150">
    <ele>1116.1</ele>
   </trkpt>
   <trkpt lat="-29.8147220" lon="24.4153580">
    <ele>1116.2</ele>
   </trkpt>
   <trkpt lat="-29.8147490" lon="24.4154040">
    <ele>1116.4</ele>
   </trkpt>
   <trkpt lat="-29.8147860" lon="24.4154450">
    <ele>1116.5</ele>
   </trkpt>
   <trkpt lat="-29.8148310" lon="24.4154980">
    <ele>1116.8</ele>
   </trkpt>
   <trkpt lat="-29.8148880" lon="24.4155580">
    <ele>1117.0</ele>
   </trkpt>
   <trkpt lat="-29.8149440" lon="24.4156170">
    <ele>1117.3</ele>
   </trkpt>
   <trkpt lat="-29.8150040" lon="24.4156800">
    <ele>1117.6</ele>
   </trkpt>
   <trkpt lat="-29.8150680" lon="24.4157470">
    <ele>1118.0</ele>
   </trkpt>
   <trkpt lat="-29.8151340" lon="24.4158200">
    <ele>1118.4</ele>
   </trkpt>
   <trkpt lat="-29.8152010" lon="24.4158960">
    <ele>1118.8</ele>
   </trkpt>
   <trkpt lat="-29.8152710" lon="24.4159720">
    <ele>1119.1</ele>
   </trkpt>
   <trkpt lat="-29.8153420" lon="24.4160490">
    <ele>1119.8</ele>
   </trkpt>
   <trkpt lat="-29.8154110" lon="24.4161250">
    <ele>1120.5</ele>
   </trkpt>
   <trkpt lat="-29.8154790" lon="24.4161990">
    <ele>1121.2</ele>
   </trkpt>
   <trkpt lat="-29.8155490" lon="24.4162720">
    <ele>1121.9</ele>
   </trkpt>
   <trkpt lat="-29.8156190" lon="24.4163470">
    <ele>1122.6</ele>
   </trkpt>
   <trkpt lat="-29.8156870" lon="24.4164190">
    <ele>1123.2</ele>
   </trkpt>
   <trkpt lat="-29.8157500" lon="24.4164840">
    <ele>1123.6</ele>
   </trkpt>
   <trkpt lat="-29.8158150" lon="24.4165470">
    <ele>1124.0</ele>
   </trkpt>
   <trkpt lat="-29.8158790" lon="24.4165980">
    <ele>1124.2</ele>
   </trkpt>
   <trkpt lat="-29.8159520" lon="24.4166360">
    <ele>1124.4</ele>
   </trkpt>
   <trkpt lat="-29.8160320" lon="24.4166510">
    <ele>1124.5</ele>
   </trkpt>
   <trkpt lat="-29.8161100" lon="24.4166470">
    <ele>1124.6</ele>
   </trkpt>
   <trkpt lat="-29.8161830" lon="24.4166230">
    <ele>1124.6</ele>
   </trkpt>
   <trkpt lat="-29.8162510" lon="24.4165800">
    <ele>1124.6</ele>
   </trkpt>
   <trkpt lat="-29.8163090" lon="24.4165210">
    <ele>1124.6</ele>
   </trkpt>
   <trkpt lat="-29.8163630" lon="24.4164540">
    <ele>1124.7</ele>
   </trkpt>
   <trkpt lat="-29.8164160" lon="24.4163880">
    <ele>1124.7</ele>
   </trkpt>
   <trkpt lat="-29.8164700" lon="24.4163210">
    <ele>1124.7</ele>
   </trkpt>
   <trkpt lat="-29.8165250" lon="24.4162570">
    <ele>1124.7</ele>
   </trkpt>
   <trkpt lat="-29.8165860" lon="24.4161830">
    <ele>1124.7</ele>
   </trkpt>
   <trkpt lat="-29.8166500" lon="24.4161050">
    <ele>1124.7</ele>
   </trkpt>
   <trkpt lat="-29.8167160" lon="24.4160250">
    <ele>1124.9</ele>
   </trkpt>
   <trkpt lat="-29.8167850" lon="24.4159380">
    <ele>1125.1</ele>
   </trkpt>
   <trkpt lat="-29.8168520" lon="24.4158540">
    <ele>1125.2</ele>
   </trkpt>
   <trkpt lat="-29.8169220" lon="24.4157690">
    <ele>1125.4</ele>
   </trkpt>
   <trkpt lat="-29.8169930" lon="24.4156820">
    <ele>1125.6</ele>
   </trkpt>
   <trkpt lat="-29.8170660" lon="24.4155920">
    <ele>1125.8</ele>
   </trkpt>
   <trkpt lat="-29.8171410" lon="24.4155010">
    <ele>1126.2</ele>
   </trkpt>
   <trkpt lat="-29.8172110" lon="24.4154160">
    <ele>1126.4</ele>
   </trkpt>
   <trkpt lat="-29.8172770" lon="24.4153360">
    <ele>1126.6</ele>
   </trkpt>
   <trkpt lat="-29.8173400" lon="24.4152570">
    <ele>1126.9</ele>
   </trkpt>
   <trkpt lat="-29.8174000" lon="24.4151850">
    <ele>1127.1</ele>
   </trkpt>
   <trkpt lat="-29.8174560" lon="24.4151170">
    <ele>1127.2</ele>
   </trkpt>
   <trkpt lat="-29.8175030" lon="24.4150600">
    <ele>1127.4</ele>
   </trkpt>
   <trkpt lat="-29.8175450" lon="24.4150080">
    <ele>1127.5</ele>
   </trkpt>
   <trkpt lat="-29.8175830" lon="24.4149610">
    <ele>1127.6</ele>
   </trkpt>
   <trkpt lat="-29.8176270" lon="24.4149060">
    <ele>1127.8</ele>
   </trkpt>
   <trkpt lat="-29.8176720" lon="24.4148490">
    <ele>1127.9</ele>
   </trkpt>
   <trkpt lat="-29.8177230" lon="24.4147880">
    <ele>1128.1</ele>
   </trkpt>
   <trkpt lat="-29.8177740" lon="24.4147200">
    <ele>1128.2</ele>
   </trkpt>
   <trkpt lat="-29.8178310" lon="24.4146510">
    <ele>1128.4</ele>
   </trkpt>
   <trkpt lat="-29.8178890" lon="24.4145770">
    <ele>1128.6</ele>
   </trkpt>
   <trkpt lat="-29.8179500" lon="24.4145000">
    <ele>1128.7</ele>
   </trkpt>
   <trkpt lat="-29.8180130" lon="24.4144230">
    <ele>1128.9</ele>
   </trkpt>
   <trkpt lat="-29.8180750" lon="24.4143460">
    <ele>1129.0</ele>
   </trkpt>
   <trkpt lat="-29.8181350" lon="24.4142720">
    <ele>1129.1</ele>
   </trkpt>
   <trkpt lat="-29.8182020" lon="24.4141950">
    <ele>1129.2</ele>
   </trkpt>
   <trkpt lat="-29.8182620" lon="24.4141200">
    <ele>1129.3</ele>
   </trkpt>
   <trkpt lat="-29.8183180" lon="24.4140510">
    <ele>1129.5</ele>
   </trkpt>
   <trkpt lat="-29.8183720" lon="24.4139910">
    <ele>1129.6</ele>
   </trkpt>
   <trkpt lat="-29.8184290" lon="24.4139470">
    <ele>1129.7</ele>
   </trkpt>
   <trkpt lat="-29.8184840" lon="24.4138970">
    <ele>1129.8</ele>
   </trkpt>
   <trkpt lat="-29.8185260" lon="24.4138380">
    <ele>1130.0</ele>
   </trkpt>
   <trkpt lat="-29.8185570" lon="24.4137760">
    <ele>1130.1</ele>
   </trkpt>
   <trkpt lat="-29.8185890" lon="24.4137220">
    <ele>1130.1</ele>
   </trkpt>
   <trkpt lat="-29.8186310" lon="24.4136680">
    <ele>1130.1</ele>
   </trkpt>
   <trkpt lat="-29.8186720" lon="24.4136160">
    <ele>1130.1</ele>
   </trkpt>
   <trkpt lat="-29.8187110" lon="24.4135710">
    <ele>1130.1</ele>
   </trkpt>
   <trkpt lat="-29.8187440" lon="24.4135360">
    <ele>1130.1</ele>
   </trkpt>
   <trkpt lat="-29.8187700" lon="24.4135030">
    <ele>1130.2</ele>
   </trkpt>
   <trkpt lat="-29.8187930" lon="24.4134700">
    <ele>1130.2</ele>
   </trkpt>
   <trkpt lat="-29.8188190" lon="24.4134350">
    <ele>1130.2</ele>
   </trkpt>
   <trkpt lat="-29.8188500" lon="24.4133970">
    <ele>1130.3</ele>
   </trkpt>
   <trkpt lat="-29.8188830" lon="24.4133510">
    <ele>1130.3</ele>
   </trkpt>
   <trkpt lat="-29.8189220" lon="24.4133040">
    <ele>1130.4</ele>
   </trkpt>
   <trkpt lat="-29.8189700" lon="24.4132480">
    <ele>1130.4</ele>
   </trkpt>
   <trkpt lat="-29.8190210" lon="24.4131890">
    <ele>1130.5</ele>
   </trkpt>
   <trkpt lat="-29.8190680" lon="24.4131350">
    <ele>1130.6</ele>
   </trkpt>
   <trkpt lat="-29.8191190" lon="24.4130750">
    <ele>1130.6</ele>
   </trkpt>
   <trkpt lat="-29.8191710" lon="24.4130130">
    <ele>1130.7</ele>
   </trkpt>
   <trkpt lat="-29.8192270" lon="24.4129440">
    <ele>1130.8</ele>
   </trkpt>
   <trkpt lat="-29.8192920" lon="24.4128710">
    <ele>1130.9</ele>
   </trkpt>
   <trkpt lat="-29.8193520" lon="24.4127940">
    <ele>1130.9</ele>
   </trkpt>
   <trkpt lat="-29.8194120" lon="24.4127180">
    <ele>1131.0</ele>
   </trkpt>
   <trkpt lat="-29.8194680" lon="24.4126530">
    <ele>1131.0</ele>
   </trkpt>
   <trkpt lat="-29.8195130" lon="24.4126000">
    <ele>1131.1</ele>
   </trkpt>
   <trkpt lat="-29.8195600" lon="24.4125510">
    <ele>1131.2</ele>
   </trkpt>
   <trkpt lat="-29.8196000" lon="24.4125060">
    <ele>1131.2</ele>
   </trkpt>
   <trkpt lat="-29.8196420" lon="24.4124520">
    <ele>1131.3</ele>
   </trkpt>
   <trkpt lat="-29.8196880" lon="24.4124000">
    <ele>1131.4</ele>
   </trkpt>
   <trkpt lat="-29.8197350" lon="24.4123460">
    <ele>1131.5</ele>
   </trkpt>
   <trkpt lat="-29.8197860" lon="24.4122850">
    <ele>1131.7</ele>
   </trkpt>
   <trkpt lat="-29.8198380" lon="24.4122180">
    <ele>1131.8</ele>
   </trkpt>
   <trkpt lat="-29.8198920" lon="24.4121540">
    <ele>1132.0</ele>
   </trkpt>
   <trkpt lat="-29.8199480" lon="24.4120810">
    <ele>1132.1</ele>
   </trkpt>
   <trkpt lat="-29.8200100" lon="24.4120090">
    <ele>1132.3</ele>
   </trkpt>
   <trkpt lat="-29.8200760" lon="24.4119330">
    <ele>1132.4</ele>
   </trkpt>
   <trkpt lat="-29.8201410" lon="24.4118550">
    <ele>1132.5</ele>
   </trkpt>
   <trkpt lat="-29.8202030" lon="24.4117810">
    <ele>1132.7</ele>
   </trkpt>
   <trkpt lat="-29.8202610" lon="24.4117100">
    <ele>1132.8</ele>
   </trkpt>
   <trkpt lat="-29.8203180" lon="24.4116460">
    <ele>1132.9</ele>
   </trkpt>
   <trkpt lat="-29.8203680" lon="24.4115850">
    <ele>1133.1</ele>
   </trkpt>
   <trkpt lat="-29.8204110" lon="24.4115250">
    <ele>1133.2</ele>
   </trkpt>
   <trkpt lat="-29.8204510" lon="24.4114730">
    <ele>1133.3</ele>
   </trkpt>
   <trkpt lat="-29.8204920" lon="24.4114360">
    <ele>1133.4</ele>
   </trkpt>
   <trkpt lat="-29.8205240" lon="24.4114260">
    <ele>1133.4</ele>
   </trkpt>
   <trkpt lat="-29.8205510" lon="24.4114240">
    <ele>1133.5</ele>
   </trkpt>
   <trkpt lat="-29.8205790" lon="24.4114310">
    <ele>1133.5</ele>
   </trkpt>
   <trkpt lat="-29.8206180" lon="24.4114430">
    <ele>1133.6</ele>
   </trkpt>
   <trkpt lat="-29.8206630" lon="24.4114600">
    <ele>1133.8</ele>
   </trkpt>
   <trkpt lat="-29.8207190" lon="24.4114740">
    <ele>1133.9</ele>
   </trkpt>
   <trkpt lat="-29.8207840" lon="24.4114900">
    <ele>1134.0</ele>
   </trkpt>
   <trkpt lat="-29.8208500" lon="24.4115070">
    <ele>1134.0</ele>
   </trkpt>
   <trkpt lat="-29.8209230" lon="24.4115290">
    <ele>1134.1</ele>
   </trkpt>
   <trkpt lat="-29.8210040" lon="24.4115500">
    <ele>1134.2</ele>
   </trkpt>
   <trkpt lat="-29.8210890" lon="24.4115750">
    <ele>1134.2</ele>
   </trkpt>
   <trkpt lat="-29.8211740" lon="24.4115960">
    <ele>1134.3</ele>
   </trkpt>
   <trkpt lat="-29.8212640" lon="24.4116200">
    <ele>1134.3</ele>
   </trkpt>
   <trkpt lat="-29.8213510" lon="24.4116420">
    <ele>1134.4</ele>
   </trkpt>
   <trkpt lat="-29.8214370" lon="24.4116650">
    <ele>1134.4</ele>
   </trkpt>
   <trkpt lat="-29.8215210" lon="24.4116870">
    <ele>1134.5</ele>
   </trkpt>
   <trkpt lat="-29.8216050" lon="24.4117070">
    <ele>1134.5</ele>
   </trkpt>
   <trkpt lat="-29.8216860" lon="24.4117220">
    <ele>1134.6</ele>
   </trkpt>
   <trkpt lat="-29.8217660" lon="24.4117390">
    <ele>1134.6</ele>
   </trkpt>
   <trkpt lat="-29.8218370" lon="24.4117590">
    <ele>1134.6</ele>
   </trkpt>
   <trkpt lat="-29.8219110" lon="24.4117820">
    <ele>1134.5</ele>
   </trkpt>
   <trkpt lat="-29.8219890" lon="24.4118030">
    <ele>1134.4</ele>
   </trkpt>
   <trkpt lat="-29.8220620" lon="24.4118210">
    <ele>1134.3</ele>
   </trkpt>
   <trkpt lat="-29.8221280" lon="24.4118370">
    <ele>1134.2</ele>
   </trkpt>
   <trkpt lat="-29.8221930" lon="24.4118530">
    <ele>1134.1</ele>
   </trkpt>
   <trkpt lat="-29.8222580" lon="24.4118660">
    <ele>1134.1</ele>
   </trkpt>
   <trkpt lat="-29.8223110" lon="24.4118870">
    <ele>1134.0</ele>
   </trkpt>
   <trkpt lat="-29.8223620" lon="24.4119200">
    <ele>1133.9</ele>
   </trkpt>
   <trkpt lat="-29.8224050" lon="24.4119670">
    <ele>1133.8</ele>
   </trkpt>
   <trkpt lat="-29.8224470" lon="24.4120110">
    <ele>1133.4</ele>
   </trkpt>
   <trkpt lat="-29.8224950" lon="24.4120520">
    <ele>1133.0</ele>
   </trkpt>
   <trkpt lat="-29.8225490" lon="24.4121010">
    <ele>1132.5</ele>
   </trkpt>
   <trkpt lat="-29.8226080" lon="24.4121550">
    <ele>1132.1</ele>
   </trkpt>
   <trkpt lat="-29.8226710" lon="24.4122040">
    <ele>1131.9</ele>
   </trkpt>
   <trkpt lat="-29.8227350" lon="24.4122540">
    <ele>1131.6</ele>
   </trkpt>
   <trkpt lat="-29.8227950" lon="24.4122980">
    <ele>1131.1</ele>
   </trkpt>
   <trkpt lat="-29.8228530" lon="24.4123410">
    <ele>1130.6</ele>
   </trkpt>
   <trkpt lat="-29.8229130" lon="24.4123920">
    <ele>1130.1</ele>
   </trkpt>
   <trkpt lat="-29.8229780" lon="24.4124420">
    <ele>1129.9</ele>
   </trkpt>
   <trkpt lat="-29.8230480" lon="24.4125000">
    <ele>1129.3</ele>
   </trkpt>
   <trkpt lat="-29.8231180" lon="24.4125580">
    <ele>1128.5</ele>
   </trkpt>
   <trkpt lat="-29.8231840" lon="24.4126110">
    <ele>1128.5</ele>
   </trkpt>
   <trkpt lat="-29.8232510" lon="24.4126620">
    <ele>1128.4</ele>
   </trkpt>
   <trkpt lat="-29.8233110" lon="24.4127090">
    <ele>1128.2</ele>
   </trkpt>
   <trkpt lat="-29.8233630" lon="24.4127480">
    <ele>1128.1</ele>
   </trkpt>
   <trkpt lat="-29.8234070" lon="24.4127850">
    <ele>1127.8</ele>
   </trkpt>
   <trkpt lat="-29.8234350" lon="24.4128190">
    <ele>1127.6</ele>
   </trkpt>
   <trkpt lat="-29.8234590" lon="24.4128650">
    <ele>1127.3</ele>
   </trkpt>
   <trkpt lat="-29.8234750" lon="24.4129300">
    <ele>1127.1</ele>
   </trkpt>
   <trkpt lat="-29.8234790" lon="24.4129970">
    <ele>1127.0</ele>
   </trkpt>
   <trkpt lat="-29.8234690" lon="24.4130740">
    <ele>1126.9</ele>
   </trkpt>
   <trkpt lat="-29.8234570" lon="24.4131540">
    <ele>1126.8</ele>
   </trkpt>
   <trkpt lat="-29.8234440" lon="24.4132400">
    <ele>1126.6</ele>
   </trkpt>
   <trkpt lat="-29.8234300" lon="24.4133260">
    <ele>1126.5</ele>
   </trkpt>
   <trkpt lat="-29.8234200" lon="24.4134060">
    <ele>1126.4</ele>
   </trkpt>
   <trkpt lat="-29.8234120" lon="24.4134890">
    <ele>1126.3</ele>
   </trkpt>
   <trkpt lat="-29.8234040" lon="24.4135640">
    <ele>1126.3</ele>
   </trkpt>
   <trkpt lat="-29.8233990" lon="24.4136420">
    <ele>1126.2</ele>
   </trkpt>
   <trkpt lat="-29.8233900" lon="24.4137170">
    <ele>1126.1</ele>
   </trkpt>
   <trkpt lat="-29.8233870" lon="24.4137900">
    <ele>1126.0</ele>
   </trkpt>
   <trkpt lat="-29.8233810" lon="24.4138670">
    <ele>1126.0</ele>
   </trkpt>
   <trkpt lat="-29.8233740" lon="24.4139420">
    <ele>1125.9</ele>
   </trkpt>
   <trkpt lat="-29.8233690" lon="24.4140130">
    <ele>1125.8</ele>
   </trkpt>
   <trkpt lat="-29.8233650" lon="24.4140920">
    <ele>1125.8</ele>
   </trkpt>
   <trkpt lat="-29.8233600" lon="24.4141680">
    <ele>1125.8</ele>
   </trkpt>
   <trkpt lat="-29.8233520" lon="24.4142480">
    <ele>1125.7</ele>
   </trkpt>
   <trkpt lat="-29.8233470" lon="24.4143250">
    <ele>1125.7</ele>
   </trkpt>
   <trkpt lat="-29.8233400" lon="24.4144030">
    <ele>1125.7</ele>
   </trkpt>
   <trkpt lat="-29.8233330" lon="24.4144800">
    <ele>1125.7</ele>
   </trkpt>
   <trkpt lat="-29.8233310" lon="24.4145520">
    <ele>1125.7</ele>
   </trkpt>
   <trkpt lat="-29.8233260" lon="24.4146180">
    <ele>1125.7</ele>
   </trkpt>
   <trkpt lat="-29.8233230" lon="24.4146830">
    <ele>1125.7</ele>
   </trkpt>
   <trkpt lat="-29.8233180" lon="24.4147300">
    <ele>1125.6</ele>
   </trkpt>
   <trkpt lat="-29.8233170" lon="24.4147800">
    <ele>1125.6</ele>
   </trkpt>
   <trkpt lat="-29.8233150" lon="24.4148190">
    <ele>1125.6</ele>
   </trkpt>
   <trkpt lat="-29.8233140" lon="24.4148620">
    <ele>1125.6</ele>
   </trkpt>
   <trkpt lat="-29.8233130" lon="24.4148760">
    <ele>1125.6</ele>
   </trkpt>
   <trkpt lat="-29.8233260" lon="24.4149240">
    <ele>1125.5</ele>
   </trkpt>
   <trkpt lat="-29.8233340" lon="24.4149430">
    <ele>1125.5</ele>
   </trkpt>
   <trkpt lat="-29.8233650" lon="24.4149750">
    <ele>1125.4</ele>
   </trkpt>
   <trkpt lat="-29.8234060" lon="24.4150020">
    <ele>1125.4</ele>
   </trkpt>
   <trkpt lat="-29.8234510" lon="24.4150200">
    <ele>1125.3</ele>
   </trkpt>
   <trkpt lat="-29.8235040" lon="24.4150250">
    <ele>1125.3</ele>
   </trkpt>
   <trkpt lat="-29.8235600" lon="24.4150240">
    <ele>1125.2</ele>
   </trkpt>
   <trkpt lat="-29.8236140" lon="24.4150280">
    <ele>1125.1</ele>
   </trkpt>
   <trkpt lat="-29.8236600" lon="24.4150260">
    <ele>1125.1</ele>
   </trkpt>
   <trkpt lat="-29.8237010" lon="24.4150150">
    <ele>1125.0</ele>
   </trkpt>
   <trkpt lat="-29.8237360" lon="24.4150000">
    <ele>1125.0</ele>
   </trkpt>
   <trkpt lat="-29.8237710" lon="24.4149950">
    <ele>1125.0</ele>
   </trkpt>
   <trkpt lat="-29.8238100" lon="24.4149960">
    <ele>1125.0</ele>
   </trkpt>
   <trkpt lat="-29.8238540" lon="24.4149970">
    <ele>1125.0</ele>
   </trkpt>
   <trkpt lat="-29.8239000" lon="24.4150100">
    <ele>1125.1</ele>
   </trkpt>
   <trkpt lat="-29.8239540" lon="24.4150170">
    <ele>1125.1</ele>
   </trkpt>
   <trkpt lat="-29.8240170" lon="24.4150280">
    <ele>1125.1</ele>
   </trkpt>
   <trkpt lat="-29.8240790" lon="24.4150440">
    <ele>1125.2</ele>
   </trkpt>
   <trkpt lat="-29.8241430" lon="24.4150570">
    <ele>1125.2</ele>
   </trkpt>
   <trkpt lat="-29.8242090" lon="24.4150630">
    <ele>1125.3</ele>
   </trkpt>
   <trkpt lat="-29.8242790" lon="24.4150700">
    <ele>1125.4</ele>
   </trkpt>
   <trkpt lat="-29.8243540" lon="24.4150760">
    <ele>1125.4</ele>
   </trkpt>
   <trkpt lat="-29.8244310" lon="24.4150710">
    <ele>1125.5</ele>
   </trkpt>
   <trkpt lat="-29.8245090" lon="24.4150630">
    <ele>1125.6</ele>
   </trkpt>
   <trkpt lat="-29.8245870" lon="24.4150600">
    <ele>1125.7</ele>
   </trkpt>
   <trkpt lat="-29.8246650" lon="24.4150630">
    <ele>1125.8</ele>
   </trkpt>
   <trkpt lat="-29.8247400" lon="24.4150800">
    <ele>1125.9</ele>
   </trkpt>
   <trkpt lat="-29.8248180" lon="24.4150930">
    <ele>1126.0</ele>
   </trkpt>
   <trkpt lat="-29.8248920" lon="24.4150990">
    <ele>1126.0</ele>
   </trkpt>
   <trkpt lat="-29.8249650" lon="24.4151040">
    <ele>1126.0</ele>
   </trkpt>
   <trkpt lat="-29.8250400" lon="24.4151110">
    <ele>1125.9</ele>
   </trkpt>
   <trkpt lat="-29.8251150" lon="24.4151180">
    <ele>1125.8</ele>
   </trkpt>
   <trkpt lat="-29.8251960" lon="24.4151220">
    <ele>1125.6</ele>
   </trkpt>
   <trkpt lat="-29.8252770" lon="24.4151270">
    <ele>1125.5</ele>
   </trkpt>
   <trkpt lat="-29.8253590" lon="24.4151340">
    <ele>1125.4</ele>
   </trkpt>
   <trkpt lat="-29.8254430" lon="24.4151420">
    <ele>1125.3</ele>
   </trkpt>
   <trkpt lat="-29.8255290" lon="24.4151510">
    <ele>1125.3</ele>
   </trkpt>
   <trkpt lat="-29.8256240" lon="24.4151570">
    <ele>1125.3</ele>
   </trkpt>
   <trkpt lat="-29.8257080" lon="24.4151630">
    <ele>1125.3</ele>
   </trkpt>
   <trkpt lat="-29.8257880" lon="24.4151720">
    <ele>1125.5</ele>
   </trkpt>
   <trkpt lat="-29.8258710" lon="24.4151810">
    <ele>1125.5</ele>
   </trkpt>
   <trkpt lat="-29.8259500" lon="24.4151850">
    <ele>1125.4</ele>
   </trkpt>
   <trkpt lat="-29.8260310" lon="24.4151900">
    <ele>1125.3</ele>
   </trkpt>
   <trkpt lat="-29.8261030" lon="24.4152000">
    <ele>1125.1</ele>
   </trkpt>
   <trkpt lat="-29.8261710" lon="24.4152190">
    <ele>1125.0</ele>
   </trkpt>
   <trkpt lat="-29.8262270" lon="24.4152500">
    <ele>1124.8</ele>
   </trkpt>
   <trkpt lat="-29.8262680" lon="24.4152950">
    <ele>1124.4</ele>
   </trkpt>
   <trkpt lat="-29.8262960" lon="24.4153560">
    <ele>1123.9</ele>
   </trkpt>
   <trkpt lat="-29.8263140" lon="24.4154270">
    <ele>1123.3</ele>
   </trkpt>
   <trkpt lat="-29.8263180" lon="24.4155050">
    <ele>1122.7</ele>
   </trkpt>
   <trkpt lat="-29.8263100" lon="24.4155900">
    <ele>1121.9</ele>
   </trkpt>
   <trkpt lat="-29.8262970" lon="24.4156760">
    <ele>1121.1</ele>
   </trkpt>
   <trkpt lat="-29.8262820" lon="24.4157630">
    <ele>1120.3</ele>
   </trkpt>
   <trkpt lat="-29.8262720" lon="24.4158460">
    <ele>1119.5</ele>
   </trkpt>
   <trkpt lat="-29.8262580" lon="24.4159310">
    <ele>1118.7</ele>
   </trkpt>
   <trkpt lat="-29.8262470" lon="24.4160120">
    <ele>1117.9</ele>
   </trkpt>
   <trkpt lat="-29.8262370" lon="24.4160900">
    <ele>1117.2</ele>
   </trkpt>
   <trkpt lat="-29.8262280" lon="24.4161570">
    <ele>1117.0</ele>
   </trkpt>
   <trkpt lat="-29.8262170" lon="24.4162130">
    <ele>1116.9</ele>
   </trkpt>
   <trkpt lat="-29.8262150" lon="24.4162700">
    <ele>1116.9</ele>
   </trkpt>
   <trkpt lat="-29.8262120" lon="24.4163330">
    <ele>1116.8</ele>
   </trkpt>
   <trkpt lat="-29.8262120" lon="24.4163980">
    <ele>1116.7</ele>
   </trkpt>
   <trkpt lat="-29.8262110" lon="24.4164650">
    <ele>1116.4</ele>
   </trkpt>
   <trkpt lat="-29.8262140" lon="24.4165400">
    <ele>1116.2</ele>
   </trkpt>
   <trkpt lat="-29.8262180" lon="24.4166120">
    <ele>1116.2</ele>
   </trkpt>
   <trkpt lat="-29.8262240" lon="24.4166970">
    <ele>1116.1</ele>
   </trkpt>
   <trkpt lat="-29.8262290" lon="24.4167810">
    <ele>1116.0</ele>
   </trkpt>
   <trkpt lat="-29.8262300" lon="24.4168540">
    <ele>1116.0</ele>
   </trkpt>
   <trkpt lat="-29.8262310" lon="24.4169300">
    <ele>1115.8</ele>
   </trkpt>
   <trkpt lat="-29.8262200" lon="24.4170110">
    <ele>1115.6</ele>
   </trkpt>
   <trkpt lat="-29.8262070" lon="24.4171050">
    <ele>1115.4</ele>
   </trkpt>
   <trkpt lat="-29.8261960" lon="24.4172060">
    <ele>1115.1</ele>
   </trkpt>
   <trkpt lat="-29.8261830" lon="24.4173150">
    <ele>1114.9</ele>
   </trkpt>
   <trkpt lat="-29.8261690" lon="24.4174270">
    <ele>1114.6</ele>
   </trkpt>
   <trkpt lat="-29.8261600" lon="24.4175410">
    <ele>1114.3</ele>
   </trkpt>
   <trkpt lat="-29.8261520" lon="24.4176550">
    <ele>1114.1</ele>
   </trkpt>
   <trkpt lat="-29.8261450" lon="24.4177690">
    <ele>1114.1</ele>
   </trkpt>
   <trkpt lat="-29.8261340" lon="24.4178840">
    <ele>1114.0</ele>
   </trkpt>
   <trkpt lat="-29.8261170" lon="24.4180000">
    <ele>1114.0</ele>
   </trkpt>
   <trkpt lat="-29.8261050" lon="24.4181150">
    <ele>1113.9</ele>
   </trkpt>
   <trkpt lat="-29.8260950" lon="24.4182270">
    <ele>1113.7</ele>
   </trkpt>
   <trkpt lat="-29.8260830" lon="24.4183330">
    <ele>1113.5</ele>
   </trkpt>
   <trkpt lat="-29.8260760" lon="24.4184310">
    <ele>1113.4</ele>
   </trkpt>
   <trkpt lat="-29.8260710" lon="24.4185130">
    <ele>1113.3</ele>
   </trkpt>
   <trkpt lat="-29.8260680" lon="24.4185840">
    <ele>1113.3</ele>
   </trkpt>
   <trkpt lat="-29.8260590" lon="24.4186350">
    <ele>1113.2</ele>
   </trkpt>
   <trkpt lat="-29.8260410" lon="24.4186670">
    <ele>1113.2</ele>
   </trkpt>
   <trkpt lat="-29.8259960" lon="24.4186970">
    <ele>1113.1</ele>
   </trkpt>
   <trkpt lat="-29.8259340" lon="24.4187010">
    <ele>1113.1</ele>
   </trkpt>
   <trkpt lat="-29.8258670" lon="24.4186880">
    <ele>1113.1</ele>
   </trkpt>
   <trkpt lat="-29.8258030" lon="24.4186730">
    <ele>1113.1</ele>
   </trkpt>
   <trkpt lat="-29.8257340" lon="24.4186620">
    <ele>1113.0</ele>
   </trkpt>
   <trkpt lat="-29.8256600" lon="24.4186540">
    <ele>1112.8</ele>
   </trkpt>
   <trkpt lat="-29.8255800" lon="24.4186440">
    <ele>1112.6</ele>
   </trkpt>
   <trkpt lat="-29.8254960" lon="24.4186280">
    <ele>1112.7</ele>
   </trkpt>
   <trkpt lat="-29.8254110" lon="24.4186130">
    <ele>1113.1</ele>
   </trkpt>
   <trkpt lat="-29.8253260" lon="24.4186010">
    <ele>1113.1</ele>
   </trkpt>
   <trkpt lat="-29.8252420" lon="24.4185910">
    <ele>1113.1</ele>
   </trkpt>
   <trkpt lat="-29.8251690" lon="24.4185780">
    <ele>1113.1</ele>
   </trkpt>
   <trkpt lat="-29.8251110" lon="24.4185740">
    <ele>1113.0</ele>
   </trkpt>
   <trkpt lat="-29.8250680" lon="24.4185680">
    <ele>1113.0</ele>
   </trkpt>
   <trkpt lat="-29.8250280" lon="24.4185650">
    <ele>1113.0</ele>
   </trkpt>
   <trkpt lat="-29.8249860" lon="24.4185570">
    <ele>1113.0</ele>
   </trkpt>
   <trkpt lat="-29.8249370" lon="24.4185500">
    <ele>1113.0</ele>
   </trkpt>
   <trkpt lat="-29.8248820" lon="24.4185430">
    <ele>1113.0</ele>
   </trkpt>
   <trkpt lat="-29.8248250" lon="24.4185360">
    <ele>1113.0</ele>
   </trkpt>
   <trkpt lat="-29.8247780" lon="24.4185320">
    <ele>1113.0</ele>
   </trkpt>
   <trkpt lat="-29.8247350" lon="24.4185350">
    <ele>1113.1</ele>
   </trkpt>
   <trkpt lat="-29.8247010" lon="24.4185610">
    <ele>1113.1</ele>
   </trkpt>
   <trkpt lat="-29.8246720" lon="24.4186090">
    <ele>1113.0</ele>
   </trkpt>
   <trkpt lat="-29.8246590" lon="24.4186690">
    <ele>1112.9</ele>
   </trkpt>
   <trkpt lat="-29.8246500" lon="24.4187450">
    <ele>1112.7</ele>
   </trkpt>
   <trkpt lat="-29.8246410" lon="24.4188330">
    <ele>1112.5</ele>
   </trkpt>
   <trkpt lat="-29.8246350" lon="24.4189180">
    <ele>1112.4</ele>
   </trkpt>
   <trkpt lat="-29.8246270" lon="24.4190080">
    <ele>1112.2</ele>
   </trkpt>
   <trkpt lat="-29.8246180" lon="24.4191000">
    <ele>1112.1</ele>
   </trkpt>
   <trkpt lat="-29.8246140" lon="24.4191800">
    <ele>1112.0</ele>
   </trkpt>
   <trkpt lat="-29.8246080" lon="24.4192460">
    <ele>1111.9</ele>
   </trkpt>
   <trkpt lat="-29.8246010" lon="24.4193120">
    <ele>1111.8</ele>
   </trkpt>
   <trkpt lat="-29.8245950" lon="24.4193810">
    <ele>1111.7</ele>
   </trkpt>
   <trkpt lat="-29.8245860" lon="24.4194540">
    <ele>1111.6</ele>
   </trkpt>
   <trkpt lat="-29.8245800" lon="24.4195330">
    <ele>1111.5</ele>
   </trkpt>
   <trkpt lat="-29.8245720" lon="24.4196220">
    <ele>1111.4</ele>
   </trkpt>
   <trkpt lat="-29.8245620" lon="24.4197140">
    <ele>1111.4</ele>
   </trkpt>
   <trkpt lat="-29.8245510" lon="24.4198030">
    <ele>1111.3</ele>
   </trkpt>
   <trkpt lat="-29.8245410" lon="24.4198900">
    <ele>1111.2</ele>
   </trkpt>
   <trkpt lat="-29.8245370" lon="24.4199790">
    <ele>1111.0</ele>
   </trkpt>
   <trkpt lat="-29.8245280" lon="24.4200670">
    <ele>1111.0</ele>
   </trkpt>
   <trkpt lat="-29.8245190" lon="24.4201470">
    <ele>1111.0</ele>
   </trkpt>
   <trkpt lat="-29.8245110" lon="24.4202310">
    <ele>1110.9</ele>
   </trkpt>
   <trkpt lat="-29.8245080" lon="24.4203100">
    <ele>1110.9</ele>
   </trkpt>
   <trkpt lat="-29.8245070" lon="24.4203780">
    <ele>1110.9</ele>
   </trkpt>
   <trkpt lat="-29.8245010" lon="24.4204380">
    <ele>1110.9</ele>
   </trkpt>
   <trkpt lat="-29.8244970" lon="24.4205030">
    <ele>1110.9</ele>
   </trkpt>
   <trkpt lat="-29.8244870" lon="24.4205720">
    <ele>1110.9</ele>
   </trkpt>
   <trkpt lat="-29.8244820" lon="24.4206500">
    <ele>1110.9</ele>
   </trkpt>
   <trkpt lat="-29.8244820" lon="24.4207220">
    <ele>1110.9</ele>
   </trkpt>
   <trkpt lat="-29.8244740" lon="24.4207920">
    <ele>1110.9</ele>
   </trkpt>
   <trkpt lat="-29.8244690" lon="24.4208570">
    <ele>1110.9</ele>
   </trkpt>
   <trkpt lat="-29.8244660" lon="24.4209150">
    <ele>1110.9</ele>
   </trkpt>
   <trkpt lat="-29.8244600" lon="24.4209560">
    <ele>1110.9</ele>
   </trkpt>
   <trkpt lat="-29.8244570" lon="24.4209900">
    <ele>1110.9</ele>
   </trkpt>
   <trkpt lat="-29.8244520" lon="24.4210340">
    <ele>1110.8</ele>
   </trkpt>
   <trkpt lat="-29.8244460" lon="24.4210900">
    <ele>1110.6</ele>
   </trkpt>
   <trkpt lat="-29.8244400" lon="24.4211550">
    <ele>1110.4</ele>
   </trkpt>
   <trkpt lat="-29.8244350" lon="24.4212300">
    <ele>1110.2</ele>
   </trkpt>
   <trkpt lat="-29.8244290" lon="24.4213140">
    <ele>1110.0</ele>
   </trkpt>
   <trkpt lat="-29.8244220" lon="24.4214060">
    <ele>1109.9</ele>
   </trkpt>
   <trkpt lat="-29.8244160" lon="24.4214940">
    <ele>1109.8</ele>
   </trkpt>
   <trkpt lat="-29.8244110" lon="24.4215770">
    <ele>1109.6</ele>
   </trkpt>
   <trkpt lat="-29.8244070" lon="24.4216550">
    <ele>1109.5</ele>
   </trkpt>
   <trkpt lat="-29.8244050" lon="24.4217240">
    <ele>1109.5</ele>
   </trkpt>
   <trkpt lat="-29.8243920" lon="24.4217930">
    <ele>1109.4</ele>
   </trkpt>
   <trkpt lat="-29.8243840" lon="24.4218490">
    <ele>1109.4</ele>
   </trkpt>
   <trkpt lat="-29.8243780" lon="24.4218930">
    <ele>1109.4</ele>
   </trkpt>
   <trkpt lat="-29.8243730" lon="24.4219280">
    <ele>1109.3</ele>
   </trkpt>
   <trkpt lat="-29.8243740" lon="24.4219630">
    <ele>1109.3</ele>
   </trkpt>
   <trkpt lat="-29.8243630" lon="24.4219840">
    <ele>1109.4</ele>
   </trkpt>
   <trkpt lat="-29.8243580" lon="24.4219960">
    <ele>1109.4</ele>
   </trkpt>
   <trkpt lat="-29.8243540" lon="24.4220090">
    <ele>1109.4</ele>
   </trkpt>
   <trkpt lat="-29.8243540" lon="24.4220170">
    <ele>1109.4</ele>
   </trkpt>
   <trkpt lat="-29.8243540" lon="24.4220260">
    <ele>1109.4</ele>
   </trkpt>
   <trkpt lat="-29.8243540" lon="24.4220340">
    <ele>1109.4</ele>
   </trkpt>
   <trkpt lat="-29.8243540" lon="24.4220430">
    <ele>1109.4</ele>
   </trkpt>
   <trkpt lat="-29.8243540" lon="24.4220510">
    <ele>1109.4</ele>
   </trkpt>
   <trkpt lat="-29.8243550" lon="24.4220600">
    <ele>1109.4</ele>
   </trkpt>
   <trkpt lat="-29.8243550" lon="24.4220680">
    <ele>1109.4</ele>
   </trkpt>
   <trkpt lat="-29.8243550" lon="24.4220770">
    <ele>1109.4</ele>
   </trkpt>
   <trkpt lat="-29.8243550" lon="24.4220850">
    <ele>1109.4</ele>
   </trkpt>
   <trkpt lat="-29.8243550" lon="24.4220940">
    <ele>1109.4</ele>
   </trkpt>
   <trkpt lat="-29.8243550" lon="24.4221020">
    <ele>1109.4</ele>
   </trkpt>
   <trkpt lat="-29.8243550" lon="24.4221110">
    <ele>1109.5</ele>
   </trkpt>
   <trkpt lat="-29.8243470" lon="24.4221430">
    <ele>1109.5</ele>
   </trkpt>
   <trkpt lat="-29.8243400" lon="24.4221780">
    <ele>1109.5</ele>
   </trkpt>
   <trkpt lat="-29.8243400" lon="24.4222150">
    <ele>1109.6</ele>
   </trkpt>
   <trkpt lat="-29.8243360" lon="24.4222570">
    <ele>1109.6</ele>
   </trkpt>
   <trkpt lat="-29.8243320" lon="24.4222990">
    <ele>1109.6</ele>
   </trkpt>
   <trkpt lat="-29.8243330" lon="24.4223370">
    <ele>1109.7</ele>
   </trkpt>
   <trkpt lat="-29.8243330" lon="24.4223760">
    <ele>1109.7</ele>
   </trkpt>
   <trkpt lat="-29.8243320" lon="24.4224150">
    <ele>1109.7</ele>
   </trkpt>
   <trkpt lat="-29.8243290" lon="24.4224570">
    <ele>1109.7</ele>
   </trkpt>
   <trkpt lat="-29.8243250" lon="24.4224950">
    <ele>1109.7</ele>
   </trkpt>
   <trkpt lat="-29.8243230" lon="24.4225330">
    <ele>1109.8</ele>
   </trkpt>
   <trkpt lat="-29.8243190" lon="24.4225640">
    <ele>1109.8</ele>
   </trkpt>
   <trkpt lat="-29.8243350" lon="24.4225970">
    <ele>1109.8</ele>
   </trkpt>
   <trkpt lat="-29.8243250" lon="24.4226270">
    <ele>1109.8</ele>
   </trkpt>
   <trkpt lat="-29.8243220" lon="24.4226600">
    <ele>1109.8</ele>
   </trkpt>
   <trkpt lat="-29.8243160" lon="24.4227030">
    <ele>1109.7</ele>
   </trkpt>
   <trkpt lat="-29.8243070" lon="24.4227500">
    <ele>1109.7</ele>
   </trkpt>
   <trkpt lat="-29.8242980" lon="24.4227970">
    <ele>1109.6</ele>
   </trkpt>
   <trkpt lat="-29.8242960" lon="24.4228490">
    <ele>1109.6</ele>
   </trkpt>
   <trkpt lat="-29.8242880" lon="24.4229030">
    <ele>1109.5</ele>
   </trkpt>
   <trkpt lat="-29.8242890" lon="24.4229560">
    <ele>1109.4</ele>
   </trkpt>
   <trkpt lat="-29.8242880" lon="24.4230110">
    <ele>1109.3</ele>
   </trkpt>
   <trkpt lat="-29.8242800" lon="24.4230650">
    <ele>1109.1</ele>
   </trkpt>
   <trkpt lat="-29.8242740" lon="24.4231160">
    <ele>1109.0</ele>
   </trkpt>
   <trkpt lat="-29.8242690" lon="24.4231660">
    <ele>1108.9</ele>
   </trkpt>
   <trkpt lat="-29.8242680" lon="24.4232120">
    <ele>1108.8</ele>
   </trkpt>
   <trkpt lat="-29.8242680" lon="24.4232490">
    <ele>1108.7</ele>
   </trkpt>
   <trkpt lat="-29.8242650" lon="24.4232920">
    <ele>1108.5</ele>
   </trkpt>
   <trkpt lat="-29.8242610" lon="24.4233380">
    <ele>1108.4</ele>
   </trkpt>
   <trkpt lat="-29.8242640" lon="24.4233790">
    <ele>1108.4</ele>
   </trkpt>
   <trkpt lat="-29.8242670" lon="24.4234120">
    <ele>1108.3</ele>
   </trkpt>
   <trkpt lat="-29.8242710" lon="24.4234440">
    <ele>1108.3</ele>
   </trkpt>
   <trkpt lat="-29.8242700" lon="24.4234780">
    <ele>1108.2</ele>
   </trkpt>
   <trkpt lat="-29.8242570" lon="24.4235120">
    <ele>1108.2</ele>
   </trkpt>
   <trkpt lat="-29.8242550" lon="24.4235480">
    <ele>1108.2</ele>
   </trkpt>
   <trkpt lat="-29.8242560" lon="24.4235790">
    <ele>1108.1</ele>
   </trkpt>
   <trkpt lat="-29.8242570" lon="24.4236180">
    <ele>1108.1</ele>
   </trkpt>
   <trkpt lat="-29.8242510" lon="24.4236650">
    <ele>1108.1</ele>
   </trkpt>
   <trkpt lat="-29.8242420" lon="24.4237040">
    <ele>1108.0</ele>
   </trkpt>
   <trkpt lat="-29.8242260" lon="24.4237410">
    <ele>1108.0</ele>
   </trkpt>
   <trkpt lat="-29.8242120" lon="24.4237750">
    <ele>1107.9</ele>
   </trkpt>
   <trkpt lat="-29.8241880" lon="24.4238070">
    <ele>1107.9</ele>
   </trkpt>
   <trkpt lat="-29.8241580" lon="24.4238290">
    <ele>1107.6</ele>
   </trkpt>
   <trkpt lat="-29.8241350" lon="24.4238580">
    <ele>1107.4</ele>
   </trkpt>
   <trkpt lat="-29.8241220" lon="24.4238680">
    <ele>1107.2</ele>
   </trkpt>
   <trkpt lat="-29.8241000" lon="24.4239010">
    <ele>1107.0</ele>
   </trkpt>
   <trkpt lat="-29.8240800" lon="24.4239120">
    <ele>1106.8</ele>
   </trkpt>
   <trkpt lat="-29.8240540" lon="24.4239370">
    <ele>1106.5</ele>
   </trkpt>
   <trkpt lat="-29.8240340" lon="24.4239810">
    <ele>1106.2</ele>
   </trkpt>
   <trkpt lat="-29.8240230" lon="24.4239960">
    <ele>1106.1</ele>
   </trkpt>
   <trkpt lat="-29.8240170" lon="24.4240270">
    <ele>1105.7</ele>
   </trkpt>
   <trkpt lat="-29.8240070" lon="24.4240640">
    <ele>1105.6</ele>
   </trkpt>
   <trkpt lat="-29.8239910" lon="24.4240980">
    <ele>1105.4</ele>
   </trkpt>
   <trkpt lat="-29.8239790" lon="24.4241360">
    <ele>1105.1</ele>
   </trkpt>
   <trkpt lat="-29.8239650" lon="24.4241740">
    <ele>1104.9</ele>
   </trkpt>
   <trkpt lat="-29.8239450" lon="24.4242190">
    <ele>1104.6</ele>
   </trkpt>
   <trkpt lat="-29.8239320" lon="24.4242540">
    <ele>1104.4</ele>
   </trkpt>
   <trkpt lat="-29.8239160" lon="24.4242930">
    <ele>1104.2</ele>
   </trkpt>
   <trkpt lat="-29.8239010" lon="24.4243290">
    <ele>1104.1</ele>
   </trkpt>
   <trkpt lat="-29.8238860" lon="24.4243640">
    <ele>1104.1</ele>
   </trkpt>
   <trkpt lat="-29.8238740" lon="24.4243930">
    <ele>1104.1</ele>
   </trkpt>
   <trkpt lat="-29.8238710" lon="24.4244390">
    <ele>1104.0</ele>
   </trkpt>
   <trkpt lat="-29.8238690" lon="24.4244540">
    <ele>1104.0</ele>
   </trkpt>
   <trkpt lat="-29.8238720" lon="24.4244670">
    <ele>1104.0</ele>
   </trkpt>
   <trkpt lat="-29.8238720" lon="24.4244810">
    <ele>1104.0</ele>
   </trkpt>
   <trkpt lat="-29.8238770" lon="24.4244930">
    <ele>1104.0</ele>
   </trkpt>
   <trkpt lat="-29.8238860" lon="24.4245140">
    <ele>1104.0</ele>
   </trkpt>
   <trkpt lat="-29.8238880" lon="24.4245270">
    <ele>1104.0</ele>
   </trkpt>
   <trkpt lat="-29.8238890" lon="24.4245400">
    <ele>1104.0</ele>
   </trkpt>
   <trkpt lat="-29.8238910" lon="24.4245530">
    <ele>1104.0</ele>
   </trkpt>
   <trkpt lat="-29.8238900" lon="24.4245870">
    <ele>1104.0</ele>
   </trkpt>
   <trkpt lat="-29.8238850" lon="24.4246220">
    <ele>1103.9</ele>
   </trkpt>
   <trkpt lat="-29.8238730" lon="24.4246570">
    <ele>1103.9</ele>
   </trkpt>
   <trkpt lat="-29.8238630" lon="24.4246980">
    <ele>1103.9</ele>
   </trkpt>
   <trkpt lat="-29.8238490" lon="24.4247410">
    <ele>1103.9</ele>
   </trkpt>
   <trkpt lat="-29.8238370" lon="24.4247840">
    <ele>1103.9</ele>
   </trkpt>
   <trkpt lat="-29.8238250" lon="24.4248230">
    <ele>1104.0</ele>
   </trkpt>
   <trkpt lat="-29.8238310" lon="24.4248650">
    <ele>1104.0</ele>
   </trkpt>
   <trkpt lat="-29.8238210" lon="24.4249150">
    <ele>1104.1</ele>
   </trkpt>
   <trkpt lat="-29.8238180" lon="24.4249550">
    <ele>1104.1</ele>
   </trkpt>
   <trkpt lat="-29.8238170" lon="24.4249980">
    <ele>1104.2</ele>
   </trkpt>
   <trkpt lat="-29.8238100" lon="24.4250500">
    <ele>1104.2</ele>
   </trkpt>
   <trkpt lat="-29.8237990" lon="24.4250950">
    <ele>1104.3</ele>
   </trkpt>
   <trkpt lat="-29.8237940" lon="24.4251460">
    <ele>1104.3</ele>
   </trkpt>
   <trkpt lat="-29.8237690" lon="24.4251990">
    <ele>1104.4</ele>
   </trkpt>
   <trkpt lat="-29.8237560" lon="24.4252470">
    <ele>1104.4</ele>
   </trkpt>
   <trkpt lat="-29.8237450" lon="24.4252950">
    <ele>1104.5</ele>
   </trkpt>
   <trkpt lat="-29.8237270" lon="24.4253440">
    <ele>1104.5</ele>
   </trkpt>
   <trkpt lat="-29.8237140" lon="24.4253880">
    <ele>1104.6</ele>
   </trkpt>
   <trkpt lat="-29.8237120" lon="24.4254330">
    <ele>1104.6</ele>
   </trkpt>
   <trkpt lat="-29.8237080" lon="24.4254760">
    <ele>1104.7</ele>
   </trkpt>
   <trkpt lat="-29.8237020" lon="24.4255210">
    <ele>1104.8</ele>
   </trkpt>
   <trkpt lat="-29.8236930" lon="24.4255670">
    <ele>1104.9</ele>
   </trkpt>
   <trkpt lat="-29.8236850" lon="24.4256140">
    <ele>1104.9</ele>
   </trkpt>
   <trkpt lat="-29.8236700" lon="24.4256600">
    <ele>1104.9</ele>
   </trkpt>
   <trkpt lat="-29.8236620" lon="24.4256990">
    <ele>1104.8</ele>
   </trkpt>
   <trkpt lat="-29.8236440" lon="24.4257490">
    <ele>1104.6</ele>
   </trkpt>
   <trkpt lat="-29.8236360" lon="24.4257940">
    <ele>1104.4</ele>
   </trkpt>
   <trkpt lat="-29.8236230" lon="24.4258420">
    <ele>1104.2</ele>
   </trkpt>
   <trkpt lat="-29.8236080" lon="24.4258930">
    <ele>1104.1</ele>
   </trkpt>
   <trkpt lat="-29.8236020" lon="24.4259460">
    <ele>1103.9</ele>
   </trkpt>
   <trkpt lat="-29.8236000" lon="24.4259900">
    <ele>1103.8</ele>
   </trkpt>
   <trkpt lat="-29.8235900" lon="24.4260350">
    <ele>1103.6</ele>
   </trkpt>
   <trkpt lat="-29.8235730" lon="24.4260870">
    <ele>1103.4</ele>
   </trkpt>
   <trkpt lat="-29.8235650" lon="24.4261350">
    <ele>1103.3</ele>
   </trkpt>
   <trkpt lat="-29.8235600" lon="24.4261800">
    <ele>1103.1</ele>
   </trkpt>
   <trkpt lat="-29.8235550" lon="24.4262270">
    <ele>1103.0</ele>
   </trkpt>
   <trkpt lat="-29.8235710" lon="24.4261990">
    <ele>1102.9</ele>
   </trkpt>
   <trkpt lat="-29.8235500" lon="24.4262390">
    <ele>1102.7</ele>
   </trkpt>
   <trkpt lat="-29.8235410" lon="24.4262830">
    <ele>1102.6</ele>
   </trkpt>
   <trkpt lat="-29.8235330" lon="24.4263090">
    <ele>1102.5</ele>
   </trkpt>
   <trkpt lat="-29.8235280" lon="24.4263690">
    <ele>1102.3</ele>
   </trkpt>
   <trkpt lat="-29.8235230" lon="24.4264050">
    <ele>1102.2</ele>
   </trkpt>
   <trkpt lat="-29.8235020" lon="24.4264900">
    <ele>1102.0</ele>
   </trkpt>
   <trkpt lat="-29.8234850" lon="24.4265440">
    <ele>1101.9</ele>
   </trkpt>
   <trkpt lat="-29.8234740" lon="24.4266000">
    <ele>1101.9</ele>
   </trkpt>
   <trkpt lat="-29.8234660" lon="24.4266430">
    <ele>1101.9</ele>
   </trkpt>
   <trkpt lat="-29.8234580" lon="24.4266950">
    <ele>1101.9</ele>
   </trkpt>
   <trkpt lat="-29.8234520" lon="24.4267440">
    <ele>1101.9</ele>
   </trkpt>
   <trkpt lat="-29.8234470" lon="24.4267880">
    <ele>1101.8</ele>
   </trkpt>
   <trkpt lat="-29.8234390" lon="24.4268410">
    <ele>1101.8</ele>
   </trkpt>
   <trkpt lat="-29.8234280" lon="24.4268830">
    <ele>1101.8</ele>
   </trkpt>
   <trkpt lat="-29.8234210" lon="24.4269270">
    <ele>1101.7</ele>
   </trkpt>
   <trkpt lat="-29.8234170" lon="24.4269670">
    <ele>1101.7</ele>
   </trkpt>
   <trkpt lat="-29.8234130" lon="24.4270120">
    <ele>1101.6</ele>
   </trkpt>
   <trkpt lat="-29.8234100" lon="24.4270530">
    <ele>1101.5</ele>
   </trkpt>
   <trkpt lat="-29.8234010" lon="24.4270870">
    <ele>1101.4</ele>
   </trkpt>
   <trkpt lat="-29.8233990" lon="24.4270900">
    <ele>1101.4</ele>
   </trkpt>
   <trkpt lat="-29.8233880" lon="24.4271260">
    <ele>1101.3</ele>
   </trkpt>
   <trkpt lat="-29.8233790" lon="24.4271640">
    <ele>1101.1</ele>
   </trkpt>
   <trkpt lat="-29.8233720" lon="24.4271810">
    <ele>1101.1</ele>
   </trkpt>
   <trkpt lat="-29.8233750" lon="24.4272400">
    <ele>1101.1</ele>
   </trkpt>
   <trkpt lat="-29.8233700" lon="24.4273110">
    <ele>1101.2</ele>
   </trkpt>
   <trkpt lat="-29.8233710" lon="24.4273540">
    <ele>1101.3</ele>
   </trkpt>
   <trkpt lat="-29.8233960" lon="24.4274190">
    <ele>1101.4</ele>
   </trkpt>
   <trkpt lat="-29.8234200" lon="24.4274650">
    <ele>1101.5</ele>
   </trkpt>
   <trkpt lat="-29.8234450" lon="24.4275070">
    <ele>1101.5</ele>
   </trkpt>
   <trkpt lat="-29.8234710" lon="24.4275460">
    <ele>1101.6</ele>
   </trkpt>
   <trkpt lat="-29.8235000" lon="24.4275820">
    <ele>1101.6</ele>
   </trkpt>
   <trkpt lat="-29.8235310" lon="24.4276190">
    <ele>1101.7</ele>
   </trkpt>
   <trkpt lat="-29.8235600" lon="24.4276570">
    <ele>1101.7</ele>
   </trkpt>
   <trkpt lat="-29.8235920" lon="24.4276930">
    <ele>1101.7</ele>
   </trkpt>
   <trkpt lat="-29.8236210" lon="24.4277310">
    <ele>1101.8</ele>
   </trkpt>
   <trkpt lat="-29.8236440" lon="24.4277730">
    <ele>1101.9</ele>
   </trkpt>
   <trkpt lat="-29.8236690" lon="24.4278150">
    <ele>1101.9</ele>
   </trkpt>
   <trkpt lat="-29.8236900" lon="24.4278510">
    <ele>1102.0</ele>
   </trkpt>
   <trkpt lat="-29.8237120" lon="24.4278810">
    <ele>1102.0</ele>
   </trkpt>
   <trkpt lat="-29.8237310" lon="24.4279140">
    <ele>1102.0</ele>
   </trkpt>
   <trkpt lat="-29.8237590" lon="24.4279440">
    <ele>1102.1</ele>
   </trkpt>
   <trkpt lat="-29.8237810" lon="24.4279730">
    <ele>1102.2</ele>
   </trkpt>
   <trkpt lat="-29.8238030" lon="24.4280040">
    <ele>1102.2</ele>
   </trkpt>
   <trkpt lat="-29.8238300" lon="24.4280430">
    <ele>1102.3</ele>
   </trkpt>
   <trkpt lat="-29.8238560" lon="24.4280730">
    <ele>1102.4</ele>
   </trkpt>
   <trkpt lat="-29.8238770" lon="24.4280940">
    <ele>1102.5</ele>
   </trkpt>
   <trkpt lat="-29.8239070" lon="24.4281320">
    <ele>1102.6</ele>
   </trkpt>
   <trkpt lat="-29.8239340" lon="24.4281720">
    <ele>1102.6</ele>
   </trkpt>
   <trkpt lat="-29.8239470" lon="24.4281880">
    <ele>1102.6</ele>
   </trkpt>
   <trkpt lat="-29.8239780" lon="24.4282000">
    <ele>1102.7</ele>
   </trkpt>
   <trkpt lat="-29.8239910" lon="24.4282170">
    <ele>1102.7</ele>
   </trkpt>
   <trkpt lat="-29.8240230" lon="24.4282610">
    <ele>1102.8</ele>
   </trkpt>
   <trkpt lat="-29.8240520" lon="24.4282960">
    <ele>1102.8</ele>
   </trkpt>
   <trkpt lat="-29.8240890" lon="24.4283300">
    <ele>1102.8</ele>
   </trkpt>
   <trkpt lat="-29.8241240" lon="24.4283840">
    <ele>1102.8</ele>
   </trkpt>
   <trkpt lat="-29.8241680" lon="24.4284070">
    <ele>1102.7</ele>
   </trkpt>
   <trkpt lat="-29.8241850" lon="24.4284270">
    <ele>1102.7</ele>
   </trkpt>
   <trkpt lat="-29.8242180" lon="24.4284700">
    <ele>1102.7</ele>
   </trkpt>
   <trkpt lat="-29.8242470" lon="24.4285100">
    <ele>1102.7</ele>
   </trkpt>
   <trkpt lat="-29.8242770" lon="24.4285600">
    <ele>1102.7</ele>
   </trkpt>
   <trkpt lat="-29.8243040" lon="24.4285980">
    <ele>1102.8</ele>
   </trkpt>
   <trkpt lat="-29.8243300" lon="24.4286340">
    <ele>1102.8</ele>
   </trkpt>
   <trkpt lat="-29.8243490" lon="24.4286710">
    <ele>1102.8</ele>
   </trkpt>
   <trkpt lat="-29.8243550" lon="24.4286840">
    <ele>1102.9</ele>
   </trkpt>
   <trkpt lat="-29.8243620" lon="24.4287200">
    <ele>1102.9</ele>
   </trkpt>
   <trkpt lat="-29.8243460" lon="24.4287730">
    <ele>1102.9</ele>
   </trkpt>
   <trkpt lat="-29.8243400" lon="24.4288050">
    <ele>1102.9</ele>
   </trkpt>
   <trkpt lat="-29.8243230" lon="24.4288570">
    <ele>1102.8</ele>
   </trkpt>
   <trkpt lat="-29.8243000" lon="24.4289150">
    <ele>1102.6</ele>
   </trkpt>
   <trkpt lat="-29.8242760" lon="24.4289460">
    <ele>1102.5</ele>
   </trkpt>
   <trkpt lat="-29.8242280" lon="24.4289770">
    <ele>1102.4</ele>
   </trkpt>
   <trkpt lat="-29.8241940" lon="24.4290090">
    <ele>1102.3</ele>
   </trkpt>
   <trkpt lat="-29.8241630" lon="24.4290380">
    <ele>1102.2</ele>
   </trkpt>
   <trkpt lat="-29.8241460" lon="24.4290660">
    <ele>1102.1</ele>
   </trkpt>
   <trkpt lat="-29.8241080" lon="24.4290890">
    <ele>1102.0</ele>
   </trkpt>
   <trkpt lat="-29.8240710" lon="24.4291130">
    <ele>1102.0</ele>
   </trkpt>
   <trkpt lat="-29.8240310" lon="24.4291400">
    <ele>1101.9</ele>
   </trkpt>
   <trkpt lat="-29.8240020" lon="24.4291770">
    <ele>1101.8</ele>
   </trkpt>
   <trkpt lat="-29.8239710" lon="24.4292150">
    <ele>1101.7</ele>
   </trkpt>
   <trkpt lat="-29.8239440" lon="24.4292520">
    <ele>1101.6</ele>
   </trkpt>
   <trkpt lat="-29.8239130" lon="24.4292960">
    <ele>1101.6</ele>
   </trkpt>
   <trkpt lat="-29.8238830" lon="24.4293320">
    <ele>1101.5</ele>
   </trkpt>
   <trkpt lat="-29.8238470" lon="24.4293650">
    <ele>1101.4</ele>
   </trkpt>
   <trkpt lat="-29.8238130" lon="24.4293920">
    <ele>1101.4</ele>
   </trkpt>
   <trkpt lat="-29.8237890" lon="24.4294290">
    <ele>1101.3</ele>
   </trkpt>
   <trkpt lat="-29.8237570" lon="24.4294590">
    <ele>1101.3</ele>
   </trkpt>
   <trkpt lat="-29.8237100" lon="24.4294970">
    <ele>1101.2</ele>
   </trkpt>
   <trkpt lat="-29.8236800" lon="24.4295300">
    <ele>1101.1</ele>
   </trkpt>
   <trkpt lat="-29.8236420" lon="24.4295710">
    <ele>1101.1</ele>
   </trkpt>
   <trkpt lat="-29.8236150" lon="24.4296100">
    <ele>1101.0</ele>
   </trkpt>
   <trkpt lat="-29.8235750" lon="24.4296470">
    <ele>1100.9</ele>
   </trkpt>
   <trkpt lat="-29.8235390" lon="24.4296850">
    <ele>1100.8</ele>
   </trkpt>
   <trkpt lat="-29.8235010" lon="24.4297200">
    <ele>1100.8</ele>
   </trkpt>
   <trkpt lat="-29.8234610" lon="24.4297550">
    <ele>1100.7</ele>
   </trkpt>
   <trkpt lat="-29.8234200" lon="24.4297890">
    <ele>1100.6</ele>
   </trkpt>
   <trkpt lat="-29.8233850" lon="24.4298250">
    <ele>1100.6</ele>
   </trkpt>
   <trkpt lat="-29.8233620" lon="24.4298580">
    <ele>1100.5</ele>
   </trkpt>
   <trkpt lat="-29.8233320" lon="24.4298940">
    <ele>1100.5</ele>
   </trkpt>
   <trkpt lat="-29.8233000" lon="24.4299290">
    <ele>1100.4</ele>
   </trkpt>
   <trkpt lat="-29.8232670" lon="24.4299610">
    <ele>1100.4</ele>
   </trkpt>
   <trkpt lat="-29.8232300" lon="24.4300000">
    <ele>1100.4</ele>
   </trkpt>
   <trkpt lat="-29.8231940" lon="24.4300430">
    <ele>1100.4</ele>
   </trkpt>
   <trkpt lat="-29.8231570" lon="24.4300770">
    <ele>1100.4</ele>
   </trkpt>
   <trkpt lat="-29.8231270" lon="24.4301100">
    <ele>1100.4</ele>
   </trkpt>
   <trkpt lat="-29.8230880" lon="24.4301440">
    <ele>1100.4</ele>
   </trkpt>
   <trkpt lat="-29.8230540" lon="24.4301790">
    <ele>1100.4</ele>
   </trkpt>
   <trkpt lat="-29.8230150" lon="24.4302050">
    <ele>1100.4</ele>
   </trkpt>
   <trkpt lat="-29.8229810" lon="24.4302450">
    <ele>1100.4</ele>
   </trkpt>
   <trkpt lat="-29.8229480" lon="24.4302800">
    <ele>1100.3</ele>
   </trkpt>
   <trkpt lat="-29.8229200" lon="24.4303170">
    <ele>1100.3</ele>
   </trkpt>
   <trkpt lat="-29.8228950" lon="24.4303540">
    <ele>1100.2</ele>
   </trkpt>
   <trkpt lat="-29.8228570" lon="24.4303870">
    <ele>1100.2</ele>
   </trkpt>
   <trkpt lat="-29.8228230" lon="24.4304220">
    <ele>1100.2</ele>
   </trkpt>
   <trkpt lat="-29.8227900" lon="24.4304500">
    <ele>1100.1</ele>
   </trkpt>
   <trkpt lat="-29.8227560" lon="24.4304900">
    <ele>1100.1</ele>
   </trkpt>
   <trkpt lat="-29.8227240" lon="24.4305270">
    <ele>1100.1</ele>
   </trkpt>
   <trkpt lat="-29.8226870" lon="24.4305610">
    <ele>1100.1</ele>
   </trkpt>
   <trkpt lat="-29.8226520" lon="24.4305960">
    <ele>1100.0</ele>
   </trkpt>
   <trkpt lat="-29.8226180" lon="24.4306310">
    <ele>1100.0</ele>
   </trkpt>
   <trkpt lat="-29.8225840" lon="24.4306720">
    <ele>1099.9</ele>
   </trkpt>
   <trkpt lat="-29.8225470" lon="24.4307080">
    <ele>1099.9</ele>
   </trkpt>
   <trkpt lat="-29.8225140" lon="24.4307420">
    <ele>1099.8</ele>
   </trkpt>
   <trkpt lat="-29.8224880" lon="24.4307740">
    <ele>1099.8</ele>
   </trkpt>
   <trkpt lat="-29.8224570" lon="24.4308160">
    <ele>1099.7</ele>
   </trkpt>
   <trkpt lat="-29.8224160" lon="24.4308550">
    <ele>1099.7</ele>
   </trkpt>
   <trkpt lat="-29.8223820" lon="24.4308880">
    <ele>1099.6</ele>
   </trkpt>
   <trkpt lat="-29.8223470" lon="24.4309160">
    <ele>1099.6</ele>
   </trkpt>
   <trkpt lat="-29.8223160" lon="24.4309540">
    <ele>1099.5</ele>
   </trkpt>
   <trkpt lat="-29.8222800" lon="24.4309910">
    <ele>1099.5</ele>
   </trkpt>
   <trkpt lat="-29.8222440" lon="24.4310300">
    <ele>1099.4</ele>
   </trkpt>
   <trkpt lat="-29.8222100" lon="24.4310650">
    <ele>1099.4</ele>
   </trkpt>
   <trkpt lat="-29.8221750" lon="24.4310980">
    <ele>1099.4</ele>
   </trkpt>
   <trkpt lat="-29.8221430" lon="24.4311320">
    <ele>1099.4</ele>
   </trkpt>
   <trkpt lat="-29.8221010" lon="24.4311670">
    <ele>1099.3</ele>
   </trkpt>
   <trkpt lat="-29.8220900" lon="24.4311870">
    <ele>1099.3</ele>
   </trkpt>
   <trkpt lat="-29.8220760" lon="24.4311980">
    <ele>1099.3</ele>
   </trkpt>
   <trkpt lat="-29.8220630" lon="24.4312100">
    <ele>1099.3</ele>
   </trkpt>
   <trkpt lat="-29.8220490" lon="24.4312440">
    <ele>1099.3</ele>
   </trkpt>
   <trkpt lat="-29.8220150" lon="24.4312770">
    <ele>1099.3</ele>
   </trkpt>
   <trkpt lat="-29.8219980" lon="24.4312980">
    <ele>1099.3</ele>
   </trkpt>
   <trkpt lat="-29.8219770" lon="24.4313330">
    <ele>1099.3</ele>
   </trkpt>
   <trkpt lat="-29.8219620" lon="24.4313460">
    <ele>1099.3</ele>
   </trkpt>
   <trkpt lat="-29.8219320" lon="24.4313730">
    <ele>1099.3</ele>
   </trkpt>
   <trkpt lat="-29.8218990" lon="24.4314200">
    <ele>1099.3</ele>
   </trkpt>
   <trkpt lat="-29.8218820" lon="24.4314430">
    <ele>1099.3</ele>
   </trkpt>
   <trkpt lat="-29.8218420" lon="24.4314730">
    <ele>1099.3</ele>
   </trkpt>
   <trkpt lat="-29.8218170" lon="24.4314950">
    <ele>1099.4</ele>
   </trkpt>
   <trkpt lat="-29.8217880" lon="24.4315300">
    <ele>1099.4</ele>
   </trkpt>
   <trkpt lat="-29.8217730" lon="24.4315460">
    <ele>1099.4</ele>
   </trkpt>
   <trkpt lat="-29.8217450" lon="24.4315670">
    <ele>1099.3</ele>
   </trkpt>
   <trkpt lat="-29.8217240" lon="24.4316050">
    <ele>1099.3</ele>
   </trkpt>
   <trkpt lat="-29.8216870" lon="24.4316420">
    <ele>1099.3</ele>
   </trkpt>
   <trkpt lat="-29.8216630" lon="24.4316950">
    <ele>1099.2</ele>
   </trkpt>
   <trkpt lat="-29.8216510" lon="24.4317220">
    <ele>1099.1</ele>
   </trkpt>
   <trkpt lat="-29.8216210" lon="24.4317370">
    <ele>1099.1</ele>
   </trkpt>
   <trkpt lat="-29.8215890" lon="24.4317600">
    <ele>1099.0</ele>
   </trkpt>
   <trkpt lat="-29.8215570" lon="24.4318160">
    <ele>1098.9</ele>
   </trkpt>
   <trkpt lat="-29.8215290" lon="24.4318410">
    <ele>1098.8</ele>
   </trkpt>
   <trkpt lat="-29.8215170" lon="24.4318590">
    <ele>1098.8</ele>
   </trkpt>
   <trkpt lat="-29.8215180" lon="24.4319070">
    <ele>1098.7</ele>
   </trkpt>
   <trkpt lat="-29.8214680" lon="24.4319550">
    <ele>1098.6</ele>
   </trkpt>
   <trkpt lat="-29.8214340" lon="24.4319790">
    <ele>1098.5</ele>
   </trkpt>
   <trkpt lat="-29.8213960" lon="24.4320270">
    <ele>1098.4</ele>
   </trkpt>
   <trkpt lat="-29.8213700" lon="24.4320620">
    <ele>1098.3</ele>
   </trkpt>
   <trkpt lat="-29.8213560" lon="24.4320860">
    <ele>1098.3</ele>
   </trkpt>
   <trkpt lat="-29.8213460" lon="24.4321030">
    <ele>1098.3</ele>
   </trkpt>
   <trkpt lat="-29.8213070" lon="24.4321450">
    <ele>1098.1</ele>
   </trkpt>
   <trkpt lat="-29.8212680" lon="24.4322110">
    <ele>1098.0</ele>
   </trkpt>
   <trkpt lat="-29.8212430" lon="24.4322520">
    <ele>1097.9</ele>
   </trkpt>
   <trkpt lat="-29.8211700" lon="24.4323030">
    <ele>1097.9</ele>
   </trkpt>
   <trkpt lat="-29.8211180" lon="24.4323150">
    <ele>1097.9</ele>
   </trkpt>
   <trkpt lat="-29.8210430" lon="24.4323790">
    <ele>1097.8</ele>
   </trkpt>
   <trkpt lat="-29.8209340" lon="24.4324510">
    <ele>1097.5</ele>
   </trkpt>
   <trkpt lat="-29.8208960" lon="24.4324960">
    <ele>1097.5</ele>
   </trkpt>
   <trkpt lat="-29.8208710" lon="24.4325270">
    <ele>1097.5</ele>
   </trkpt>
   <trkpt lat="-29.8208250" lon="24.4325570">
    <ele>1097.4</ele>
   </trkpt>
   <trkpt lat="-29.8207700" lon="24.4325890">
    <ele>1097.4</ele>
   </trkpt>
   <trkpt lat="-29.8207160" lon="24.4326260">
    <ele>1097.3</ele>
   </trkpt>
   <trkpt lat="-29.8206760" lon="24.4326460">
    <ele>1097.2</ele>
   </trkpt>
   <trkpt lat="-29.8206190" lon="24.4327230">
    <ele>1097.2</ele>
   </trkpt>
   <trkpt lat="-29.8205510" lon="24.4328000">
    <ele>1097.2</ele>
   </trkpt>
   <trkpt lat="-29.8203550" lon="24.4329240">
    <ele>1097.0</ele>
   </trkpt>
   <trkpt lat="-29.8203370" lon="24.4329420">
    <ele>1097.0</ele>
   </trkpt>
   <trkpt lat="-29.8203120" lon="24.4330180">
    <ele>1096.9</ele>
   </trkpt>
   <trkpt lat="-29.8202630" lon="24.4330180">
    <ele>1096.8</ele>
   </trkpt>
   <trkpt lat="-29.8202240" lon="24.4330640">
    <ele>1096.7</ele>
   </trkpt>
   <trkpt lat="-29.8201870" lon="24.4331050">
    <ele>1096.6</ele>
   </trkpt>
   <trkpt lat="-29.8201470" lon="24.4331420">
    <ele>1096.5</ele>
   </trkpt>
   <trkpt lat="-29.8201050" lon="24.4331790">
    <ele>1096.4</ele>
   </trkpt>
   <trkpt lat="-29.8200660" lon="24.4332230">
    <ele>1096.3</ele>
   </trkpt>
   <trkpt lat="-29.8200290" lon="24.4332620">
    <ele>1096.2</ele>
   </trkpt>
   <trkpt lat="-29.8199880" lon="24.4333000">
    <ele>1096.2</ele>
   </trkpt>
   <trkpt lat="-29.8199490" lon="24.4333390">
    <ele>1096.1</ele>
   </trkpt>
   <trkpt lat="-29.8199110" lon="24.4333800">
    <ele>1096.0</ele>
   </trkpt>
   <trkpt lat="-29.8198700" lon="24.4334180">
    <ele>1096.0</ele>
   </trkpt>
   <trkpt lat="-29.8198320" lon="24.4334550">
    <ele>1096.0</ele>
   </trkpt>
   <trkpt lat="-29.8197960" lon="24.4335070">
    <ele>1095.9</ele>
   </trkpt>
   <trkpt lat="-29.8197550" lon="24.4335420">
    <ele>1095.9</ele>
   </trkpt>
   <trkpt lat="-29.8197190" lon="24.4335800">
    <ele>1095.8</ele>
   </trkpt>
   <trkpt lat="-29.8196780" lon="24.4336190">
    <ele>1095.8</ele>
   </trkpt>
   <trkpt lat="-29.8196350" lon="24.4336580">
    <ele>1095.7</ele>
   </trkpt>
   <trkpt lat="-29.8196530" lon="24.4336530">
    <ele>1095.6</ele>
   </trkpt>
   <trkpt lat="-29.8196180" lon="24.4336930">
    <ele>1095.6</ele>
   </trkpt>
   <trkpt lat="-29.8196500" lon="24.4337450">
    <ele>1095.6</ele>
   </trkpt>
   <trkpt lat="-29.8195890" lon="24.4337510">
    <ele>1095.6</ele>
   </trkpt>
   <trkpt lat="-29.8195540" lon="24.4337930">
    <ele>1095.6</ele>
   </trkpt>
   <trkpt lat="-29.8195230" lon="24.4338100">
    <ele>1095.6</ele>
   </trkpt>
   <trkpt lat="-29.8195000" lon="24.4338490">
    <ele>1095.6</ele>
   </trkpt>
   <trkpt lat="-29.8194670" lon="24.4338800">
    <ele>1095.6</ele>
   </trkpt>
   <trkpt lat="-29.8194020" lon="24.4339440">
    <ele>1095.6</ele>
   </trkpt>
   <trkpt lat="-29.8193750" lon="24.4339600">
    <ele>1095.6</ele>
   </trkpt>
   <trkpt lat="-29.8193360" lon="24.4340300">
    <ele>1095.7</ele>
   </trkpt>
   <trkpt lat="-29.8193060" lon="24.4340380">
    <ele>1095.7</ele>
   </trkpt>
   <trkpt lat="-29.8192650" lon="24.4340770">
    <ele>1095.7</ele>
   </trkpt>
   <trkpt lat="-29.8192260" lon="24.4341220">
    <ele>1095.6</ele>
   </trkpt>
   <trkpt lat="-29.8192040" lon="24.4341490">
    <ele>1095.6</ele>
   </trkpt>
   <trkpt lat="-29.8191830" lon="24.4341890">
    <ele>1095.6</ele>
   </trkpt>
   <trkpt lat="-29.8191700" lon="24.4342060">
    <ele>1095.6</ele>
   </trkpt>
   <trkpt lat="-29.8191240" lon="24.4342320">
    <ele>1095.5</ele>
   </trkpt>
   <trkpt lat="-29.8191000" lon="24.4342580">
    <ele>1095.5</ele>
   </trkpt>
   <trkpt lat="-29.8190730" lon="24.4342920">
    <ele>1095.5</ele>
   </trkpt>
   <trkpt lat="-29.8190420" lon="24.4343150">
    <ele>1095.5</ele>
   </trkpt>
   <trkpt lat="-29.8190110" lon="24.4343450">
    <ele>1095.4</ele>
   </trkpt>
   <trkpt lat="-29.8189760" lon="24.4343940">
    <ele>1095.4</ele>
   </trkpt>
   <trkpt lat="-29.8189370" lon="24.4344220">
    <ele>1095.5</ele>
   </trkpt>
   <trkpt lat="-29.8189220" lon="24.4344370">
    <ele>1095.5</ele>
   </trkpt>
   <trkpt lat="-29.8188920" lon="24.4344660">
    <ele>1095.5</ele>
   </trkpt>
   <trkpt lat="-29.8188660" lon="24.4344970">
    <ele>1095.5</ele>
   </trkpt>
   <trkpt lat="-29.8188260" lon="24.4345410">
    <ele>1095.5</ele>
   </trkpt>
   <trkpt lat="-29.8187960" lon="24.4345970">
    <ele>1095.4</ele>
   </trkpt>
   <trkpt lat="-29.8187810" lon="24.4346310">
    <ele>1095.4</ele>
   </trkpt>
   <trkpt lat="-29.8187670" lon="24.4346550">
    <ele>1095.4</ele>
   </trkpt>
   <trkpt lat="-29.8187620" lon="24.4346750">
    <ele>1095.4</ele>
   </trkpt>
   <trkpt lat="-29.8187450" lon="24.4347040">
    <ele>1095.4</ele>
   </trkpt>
   <trkpt lat="-29.8187230" lon="24.4347330">
    <ele>1095.4</ele>
   </trkpt>
   <trkpt lat="-29.8187010" lon="24.4347670">
    <ele>1095.4</ele>
   </trkpt>
   <trkpt lat="-29.8186820" lon="24.4348140">
    <ele>1095.4</ele>
   </trkpt>
   <trkpt lat="-29.8186710" lon="24.4348390">
    <ele>1095.4</ele>
   </trkpt>
   <trkpt lat="-29.8186420" lon="24.4348690">
    <ele>1095.4</ele>
   </trkpt>
   <trkpt lat="-29.8186340" lon="24.4348900">
    <ele>1095.4</ele>
   </trkpt>
   <trkpt lat="-29.8186040" lon="24.4349220">
    <ele>1095.4</ele>
   </trkpt>
   <trkpt lat="-29.8185770" lon="24.4349410">
    <ele>1095.5</ele>
   </trkpt>
   <trkpt lat="-29.8185400" lon="24.4349890">
    <ele>1095.5</ele>
   </trkpt>
   <trkpt lat="-29.8185100" lon="24.4350340">
    <ele>1095.6</ele>
   </trkpt>
   <trkpt lat="-29.8184890" lon="24.4350620">
    <ele>1095.6</ele>
   </trkpt>
   <trkpt lat="-29.8184590" lon="24.4350730">
    <ele>1095.7</ele>
   </trkpt>
   <trkpt lat="-29.8184280" lon="24.4351020">
    <ele>1095.7</ele>
   </trkpt>
   <trkpt lat="-29.8183950" lon="24.4351310">
    <ele>1095.8</ele>
   </trkpt>
   <trkpt lat="-29.8183680" lon="24.4351840">
    <ele>1095.9</ele>
   </trkpt>
   <trkpt lat="-29.8183530" lon="24.4352100">
    <ele>1095.9</ele>
   </trkpt>
   <trkpt lat="-29.8183270" lon="24.4352400">
    <ele>1096.0</ele>
   </trkpt>
   <trkpt lat="-29.8183180" lon="24.4352550">
    <ele>1096.0</ele>
   </trkpt>
   <trkpt lat="-29.8182820" lon="24.4352900">
    <ele>1096.0</ele>
   </trkpt>
   <trkpt lat="-29.8182370" lon="24.4353290">
    <ele>1096.0</ele>
   </trkpt>
   <trkpt lat="-29.8182130" lon="24.4353480">
    <ele>1096.0</ele>
   </trkpt>
   <trkpt lat="-29.8181570" lon="24.4353950">
    <ele>1096.0</ele>
   </trkpt>
   <trkpt lat="-29.8181220" lon="24.4354410">
    <ele>1096.0</ele>
   </trkpt>
   <trkpt lat="-29.8180850" lon="24.4354910">
    <ele>1096.1</ele>
   </trkpt>
   <trkpt lat="-29.8180370" lon="24.4355360">
    <ele>1096.1</ele>
   </trkpt>
   <trkpt lat="-29.8179460" lon="24.4355840">
    <ele>1096.1</ele>
   </trkpt>
   <trkpt lat="-29.8178800" lon="24.4356260">
    <ele>1096.2</ele>
   </trkpt>
   <trkpt lat="-29.8178020" lon="24.4356640">
    <ele>1096.3</ele>
   </trkpt>
   <trkpt lat="-29.8177440" lon="24.4356970">
    <ele>1096.3</ele>
   </trkpt>
   <trkpt lat="-29.8177030" lon="24.4357260">
    <ele>1096.4</ele>
   </trkpt>
   <trkpt lat="-29.8176870" lon="24.4357580">
    <ele>1096.5</ele>
   </trkpt>
   <trkpt lat="-29.8176760" lon="24.4357930">
    <ele>1096.5</ele>
   </trkpt>
   <trkpt lat="-29.8176780" lon="24.4358060">
    <ele>1096.5</ele>
   </trkpt>
   <trkpt lat="-29.8176820" lon="24.4358220">
    <ele>1096.5</ele>
   </trkpt>
   <trkpt lat="-29.8176900" lon="24.4358380">
    <ele>1096.5</ele>
   </trkpt>
   <trkpt lat="-29.8177120" lon="24.4358650">
    <ele>1096.5</ele>
   </trkpt>
   <trkpt lat="-29.8177170" lon="24.4358760">
    <ele>1096.5</ele>
   </trkpt>
   <trkpt lat="-29.8177220" lon="24.4358860">
    <ele>1096.5</ele>
   </trkpt>
   <trkpt lat="-29.8177270" lon="24.4358970">
    <ele>1096.5</ele>
   </trkpt>
   <trkpt lat="-29.8177320" lon="24.4359070">
    <ele>1096.5</ele>
   </trkpt>
   <trkpt lat="-29.8177370" lon="24.4359180">
    <ele>1096.5</ele>
   </trkpt>
   <trkpt lat="-29.8177420" lon="24.4359280">
    <ele>1096.5</ele>
   </trkpt>
   <trkpt lat="-29.8177460" lon="24.4359380">
    <ele>1096.5</ele>
   </trkpt>
   <trkpt lat="-29.8177510" lon="24.4359490">
    <ele>1096.5</ele>
   </trkpt>
   <trkpt lat="-29.8177560" lon="24.4359590">
    <ele>1096.5</ele>
   </trkpt>
   <trkpt lat="-29.8177610" lon="24.4359700">
    <ele>1096.5</ele>
   </trkpt>
   <trkpt lat="-29.8177660" lon="24.4359800">
    <ele>1096.5</ele>
   </trkpt>
   <trkpt lat="-29.8177710" lon="24.4359910">
    <ele>1096.5</ele>
   </trkpt>
   <trkpt lat="-29.8177760" lon="24.4360010">
    <ele>1096.5</ele>
   </trkpt>
   <trkpt lat="-29.8178000" lon="24.4360490">
    <ele>1096.5</ele>
   </trkpt>
   <trkpt lat="-29.8178360" lon="24.4360950">
    <ele>1096.5</ele>
   </trkpt>
   <trkpt lat="-29.8178700" lon="24.4361490">
    <ele>1096.4</ele>
   </trkpt>
   <trkpt lat="-29.8179170" lon="24.4362070">
    <ele>1096.4</ele>
   </trkpt>
   <trkpt lat="-29.8179560" lon="24.4362670">
    <ele>1096.4</ele>
   </trkpt>
   <trkpt lat="-29.8179830" lon="24.4363230">
    <ele>1096.4</ele>
   </trkpt>
   <trkpt lat="-29.8180400" lon="24.4363990">
    <ele>1096.4</ele>
   </trkpt>
   <trkpt lat="-29.8180960" lon="24.4364720">
    <ele>1096.4</ele>
   </trkpt>
   <trkpt lat="-29.8181490" lon="24.4365480">
    <ele>1096.4</ele>
   </trkpt>
   <trkpt lat="-29.8182070" lon="24.4366300">
    <ele>1096.3</ele>
   </trkpt>
   <trkpt lat="-29.8182650" lon="24.4367080">
    <ele>1096.3</ele>
   </trkpt>
   <trkpt lat="-29.8183210" lon="24.4367900">
    <ele>1096.3</ele>
   </trkpt>
   <trkpt lat="-29.8183740" lon="24.4368710">
    <ele>1096.3</ele>
   </trkpt>
   <trkpt lat="-29.8184280" lon="24.4369520">
    <ele>1096.3</ele>
   </trkpt>
   <trkpt lat="-29.8184790" lon="24.4370310">
    <ele>1096.3</ele>
   </trkpt>
   <trkpt lat="-29.8185360" lon="24.4371110">
    <ele>1096.4</ele>
   </trkpt>
   <trkpt lat="-29.8185920" lon="24.4371870">
    <ele>1096.4</ele>
   </trkpt>
   <trkpt lat="-29.8186410" lon="24.4372660">
    <ele>1096.3</ele>
   </trkpt>
   <trkpt lat="-29.8186980" lon="24.4373420">
    <ele>1096.3</ele>
   </trkpt>
   <trkpt lat="-29.8187530" lon="24.4374260">
    <ele>1096.2</ele>
   </trkpt>
   <trkpt lat="-29.8188100" lon="24.4375140">
    <ele>1096.1</ele>
   </trkpt>
   <trkpt lat="-29.8188620" lon="24.4376000">
    <ele>1096.1</ele>
   </trkpt>
   <trkpt lat="-29.8189100" lon="24.4376890">
    <ele>1096.0</ele>
   </trkpt>
   <trkpt lat="-29.8189550" lon="24.4377780">
    <ele>1095.9</ele>
   </trkpt>
   <trkpt lat="-29.8189920" lon="24.4378670">
    <ele>1095.8</ele>
   </trkpt>
   <trkpt lat="-29.8190260" lon="24.4379600">
    <ele>1095.8</ele>
   </trkpt>
   <trkpt lat="-29.8190510" lon="24.4380590">
    <ele>1095.7</ele>
   </trkpt>
   <trkpt lat="-29.8190750" lon="24.4381670">
    <ele>1095.6</ele>
   </trkpt>
   <trkpt lat="-29.8190960" lon="24.4382770">
    <ele>1095.5</ele>
   </trkpt>
   <trkpt lat="-29.8191060" lon="24.4383890">
    <ele>1095.4</ele>
   </trkpt>
   <trkpt lat="-29.8191260" lon="24.4385110">
    <ele>1095.2</ele>
   </trkpt>
   <trkpt lat="-29.8191360" lon="24.4386320">
    <ele>1095.1</ele>
   </trkpt>
   <trkpt lat="-29.8191520" lon="24.4387470">
    <ele>1094.9</ele>
   </trkpt>
   <trkpt lat="-29.8191710" lon="24.4388650">
    <ele>1094.8</ele>
   </trkpt>
   <trkpt lat="-29.8191900" lon="24.4389860">
    <ele>1094.7</ele>
   </trkpt>
   <trkpt lat="-29.8192070" lon="24.4391140">
    <ele>1094.7</ele>
   </trkpt>
   <trkpt lat="-29.8192240" lon="24.4392450">
    <ele>1094.6</ele>
   </trkpt>
   <trkpt lat="-29.8192400" lon="24.4393760">
    <ele>1094.6</ele>
   </trkpt>
   <trkpt lat="-29.8192500" lon="24.4395010">
    <ele>1094.6</ele>
   </trkpt>
   <trkpt lat="-29.8192630" lon="24.4396160">
    <ele>1094.6</ele>
   </trkpt>
   <trkpt lat="-29.8192730" lon="24.4397140">
    <ele>1094.5</ele>
   </trkpt>
   <trkpt lat="-29.8192830" lon="24.4397890">
    <ele>1094.6</ele>
   </trkpt>
   <trkpt lat="-29.8192890" lon="24.4398470">
    <ele>1094.7</ele>
   </trkpt>
   <trkpt lat="-29.8192970" lon="24.4399120">
    <ele>1095.0</ele>
   </trkpt>
   <trkpt lat="-29.8193070" lon="24.4399740">
    <ele>1095.2</ele>
   </trkpt>
   <trkpt lat="-29.8193190" lon="24.4400450">
    <ele>1095.5</ele>
   </trkpt>
   <trkpt lat="-29.8193330" lon="24.4401250">
    <ele>1095.9</ele>
   </trkpt>
   <trkpt lat="-29.8193460" lon="24.4402090">
    <ele>1096.4</ele>
   </trkpt>
   <trkpt lat="-29.8193610" lon="24.4402940">
    <ele>1096.9</ele>
   </trkpt>
   <trkpt lat="-29.8193780" lon="24.4403780">
    <ele>1097.3</ele>
   </trkpt>
   <trkpt lat="-29.8193930" lon="24.4404440">
    <ele>1097.7</ele>
   </trkpt>
   <trkpt lat="-29.8194090" lon="24.4405140">
    <ele>1097.9</ele>
   </trkpt>
   <trkpt lat="-29.8194310" lon="24.4405880">
    <ele>1098.1</ele>
   </trkpt>
   <trkpt lat="-29.8194520" lon="24.4406650">
    <ele>1098.1</ele>
   </trkpt>
   <trkpt lat="-29.8194720" lon="24.4407410">
    <ele>1098.1</ele>
   </trkpt>
   <trkpt lat="-29.8194850" lon="24.4408280">
    <ele>1098.1</ele>
   </trkpt>
   <trkpt lat="-29.8194960" lon="24.4409270">
    <ele>1098.1</ele>
   </trkpt>
   <trkpt lat="-29.8195050" lon="24.4410380">
    <ele>1098.1</ele>
   </trkpt>
   <trkpt lat="-29.8195190" lon="24.4411580">
    <ele>1098.2</ele>
   </trkpt>
   <trkpt lat="-29.8195290" lon="24.4412770">
    <ele>1098.4</ele>
   </trkpt>
   <trkpt lat="-29.8195320" lon="24.4413950">
    <ele>1098.7</ele>
   </trkpt>
   <trkpt lat="-29.8195360" lon="24.4415140">
    <ele>1099.1</ele>
   </trkpt>
   <trkpt lat="-29.8195410" lon="24.4416280">
    <ele>1099.6</ele>
   </trkpt>
   <trkpt lat="-29.8195450" lon="24.4417400">
    <ele>1100.1</ele>
   </trkpt>
   <trkpt lat="-29.8195470" lon="24.4418510">
    <ele>1100.6</ele>
   </trkpt>
   <trkpt lat="-29.8195560" lon="24.4419460">
    <ele>1101.0</ele>
   </trkpt>
   <trkpt lat="-29.8195660" lon="24.4420510">
    <ele>1101.4</ele>
   </trkpt>
   <trkpt lat="-29.8195700" lon="24.4421550">
    <ele>1101.7</ele>
   </trkpt>
   <trkpt lat="-29.8195750" lon="24.4422670">
    <ele>1102.1</ele>
   </trkpt>
   <trkpt lat="-29.8195820" lon="24.4423760">
    <ele>1102.4</ele>
   </trkpt>
   <trkpt lat="-29.8195870" lon="24.4424840">
    <ele>1102.6</ele>
   </trkpt>
   <trkpt lat="-29.8195940" lon="24.4425930">
    <ele>1102.9</ele>
   </trkpt>
   <trkpt lat="-29.8195980" lon="24.4427040">
    <ele>1103.2</ele>
   </trkpt>
   <trkpt lat="-29.8196010" lon="24.4428140">
    <ele>1103.5</ele>
   </trkpt>
   <trkpt lat="-29.8196080" lon="24.4429290">
    <ele>1103.8</ele>
   </trkpt>
   <trkpt lat="-29.8196160" lon="24.4430490">
    <ele>1104.0</ele>
   </trkpt>
   <trkpt lat="-29.8196220" lon="24.4431720">
    <ele>1104.2</ele>
   </trkpt>
   <trkpt lat="-29.8196300" lon="24.4432970">
    <ele>1104.4</ele>
   </trkpt>
   <trkpt lat="-29.8196370" lon="24.4434220">
    <ele>1104.6</ele>
   </trkpt>
   <trkpt lat="-29.8196450" lon="24.4435460">
    <ele>1104.9</ele>
   </trkpt>
   <trkpt lat="-29.8196540" lon="24.4436650">
    <ele>1105.1</ele>
   </trkpt>
   <trkpt lat="-29.8196590" lon="24.4437900">
    <ele>1105.3</ele>
   </trkpt>
   <trkpt lat="-29.8196660" lon="24.4439170">
    <ele>1105.6</ele>
   </trkpt>
   <trkpt lat="-29.8196740" lon="24.4440440">
    <ele>1105.9</ele>
   </trkpt>
   <trkpt lat="-29.8196820" lon="24.4441670">
    <ele>1106.2</ele>
   </trkpt>
   <trkpt lat="-29.8196890" lon="24.4442840">
    <ele>1106.5</ele>
   </trkpt>
   <trkpt lat="-29.8196940" lon="24.4443960">
    <ele>1106.9</ele>
   </trkpt>
   <trkpt lat="-29.8197000" lon="24.4445100">
    <ele>1107.2</ele>
   </trkpt>
   <trkpt lat="-29.8197090" lon="24.4446230">
    <ele>1107.6</ele>
   </trkpt>
   <trkpt lat="-29.8197170" lon="24.4447400">
    <ele>1108.0</ele>
   </trkpt>
   <trkpt lat="-29.8197220" lon="24.4448560">
    <ele>1108.4</ele>
   </trkpt>
   <trkpt lat="-29.8197280" lon="24.4449750">
    <ele>1108.9</ele>
   </trkpt>
   <trkpt lat="-29.8197350" lon="24.4450940">
    <ele>1109.4</ele>
   </trkpt>
   <trkpt lat="-29.8197440" lon="24.4452120">
    <ele>1109.9</ele>
   </trkpt>
   <trkpt lat="-29.8197490" lon="24.4453280">
    <ele>1110.4</ele>
   </trkpt>
   <trkpt lat="-29.8197580" lon="24.4454410">
    <ele>1110.9</ele>
   </trkpt>
   <trkpt lat="-29.8197640" lon="24.4455520">
    <ele>1111.5</ele>
   </trkpt>
   <trkpt lat="-29.8197630" lon="24.4456570">
    <ele>1112.2</ele>
   </trkpt>
   <trkpt lat="-29.8197680" lon="24.4457580">
    <ele>1112.8</ele>
   </trkpt>
   <trkpt lat="-29.8197720" lon="24.4458640">
    <ele>1113.3</ele>
   </trkpt>
   <trkpt lat="-29.8197760" lon="24.4459740">
    <ele>1114.0</ele>
   </trkpt>
   <trkpt lat="-29.8197810" lon="24.4460810">
    <ele>1114.5</ele>
   </trkpt>
   <trkpt lat="-29.8197870" lon="24.4461900">
    <ele>1115.1</ele>
   </trkpt>
   <trkpt lat="-29.8197930" lon="24.4462980">
    <ele>1115.5</ele>
   </trkpt>
   <trkpt lat="-29.8198100" lon="24.4464020">
    <ele>1115.9</ele>
   </trkpt>
   <trkpt lat="-29.8198310" lon="24.4465080">
    <ele>1116.3</ele>
   </trkpt>
   <trkpt lat="-29.8198630" lon="24.4466200">
    <ele>1116.6</ele>
   </trkpt>
   <trkpt lat="-29.8199000" lon="24.4467310">
    <ele>1116.9</ele>
   </trkpt>
   <trkpt lat="-29.8199450" lon="24.4468440">
    <ele>1117.1</ele>
   </trkpt>
   <trkpt lat="-29.8199970" lon="24.4469610">
    <ele>1117.4</ele>
   </trkpt>
   <trkpt lat="-29.8200510" lon="24.4470770">
    <ele>1117.7</ele>
   </trkpt>
   <trkpt lat="-29.8201100" lon="24.4471880">
    <ele>1118.1</ele>
   </trkpt>
   <trkpt lat="-29.8201680" lon="24.4472980">
    <ele>1118.5</ele>
   </trkpt>
   <trkpt lat="-29.8202270" lon="24.4474070">
    <ele>1118.8</ele>
   </trkpt>
   <trkpt lat="-29.8202860" lon="24.4475160">
    <ele>1119.1</ele>
   </trkpt>
   <trkpt lat="-29.8203400" lon="24.4476280">
    <ele>1119.5</ele>
   </trkpt>
   <trkpt lat="-29.8204030" lon="24.4477400">
    <ele>1119.9</ele>
   </trkpt>
   <trkpt lat="-29.8204640" lon="24.4478570">
    <ele>1120.4</ele>
   </trkpt>
   <trkpt lat="-29.8205230" lon="24.4479730">
    <ele>1120.9</ele>
   </trkpt>
   <trkpt lat="-29.8205800" lon="24.4480900">
    <ele>1121.5</ele>
   </trkpt>
   <trkpt lat="-29.8206320" lon="24.4482000">
    <ele>1122.0</ele>
   </trkpt>
   <trkpt lat="-29.8206800" lon="24.4483020">
    <ele>1122.5</ele>
   </trkpt>
   <trkpt lat="-29.8207210" lon="24.4484020">
    <ele>1123.0</ele>
   </trkpt>
   <trkpt lat="-29.8207680" lon="24.4484970">
    <ele>1123.5</ele>
   </trkpt>
   <trkpt lat="-29.8208140" lon="24.4485920">
    <ele>1123.9</ele>
   </trkpt>
   <trkpt lat="-29.8208590" lon="24.4486910">
    <ele>1124.4</ele>
   </trkpt>
   <trkpt lat="-29.8209030" lon="24.4487910">
    <ele>1124.8</ele>
   </trkpt>
   <trkpt lat="-29.8209460" lon="24.4488920">
    <ele>1125.1</ele>
   </trkpt>
   <trkpt lat="-29.8209890" lon="24.4489980">
    <ele>1125.5</ele>
   </trkpt>
   <trkpt lat="-29.8210320" lon="24.4491070">
    <ele>1125.9</ele>
   </trkpt>
   <trkpt lat="-29.8210760" lon="24.4492140">
    <ele>1126.3</ele>
   </trkpt>
   <trkpt lat="-29.8211170" lon="24.4493210">
    <ele>1126.6</ele>
   </trkpt>
   <trkpt lat="-29.8211530" lon="24.4494290">
    <ele>1126.9</ele>
   </trkpt>
   <trkpt lat="-29.8211830" lon="24.4495400">
    <ele>1127.2</ele>
   </trkpt>
   <trkpt lat="-29.8212140" lon="24.4496510">
    <ele>1127.5</ele>
   </trkpt>
   <trkpt lat="-29.8212350" lon="24.4497630">
    <ele>1127.8</ele>
   </trkpt>
   <trkpt lat="-29.8212530" lon="24.4498750">
    <ele>1128.0</ele>
   </trkpt>
   <trkpt lat="-29.8212600" lon="24.4499890">
    <ele>1128.1</ele>
   </trkpt>
   <trkpt lat="-29.8212610" lon="24.4501050">
    <ele>1128.3</ele>
   </trkpt>
   <trkpt lat="-29.8212560" lon="24.4502240">
    <ele>1128.5</ele>
   </trkpt>
   <trkpt lat="-29.8212480" lon="24.4503440">
    <ele>1128.6</ele>
   </trkpt>
   <trkpt lat="-29.8212320" lon="24.4504670">
    <ele>1128.9</ele>
   </trkpt>
   <trkpt lat="-29.8212150" lon="24.4505890">
    <ele>1129.1</ele>
   </trkpt>
   <trkpt lat="-29.8211880" lon="24.4507070">
    <ele>1129.4</ele>
   </trkpt>
   <trkpt lat="-29.8211590" lon="24.4508240">
    <ele>1129.6</ele>
   </trkpt>
   <trkpt lat="-29.8211270" lon="24.4509390">
    <ele>1129.7</ele>
   </trkpt>
   <trkpt lat="-29.8210900" lon="24.4510500">
    <ele>1129.8</ele>
   </trkpt>
   <trkpt lat="-29.8210490" lon="24.4511620">
    <ele>1129.7</ele>
   </trkpt>
   <trkpt lat="-29.8210000" lon="24.4512760">
    <ele>1129.5</ele>
   </trkpt>
   <trkpt lat="-29.8209460" lon="24.4513880">
    <ele>1129.3</ele>
   </trkpt>
   <trkpt lat="-29.8208900" lon="24.4514990">
    <ele>1129.1</ele>
   </trkpt>
   <trkpt lat="-29.8208320" lon="24.4516100">
    <ele>1129.0</ele>
   </trkpt>
   <trkpt lat="-29.8207700" lon="24.4517160">
    <ele>1128.7</ele>
   </trkpt>
   <trkpt lat="-29.8207120" lon="24.4518260">
    <ele>1128.4</ele>
   </trkpt>
   <trkpt lat="-29.8206440" lon="24.4519340">
    <ele>1128.1</ele>
   </trkpt>
   <trkpt lat="-29.8205690" lon="24.4520410">
    <ele>1127.7</ele>
   </trkpt>
   <trkpt lat="-29.8204920" lon="24.4521490">
    <ele>1127.1</ele>
   </trkpt>
   <trkpt lat="-29.8204130" lon="24.4522550">
    <ele>1126.6</ele>
   </trkpt>
   <trkpt lat="-29.8203370" lon="24.4523580">
    <ele>1126.1</ele>
   </trkpt>
   <trkpt lat="-29.8202650" lon="24.4524590">
    <ele>1125.5</ele>
   </trkpt>
   <trkpt lat="-29.8201920" lon="24.4525650">
    <ele>1124.7</ele>
   </trkpt>
   <trkpt lat="-29.8201160" lon="24.4526730">
    <ele>1124.0</ele>
   </trkpt>
   <trkpt lat="-29.8200370" lon="24.4527810">
    <ele>1123.2</ele>
   </trkpt>
   <trkpt lat="-29.8199560" lon="24.4528950">
    <ele>1122.4</ele>
   </trkpt>
   <trkpt lat="-29.8198680" lon="24.4530010">
    <ele>1121.7</ele>
   </trkpt>
   <trkpt lat="-29.8197780" lon="24.4531070">
    <ele>1121.2</ele>
   </trkpt>
   <trkpt lat="-29.8196860" lon="24.4532100">
    <ele>1120.7</ele>
   </trkpt>
   <trkpt lat="-29.8195940" lon="24.4533130">
    <ele>1120.0</ele>
   </trkpt>
   <trkpt lat="-29.8195020" lon="24.4534200">
    <ele>1119.3</ele>
   </trkpt>
   <trkpt lat="-29.8194080" lon="24.4535310">
    <ele>1118.7</ele>
   </trkpt>
   <trkpt lat="-29.8193200" lon="24.4536460">
    <ele>1118.0</ele>
   </trkpt>
   <trkpt lat="-29.8192330" lon="24.4537630">
    <ele>1117.3</ele>
   </trkpt>
   <trkpt lat="-29.8191450" lon="24.4538820">
    <ele>1116.4</ele>
   </trkpt>
   <trkpt lat="-29.8190590" lon="24.4539970">
    <ele>1115.4</ele>
   </trkpt>
   <trkpt lat="-29.8189720" lon="24.4541120">
    <ele>1114.6</ele>
   </trkpt>
   <trkpt lat="-29.8188860" lon="24.4542270">
    <ele>1113.9</ele>
   </trkpt>
   <trkpt lat="-29.8188050" lon="24.4543430">
    <ele>1113.2</ele>
   </trkpt>
   <trkpt lat="-29.8187310" lon="24.4544550">
    <ele>1112.6</ele>
   </trkpt>
   <trkpt lat="-29.8186620" lon="24.4545660">
    <ele>1111.9</ele>
   </trkpt>
   <trkpt lat="-29.8185910" lon="24.4546790">
    <ele>1111.3</ele>
   </trkpt>
   <trkpt lat="-29.8185180" lon="24.4547970">
    <ele>1110.7</ele>
   </trkpt>
   <trkpt lat="-29.8184410" lon="24.4549190">
    <ele>1110.1</ele>
   </trkpt>
   <trkpt lat="-29.8183640" lon="24.4550390">
    <ele>1109.6</ele>
   </trkpt>
   <trkpt lat="-29.8182900" lon="24.4551550">
    <ele>1109.4</ele>
   </trkpt>
   <trkpt lat="-29.8182160" lon="24.4552680">
    <ele>1109.3</ele>
   </trkpt>
   <trkpt lat="-29.8181380" lon="24.4553800">
    <ele>1109.3</ele>
   </trkpt>
   <trkpt lat="-29.8180570" lon="24.4554920">
    <ele>1109.4</ele>
   </trkpt>
   <trkpt lat="-29.8179780" lon="24.4555980">
    <ele>1109.5</ele>
   </trkpt>
   <trkpt lat="-29.8179000" lon="24.4557080">
    <ele>1109.5</ele>
   </trkpt>
   <trkpt lat="-29.8178250" lon="24.4558230">
    <ele>1109.5</ele>
   </trkpt>
   <trkpt lat="-29.8177490" lon="24.4559410">
    <ele>1109.4</ele>
   </trkpt>
   <trkpt lat="-29.8176750" lon="24.4560580">
    <ele>1109.4</ele>
   </trkpt>
   <trkpt lat="-29.8176040" lon="24.4561690">
    <ele>1109.2</ele>
   </trkpt>
   <trkpt lat="-29.8175340" lon="24.4562790">
    <ele>1109.0</ele>
   </trkpt>
   <trkpt lat="-29.8174640" lon="24.4563870">
    <ele>1108.7</ele>
   </trkpt>
   <trkpt lat="-29.8173950" lon="24.4564970">
    <ele>1108.3</ele>
   </trkpt>
   <trkpt lat="-29.8173220" lon="24.4566050">
    <ele>1107.9</ele>
   </trkpt>
   <trkpt lat="-29.8172460" lon="24.4567110">
    <ele>1107.3</ele>
   </trkpt>
   <trkpt lat="-29.8171670" lon="24.4568160">
    <ele>1106.7</ele>
   </trkpt>
   <trkpt lat="-29.8170910" lon="24.4569270">
    <ele>1106.0</ele>
   </trkpt>
   <trkpt lat="-29.8170170" lon="24.4570310">
    <ele>1105.4</ele>
   </trkpt>
   <trkpt lat="-29.8169380" lon="24.4571270">
    <ele>1105.0</ele>
   </trkpt>
   <trkpt lat="-29.8168610" lon="24.4572230">
    <ele>1104.8</ele>
   </trkpt>
   <trkpt lat="-29.8167840" lon="24.4573220">
    <ele>1104.7</ele>
   </trkpt>
   <trkpt lat="-29.8167070" lon="24.4574260">
    <ele>1104.5</ele>
   </trkpt>
   <trkpt lat="-29.8166290" lon="24.4575330">
    <ele>1104.4</ele>
   </trkpt>
   <trkpt lat="-29.8165530" lon="24.4576450">
    <ele>1104.1</ele>
   </trkpt>
   <trkpt lat="-29.8164810" lon="24.4577640">
    <ele>1103.7</ele>
   </trkpt>
   <trkpt lat="-29.8164140" lon="24.4578910">
    <ele>1103.2</ele>
   </trkpt>
   <trkpt lat="-29.8163520" lon="24.4580240">
    <ele>1102.8</ele>
   </trkpt>
   <trkpt lat="-29.8162970" lon="24.4581580">
    <ele>1102.5</ele>
   </trkpt>
   <trkpt lat="-29.8162490" lon="24.4582970">
    <ele>1102.3</ele>
   </trkpt>
   <trkpt lat="-29.8162100" lon="24.4584410">
    <ele>1102.2</ele>
   </trkpt>
   <trkpt lat="-29.8161790" lon="24.4585900">
    <ele>1102.2</ele>
   </trkpt>
   <trkpt lat="-29.8161560" lon="24.4587410">
    <ele>1102.2</ele>
   </trkpt>
   <trkpt lat="-29.8161420" lon="24.4588910">
    <ele>1102.2</ele>
   </trkpt>
   <trkpt lat="-29.8161330" lon="24.4590370">
    <ele>1102.2</ele>
   </trkpt>
   <trkpt lat="-29.8161260" lon="24.4591780">
    <ele>1102.1</ele>
   </trkpt>
   <trkpt lat="-29.8161240" lon="24.4593150">
    <ele>1102.1</ele>
   </trkpt>
   <trkpt lat="-29.8161350" lon="24.4594510">
    <ele>1102.0</ele>
   </trkpt>
   <trkpt lat="-29.8161520" lon="24.4595930">
    <ele>1101.9</ele>
   </trkpt>
   <trkpt lat="-29.8161730" lon="24.4597370">
    <ele>1101.8</ele>
   </trkpt>
   <trkpt lat="-29.8161980" lon="24.4598820">
    <ele>1101.8</ele>
   </trkpt>
   <trkpt lat="-29.8162260" lon="24.4600280">
    <ele>1101.7</ele>
   </trkpt>
   <trkpt lat="-29.8162560" lon="24.4601740">
    <ele>1101.7</ele>
   </trkpt>
   <trkpt lat="-29.8162940" lon="24.4603200">
    <ele>1101.7</ele>
   </trkpt>
   <trkpt lat="-29.8163410" lon="24.4604600">
    <ele>1101.7</ele>
   </trkpt>
   <trkpt lat="-29.8164010" lon="24.4605890">
    <ele>1101.7</ele>
   </trkpt>
   <trkpt lat="-29.8164780" lon="24.4607010">
    <ele>1101.6</ele>
   </trkpt>
   <trkpt lat="-29.8165630" lon="24.4608020">
    <ele>1101.7</ele>
   </trkpt>
   <trkpt lat="-29.8166530" lon="24.4608910">
    <ele>1101.7</ele>
   </trkpt>
   <trkpt lat="-29.8167550" lon="24.4609670">
    <ele>1101.8</ele>
   </trkpt>
   <trkpt lat="-29.8168670" lon="24.4610260">
    <ele>1101.9</ele>
   </trkpt>
   <trkpt lat="-29.8169840" lon="24.4610740">
    <ele>1102.0</ele>
   </trkpt>
   <trkpt lat="-29.8171040" lon="24.4611230">
    <ele>1102.1</ele>
   </trkpt>
   <trkpt lat="-29.8172240" lon="24.4611710">
    <ele>1102.1</ele>
   </trkpt>
   <trkpt lat="-29.8173460" lon="24.4612180">
    <ele>1102.1</ele>
   </trkpt>
   <trkpt lat="-29.8174680" lon="24.4612650">
    <ele>1102.1</ele>
   </trkpt>
   <trkpt lat="-29.8175890" lon="24.4613120">
    <ele>1102.0</ele>
   </trkpt>
   <trkpt lat="-29.8177110" lon="24.4613590">
    <ele>1101.8</ele>
   </trkpt>
   <trkpt lat="-29.8178340" lon="24.4614060">
    <ele>1101.7</ele>
   </trkpt>
   <trkpt lat="-29.8179540" lon="24.4614520">
    <ele>1101.5</ele>
   </trkpt>
   <trkpt lat="-29.8180750" lon="24.4614970">
    <ele>1101.4</ele>
   </trkpt>
   <trkpt lat="-29.8181960" lon="24.4615480">
    <ele>1101.3</ele>
   </trkpt>
   <trkpt lat="-29.8183170" lon="24.4616040">
    <ele>1101.1</ele>
   </trkpt>
   <trkpt lat="-29.8184400" lon="24.4616560">
    <ele>1100.9</ele>
   </trkpt>
   <trkpt lat="-29.8185670" lon="24.4617070">
    <ele>1100.5</ele>
   </trkpt>
   <trkpt lat="-29.8186960" lon="24.4617550">
    <ele>1100.0</ele>
   </trkpt>
   <trkpt lat="-29.8188260" lon="24.4618050">
    <ele>1099.5</ele>
   </trkpt>
   <trkpt lat="-29.8189580" lon="24.4618570">
    <ele>1099.1</ele>
   </trkpt>
   <trkpt lat="-29.8190910" lon="24.4619100">
    <ele>1098.8</ele>
   </trkpt>
   <trkpt lat="-29.8192220" lon="24.4619620">
    <ele>1098.6</ele>
   </trkpt>
   <trkpt lat="-29.8193500" lon="24.4620160">
    <ele>1098.5</ele>
   </trkpt>
   <trkpt lat="-29.8194780" lon="24.4620680">
    <ele>1098.5</ele>
   </trkpt>
   <trkpt lat="-29.8196050" lon="24.4621220">
    <ele>1098.4</ele>
   </trkpt>
   <trkpt lat="-29.8197340" lon="24.4621700">
    <ele>1098.2</ele>
   </trkpt>
   <trkpt lat="-29.8198630" lon="24.4622200">
    <ele>1098.2</ele>
   </trkpt>
   <trkpt lat="-29.8199920" lon="24.4622730">
    <ele>1098.2</ele>
   </trkpt>
   <trkpt lat="-29.8201230" lon="24.4623260">
    <ele>1098.3</ele>
   </trkpt>
   <trkpt lat="-29.8202520" lon="24.4623800">
    <ele>1098.3</ele>
   </trkpt>
   <trkpt lat="-29.8203820" lon="24.4624350">
    <ele>1098.2</ele>
   </trkpt>
   <trkpt lat="-29.8205100" lon="24.4624900">
    <ele>1098.1</ele>
   </trkpt>
   <trkpt lat="-29.8206380" lon="24.4625450">
    <ele>1098.0</ele>
   </trkpt>
   <trkpt lat="-29.8207660" lon="24.4626010">
    <ele>1098.0</ele>
   </trkpt>
   <trkpt lat="-29.8208950" lon="24.4626550">
    <ele>1098.0</ele>
   </trkpt>
   <trkpt lat="-29.8210240" lon="24.4627060">
    <ele>1097.9</ele>
   </trkpt>
   <trkpt lat="-29.8211520" lon="24.4627550">
    <ele>1097.9</ele>
   </trkpt>
   <trkpt lat="-29.8212780" lon="24.4628060">
    <ele>1097.9</ele>
   </trkpt>
   <trkpt lat="-29.8214040" lon="24.4628580">
    <ele>1097.8</ele>
   </trkpt>
   <trkpt lat="-29.8215300" lon="24.4629100">
    <ele>1097.7</ele>
   </trkpt>
   <trkpt lat="-29.8216560" lon="24.4629600">
    <ele>1097.6</ele>
   </trkpt>
   <trkpt lat="-29.8217770" lon="24.4630100">
    <ele>1097.7</ele>
   </trkpt>
   <trkpt lat="-29.8218950" lon="24.4630540">
    <ele>1097.8</ele>
   </trkpt>
   <trkpt lat="-29.8220090" lon="24.4630980">
    <ele>1098.0</ele>
   </trkpt>
   <trkpt lat="-29.8221170" lon="24.4631410">
    <ele>1098.0</ele>
   </trkpt>
   <trkpt lat="-29.8222190" lon="24.4631810">
    <ele>1098.0</ele>
   </trkpt>
   <trkpt lat="-29.8223210" lon="24.4632220">
    <ele>1098.0</ele>
   </trkpt>
   <trkpt lat="-29.8224230" lon="24.4632650">
    <ele>1097.8</ele>
   </trkpt>
   <trkpt lat="-29.8225270" lon="24.4633110">
    <ele>1097.7</ele>
   </trkpt>
   <trkpt lat="-29.8226310" lon="24.4633600">
    <ele>1097.7</ele>
   </trkpt>
   <trkpt lat="-29.8227410" lon="24.4634060">
    <ele>1097.8</ele>
   </trkpt>
   <trkpt lat="-29.8228530" lon="24.4634530">
    <ele>1097.9</ele>
   </trkpt>
   <trkpt lat="-29.8229660" lon="24.4635010">
    <ele>1098.1</ele>
   </trkpt>
   <trkpt lat="-29.8230780" lon="24.4635500">
    <ele>1098.2</ele>
   </trkpt>
   <trkpt lat="-29.8231930" lon="24.4635950">
    <ele>1098.4</ele>
   </trkpt>
   <trkpt lat="-29.8233030" lon="24.4636410">
    <ele>1098.4</ele>
   </trkpt>
   <trkpt lat="-29.8234140" lon="24.4636860">
    <ele>1098.4</ele>
   </trkpt>
   <trkpt lat="-29.8235240" lon="24.4637300">
    <ele>1098.4</ele>
   </trkpt>
   <trkpt lat="-29.8236350" lon="24.4637700">
    <ele>1098.6</ele>
   </trkpt>
   <trkpt lat="-29.8237410" lon="24.4638080">
    <ele>1098.8</ele>
   </trkpt>
   <trkpt lat="-29.8238410" lon="24.4638480">
    <ele>1098.9</ele>
   </trkpt>
   <trkpt lat="-29.8239340" lon="24.4638940">
    <ele>1098.9</ele>
   </trkpt>
   <trkpt lat="-29.8240120" lon="24.4639570">
    <ele>1098.8</ele>
   </trkpt>
   <trkpt lat="-29.8240770" lon="24.4640340">
    <ele>1098.8</ele>
   </trkpt>
   <trkpt lat="-29.8241390" lon="24.4641250">
    <ele>1098.7</ele>
   </trkpt>
   <trkpt lat="-29.8241830" lon="24.4642320">
    <ele>1098.6</ele>
   </trkpt>
   <trkpt lat="-29.8242210" lon="24.4643450">
    <ele>1098.5</ele>
   </trkpt>
   <trkpt lat="-29.8242600" lon="24.4644610">
    <ele>1098.5</ele>
   </trkpt>
   <trkpt lat="-29.8242960" lon="24.4645830">
    <ele>1098.4</ele>
   </trkpt>
   <trkpt lat="-29.8243300" lon="24.4647080">
    <ele>1098.3</ele>
   </trkpt>
   <trkpt lat="-29.8243630" lon="24.4648350">
    <ele>1098.2</ele>
   </trkpt>
   <trkpt lat="-29.8243960" lon="24.4649630">
    <ele>1098.1</ele>
   </trkpt>
   <trkpt lat="-29.8244310" lon="24.4650900">
    <ele>1098.0</ele>
   </trkpt>
   <trkpt lat="-29.8244670" lon="24.4652110">
    <ele>1097.9</ele>
   </trkpt>
   <trkpt lat="-29.8245020" lon="24.4653260">
    <ele>1097.8</ele>
   </trkpt>
   <trkpt lat="-29.8245310" lon="24.4654380">
    <ele>1097.8</ele>
   </trkpt>
   <trkpt lat="-29.8245520" lon="24.4655360">
    <ele>1097.7</ele>
   </trkpt>
   <trkpt lat="-29.8245640" lon="24.4656100">
    <ele>1097.6</ele>
   </trkpt>
   <trkpt lat="-29.8245740" lon="24.4656690">
    <ele>1097.5</ele>
   </trkpt>
   <trkpt lat="-29.8245800" lon="24.4657370">
    <ele>1097.4</ele>
   </trkpt>
   <trkpt lat="-29.8245850" lon="24.4658080">
    <ele>1097.3</ele>
   </trkpt>
   <trkpt lat="-29.8245860" lon="24.4658790">
    <ele>1097.3</ele>
   </trkpt>
   <trkpt lat="-29.8245820" lon="24.4659500">
    <ele>1097.2</ele>
   </trkpt>
   <trkpt lat="-29.8245760" lon="24.4660170">
    <ele>1097.1</ele>
   </trkpt>
   <trkpt lat="-29.8245680" lon="24.4660720">
    <ele>1097.0</ele>
   </trkpt>
   <trkpt lat="-29.8245570" lon="24.4661190">
    <ele>1097.0</ele>
   </trkpt>
   <trkpt lat="-29.8245510" lon="24.4661620">
    <ele>1097.0</ele>
   </trkpt>
   <trkpt lat="-29.8245470" lon="24.4662020">
    <ele>1097.0</ele>
   </trkpt>
   <trkpt lat="-29.8245460" lon="24.4662390">
    <ele>1097.0</ele>
   </trkpt>
   <trkpt lat="-29.8245430" lon="24.4662880">
    <ele>1097.1</ele>
   </trkpt>
   <trkpt lat="-29.8245380" lon="24.4663440">
    <ele>1097.2</ele>
   </trkpt>
   <trkpt lat="-29.8245280" lon="24.4664070">
    <ele>1097.2</ele>
   </trkpt>
   <trkpt lat="-29.8245120" lon="24.4664750">
    <ele>1097.3</ele>
   </trkpt>
   <trkpt lat="-29.8244910" lon="24.4665510">
    <ele>1097.4</ele>
   </trkpt>
   <trkpt lat="-29.8244600" lon="24.4666300">
    <ele>1097.3</ele>
   </trkpt>
   <trkpt lat="-29.8244240" lon="24.4667010">
    <ele>1097.3</ele>
   </trkpt>
   <trkpt lat="-29.8243790" lon="24.4667750">
    <ele>1097.2</ele>
   </trkpt>
   <trkpt lat="-29.8243280" lon="24.4668600">
    <ele>1097.1</ele>
   </trkpt>
   <trkpt lat="-29.8242780" lon="24.4669430">
    <ele>1097.1</ele>
   </trkpt>
   <trkpt lat="-29.8242290" lon="24.4670200">
    <ele>1097.1</ele>
   </trkpt>
   <trkpt lat="-29.8241860" lon="24.4670910">
    <ele>1097.0</ele>
   </trkpt>
   <trkpt lat="-29.8241400" lon="24.4671570">
    <ele>1097.0</ele>
   </trkpt>
   <trkpt lat="-29.8240980" lon="24.4672170">
    <ele>1097.0</ele>
   </trkpt>
   <trkpt lat="-29.8240510" lon="24.4672700">
    <ele>1097.0</ele>
   </trkpt>
   <trkpt lat="-29.8240060" lon="24.4673180">
    <ele>1097.0</ele>
   </trkpt>
   <trkpt lat="-29.8239680" lon="24.4673680">
    <ele>1097.0</ele>
   </trkpt>
   <trkpt lat="-29.8239350" lon="24.4674260">
    <ele>1097.0</ele>
   </trkpt>
   <trkpt lat="-29.8239080" lon="24.4674990">
    <ele>1097.1</ele>
   </trkpt>
   <trkpt lat="-29.8239030" lon="24.4675800">
    <ele>1097.2</ele>
   </trkpt>
   <trkpt lat="-29.8239150" lon="24.4676590">
    <ele>1097.3</ele>
   </trkpt>
   <trkpt lat="-29.8239350" lon="24.4677410">
    <ele>1097.4</ele>
   </trkpt>
   <trkpt lat="-29.8239560" lon="24.4678230">
    <ele>1097.6</ele>
   </trkpt>
   <trkpt lat="-29.8240120" lon="24.4679840">
    <ele>1097.8</ele>
   </trkpt>
   <trkpt lat="-29.8240360" lon="24.4680730">
    <ele>1097.9</ele>
   </trkpt>
   <trkpt lat="-29.8240550" lon="24.4681660">
    <ele>1098.1</ele>
   </trkpt>
   <trkpt lat="-29.8240770" lon="24.4682590">
    <ele>1098.2</ele>
   </trkpt>
   <trkpt lat="-29.8241000" lon="24.4683540">
    <ele>1098.3</ele>
   </trkpt>
   <trkpt lat="-29.8241250" lon="24.4684500">
    <ele>1098.5</ele>
   </trkpt>
   <trkpt lat="-29.8241480" lon="24.4685520">
    <ele>1098.6</ele>
   </trkpt>
   <trkpt lat="-29.8241970" lon="24.4687600">
    <ele>1098.9</ele>
   </trkpt>
   <trkpt lat="-29.8242210" lon="24.4688660">
    <ele>1099.0</ele>
   </trkpt>
   <trkpt lat="-29.8242430" lon="24.4689750">
    <ele>1099.2</ele>
   </trkpt>
   <trkpt lat="-29.8242720" lon="24.4690820">
    <ele>1099.3</ele>
   </trkpt>
   <trkpt lat="-29.8242990" lon="24.4691920">
    <ele>1099.5</ele>
   </trkpt>
   <trkpt lat="-29.8243240" lon="24.4692970">
    <ele>1099.7</ele>
   </trkpt>
   <trkpt lat="-29.8243450" lon="24.4694000">
    <ele>1099.8</ele>
   </trkpt>
   <trkpt lat="-29.8243670" lon="24.4695030">
    <ele>1099.9</ele>
   </trkpt>
   <trkpt lat="-29.8243900" lon="24.4696060">
    <ele>1100.1</ele>
   </trkpt>
   <trkpt lat="-29.8244150" lon="24.4697050">
    <ele>1100.2</ele>
   </trkpt>
   <trkpt lat="-29.8244360" lon="24.4698010">
    <ele>1100.4</ele>
   </trkpt>
   <trkpt lat="-29.8244570" lon="24.4698910">
    <ele>1100.5</ele>
   </trkpt>
   <trkpt lat="-29.8244740" lon="24.4699780">
    <ele>1100.6</ele>
   </trkpt>
   <trkpt lat="-29.8244880" lon="24.4700590">
    <ele>1100.7</ele>
   </trkpt>
   <trkpt lat="-29.8244990" lon="24.4701340">
    <ele>1100.8</ele>
   </trkpt>
   <trkpt lat="-29.8245080" lon="24.4701980">
    <ele>1100.9</ele>
   </trkpt>
   <trkpt lat="-29.8245170" lon="24.4702500">
    <ele>1101.0</ele>
   </trkpt>
   <trkpt lat="-29.8245190" lon="24.4702910">
    <ele>1101.0</ele>
   </trkpt>
   <trkpt lat="-29.8245270" lon="24.4703230">
    <ele>1101.1</ele>
   </trkpt>
   <trkpt lat="-29.8245640" lon="24.4703280">
    <ele>1101.2</ele>
   </trkpt>
   <trkpt lat="-29.8245760" lon="24.4703250">
    <ele>1101.2</ele>
   </trkpt>
   <trkpt lat="-29.8246000" lon="24.4702870">
    <ele>1101.2</ele>
   </trkpt>
   <trkpt lat="-29.8246070" lon="24.4702720">
    <ele>1101.2</ele>
   </trkpt>
   <trkpt lat="-29.8245960" lon="24.4702280">
    <ele>1101.2</ele>
   </trkpt>
   <trkpt lat="-29.8245880" lon="24.4702130">
    <ele>1101.1</ele>
   </trkpt>
   <trkpt lat="-29.8245570" lon="24.4701780">
    <ele>1101.1</ele>
   </trkpt>
   <trkpt lat="-29.8245300" lon="24.4701300">
    <ele>1101.0</ele>
   </trkpt>
   <trkpt lat="-29.8245130" lon="24.4700670">
    <ele>1100.9</ele>
   </trkpt>
   <trkpt lat="-29.8245010" lon="24.4700070">
    <ele>1100.8</ele>
   </trkpt>
   <trkpt lat="-29.8244890" lon="24.4699440">
    <ele>1100.7</ele>
   </trkpt>
   <trkpt lat="-29.8244720" lon="24.4698690">
    <ele>1100.6</ele>
   </trkpt>
   <trkpt lat="-29.8244550" lon="24.4697870">
    <ele>1100.5</ele>
   </trkpt>
   <trkpt lat="-29.8244340" lon="24.4697040">
    <ele>1100.4</ele>
   </trkpt>
   <trkpt lat="-29.8244100" lon="24.4696220">
    <ele>1100.2</ele>
   </trkpt>
   <trkpt lat="-29.8243860" lon="24.4695250">
    <ele>1100.1</ele>
   </trkpt>
   <trkpt lat="-29.8243610" lon="24.4694180">
    <ele>1099.9</ele>
   </trkpt>
   <trkpt lat="-29.8243310" lon="24.4693070">
    <ele>1099.8</ele>
   </trkpt>
   <trkpt lat="-29.8243030" lon="24.4691940">
    <ele>1099.6</ele>
   </trkpt>
   <trkpt lat="-29.8242750" lon="24.4690800">
    <ele>1099.4</ele>
   </trkpt>
   <trkpt lat="-29.8242500" lon="24.4689710">
    <ele>1099.3</ele>
   </trkpt>
   <trkpt lat="-29.8242250" lon="24.4688620">
    <ele>1099.1</ele>
   </trkpt>
   <trkpt lat="-29.8242000" lon="24.4687550">
    <ele>1099.0</ele>
   </trkpt>
   <trkpt lat="-29.8241790" lon="24.4686610">
    <ele>1098.8</ele>
   </trkpt>
   <trkpt lat="-29.8241570" lon="24.4685680">
    <ele>1098.7</ele>
   </trkpt>
   <trkpt lat="-29.8241370" lon="24.4684850">
    <ele>1098.6</ele>
   </trkpt>
   <trkpt lat="-29.8241190" lon="24.4684080">
    <ele>1098.5</ele>
   </trkpt>
   <trkpt lat="-29.8241050" lon="24.4683440">
    <ele>1098.4</ele>
   </trkpt>
   <trkpt lat="-29.8240890" lon="24.4682890">
    <ele>1098.3</ele>
   </trkpt>
   <trkpt lat="-29.8240770" lon="24.4682470">
    <ele>1098.2</ele>
   </trkpt>
   <trkpt lat="-29.8240720" lon="24.4682240">
    <ele>1098.2</ele>
   </trkpt>
   <trkpt lat="-29.8240730" lon="24.4682180">
    <ele>1098.2</ele>
   </trkpt>
   <trkpt lat="-29.8240760" lon="24.4682300">
    <ele>1098.2</ele>
   </trkpt>
   <trkpt lat="-29.8240780" lon="24.4682310">
    <ele>1098.2</ele>
   </trkpt>
   <trkpt lat="-29.8240770" lon="24.4682290">
    <ele>1098.2</ele>
   </trkpt>
   <trkpt lat="-29.8240690" lon="24.4682140">
    <ele>1098.1</ele>
   </trkpt>
   <trkpt lat="-29.8240590" lon="24.4681740">
    <ele>1098.1</ele>
   </trkpt>
   <trkpt lat="-29.8240470" lon="24.4681240">
    <ele>1098.0</ele>
   </trkpt>
   <trkpt lat="-29.8240330" lon="24.4680730">
    <ele>1097.9</ele>
   </trkpt>
   <trkpt lat="-29.8240150" lon="24.4680110">
    <ele>1097.8</ele>
   </trkpt>
   <trkpt lat="-29.8239970" lon="24.4679360">
    <ele>1097.7</ele>
   </trkpt>
   <trkpt lat="-29.8239780" lon="24.4678560">
    <ele>1097.6</ele>
   </trkpt>
   <trkpt lat="-29.8239580" lon="24.4677650">
    <ele>1097.5</ele>
   </trkpt>
   <trkpt lat="-29.8239350" lon="24.4676770">
    <ele>1097.3</ele>
   </trkpt>
   <trkpt lat="-29.8239170" lon="24.4675960">
    <ele>1097.2</ele>
   </trkpt>
   <trkpt lat="-29.8239120" lon="24.4675250">
    <ele>1097.1</ele>
   </trkpt>
   <trkpt lat="-29.8239210" lon="24.4674490">
    <ele>1097.0</ele>
   </trkpt>
   <trkpt lat="-29.8239510" lon="24.4673690">
    <ele>1097.0</ele>
   </trkpt>
   <trkpt lat="-29.8239990" lon="24.4672920">
    <ele>1097.0</ele>
   </trkpt>
   <trkpt lat="-29.8240450" lon="24.4672340">
    <ele>1097.0</ele>
   </trkpt>
   <trkpt lat="-29.8240970" lon="24.4671850">
    <ele>1097.0</ele>
   </trkpt>
   <trkpt lat="-29.8241440" lon="24.4671420">
    <ele>1097.0</ele>
   </trkpt>
   <trkpt lat="-29.8241850" lon="24.4670840">
    <ele>1097.1</ele>
   </trkpt>
   <trkpt lat="-29.8242280" lon="24.4670210">
    <ele>1097.1</ele>
   </trkpt>
   <trkpt lat="-29.8242720" lon="24.4669540">
    <ele>1097.1</ele>
   </trkpt>
   <trkpt lat="-29.8243160" lon="24.4668810">
    <ele>1097.1</ele>
   </trkpt>
   <trkpt lat="-29.8243540" lon="24.4668110">
    <ele>1097.2</ele>
   </trkpt>
   <trkpt lat="-29.8243980" lon="24.4667390">
    <ele>1097.3</ele>
   </trkpt>
   <trkpt lat="-29.8244400" lon="24.4666560">
    <ele>1097.3</ele>
   </trkpt>
   <trkpt lat="-29.8244780" lon="24.4665690">
    <ele>1097.4</ele>
   </trkpt>
   <trkpt lat="-29.8245100" lon="24.4664840">
    <ele>1097.3</ele>
   </trkpt>
   <trkpt lat="-29.8245330" lon="24.4664020">
    <ele>1097.2</ele>
   </trkpt>
   <trkpt lat="-29.8245440" lon="24.4663190">
    <ele>1097.1</ele>
   </trkpt>
   <trkpt lat="-29.8245490" lon="24.4662470">
    <ele>1097.0</ele>
   </trkpt>
   <trkpt lat="-29.8245460" lon="24.4661960">
    <ele>1097.0</ele>
   </trkpt>
   <trkpt lat="-29.8245480" lon="24.4661600">
    <ele>1097.0</ele>
   </trkpt>
   <trkpt lat="-29.8245510" lon="24.4661120">
    <ele>1097.0</ele>
   </trkpt>
   <trkpt lat="-29.8245540" lon="24.4660930">
    <ele>1097.0</ele>
   </trkpt>
   <trkpt lat="-29.8245580" lon="24.4660430">
    <ele>1097.1</ele>
   </trkpt>
   <trkpt lat="-29.8245660" lon="24.4659930">
    <ele>1097.1</ele>
   </trkpt>
   <trkpt lat="-29.8245720" lon="24.4659380">
    <ele>1097.2</ele>
   </trkpt>
   <trkpt lat="-29.8245770" lon="24.4658720">
    <ele>1097.3</ele>
   </trkpt>
   <trkpt lat="-29.8245770" lon="24.4657960">
    <ele>1097.4</ele>
   </trkpt>
   <trkpt lat="-29.8245720" lon="24.4657180">
    <ele>1097.5</ele>
   </trkpt>
   <trkpt lat="-29.8245630" lon="24.4656510">
    <ele>1097.6</ele>
   </trkpt>
   <trkpt lat="-29.8245530" lon="24.4655830">
    <ele>1097.7</ele>
   </trkpt>
   <trkpt lat="-29.8245390" lon="24.4655390">
    <ele>1097.7</ele>
   </trkpt>
   <trkpt lat="-29.8245280" lon="24.4654790">
    <ele>1097.8</ele>
   </trkpt>
   <trkpt lat="-29.8245130" lon="24.4654070">
    <ele>1097.8</ele>
   </trkpt>
   <trkpt lat="-29.8244980" lon="24.4653230">
    <ele>1097.8</ele>
   </trkpt>
   <trkpt lat="-29.8244760" lon="24.4652360">
    <ele>1097.9</ele>
   </trkpt>
   <trkpt lat="-29.8244500" lon="24.4651440">
    <ele>1098.0</ele>
   </trkpt>
   <trkpt lat="-29.8244220" lon="24.4650470">
    <ele>1098.1</ele>
   </trkpt>
   <trkpt lat="-29.8243880" lon="24.4649440">
    <ele>1098.1</ele>
   </trkpt>
   <trkpt lat="-29.8243540" lon="24.4648360">
    <ele>1098.2</ele>
   </trkpt>
   <trkpt lat="-29.8243210" lon="24.4647250">
    <ele>1098.3</ele>
   </trkpt>
   <trkpt lat="-29.8242910" lon="24.4646170">
    <ele>1098.4</ele>
   </trkpt>
   <trkpt lat="-29.8242610" lon="24.4645040">
    <ele>1098.5</ele>
   </trkpt>
   <trkpt lat="-29.8242300" lon="24.4643930">
    <ele>1098.5</ele>
   </trkpt>
   <trkpt lat="-29.8241940" lon="24.4642810">
    <ele>1098.6</ele>
   </trkpt>
   <trkpt lat="-29.8241560" lon="24.4641760">
    <ele>1098.6</ele>
   </trkpt>
   <trkpt lat="-29.8241110" lon="24.4640750">
    <ele>1098.7</ele>
   </trkpt>
   <trkpt lat="-29.8240560" lon="24.4639860">
    <ele>1098.8</ele>
   </trkpt>
   <trkpt lat="-29.8239860" lon="24.4639110">
    <ele>1098.9</ele>
   </trkpt>
   <trkpt lat="-29.8239030" lon="24.4638530">
    <ele>1098.9</ele>
   </trkpt>
   <trkpt lat="-29.8238110" lon="24.4638100">
    <ele>1098.8</ele>
   </trkpt>
   <trkpt lat="-29.8237140" lon="24.4637770">
    <ele>1098.7</ele>
   </trkpt>
   <trkpt lat="-29.8236130" lon="24.4637410">
    <ele>1098.5</ele>
   </trkpt>
   <trkpt lat="-29.8235050" lon="24.4637060">
    <ele>1098.4</ele>
   </trkpt>
   <trkpt lat="-29.8233840" lon="24.4636700">
    <ele>1098.4</ele>
   </trkpt>
   <trkpt lat="-29.8232720" lon="24.4636270">
    <ele>1098.4</ele>
   </trkpt>
   <trkpt lat="-29.8231580" lon="24.4635820">
    <ele>1098.3</ele>
   </trkpt>
   <trkpt lat="-29.8230460" lon="24.4635370">
    <ele>1098.2</ele>
   </trkpt>
   <trkpt lat="-29.8229360" lon="24.4634890">
    <ele>1098.0</ele>
   </trkpt>
   <trkpt lat="-29.8228230" lon="24.4634430">
    <ele>1097.9</ele>
   </trkpt>
   <trkpt lat="-29.8227030" lon="24.4633930">
    <ele>1097.7</ele>
   </trkpt>
   <trkpt lat="-29.8225840" lon="24.4633460">
    <ele>1097.7</ele>
   </trkpt>
   <trkpt lat="-29.8224640" lon="24.4632940">
    <ele>1097.8</ele>
   </trkpt>
   <trkpt lat="-29.8223480" lon="24.4632410">
    <ele>1097.9</ele>
   </trkpt>
   <trkpt lat="-29.8222380" lon="24.4631890">
    <ele>1098.0</ele>
   </trkpt>
   <trkpt lat="-29.8221280" lon="24.4631450">
    <ele>1098.0</ele>
   </trkpt>
   <trkpt lat="-29.8220190" lon="24.4631030">
    <ele>1098.0</ele>
   </trkpt>
   <trkpt lat="-29.8219050" lon="24.4630590">
    <ele>1097.8</ele>
   </trkpt>
   <trkpt lat="-29.8217830" lon="24.4630140">
    <ele>1097.7</ele>
   </trkpt>
   <trkpt lat="-29.8216580" lon="24.4629660">
    <ele>1097.6</ele>
   </trkpt>
   <trkpt lat="-29.8215300" lon="24.4629070">
    <ele>1097.7</ele>
   </trkpt>
   <trkpt lat="-29.8214010" lon="24.4628570">
    <ele>1097.8</ele>
   </trkpt>
   <trkpt lat="-29.8211360" lon="24.4627470">
    <ele>1097.9</ele>
   </trkpt>
   <trkpt lat="-29.8210010" lon="24.4626910">
    <ele>1097.9</ele>
   </trkpt>
   <trkpt lat="-29.8208670" lon="24.4626350">
    <ele>1098.0</ele>
   </trkpt>
   <trkpt lat="-29.8207350" lon="24.4625780">
    <ele>1098.0</ele>
   </trkpt>
   <trkpt lat="-29.8206020" lon="24.4625220">
    <ele>1098.0</ele>
   </trkpt>
   <trkpt lat="-29.8204680" lon="24.4624660">
    <ele>1098.1</ele>
   </trkpt>
   <trkpt lat="-29.8203320" lon="24.4624080">
    <ele>1098.2</ele>
   </trkpt>
   <trkpt lat="-29.8201920" lon="24.4623500">
    <ele>1098.3</ele>
   </trkpt>
   <trkpt lat="-29.8200490" lon="24.4622920">
    <ele>1098.2</ele>
   </trkpt>
   <trkpt lat="-29.8199070" lon="24.4622350">
    <ele>1098.2</ele>
   </trkpt>
   <trkpt lat="-29.8197640" lon="24.4621790">
    <ele>1098.2</ele>
   </trkpt>
   <trkpt lat="-29.8196200" lon="24.4621200">
    <ele>1098.4</ele>
   </trkpt>
   <trkpt lat="-29.8194750" lon="24.4620600">
    <ele>1098.5</ele>
   </trkpt>
   <trkpt lat="-29.8193290" lon="24.4620000">
    <ele>1098.5</ele>
   </trkpt>
   <trkpt lat="-29.8191800" lon="24.4619400">
    <ele>1098.7</ele>
   </trkpt>
   <trkpt lat="-29.8190390" lon="24.4618780">
    <ele>1098.9</ele>
   </trkpt>
   <trkpt lat="-29.8188930" lon="24.4618230">
    <ele>1099.3</ele>
   </trkpt>
   <trkpt lat="-29.8187510" lon="24.4617620">
    <ele>1099.8</ele>
   </trkpt>
   <trkpt lat="-29.8186150" lon="24.4617040">
    <ele>1100.3</ele>
   </trkpt>
   <trkpt lat="-29.8184760" lon="24.4616520">
    <ele>1100.8</ele>
   </trkpt>
   <trkpt lat="-29.8183400" lon="24.4616000">
    <ele>1101.1</ele>
   </trkpt>
   <trkpt lat="-29.8182100" lon="24.4615440">
    <ele>1101.3</ele>
   </trkpt>
   <trkpt lat="-29.8180850" lon="24.4614850">
    <ele>1101.4</ele>
   </trkpt>
   <trkpt lat="-29.8179590" lon="24.4614350">
    <ele>1101.5</ele>
   </trkpt>
   <trkpt lat="-29.8178380" lon="24.4613870">
    <ele>1101.6</ele>
   </trkpt>
   <trkpt lat="-29.8177180" lon="24.4613440">
    <ele>1101.8</ele>
   </trkpt>
   <trkpt lat="-29.8175960" lon="24.4613040">
    <ele>1102.0</ele>
   </trkpt>
   <trkpt lat="-29.8174820" lon="24.4612580">
    <ele>1102.1</ele>
   </trkpt>
   <trkpt lat="-29.8173620" lon="24.4612070">
    <ele>1102.1</ele>
   </trkpt>
   <trkpt lat="-29.8172400" lon="24.4611530">
    <ele>1102.1</ele>
   </trkpt>
   <trkpt lat="-29.8171110" lon="24.4611080">
    <ele>1102.1</ele>
   </trkpt>
   <trkpt lat="-29.8169890" lon="24.4610570">
    <ele>1102.0</ele>
   </trkpt>
   <trkpt lat="-29.8168640" lon="24.4610040">
    <ele>1101.9</ele>
   </trkpt>
   <trkpt lat="-29.8167510" lon="24.4609520">
    <ele>1101.8</ele>
   </trkpt>
   <trkpt lat="-29.8166410" lon="24.4608770">
    <ele>1101.7</ele>
   </trkpt>
   <trkpt lat="-29.8165400" lon="24.4607870">
    <ele>1101.7</ele>
   </trkpt>
   <trkpt lat="-29.8164580" lon="24.4606830">
    <ele>1101.6</ele>
   </trkpt>
   <trkpt lat="-29.8163900" lon="24.4605650">
    <ele>1101.7</ele>
   </trkpt>
   <trkpt lat="-29.8163470" lon="24.4604300">
    <ele>1101.7</ele>
   </trkpt>
   <trkpt lat="-29.8163060" lon="24.4602960">
    <ele>1101.7</ele>
   </trkpt>
   <trkpt lat="-29.8162720" lon="24.4601550">
    <ele>1101.7</ele>
   </trkpt>
   <trkpt lat="-29.8162410" lon="24.4600080">
    <ele>1101.7</ele>
   </trkpt>
   <trkpt lat="-29.8162110" lon="24.4598610">
    <ele>1101.8</ele>
   </trkpt>
   <trkpt lat="-29.8161810" lon="24.4597160">
    <ele>1101.8</ele>
   </trkpt>
   <trkpt lat="-29.8161560" lon="24.4595760">
    <ele>1101.9</ele>
   </trkpt>
   <trkpt lat="-29.8161360" lon="24.4594350">
    <ele>1102.0</ele>
   </trkpt>
   <trkpt lat="-29.8161330" lon="24.4592940">
    <ele>1102.1</ele>
   </trkpt>
   <trkpt lat="-29.8161400" lon="24.4591500">
    <ele>1102.2</ele>
   </trkpt>
   <trkpt lat="-29.8161460" lon="24.4590050">
    <ele>1102.2</ele>
   </trkpt>
   <trkpt lat="-29.8161640" lon="24.4588580">
    <ele>1102.2</ele>
   </trkpt>
   <trkpt lat="-29.8161890" lon="24.4587120">
    <ele>1102.2</ele>
   </trkpt>
   <trkpt lat="-29.8162060" lon="24.4585650">
    <ele>1102.2</ele>
   </trkpt>
   <trkpt lat="-29.8162390" lon="24.4584210">
    <ele>1102.2</ele>
   </trkpt>
   <trkpt lat="-29.8162790" lon="24.4582810">
    <ele>1102.3</ele>
   </trkpt>
   <trkpt lat="-29.8163280" lon="24.4581440">
    <ele>1102.5</ele>
   </trkpt>
   <trkpt lat="-29.8163820" lon="24.4580090">
    <ele>1102.9</ele>
   </trkpt>
   <trkpt lat="-29.8164450" lon="24.4578760">
    <ele>1103.3</ele>
   </trkpt>
   <trkpt lat="-29.8165150" lon="24.4577510">
    <ele>1103.8</ele>
   </trkpt>
   <trkpt lat="-29.8165890" lon="24.4576340">
    <ele>1104.1</ele>
   </trkpt>
   <trkpt lat="-29.8166660" lon="24.4575110">
    <ele>1104.4</ele>
   </trkpt>
   <trkpt lat="-29.8167500" lon="24.4574020">
    <ele>1104.6</ele>
   </trkpt>
   <trkpt lat="-29.8168330" lon="24.4572970">
    <ele>1104.7</ele>
   </trkpt>
   <trkpt lat="-29.8169150" lon="24.4571940">
    <ele>1104.9</ele>
   </trkpt>
   <trkpt lat="-29.8169910" lon="24.4570970">
    <ele>1105.2</ele>
   </trkpt>
   <trkpt lat="-29.8170620" lon="24.4570020">
    <ele>1105.6</ele>
   </trkpt>
   <trkpt lat="-29.8171320" lon="24.4569070">
    <ele>1106.2</ele>
   </trkpt>
   <trkpt lat="-29.8172030" lon="24.4568100">
    <ele>1106.8</ele>
   </trkpt>
   <trkpt lat="-29.8172720" lon="24.4567090">
    <ele>1107.4</ele>
   </trkpt>
   <trkpt lat="-29.8173390" lon="24.4566080">
    <ele>1107.9</ele>
   </trkpt>
   <trkpt lat="-29.8174070" lon="24.4565050">
    <ele>1108.3</ele>
   </trkpt>
   <trkpt lat="-29.8174790" lon="24.4564030">
    <ele>1108.7</ele>
   </trkpt>
   <trkpt lat="-29.8175490" lon="24.4562980">
    <ele>1109.0</ele>
   </trkpt>
   <trkpt lat="-29.8176150" lon="24.4561940">
    <ele>1109.2</ele>
   </trkpt>
   <trkpt lat="-29.8176800" lon="24.4560930">
    <ele>1109.3</ele>
   </trkpt>
   <trkpt lat="-29.8177450" lon="24.4559820">
    <ele>1109.4</ele>
   </trkpt>
   <trkpt lat="-29.8178120" lon="24.4558750">
    <ele>1109.5</ele>
   </trkpt>
   <trkpt lat="-29.8178810" lon="24.4557680">
    <ele>1109.5</ele>
   </trkpt>
   <trkpt lat="-29.8179490" lon="24.4556610">
    <ele>1109.6</ele>
   </trkpt>
   <trkpt lat="-29.8180170" lon="24.4555530">
    <ele>1109.5</ele>
   </trkpt>
   <trkpt lat="-29.8180890" lon="24.4554450">
    <ele>1109.3</ele>
   </trkpt>
   <trkpt lat="-29.8181690" lon="24.4553420">
    <ele>1109.2</ele>
   </trkpt>
   <trkpt lat="-29.8182490" lon="24.4552310">
    <ele>1109.3</ele>
   </trkpt>
   <trkpt lat="-29.8183290" lon="24.4551150">
    <ele>1109.4</ele>
   </trkpt>
   <trkpt lat="-29.8184100" lon="24.4549930">
    <ele>1109.8</ele>
   </trkpt>
   <trkpt lat="-29.8184880" lon="24.4548700">
    <ele>1110.4</ele>
   </trkpt>
   <trkpt lat="-29.8185630" lon="24.4547520">
    <ele>1111.0</ele>
   </trkpt>
   <trkpt lat="-29.8186350" lon="24.4546370">
    <ele>1111.6</ele>
   </trkpt>
   <trkpt lat="-29.8187000" lon="24.4545340">
    <ele>1112.2</ele>
   </trkpt>
   <trkpt lat="-29.8187620" lon="24.4544390">
    <ele>1112.8</ele>
   </trkpt>
   <trkpt lat="-29.8188240" lon="24.4543460">
    <ele>1113.3</ele>
   </trkpt>
   <trkpt lat="-29.8188940" lon="24.4542500">
    <ele>1113.9</ele>
   </trkpt>
   <trkpt lat="-29.8189680" lon="24.4541560">
    <ele>1114.5</ele>
   </trkpt>
   <trkpt lat="-29.8190400" lon="24.4540570">
    <ele>1115.1</ele>
   </trkpt>
   <trkpt lat="-29.8191120" lon="24.4539580">
    <ele>1115.9</ele>
   </trkpt>
   <trkpt lat="-29.8191850" lon="24.4538590">
    <ele>1116.7</ele>
   </trkpt>
   <trkpt lat="-29.8192590" lon="24.4537580">
    <ele>1117.5</ele>
   </trkpt>
   <trkpt lat="-29.8193360" lon="24.4536580">
    <ele>1118.1</ele>
   </trkpt>
   <trkpt lat="-29.8194120" lon="24.4535520">
    <ele>1118.6</ele>
   </trkpt>
   <trkpt lat="-29.8194930" lon="24.4534490">
    <ele>1119.2</ele>
   </trkpt>
   <trkpt lat="-29.8195750" lon="24.4533470">
    <ele>1119.8</ele>
   </trkpt>
   <trkpt lat="-29.8196630" lon="24.4532500">
    <ele>1120.5</ele>
   </trkpt>
   <trkpt lat="-29.8197490" lon="24.4531510">
    <ele>1121.0</ele>
   </trkpt>
   <trkpt lat="-29.8198360" lon="24.4530530">
    <ele>1121.5</ele>
   </trkpt>
   <trkpt lat="-29.8199210" lon="24.4529510">
    <ele>1122.1</ele>
   </trkpt>
   <trkpt lat="-29.8200050" lon="24.4528470">
    <ele>1122.8</ele>
   </trkpt>
   <trkpt lat="-29.8200880" lon="24.4527390">
    <ele>1123.6</ele>
   </trkpt>
   <trkpt lat="-29.8201670" lon="24.4526250">
    <ele>1124.4</ele>
   </trkpt>
   <trkpt lat="-29.8202380" lon="24.4525130">
    <ele>1125.2</ele>
   </trkpt>
   <trkpt lat="-29.8203090" lon="24.4524060">
    <ele>1125.8</ele>
   </trkpt>
   <trkpt lat="-29.8203770" lon="24.4523040">
    <ele>1126.4</ele>
   </trkpt>
   <trkpt lat="-29.8204520" lon="24.4522090">
    <ele>1126.9</ele>
   </trkpt>
   <trkpt lat="-29.8205320" lon="24.4521140">
    <ele>1127.4</ele>
   </trkpt>
   <trkpt lat="-29.8206100" lon="24.4520080">
    <ele>1127.9</ele>
   </trkpt>
   <trkpt lat="-29.8206850" lon="24.4519010">
    <ele>1128.3</ele>
   </trkpt>
   <trkpt lat="-29.8207560" lon="24.4517910">
    <ele>1128.6</ele>
   </trkpt>
   <trkpt lat="-29.8208230" lon="24.4516770">
    <ele>1128.9</ele>
   </trkpt>
   <trkpt lat="-29.8208810" lon="24.4515610">
    <ele>1129.1</ele>
   </trkpt>
   <trkpt lat="-29.8209370" lon="24.4514410">
    <ele>1129.2</ele>
   </trkpt>
   <trkpt lat="-29.8209910" lon="24.4513190">
    <ele>1129.4</ele>
   </trkpt>
   <trkpt lat="-29.8210460" lon="24.4511970">
    <ele>1129.7</ele>
   </trkpt>
   <trkpt lat="-29.8210950" lon="24.4510720">
    <ele>1129.8</ele>
   </trkpt>
   <trkpt lat="-29.8211380" lon="24.4509440">
    <ele>1129.7</ele>
   </trkpt>
   <trkpt lat="-29.8212070" lon="24.4506800">
    <ele>1129.3</ele>
   </trkpt>
   <trkpt lat="-29.8212320" lon="24.4505330">
    <ele>1129.0</ele>
   </trkpt>
   <trkpt lat="-29.8212540" lon="24.4503860">
    <ele>1128.7</ele>
   </trkpt>
   <trkpt lat="-29.8212710" lon="24.4502380">
    <ele>1128.5</ele>
   </trkpt>
   <trkpt lat="-29.8212780" lon="24.4500900">
    <ele>1128.2</ele>
   </trkpt>
   <trkpt lat="-29.8212760" lon="24.4499440">
    <ele>1128.0</ele>
   </trkpt>
   <trkpt lat="-29.8212650" lon="24.4497990">
    <ele>1127.8</ele>
   </trkpt>
   <trkpt lat="-29.8212420" lon="24.4496570">
    <ele>1127.5</ele>
   </trkpt>
   <trkpt lat="-29.8212100" lon="24.4495160">
    <ele>1127.1</ele>
   </trkpt>
   <trkpt lat="-29.8211680" lon="24.4493830">
    <ele>1126.8</ele>
   </trkpt>
   <trkpt lat="-29.8211210" lon="24.4492500">
    <ele>1126.4</ele>
   </trkpt>
   <trkpt lat="-29.8210700" lon="24.4491200">
    <ele>1125.9</ele>
   </trkpt>
   <trkpt lat="-29.8210140" lon="24.4489910">
    <ele>1125.4</ele>
   </trkpt>
   <trkpt lat="-29.8209600" lon="24.4488600">
    <ele>1125.0</ele>
   </trkpt>
   <trkpt lat="-29.8209050" lon="24.4487300">
    <ele>1124.5</ele>
   </trkpt>
   <trkpt lat="-29.8208470" lon="24.4486000">
    <ele>1123.9</ele>
   </trkpt>
   <trkpt lat="-29.8207880" lon="24.4484690">
    <ele>1123.3</ele>
   </trkpt>
   <trkpt lat="-29.8207300" lon="24.4483410">
    <ele>1122.7</ele>
   </trkpt>
   <trkpt lat="-29.8206730" lon="24.4482120">
    <ele>1122.1</ele>
   </trkpt>
   <trkpt lat="-29.8206090" lon="24.4480810">
    <ele>1121.4</ele>
   </trkpt>
   <trkpt lat="-29.8205430" lon="24.4479470">
    <ele>1120.8</ele>
   </trkpt>
   <trkpt lat="-29.8204740" lon="24.4478110">
    <ele>1120.1</ele>
   </trkpt>
   <trkpt lat="-29.8204030" lon="24.4476740">
    <ele>1119.7</ele>
   </trkpt>
   <trkpt lat="-29.8203310" lon="24.4475380">
    <ele>1119.2</ele>
   </trkpt>
   <trkpt lat="-29.8202600" lon="24.4474090">
    <ele>1118.8</ele>
   </trkpt>
   <trkpt lat="-29.8201910" lon="24.4472810">
    <ele>1118.4</ele>
   </trkpt>
   <trkpt lat="-29.8201230" lon="24.4471550">
    <ele>1117.9</ele>
   </trkpt>
   <trkpt lat="-29.8200590" lon="24.4470320">
    <ele>1117.5</ele>
   </trkpt>
   <trkpt lat="-29.8199980" lon="24.4469060">
    <ele>1117.2</ele>
   </trkpt>
   <trkpt lat="-29.8199440" lon="24.4467820">
    <ele>1117.0</ele>
   </trkpt>
   <trkpt lat="-29.8198970" lon="24.4466570">
    <ele>1116.7</ele>
   </trkpt>
   <trkpt lat="-29.8198580" lon="24.4465230">
    <ele>1116.3</ele>
   </trkpt>
   <trkpt lat="-29.8198280" lon="24.4463860">
    <ele>1115.9</ele>
   </trkpt>
   <trkpt lat="-29.8198130" lon="24.4462420">
    <ele>1115.3</ele>
   </trkpt>
   <trkpt lat="-29.8198050" lon="24.4460870">
    <ele>1114.5</ele>
   </trkpt>
   <trkpt lat="-29.8197980" lon="24.4459270">
    <ele>1113.7</ele>
   </trkpt>
   <trkpt lat="-29.8197930" lon="24.4457640">
    <ele>1112.8</ele>
   </trkpt>
   <trkpt lat="-29.8197870" lon="24.4456060">
    <ele>1111.9</ele>
   </trkpt>
   <trkpt lat="-29.8197790" lon="24.4454520">
    <ele>1111.0</ele>
   </trkpt>
   <trkpt lat="-29.8197720" lon="24.4452940">
    <ele>1110.2</ele>
   </trkpt>
   <trkpt lat="-29.8197630" lon="24.4451310">
    <ele>1109.6</ele>
   </trkpt>
   <trkpt lat="-29.8197540" lon="24.4449650">
    <ele>1108.9</ele>
   </trkpt>
   <trkpt lat="-29.8197440" lon="24.4447950">
    <ele>1108.2</ele>
   </trkpt>
   <trkpt lat="-29.8197360" lon="24.4446250">
    <ele>1107.6</ele>
   </trkpt>
   <trkpt lat="-29.8197290" lon="24.4444580">
    <ele>1107.1</ele>
   </trkpt>
   <trkpt lat="-29.8197210" lon="24.4443040">
    <ele>1106.6</ele>
   </trkpt>
   <trkpt lat="-29.8197090" lon="24.4441590">
    <ele>1106.2</ele>
   </trkpt>
   <trkpt lat="-29.8196990" lon="24.4440080">
    <ele>1105.8</ele>
   </trkpt>
   <trkpt lat="-29.8196910" lon="24.4438480">
    <ele>1105.5</ele>
   </trkpt>
   <trkpt lat="-29.8196830" lon="24.4436870">
    <ele>1105.1</ele>
   </trkpt>
   <trkpt lat="-29.8196750" lon="24.4435290">
    <ele>1104.8</ele>
   </trkpt>
   <trkpt lat="-29.8196640" lon="24.4433750">
    <ele>1104.5</ele>
   </trkpt>
   <trkpt lat="-29.8196530" lon="24.4432240">
    <ele>1104.3</ele>
   </trkpt>
   <trkpt lat="-29.8196410" lon="24.4430700">
    <ele>1104.0</ele>
   </trkpt>
   <trkpt lat="-29.8196300" lon="24.4429190">
    <ele>1103.8</ele>
   </trkpt>
   <trkpt lat="-29.8196200" lon="24.4427690">
    <ele>1103.4</ele>
   </trkpt>
   <trkpt lat="-29.8196080" lon="24.4426260">
    <ele>1103.1</ele>
   </trkpt>
   <trkpt lat="-29.8195970" lon="24.4424860">
    <ele>1102.7</ele>
   </trkpt>
   <trkpt lat="-29.8195910" lon="24.4423460">
    <ele>1102.3</ele>
   </trkpt>
   <trkpt lat="-29.8195870" lon="24.4422060">
    <ele>1101.9</ele>
   </trkpt>
   <trkpt lat="-29.8195800" lon="24.4420670">
    <ele>1101.5</ele>
   </trkpt>
   <trkpt lat="-29.8195740" lon="24.4419280">
    <ele>1101.0</ele>
   </trkpt>
   <trkpt lat="-29.8195640" lon="24.4417910">
    <ele>1100.4</ele>
   </trkpt>
   <trkpt lat="-29.8195540" lon="24.4416550">
    <ele>1099.8</ele>
   </trkpt>
   <trkpt lat="-29.8195450" lon="24.4415140">
    <ele>1099.2</ele>
   </trkpt>
   <trkpt lat="-29.8195440" lon="24.4413670">
    <ele>1098.7</ele>
   </trkpt>
   <trkpt lat="-29.8195410" lon="24.4412140">
    <ele>1098.3</ele>
   </trkpt>
   <trkpt lat="-29.8195290" lon="24.4410600">
    <ele>1098.1</ele>
   </trkpt>
   <trkpt lat="-29.8195130" lon="24.4409070">
    <ele>1098.1</ele>
   </trkpt>
   <trkpt lat="-29.8194930" lon="24.4407590">
    <ele>1098.1</ele>
   </trkpt>
   <trkpt lat="-29.8194720" lon="24.4406230">
    <ele>1098.1</ele>
   </trkpt>
   <trkpt lat="-29.8194420" lon="24.4404960">
    <ele>1097.9</ele>
   </trkpt>
   <trkpt lat="-29.8194080" lon="24.4403720">
    <ele>1097.5</ele>
   </trkpt>
   <trkpt lat="-29.8193700" lon="24.4402470">
    <ele>1096.7</ele>
   </trkpt>
   <trkpt lat="-29.8193430" lon="24.4401170">
    <ele>1096.0</ele>
   </trkpt>
   <trkpt lat="-29.8193190" lon="24.4399950">
    <ele>1095.4</ele>
   </trkpt>
   <trkpt lat="-29.8193060" lon="24.4398700">
    <ele>1094.9</ele>
   </trkpt>
   <trkpt lat="-29.8193000" lon="24.4397700">
    <ele>1094.6</ele>
   </trkpt>
   <trkpt lat="-29.8192950" lon="24.4396730">
    <ele>1094.5</ele>
   </trkpt>
   <trkpt lat="-29.8192860" lon="24.4395640">
    <ele>1094.6</ele>
   </trkpt>
   <trkpt lat="-29.8192740" lon="24.4394460">
    <ele>1094.6</ele>
   </trkpt>
   <trkpt lat="-29.8192620" lon="24.4393240">
    <ele>1094.6</ele>
   </trkpt>
   <trkpt lat="-29.8192480" lon="24.4391970">
    <ele>1094.6</ele>
   </trkpt>
   <trkpt lat="-29.8192280" lon="24.4390650">
    <ele>1094.7</ele>
   </trkpt>
   <trkpt lat="-29.8192050" lon="24.4389260">
    <ele>1094.7</ele>
   </trkpt>
   <trkpt lat="-29.8191830" lon="24.4387830">
    <ele>1094.9</ele>
   </trkpt>
   <trkpt lat="-29.8191600" lon="24.4386360">
    <ele>1095.0</ele>
   </trkpt>
   <trkpt lat="-29.8191390" lon="24.4384900">
    <ele>1095.2</ele>
   </trkpt>
   <trkpt lat="-29.8191200" lon="24.4383490">
    <ele>1095.4</ele>
   </trkpt>
   <trkpt lat="-29.8191010" lon="24.4382110">
    <ele>1095.5</ele>
   </trkpt>
   <trkpt lat="-29.8190810" lon="24.4380760">
    <ele>1095.6</ele>
   </trkpt>
   <trkpt lat="-29.8190520" lon="24.4379430">
    <ele>1095.7</ele>
   </trkpt>
   <trkpt lat="-29.8190090" lon="24.4378100">
    <ele>1095.8</ele>
   </trkpt>
   <trkpt lat="-29.8189530" lon="24.4376810">
    <ele>1095.9</ele>
   </trkpt>
   <trkpt lat="-29.8188840" lon="24.4375550">
    <ele>1096.1</ele>
   </trkpt>
   <trkpt lat="-29.8188040" lon="24.4374400">
    <ele>1096.2</ele>
   </trkpt>
   <trkpt lat="-29.8187220" lon="24.4373270">
    <ele>1096.3</ele>
   </trkpt>
   <trkpt lat="-29.8186430" lon="24.4372090">
    <ele>1096.3</ele>
   </trkpt>
   <trkpt lat="-29.8185630" lon="24.4370940">
    <ele>1096.4</ele>
   </trkpt>
   <trkpt lat="-29.8184790" lon="24.4369790">
    <ele>1096.3</ele>
   </trkpt>
   <trkpt lat="-29.8183980" lon="24.4368650">
    <ele>1096.3</ele>
   </trkpt>
   <trkpt lat="-29.8183230" lon="24.4367520">
    <ele>1096.3</ele>
   </trkpt>
   <trkpt lat="-29.8182510" lon="24.4366420">
    <ele>1096.3</ele>
   </trkpt>
   <trkpt lat="-29.8181740" lon="24.4365350">
    <ele>1096.4</ele>
   </trkpt>
   <trkpt lat="-29.8180960" lon="24.4364260">
    <ele>1096.4</ele>
   </trkpt>
   <trkpt lat="-29.8180180" lon="24.4363130">
    <ele>1096.4</ele>
   </trkpt>
   <trkpt lat="-29.8179370" lon="24.4361980">
    <ele>1096.4</ele>
   </trkpt>
   <trkpt lat="-29.8178610" lon="24.4360840">
    <ele>1096.4</ele>
   </trkpt>
   <trkpt lat="-29.8177880" lon="24.4359750">
    <ele>1096.5</ele>
   </trkpt>
   <trkpt lat="-29.8177180" lon="24.4358680">
    <ele>1096.5</ele>
   </trkpt>
   <trkpt lat="-29.8176510" lon="24.4357610">
    <ele>1096.5</ele>
   </trkpt>
   <trkpt lat="-29.8175800" lon="24.4356540">
    <ele>1096.5</ele>
   </trkpt>
   <trkpt lat="-29.8175030" lon="24.4355460">
    <ele>1096.4</ele>
   </trkpt>
   <trkpt lat="-29.8174230" lon="24.4354400">
    <ele>1096.4</ele>
   </trkpt>
   <trkpt lat="-29.8173360" lon="24.4353340">
    <ele>1096.3</ele>
   </trkpt>
   <trkpt lat="-29.8172450" lon="24.4352320">
    <ele>1096.2</ele>
   </trkpt>
   <trkpt lat="-29.8171570" lon="24.4351330">
    <ele>1096.0</ele>
   </trkpt>
   <trkpt lat="-29.8170680" lon="24.4350310">
    <ele>1095.9</ele>
   </trkpt>
   <trkpt lat="-29.8169770" lon="24.4349230">
    <ele>1095.8</ele>
   </trkpt>
   <trkpt lat="-29.8168830" lon="24.4348150">
    <ele>1095.7</ele>
   </trkpt>
   <trkpt lat="-29.8167880" lon="24.4347090">
    <ele>1095.6</ele>
   </trkpt>
   <trkpt lat="-29.8166940" lon="24.4346010">
    <ele>1095.5</ele>
   </trkpt>
   <trkpt lat="-29.8165990" lon="24.4344950">
    <ele>1095.4</ele>
   </trkpt>
   <trkpt lat="-29.8165050" lon="24.4343870">
    <ele>1095.3</ele>
   </trkpt>
   <trkpt lat="-29.8164100" lon="24.4342780">
    <ele>1095.3</ele>
   </trkpt>
   <trkpt lat="-29.8163150" lon="24.4341720">
    <ele>1095.2</ele>
   </trkpt>
   <trkpt lat="-29.8162180" lon="24.4340630">
    <ele>1095.0</ele>
   </trkpt>
   <trkpt lat="-29.8160350" lon="24.4338360">
    <ele>1094.8</ele>
   </trkpt>
   <trkpt lat="-29.8159390" lon="24.4337300">
    <ele>1094.8</ele>
   </trkpt>
   <trkpt lat="-29.8158430" lon="24.4336190">
    <ele>1094.8</ele>
   </trkpt>
   <trkpt lat="-29.8157420" lon="24.4335110">
    <ele>1094.8</ele>
   </trkpt>
   <trkpt lat="-29.8156400" lon="24.4334020">
    <ele>1094.9</ele>
   </trkpt>
   <trkpt lat="-29.8155400" lon="24.4332930">
    <ele>1095.0</ele>
   </trkpt>
   <trkpt lat="-29.8154440" lon="24.4331780">
    <ele>1095.1</ele>
   </trkpt>
   <trkpt lat="-29.8153510" lon="24.4330630">
    <ele>1095.2</ele>
   </trkpt>
   <trkpt lat="-29.8152630" lon="24.4329430">
    <ele>1095.2</ele>
   </trkpt>
   <trkpt lat="-29.8151740" lon="24.4328230">
    <ele>1095.2</ele>
   </trkpt>
   <trkpt lat="-29.8150880" lon="24.4327030">
    <ele>1095.3</ele>
   </trkpt>
   <trkpt lat="-29.8150060" lon="24.4325850">
    <ele>1095.3</ele>
   </trkpt>
   <trkpt lat="-29.8149340" lon="24.4324670">
    <ele>1095.4</ele>
   </trkpt>
   <trkpt lat="-29.8148650" lon="24.4323450">
    <ele>1095.4</ele>
   </trkpt>
   <trkpt lat="-29.8148050" lon="24.4322280">
    <ele>1095.1</ele>
   </trkpt>
   <trkpt lat="-29.8147480" lon="24.4321080">
    <ele>1094.5</ele>
   </trkpt>
   <trkpt lat="-29.8146950" lon="24.4319910">
    <ele>1093.8</ele>
   </trkpt>
   <trkpt lat="-29.8146440" lon="24.4318790">
    <ele>1093.3</ele>
   </trkpt>
   <trkpt lat="-29.8146100" lon="24.4317830">
    <ele>1093.1</ele>
   </trkpt>
   <trkpt lat="-29.8145850" lon="24.4317060">
    <ele>1093.0</ele>
   </trkpt>
   <trkpt lat="-29.8145590" lon="24.4316330">
    <ele>1093.0</ele>
   </trkpt>
   <trkpt lat="-29.8145360" lon="24.4315610">
    <ele>1093.0</ele>
   </trkpt>
   <trkpt lat="-29.8144920" lon="24.4314930">
    <ele>1093.0</ele>
   </trkpt>
   <trkpt lat="-29.8144630" lon="24.4314190">
    <ele>1093.2</ele>
   </trkpt>
   <trkpt lat="-29.8144310" lon="24.4313450">
    <ele>1093.6</ele>
   </trkpt>
   <trkpt lat="-29.8143970" lon="24.4312660">
    <ele>1094.0</ele>
   </trkpt>
   <trkpt lat="-29.8143590" lon="24.4311870">
    <ele>1094.6</ele>
   </trkpt>
   <trkpt lat="-29.8143240" lon="24.4311020">
    <ele>1095.1</ele>
   </trkpt>
   <trkpt lat="-29.8142860" lon="24.4310130">
    <ele>1095.5</ele>
   </trkpt>
   <trkpt lat="-29.8142380" lon="24.4309280">
    <ele>1095.9</ele>
   </trkpt>
   <trkpt lat="-29.8141890" lon="24.4308290">
    <ele>1096.3</ele>
   </trkpt>
   <trkpt lat="-29.8141390" lon="24.4307230">
    <ele>1096.6</ele>
   </trkpt>
   <trkpt lat="-29.8140900" lon="24.4306140">
    <ele>1096.9</ele>
   </trkpt>
   <trkpt lat="-29.8140440" lon="24.4305040">
    <ele>1097.2</ele>
   </trkpt>
   <trkpt lat="-29.8140030" lon="24.4303920">
    <ele>1097.5</ele>
   </trkpt>
   <trkpt lat="-29.8139730" lon="24.4302710">
    <ele>1097.7</ele>
   </trkpt>
   <trkpt lat="-29.8139420" lon="24.4301480">
    <ele>1098.0</ele>
   </trkpt>
   <trkpt lat="-29.8139210" lon="24.4300190">
    <ele>1098.1</ele>
   </trkpt>
   <trkpt lat="-29.8139080" lon="24.4298870">
    <ele>1098.3</ele>
   </trkpt>
   <trkpt lat="-29.8139120" lon="24.4297570">
    <ele>1098.4</ele>
   </trkpt>
   <trkpt lat="-29.8139350" lon="24.4296320">
    <ele>1098.6</ele>
   </trkpt>
   <trkpt lat="-29.8139740" lon="24.4295100">
    <ele>1098.7</ele>
   </trkpt>
   <trkpt lat="-29.8140250" lon="24.4293900">
    <ele>1098.9</ele>
   </trkpt>
   <trkpt lat="-29.8140800" lon="24.4292690">
    <ele>1099.1</ele>
   </trkpt>
   <trkpt lat="-29.8141360" lon="24.4291480">
    <ele>1099.3</ele>
   </trkpt>
   <trkpt lat="-29.8141920" lon="24.4290230">
    <ele>1099.4</ele>
   </trkpt>
   <trkpt lat="-29.8142460" lon="24.4288940">
    <ele>1099.6</ele>
   </trkpt>
   <trkpt lat="-29.8142990" lon="24.4287670">
    <ele>1099.8</ele>
   </trkpt>
   <trkpt lat="-29.8143500" lon="24.4286380">
    <ele>1099.9</ele>
   </trkpt>
   <trkpt lat="-29.8144010" lon="24.4285080">
    <ele>1100.1</ele>
   </trkpt>
   <trkpt lat="-29.8144520" lon="24.4283760">
    <ele>1100.2</ele>
   </trkpt>
   <trkpt lat="-29.8144980" lon="24.4282440">
    <ele>1100.3</ele>
   </trkpt>
   <trkpt lat="-29.8145470" lon="24.4281110">
    <ele>1100.3</ele>
   </trkpt>
   <trkpt lat="-29.8145930" lon="24.4279770">
    <ele>1100.3</ele>
   </trkpt>
   <trkpt lat="-29.8146390" lon="24.4278430">
    <ele>1100.3</ele>
   </trkpt>
   <trkpt lat="-29.8146870" lon="24.4277130">
    <ele>1100.4</ele>
   </trkpt>
   <trkpt lat="-29.8147370" lon="24.4275860">
    <ele>1100.5</ele>
   </trkpt>
   <trkpt lat="-29.8147870" lon="24.4274610">
    <ele>1100.6</ele>
   </trkpt>
   <trkpt lat="-29.8148330" lon="24.4273330">
    <ele>1100.6</ele>
   </trkpt>
   <trkpt lat="-29.8148790" lon="24.4272030">
    <ele>1100.6</ele>
   </trkpt>
   <trkpt lat="-29.8149250" lon="24.4270710">
    <ele>1100.7</ele>
   </trkpt>
   <trkpt lat="-29.8149710" lon="24.4269360">
    <ele>1100.7</ele>
   </trkpt>
   <trkpt lat="-29.8150160" lon="24.4267970">
    <ele>1100.7</ele>
   </trkpt>
   <trkpt lat="-29.8150580" lon="24.4266590">
    <ele>1100.6</ele>
   </trkpt>
   <trkpt lat="-29.8151010" lon="24.4265300">
    <ele>1100.6</ele>
   </trkpt>
   <trkpt lat="-29.8151390" lon="24.4264020">
    <ele>1100.5</ele>
   </trkpt>
   <trkpt lat="-29.8151750" lon="24.4262760">
    <ele>1100.4</ele>
   </trkpt>
   <trkpt lat="-29.8152130" lon="24.4261520">
    <ele>1100.4</ele>
   </trkpt>
   <trkpt lat="-29.8152510" lon="24.4260330">
    <ele>1100.5</ele>
   </trkpt>
   <trkpt lat="-29.8152880" lon="24.4259100">
    <ele>1100.6</ele>
   </trkpt>
   <trkpt lat="-29.8153310" lon="24.4257850">
    <ele>1100.7</ele>
   </trkpt>
   <trkpt lat="-29.8153670" lon="24.4256530">
    <ele>1100.8</ele>
   </trkpt>
   <trkpt lat="-29.8154080" lon="24.4255250">
    <ele>1100.8</ele>
   </trkpt>
   <trkpt lat="-29.8154470" lon="24.4254030">
    <ele>1100.8</ele>
   </trkpt>
   <trkpt lat="-29.8154790" lon="24.4252840">
    <ele>1100.9</ele>
   </trkpt>
   <trkpt lat="-29.8155110" lon="24.4251650">
    <ele>1100.9</ele>
   </trkpt>
   <trkpt lat="-29.8155440" lon="24.4250430">
    <ele>1101.0</ele>
   </trkpt>
   <trkpt lat="-29.8155790" lon="24.4249170">
    <ele>1101.1</ele>
   </trkpt>
   <trkpt lat="-29.8156140" lon="24.4247910">
    <ele>1101.2</ele>
   </trkpt>
   <trkpt lat="-29.8156490" lon="24.4246590">
    <ele>1101.4</ele>
   </trkpt>
   <trkpt lat="-29.8156870" lon="24.4245280">
    <ele>1101.5</ele>
   </trkpt>
   <trkpt lat="-29.8157290" lon="24.4244010">
    <ele>1101.6</ele>
   </trkpt>
   <trkpt lat="-29.8157660" lon="24.4242760">
    <ele>1101.7</ele>
   </trkpt>
   <trkpt lat="-29.8158010" lon="24.4241430">
    <ele>1101.8</ele>
   </trkpt>
   <trkpt lat="-29.8158410" lon="24.4240120">
    <ele>1102.0</ele>
   </trkpt>
   <trkpt lat="-29.8158800" lon="24.4238750">
    <ele>1102.2</ele>
   </trkpt>
   <trkpt lat="-29.8159290" lon="24.4237370">
    <ele>1102.4</ele>
   </trkpt>
   <trkpt lat="-29.8159700" lon="24.4235970">
    <ele>1102.7</ele>
   </trkpt>
   <trkpt lat="-29.8160070" lon="24.4234600">
    <ele>1102.9</ele>
   </trkpt>
   <trkpt lat="-29.8160420" lon="24.4233290">
    <ele>1103.2</ele>
   </trkpt>
   <trkpt lat="-29.8160740" lon="24.4232080">
    <ele>1103.4</ele>
   </trkpt>
   <trkpt lat="-29.8161190" lon="24.4230970">
    <ele>1103.6</ele>
   </trkpt>
   <trkpt lat="-29.8161450" lon="24.4229830">
    <ele>1103.8</ele>
   </trkpt>
   <trkpt lat="-29.8161750" lon="24.4228930">
    <ele>1103.9</ele>
   </trkpt>
   <trkpt lat="-29.8162060" lon="24.4228150">
    <ele>1104.1</ele>
   </trkpt>
   <trkpt lat="-29.8162330" lon="24.4227360">
    <ele>1104.3</ele>
   </trkpt>
   <trkpt lat="-29.8162520" lon="24.4226460">
    <ele>1104.6</ele>
   </trkpt>
   <trkpt lat="-29.8162790" lon="24.4225490">
    <ele>1104.9</ele>
   </trkpt>
   <trkpt lat="-29.8163090" lon="24.4224480">
    <ele>1105.1</ele>
   </trkpt>
   <trkpt lat="-29.8163440" lon="24.4223440">
    <ele>1105.4</ele>
   </trkpt>
   <trkpt lat="-29.8163820" lon="24.4222360">
    <ele>1105.7</ele>
   </trkpt>
   <trkpt lat="-29.8164250" lon="24.4221290">
    <ele>1106.0</ele>
   </trkpt>
   <trkpt lat="-29.8164640" lon="24.4220170">
    <ele>1106.2</ele>
   </trkpt>
   <trkpt lat="-29.8164990" lon="24.4219020">
    <ele>1106.5</ele>
   </trkpt>
   <trkpt lat="-29.8165330" lon="24.4217850">
    <ele>1106.8</ele>
   </trkpt>
   <trkpt lat="-29.8165640" lon="24.4216660">
    <ele>1107.1</ele>
   </trkpt>
   <trkpt lat="-29.8165930" lon="24.4215460">
    <ele>1107.4</ele>
   </trkpt>
   <trkpt lat="-29.8166190" lon="24.4214240">
    <ele>1107.7</ele>
   </trkpt>
   <trkpt lat="-29.8166430" lon="24.4213000">
    <ele>1107.9</ele>
   </trkpt>
   <trkpt lat="-29.8166680" lon="24.4211700">
    <ele>1108.2</ele>
   </trkpt>
   <trkpt lat="-29.8166940" lon="24.4210390">
    <ele>1108.4</ele>
   </trkpt>
   <trkpt lat="-29.8167180" lon="24.4209070">
    <ele>1108.7</ele>
   </trkpt>
   <trkpt lat="-29.8167400" lon="24.4207710">
    <ele>1109.0</ele>
   </trkpt>
   <trkpt lat="-29.8167570" lon="24.4206380">
    <ele>1109.5</ele>
   </trkpt>
   <trkpt lat="-29.8167710" lon="24.4205110">
    <ele>1110.0</ele>
   </trkpt>
   <trkpt lat="-29.8167890" lon="24.4203750">
    <ele>1110.6</ele>
   </trkpt>
   <trkpt lat="-29.8168040" lon="24.4202400">
    <ele>1111.3</ele>
   </trkpt>
   <trkpt lat="-29.8168220" lon="24.4201220">
    <ele>1111.8</ele>
   </trkpt>
   <trkpt lat="-29.8168350" lon="24.4199900">
    <ele>1112.4</ele>
   </trkpt>
   <trkpt lat="-29.8168600" lon="24.4198580">
    <ele>1113.1</ele>
   </trkpt>
   <trkpt lat="-29.8168840" lon="24.4197320">
    <ele>1113.7</ele>
   </trkpt>
   <trkpt lat="-29.8169140" lon="24.4196130">
    <ele>1114.3</ele>
   </trkpt>
   <trkpt lat="-29.8169450" lon="24.4195000">
    <ele>1114.9</ele>
   </trkpt>
   <trkpt lat="-29.8170230" lon="24.4192910">
    <ele>1116.1</ele>
   </trkpt>
   <trkpt lat="-29.8170740" lon="24.4191950">
    <ele>1116.7</ele>
   </trkpt>
   <trkpt lat="-29.8171330" lon="24.4191030">
    <ele>1117.2</ele>
   </trkpt>
   <trkpt lat="-29.8172000" lon="24.4190150">
    <ele>1117.7</ele>
   </trkpt>
   <trkpt lat="-29.8172750" lon="24.4189340">
    <ele>1118.2</ele>
   </trkpt>
   <trkpt lat="-29.8173530" lon="24.4188560">
    <ele>1118.9</ele>
   </trkpt>
   <trkpt lat="-29.8174340" lon="24.4187750">
    <ele>1119.7</ele>
   </trkpt>
   <trkpt lat="-29.8175170" lon="24.4186990">
    <ele>1120.4</ele>
   </trkpt>
   <trkpt lat="-29.8176010" lon="24.4186200">
    <ele>1121.1</ele>
   </trkpt>
   <trkpt lat="-29.8176840" lon="24.4185410">
    <ele>1121.6</ele>
   </trkpt>
   <trkpt lat="-29.8177690" lon="24.4184680">
    <ele>1122.1</ele>
   </trkpt>
   <trkpt lat="-29.8178520" lon="24.4183980">
    <ele>1122.6</ele>
   </trkpt>
   <trkpt lat="-29.8179330" lon="24.4183330">
    <ele>1123.0</ele>
   </trkpt>
   <trkpt lat="-29.8180100" lon="24.4182690">
    <ele>1123.4</ele>
   </trkpt>
   <trkpt lat="-29.8180850" lon="24.4182080">
    <ele>1123.7</ele>
   </trkpt>
   <trkpt lat="-29.8181550" lon="24.4181450">
    <ele>1124.0</ele>
   </trkpt>
   <trkpt lat="-29.8182230" lon="24.4180840">
    <ele>1124.2</ele>
   </trkpt>
   <trkpt lat="-29.8182990" lon="24.4180180">
    <ele>1124.5</ele>
   </trkpt>
   <trkpt lat="-29.8183690" lon="24.4179510">
    <ele>1124.7</ele>
   </trkpt>
   <trkpt lat="-29.8184410" lon="24.4178790">
    <ele>1124.9</ele>
   </trkpt>
   <trkpt lat="-29.8185100" lon="24.4178090">
    <ele>1125.1</ele>
   </trkpt>
   <trkpt lat="-29.8185730" lon="24.4177480">
    <ele>1125.2</ele>
   </trkpt>
   <trkpt lat="-29.8186340" lon="24.4176860">
    <ele>1125.3</ele>
   </trkpt>
   <trkpt lat="-29.8186890" lon="24.4176220">
    <ele>1125.4</ele>
   </trkpt>
   <trkpt lat="-29.8187410" lon="24.4175550">
    <ele>1125.4</ele>
   </trkpt>
   <trkpt lat="-29.8187840" lon="24.4174860">
    <ele>1125.4</ele>
   </trkpt>
   <trkpt lat="-29.8188190" lon="24.4174160">
    <ele>1125.4</ele>
   </trkpt>
   <trkpt lat="-29.8188470" lon="24.4173500">
    <ele>1125.5</ele>
   </trkpt>
   <trkpt lat="-29.8188690" lon="24.4172890">
    <ele>1125.5</ele>
   </trkpt>
   <trkpt lat="-29.8188820" lon="24.4172480">
    <ele>1125.5</ele>
   </trkpt>
   <trkpt lat="-29.8188920" lon="24.4172120">
    <ele>1125.5</ele>
   </trkpt>
   <trkpt lat="-29.8188950" lon="24.4171920">
    <ele>1125.6</ele>
   </trkpt>
   <trkpt lat="-29.8188920" lon="24.4171790">
    <ele>1125.6</ele>
   </trkpt>
   <trkpt lat="-29.8188910" lon="24.4171470">
    <ele>1125.6</ele>
   </trkpt>
   <trkpt lat="-29.8188920" lon="24.4171250">
    <ele>1125.7</ele>
   </trkpt>
   <trkpt lat="-29.8188920" lon="24.4171030">
    <ele>1125.7</ele>
   </trkpt>
   <trkpt lat="-29.8188960" lon="24.4170510">
    <ele>1125.8</ele>
   </trkpt>
   <trkpt lat="-29.8189020" lon="24.4169990">
    <ele>1125.9</ele>
   </trkpt>
   <trkpt lat="-29.8189130" lon="24.4169390">
    <ele>1126.0</ele>
   </trkpt>
   <trkpt lat="-29.8189250" lon="24.4168720">
    <ele>1126.1</ele>
   </trkpt>
   <trkpt lat="-29.8189350" lon="24.4167970">
    <ele>1126.2</ele>
   </trkpt>
   <trkpt lat="-29.8189390" lon="24.4167260">
    <ele>1126.3</ele>
   </trkpt>
   <trkpt lat="-29.8189260" lon="24.4166670">
    <ele>1126.4</ele>
   </trkpt>
   <trkpt lat="-29.8188930" lon="24.4166260">
    <ele>1126.5</ele>
   </trkpt>
   <trkpt lat="-29.8188530" lon="24.4166060">
    <ele>1126.5</ele>
   </trkpt>
   <trkpt lat="-29.8188130" lon="24.4165990">
    <ele>1126.5</ele>
   </trkpt>
   <trkpt lat="-29.8187750" lon="24.4165990">
    <ele>1126.5</ele>
   </trkpt>
   <trkpt lat="-29.8187240" lon="24.4165960">
    <ele>1126.5</ele>
   </trkpt>
   <trkpt lat="-29.8186720" lon="24.4165830">
    <ele>1126.5</ele>
   </trkpt>
   <trkpt lat="-29.8186170" lon="24.4165670">
    <ele>1126.5</ele>
   </trkpt>
   <trkpt lat="-29.8185620" lon="24.4165570">
    <ele>1126.6</ele>
   </trkpt>
   <trkpt lat="-29.8185140" lon="24.4165560">
    <ele>1126.6</ele>
   </trkpt>
   <trkpt lat="-29.8184680" lon="24.4165660">
    <ele>1126.6</ele>
   </trkpt>
   <trkpt lat="-29.8184290" lon="24.4166040">
    <ele>1126.5</ele>
   </trkpt>
   <trkpt lat="-29.8184030" lon="24.4166580">
    <ele>1126.3</ele>
   </trkpt>
   <trkpt lat="-29.8183810" lon="24.4167270">
    <ele>1126.2</ele>
   </trkpt>
   <trkpt lat="-29.8183610" lon="24.4168030">
    <ele>1126.0</ele>
   </trkpt>
   <trkpt lat="-29.8183440" lon="24.4168890">
    <ele>1125.8</ele>
   </trkpt>
   <trkpt lat="-29.8183280" lon="24.4169760">
    <ele>1125.6</ele>
   </trkpt>
   <trkpt lat="-29.8183100" lon="24.4170600">
    <ele>1125.4</ele>
   </trkpt>
   <trkpt lat="-29.8182870" lon="24.4171440">
    <ele>1125.3</ele>
   </trkpt>
   <trkpt lat="-29.8182520" lon="24.4172160">
    <ele>1125.1</ele>
   </trkpt>
   <trkpt lat="-29.8182050" lon="24.4172940">
    <ele>1124.9</ele>
   </trkpt>
   <trkpt lat="-29.8181550" lon="24.4173580">
    <ele>1124.7</ele>
   </trkpt>
   <trkpt lat="-29.8181020" lon="24.4174200">
    <ele>1124.6</ele>
   </trkpt>
   <trkpt lat="-29.8180480" lon="24.4174830">
    <ele>1124.3</ele>
   </trkpt>
   <trkpt lat="-29.8179930" lon="24.4175420">
    <ele>1123.9</ele>
   </trkpt>
   <trkpt lat="-29.8179410" lon="24.4175950">
    <ele>1123.4</ele>
   </trkpt>
   <trkpt lat="-29.8178920" lon="24.4176410">
    <ele>1123.0</ele>
   </trkpt>
   <trkpt lat="-29.8178300" lon="24.4176660">
    <ele>1122.6</ele>
   </trkpt>
   <trkpt lat="-29.8177520" lon="24.4176670">
    <ele>1122.2</ele>
   </trkpt>
   <trkpt lat="-29.8176720" lon="24.4176380">
    <ele>1121.8</ele>
   </trkpt>
   <trkpt lat="-29.8175970" lon="24.4176030">
    <ele>1121.7</ele>
   </trkpt>
   <trkpt lat="-29.8175230" lon="24.4175760">
    <ele>1121.6</ele>
   </trkpt>
   <trkpt lat="-29.8174440" lon="24.4175510">
    <ele>1121.5</ele>
   </trkpt>
   <trkpt lat="-29.8173570" lon="24.4175270">
    <ele>1121.5</ele>
   </trkpt>
   <trkpt lat="-29.8172620" lon="24.4175030">
    <ele>1121.6</ele>
   </trkpt>
   <trkpt lat="-29.8171650" lon="24.4174760">
    <ele>1121.8</ele>
   </trkpt>
   <trkpt lat="-29.8170750" lon="24.4174420">
    <ele>1122.0</ele>
   </trkpt>
   <trkpt lat="-29.8169970" lon="24.4173920">
    <ele>1122.2</ele>
   </trkpt>
   <trkpt lat="-29.8169140" lon="24.4173340">
    <ele>1122.4</ele>
   </trkpt>
   <trkpt lat="-29.8168560" lon="24.4172600">
    <ele>1122.6</ele>
   </trkpt>
   <trkpt lat="-29.8167990" lon="24.4171860">
    <ele>1122.8</ele>
   </trkpt>
   <trkpt lat="-29.8167630" lon="24.4171150">
    <ele>1123.0</ele>
   </trkpt>
   <trkpt lat="-29.8167420" lon="24.4170470">
    <ele>1123.2</ele>
   </trkpt>
   <trkpt lat="-29.8167570" lon="24.4169750">
    <ele>1123.3</ele>
   </trkpt>
   <trkpt lat="-29.8167930" lon="24.4169180">
    <ele>1123.5</ele>
   </trkpt>
   <trkpt lat="-29.8168400" lon="24.4168780">
    <ele>1123.6</ele>
   </trkpt>
   <trkpt lat="-29.8168800" lon="24.4168440">
    <ele>1123.7</ele>
   </trkpt>
   <trkpt lat="-29.8169010" lon="24.4167920">
    <ele>1123.8</ele>
   </trkpt>
   <trkpt lat="-29.8169010" lon="24.4167320">
    <ele>1124.0</ele>
   </trkpt>
   <trkpt lat="-29.8168840" lon="24.4166700">
    <ele>1124.1</ele>
   </trkpt>
   <trkpt lat="-29.8168470" lon="24.4166170">
    <ele>1124.1</ele>
   </trkpt>
   <trkpt lat="-29.8167960" lon="24.4165900">
    <ele>1124.2</ele>
   </trkpt>
   <trkpt lat="-29.8167470" lon="24.4165410">
    <ele>1124.3</ele>
   </trkpt>
   <trkpt lat="-29.8167000" lon="24.4165020">
    <ele>1124.3</ele>
   </trkpt>
   <trkpt lat="-29.8166570" lon="24.4164760">
    <ele>1124.4</ele>
   </trkpt>
   <trkpt lat="-29.8166200" lon="24.4164590">
    <ele>1124.5</ele>
   </trkpt>
   <trkpt lat="-29.8165800" lon="24.4164590">
    <ele>1124.6</ele>
   </trkpt>
   <trkpt lat="-29.8165450" lon="24.4164720">
    <ele>1124.5</ele>
   </trkpt>
   <trkpt lat="-29.8165020" lon="24.4165030">
    <ele>1124.5</ele>
   </trkpt>
   <trkpt lat="-29.8164650" lon="24.4165440">
    <ele>1124.5</ele>
   </trkpt>
   <trkpt lat="-29.8164260" lon="24.4165920">
    <ele>1124.4</ele>
   </trkpt>
   <trkpt lat="-29.8163920" lon="24.4166440">
    <ele>1124.4</ele>
   </trkpt>
   <trkpt lat="-29.8163700" lon="24.4167020">
    <ele>1124.4</ele>
   </trkpt>
   <trkpt lat="-29.8163640" lon="24.4167660">
    <ele>1124.4</ele>
   </trkpt>
   <trkpt lat="-29.8163730" lon="24.4168280">
    <ele>1124.4</ele>
   </trkpt>
   <trkpt lat="-29.8163800" lon="24.4168990">
    <ele>1124.4</ele>
   </trkpt>
   <trkpt lat="-29.8163810" lon="24.4169670">
    <ele>1124.4</ele>
   </trkpt>
   <trkpt lat="-29.8163700" lon="24.4170300">
    <ele>1124.4</ele>
   </trkpt>
   <trkpt lat="-29.8163440" lon="24.4170870">
    <ele>1124.5</ele>
   </trkpt>
   <trkpt lat="-29.8163010" lon="24.4171410">
    <ele>1124.5</ele>
   </trkpt>
   <trkpt lat="-29.8162570" lon="24.4171910">
    <ele>1124.5</ele>
   </trkpt>
   <trkpt lat="-29.8162090" lon="24.4172330">
    <ele>1124.5</ele>
   </trkpt>
   <trkpt lat="-29.8161620" lon="24.4172660">
    <ele>1124.6</ele>
   </trkpt>
   <trkpt lat="-29.8161060" lon="24.4172980">
    <ele>1124.6</ele>
   </trkpt>
   <trkpt lat="-29.8160440" lon="24.4173320">
    <ele>1124.6</ele>
   </trkpt>
   <trkpt lat="-29.8159830" lon="24.4173820">
    <ele>1124.7</ele>
   </trkpt>
   <trkpt lat="-29.8159250" lon="24.4174270">
    <ele>1124.7</ele>
   </trkpt>
   <trkpt lat="-29.8158740" lon="24.4174720">
    <ele>1124.7</ele>
   </trkpt>
   <trkpt lat="-29.8157550" lon="24.4175730">
    <ele>1124.6</ele>
   </trkpt>
   <trkpt lat="-29.8157000" lon="24.4176280">
    <ele>1124.5</ele>
   </trkpt>
   <trkpt lat="-29.8156510" lon="24.4176810">
    <ele>1124.4</ele>
   </trkpt>
   <trkpt lat="-29.8156000" lon="24.4177240">
    <ele>1124.2</ele>
   </trkpt>
   <trkpt lat="-29.8155460" lon="24.4177460">
    <ele>1124.0</ele>
   </trkpt>
   <trkpt lat="-29.8154890" lon="24.4177630">
    <ele>1123.8</ele>
   </trkpt>
   <trkpt lat="-29.8154380" lon="24.4177830">
    <ele>1123.5</ele>
   </trkpt>
   <trkpt lat="-29.8153910" lon="24.4178200">
    <ele>1123.2</ele>
   </trkpt>
   <trkpt lat="-29.8153490" lon="24.4178630">
    <ele>1122.9</ele>
   </trkpt>
   <trkpt lat="-29.8153110" lon="24.4179190">
    <ele>1122.5</ele>
   </trkpt>
   <trkpt lat="-29.8152730" lon="24.4179790">
    <ele>1122.2</ele>
   </trkpt>
   <trkpt lat="-29.8152300" lon="24.4180360">
    <ele>1121.8</ele>
   </trkpt>
   <trkpt lat="-29.8151770" lon="24.4180990">
    <ele>1121.4</ele>
   </trkpt>
   <trkpt lat="-29.8151240" lon="24.4181630">
    <ele>1121.0</ele>
   </trkpt>
   <trkpt lat="-29.8150710" lon="24.4182310">
    <ele>1120.7</ele>
   </trkpt>
   <trkpt lat="-29.8150190" lon="24.4182950">
    <ele>1120.4</ele>
   </trkpt>
   <trkpt lat="-29.8149650" lon="24.4183580">
    <ele>1120.2</ele>
   </trkpt>
   <trkpt lat="-29.8149120" lon="24.4184230">
    <ele>1120.1</ele>
   </trkpt>
   <trkpt lat="-29.8148580" lon="24.4184870">
    <ele>1119.9</ele>
   </trkpt>
   <trkpt lat="-29.8148030" lon="24.4185530">
    <ele>1119.8</ele>
   </trkpt>
   <trkpt lat="-29.8147480" lon="24.4186190">
    <ele>1119.5</ele>
   </trkpt>
   <trkpt lat="-29.8146930" lon="24.4186860">
    <ele>1119.2</ele>
   </trkpt>
   <trkpt lat="-29.8146380" lon="24.4187520">
    <ele>1118.9</ele>
   </trkpt>
   <trkpt lat="-29.8145810" lon="24.4188230">
    <ele>1118.6</ele>
   </trkpt>
   <trkpt lat="-29.8145210" lon="24.4188990">
    <ele>1118.4</ele>
   </trkpt>
   <trkpt lat="-29.8144610" lon="24.4189730">
    <ele>1118.2</ele>
   </trkpt>
   <trkpt lat="-29.8144020" lon="24.4190470">
    <ele>1118.0</ele>
   </trkpt>
   <trkpt lat="-29.8143420" lon="24.4191220">
    <ele>1117.9</ele>
   </trkpt>
   <trkpt lat="-29.8142860" lon="24.4191940">
    <ele>1117.8</ele>
   </trkpt>
   <trkpt lat="-29.8142330" lon="24.4192570">
    <ele>1117.8</ele>
   </trkpt>
   <trkpt lat="-29.8141870" lon="24.4193150">
    <ele>1117.8</ele>
   </trkpt>
   <trkpt lat="-29.8141420" lon="24.4193650">
    <ele>1117.8</ele>
   </trkpt>
   <trkpt lat="-29.8140950" lon="24.4194160">
    <ele>1117.8</ele>
   </trkpt>
   <trkpt lat="-29.8140450" lon="24.4194790">
    <ele>1117.9</ele>
   </trkpt>
   <trkpt lat="-29.8139920" lon="24.4195470">
    <ele>1117.9</ele>
   </trkpt>
   <trkpt lat="-29.8139370" lon="24.4196170">
    <ele>1118.0</ele>
   </trkpt>
   <trkpt lat="-29.8138820" lon="24.4196840">
    <ele>1118.1</ele>
   </trkpt>
   <trkpt lat="-29.8138330" lon="24.4197440">
    <ele>1118.2</ele>
   </trkpt>
   <trkpt lat="-29.8137920" lon="24.4197980">
    <ele>1118.3</ele>
   </trkpt>
   <trkpt lat="-29.8137540" lon="24.4198460">
    <ele>1118.3</ele>
   </trkpt>
   <trkpt lat="-29.8137160" lon="24.4198870">
    <ele>1118.4</ele>
   </trkpt>
   <trkpt lat="-29.8136790" lon="24.4199290">
    <ele>1118.5</ele>
   </trkpt>
   <trkpt lat="-29.8136550" lon="24.4199750">
    <ele>1118.5</ele>
   </trkpt>
   <trkpt lat="-29.8136270" lon="24.4200170">
    <ele>1118.5</ele>
   </trkpt>
   <trkpt lat="-29.8135900" lon="24.4200550">
    <ele>1118.6</ele>
   </trkpt>
   <trkpt lat="-29.8135470" lon="24.4200950">
    <ele>1118.6</ele>
   </trkpt>
   <trkpt lat="-29.8135020" lon="24.4201350">
    <ele>1118.6</ele>
   </trkpt>
   <trkpt lat="-29.8134620" lon="24.4201730">
    <ele>1118.6</ele>
   </trkpt>
   <trkpt lat="-29.8134300" lon="24.4202100">
    <ele>1118.6</ele>
   </trkpt>
   <trkpt lat="-29.8134010" lon="24.4202610">
    <ele>1118.6</ele>
   </trkpt>
   <trkpt lat="-29.8133670" lon="24.4203120">
    <ele>1118.5</ele>
   </trkpt>
   <trkpt lat="-29.8133350" lon="24.4203570">
    <ele>1118.5</ele>
   </trkpt>
   <trkpt lat="-29.8133000" lon="24.4203920">
    <ele>1118.5</ele>
   </trkpt>
   <trkpt lat="-29.8132570" lon="24.4204230">
    <ele>1118.5</ele>
   </trkpt>
   <trkpt lat="-29.8132060" lon="24.4204500">
    <ele>1118.5</ele>
   </trkpt>
   <trkpt lat="-29.8131530" lon="24.4204700">
    <ele>1118.6</ele>
   </trkpt>
   <trkpt lat="-29.8131050" lon="24.4204910">
    <ele>1118.6</ele>
   </trkpt>
   <trkpt lat="-29.8130440" lon="24.4205140">
    <ele>1118.6</ele>
   </trkpt>
   <trkpt lat="-29.8129880" lon="24.4205280">
    <ele>1118.6</ele>
   </trkpt>
   <trkpt lat="-29.8129330" lon="24.4205390">
    <ele>1118.7</ele>
   </trkpt>
   <trkpt lat="-29.8128830" lon="24.4205490">
    <ele>1118.7</ele>
   </trkpt>
   <trkpt lat="-29.8128360" lon="24.4205450">
    <ele>1118.8</ele>
   </trkpt>
   <trkpt lat="-29.8127920" lon="24.4205310">
    <ele>1118.8</ele>
   </trkpt>
   <trkpt lat="-29.8127430" lon="24.4204960">
    <ele>1118.9</ele>
   </trkpt>
   <trkpt lat="-29.8127060" lon="24.4204480">
    <ele>1118.9</ele>
   </trkpt>
   <trkpt lat="-29.8126750" lon="24.4203950">
    <ele>1119.0</ele>
   </trkpt>
   <trkpt lat="-29.8126430" lon="24.4203440">
    <ele>1119.1</ele>
   </trkpt>
   <trkpt lat="-29.8126070" lon="24.4202920">
    <ele>1119.2</ele>
   </trkpt>
   <trkpt lat="-29.8125660" lon="24.4202360">
    <ele>1119.3</ele>
   </trkpt>
   <trkpt lat="-29.8125230" lon="24.4201890">
    <ele>1119.4</ele>
   </trkpt>
   <trkpt lat="-29.8124870" lon="24.4201480">
    <ele>1119.5</ele>
   </trkpt>
   <trkpt lat="-29.8124510" lon="24.4201060">
    <ele>1119.6</ele>
   </trkpt>
   <trkpt lat="-29.8124090" lon="24.4200630">
    <ele>1119.7</ele>
   </trkpt>
   <trkpt lat="-29.8123630" lon="24.4200190">
    <ele>1119.8</ele>
   </trkpt>
   <trkpt lat="-29.8123140" lon="24.4199750">
    <ele>1120.0</ele>
   </trkpt>
   <trkpt lat="-29.8122620" lon="24.4199270">
    <ele>1120.0</ele>
   </trkpt>
   <trkpt lat="-29.8122100" lon="24.4198740">
    <ele>1120.1</ele>
   </trkpt>
   <trkpt lat="-29.8121580" lon="24.4198120">
    <ele>1120.2</ele>
   </trkpt>
   <trkpt lat="-29.8121070" lon="24.4197450">
    <ele>1120.2</ele>
   </trkpt>
   <trkpt lat="-29.8120560" lon="24.4196790">
    <ele>1120.2</ele>
   </trkpt>
   <trkpt lat="-29.8120090" lon="24.4196170">
    <ele>1120.2</ele>
   </trkpt>
   <trkpt lat="-29.8119600" lon="24.4195550">
    <ele>1120.0</ele>
   </trkpt>
   <trkpt lat="-29.8119110" lon="24.4194890">
    <ele>1119.8</ele>
   </trkpt>
   <trkpt lat="-29.8118620" lon="24.4194260">
    <ele>1119.4</ele>
   </trkpt>
   <trkpt lat="-29.8118120" lon="24.4193580">
    <ele>1119.1</ele>
   </trkpt>
   <trkpt lat="-29.8117590" lon="24.4192960">
    <ele>1118.7</ele>
   </trkpt>
   <trkpt lat="-29.8117110" lon="24.4192370">
    <ele>1118.3</ele>
   </trkpt>
   <trkpt lat="-29.8116690" lon="24.4191770">
    <ele>1117.9</ele>
   </trkpt>
   <trkpt lat="-29.8116310" lon="24.4191140">
    <ele>1117.5</ele>
   </trkpt>
   <trkpt lat="-29.8116100" lon="24.4190460">
    <ele>1117.1</ele>
   </trkpt>
   <trkpt lat="-29.8115780" lon="24.4190080">
    <ele>1116.8</ele>
   </trkpt>
   <trkpt lat="-29.8115510" lon="24.4189540">
    <ele>1116.5</ele>
   </trkpt>
   <trkpt lat="-29.8115180" lon="24.4188980">
    <ele>1116.1</ele>
   </trkpt>
   <trkpt lat="-29.8114830" lon="24.4188370">
    <ele>1115.7</ele>
   </trkpt>
   <trkpt lat="-29.8114370" lon="24.4187700">
    <ele>1115.2</ele>
   </trkpt>
   <trkpt lat="-29.8113880" lon="24.4186980">
    <ele>1114.9</ele>
   </trkpt>
   <trkpt lat="-29.8113320" lon="24.4186130">
    <ele>1114.5</ele>
   </trkpt>
   <trkpt lat="-29.8112740" lon="24.4185310">
    <ele>1114.1</ele>
   </trkpt>
   <trkpt lat="-29.8112150" lon="24.4184400">
    <ele>1113.6</ele>
   </trkpt>
   <trkpt lat="-29.8111560" lon="24.4183460">
    <ele>1113.1</ele>
   </trkpt>
   <trkpt lat="-29.8110990" lon="24.4182540">
    <ele>1112.6</ele>
   </trkpt>
   <trkpt lat="-29.8110390" lon="24.4181640">
    <ele>1112.2</ele>
   </trkpt>
   <trkpt lat="-29.8109790" lon="24.4180710">
    <ele>1111.7</ele>
   </trkpt>
   <trkpt lat="-29.8109190" lon="24.4179830">
    <ele>1111.2</ele>
   </trkpt>
   <trkpt lat="-29.8108580" lon="24.4178910">
    <ele>1110.8</ele>
   </trkpt>
   <trkpt lat="-29.8107930" lon="24.4178110">
    <ele>1110.7</ele>
   </trkpt>
   <trkpt lat="-29.8107230" lon="24.4177390">
    <ele>1110.4</ele>
   </trkpt>
   <trkpt lat="-29.8106450" lon="24.4176820">
    <ele>1110.1</ele>
   </trkpt>
   <trkpt lat="-29.8105590" lon="24.4176430">
    <ele>1109.8</ele>
   </trkpt>
   <trkpt lat="-29.8104670" lon="24.4176200">
    <ele>1109.4</ele>
   </trkpt>
   <trkpt lat="-29.8103780" lon="24.4176210">
    <ele>1109.1</ele>
   </trkpt>
   <trkpt lat="-29.8102880" lon="24.4176310">
    <ele>1108.9</ele>
   </trkpt>
   <trkpt lat="-29.8102210" lon="24.4176490">
    <ele>1108.8</ele>
   </trkpt>
   <trkpt lat="-29.8101600" lon="24.4176720">
    <ele>1108.7</ele>
   </trkpt>
   <trkpt lat="-29.8100960" lon="24.4177120">
    <ele>1108.5</ele>
   </trkpt>
   <trkpt lat="-29.8100330" lon="24.4177680">
    <ele>1108.4</ele>
   </trkpt>
   <trkpt lat="-29.8099690" lon="24.4178370">
    <ele>1108.3</ele>
   </trkpt>
   <trkpt lat="-29.8099080" lon="24.4179120">
    <ele>1108.2</ele>
   </trkpt>
   <trkpt lat="-29.8098460" lon="24.4179880">
    <ele>1108.1</ele>
   </trkpt>
   <trkpt lat="-29.8097840" lon="24.4180610">
    <ele>1108.1</ele>
   </trkpt>
   <trkpt lat="-29.8097280" lon="24.4181230">
    <ele>1108.1</ele>
   </trkpt>
   <trkpt lat="-29.8096760" lon="24.4181800">
    <ele>1108.0</ele>
   </trkpt>
   <trkpt lat="-29.8096380" lon="24.4182230">
    <ele>1107.9</ele>
   </trkpt>
   <trkpt lat="-29.8096060" lon="24.4182760">
    <ele>1107.9</ele>
   </trkpt>
   <trkpt lat="-29.8095540" lon="24.4183320">
    <ele>1107.8</ele>
   </trkpt>
   <trkpt lat="-29.8095030" lon="24.4183960">
    <ele>1107.7</ele>
   </trkpt>
   <trkpt lat="-29.8094490" lon="24.4184610">
    <ele>1107.6</ele>
   </trkpt>
   <trkpt lat="-29.8093890" lon="24.4185290">
    <ele>1107.5</ele>
   </trkpt>
   <trkpt lat="-29.8093280" lon="24.4185990">
    <ele>1107.4</ele>
   </trkpt>
   <trkpt lat="-29.8092700" lon="24.4186720">
    <ele>1107.3</ele>
   </trkpt>
   <trkpt lat="-29.8092190" lon="24.4187500">
    <ele>1107.1</ele>
   </trkpt>
   <trkpt lat="-29.8091760" lon="24.4188290">
    <ele>1107.1</ele>
   </trkpt>
   <trkpt lat="-29.8091340" lon="24.4189180">
    <ele>1107.0</ele>
   </trkpt>
   <trkpt lat="-29.8091030" lon="24.4190160">
    <ele>1106.9</ele>
   </trkpt>
   <trkpt lat="-29.8090830" lon="24.4191190">
    <ele>1106.9</ele>
   </trkpt>
   <trkpt lat="-29.8090700" lon="24.4192180">
    <ele>1106.9</ele>
   </trkpt>
   <trkpt lat="-29.8090560" lon="24.4193210">
    <ele>1106.9</ele>
   </trkpt>
   <trkpt lat="-29.8090440" lon="24.4194260">
    <ele>1106.9</ele>
   </trkpt>
   <trkpt lat="-29.8090280" lon="24.4195190">
    <ele>1106.9</ele>
   </trkpt>
   <trkpt lat="-29.8089960" lon="24.4195960">
    <ele>1106.9</ele>
   </trkpt>
   <trkpt lat="-29.8089500" lon="24.4196510">
    <ele>1106.9</ele>
   </trkpt>
   <trkpt lat="-29.8088870" lon="24.4196750">
    <ele>1106.8</ele>
   </trkpt>
   <trkpt lat="-29.8088130" lon="24.4196830">
    <ele>1106.7</ele>
   </trkpt>
   <trkpt lat="-29.8087330" lon="24.4196850">
    <ele>1106.6</ele>
   </trkpt>
   <trkpt lat="-29.8086450" lon="24.4196730">
    <ele>1106.4</ele>
   </trkpt>
   <trkpt lat="-29.8085550" lon="24.4196640">
    <ele>1106.2</ele>
   </trkpt>
   <trkpt lat="-29.8084690" lon="24.4196600">
    <ele>1106.0</ele>
   </trkpt>
   <trkpt lat="-29.8083850" lon="24.4196540">
    <ele>1105.9</ele>
   </trkpt>
   <trkpt lat="-29.8083010" lon="24.4196470">
    <ele>1105.7</ele>
   </trkpt>
   <trkpt lat="-29.8082140" lon="24.4196380">
    <ele>1105.5</ele>
   </trkpt>
   <trkpt lat="-29.8081230" lon="24.4196320">
    <ele>1105.4</ele>
   </trkpt>
   <trkpt lat="-29.8080280" lon="24.4196310">
    <ele>1105.3</ele>
   </trkpt>
   <trkpt lat="-29.8079370" lon="24.4196270">
    <ele>1105.1</ele>
   </trkpt>
   <trkpt lat="-29.8078470" lon="24.4196280">
    <ele>1105.0</ele>
   </trkpt>
   <trkpt lat="-29.8077620" lon="24.4196270">
    <ele>1105.0</ele>
   </trkpt>
   <trkpt lat="-29.8076750" lon="24.4196280">
    <ele>1104.9</ele>
   </trkpt>
   <trkpt lat="-29.8075940" lon="24.4196330">
    <ele>1104.8</ele>
   </trkpt>
   <trkpt lat="-29.8075190" lon="24.4196520">
    <ele>1104.7</ele>
   </trkpt>
   <trkpt lat="-29.8074540" lon="24.4196800">
    <ele>1104.7</ele>
   </trkpt>
   <trkpt lat="-29.8073980" lon="24.4196900">
    <ele>1104.7</ele>
   </trkpt>
   <trkpt lat="-29.8073520" lon="24.4196750">
    <ele>1104.7</ele>
   </trkpt>
   <trkpt lat="-29.8073130" lon="24.4196450">
    <ele>1104.6</ele>
   </trkpt>
   <trkpt lat="-29.8072890" lon="24.4195950">
    <ele>1104.6</ele>
   </trkpt>
   <trkpt lat="-29.8072860" lon="24.4195470">
    <ele>1104.6</ele>
   </trkpt>
   <trkpt lat="-29.8072920" lon="24.4195150">
    <ele>1104.6</ele>
   </trkpt>
   <trkpt lat="-29.8072940" lon="24.4195030">
    <ele>1104.6</ele>
   </trkpt>
   <trkpt lat="-29.8072930" lon="24.4194990">
    <ele>1104.6</ele>
   </trkpt>
   <trkpt lat="-29.8072930" lon="24.4194940">
    <ele>1104.6</ele>
   </trkpt>
   <trkpt lat="-29.8072920" lon="24.4194890">
    <ele>1104.6</ele>
   </trkpt>
   <trkpt lat="-29.8072920" lon="24.4194850">
    <ele>1104.6</ele>
   </trkpt>
   <trkpt lat="-29.8072910" lon="24.4194800">
    <ele>1104.6</ele>
   </trkpt>
   <trkpt lat="-29.8072910" lon="24.4194750">
    <ele>1104.6</ele>
   </trkpt>
   <trkpt lat="-29.8072910" lon="24.4194710">
    <ele>1104.5</ele>
   </trkpt>
   <trkpt lat="-29.8072900" lon="24.4194660">
    <ele>1104.5</ele>
   </trkpt>
   <trkpt lat="-29.8072900" lon="24.4194620">
    <ele>1104.5</ele>
   </trkpt>
   <trkpt lat="-29.8072890" lon="24.4194570">
    <ele>1104.5</ele>
   </trkpt>
   <trkpt lat="-29.8072890" lon="24.4194520">
    <ele>1104.5</ele>
   </trkpt>
   <trkpt lat="-29.8072880" lon="24.4194480">
    <ele>1104.5</ele>
   </trkpt>
   <trkpt lat="-29.8072880" lon="24.4194430">
    <ele>1104.5</ele>
   </trkpt>
   <trkpt lat="-29.8073110" lon="24.4194220">
    <ele>1104.5</ele>
   </trkpt>
   <trkpt lat="-29.8073420" lon="24.4193960">
    <ele>1104.5</ele>
   </trkpt>
   <trkpt lat="-29.8073750" lon="24.4194110">
    <ele>1104.9</ele>
   </trkpt>
   <trkpt lat="-29.8074140" lon="24.4194100">
    <ele>1105.4</ele>
   </trkpt>
   <trkpt lat="-29.8074280" lon="24.4194060">
    <ele>1105.4</ele>
   </trkpt>
   <trkpt lat="-29.8074580" lon="24.4193990">
    <ele>1105.8</ele>
   </trkpt>
   <trkpt lat="-29.8074890" lon="24.4193970">
    <ele>1106.3</ele>
   </trkpt>
   <trkpt lat="-29.8075210" lon="24.4193910">
    <ele>1106.5</ele>
   </trkpt>
   <trkpt lat="-29.8075560" lon="24.4193910">
    <ele>1106.6</ele>
   </trkpt>
   <trkpt lat="-29.8075920" lon="24.4193990">
    <ele>1106.6</ele>
   </trkpt>
   <trkpt lat="-29.8076290" lon="24.4194060">
    <ele>1106.5</ele>
   </trkpt>
   <trkpt lat="-29.8076620" lon="24.4194120">
    <ele>1106.4</ele>
   </trkpt>
  </trkseg>
 </trk>
</gpx>
