<?xml version="1.0" encoding="UTF-8"?>
<gpx creator="StravaGPX" version="1.1" xmlns="http://www.topografix.com/GPX/1/1" xmlns:xsi="http://www.w3.org/2001/XMLSchema-instance" xsi:schemaLocation="http://www.topografix.com/GPX/1/1 http://www.topografix.com/GPX/1/1/gpx.xsd">
 <trk>
  <name>Morning Gravel Ride</name>
  <type>gravel_biking</type>
  <trkseg>
   <trkpt lat="-29.8072840" lon="24.4188090">
    <ele>1105.5</ele>
   </trkpt>
   <trkpt lat="-29.8072760" lon="24.4188490">
    <ele>1105.2</ele>
   </trkpt>
   <trkpt lat="-29.8072680" lon="24.4188860">
    <ele>1104.9</ele>
   </trkpt>
   <trkpt lat="-29.8072610" lon="24.4189220">
    <ele>1104.6</ele>
   </trkpt>
   <trkpt lat="-29.8072570" lon="24.4189610">
    <ele>1104.3</ele>
   </trkpt>
   <trkpt lat="-29.8072590" lon="24.4189990">
    <ele>1104.3</ele>
   </trkpt>
   <trkpt lat="-29.8072590" lon="24.4190350">
    <ele>1104.0</ele>
   </trkpt>
   <trkpt lat="-29.8072630" lon="24.4190730">
    <ele>1103.8</ele>
   </trkpt>
   <trkpt lat="-29.8072670" lon="24.4191100">
    <ele>1103.8</ele>
   </trkpt>
   <trkpt lat="-29.8072670" lon="24.4191590">
    <ele>1103.9</ele>
   </trkpt>
   <trkpt lat="-29.8072710" lon="24.4191970">
    <ele>1104.1</ele>
   </trkpt>
   <trkpt lat="-29.8072740" lon="24.4192360">
    <ele>1104.3</ele>
   </trkpt>
   <trkpt lat="-29.8072780" lon="24.4192720">
    <ele>1104.4</ele>
   </trkpt>
   <trkpt lat="-29.8072830" lon="24.4193000">
    <ele>1104.4</ele>
   </trkpt>
   <trkpt lat="-29.8072830" lon="24.4193140">
    <ele>1104.4</ele>
   </trkpt>
   <trkpt lat="-29.8072850" lon="24.4193580">
    <ele>1104.5</ele>
   </trkpt>
   <trkpt lat="-29.8072850" lon="24.4193730">
    <ele>1104.5</ele>
   </trkpt>
   <trkpt lat="-29.8072890" lon="24.4194040">
    <ele>1104.5</ele>
   </trkpt>
   <trkpt lat="-29.8072860" lon="24.4194360">
    <ele>1104.5</ele>
   </trkpt>
   <trkpt lat="-29.8072840" lon="24.4194690">
    <ele>1104.5</ele>
   </trkpt>
   <trkpt lat="-29.8072880" lon="24.4195020">
    <ele>1104.6</ele>
   </trkpt>
   <trkpt lat="-29.8072880" lon="24.4195360">
    <ele>1104.6</ele>
   </trkpt>
   <trkpt lat="-29.8072990" lon="24.4195670">
    <ele>1104.6</ele>
   </trkpt>
   <trkpt lat="-29.8073200" lon="24.4195860">
    <ele>1104.6</ele>
   </trkpt>
   <trkpt lat="-29.8073480" lon="24.4195980">
    <ele>1104.6</ele>
   </trkpt>
   <trkpt lat="-29.8073760" lon="24.4196050">
    <ele>1104.6</ele>
   </trkpt>
   <trkpt lat="-29.8074150" lon="24.4196080">
    <ele>1104.7</ele>
   </trkpt>
   <trkpt lat="-29.8074270" lon="24.4196090">
    <ele>1104.7</ele>
   </trkpt>
   <trkpt lat="-29.8074550" lon="24.4196010">
    <ele>1104.7</ele>
   </trkpt>
   <trkpt lat="-29.8074940" lon="24.4195980">
    <ele>1104.7</ele>
   </trkpt>
   <trkpt lat="-29.8075070" lon="24.4195970">
    <ele>1104.7</ele>
   </trkpt>
   <trkpt lat="-29.8075340" lon="24.4195990">
    <ele>1104.7</ele>
   </trkpt>
   <trkpt lat="-29.8075640" lon="24.4195970">
    <ele>1104.7</ele>
   </trkpt>
   <trkpt lat="-29.8075930" lon="24.4195970">
    <ele>1104.7</ele>
   </trkpt>
   <trkpt lat="-29.8076230" lon="24.4195980">
    <ele>1104.8</ele>
   </trkpt>
   <trkpt lat="-29.8076540" lon="24.4196050">
    <ele>1104.8</ele>
   </trkpt>
   <trkpt lat="-29.8076830" lon="24.4195990">
    <ele>1104.9</ele>
   </trkpt>
   <trkpt lat="-29.8077150" lon="24.4196060">
    <ele>1104.9</ele>
   </trkpt>
   <trkpt lat="-29.8077440" lon="24.4196070">
    <ele>1104.9</ele>
   </trkpt>
   <trkpt lat="-29.8077750" lon="24.4196110">
    <ele>1105.0</ele>
   </trkpt>
   <trkpt lat="-29.8078050" lon="24.4196120">
    <ele>1105.0</ele>
   </trkpt>
   <trkpt lat="-29.8078360" lon="24.4196090">
    <ele>1105.0</ele>
   </trkpt>
   <trkpt lat="-29.8078640" lon="24.4196160">
    <ele>1105.0</ele>
   </trkpt>
   <trkpt lat="-29.8078960" lon="24.4196160">
    <ele>1105.1</ele>
   </trkpt>
   <trkpt lat="-29.8079240" lon="24.4196130">
    <ele>1105.1</ele>
   </trkpt>
   <trkpt lat="-29.8079530" lon="24.4196120">
    <ele>1105.1</ele>
   </trkpt>
   <trkpt lat="-29.8079840" lon="24.4196080">
    <ele>1105.2</ele>
   </trkpt>
   <trkpt lat="-29.8080120" lon="24.4196070">
    <ele>1105.2</ele>
   </trkpt>
   <trkpt lat="-29.8080420" lon="24.4196050">
    <ele>1105.3</ele>
   </trkpt>
   <trkpt lat="-29.8080710" lon="24.4196030">
    <ele>1105.3</ele>
   </trkpt>
   <trkpt lat="-29.8081030" lon="24.4196120">
    <ele>1105.4</ele>
   </trkpt>
   <trkpt lat="-29.8081340" lon="24.4196150">
    <ele>1105.4</ele>
   </trkpt>
   <trkpt lat="-29.8081630" lon="24.4196200">
    <ele>1105.5</ele>
   </trkpt>
   <trkpt lat="-29.8081920" lon="24.4196280">
    <ele>1105.5</ele>
   </trkpt>
   <trkpt lat="-29.8082200" lon="24.4196280">
    <ele>1105.6</ele>
   </trkpt>
   <trkpt lat="-29.8082480" lon="24.4196340">
    <ele>1105.6</ele>
   </trkpt>
   <trkpt lat="-29.8082770" lon="24.4196350">
    <ele>1105.7</ele>
   </trkpt>
   <trkpt lat="-29.8083070" lon="24.4196400">
    <ele>1105.7</ele>
   </trkpt>
   <trkpt lat="-29.8083490" lon="24.4196480">
    <ele>1105.8</ele>
   </trkpt>
   <trkpt lat="-29.8083640" lon="24.4196530">
    <ele>1105.9</ele>
   </trkpt>
   <trkpt lat="-29.8083920" lon="24.4196530">
    <ele>1105.9</ele>
   </trkpt>
   <trkpt lat="-29.8084210" lon="24.4196520">
    <ele>1106.0</ele>
   </trkpt>
   <trkpt lat="-29.8084490" lon="24.4196580">
    <ele>1106.0</ele>
   </trkpt>
   <trkpt lat="-29.8084770" lon="24.4196610">
    <ele>1106.1</ele>
   </trkpt>
   <trkpt lat="-29.8085050" lon="24.4196640">
    <ele>1106.2</ele>
   </trkpt>
   <trkpt lat="-29.8085330" lon="24.4196720">
    <ele>1106.2</ele>
   </trkpt>
   <trkpt lat="-29.8085730" lon="24.4196790">
    <ele>1106.3</ele>
   </trkpt>
   <trkpt lat="-29.8085870" lon="24.4196830">
    <ele>1106.3</ele>
   </trkpt>
   <trkpt lat="-29.8086250" lon="24.4196860">
    <ele>1106.4</ele>
   </trkpt>
   <trkpt lat="-29.8086380" lon="24.4196870">
    <ele>1106.5</ele>
   </trkpt>
   <trkpt lat="-29.8086650" lon="24.4196910">
    <ele>1106.5</ele>
   </trkpt>
   <trkpt lat="-29.8086940" lon="24.4196930">
    <ele>1106.6</ele>
   </trkpt>
   <trkpt lat="-29.8087330" lon="24.4196870">
    <ele>1106.7</ele>
   </trkpt>
   <trkpt lat="-29.8087450" lon="24.4196820">
    <ele>1106.7</ele>
   </trkpt>
   <trkpt lat="-29.8087800" lon="24.4196610">
    <ele>1106.8</ele>
   </trkpt>
   <trkpt lat="-29.8087920" lon="24.4196540">
    <ele>1106.8</ele>
   </trkpt>
   <trkpt lat="-29.8088250" lon="24.4196270">
    <ele>1106.8</ele>
   </trkpt>
   <trkpt lat="-29.8088360" lon="24.4196180">
    <ele>1106.9</ele>
   </trkpt>
   <trkpt lat="-29.8088590" lon="24.4196000">
    <ele>1106.9</ele>
   </trkpt>
   <trkpt lat="-29.8088700" lon="24.4195710">
    <ele>1106.9</ele>
   </trkpt>
   <trkpt lat="-29.8088840" lon="24.4195440">
    <ele>1106.9</ele>
   </trkpt>
   <trkpt lat="-29.8089030" lon="24.4195020">
    <ele>1106.9</ele>
   </trkpt>
   <trkpt lat="-29.8089110" lon="24.4194880">
    <ele>1106.9</ele>
   </trkpt>
   <trkpt lat="-29.8089240" lon="24.4194540">
    <ele>1106.9</ele>
   </trkpt>
   <trkpt lat="-29.8089300" lon="24.4194200">
    <ele>1106.9</ele>
   </trkpt>
   <trkpt lat="-29.8089370" lon="24.4193860">
    <ele>1106.9</ele>
   </trkpt>
   <trkpt lat="-29.8089450" lon="24.4193520">
    <ele>1106.9</ele>
   </trkpt>
   <trkpt lat="-29.8089520" lon="24.4193150">
    <ele>1106.9</ele>
   </trkpt>
   <trkpt lat="-29.8089540" lon="24.4192780">
    <ele>1106.9</ele>
   </trkpt>
   <trkpt lat="-29.8089670" lon="24.4192380">
    <ele>1106.9</ele>
   </trkpt>
   <trkpt lat="-29.8089700" lon="24.4192020">
    <ele>1106.9</ele>
   </trkpt>
   <trkpt lat="-29.8089760" lon="24.4191650">
    <ele>1106.9</ele>
   </trkpt>
   <trkpt lat="-29.8089860" lon="24.4191260">
    <ele>1106.9</ele>
   </trkpt>
   <trkpt lat="-29.8090030" lon="24.4190890">
    <ele>1106.9</ele>
   </trkpt>
   <trkpt lat="-29.8090200" lon="24.4190530">
    <ele>1106.9</ele>
   </trkpt>
   <trkpt lat="-29.8090410" lon="24.4190060">
    <ele>1106.9</ele>
   </trkpt>
   <trkpt lat="-29.8090660" lon="24.4189520">
    <ele>1106.9</ele>
   </trkpt>
   <trkpt lat="-29.8090880" lon="24.4189080">
    <ele>1106.9</ele>
   </trkpt>
   <trkpt lat="-29.8091110" lon="24.4188690">
    <ele>1107.0</ele>
   </trkpt>
   <trkpt lat="-29.8091360" lon="24.4188280">
    <ele>1107.0</ele>
   </trkpt>
   <trkpt lat="-29.8091540" lon="24.4187920">
    <ele>1107.1</ele>
   </trkpt>
   <trkpt lat="-29.8091790" lon="24.4187600">
    <ele>1107.1</ele>
   </trkpt>
   <trkpt lat="-29.8092020" lon="24.4187260">
    <ele>1107.1</ele>
   </trkpt>
   <trkpt lat="-29.8092250" lon="24.4186920">
    <ele>1107.2</ele>
   </trkpt>
   <trkpt lat="-29.8092440" lon="24.4186570">
    <ele>1107.2</ele>
   </trkpt>
   <trkpt lat="-29.8092690" lon="24.4186240">
    <ele>1107.3</ele>
   </trkpt>
   <trkpt lat="-29.8092820" lon="24.4185900">
    <ele>1107.3</ele>
   </trkpt>
   <trkpt lat="-29.8093110" lon="24.4185630">
    <ele>1107.4</ele>
   </trkpt>
   <trkpt lat="-29.8093340" lon="24.4185330">
    <ele>1107.4</ele>
   </trkpt>
   <trkpt lat="-29.8093560" lon="24.4185020">
    <ele>1107.5</ele>
   </trkpt>
   <trkpt lat="-29.8093790" lon="24.4184740">
    <ele>1107.5</ele>
   </trkpt>
   <trkpt lat="-29.8094030" lon="24.4184470">
    <ele>1107.6</ele>
   </trkpt>
   <trkpt lat="-29.8094280" lon="24.4184210">
    <ele>1107.6</ele>
   </trkpt>
   <trkpt lat="-29.8094530" lon="24.4183900">
    <ele>1107.7</ele>
   </trkpt>
   <trkpt lat="-29.8094620" lon="24.4183780">
    <ele>1107.7</ele>
   </trkpt>
   <trkpt lat="-29.8094790" lon="24.4183520">
    <ele>1107.7</ele>
   </trkpt>
   <trkpt lat="-29.8094980" lon="24.4183270">
    <ele>1107.7</ele>
   </trkpt>
   <trkpt lat="-29.8095160" lon="24.4183030">
    <ele>1107.8</ele>
   </trkpt>
   <trkpt lat="-29.8095400" lon="24.4182830">
    <ele>1107.8</ele>
   </trkpt>
   <trkpt lat="-29.8095690" lon="24.4182520">
    <ele>1107.9</ele>
   </trkpt>
   <trkpt lat="-29.8095760" lon="24.4182380">
    <ele>1107.9</ele>
   </trkpt>
   <trkpt lat="-29.8095970" lon="24.4182130">
    <ele>1107.9</ele>
   </trkpt>
   <trkpt lat="-29.8096130" lon="24.4181870">
    <ele>1107.9</ele>
   </trkpt>
   <trkpt lat="-29.8096390" lon="24.4181680">
    <ele>1108.0</ele>
   </trkpt>
   <trkpt lat="-29.8096620" lon="24.4181450">
    <ele>1108.0</ele>
   </trkpt>
   <trkpt lat="-29.8096790" lon="24.4181160">
    <ele>1108.0</ele>
   </trkpt>
   <trkpt lat="-29.8097000" lon="24.4180890">
    <ele>1108.1</ele>
   </trkpt>
   <trkpt lat="-29.8097220" lon="24.4180600">
    <ele>1108.1</ele>
   </trkpt>
   <trkpt lat="-29.8097480" lon="24.4180320">
    <ele>1108.1</ele>
   </trkpt>
   <trkpt lat="-29.8097680" lon="24.4180050">
    <ele>1108.1</ele>
   </trkpt>
   <trkpt lat="-29.8097970" lon="24.4179800">
    <ele>1108.1</ele>
   </trkpt>
   <trkpt lat="-29.8098220" lon="24.4179510">
    <ele>1108.1</ele>
   </trkpt>
   <trkpt lat="-29.8098440" lon="24.4179180">
    <ele>1108.2</ele>
   </trkpt>
   <trkpt lat="-29.8098650" lon="24.4178900">
    <ele>1108.2</ele>
   </trkpt>
   <trkpt lat="-29.8098910" lon="24.4178630">
    <ele>1108.2</ele>
   </trkpt>
   <trkpt lat="-29.8099040" lon="24.4178300">
    <ele>1108.3</ele>
   </trkpt>
   <trkpt lat="-29.8099310" lon="24.4177980">
    <ele>1108.3</ele>
   </trkpt>
   <trkpt lat="-29.8099590" lon="24.4177660">
    <ele>1108.4</ele>
   </trkpt>
   <trkpt lat="-29.8099770" lon="24.4177350">
    <ele>1108.4</ele>
   </trkpt>
   <trkpt lat="-29.8100070" lon="24.4176990">
    <ele>1108.5</ele>
   </trkpt>
   <trkpt lat="-29.8100340" lon="24.4176650">
    <ele>1108.5</ele>
   </trkpt>
   <trkpt lat="-29.8100700" lon="24.4176330">
    <ele>1108.6</ele>
   </trkpt>
   <trkpt lat="-29.8100930" lon="24.4176000">
    <ele>1108.6</ele>
   </trkpt>
   <trkpt lat="-29.8101180" lon="24.4175630">
    <ele>1108.7</ele>
   </trkpt>
   <trkpt lat="-29.8101470" lon="24.4175320">
    <ele>1108.7</ele>
   </trkpt>
   <trkpt lat="-29.8101770" lon="24.4174980">
    <ele>1108.7</ele>
   </trkpt>
   <trkpt lat="-29.8102150" lon="24.4174620">
    <ele>1108.8</ele>
   </trkpt>
   <trkpt lat="-29.8102480" lon="24.4174290">
    <ele>1108.8</ele>
   </trkpt>
   <trkpt lat="-29.8102790" lon="24.4173940">
    <ele>1108.8</ele>
   </trkpt>
   <trkpt lat="-29.8103070" lon="24.4173560">
    <ele>1108.9</ele>
   </trkpt>
   <trkpt lat="-29.8103370" lon="24.4173210">
    <ele>1108.9</ele>
   </trkpt>
   <trkpt lat="-29.8103710" lon="24.4172860">
    <ele>1109.0</ele>
   </trkpt>
   <trkpt lat="-29.8104010" lon="24.4172500">
    <ele>1109.1</ele>
   </trkpt>
   <trkpt lat="-29.8104310" lon="24.4172170">
    <ele>1109.2</ele>
   </trkpt>
   <trkpt lat="-29.8104600" lon="24.4171810">
    <ele>1109.3</ele>
   </trkpt>
   <trkpt lat="-29.8104890" lon="24.4171470">
    <ele>1109.3</ele>
   </trkpt>
   <trkpt lat="-29.8105140" lon="24.4171120">
    <ele>1109.4</ele>
   </trkpt>
   <trkpt lat="-29.8105350" lon="24.4170720">
    <ele>1109.5</ele>
   </trkpt>
   <trkpt lat="-29.8105650" lon="24.4170360">
    <ele>1109.6</ele>
   </trkpt>
   <trkpt lat="-29.8105880" lon="24.4170020">
    <ele>1109.7</ele>
   </trkpt>
   <trkpt lat="-29.8106140" lon="24.4169680">
    <ele>1109.8</ele>
   </trkpt>
   <trkpt lat="-29.8106420" lon="24.4169370">
    <ele>1109.9</ele>
   </trkpt>
   <trkpt lat="-29.8106660" lon="24.4169030">
    <ele>1110.0</ele>
   </trkpt>
   <trkpt lat="-29.8106850" lon="24.4168680">
    <ele>1110.1</ele>
   </trkpt>
   <trkpt lat="-29.8107160" lon="24.4168390">
    <ele>1110.2</ele>
   </trkpt>
   <trkpt lat="-29.8107440" lon="24.4168090">
    <ele>1110.3</ele>
   </trkpt>
   <trkpt lat="-29.8107690" lon="24.4167810">
    <ele>1110.3</ele>
   </trkpt>
   <trkpt lat="-29.8107920" lon="24.4167470">
    <ele>1110.4</ele>
   </trkpt>
   <trkpt lat="-29.8108150" lon="24.4167150">
    <ele>1110.5</ele>
   </trkpt>
   <trkpt lat="-29.8108390" lon="24.4166840">
    <ele>1110.6</ele>
   </trkpt>
   <trkpt lat="-29.8108580" lon="24.4166520">
    <ele>1110.6</ele>
   </trkpt>
   <trkpt lat="-29.8108640" lon="24.4166100">
    <ele>1110.7</ele>
   </trkpt>
   <trkpt lat="-29.8108560" lon="24.4165690">
    <ele>1110.6</ele>
   </trkpt>
   <trkpt lat="-29.8108320" lon="24.4165390">
    <ele>1110.5</ele>
   </trkpt>
   <trkpt lat="-29.8108120" lon="24.4165190">
    <ele>1110.4</ele>
   </trkpt>
   <trkpt lat="-29.8107880" lon="24.4164980">
    <ele>1110.3</ele>
   </trkpt>
   <trkpt lat="-29.8107680" lon="24.4164720">
    <ele>1110.2</ele>
   </trkpt>
   <trkpt lat="-29.8107480" lon="24.4164440">
    <ele>1110.2</ele>
   </trkpt>
   <trkpt lat="-29.8107290" lon="24.4164100">
    <ele>1110.1</ele>
   </trkpt>
   <trkpt lat="-29.8107080" lon="24.4163760">
    <ele>1110.0</ele>
   </trkpt>
   <trkpt lat="-29.8106720" lon="24.4163330">
    <ele>1109.9</ele>
   </trkpt>
   <trkpt lat="-29.8106360" lon="24.4162770">
    <ele>1109.7</ele>
   </trkpt>
   <trkpt lat="-29.8106000" lon="24.4162280">
    <ele>1109.6</ele>
   </trkpt>
   <trkpt lat="-29.8105630" lon="24.4161800">
    <ele>1109.4</ele>
   </trkpt>
   <trkpt lat="-29.8105270" lon="24.4161360">
    <ele>1109.3</ele>
   </trkpt>
   <trkpt lat="-29.8104910" lon="24.4160970">
    <ele>1109.2</ele>
   </trkpt>
   <trkpt lat="-29.8104550" lon="24.4160620">
    <ele>1109.0</ele>
   </trkpt>
   <trkpt lat="-29.8104170" lon="24.4160200">
    <ele>1108.9</ele>
   </trkpt>
   <trkpt lat="-29.8103790" lon="24.4159760">
    <ele>1108.7</ele>
   </trkpt>
   <trkpt lat="-29.8103400" lon="24.4159340">
    <ele>1108.6</ele>
   </trkpt>
   <trkpt lat="-29.8103000" lon="24.4158900">
    <ele>1108.4</ele>
   </trkpt>
   <trkpt lat="-29.8102600" lon="24.4158460">
    <ele>1108.3</ele>
   </trkpt>
   <trkpt lat="-29.8102170" lon="24.4158000">
    <ele>1108.1</ele>
   </trkpt>
   <trkpt lat="-29.8101760" lon="24.4157550">
    <ele>1107.9</ele>
   </trkpt>
   <trkpt lat="-29.8101340" lon="24.4157140">
    <ele>1107.8</ele>
   </trkpt>
   <trkpt lat="-29.8100930" lon="24.4156720">
    <ele>1107.6</ele>
   </trkpt>
   <trkpt lat="-29.8100500" lon="24.4156310">
    <ele>1107.4</ele>
   </trkpt>
   <trkpt lat="-29.8100080" lon="24.4155830">
    <ele>1107.2</ele>
   </trkpt>
   <trkpt lat="-29.8099690" lon="24.4155360">
    <ele>1107.0</ele>
   </trkpt>
   <trkpt lat="-29.8099300" lon="24.4155020">
    <ele>1106.9</ele>
   </trkpt>
   <trkpt lat="-29.8098870" lon="24.4154510">
    <ele>1106.6</ele>
   </trkpt>
   <trkpt lat="-29.8098440" lon="24.4153990">
    <ele>1106.4</ele>
   </trkpt>
   <trkpt lat="-29.8098050" lon="24.4153580">
    <ele>1106.2</ele>
   </trkpt>
   <trkpt lat="-29.8097660" lon="24.4153110">
    <ele>1106.0</ele>
   </trkpt>
   <trkpt lat="-29.8097320" lon="24.4152730">
    <ele>1105.8</ele>
   </trkpt>
   <trkpt lat="-29.8096980" lon="24.4152490">
    <ele>1105.7</ele>
   </trkpt>
   <trkpt lat="-29.8096580" lon="24.4152410">
    <ele>1105.5</ele>
   </trkpt>
   <trkpt lat="-29.8096130" lon="24.4152470">
    <ele>1105.4</ele>
   </trkpt>
   <trkpt lat="-29.8095740" lon="24.4152740">
    <ele>1105.3</ele>
   </trkpt>
   <trkpt lat="-29.8095450" lon="24.4153160">
    <ele>1105.2</ele>
   </trkpt>
   <trkpt lat="-29.8095110" lon="24.4153630">
    <ele>1105.2</ele>
   </trkpt>
   <trkpt lat="-29.8094960" lon="24.4154070">
    <ele>1105.1</ele>
   </trkpt>
   <trkpt lat="-29.8094670" lon="24.4154430">
    <ele>1105.1</ele>
   </trkpt>
   <trkpt lat="-29.8094290" lon="24.4154840">
    <ele>1105.0</ele>
   </trkpt>
   <trkpt lat="-29.8094000" lon="24.4155220">
    <ele>1105.0</ele>
   </trkpt>
   <trkpt lat="-29.8093650" lon="24.4155570">
    <ele>1104.9</ele>
   </trkpt>
   <trkpt lat="-29.8093300" lon="24.4156020">
    <ele>1104.9</ele>
   </trkpt>
   <trkpt lat="-29.8093000" lon="24.4156440">
    <ele>1104.8</ele>
   </trkpt>
   <trkpt lat="-29.8092720" lon="24.4156770">
    <ele>1104.8</ele>
   </trkpt>
   <trkpt lat="-29.8092400" lon="24.4157190">
    <ele>1104.7</ele>
   </trkpt>
   <trkpt lat="-29.8092100" lon="24.4157580">
    <ele>1104.7</ele>
   </trkpt>
   <trkpt lat="-29.8091800" lon="24.4158050">
    <ele>1104.6</ele>
   </trkpt>
   <trkpt lat="-29.8091500" lon="24.4158480">
    <ele>1104.6</ele>
   </trkpt>
   <trkpt lat="-29.8091150" lon="24.4158920">
    <ele>1104.6</ele>
   </trkpt>
   <trkpt lat="-29.8091080" lon="24.4159280">
    <ele>1104.5</ele>
   </trkpt>
   <trkpt lat="-29.8090760" lon="24.4159730">
    <ele>1104.5</ele>
   </trkpt>
   <trkpt lat="-29.8090300" lon="24.4160180">
    <ele>1104.5</ele>
   </trkpt>
   <trkpt lat="-29.8089920" lon="24.4160520">
    <ele>1104.4</ele>
   </trkpt>
   <trkpt lat="-29.8089530" lon="24.4160920">
    <ele>1104.4</ele>
   </trkpt>
   <trkpt lat="-29.8089240" lon="24.4161380">
    <ele>1104.3</ele>
   </trkpt>
   <trkpt lat="-29.8088910" lon="24.4161790">
    <ele>1104.2</ele>
   </trkpt>
   <trkpt lat="-29.8088480" lon="24.4162170">
    <ele>1104.1</ele>
   </trkpt>
   <trkpt lat="-29.8088140" lon="24.4162440">
    <ele>1104.1</ele>
   </trkpt>
   <trkpt lat="-29.8088010" lon="24.4162760">
    <ele>1104.0</ele>
   </trkpt>
   <trkpt lat="-29.8087750" lon="24.4163130">
    <ele>1104.0</ele>
   </trkpt>
   <trkpt lat="-29.8087540" lon="24.4163520">
    <ele>1103.9</ele>
   </trkpt>
   <trkpt lat="-29.8087230" lon="24.4163900">
    <ele>1103.9</ele>
   </trkpt>
   <trkpt lat="-29.8086850" lon="24.4164220">
    <ele>1103.8</ele>
   </trkpt>
   <trkpt lat="-29.8086590" lon="24.4164580">
    <ele>1103.8</ele>
   </trkpt>
   <trkpt lat="-29.8086270" lon="24.4164860">
    <ele>1103.7</ele>
   </trkpt>
   <trkpt lat="-29.8086050" lon="24.4165250">
    <ele>1103.7</ele>
   </trkpt>
   <trkpt lat="-29.8085680" lon="24.4165600">
    <ele>1103.6</ele>
   </trkpt>
   <trkpt lat="-29.8085420" lon="24.4165900">
    <ele>1103.6</ele>
   </trkpt>
   <trkpt lat="-29.8085080" lon="24.4166230">
    <ele>1103.5</ele>
   </trkpt>
   <trkpt lat="-29.8084730" lon="24.4166630">
    <ele>1103.5</ele>
   </trkpt>
   <trkpt lat="-29.8084490" lon="24.4167130">
    <ele>1103.5</ele>
   </trkpt>
   <trkpt lat="-29.8084160" lon="24.4167530">
    <ele>1103.4</ele>
   </trkpt>
   <trkpt lat="-29.8083850" lon="24.4168080">
    <ele>1103.3</ele>
   </trkpt>
   <trkpt lat="-29.8083530" lon="24.4168550">
    <ele>1103.3</ele>
   </trkpt>
   <trkpt lat="-29.8083190" lon="24.4168990">
    <ele>1103.2</ele>
   </trkpt>
   <trkpt lat="-29.8082860" lon="24.4169450">
    <ele>1103.1</ele>
   </trkpt>
   <trkpt lat="-29.8082540" lon="24.4169940">
    <ele>1103.1</ele>
   </trkpt>
   <trkpt lat="-29.8082130" lon="24.4170400">
    <ele>1103.0</ele>
   </trkpt>
   <trkpt lat="-29.8081770" lon="24.4170820">
    <ele>1102.9</ele>
   </trkpt>
   <trkpt lat="-29.8081600" lon="24.4171090">
    <ele>1102.9</ele>
   </trkpt>
   <trkpt lat="-29.8081300" lon="24.4171490">
    <ele>1102.8</ele>
   </trkpt>
   <trkpt lat="-29.8080770" lon="24.4172040">
    <ele>1102.7</ele>
   </trkpt>
   <trkpt lat="-29.8080190" lon="24.4172440">
    <ele>1102.6</ele>
   </trkpt>
   <trkpt lat="-29.8079710" lon="24.4172620">
    <ele>1102.5</ele>
   </trkpt>
   <trkpt lat="-29.8079230" lon="24.4172550">
    <ele>1102.3</ele>
   </trkpt>
   <trkpt lat="-29.8078810" lon="24.4172270">
    <ele>1102.2</ele>
   </trkpt>
   <trkpt lat="-29.8078480" lon="24.4171840">
    <ele>1102.1</ele>
   </trkpt>
   <trkpt lat="-29.8078100" lon="24.4171490">
    <ele>1102.0</ele>
   </trkpt>
   <trkpt lat="-29.8077730" lon="24.4171200">
    <ele>1101.9</ele>
   </trkpt>
   <trkpt lat="-29.8077370" lon="24.4170870">
    <ele>1101.8</ele>
   </trkpt>
   <trkpt lat="-29.8076950" lon="24.4170470">
    <ele>1101.6</ele>
   </trkpt>
   <trkpt lat="-29.8076550" lon="24.4170140">
    <ele>1101.5</ele>
   </trkpt>
   <trkpt lat="-29.8076180" lon="24.4169840">
    <ele>1101.4</ele>
   </trkpt>
   <trkpt lat="-29.8075740" lon="24.4169570">
    <ele>1101.3</ele>
   </trkpt>
   <trkpt lat="-29.8075320" lon="24.4169090">
    <ele>1101.2</ele>
   </trkpt>
   <trkpt lat="-29.8074930" lon="24.4168650">
    <ele>1101.1</ele>
   </trkpt>
   <trkpt lat="-29.8074510" lon="24.4168220">
    <ele>1101.0</ele>
   </trkpt>
   <trkpt lat="-29.8074120" lon="24.4167820">
    <ele>1101.0</ele>
   </trkpt>
   <trkpt lat="-29.8073720" lon="24.4167420">
    <ele>1100.9</ele>
   </trkpt>
   <trkpt lat="-29.8073330" lon="24.4167070">
    <ele>1100.8</ele>
   </trkpt>
   <trkpt lat="-29.8072910" lon="24.4166610">
    <ele>1100.6</ele>
   </trkpt>
   <trkpt lat="-29.8072490" lon="24.4166220">
    <ele>1100.5</ele>
   </trkpt>
   <trkpt lat="-29.8072060" lon="24.4165780">
    <ele>1100.4</ele>
   </trkpt>
   <trkpt lat="-29.8071640" lon="24.4165360">
    <ele>1100.2</ele>
   </trkpt>
   <trkpt lat="-29.8071250" lon="24.4164910">
    <ele>1100.1</ele>
   </trkpt>
   <trkpt lat="-29.8070840" lon="24.4164430">
    <ele>1100.0</ele>
   </trkpt>
   <trkpt lat="-29.8070440" lon="24.4163990">
    <ele>1099.9</ele>
   </trkpt>
   <trkpt lat="-29.8070060" lon="24.4163590">
    <ele>1099.8</ele>
   </trkpt>
   <trkpt lat="-29.8069670" lon="24.4163080">
    <ele>1099.7</ele>
   </trkpt>
   <trkpt lat="-29.8069300" lon="24.4162580">
    <ele>1099.6</ele>
   </trkpt>
   <trkpt lat="-29.8068960" lon="24.4162060">
    <ele>1099.5</ele>
   </trkpt>
   <trkpt lat="-29.8068650" lon="24.4161500">
    <ele>1099.4</ele>
   </trkpt>
   <trkpt lat="-29.8068320" lon="24.4160970">
    <ele>1099.3</ele>
   </trkpt>
   <trkpt lat="-29.8067820" lon="24.4160660">
    <ele>1099.2</ele>
   </trkpt>
   <trkpt lat="-29.8067240" lon="24.4160480">
    <ele>1099.0</ele>
   </trkpt>
   <trkpt lat="-29.8066700" lon="24.4160230">
    <ele>1098.9</ele>
   </trkpt>
   <trkpt lat="-29.8066310" lon="24.4159690">
    <ele>1098.7</ele>
   </trkpt>
   <trkpt lat="-29.8065900" lon="24.4159250">
    <ele>1098.6</ele>
   </trkpt>
   <trkpt lat="-29.8065470" lon="24.4158780">
    <ele>1098.4</ele>
   </trkpt>
   <trkpt lat="-29.8065030" lon="24.4158340">
    <ele>1098.3</ele>
   </trkpt>
   <trkpt lat="-29.8064590" lon="24.4157900">
    <ele>1098.2</ele>
   </trkpt>
   <trkpt lat="-29.8064200" lon="24.4157390">
    <ele>1098.1</ele>
   </trkpt>
   <trkpt lat="-29.8063800" lon="24.4156920">
    <ele>1098.0</ele>
   </trkpt>
   <trkpt lat="-29.8063370" lon="24.4156470">
    <ele>1097.9</ele>
   </trkpt>
   <trkpt lat="-29.8062890" lon="24.4156070">
    <ele>1097.8</ele>
   </trkpt>
   <trkpt lat="-29.8062440" lon="24.4155620">
    <ele>1097.7</ele>
   </trkpt>
   <trkpt lat="-29.8062070" lon="24.4155230">
    <ele>1097.7</ele>
   </trkpt>
   <trkpt lat="-29.8061750" lon="24.4154890">
    <ele>1097.6</ele>
   </trkpt>
   <trkpt lat="-29.8061430" lon="24.4154700">
    <ele>1097.5</ele>
   </trkpt>
   <trkpt lat="-29.8061080" lon="24.4154710">
    <ele>1097.5</ele>
   </trkpt>
   <trkpt lat="-29.8060690" lon="24.4154880">
    <ele>1097.4</ele>
   </trkpt>
   <trkpt lat="-29.8060410" lon="24.4155210">
    <ele>1097.4</ele>
   </trkpt>
   <trkpt lat="-29.8060280" lon="24.4155580">
    <ele>1097.3</ele>
   </trkpt>
   <trkpt lat="-29.8060060" lon="24.4155910">
    <ele>1097.3</ele>
   </trkpt>
   <trkpt lat="-29.8059810" lon="24.4156180">
    <ele>1097.3</ele>
   </trkpt>
   <trkpt lat="-29.8059590" lon="24.4156470">
    <ele>1097.2</ele>
   </trkpt>
   <trkpt lat="-29.8059310" lon="24.4156820">
    <ele>1097.2</ele>
   </trkpt>
   <trkpt lat="-29.8059040" lon="24.4157140">
    <ele>1097.1</ele>
   </trkpt>
   <trkpt lat="-29.8058780" lon="24.4157480">
    <ele>1097.1</ele>
   </trkpt>
   <trkpt lat="-29.8058530" lon="24.4157850">
    <ele>1097.0</ele>
   </trkpt>
   <trkpt lat="-29.8058260" lon="24.4158190">
    <ele>1097.0</ele>
   </trkpt>
   <trkpt lat="-29.8057930" lon="24.4158580">
    <ele>1097.0</ele>
   </trkpt>
   <trkpt lat="-29.8057650" lon="24.4158970">
    <ele>1097.0</ele>
   </trkpt>
   <trkpt lat="-29.8057350" lon="24.4159370">
    <ele>1096.9</ele>
   </trkpt>
   <trkpt lat="-29.8057030" lon="24.4159540">
    <ele>1096.9</ele>
   </trkpt>
   <trkpt lat="-29.8056720" lon="24.4160040">
    <ele>1096.9</ele>
   </trkpt>
   <trkpt lat="-29.8056410" lon="24.4160430">
    <ele>1096.9</ele>
   </trkpt>
   <trkpt lat="-29.8056120" lon="24.4160840">
    <ele>1096.8</ele>
   </trkpt>
   <trkpt lat="-29.8055820" lon="24.4161250">
    <ele>1096.8</ele>
   </trkpt>
   <trkpt lat="-29.8055510" lon="24.4161630">
    <ele>1096.8</ele>
   </trkpt>
   <trkpt lat="-29.8055200" lon="24.4162030">
    <ele>1096.7</ele>
   </trkpt>
   <trkpt lat="-29.8054970" lon="24.4162450">
    <ele>1096.7</ele>
   </trkpt>
   <trkpt lat="-29.8054660" lon="24.4162840">
    <ele>1096.7</ele>
   </trkpt>
   <trkpt lat="-29.8054330" lon="24.4163240">
    <ele>1096.6</ele>
   </trkpt>
   <trkpt lat="-29.8054100" lon="24.4163600">
    <ele>1096.6</ele>
   </trkpt>
   <trkpt lat="-29.8053740" lon="24.4164010">
    <ele>1096.6</ele>
   </trkpt>
   <trkpt lat="-29.8053390" lon="24.4164410">
    <ele>1096.5</ele>
   </trkpt>
   <trkpt lat="-29.8053030" lon="24.4164820">
    <ele>1096.5</ele>
   </trkpt>
   <trkpt lat="-29.8052950" lon="24.4165040">
    <ele>1096.5</ele>
   </trkpt>
   <trkpt lat="-29.8052760" lon="24.4165210">
    <ele>1096.5</ele>
   </trkpt>
   <trkpt lat="-29.8052710" lon="24.4165580">
    <ele>1096.4</ele>
   </trkpt>
   <trkpt lat="-29.8052620" lon="24.4165750">
    <ele>1096.4</ele>
   </trkpt>
   <trkpt lat="-29.8052360" lon="24.4166090">
    <ele>1096.4</ele>
   </trkpt>
   <trkpt lat="-29.8052250" lon="24.4166400">
    <ele>1096.4</ele>
   </trkpt>
   <trkpt lat="-29.8051800" lon="24.4166860">
    <ele>1096.4</ele>
   </trkpt>
   <trkpt lat="-29.8051530" lon="24.4167160">
    <ele>1096.4</ele>
   </trkpt>
   <trkpt lat="-29.8051440" lon="24.4167340">
    <ele>1096.4</ele>
   </trkpt>
   <trkpt lat="-29.8051280" lon="24.4167690">
    <ele>1096.3</ele>
   </trkpt>
   <trkpt lat="-29.8051060" lon="24.4168190">
    <ele>1096.3</ele>
   </trkpt>
   <trkpt lat="-29.8050890" lon="24.4168420">
    <ele>1096.3</ele>
   </trkpt>
   <trkpt lat="-29.8050590" lon="24.4168930">
    <ele>1096.3</ele>
   </trkpt>
   <trkpt lat="-29.8050330" lon="24.4169280">
    <ele>1096.3</ele>
   </trkpt>
   <trkpt lat="-29.8049990" lon="24.4169810">
    <ele>1096.2</ele>
   </trkpt>
   <trkpt lat="-29.8049790" lon="24.4170160">
    <ele>1096.2</ele>
   </trkpt>
   <trkpt lat="-29.8049480" lon="24.4170490">
    <ele>1096.2</ele>
   </trkpt>
   <trkpt lat="-29.8049360" lon="24.4170690">
    <ele>1096.2</ele>
   </trkpt>
   <trkpt lat="-29.8049170" lon="24.4171150">
    <ele>1096.1</ele>
   </trkpt>
   <trkpt lat="-29.8048990" lon="24.4171410">
    <ele>1096.1</ele>
   </trkpt>
   <trkpt lat="-29.8048690" lon="24.4171900">
    <ele>1096.1</ele>
   </trkpt>
   <trkpt lat="-29.8048520" lon="24.4172280">
    <ele>1096.0</ele>
   </trkpt>
   <trkpt lat="-29.8048440" lon="24.4172440">
    <ele>1096.0</ele>
   </trkpt>
   <trkpt lat="-29.8048220" lon="24.4172800">
    <ele>1096.0</ele>
   </trkpt>
   <trkpt lat="-29.8048060" lon="24.4173130">
    <ele>1096.0</ele>
   </trkpt>
   <trkpt lat="-29.8047800" lon="24.4173430">
    <ele>1095.9</ele>
   </trkpt>
   <trkpt lat="-29.8047520" lon="24.4173730">
    <ele>1095.9</ele>
   </trkpt>
   <trkpt lat="-29.8047380" lon="24.4174060">
    <ele>1095.9</ele>
   </trkpt>
   <trkpt lat="-29.8047130" lon="24.4174360">
    <ele>1095.8</ele>
   </trkpt>
   <trkpt lat="-29.8046930" lon="24.4174660">
    <ele>1095.8</ele>
   </trkpt>
   <trkpt lat="-29.8046770" lon="24.4174940">
    <ele>1095.8</ele>
   </trkpt>
   <trkpt lat="-29.8046570" lon="24.4175270">
    <ele>1095.7</ele>
   </trkpt>
   <trkpt lat="-29.8046380" lon="24.4175690">
    <ele>1095.7</ele>
   </trkpt>
   <trkpt lat="-29.8046280" lon="24.4175820">
    <ele>1095.7</ele>
   </trkpt>
   <trkpt lat="-29.8046110" lon="24.4176220">
    <ele>1095.6</ele>
   </trkpt>
   <trkpt lat="-29.8046050" lon="24.4176370">
    <ele>1095.6</ele>
   </trkpt>
   <trkpt lat="-29.8045910" lon="24.4176710">
    <ele>1095.6</ele>
   </trkpt>
   <trkpt lat="-29.8045640" lon="24.4176980">
    <ele>1095.6</ele>
   </trkpt>
   <trkpt lat="-29.8045500" lon="24.4177310">
    <ele>1095.5</ele>
   </trkpt>
   <trkpt lat="-29.8045310" lon="24.4177610">
    <ele>1095.5</ele>
   </trkpt>
   <trkpt lat="-29.8045190" lon="24.4177920">
    <ele>1095.5</ele>
   </trkpt>
   <trkpt lat="-29.8044890" lon="24.4178160">
    <ele>1095.4</ele>
   </trkpt>
   <trkpt lat="-29.8044550" lon="24.4178430">
    <ele>1095.4</ele>
   </trkpt>
   <trkpt lat="-29.8044370" lon="24.4178720">
    <ele>1095.4</ele>
   </trkpt>
   <trkpt lat="-29.8044200" lon="24.4179130">
    <ele>1095.4</ele>
   </trkpt>
   <trkpt lat="-29.8044150" lon="24.4179270">
    <ele>1095.3</ele>
   </trkpt>
   <trkpt lat="-29.8044140" lon="24.4179700">
    <ele>1095.3</ele>
   </trkpt>
   <trkpt lat="-29.8044100" lon="24.4179830">
    <ele>1095.3</ele>
   </trkpt>
   <trkpt lat="-29.8043870" lon="24.4180090">
    <ele>1095.3</ele>
   </trkpt>
   <trkpt lat="-29.8043620" lon="24.4180320">
    <ele>1095.3</ele>
   </trkpt>
   <trkpt lat="-29.8043410" lon="24.4180690">
    <ele>1095.2</ele>
   </trkpt>
   <trkpt lat="-29.8043310" lon="24.4180810">
    <ele>1095.2</ele>
   </trkpt>
   <trkpt lat="-29.8043120" lon="24.4181050">
    <ele>1095.2</ele>
   </trkpt>
   <trkpt lat="-29.8042960" lon="24.4181320">
    <ele>1095.2</ele>
   </trkpt>
   <trkpt lat="-29.8042720" lon="24.4181580">
    <ele>1095.2</ele>
   </trkpt>
   <trkpt lat="-29.8042650" lon="24.4181900">
    <ele>1095.1</ele>
   </trkpt>
   <trkpt lat="-29.8042520" lon="24.4182210">
    <ele>1095.1</ele>
   </trkpt>
   <trkpt lat="-29.8042420" lon="24.4182550">
    <ele>1095.1</ele>
   </trkpt>
   <trkpt lat="-29.8042290" lon="24.4182860">
    <ele>1095.1</ele>
   </trkpt>
   <trkpt lat="-29.8042040" lon="24.4183150">
    <ele>1095.1</ele>
   </trkpt>
   <trkpt lat="-29.8041870" lon="24.4183430">
    <ele>1095.1</ele>
   </trkpt>
   <trkpt lat="-29.8041590" lon="24.4183740">
    <ele>1095.1</ele>
   </trkpt>
   <trkpt lat="-29.8041430" lon="24.4184070">
    <ele>1095.0</ele>
   </trkpt>
   <trkpt lat="-29.8041300" lon="24.4184390">
    <ele>1095.0</ele>
   </trkpt>
   <trkpt lat="-29.8041140" lon="24.4184720">
    <ele>1095.0</ele>
   </trkpt>
   <trkpt lat="-29.8041140" lon="24.4185070">
    <ele>1095.0</ele>
   </trkpt>
   <trkpt lat="-29.8041020" lon="24.4185380">
    <ele>1095.0</ele>
   </trkpt>
   <trkpt lat="-29.8040780" lon="24.4185650">
    <ele>1095.0</ele>
   </trkpt>
   <trkpt lat="-29.8040650" lon="24.4185940">
    <ele>1095.0</ele>
   </trkpt>
   <trkpt lat="-29.8040490" lon="24.4186210">
    <ele>1095.0</ele>
   </trkpt>
   <trkpt lat="-29.8040300" lon="24.4186460">
    <ele>1095.0</ele>
   </trkpt>
   <trkpt lat="-29.8040100" lon="24.4186680">
    <ele>1095.0</ele>
   </trkpt>
   <trkpt lat="-29.8040100" lon="24.4187080">
    <ele>1095.0</ele>
   </trkpt>
   <trkpt lat="-29.8040090" lon="24.4187210">
    <ele>1095.0</ele>
   </trkpt>
   <trkpt lat="-29.8040010" lon="24.4187510">
    <ele>1095.0</ele>
   </trkpt>
   <trkpt lat="-29.8039870" lon="24.4187900">
    <ele>1095.0</ele>
   </trkpt>
   <trkpt lat="-29.8039800" lon="24.4188050">
    <ele>1095.0</ele>
   </trkpt>
   <trkpt lat="-29.8039720" lon="24.4188430">
    <ele>1094.9</ele>
   </trkpt>
   <trkpt lat="-29.8039700" lon="24.4188560">
    <ele>1094.9</ele>
   </trkpt>
   <trkpt lat="-29.8039700" lon="24.4188910">
    <ele>1094.9</ele>
   </trkpt>
   <trkpt lat="-29.8039380" lon="24.4189200">
    <ele>1094.9</ele>
   </trkpt>
   <trkpt lat="-29.8039210" lon="24.4189300">
    <ele>1094.9</ele>
   </trkpt>
   <trkpt lat="-29.8039050" lon="24.4189570">
    <ele>1094.9</ele>
   </trkpt>
   <trkpt lat="-29.8039020" lon="24.4190000">
    <ele>1094.9</ele>
   </trkpt>
   <trkpt lat="-29.8039000" lon="24.4190150">
    <ele>1094.8</ele>
   </trkpt>
   <trkpt lat="-29.8038930" lon="24.4190610">
    <ele>1094.8</ele>
   </trkpt>
   <trkpt lat="-29.8038880" lon="24.4190760">
    <ele>1094.8</ele>
   </trkpt>
   <trkpt lat="-29.8038660" lon="24.4191050">
    <ele>1094.8</ele>
   </trkpt>
   <trkpt lat="-29.8038290" lon="24.4191350">
    <ele>1094.8</ele>
   </trkpt>
   <trkpt lat="-29.8038050" lon="24.4191400">
    <ele>1094.8</ele>
   </trkpt>
   <trkpt lat="-29.8037870" lon="24.4191820">
    <ele>1094.7</ele>
   </trkpt>
   <trkpt lat="-29.8037810" lon="24.4191960">
    <ele>1094.7</ele>
   </trkpt>
   <trkpt lat="-29.8037720" lon="24.4192270">
    <ele>1094.7</ele>
   </trkpt>
   <trkpt lat="-29.8037540" lon="24.4192540">
    <ele>1094.7</ele>
   </trkpt>
   <trkpt lat="-29.8037350" lon="24.4192920">
    <ele>1094.7</ele>
   </trkpt>
   <trkpt lat="-29.8037260" lon="24.4193030">
    <ele>1094.7</ele>
   </trkpt>
   <trkpt lat="-29.8037190" lon="24.4193350">
    <ele>1094.7</ele>
   </trkpt>
   <trkpt lat="-29.8037010" lon="24.4193760">
    <ele>1094.6</ele>
   </trkpt>
   <trkpt lat="-29.8036940" lon="24.4193900">
    <ele>1094.6</ele>
   </trkpt>
   <trkpt lat="-29.8036710" lon="24.4194130">
    <ele>1094.6</ele>
   </trkpt>
   <trkpt lat="-29.8036490" lon="24.4194340">
    <ele>1094.6</ele>
   </trkpt>
   <trkpt lat="-29.8036220" lon="24.4194660">
    <ele>1094.6</ele>
   </trkpt>
   <trkpt lat="-29.8036110" lon="24.4194770">
    <ele>1094.6</ele>
   </trkpt>
   <trkpt lat="-29.8036020" lon="24.4195100">
    <ele>1094.6</ele>
   </trkpt>
   <trkpt lat="-29.8035850" lon="24.4195530">
    <ele>1094.6</ele>
   </trkpt>
   <trkpt lat="-29.8035800" lon="24.4195720">
    <ele>1094.6</ele>
   </trkpt>
   <trkpt lat="-29.8035570" lon="24.4196120">
    <ele>1094.6</ele>
   </trkpt>
   <trkpt lat="-29.8035450" lon="24.4196250">
    <ele>1094.5</ele>
   </trkpt>
   <trkpt lat="-29.8035170" lon="24.4196520">
    <ele>1094.5</ele>
   </trkpt>
   <trkpt lat="-29.8026620" lon="24.4201340">
    <ele>1093.3</ele>
   </trkpt>
   <trkpt lat="-29.8033420" lon="24.4196360">
    <ele>1094.1</ele>
   </trkpt>
   <trkpt lat="-29.8033180" lon="24.4196580">
    <ele>1094.1</ele>
   </trkpt>
   <trkpt lat="-29.8032970" lon="24.4196830">
    <ele>1094.1</ele>
   </trkpt>
   <trkpt lat="-29.8018200" lon="24.4208450">
    <ele>1092.3</ele>
   </trkpt>
   <trkpt lat="-29.8017950" lon="24.4208780">
    <ele>1092.2</ele>
   </trkpt>
   <trkpt lat="-29.8017690" lon="24.4209120">
    <ele>1092.2</ele>
   </trkpt>
   <trkpt lat="-29.8017440" lon="24.4209450">
    <ele>1092.1</ele>
   </trkpt>
   <trkpt lat="-29.8017190" lon="24.4209790">
    <ele>1092.1</ele>
   </trkpt>
   <trkpt lat="-29.8016830" lon="24.4210240">
    <ele>1092.0</ele>
   </trkpt>
   <trkpt lat="-29.8016490" lon="24.4210670">
    <ele>1091.9</ele>
   </trkpt>
   <trkpt lat="-29.8016140" lon="24.4211100">
    <ele>1091.8</ele>
   </trkpt>
   <trkpt lat="-29.8015800" lon="24.4211530">
    <ele>1091.8</ele>
   </trkpt>
   <trkpt lat="-29.8015480" lon="24.4211960">
    <ele>1091.7</ele>
   </trkpt>
   <trkpt lat="-29.8015160" lon="24.4212400">
    <ele>1091.7</ele>
   </trkpt>
   <trkpt lat="-29.8014830" lon="24.4212820">
    <ele>1091.6</ele>
   </trkpt>
   <trkpt lat="-29.8014490" lon="24.4213210">
    <ele>1091.6</ele>
   </trkpt>
   <trkpt lat="-29.8014160" lon="24.4213570">
    <ele>1091.6</ele>
   </trkpt>
   <trkpt lat="-29.8013810" lon="24.4213910">
    <ele>1091.5</ele>
   </trkpt>
   <trkpt lat="-29.8013430" lon="24.4214240">
    <ele>1091.5</ele>
   </trkpt>
   <trkpt lat="-29.8013020" lon="24.4214520">
    <ele>1091.5</ele>
   </trkpt>
   <trkpt lat="-29.8012550" lon="24.4214650">
    <ele>1091.5</ele>
   </trkpt>
   <trkpt lat="-29.8012070" lon="24.4214670">
    <ele>1091.4</ele>
   </trkpt>
   <trkpt lat="-29.8024760" lon="24.4203850">
    <ele>1093.2</ele>
   </trkpt>
   <trkpt lat="-29.8024280" lon="24.4204230">
    <ele>1093.1</ele>
   </trkpt>
   <trkpt lat="-29.8023810" lon="24.4204600">
    <ele>1093.1</ele>
   </trkpt>
   <trkpt lat="-29.8023330" lon="24.4204980">
    <ele>1093.0</ele>
   </trkpt>
   <trkpt lat="-29.8022670" lon="24.4205230">
    <ele>1093.0</ele>
   </trkpt>
   <trkpt lat="-29.8022140" lon="24.4205330">
    <ele>1092.9</ele>
   </trkpt>
   <trkpt lat="-29.8021780" lon="24.4205510">
    <ele>1092.9</ele>
   </trkpt>
   <trkpt lat="-29.8021320" lon="24.4205710">
    <ele>1092.9</ele>
   </trkpt>
   <trkpt lat="-29.8020680" lon="24.4205720">
    <ele>1092.0</ele>
   </trkpt>
   <trkpt lat="-29.8020290" lon="24.4205730">
    <ele>1091.6</ele>
   </trkpt>
   <trkpt lat="-29.8019740" lon="24.4205700">
    <ele>1091.2</ele>
   </trkpt>
   <trkpt lat="-29.8019180" lon="24.4205720">
    <ele>1090.9</ele>
   </trkpt>
   <trkpt lat="-29.8018770" lon="24.4205690">
    <ele>1090.8</ele>
   </trkpt>
   <trkpt lat="-29.8018370" lon="24.4205600">
    <ele>1090.7</ele>
   </trkpt>
   <trkpt lat="-29.8018100" lon="24.4205430">
    <ele>1091.1</ele>
   </trkpt>
   <trkpt lat="-29.8017810" lon="24.4205250">
    <ele>1091.1</ele>
   </trkpt>
   <trkpt lat="-29.8017130" lon="24.4205120">
    <ele>1091.5</ele>
   </trkpt>
   <trkpt lat="-29.8016860" lon="24.4205110">
    <ele>1091.8</ele>
   </trkpt>
   <trkpt lat="-29.8016380" lon="24.4204910">
    <ele>1092.7</ele>
   </trkpt>
   <trkpt lat="-29.8016120" lon="24.4204630">
    <ele>1093.0</ele>
   </trkpt>
   <trkpt lat="-29.8015610" lon="24.4204470">
    <ele>1093.8</ele>
   </trkpt>
   <trkpt lat="-29.8015050" lon="24.4204490">
    <ele>1093.9</ele>
   </trkpt>
   <trkpt lat="-29.8014650" lon="24.4204270">
    <ele>1093.9</ele>
   </trkpt>
   <trkpt lat="-29.8014330" lon="24.4203770">
    <ele>1094.4</ele>
   </trkpt>
   <trkpt lat="-29.8013860" lon="24.4203550">
    <ele>1094.9</ele>
   </trkpt>
   <trkpt lat="-29.8013480" lon="24.4203330">
    <ele>1094.8</ele>
   </trkpt>
   <trkpt lat="-29.8015010" lon="24.4201670">
    <ele>1095.6</ele>
   </trkpt>
   <trkpt lat="-29.8014900" lon="24.4201550">
    <ele>1095.5</ele>
   </trkpt>
   <trkpt lat="-29.8014520" lon="24.4201340">
    <ele>1095.4</ele>
   </trkpt>
   <trkpt lat="-29.8014050" lon="24.4201190">
    <ele>1095.3</ele>
   </trkpt>
   <trkpt lat="-29.8013590" lon="24.4201150">
    <ele>1095.2</ele>
   </trkpt>
   <trkpt lat="-29.8013210" lon="24.4201010">
    <ele>1095.2</ele>
   </trkpt>
   <trkpt lat="-29.8012740" lon="24.4200920">
    <ele>1095.2</ele>
   </trkpt>
   <trkpt lat="-29.8012280" lon="24.4200740">
    <ele>1095.0</ele>
   </trkpt>
   <trkpt lat="-29.8011860" lon="24.4200640">
    <ele>1094.8</ele>
   </trkpt>
   <trkpt lat="-29.8011300" lon="24.4200580">
    <ele>1094.2</ele>
   </trkpt>
   <trkpt lat="-29.8010830" lon="24.4200440">
    <ele>1093.9</ele>
   </trkpt>
   <trkpt lat="-29.8010380" lon="24.4200380">
    <ele>1093.7</ele>
   </trkpt>
   <trkpt lat="-29.8010000" lon="24.4200280">
    <ele>1093.4</ele>
   </trkpt>
   <trkpt lat="-29.8009670" lon="24.4200120">
    <ele>1093.2</ele>
   </trkpt>
   <trkpt lat="-29.8009370" lon="24.4199970">
    <ele>1092.9</ele>
   </trkpt>
   <trkpt lat="-29.8009080" lon="24.4199770">
    <ele>1092.6</ele>
   </trkpt>
   <trkpt lat="-29.8008680" lon="24.4199640">
    <ele>1092.3</ele>
   </trkpt>
   <trkpt lat="-29.8008270" lon="24.4199480">
    <ele>1092.1</ele>
   </trkpt>
   <trkpt lat="-29.8007760" lon="24.4199470">
    <ele>1092.0</ele>
   </trkpt>
   <trkpt lat="-29.8007440" lon="24.4199440">
    <ele>1091.9</ele>
   </trkpt>
   <trkpt lat="-29.8007070" lon="24.4199650">
    <ele>1091.9</ele>
   </trkpt>
   <trkpt lat="-29.8006710" lon="24.4199830">
    <ele>1092.0</ele>
   </trkpt>
   <trkpt lat="-29.8006190" lon="24.4199990">
    <ele>1092.0</ele>
   </trkpt>
   <trkpt lat="-29.8005730" lon="24.4200230">
    <ele>1092.2</ele>
   </trkpt>
   <trkpt lat="-29.8005150" lon="24.4200250">
    <ele>1092.2</ele>
   </trkpt>
   <trkpt lat="-29.8004670" lon="24.4200180">
    <ele>1092.2</ele>
   </trkpt>
   <trkpt lat="-29.8004290" lon="24.4199950">
    <ele>1092.1</ele>
   </trkpt>
   <trkpt lat="-29.8003900" lon="24.4199870">
    <ele>1091.9</ele>
   </trkpt>
   <trkpt lat="-29.8003490" lon="24.4199760">
    <ele>1092.0</ele>
   </trkpt>
   <trkpt lat="-29.8002960" lon="24.4199480">
    <ele>1092.1</ele>
   </trkpt>
   <trkpt lat="-29.8002570" lon="24.4199140">
    <ele>1092.3</ele>
   </trkpt>
   <trkpt lat="-29.8002130" lon="24.4198700">
    <ele>1092.9</ele>
   </trkpt>
   <trkpt lat="-29.8001730" lon="24.4198310">
    <ele>1093.7</ele>
   </trkpt>
   <trkpt lat="-29.8001410" lon="24.4197800">
    <ele>1094.4</ele>
   </trkpt>
   <trkpt lat="-29.8000980" lon="24.4197290">
    <ele>1094.4</ele>
   </trkpt>
   <trkpt lat="-29.8000320" lon="24.4197000">
    <ele>1094.4</ele>
   </trkpt>
   <trkpt lat="-29.7999640" lon="24.4196750">
    <ele>1094.1</ele>
   </trkpt>
   <trkpt lat="-29.7998950" lon="24.4196350">
    <ele>1093.8</ele>
   </trkpt>
   <trkpt lat="-29.7998280" lon="24.4196040">
    <ele>1093.7</ele>
   </trkpt>
   <trkpt lat="-29.7997540" lon="24.4195740">
    <ele>1093.8</ele>
   </trkpt>
   <trkpt lat="-29.7996860" lon="24.4195380">
    <ele>1093.8</ele>
   </trkpt>
   <trkpt lat="-29.7996180" lon="24.4195050">
    <ele>1093.7</ele>
   </trkpt>
   <trkpt lat="-29.7995540" lon="24.4194640">
    <ele>1093.7</ele>
   </trkpt>
   <trkpt lat="-29.7994870" lon="24.4194240">
    <ele>1093.7</ele>
   </trkpt>
   <trkpt lat="-29.7994110" lon="24.4193820">
    <ele>1093.5</ele>
   </trkpt>
   <trkpt lat="-29.7993270" lon="24.4193270">
    <ele>1093.5</ele>
   </trkpt>
   <trkpt lat="-29.7992680" lon="24.4192860">
    <ele>1093.5</ele>
   </trkpt>
   <trkpt lat="-29.7992130" lon="24.4192600">
    <ele>1093.5</ele>
   </trkpt>
   <trkpt lat="-29.7991800" lon="24.4192260">
    <ele>1093.5</ele>
   </trkpt>
   <trkpt lat="-29.7991420" lon="24.4191910">
    <ele>1093.5</ele>
   </trkpt>
   <trkpt lat="-29.7991010" lon="24.4191610">
    <ele>1093.5</ele>
   </trkpt>
   <trkpt lat="-29.7990720" lon="24.4191460">
    <ele>1093.4</ele>
   </trkpt>
   <trkpt lat="-29.7990400" lon="24.4191170">
    <ele>1093.4</ele>
   </trkpt>
   <trkpt lat="-29.7990060" lon="24.4190830">
    <ele>1093.4</ele>
   </trkpt>
   <trkpt lat="-29.7989730" lon="24.4190570">
    <ele>1093.4</ele>
   </trkpt>
   <trkpt lat="-29.7989420" lon="24.4190230">
    <ele>1093.3</ele>
   </trkpt>
   <trkpt lat="-29.7989080" lon="24.4190030">
    <ele>1093.3</ele>
   </trkpt>
   <trkpt lat="-29.7988770" lon="24.4189790">
    <ele>1093.3</ele>
   </trkpt>
   <trkpt lat="-29.7988500" lon="24.4189550">
    <ele>1093.3</ele>
   </trkpt>
   <trkpt lat="-29.7988180" lon="24.4189260">
    <ele>1093.2</ele>
   </trkpt>
   <trkpt lat="-29.7987870" lon="24.4188980">
    <ele>1093.2</ele>
   </trkpt>
   <trkpt lat="-29.7987560" lon="24.4188700">
    <ele>1093.2</ele>
   </trkpt>
   <trkpt lat="-29.7987240" lon="24.4188420">
    <ele>1093.2</ele>
   </trkpt>
   <trkpt lat="-29.7986950" lon="24.4188050">
    <ele>1093.2</ele>
   </trkpt>
   <trkpt lat="-29.7986650" lon="24.4187700">
    <ele>1093.1</ele>
   </trkpt>
   <trkpt lat="-29.7986360" lon="24.4187270">
    <ele>1093.1</ele>
   </trkpt>
   <trkpt lat="-29.7986060" lon="24.4186910">
    <ele>1093.1</ele>
   </trkpt>
   <trkpt lat="-29.7985770" lon="24.4186490">
    <ele>1093.1</ele>
   </trkpt>
   <trkpt lat="-29.7985450" lon="24.4186090">
    <ele>1093.1</ele>
   </trkpt>
   <trkpt lat="-29.7985220" lon="24.4185710">
    <ele>1093.1</ele>
   </trkpt>
   <trkpt lat="-29.7984940" lon="24.4185480">
    <ele>1093.0</ele>
   </trkpt>
   <trkpt lat="-29.7984690" lon="24.4185050">
    <ele>1093.0</ele>
   </trkpt>
   <trkpt lat="-29.7984440" lon="24.4184570">
    <ele>1093.1</ele>
   </trkpt>
   <trkpt lat="-29.7984150" lon="24.4184130">
    <ele>1093.1</ele>
   </trkpt>
   <trkpt lat="-29.7983930" lon="24.4183670">
    <ele>1093.1</ele>
   </trkpt>
   <trkpt lat="-29.7983550" lon="24.4183240">
    <ele>1093.1</ele>
   </trkpt>
   <trkpt lat="-29.7983260" lon="24.4182860">
    <ele>1093.1</ele>
   </trkpt>
   <trkpt lat="-29.7982990" lon="24.4182410">
    <ele>1093.1</ele>
   </trkpt>
   <trkpt lat="-29.7982710" lon="24.4181980">
    <ele>1093.1</ele>
   </trkpt>
   <trkpt lat="-29.7982430" lon="24.4181540">
    <ele>1093.1</ele>
   </trkpt>
   <trkpt lat="-29.7982100" lon="24.4181110">
    <ele>1093.2</ele>
   </trkpt>
   <trkpt lat="-29.7981810" lon="24.4180690">
    <ele>1093.2</ele>
   </trkpt>
   <trkpt lat="-29.7981540" lon="24.4180360">
    <ele>1093.2</ele>
   </trkpt>
   <trkpt lat="-29.7981220" lon="24.4180080">
    <ele>1093.2</ele>
   </trkpt>
   <trkpt lat="-29.7980930" lon="24.4179640">
    <ele>1093.2</ele>
   </trkpt>
   <trkpt lat="-29.7980620" lon="24.4179310">
    <ele>1093.2</ele>
   </trkpt>
   <trkpt lat="-29.7980310" lon="24.4178830">
    <ele>1093.3</ele>
   </trkpt>
   <trkpt lat="-29.7980040" lon="24.4178490">
    <ele>1093.3</ele>
   </trkpt>
   <trkpt lat="-29.7979750" lon="24.4178070">
    <ele>1093.3</ele>
   </trkpt>
   <trkpt lat="-29.7979470" lon="24.4177720">
    <ele>1093.3</ele>
   </trkpt>
   <trkpt lat="-29.7979180" lon="24.4177250">
    <ele>1093.3</ele>
   </trkpt>
   <trkpt lat="-29.7978950" lon="24.4176780">
    <ele>1093.4</ele>
   </trkpt>
   <trkpt lat="-29.7978720" lon="24.4176320">
    <ele>1093.4</ele>
   </trkpt>
   <trkpt lat="-29.7978370" lon="24.4175870">
    <ele>1093.4</ele>
   </trkpt>
   <trkpt lat="-29.7978130" lon="24.4175460">
    <ele>1093.4</ele>
   </trkpt>
   <trkpt lat="-29.7977790" lon="24.4175070">
    <ele>1093.4</ele>
   </trkpt>
   <trkpt lat="-29.7977540" lon="24.4174640">
    <ele>1093.4</ele>
   </trkpt>
   <trkpt lat="-29.7977280" lon="24.4174220">
    <ele>1093.4</ele>
   </trkpt>
   <trkpt lat="-29.7977040" lon="24.4173730">
    <ele>1093.4</ele>
   </trkpt>
   <trkpt lat="-29.7976850" lon="24.4173230">
    <ele>1093.4</ele>
   </trkpt>
   <trkpt lat="-29.7976650" lon="24.4172950">
    <ele>1093.4</ele>
   </trkpt>
   <trkpt lat="-29.7976350" lon="24.4172640">
    <ele>1093.4</ele>
   </trkpt>
   <trkpt lat="-29.7976170" lon="24.4172310">
    <ele>1093.4</ele>
   </trkpt>
   <trkpt lat="-29.7975790" lon="24.4171980">
    <ele>1093.4</ele>
   </trkpt>
   <trkpt lat="-29.7975630" lon="24.4171600">
    <ele>1093.4</ele>
   </trkpt>
   <trkpt lat="-29.7975340" lon="24.4171160">
    <ele>1093.4</ele>
   </trkpt>
   <trkpt lat="-29.7975090" lon="24.4170920">
    <ele>1093.4</ele>
   </trkpt>
   <trkpt lat="-29.7974670" lon="24.4170440">
    <ele>1093.4</ele>
   </trkpt>
   <trkpt lat="-29.7974360" lon="24.4170070">
    <ele>1093.3</ele>
   </trkpt>
   <trkpt lat="-29.7973430" lon="24.4168280">
    <ele>1093.4</ele>
   </trkpt>
   <trkpt lat="-29.7973320" lon="24.4168070">
    <ele>1093.4</ele>
   </trkpt>
   <trkpt lat="-29.7973040" lon="24.4167620">
    <ele>1093.4</ele>
   </trkpt>
   <trkpt lat="-29.7972740" lon="24.4167260">
    <ele>1093.4</ele>
   </trkpt>
   <trkpt lat="-29.7972470" lon="24.4166850">
    <ele>1093.4</ele>
   </trkpt>
   <trkpt lat="-29.7972140" lon="24.4166460">
    <ele>1093.4</ele>
   </trkpt>
   <trkpt lat="-29.7971810" lon="24.4166100">
    <ele>1093.3</ele>
   </trkpt>
   <trkpt lat="-29.7971510" lon="24.4165680">
    <ele>1093.3</ele>
   </trkpt>
   <trkpt lat="-29.7971240" lon="24.4165290">
    <ele>1093.3</ele>
   </trkpt>
   <trkpt lat="-29.7970900" lon="24.4164980">
    <ele>1093.3</ele>
   </trkpt>
   <trkpt lat="-29.7970590" lon="24.4164590">
    <ele>1093.3</ele>
   </trkpt>
   <trkpt lat="-29.7970210" lon="24.4164200">
    <ele>1093.3</ele>
   </trkpt>
   <trkpt lat="-29.7969870" lon="24.4163920">
    <ele>1093.3</ele>
   </trkpt>
   <trkpt lat="-29.7969630" lon="24.4163420">
    <ele>1093.3</ele>
   </trkpt>
   <trkpt lat="-29.7969240" lon="24.4163100">
    <ele>1093.3</ele>
   </trkpt>
   <trkpt lat="-29.7968790" lon="24.4162750">
    <ele>1093.3</ele>
   </trkpt>
   <trkpt lat="-29.7968480" lon="24.4162460">
    <ele>1093.3</ele>
   </trkpt>
   <trkpt lat="-29.7968180" lon="24.4162210">
    <ele>1093.3</ele>
   </trkpt>
   <trkpt lat="-29.7967880" lon="24.4161980">
    <ele>1093.3</ele>
   </trkpt>
   <trkpt lat="-29.7967790" lon="24.4161950">
    <ele>1093.3</ele>
   </trkpt>
   <trkpt lat="-29.7967550" lon="24.4161790">
    <ele>1093.3</ele>
   </trkpt>
   <trkpt lat="-29.7967280" lon="24.4161670">
    <ele>1093.3</ele>
   </trkpt>
   <trkpt lat="-29.7967060" lon="24.4161360">
    <ele>1093.3</ele>
   </trkpt>
   <trkpt lat="-29.7966840" lon="24.4161090">
    <ele>1093.3</ele>
   </trkpt>
   <trkpt lat="-29.7966570" lon="24.4160870">
    <ele>1093.2</ele>
   </trkpt>
   <trkpt lat="-29.7966340" lon="24.4160600">
    <ele>1093.2</ele>
   </trkpt>
   <trkpt lat="-29.7966290" lon="24.4160220">
    <ele>1093.2</ele>
   </trkpt>
   <trkpt lat="-29.7965910" lon="24.4159700">
    <ele>1093.2</ele>
   </trkpt>
   <trkpt lat="-29.7965530" lon="24.4159500">
    <ele>1093.1</ele>
   </trkpt>
   <trkpt lat="-29.7965180" lon="24.4159070">
    <ele>1093.1</ele>
   </trkpt>
   <trkpt lat="-29.7964930" lon="24.4158820">
    <ele>1093.1</ele>
   </trkpt>
   <trkpt lat="-29.7964580" lon="24.4158260">
    <ele>1093.0</ele>
   </trkpt>
   <trkpt lat="-29.7964380" lon="24.4157930">
    <ele>1093.0</ele>
   </trkpt>
   <trkpt lat="-29.7963000" lon="24.4156180">
    <ele>1092.9</ele>
   </trkpt>
   <trkpt lat="-29.7962810" lon="24.4155960">
    <ele>1092.9</ele>
   </trkpt>
   <trkpt lat="-29.7962570" lon="24.4155510">
    <ele>1092.8</ele>
   </trkpt>
   <trkpt lat="-29.7962220" lon="24.4155170">
    <ele>1092.8</ele>
   </trkpt>
   <trkpt lat="-29.7961950" lon="24.4154660">
    <ele>1092.8</ele>
   </trkpt>
   <trkpt lat="-29.7961640" lon="24.4154170">
    <ele>1092.8</ele>
   </trkpt>
   <trkpt lat="-29.7961230" lon="24.4153740">
    <ele>1092.8</ele>
   </trkpt>
   <trkpt lat="-29.7960930" lon="24.4153280">
    <ele>1092.8</ele>
   </trkpt>
   <trkpt lat="-29.7960630" lon="24.4152930">
    <ele>1092.8</ele>
   </trkpt>
   <trkpt lat="-29.7960310" lon="24.4152360">
    <ele>1092.7</ele>
   </trkpt>
   <trkpt lat="-29.7959990" lon="24.4152020">
    <ele>1092.7</ele>
   </trkpt>
   <trkpt lat="-29.7959720" lon="24.4151540">
    <ele>1092.7</ele>
   </trkpt>
   <trkpt lat="-29.7959420" lon="24.4151170">
    <ele>1092.7</ele>
   </trkpt>
   <trkpt lat="-29.7959090" lon="24.4150710">
    <ele>1092.7</ele>
   </trkpt>
   <trkpt lat="-29.7958760" lon="24.4150280">
    <ele>1092.7</ele>
   </trkpt>
   <trkpt lat="-29.7958490" lon="24.4149750">
    <ele>1092.7</ele>
   </trkpt>
   <trkpt lat="-29.7958230" lon="24.4149360">
    <ele>1092.7</ele>
   </trkpt>
   <trkpt lat="-29.7957990" lon="24.4148890">
    <ele>1092.7</ele>
   </trkpt>
   <trkpt lat="-29.7957690" lon="24.4148560">
    <ele>1092.7</ele>
   </trkpt>
   <trkpt lat="-29.7957380" lon="24.4148130">
    <ele>1092.7</ele>
   </trkpt>
   <trkpt lat="-29.7957220" lon="24.4147750">
    <ele>1092.7</ele>
   </trkpt>
   <trkpt lat="-29.7957020" lon="24.4147440">
    <ele>1092.7</ele>
   </trkpt>
   <trkpt lat="-29.7956870" lon="24.4147210">
    <ele>1092.7</ele>
   </trkpt>
   <trkpt lat="-29.7956590" lon="24.4146770">
    <ele>1092.7</ele>
   </trkpt>
   <trkpt lat="-29.7956330" lon="24.4146390">
    <ele>1092.7</ele>
   </trkpt>
   <trkpt lat="-29.7956000" lon="24.4146030">
    <ele>1092.6</ele>
   </trkpt>
   <trkpt lat="-29.7955750" lon="24.4145640">
    <ele>1092.6</ele>
   </trkpt>
   <trkpt lat="-29.7955530" lon="24.4145400">
    <ele>1092.6</ele>
   </trkpt>
   <trkpt lat="-29.7955300" lon="24.4145020">
    <ele>1092.6</ele>
   </trkpt>
   <trkpt lat="-29.7955050" lon="24.4144680">
    <ele>1092.6</ele>
   </trkpt>
   <trkpt lat="-29.7954860" lon="24.4144320">
    <ele>1092.6</ele>
   </trkpt>
   <trkpt lat="-29.7954650" lon="24.4144000">
    <ele>1092.6</ele>
   </trkpt>
   <trkpt lat="-29.7954440" lon="24.4143580">
    <ele>1092.7</ele>
   </trkpt>
   <trkpt lat="-29.7954240" lon="24.4143270">
    <ele>1092.7</ele>
   </trkpt>
   <trkpt lat="-29.7954000" lon="24.4142830">
    <ele>1092.7</ele>
   </trkpt>
   <trkpt lat="-29.7953790" lon="24.4142390">
    <ele>1092.7</ele>
   </trkpt>
   <trkpt lat="-29.7953510" lon="24.4141750">
    <ele>1092.7</ele>
   </trkpt>
   <trkpt lat="-29.7953210" lon="24.4141200">
    <ele>1092.7</ele>
   </trkpt>
   <trkpt lat="-29.7953070" lon="24.4140850">
    <ele>1092.7</ele>
   </trkpt>
   <trkpt lat="-29.7952890" lon="24.4140600">
    <ele>1092.7</ele>
   </trkpt>
   <trkpt lat="-29.7952670" lon="24.4140210">
    <ele>1092.7</ele>
   </trkpt>
   <trkpt lat="-29.7952500" lon="24.4139840">
    <ele>1092.8</ele>
   </trkpt>
   <trkpt lat="-29.7952340" lon="24.4139400">
    <ele>1092.8</ele>
   </trkpt>
   <trkpt lat="-29.7952240" lon="24.4138970">
    <ele>1092.8</ele>
   </trkpt>
   <trkpt lat="-29.7952010" lon="24.4138250">
    <ele>1092.8</ele>
   </trkpt>
   <trkpt lat="-29.7951730" lon="24.4137910">
    <ele>1092.8</ele>
   </trkpt>
   <trkpt lat="-29.7951590" lon="24.4137760">
    <ele>1092.8</ele>
   </trkpt>
   <trkpt lat="-29.7951400" lon="24.4137320">
    <ele>1092.8</ele>
   </trkpt>
   <trkpt lat="-29.7951190" lon="24.4137080">
    <ele>1092.8</ele>
   </trkpt>
   <trkpt lat="-29.7951010" lon="24.4136760">
    <ele>1092.8</ele>
   </trkpt>
   <trkpt lat="-29.7950720" lon="24.4136410">
    <ele>1092.8</ele>
   </trkpt>
   <trkpt lat="-29.7950460" lon="24.4136020">
    <ele>1092.8</ele>
   </trkpt>
   <trkpt lat="-29.7950250" lon="24.4135740">
    <ele>1092.8</ele>
   </trkpt>
   <trkpt lat="-29.7950020" lon="24.4135380">
    <ele>1092.8</ele>
   </trkpt>
   <trkpt lat="-29.7949830" lon="24.4135000">
    <ele>1092.9</ele>
   </trkpt>
   <trkpt lat="-29.7949600" lon="24.4134600">
    <ele>1092.9</ele>
   </trkpt>
   <trkpt lat="-29.7949240" lon="24.4133940">
    <ele>1092.9</ele>
   </trkpt>
   <trkpt lat="-29.7948950" lon="24.4133460">
    <ele>1093.0</ele>
   </trkpt>
   <trkpt lat="-29.7948830" lon="24.4133130">
    <ele>1093.0</ele>
   </trkpt>
   <trkpt lat="-29.7948740" lon="24.4132750">
    <ele>1093.0</ele>
   </trkpt>
   <trkpt lat="-29.7948480" lon="24.4132390">
    <ele>1093.0</ele>
   </trkpt>
   <trkpt lat="-29.7948370" lon="24.4131950">
    <ele>1093.0</ele>
   </trkpt>
   <trkpt lat="-29.7948080" lon="24.4131550">
    <ele>1093.0</ele>
   </trkpt>
   <trkpt lat="-29.7947820" lon="24.4131090">
    <ele>1093.0</ele>
   </trkpt>
   <trkpt lat="-29.7947600" lon="24.4130710">
    <ele>1093.0</ele>
   </trkpt>
   <trkpt lat="-29.7947280" lon="24.4130430">
    <ele>1093.1</ele>
   </trkpt>
   <trkpt lat="-29.7947040" lon="24.4130030">
    <ele>1093.1</ele>
   </trkpt>
   <trkpt lat="-29.7946870" lon="24.4129630">
    <ele>1093.1</ele>
   </trkpt>
   <trkpt lat="-29.7946630" lon="24.4129240">
    <ele>1093.1</ele>
   </trkpt>
   <trkpt lat="-29.7946330" lon="24.4128500">
    <ele>1093.1</ele>
   </trkpt>
   <trkpt lat="-29.7945860" lon="24.4128200">
    <ele>1093.2</ele>
   </trkpt>
   <trkpt lat="-29.7945630" lon="24.4128010">
    <ele>1093.2</ele>
   </trkpt>
   <trkpt lat="-29.7945420" lon="24.4127760">
    <ele>1093.2</ele>
   </trkpt>
   <trkpt lat="-29.7945220" lon="24.4127290">
    <ele>1093.2</ele>
   </trkpt>
   <trkpt lat="-29.7944960" lon="24.4126700">
    <ele>1093.2</ele>
   </trkpt>
   <trkpt lat="-29.7944690" lon="24.4126160">
    <ele>1093.2</ele>
   </trkpt>
   <trkpt lat="-29.7944500" lon="24.4125740">
    <ele>1093.2</ele>
   </trkpt>
   <trkpt lat="-29.7944380" lon="24.4125510">
    <ele>1093.2</ele>
   </trkpt>
   <trkpt lat="-29.7944000" lon="24.4124920">
    <ele>1093.2</ele>
   </trkpt>
   <trkpt lat="-29.7943790" lon="24.4124570">
    <ele>1093.2</ele>
   </trkpt>
   <trkpt lat="-29.7943740" lon="24.4124800">
    <ele>1093.2</ele>
   </trkpt>
   <trkpt lat="-29.7943480" lon="24.4124560">
    <ele>1093.3</ele>
   </trkpt>
   <trkpt lat="-29.7943210" lon="24.4124300">
    <ele>1093.3</ele>
   </trkpt>
   <trkpt lat="-29.7942930" lon="24.4124000">
    <ele>1093.3</ele>
   </trkpt>
   <trkpt lat="-29.7942660" lon="24.4123790">
    <ele>1093.3</ele>
   </trkpt>
   <trkpt lat="-29.7942410" lon="24.4123550">
    <ele>1093.3</ele>
   </trkpt>
   <trkpt lat="-29.7942120" lon="24.4123380">
    <ele>1093.3</ele>
   </trkpt>
   <trkpt lat="-29.7941800" lon="24.4123230">
    <ele>1093.3</ele>
   </trkpt>
   <trkpt lat="-29.7941530" lon="24.4123030">
    <ele>1093.3</ele>
   </trkpt>
   <trkpt lat="-29.7940420" lon="24.4121460">
    <ele>1093.3</ele>
   </trkpt>
   <trkpt lat="-29.7940140" lon="24.4121370">
    <ele>1093.3</ele>
   </trkpt>
   <trkpt lat="-29.7939760" lon="24.4120940">
    <ele>1093.3</ele>
   </trkpt>
   <trkpt lat="-29.7939390" lon="24.4120630">
    <ele>1093.4</ele>
   </trkpt>
   <trkpt lat="-29.7936570" lon="24.4118320">
    <ele>1093.3</ele>
   </trkpt>
   <trkpt lat="-29.7936350" lon="24.4118180">
    <ele>1093.3</ele>
   </trkpt>
   <trkpt lat="-29.7935910" lon="24.4117900">
    <ele>1093.3</ele>
   </trkpt>
   <trkpt lat="-29.7935510" lon="24.4117430">
    <ele>1093.3</ele>
   </trkpt>
   <trkpt lat="-29.7934990" lon="24.4117000">
    <ele>1093.3</ele>
   </trkpt>
   <trkpt lat="-29.7934590" lon="24.4116520">
    <ele>1093.3</ele>
   </trkpt>
   <trkpt lat="-29.7934050" lon="24.4116680">
    <ele>1093.2</ele>
   </trkpt>
   <trkpt lat="-29.7933670" lon="24.4116410">
    <ele>1093.2</ele>
   </trkpt>
   <trkpt lat="-29.7933280" lon="24.4116110">
    <ele>1093.2</ele>
   </trkpt>
   <trkpt lat="-29.7932920" lon="24.4115750">
    <ele>1093.2</ele>
   </trkpt>
   <trkpt lat="-29.7932580" lon="24.4115460">
    <ele>1093.2</ele>
   </trkpt>
   <trkpt lat="-29.7932190" lon="24.4115210">
    <ele>1093.1</ele>
   </trkpt>
   <trkpt lat="-29.7931760" lon="24.4114800">
    <ele>1093.1</ele>
   </trkpt>
   <trkpt lat="-29.7931430" lon="24.4114470">
    <ele>1093.1</ele>
   </trkpt>
   <trkpt lat="-29.7930960" lon="24.4114320">
    <ele>1093.1</ele>
   </trkpt>
   <trkpt lat="-29.7930650" lon="24.4113910">
    <ele>1093.1</ele>
   </trkpt>
   <trkpt lat="-29.7930250" lon="24.4113640">
    <ele>1093.1</ele>
   </trkpt>
   <trkpt lat="-29.7929840" lon="24.4113200">
    <ele>1093.1</ele>
   </trkpt>
   <trkpt lat="-29.7929400" lon="24.4113080">
    <ele>1093.1</ele>
   </trkpt>
   <trkpt lat="-29.7929440" lon="24.4112550">
    <ele>1093.1</ele>
   </trkpt>
   <trkpt lat="-29.7929110" lon="24.4112170">
    <ele>1093.0</ele>
   </trkpt>
   <trkpt lat="-29.7928870" lon="24.4111990">
    <ele>1093.0</ele>
   </trkpt>
   <trkpt lat="-29.7928510" lon="24.4111600">
    <ele>1093.0</ele>
   </trkpt>
   <trkpt lat="-29.7928100" lon="24.4111360">
    <ele>1093.0</ele>
   </trkpt>
   <trkpt lat="-29.7927740" lon="24.4110970">
    <ele>1092.9</ele>
   </trkpt>
   <trkpt lat="-29.7927300" lon="24.4110710">
    <ele>1092.9</ele>
   </trkpt>
   <trkpt lat="-29.7926960" lon="24.4110410">
    <ele>1092.9</ele>
   </trkpt>
   <trkpt lat="-29.7926620" lon="24.4110090">
    <ele>1092.9</ele>
   </trkpt>
   <trkpt lat="-29.7926330" lon="24.4109750">
    <ele>1092.9</ele>
   </trkpt>
   <trkpt lat="-29.7925990" lon="24.4109400">
    <ele>1092.8</ele>
   </trkpt>
   <trkpt lat="-29.7925690" lon="24.4108950">
    <ele>1092.8</ele>
   </trkpt>
   <trkpt lat="-29.7925470" lon="24.4108360">
    <ele>1092.8</ele>
   </trkpt>
   <trkpt lat="-29.7925240" lon="24.4107810">
    <ele>1092.9</ele>
   </trkpt>
   <trkpt lat="-29.7924950" lon="24.4107350">
    <ele>1092.9</ele>
   </trkpt>
   <trkpt lat="-29.7924690" lon="24.4106920">
    <ele>1092.9</ele>
   </trkpt>
   <trkpt lat="-29.7924460" lon="24.4106530">
    <ele>1092.9</ele>
   </trkpt>
   <trkpt lat="-29.7924230" lon="24.4106060">
    <ele>1092.9</ele>
   </trkpt>
   <trkpt lat="-29.7924000" lon="24.4105600">
    <ele>1092.9</ele>
   </trkpt>
   <trkpt lat="-29.7923740" lon="24.4105100">
    <ele>1092.9</ele>
   </trkpt>
   <trkpt lat="-29.7923530" lon="24.4104670">
    <ele>1092.9</ele>
   </trkpt>
   <trkpt lat="-29.7923290" lon="24.4104180">
    <ele>1093.0</ele>
   </trkpt>
   <trkpt lat="-29.7923040" lon="24.4103810">
    <ele>1093.0</ele>
   </trkpt>
   <trkpt lat="-29.7922780" lon="24.4103380">
    <ele>1093.0</ele>
   </trkpt>
   <trkpt lat="-29.7922540" lon="24.4102960">
    <ele>1093.1</ele>
   </trkpt>
   <trkpt lat="-29.7922320" lon="24.4102580">
    <ele>1093.1</ele>
   </trkpt>
   <trkpt lat="-29.7922070" lon="24.4102210">
    <ele>1093.2</ele>
   </trkpt>
   <trkpt lat="-29.7922000" lon="24.4101700">
    <ele>1093.2</ele>
   </trkpt>
   <trkpt lat="-29.7921800" lon="24.4101320">
    <ele>1093.2</ele>
   </trkpt>
   <trkpt lat="-29.7921550" lon="24.4100920">
    <ele>1093.2</ele>
   </trkpt>
   <trkpt lat="-29.7921390" lon="24.4100510">
    <ele>1093.2</ele>
   </trkpt>
   <trkpt lat="-29.7921220" lon="24.4100080">
    <ele>1093.2</ele>
   </trkpt>
   <trkpt lat="-29.7920990" lon="24.4099640">
    <ele>1093.2</ele>
   </trkpt>
   <trkpt lat="-29.7920810" lon="24.4099160">
    <ele>1093.2</ele>
   </trkpt>
   <trkpt lat="-29.7920680" lon="24.4098680">
    <ele>1093.2</ele>
   </trkpt>
   <trkpt lat="-29.7920580" lon="24.4098150">
    <ele>1093.2</ele>
   </trkpt>
   <trkpt lat="-29.7920390" lon="24.4097680">
    <ele>1093.2</ele>
   </trkpt>
   <trkpt lat="-29.7920260" lon="24.4097230">
    <ele>1093.2</ele>
   </trkpt>
   <trkpt lat="-29.7920200" lon="24.4096700">
    <ele>1093.2</ele>
   </trkpt>
   <trkpt lat="-29.7920040" lon="24.4096230">
    <ele>1093.2</ele>
   </trkpt>
   <trkpt lat="-29.7919950" lon="24.4095720">
    <ele>1093.1</ele>
   </trkpt>
   <trkpt lat="-29.7919820" lon="24.4095200">
    <ele>1093.1</ele>
   </trkpt>
   <trkpt lat="-29.7919750" lon="24.4094710">
    <ele>1093.1</ele>
   </trkpt>
   <trkpt lat="-29.7919650" lon="24.4094330">
    <ele>1093.1</ele>
   </trkpt>
   <trkpt lat="-29.7919610" lon="24.4093850">
    <ele>1093.1</ele>
   </trkpt>
   <trkpt lat="-29.7919470" lon="24.4093370">
    <ele>1093.1</ele>
   </trkpt>
   <trkpt lat="-29.7919400" lon="24.4092890">
    <ele>1093.1</ele>
   </trkpt>
   <trkpt lat="-29.7919340" lon="24.4092330">
    <ele>1093.1</ele>
   </trkpt>
   <trkpt lat="-29.7919280" lon="24.4091790">
    <ele>1093.1</ele>
   </trkpt>
   <trkpt lat="-29.7919280" lon="24.4091330">
    <ele>1093.0</ele>
   </trkpt>
   <trkpt lat="-29.7919280" lon="24.4090890">
    <ele>1093.0</ele>
   </trkpt>
   <trkpt lat="-29.7919230" lon="24.4090470">
    <ele>1093.0</ele>
   </trkpt>
   <trkpt lat="-29.7919200" lon="24.4090070">
    <ele>1093.0</ele>
   </trkpt>
   <trkpt lat="-29.7919080" lon="24.4089720">
    <ele>1093.0</ele>
   </trkpt>
   <trkpt lat="-29.7918930" lon="24.4089360">
    <ele>1093.0</ele>
   </trkpt>
   <trkpt lat="-29.7918890" lon="24.4088990">
    <ele>1093.0</ele>
   </trkpt>
   <trkpt lat="-29.7918930" lon="24.4088590">
    <ele>1092.9</ele>
   </trkpt>
   <trkpt lat="-29.7918940" lon="24.4088210">
    <ele>1092.9</ele>
   </trkpt>
   <trkpt lat="-29.7918910" lon="24.4087870">
    <ele>1092.9</ele>
   </trkpt>
   <trkpt lat="-29.7918880" lon="24.4087430">
    <ele>1092.9</ele>
   </trkpt>
   <trkpt lat="-29.7918870" lon="24.4087260">
    <ele>1092.9</ele>
   </trkpt>
   <trkpt lat="-29.7918850" lon="24.4086900">
    <ele>1092.9</ele>
   </trkpt>
   <trkpt lat="-29.7918860" lon="24.4086540">
    <ele>1092.9</ele>
   </trkpt>
   <trkpt lat="-29.7918840" lon="24.4086180">
    <ele>1092.9</ele>
   </trkpt>
   <trkpt lat="-29.7918830" lon="24.4085820">
    <ele>1092.9</ele>
   </trkpt>
   <trkpt lat="-29.7918870" lon="24.4085440">
    <ele>1092.9</ele>
   </trkpt>
   <trkpt lat="-29.7918910" lon="24.4085070">
    <ele>1092.9</ele>
   </trkpt>
   <trkpt lat="-29.7919000" lon="24.4084680">
    <ele>1092.9</ele>
   </trkpt>
   <trkpt lat="-29.7918950" lon="24.4084320">
    <ele>1092.9</ele>
   </trkpt>
   <trkpt lat="-29.7919070" lon="24.4083970">
    <ele>1092.9</ele>
   </trkpt>
   <trkpt lat="-29.7919140" lon="24.4083610">
    <ele>1092.9</ele>
   </trkpt>
   <trkpt lat="-29.7919100" lon="24.4083230">
    <ele>1092.9</ele>
   </trkpt>
   <trkpt lat="-29.7919120" lon="24.4082880">
    <ele>1092.9</ele>
   </trkpt>
   <trkpt lat="-29.7918960" lon="24.4082330">
    <ele>1092.9</ele>
   </trkpt>
   <trkpt lat="-29.7918850" lon="24.4082080">
    <ele>1092.9</ele>
   </trkpt>
   <trkpt lat="-29.7918620" lon="24.4081810">
    <ele>1092.9</ele>
   </trkpt>
   <trkpt lat="-29.7918520" lon="24.4081680">
    <ele>1092.9</ele>
   </trkpt>
   <trkpt lat="-29.7918120" lon="24.4081290">
    <ele>1092.9</ele>
   </trkpt>
   <trkpt lat="-29.7918040" lon="24.4080990">
    <ele>1092.9</ele>
   </trkpt>
   <trkpt lat="-29.7917800" lon="24.4080660">
    <ele>1092.9</ele>
   </trkpt>
   <trkpt lat="-29.7917590" lon="24.4080450">
    <ele>1092.9</ele>
   </trkpt>
   <trkpt lat="-29.7917100" lon="24.4079960">
    <ele>1092.9</ele>
   </trkpt>
   <trkpt lat="-29.7916880" lon="24.4079620">
    <ele>1092.9</ele>
   </trkpt>
   <trkpt lat="-29.7916650" lon="24.4079250">
    <ele>1093.0</ele>
   </trkpt>
   <trkpt lat="-29.7916550" lon="24.4079120">
    <ele>1093.0</ele>
   </trkpt>
   <trkpt lat="-29.7916360" lon="24.4078860">
    <ele>1093.0</ele>
   </trkpt>
   <trkpt lat="-29.7916300" lon="24.4078730">
    <ele>1093.0</ele>
   </trkpt>
   <trkpt lat="-29.7916300" lon="24.4078580">
    <ele>1093.0</ele>
   </trkpt>
   <trkpt lat="-29.7916260" lon="24.4078470">
    <ele>1093.0</ele>
   </trkpt>
   <trkpt lat="-29.7916340" lon="24.4078550">
    <ele>1093.0</ele>
   </trkpt>
   <trkpt lat="-29.7916350" lon="24.4078520">
    <ele>1093.0</ele>
   </trkpt>
   <trkpt lat="-29.7916440" lon="24.4078500">
    <ele>1093.0</ele>
   </trkpt>
   <trkpt lat="-29.7916280" lon="24.4078480">
    <ele>1093.0</ele>
   </trkpt>
   <trkpt lat="-29.7916380" lon="24.4078510">
    <ele>1093.0</ele>
   </trkpt>
   <trkpt lat="-29.7916390" lon="24.4078470">
    <ele>1093.0</ele>
   </trkpt>
   <trkpt lat="-29.7916390" lon="24.4078460">
    <ele>1093.0</ele>
   </trkpt>
   <trkpt lat="-29.7916390" lon="24.4078460">
    <ele>1093.0</ele>
   </trkpt>
   <trkpt lat="-29.7916410" lon="24.4078430">
    <ele>1093.0</ele>
   </trkpt>
   <trkpt lat="-29.7916440" lon="24.4078410">
    <ele>1093.0</ele>
   </trkpt>
   <trkpt lat="-29.7916450" lon="24.4078390">
    <ele>1093.0</ele>
   </trkpt>
   <trkpt lat="-29.7916500" lon="24.4078470">
    <ele>1093.0</ele>
   </trkpt>
   <trkpt lat="-29.7916440" lon="24.4078400">
    <ele>1093.0</ele>
   </trkpt>
   <trkpt lat="-29.7916320" lon="24.4078300">
    <ele>1093.0</ele>
   </trkpt>
   <trkpt lat="-29.7916140" lon="24.4077950">
    <ele>1093.0</ele>
   </trkpt>
   <trkpt lat="-29.7916060" lon="24.4077920">
    <ele>1093.0</ele>
   </trkpt>
   <trkpt lat="-29.7916000" lon="24.4077850">
    <ele>1093.0</ele>
   </trkpt>
   <trkpt lat="-29.7915990" lon="24.4077800">
    <ele>1093.0</ele>
   </trkpt>
   <trkpt lat="-29.7915940" lon="24.4077800">
    <ele>1093.0</ele>
   </trkpt>
   <trkpt lat="-29.7915880" lon="24.4077760">
    <ele>1093.0</ele>
   </trkpt>
   <trkpt lat="-29.7915850" lon="24.4077800">
    <ele>1093.0</ele>
   </trkpt>
   <trkpt lat="-29.7915870" lon="24.4077820">
    <ele>1092.9</ele>
   </trkpt>
   <trkpt lat="-29.7915860" lon="24.4077820">
    <ele>1092.9</ele>
   </trkpt>
   <trkpt lat="-29.7915860" lon="24.4077820">
    <ele>1092.9</ele>
   </trkpt>
   <trkpt lat="-29.7915860" lon="24.4077820">
    <ele>1092.9</ele>
   </trkpt>
   <trkpt lat="-29.7915840" lon="24.4077820">
    <ele>1092.9</ele>
   </trkpt>
   <trkpt lat="-29.7915840" lon="24.4077820">
    <ele>1092.9</ele>
   </trkpt>
   <trkpt lat="-29.7915490" lon="24.4078100">
    <ele>1092.9</ele>
   </trkpt>
   <trkpt lat="-29.7915410" lon="24.4078260">
    <ele>1092.9</ele>
   </trkpt>
   <trkpt lat="-29.7915240" lon="24.4078610">
    <ele>1092.8</ele>
   </trkpt>
   <trkpt lat="-29.7915190" lon="24.4078710">
    <ele>1092.8</ele>
   </trkpt>
   <trkpt lat="-29.7915020" lon="24.4079000">
    <ele>1092.7</ele>
   </trkpt>
   <trkpt lat="-29.7914970" lon="24.4079100">
    <ele>1092.7</ele>
   </trkpt>
   <trkpt lat="-29.7914870" lon="24.4079470">
    <ele>1092.7</ele>
   </trkpt>
   <trkpt lat="-29.7914780" lon="24.4079570">
    <ele>1092.7</ele>
   </trkpt>
   <trkpt lat="-29.7914580" lon="24.4079950">
    <ele>1092.6</ele>
   </trkpt>
   <trkpt lat="-29.7914470" lon="24.4080040">
    <ele>1092.6</ele>
   </trkpt>
   <trkpt lat="-29.7914270" lon="24.4080370">
    <ele>1092.6</ele>
   </trkpt>
   <trkpt lat="-29.7914190" lon="24.4080500">
    <ele>1092.6</ele>
   </trkpt>
   <trkpt lat="-29.7913930" lon="24.4080800">
    <ele>1092.5</ele>
   </trkpt>
   <trkpt lat="-29.7913720" lon="24.4081090">
    <ele>1092.5</ele>
   </trkpt>
   <trkpt lat="-29.7913510" lon="24.4081380">
    <ele>1092.5</ele>
   </trkpt>
   <trkpt lat="-29.7913260" lon="24.4081690">
    <ele>1092.5</ele>
   </trkpt>
   <trkpt lat="-29.7913200" lon="24.4082020">
    <ele>1092.4</ele>
   </trkpt>
   <trkpt lat="-29.7913050" lon="24.4082400">
    <ele>1092.4</ele>
   </trkpt>
   <trkpt lat="-29.7912690" lon="24.4082720">
    <ele>1092.4</ele>
   </trkpt>
   <trkpt lat="-29.7912480" lon="24.4083010">
    <ele>1092.4</ele>
   </trkpt>
   <trkpt lat="-29.7912220" lon="24.4083310">
    <ele>1092.4</ele>
   </trkpt>
   <trkpt lat="-29.7912040" lon="24.4083660">
    <ele>1092.3</ele>
   </trkpt>
   <trkpt lat="-29.7911820" lon="24.4084000">
    <ele>1092.3</ele>
   </trkpt>
   <trkpt lat="-29.7911570" lon="24.4084320">
    <ele>1092.3</ele>
   </trkpt>
   <trkpt lat="-29.7911330" lon="24.4084600">
    <ele>1092.3</ele>
   </trkpt>
   <trkpt lat="-29.7911160" lon="24.4084910">
    <ele>1092.3</ele>
   </trkpt>
   <trkpt lat="-29.7910920" lon="24.4085220">
    <ele>1092.3</ele>
   </trkpt>
   <trkpt lat="-29.7910720" lon="24.4085590">
    <ele>1092.3</ele>
   </trkpt>
   <trkpt lat="-29.7910550" lon="24.4085910">
    <ele>1092.3</ele>
   </trkpt>
   <trkpt lat="-29.7910380" lon="24.4086270">
    <ele>1092.3</ele>
   </trkpt>
   <trkpt lat="-29.7910140" lon="24.4086570">
    <ele>1092.3</ele>
   </trkpt>
   <trkpt lat="-29.7909930" lon="24.4086930">
    <ele>1092.3</ele>
   </trkpt>
   <trkpt lat="-29.7909700" lon="24.4087270">
    <ele>1092.3</ele>
   </trkpt>
   <trkpt lat="-29.7909460" lon="24.4087610">
    <ele>1092.3</ele>
   </trkpt>
   <trkpt lat="-29.7909190" lon="24.4087930">
    <ele>1092.3</ele>
   </trkpt>
   <trkpt lat="-29.7908900" lon="24.4088260">
    <ele>1092.3</ele>
   </trkpt>
   <trkpt lat="-29.7908730" lon="24.4088560">
    <ele>1092.3</ele>
   </trkpt>
   <trkpt lat="-29.7908610" lon="24.4088890">
    <ele>1092.3</ele>
   </trkpt>
   <trkpt lat="-29.7908330" lon="24.4089180">
    <ele>1092.2</ele>
   </trkpt>
   <trkpt lat="-29.7908150" lon="24.4089480">
    <ele>1092.2</ele>
   </trkpt>
   <trkpt lat="-29.7907900" lon="24.4089770">
    <ele>1092.2</ele>
   </trkpt>
   <trkpt lat="-29.7907670" lon="24.4090130">
    <ele>1092.2</ele>
   </trkpt>
   <trkpt lat="-29.7907480" lon="24.4090470">
    <ele>1092.2</ele>
   </trkpt>
   <trkpt lat="-29.7907250" lon="24.4090800">
    <ele>1092.2</ele>
   </trkpt>
   <trkpt lat="-29.7907030" lon="24.4091130">
    <ele>1092.2</ele>
   </trkpt>
   <trkpt lat="-29.7906760" lon="24.4091420">
    <ele>1092.2</ele>
   </trkpt>
   <trkpt lat="-29.7906550" lon="24.4091780">
    <ele>1092.2</ele>
   </trkpt>
   <trkpt lat="-29.7906330" lon="24.4092130">
    <ele>1092.3</ele>
   </trkpt>
   <trkpt lat="-29.7906070" lon="24.4092490">
    <ele>1092.3</ele>
   </trkpt>
   <trkpt lat="-29.7906140" lon="24.4092580">
    <ele>1092.3</ele>
   </trkpt>
   <trkpt lat="-29.7906000" lon="24.4092830">
    <ele>1092.3</ele>
   </trkpt>
   <trkpt lat="-29.7905860" lon="24.4093100">
    <ele>1092.3</ele>
   </trkpt>
   <trkpt lat="-29.7905650" lon="24.4093330">
    <ele>1092.3</ele>
   </trkpt>
   <trkpt lat="-29.7905470" lon="24.4093570">
    <ele>1092.3</ele>
   </trkpt>
   <trkpt lat="-29.7905400" lon="24.4093900">
    <ele>1092.3</ele>
   </trkpt>
   <trkpt lat="-29.7905240" lon="24.4094150">
    <ele>1092.3</ele>
   </trkpt>
   <trkpt lat="-29.7905060" lon="24.4094430">
    <ele>1092.3</ele>
   </trkpt>
   <trkpt lat="-29.7904840" lon="24.4094850">
    <ele>1092.3</ele>
   </trkpt>
   <trkpt lat="-29.7904750" lon="24.4094990">
    <ele>1092.3</ele>
   </trkpt>
   <trkpt lat="-29.7904490" lon="24.4095250">
    <ele>1092.3</ele>
   </trkpt>
   <trkpt lat="-29.7904330" lon="24.4095600">
    <ele>1092.3</ele>
   </trkpt>
   <trkpt lat="-29.7904150" lon="24.4095900">
    <ele>1092.4</ele>
   </trkpt>
   <trkpt lat="-29.7903980" lon="24.4096200">
    <ele>1092.4</ele>
   </trkpt>
   <trkpt lat="-29.7903860" lon="24.4096500">
    <ele>1092.4</ele>
   </trkpt>
   <trkpt lat="-29.7903680" lon="24.4096810">
    <ele>1092.4</ele>
   </trkpt>
   <trkpt lat="-29.7903440" lon="24.4097190">
    <ele>1092.4</ele>
   </trkpt>
   <trkpt lat="-29.7903340" lon="24.4097320">
    <ele>1092.4</ele>
   </trkpt>
   <trkpt lat="-29.7903210" lon="24.4097650">
    <ele>1092.4</ele>
   </trkpt>
   <trkpt lat="-29.7903060" lon="24.4097930">
    <ele>1092.4</ele>
   </trkpt>
   <trkpt lat="-29.7902880" lon="24.4098250">
    <ele>1092.4</ele>
   </trkpt>
   <trkpt lat="-29.7902590" lon="24.4098550">
    <ele>1092.4</ele>
   </trkpt>
   <trkpt lat="-29.7902320" lon="24.4098860">
    <ele>1092.4</ele>
   </trkpt>
   <trkpt lat="-29.7902170" lon="24.4099160">
    <ele>1092.4</ele>
   </trkpt>
   <trkpt lat="-29.7901980" lon="24.4099510">
    <ele>1092.4</ele>
   </trkpt>
   <trkpt lat="-29.7901720" lon="24.4099810">
    <ele>1092.4</ele>
   </trkpt>
   <trkpt lat="-29.7901600" lon="24.4100180">
    <ele>1092.4</ele>
   </trkpt>
   <trkpt lat="-29.7901410" lon="24.4100510">
    <ele>1092.4</ele>
   </trkpt>
   <trkpt lat="-29.7901220" lon="24.4100790">
    <ele>1092.4</ele>
   </trkpt>
   <trkpt lat="-29.7900960" lon="24.4101060">
    <ele>1092.4</ele>
   </trkpt>
   <trkpt lat="-29.7900730" lon="24.4101370">
    <ele>1092.4</ele>
   </trkpt>
   <trkpt lat="-29.7900530" lon="24.4101720">
    <ele>1092.4</ele>
   </trkpt>
   <trkpt lat="-29.7900390" lon="24.4102060">
    <ele>1092.4</ele>
   </trkpt>
   <trkpt lat="-29.7900220" lon="24.4102360">
    <ele>1092.4</ele>
   </trkpt>
   <trkpt lat="-29.7900030" lon="24.4102670">
    <ele>1092.4</ele>
   </trkpt>
   <trkpt lat="-29.7899810" lon="24.4103000">
    <ele>1092.4</ele>
   </trkpt>
   <trkpt lat="-29.7899590" lon="24.4103320">
    <ele>1092.4</ele>
   </trkpt>
   <trkpt lat="-29.7899450" lon="24.4103680">
    <ele>1092.4</ele>
   </trkpt>
   <trkpt lat="-29.7899170" lon="24.4104020">
    <ele>1092.4</ele>
   </trkpt>
   <trkpt lat="-29.7898950" lon="24.4104360">
    <ele>1092.4</ele>
   </trkpt>
   <trkpt lat="-29.7898730" lon="24.4104690">
    <ele>1092.4</ele>
   </trkpt>
   <trkpt lat="-29.7898490" lon="24.4105020">
    <ele>1092.4</ele>
   </trkpt>
   <trkpt lat="-29.7898210" lon="24.4105340">
    <ele>1092.4</ele>
   </trkpt>
   <trkpt lat="-29.7897950" lon="24.4105540">
    <ele>1092.4</ele>
   </trkpt>
   <trkpt lat="-29.7897750" lon="24.4105770">
    <ele>1092.4</ele>
   </trkpt>
   <trkpt lat="-29.7897630" lon="24.4105870">
    <ele>1092.4</ele>
   </trkpt>
   <trkpt lat="-29.7897910" lon="24.4105780">
    <ele>1092.4</ele>
   </trkpt>
   <trkpt lat="-29.7897790" lon="24.4106090">
    <ele>1092.4</ele>
   </trkpt>
   <trkpt lat="-29.7897530" lon="24.4106480">
    <ele>1092.4</ele>
   </trkpt>
   <trkpt lat="-29.7897360" lon="24.4106780">
    <ele>1092.4</ele>
   </trkpt>
   <trkpt lat="-29.7897120" lon="24.4107150">
    <ele>1092.4</ele>
   </trkpt>
   <trkpt lat="-29.7896820" lon="24.4107430">
    <ele>1092.4</ele>
   </trkpt>
   <trkpt lat="-29.7896590" lon="24.4107970">
    <ele>1092.4</ele>
   </trkpt>
   <trkpt lat="-29.7896290" lon="24.4108340">
    <ele>1092.4</ele>
   </trkpt>
   <trkpt lat="-29.7896140" lon="24.4108500">
    <ele>1092.4</ele>
   </trkpt>
   <trkpt lat="-29.7895860" lon="24.4108790">
    <ele>1092.4</ele>
   </trkpt>
   <trkpt lat="-29.7895730" lon="24.4109180">
    <ele>1092.4</ele>
   </trkpt>
   <trkpt lat="-29.7895290" lon="24.4109650">
    <ele>1092.4</ele>
   </trkpt>
   <trkpt lat="-29.7895020" lon="24.4110070">
    <ele>1092.4</ele>
   </trkpt>
   <trkpt lat="-29.7894930" lon="24.4110250">
    <ele>1092.4</ele>
   </trkpt>
   <trkpt lat="-29.7894650" lon="24.4110640">
    <ele>1092.4</ele>
   </trkpt>
   <trkpt lat="-29.7894470" lon="24.4110970">
    <ele>1092.4</ele>
   </trkpt>
   <trkpt lat="-29.7894300" lon="24.4111370">
    <ele>1092.4</ele>
   </trkpt>
   <trkpt lat="-29.7894050" lon="24.4111710">
    <ele>1092.4</ele>
   </trkpt>
   <trkpt lat="-29.7893910" lon="24.4112150">
    <ele>1092.4</ele>
   </trkpt>
   <trkpt lat="-29.7893770" lon="24.4112610">
    <ele>1092.4</ele>
   </trkpt>
   <trkpt lat="-29.7893600" lon="24.4112940">
    <ele>1092.4</ele>
   </trkpt>
   <trkpt lat="-29.7893600" lon="24.4113320">
    <ele>1092.4</ele>
   </trkpt>
   <trkpt lat="-29.7889760" lon="24.4118130">
    <ele>1092.4</ele>
   </trkpt>
   <trkpt lat="-29.7889610" lon="24.4118390">
    <ele>1092.4</ele>
   </trkpt>
   <trkpt lat="-29.7889460" lon="24.4118660">
    <ele>1092.4</ele>
   </trkpt>
   <trkpt lat="-29.7889310" lon="24.4119040">
    <ele>1092.4</ele>
   </trkpt>
   <trkpt lat="-29.7889030" lon="24.4119400">
    <ele>1092.4</ele>
   </trkpt>
   <trkpt lat="-29.7888940" lon="24.4119820">
    <ele>1092.4</ele>
   </trkpt>
   <trkpt lat="-29.7888650" lon="24.4120210">
    <ele>1092.4</ele>
   </trkpt>
   <trkpt lat="-29.7888230" lon="24.4120570">
    <ele>1092.4</ele>
   </trkpt>
   <trkpt lat="-29.7887930" lon="24.4120940">
    <ele>1092.4</ele>
   </trkpt>
   <trkpt lat="-29.7887790" lon="24.4121330">
    <ele>1092.5</ele>
   </trkpt>
   <trkpt lat="-29.7887570" lon="24.4121720">
    <ele>1092.5</ele>
   </trkpt>
   <trkpt lat="-29.7887380" lon="24.4122100">
    <ele>1092.5</ele>
   </trkpt>
   <trkpt lat="-29.7887090" lon="24.4122460">
    <ele>1092.5</ele>
   </trkpt>
   <trkpt lat="-29.7886850" lon="24.4122820">
    <ele>1092.5</ele>
   </trkpt>
   <trkpt lat="-29.7886720" lon="24.4123200">
    <ele>1092.5</ele>
   </trkpt>
   <trkpt lat="-29.7886490" lon="24.4123570">
    <ele>1092.5</ele>
   </trkpt>
   <trkpt lat="-29.7886460" lon="24.4123970">
    <ele>1092.6</ele>
   </trkpt>
   <trkpt lat="-29.7886320" lon="24.4124300">
    <ele>1092.6</ele>
   </trkpt>
   <trkpt lat="-29.7886050" lon="24.4124670">
    <ele>1092.6</ele>
   </trkpt>
   <trkpt lat="-29.7885880" lon="24.4125040">
    <ele>1092.6</ele>
   </trkpt>
   <trkpt lat="-29.7885750" lon="24.4125390">
    <ele>1092.6</ele>
   </trkpt>
   <trkpt lat="-29.7885450" lon="24.4125790">
    <ele>1092.7</ele>
   </trkpt>
   <trkpt lat="-29.7885110" lon="24.4126230">
    <ele>1092.7</ele>
   </trkpt>
   <trkpt lat="-29.7884550" lon="24.4126610">
    <ele>1092.7</ele>
   </trkpt>
   <trkpt lat="-29.7884270" lon="24.4126990">
    <ele>1092.8</ele>
   </trkpt>
   <trkpt lat="-29.7883870" lon="24.4127320">
    <ele>1092.9</ele>
   </trkpt>
   <trkpt lat="-29.7883640" lon="24.4127720">
    <ele>1092.9</ele>
   </trkpt>
   <trkpt lat="-29.7883190" lon="24.4128090">
    <ele>1093.0</ele>
   </trkpt>
   <trkpt lat="-29.7882720" lon="24.4128490">
    <ele>1093.0</ele>
   </trkpt>
   <trkpt lat="-29.7882450" lon="24.4128820">
    <ele>1093.1</ele>
   </trkpt>
   <trkpt lat="-29.7882230" lon="24.4129190">
    <ele>1093.1</ele>
   </trkpt>
   <trkpt lat="-29.7882030" lon="24.4129540">
    <ele>1093.2</ele>
   </trkpt>
   <trkpt lat="-29.7881680" lon="24.4129860">
    <ele>1093.2</ele>
   </trkpt>
   <trkpt lat="-29.7881430" lon="24.4130210">
    <ele>1093.2</ele>
   </trkpt>
   <trkpt lat="-29.7881220" lon="24.4130560">
    <ele>1093.3</ele>
   </trkpt>
   <trkpt lat="-29.7881000" lon="24.4130960">
    <ele>1093.3</ele>
   </trkpt>
   <trkpt lat="-29.7880830" lon="24.4131320">
    <ele>1093.3</ele>
   </trkpt>
   <trkpt lat="-29.7880590" lon="24.4131650">
    <ele>1093.4</ele>
   </trkpt>
   <trkpt lat="-29.7880350" lon="24.4132020">
    <ele>1093.4</ele>
   </trkpt>
   <trkpt lat="-29.7880050" lon="24.4132320">
    <ele>1093.4</ele>
   </trkpt>
   <trkpt lat="-29.7879870" lon="24.4132740">
    <ele>1093.4</ele>
   </trkpt>
   <trkpt lat="-29.7879630" lon="24.4133070">
    <ele>1093.4</ele>
   </trkpt>
   <trkpt lat="-29.7879470" lon="24.4133450">
    <ele>1093.4</ele>
   </trkpt>
   <trkpt lat="-29.7879220" lon="24.4133760">
    <ele>1093.5</ele>
   </trkpt>
   <trkpt lat="-29.7878980" lon="24.4134130">
    <ele>1093.5</ele>
   </trkpt>
   <trkpt lat="-29.7878690" lon="24.4134480">
    <ele>1093.5</ele>
   </trkpt>
   <trkpt lat="-29.7878430" lon="24.4134820">
    <ele>1093.5</ele>
   </trkpt>
   <trkpt lat="-29.7878260" lon="24.4135210">
    <ele>1093.5</ele>
   </trkpt>
   <trkpt lat="-29.7878030" lon="24.4135500">
    <ele>1093.5</ele>
   </trkpt>
   <trkpt lat="-29.7877730" lon="24.4135850">
    <ele>1093.5</ele>
   </trkpt>
   <trkpt lat="-29.7877540" lon="24.4136210">
    <ele>1093.5</ele>
   </trkpt>
   <trkpt lat="-29.7877360" lon="24.4136590">
    <ele>1093.5</ele>
   </trkpt>
   <trkpt lat="-29.7877100" lon="24.4136700">
    <ele>1093.5</ele>
   </trkpt>
   <trkpt lat="-29.7876890" lon="24.4136940">
    <ele>1093.5</ele>
   </trkpt>
   <trkpt lat="-29.7876650" lon="24.4137140">
    <ele>1093.5</ele>
   </trkpt>
   <trkpt lat="-29.7876430" lon="24.4137560">
    <ele>1093.5</ele>
   </trkpt>
   <trkpt lat="-29.7876340" lon="24.4137700">
    <ele>1093.5</ele>
   </trkpt>
   <trkpt lat="-29.7876160" lon="24.4138020">
    <ele>1093.5</ele>
   </trkpt>
   <trkpt lat="-29.7875980" lon="24.4138320">
    <ele>1093.5</ele>
   </trkpt>
   <trkpt lat="-29.7875750" lon="24.4138600">
    <ele>1093.5</ele>
   </trkpt>
   <trkpt lat="-29.7875550" lon="24.4138910">
    <ele>1093.5</ele>
   </trkpt>
   <trkpt lat="-29.7875350" lon="24.4139200">
    <ele>1093.5</ele>
   </trkpt>
   <trkpt lat="-29.7875170" lon="24.4139530">
    <ele>1093.5</ele>
   </trkpt>
   <trkpt lat="-29.7874950" lon="24.4139860">
    <ele>1093.5</ele>
   </trkpt>
   <trkpt lat="-29.7874740" lon="24.4140180">
    <ele>1093.5</ele>
   </trkpt>
   <trkpt lat="-29.7874670" lon="24.4140530">
    <ele>1093.5</ele>
   </trkpt>
   <trkpt lat="-29.7874510" lon="24.4140850">
    <ele>1093.5</ele>
   </trkpt>
   <trkpt lat="-29.7874240" lon="24.4141120">
    <ele>1093.5</ele>
   </trkpt>
   <trkpt lat="-29.7874050" lon="24.4141420">
    <ele>1093.5</ele>
   </trkpt>
   <trkpt lat="-29.7873910" lon="24.4141760">
    <ele>1093.5</ele>
   </trkpt>
   <trkpt lat="-29.7873750" lon="24.4142100">
    <ele>1093.5</ele>
   </trkpt>
   <trkpt lat="-29.7873550" lon="24.4142410">
    <ele>1093.6</ele>
   </trkpt>
   <trkpt lat="-29.7873360" lon="24.4142710">
    <ele>1093.6</ele>
   </trkpt>
   <trkpt lat="-29.7873130" lon="24.4142990">
    <ele>1093.6</ele>
   </trkpt>
   <trkpt lat="-29.7872970" lon="24.4143310">
    <ele>1093.6</ele>
   </trkpt>
   <trkpt lat="-29.7872800" lon="24.4143600">
    <ele>1093.6</ele>
   </trkpt>
   <trkpt lat="-29.7872620" lon="24.4143930">
    <ele>1093.6</ele>
   </trkpt>
   <trkpt lat="-29.7872580" lon="24.4144400">
    <ele>1093.6</ele>
   </trkpt>
   <trkpt lat="-29.7872560" lon="24.4144570">
    <ele>1093.6</ele>
   </trkpt>
   <trkpt lat="-29.7872410" lon="24.4144990">
    <ele>1093.6</ele>
   </trkpt>
   <trkpt lat="-29.7872340" lon="24.4145120">
    <ele>1093.6</ele>
   </trkpt>
   <trkpt lat="-29.7872050" lon="24.4145390">
    <ele>1093.6</ele>
   </trkpt>
   <trkpt lat="-29.7871990" lon="24.4145850">
    <ele>1093.6</ele>
   </trkpt>
   <trkpt lat="-29.7871930" lon="24.4145990">
    <ele>1093.6</ele>
   </trkpt>
   <trkpt lat="-29.7871660" lon="24.4146200">
    <ele>1093.6</ele>
   </trkpt>
   <trkpt lat="-29.7871530" lon="24.4146610">
    <ele>1093.6</ele>
   </trkpt>
   <trkpt lat="-29.7871510" lon="24.4146780">
    <ele>1093.6</ele>
   </trkpt>
   <trkpt lat="-29.7871520" lon="24.4147120">
    <ele>1093.6</ele>
   </trkpt>
   <trkpt lat="-29.7871460" lon="24.4147450">
    <ele>1093.6</ele>
   </trkpt>
   <trkpt lat="-29.7871340" lon="24.4147770">
    <ele>1093.6</ele>
   </trkpt>
   <trkpt lat="-29.7871210" lon="24.4148080">
    <ele>1093.6</ele>
   </trkpt>
   <trkpt lat="-29.7870990" lon="24.4148380">
    <ele>1093.6</ele>
   </trkpt>
   <trkpt lat="-29.7870810" lon="24.4148660">
    <ele>1093.6</ele>
   </trkpt>
   <trkpt lat="-29.7870660" lon="24.4149120">
    <ele>1093.6</ele>
   </trkpt>
   <trkpt lat="-29.7870600" lon="24.4149300">
    <ele>1093.6</ele>
   </trkpt>
   <trkpt lat="-29.7870460" lon="24.4149620">
    <ele>1093.6</ele>
   </trkpt>
   <trkpt lat="-29.7870250" lon="24.4149950">
    <ele>1093.6</ele>
   </trkpt>
   <trkpt lat="-29.7869990" lon="24.4150240">
    <ele>1093.6</ele>
   </trkpt>
   <trkpt lat="-29.7869760" lon="24.4150560">
    <ele>1093.6</ele>
   </trkpt>
   <trkpt lat="-29.7869380" lon="24.4150840">
    <ele>1093.5</ele>
   </trkpt>
   <trkpt lat="-29.7869150" lon="24.4151170">
    <ele>1093.5</ele>
   </trkpt>
   <trkpt lat="-29.7868970" lon="24.4151500">
    <ele>1093.5</ele>
   </trkpt>
   <trkpt lat="-29.7868760" lon="24.4151860">
    <ele>1093.5</ele>
   </trkpt>
   <trkpt lat="-29.7868410" lon="24.4152150">
    <ele>1093.5</ele>
   </trkpt>
   <trkpt lat="-29.7868190" lon="24.4152440">
    <ele>1093.5</ele>
   </trkpt>
   <trkpt lat="-29.7867910" lon="24.4152770">
    <ele>1093.5</ele>
   </trkpt>
   <trkpt lat="-29.7867700" lon="24.4153140">
    <ele>1093.5</ele>
   </trkpt>
   <trkpt lat="-29.7867560" lon="24.4153470">
    <ele>1093.4</ele>
   </trkpt>
   <trkpt lat="-29.7867270" lon="24.4153820">
    <ele>1093.4</ele>
   </trkpt>
   <trkpt lat="-29.7866930" lon="24.4154100">
    <ele>1093.4</ele>
   </trkpt>
   <trkpt lat="-29.7866530" lon="24.4154340">
    <ele>1093.4</ele>
   </trkpt>
   <trkpt lat="-29.7866240" lon="24.4154640">
    <ele>1093.4</ele>
   </trkpt>
   <trkpt lat="-29.7866000" lon="24.4154940">
    <ele>1093.4</ele>
   </trkpt>
   <trkpt lat="-29.7865740" lon="24.4155240">
    <ele>1093.4</ele>
   </trkpt>
   <trkpt lat="-29.7865590" lon="24.4155590">
    <ele>1093.4</ele>
   </trkpt>
   <trkpt lat="-29.7865400" lon="24.4155890">
    <ele>1093.4</ele>
   </trkpt>
   <trkpt lat="-29.7865140" lon="24.4156170">
    <ele>1093.4</ele>
   </trkpt>
   <trkpt lat="-29.7864980" lon="24.4156500">
    <ele>1093.4</ele>
   </trkpt>
   <trkpt lat="-29.7864800" lon="24.4156810">
    <ele>1093.4</ele>
   </trkpt>
   <trkpt lat="-29.7864620" lon="24.4157140">
    <ele>1093.4</ele>
   </trkpt>
   <trkpt lat="-29.7864480" lon="24.4157450">
    <ele>1093.4</ele>
   </trkpt>
   <trkpt lat="-29.7864210" lon="24.4157720">
    <ele>1093.4</ele>
   </trkpt>
   <trkpt lat="-29.7863980" lon="24.4158000">
    <ele>1093.4</ele>
   </trkpt>
   <trkpt lat="-29.7863790" lon="24.4158340">
    <ele>1093.4</ele>
   </trkpt>
   <trkpt lat="-29.7863720" lon="24.4158640">
    <ele>1093.5</ele>
   </trkpt>
   <trkpt lat="-29.7863680" lon="24.4158950">
    <ele>1093.6</ele>
   </trkpt>
   <trkpt lat="-29.7863690" lon="24.4159280">
    <ele>1093.6</ele>
   </trkpt>
   <trkpt lat="-29.7863650" lon="24.4159640">
    <ele>1093.6</ele>
   </trkpt>
   <trkpt lat="-29.7863580" lon="24.4159960">
    <ele>1093.6</ele>
   </trkpt>
   <trkpt lat="-29.7863530" lon="24.4160310">
    <ele>1093.6</ele>
   </trkpt>
   <trkpt lat="-29.7863600" lon="24.4160650">
    <ele>1093.2</ele>
   </trkpt>
   <trkpt lat="-29.7863490" lon="24.4161110">
    <ele>1093.2</ele>
   </trkpt>
   <trkpt lat="-29.7863420" lon="24.4161270">
    <ele>1093.3</ele>
   </trkpt>
   <trkpt lat="-29.7863240" lon="24.4161680">
    <ele>1093.1</ele>
   </trkpt>
   <trkpt lat="-29.7863140" lon="24.4161820">
    <ele>1093.0</ele>
   </trkpt>
   <trkpt lat="-29.7862920" lon="24.4162080">
    <ele>1093.0</ele>
   </trkpt>
   <trkpt lat="-29.7862740" lon="24.4162500">
    <ele>1093.1</ele>
   </trkpt>
   <trkpt lat="-29.7862650" lon="24.4162640">
    <ele>1093.1</ele>
   </trkpt>
   <trkpt lat="-29.7862500" lon="24.4162920">
    <ele>1093.1</ele>
   </trkpt>
   <trkpt lat="-29.7862270" lon="24.4163190">
    <ele>1093.1</ele>
   </trkpt>
   <trkpt lat="-29.7861840" lon="24.4163420">
    <ele>1093.2</ele>
   </trkpt>
   <trkpt lat="-29.7861690" lon="24.4163710">
    <ele>1093.2</ele>
   </trkpt>
   <trkpt lat="-29.7861520" lon="24.4164020">
    <ele>1093.2</ele>
   </trkpt>
   <trkpt lat="-29.7861300" lon="24.4164320">
    <ele>1093.3</ele>
   </trkpt>
   <trkpt lat="-29.7861080" lon="24.4164600">
    <ele>1093.3</ele>
   </trkpt>
   <trkpt lat="-29.7860870" lon="24.4164890">
    <ele>1093.3</ele>
   </trkpt>
   <trkpt lat="-29.7860380" lon="24.4165100">
    <ele>1093.4</ele>
   </trkpt>
   <trkpt lat="-29.7860180" lon="24.4165430">
    <ele>1093.4</ele>
   </trkpt>
   <trkpt lat="-29.7859960" lon="24.4165720">
    <ele>1093.4</ele>
   </trkpt>
   <trkpt lat="-29.7859850" lon="24.4166030">
    <ele>1093.5</ele>
   </trkpt>
   <trkpt lat="-29.7859750" lon="24.4166370">
    <ele>1093.5</ele>
   </trkpt>
   <trkpt lat="-29.7859580" lon="24.4166650">
    <ele>1093.5</ele>
   </trkpt>
   <trkpt lat="-29.7859510" lon="24.4166990">
    <ele>1093.6</ele>
   </trkpt>
   <trkpt lat="-29.7859390" lon="24.4167420">
    <ele>1093.6</ele>
   </trkpt>
   <trkpt lat="-29.7859300" lon="24.4167550">
    <ele>1093.6</ele>
   </trkpt>
   <trkpt lat="-29.7859180" lon="24.4167990">
    <ele>1093.6</ele>
   </trkpt>
   <trkpt lat="-29.7859120" lon="24.4168140">
    <ele>1093.7</ele>
   </trkpt>
   <trkpt lat="-29.7858920" lon="24.4168380">
    <ele>1093.7</ele>
   </trkpt>
   <trkpt lat="-29.7858740" lon="24.4168630">
    <ele>1093.7</ele>
   </trkpt>
   <trkpt lat="-29.7858560" lon="24.4168920">
    <ele>1093.7</ele>
   </trkpt>
   <trkpt lat="-29.7858410" lon="24.4169190">
    <ele>1093.8</ele>
   </trkpt>
   <trkpt lat="-29.7858030" lon="24.4169460">
    <ele>1093.8</ele>
   </trkpt>
   <trkpt lat="-29.7857880" lon="24.4169750">
    <ele>1093.8</ele>
   </trkpt>
   <trkpt lat="-29.7857600" lon="24.4170050">
    <ele>1093.9</ele>
   </trkpt>
   <trkpt lat="-29.7857280" lon="24.4170350">
    <ele>1093.9</ele>
   </trkpt>
   <trkpt lat="-29.7857000" lon="24.4170640">
    <ele>1093.9</ele>
   </trkpt>
   <trkpt lat="-29.7856990" lon="24.4170950">
    <ele>1094.0</ele>
   </trkpt>
   <trkpt lat="-29.7856910" lon="24.4171260">
    <ele>1094.0</ele>
   </trkpt>
   <trkpt lat="-29.7856930" lon="24.4171580">
    <ele>1094.0</ele>
   </trkpt>
   <trkpt lat="-29.7856830" lon="24.4172020">
    <ele>1094.0</ele>
   </trkpt>
   <trkpt lat="-29.7856780" lon="24.4172150">
    <ele>1094.1</ele>
   </trkpt>
   <trkpt lat="-29.7856360" lon="24.4172410">
    <ele>1094.1</ele>
   </trkpt>
   <trkpt lat="-29.7856210" lon="24.4172710">
    <ele>1094.1</ele>
   </trkpt>
   <trkpt lat="-29.7856110" lon="24.4173030">
    <ele>1094.2</ele>
   </trkpt>
   <trkpt lat="-29.7855970" lon="24.4173330">
    <ele>1094.2</ele>
   </trkpt>
   <trkpt lat="-29.7855790" lon="24.4173610">
    <ele>1094.2</ele>
   </trkpt>
   <trkpt lat="-29.7855410" lon="24.4173850">
    <ele>1094.3</ele>
   </trkpt>
   <trkpt lat="-29.7855350" lon="24.4174250">
    <ele>1094.3</ele>
   </trkpt>
   <trkpt lat="-29.7855330" lon="24.4174380">
    <ele>1094.3</ele>
   </trkpt>
   <trkpt lat="-29.7855160" lon="24.4174800">
    <ele>1094.3</ele>
   </trkpt>
   <trkpt lat="-29.7855110" lon="24.4174930">
    <ele>1094.3</ele>
   </trkpt>
   <trkpt lat="-29.7855030" lon="24.4175400">
    <ele>1094.4</ele>
   </trkpt>
   <trkpt lat="-29.7855000" lon="24.4175600">
    <ele>1094.4</ele>
   </trkpt>
   <trkpt lat="-29.7854730" lon="24.4175990">
    <ele>1094.4</ele>
   </trkpt>
   <trkpt lat="-29.7854320" lon="24.4176320">
    <ele>1094.5</ele>
   </trkpt>
   <trkpt lat="-29.7853920" lon="24.4176610">
    <ele>1094.5</ele>
   </trkpt>
   <trkpt lat="-29.7853720" lon="24.4176970">
    <ele>1094.6</ele>
   </trkpt>
   <trkpt lat="-29.7853430" lon="24.4177310">
    <ele>1094.6</ele>
   </trkpt>
   <trkpt lat="-29.7853200" lon="24.4177640">
    <ele>1094.6</ele>
   </trkpt>
   <trkpt lat="-29.7852960" lon="24.4178010">
    <ele>1094.7</ele>
   </trkpt>
   <trkpt lat="-29.7852630" lon="24.4178350">
    <ele>1094.7</ele>
   </trkpt>
   <trkpt lat="-29.7852340" lon="24.4178720">
    <ele>1094.8</ele>
   </trkpt>
   <trkpt lat="-29.7852190" lon="24.4179030">
    <ele>1094.8</ele>
   </trkpt>
   <trkpt lat="-29.7851920" lon="24.4179350">
    <ele>1094.8</ele>
   </trkpt>
   <trkpt lat="-29.7851710" lon="24.4179630">
    <ele>1094.8</ele>
   </trkpt>
   <trkpt lat="-29.7851580" lon="24.4179960">
    <ele>1094.9</ele>
   </trkpt>
   <trkpt lat="-29.7851270" lon="24.4180270">
    <ele>1094.9</ele>
   </trkpt>
   <trkpt lat="-29.7850890" lon="24.4180600">
    <ele>1095.0</ele>
   </trkpt>
   <trkpt lat="-29.7850570" lon="24.4180910">
    <ele>1095.0</ele>
   </trkpt>
   <trkpt lat="-29.7850400" lon="24.4181270">
    <ele>1095.0</ele>
   </trkpt>
   <trkpt lat="-29.7850040" lon="24.4181550">
    <ele>1095.1</ele>
   </trkpt>
   <trkpt lat="-29.7849860" lon="24.4181910">
    <ele>1095.1</ele>
   </trkpt>
   <trkpt lat="-29.7849820" lon="24.4182240">
    <ele>1095.1</ele>
   </trkpt>
   <trkpt lat="-29.7849630" lon="24.4182680">
    <ele>1095.2</ele>
   </trkpt>
   <trkpt lat="-29.7849340" lon="24.4183080">
    <ele>1095.2</ele>
   </trkpt>
   <trkpt lat="-29.7848970" lon="24.4183400">
    <ele>1095.2</ele>
   </trkpt>
   <trkpt lat="-29.7848740" lon="24.4183750">
    <ele>1095.3</ele>
   </trkpt>
   <trkpt lat="-29.7848450" lon="24.4184140">
    <ele>1095.3</ele>
   </trkpt>
   <trkpt lat="-29.7848070" lon="24.4184520">
    <ele>1095.4</ele>
   </trkpt>
   <trkpt lat="-29.7847850" lon="24.4184890">
    <ele>1095.4</ele>
   </trkpt>
   <trkpt lat="-29.7847410" lon="24.4185320">
    <ele>1095.5</ele>
   </trkpt>
   <trkpt lat="-29.7847150" lon="24.4185710">
    <ele>1095.5</ele>
   </trkpt>
   <trkpt lat="-29.7846810" lon="24.4186110">
    <ele>1095.5</ele>
   </trkpt>
   <trkpt lat="-29.7846630" lon="24.4186410">
    <ele>1095.6</ele>
   </trkpt>
   <trkpt lat="-29.7846350" lon="24.4186750">
    <ele>1095.6</ele>
   </trkpt>
   <trkpt lat="-29.7846170" lon="24.4187090">
    <ele>1095.6</ele>
   </trkpt>
   <trkpt lat="-29.7845980" lon="24.4187440">
    <ele>1095.7</ele>
   </trkpt>
   <trkpt lat="-29.7845850" lon="24.4187820">
    <ele>1095.7</ele>
   </trkpt>
   <trkpt lat="-29.7845420" lon="24.4188160">
    <ele>1095.8</ele>
   </trkpt>
   <trkpt lat="-29.7845120" lon="24.4188500">
    <ele>1095.8</ele>
   </trkpt>
   <trkpt lat="-29.7844760" lon="24.4188790">
    <ele>1095.8</ele>
   </trkpt>
   <trkpt lat="-29.7844510" lon="24.4189140">
    <ele>1095.9</ele>
   </trkpt>
   <trkpt lat="-29.7844250" lon="24.4189440">
    <ele>1095.9</ele>
   </trkpt>
   <trkpt lat="-29.7843760" lon="24.4189860">
    <ele>1096.0</ele>
   </trkpt>
   <trkpt lat="-29.7843460" lon="24.4190270">
    <ele>1096.0</ele>
   </trkpt>
   <trkpt lat="-29.7843020" lon="24.4190610">
    <ele>1096.1</ele>
   </trkpt>
   <trkpt lat="-29.7842730" lon="24.4190970">
    <ele>1096.1</ele>
   </trkpt>
   <trkpt lat="-29.7842340" lon="24.4191310">
    <ele>1096.1</ele>
   </trkpt>
   <trkpt lat="-29.7842080" lon="24.4191750">
    <ele>1095.7</ele>
   </trkpt>
   <trkpt lat="-29.7841710" lon="24.4192080">
    <ele>1095.4</ele>
   </trkpt>
   <trkpt lat="-29.7841330" lon="24.4192460">
    <ele>1095.4</ele>
   </trkpt>
   <trkpt lat="-29.7840930" lon="24.4192810">
    <ele>1095.6</ele>
   </trkpt>
   <trkpt lat="-29.7840600" lon="24.4193260">
    <ele>1095.6</ele>
   </trkpt>
   <trkpt lat="-29.7840280" lon="24.4193710">
    <ele>1095.6</ele>
   </trkpt>
   <trkpt lat="-29.7839890" lon="24.4194100">
    <ele>1095.7</ele>
   </trkpt>
   <trkpt lat="-29.7839510" lon="24.4194490">
    <ele>1095.7</ele>
   </trkpt>
   <trkpt lat="-29.7839140" lon="24.4194890">
    <ele>1095.8</ele>
   </trkpt>
   <trkpt lat="-29.7838780" lon="24.4195300">
    <ele>1095.8</ele>
   </trkpt>
   <trkpt lat="-29.7838460" lon="24.4195850">
    <ele>1095.8</ele>
   </trkpt>
   <trkpt lat="-29.7838070" lon="24.4196380">
    <ele>1095.9</ele>
   </trkpt>
   <trkpt lat="-29.7837870" lon="24.4196850">
    <ele>1095.9</ele>
   </trkpt>
   <trkpt lat="-29.7837570" lon="24.4197330">
    <ele>1095.9</ele>
   </trkpt>
   <trkpt lat="-29.7837380" lon="24.4197750">
    <ele>1096.0</ele>
   </trkpt>
   <trkpt lat="-29.7837060" lon="24.4198210">
    <ele>1096.0</ele>
   </trkpt>
   <trkpt lat="-29.7836700" lon="24.4198710">
    <ele>1096.0</ele>
   </trkpt>
   <trkpt lat="-29.7836280" lon="24.4199200">
    <ele>1096.1</ele>
   </trkpt>
   <trkpt lat="-29.7835800" lon="24.4199610">
    <ele>1096.1</ele>
   </trkpt>
   <trkpt lat="-29.7835390" lon="24.4200060">
    <ele>1096.2</ele>
   </trkpt>
   <trkpt lat="-29.7834850" lon="24.4200530">
    <ele>1096.3</ele>
   </trkpt>
   <trkpt lat="-29.7834510" lon="24.4200910">
    <ele>1096.3</ele>
   </trkpt>
   <trkpt lat="-29.7834220" lon="24.4201390">
    <ele>1096.4</ele>
   </trkpt>
   <trkpt lat="-29.7833900" lon="24.4201760">
    <ele>1096.4</ele>
   </trkpt>
   <trkpt lat="-29.7833720" lon="24.4202050">
    <ele>1096.4</ele>
   </trkpt>
   <trkpt lat="-29.7833430" lon="24.4202440">
    <ele>1096.5</ele>
   </trkpt>
   <trkpt lat="-29.7833150" lon="24.4202790">
    <ele>1096.5</ele>
   </trkpt>
   <trkpt lat="-29.7832930" lon="24.4203160">
    <ele>1096.6</ele>
   </trkpt>
   <trkpt lat="-29.7832740" lon="24.4203510">
    <ele>1096.6</ele>
   </trkpt>
   <trkpt lat="-29.7832550" lon="24.4203860">
    <ele>1096.6</ele>
   </trkpt>
   <trkpt lat="-29.7832270" lon="24.4204160">
    <ele>1096.7</ele>
   </trkpt>
   <trkpt lat="-29.7832120" lon="24.4204510">
    <ele>1096.7</ele>
   </trkpt>
   <trkpt lat="-29.7831920" lon="24.4204820">
    <ele>1096.7</ele>
   </trkpt>
   <trkpt lat="-29.7831670" lon="24.4205110">
    <ele>1096.7</ele>
   </trkpt>
   <trkpt lat="-29.7831380" lon="24.4205410">
    <ele>1096.8</ele>
   </trkpt>
   <trkpt lat="-29.7831180" lon="24.4205710">
    <ele>1096.8</ele>
   </trkpt>
   <trkpt lat="-29.7830970" lon="24.4205990">
    <ele>1096.8</ele>
   </trkpt>
   <trkpt lat="-29.7830780" lon="24.4206290">
    <ele>1096.9</ele>
   </trkpt>
   <trkpt lat="-29.7830590" lon="24.4206640">
    <ele>1096.9</ele>
   </trkpt>
   <trkpt lat="-29.7830420" lon="24.4206960">
    <ele>1096.9</ele>
   </trkpt>
   <trkpt lat="-29.7830290" lon="24.4207270">
    <ele>1097.0</ele>
   </trkpt>
   <trkpt lat="-29.7830020" lon="24.4207510">
    <ele>1097.0</ele>
   </trkpt>
   <trkpt lat="-29.7829810" lon="24.4207820">
    <ele>1097.0</ele>
   </trkpt>
   <trkpt lat="-29.7829580" lon="24.4208090">
    <ele>1097.1</ele>
   </trkpt>
   <trkpt lat="-29.7829430" lon="24.4208410">
    <ele>1097.1</ele>
   </trkpt>
   <trkpt lat="-29.7829250" lon="24.4208700">
    <ele>1097.2</ele>
   </trkpt>
   <trkpt lat="-29.7829020" lon="24.4208990">
    <ele>1097.2</ele>
   </trkpt>
   <trkpt lat="-29.7828930" lon="24.4209090">
    <ele>1097.2</ele>
   </trkpt>
   <trkpt lat="-29.7828790" lon="24.4209470">
    <ele>1097.3</ele>
   </trkpt>
   <trkpt lat="-29.7828760" lon="24.4209590">
    <ele>1097.3</ele>
   </trkpt>
   <trkpt lat="-29.7828640" lon="24.4209870">
    <ele>1097.3</ele>
   </trkpt>
   <trkpt lat="-29.7828410" lon="24.4210230">
    <ele>1097.4</ele>
   </trkpt>
   <trkpt lat="-29.7828340" lon="24.4210360">
    <ele>1097.4</ele>
   </trkpt>
   <trkpt lat="-29.7828130" lon="24.4210600">
    <ele>1097.4</ele>
   </trkpt>
   <trkpt lat="-29.7827890" lon="24.4210950">
    <ele>1097.4</ele>
   </trkpt>
   <trkpt lat="-29.7827770" lon="24.4211060">
    <ele>1097.5</ele>
   </trkpt>
   <trkpt lat="-29.7827620" lon="24.4211330">
    <ele>1097.5</ele>
   </trkpt>
   <trkpt lat="-29.7827450" lon="24.4211590">
    <ele>1097.5</ele>
   </trkpt>
   <trkpt lat="-29.7827220" lon="24.4211980">
    <ele>1097.5</ele>
   </trkpt>
   <trkpt lat="-29.7827140" lon="24.4212110">
    <ele>1097.5</ele>
   </trkpt>
   <trkpt lat="-29.7826980" lon="24.4212370">
    <ele>1097.6</ele>
   </trkpt>
   <trkpt lat="-29.7826870" lon="24.4212660">
    <ele>1097.6</ele>
   </trkpt>
   <trkpt lat="-29.7826550" lon="24.4213050">
    <ele>1097.6</ele>
   </trkpt>
   <trkpt lat="-29.7826270" lon="24.4213380">
    <ele>1097.7</ele>
   </trkpt>
   <trkpt lat="-29.7826030" lon="24.4213690">
    <ele>1097.7</ele>
   </trkpt>
   <trkpt lat="-29.7825740" lon="24.4213990">
    <ele>1097.8</ele>
   </trkpt>
   <trkpt lat="-29.7825540" lon="24.4214370">
    <ele>1097.8</ele>
   </trkpt>
   <trkpt lat="-29.7825270" lon="24.4214690">
    <ele>1097.8</ele>
   </trkpt>
   <trkpt lat="-29.7825030" lon="24.4214990">
    <ele>1097.9</ele>
   </trkpt>
   <trkpt lat="-29.7824840" lon="24.4215330">
    <ele>1097.9</ele>
   </trkpt>
   <trkpt lat="-29.7824610" lon="24.4215600">
    <ele>1097.9</ele>
   </trkpt>
   <trkpt lat="-29.7824410" lon="24.4215980">
    <ele>1097.9</ele>
   </trkpt>
   <trkpt lat="-29.7824170" lon="24.4216270">
    <ele>1098.0</ele>
   </trkpt>
   <trkpt lat="-29.7824000" lon="24.4216630">
    <ele>1098.0</ele>
   </trkpt>
   <trkpt lat="-29.7823880" lon="24.4216930">
    <ele>1098.0</ele>
   </trkpt>
   <trkpt lat="-29.7823650" lon="24.4217200">
    <ele>1098.0</ele>
   </trkpt>
   <trkpt lat="-29.7823370" lon="24.4217510">
    <ele>1098.1</ele>
   </trkpt>
   <trkpt lat="-29.7823180" lon="24.4217840">
    <ele>1098.1</ele>
   </trkpt>
   <trkpt lat="-29.7823000" lon="24.4218130">
    <ele>1098.1</ele>
   </trkpt>
   <trkpt lat="-29.7822780" lon="24.4218480">
    <ele>1098.2</ele>
   </trkpt>
   <trkpt lat="-29.7822590" lon="24.4218810">
    <ele>1098.2</ele>
   </trkpt>
   <trkpt lat="-29.7822450" lon="24.4219110">
    <ele>1098.2</ele>
   </trkpt>
   <trkpt lat="-29.7822250" lon="24.4219410">
    <ele>1098.3</ele>
   </trkpt>
   <trkpt lat="-29.7821980" lon="24.4219700">
    <ele>1098.3</ele>
   </trkpt>
   <trkpt lat="-29.7821750" lon="24.4219970">
    <ele>1098.4</ele>
   </trkpt>
   <trkpt lat="-29.7821430" lon="24.4220280">
    <ele>1098.4</ele>
   </trkpt>
   <trkpt lat="-29.7821380" lon="24.4220590">
    <ele>1098.4</ele>
   </trkpt>
   <trkpt lat="-29.7821210" lon="24.4220860">
    <ele>1098.5</ele>
   </trkpt>
   <trkpt lat="-29.7821000" lon="24.4221190">
    <ele>1098.5</ele>
   </trkpt>
   <trkpt lat="-29.7820830" lon="24.4221530">
    <ele>1098.5</ele>
   </trkpt>
   <trkpt lat="-29.7820560" lon="24.4221840">
    <ele>1098.6</ele>
   </trkpt>
   <trkpt lat="-29.7820360" lon="24.4222130">
    <ele>1098.6</ele>
   </trkpt>
   <trkpt lat="-29.7820170" lon="24.4222430">
    <ele>1098.6</ele>
   </trkpt>
   <trkpt lat="-29.7819980" lon="24.4222730">
    <ele>1098.7</ele>
   </trkpt>
   <trkpt lat="-29.7819800" lon="24.4223090">
    <ele>1098.7</ele>
   </trkpt>
   <trkpt lat="-29.7819740" lon="24.4223180">
    <ele>1098.7</ele>
   </trkpt>
   <trkpt lat="-29.7819540" lon="24.4223580">
    <ele>1098.8</ele>
   </trkpt>
   <trkpt lat="-29.7819480" lon="24.4223700">
    <ele>1098.8</ele>
   </trkpt>
   <trkpt lat="-29.7819320" lon="24.4223950">
    <ele>1098.8</ele>
   </trkpt>
   <trkpt lat="-29.7819080" lon="24.4224320">
    <ele>1098.9</ele>
   </trkpt>
   <trkpt lat="-29.7818980" lon="24.4224430">
    <ele>1098.9</ele>
   </trkpt>
   <trkpt lat="-29.7818820" lon="24.4224690">
    <ele>1099.0</ele>
   </trkpt>
   <trkpt lat="-29.7818560" lon="24.4225070">
    <ele>1099.0</ele>
   </trkpt>
   <trkpt lat="-29.7818440" lon="24.4225180">
    <ele>1099.1</ele>
   </trkpt>
   <trkpt lat="-29.7818330" lon="24.4225470">
    <ele>1099.1</ele>
   </trkpt>
   <trkpt lat="-29.7818200" lon="24.4225740">
    <ele>1099.2</ele>
   </trkpt>
   <trkpt lat="-29.7818060" lon="24.4226020">
    <ele>1099.2</ele>
   </trkpt>
   <trkpt lat="-29.7817920" lon="24.4226300">
    <ele>1099.3</ele>
   </trkpt>
   <trkpt lat="-29.7817710" lon="24.4226550">
    <ele>1099.3</ele>
   </trkpt>
   <trkpt lat="-29.7817450" lon="24.4226810">
    <ele>1099.4</ele>
   </trkpt>
   <trkpt lat="-29.7817340" lon="24.4227120">
    <ele>1099.4</ele>
   </trkpt>
   <trkpt lat="-29.7817180" lon="24.4227410">
    <ele>1099.5</ele>
   </trkpt>
   <trkpt lat="-29.7817000" lon="24.4227690">
    <ele>1099.5</ele>
   </trkpt>
   <trkpt lat="-29.7816780" lon="24.4227940">
    <ele>1099.6</ele>
   </trkpt>
   <trkpt lat="-29.7816640" lon="24.4228250">
    <ele>1099.6</ele>
   </trkpt>
   <trkpt lat="-29.7816450" lon="24.4228490">
    <ele>1099.7</ele>
   </trkpt>
   <trkpt lat="-29.7816260" lon="24.4228760">
    <ele>1099.7</ele>
   </trkpt>
   <trkpt lat="-29.7816100" lon="24.4229030">
    <ele>1099.8</ele>
   </trkpt>
   <trkpt lat="-29.7815890" lon="24.4229310">
    <ele>1099.8</ele>
   </trkpt>
   <trkpt lat="-29.7815620" lon="24.4229860">
    <ele>1099.9</ele>
   </trkpt>
   <trkpt lat="-29.7815310" lon="24.4230390">
    <ele>1100.0</ele>
   </trkpt>
   <trkpt lat="-29.7815150" lon="24.4230650">
    <ele>1100.1</ele>
   </trkpt>
   <trkpt lat="-29.7814960" lon="24.4230920">
    <ele>1100.2</ele>
   </trkpt>
   <trkpt lat="-29.7814470" lon="24.4231600">
    <ele>1100.3</ele>
   </trkpt>
   <trkpt lat="-29.7814210" lon="24.4231960">
    <ele>1100.4</ele>
   </trkpt>
   <trkpt lat="-29.7813700" lon="24.4232550">
    <ele>1100.5</ele>
   </trkpt>
   <trkpt lat="-29.7813520" lon="24.4232860">
    <ele>1100.6</ele>
   </trkpt>
   <trkpt lat="-29.7813280" lon="24.4233200">
    <ele>1100.7</ele>
   </trkpt>
   <trkpt lat="-29.7813050" lon="24.4233540">
    <ele>1100.7</ele>
   </trkpt>
   <trkpt lat="-29.7812900" lon="24.4233800">
    <ele>1100.8</ele>
   </trkpt>
   <trkpt lat="-29.7812730" lon="24.4234080">
    <ele>1100.9</ele>
   </trkpt>
   <trkpt lat="-29.7812570" lon="24.4234370">
    <ele>1101.0</ele>
   </trkpt>
   <trkpt lat="-29.7812480" lon="24.4234660">
    <ele>1101.0</ele>
   </trkpt>
   <trkpt lat="-29.7812240" lon="24.4234920">
    <ele>1101.1</ele>
   </trkpt>
   <trkpt lat="-29.7812090" lon="24.4235200">
    <ele>1101.2</ele>
   </trkpt>
   <trkpt lat="-29.7811870" lon="24.4235480">
    <ele>1101.2</ele>
   </trkpt>
   <trkpt lat="-29.7811710" lon="24.4235750">
    <ele>1101.3</ele>
   </trkpt>
   <trkpt lat="-29.7811500" lon="24.4235980">
    <ele>1101.4</ele>
   </trkpt>
   <trkpt lat="-29.7811310" lon="24.4236350">
    <ele>1101.5</ele>
   </trkpt>
   <trkpt lat="-29.7811270" lon="24.4236470">
    <ele>1101.5</ele>
   </trkpt>
   <trkpt lat="-29.7811150" lon="24.4236860">
    <ele>1101.6</ele>
   </trkpt>
   <trkpt lat="-29.7811100" lon="24.4236990">
    <ele>1101.6</ele>
   </trkpt>
   <trkpt lat="-29.7810840" lon="24.4237360">
    <ele>1101.7</ele>
   </trkpt>
   <trkpt lat="-29.7810690" lon="24.4237470">
    <ele>1101.8</ele>
   </trkpt>
   <trkpt lat="-29.7810480" lon="24.4237730">
    <ele>1101.9</ele>
   </trkpt>
   <trkpt lat="-29.7810350" lon="24.4238110">
    <ele>1102.0</ele>
   </trkpt>
   <trkpt lat="-29.7810220" lon="24.4238220">
    <ele>1102.0</ele>
   </trkpt>
   <trkpt lat="-29.7809960" lon="24.4238610">
    <ele>1102.1</ele>
   </trkpt>
   <trkpt lat="-29.7809830" lon="24.4238730">
    <ele>1102.2</ele>
   </trkpt>
   <trkpt lat="-29.7809620" lon="24.4238970">
    <ele>1102.2</ele>
   </trkpt>
   <trkpt lat="-29.7809430" lon="24.4239220">
    <ele>1102.3</ele>
   </trkpt>
   <trkpt lat="-29.7809240" lon="24.4239450">
    <ele>1102.4</ele>
   </trkpt>
   <trkpt lat="-29.7808990" lon="24.4239680">
    <ele>1102.5</ele>
   </trkpt>
   <trkpt lat="-29.7808830" lon="24.4239960">
    <ele>1102.5</ele>
   </trkpt>
   <trkpt lat="-29.7808630" lon="24.4240380">
    <ele>1102.7</ele>
   </trkpt>
   <trkpt lat="-29.7808550" lon="24.4240530">
    <ele>1102.7</ele>
   </trkpt>
   <trkpt lat="-29.7808360" lon="24.4240820">
    <ele>1102.8</ele>
   </trkpt>
   <trkpt lat="-29.7808170" lon="24.4241080">
    <ele>1102.9</ele>
   </trkpt>
   <trkpt lat="-29.7807970" lon="24.4241360">
    <ele>1102.9</ele>
   </trkpt>
   <trkpt lat="-29.7807890" lon="24.4241770">
    <ele>1103.0</ele>
   </trkpt>
   <trkpt lat="-29.7807810" lon="24.4241900">
    <ele>1103.1</ele>
   </trkpt>
   <trkpt lat="-29.7807610" lon="24.4242170">
    <ele>1103.2</ele>
   </trkpt>
   <trkpt lat="-29.7807370" lon="24.4242560">
    <ele>1103.3</ele>
   </trkpt>
   <trkpt lat="-29.7807250" lon="24.4242680">
    <ele>1103.3</ele>
   </trkpt>
   <trkpt lat="-29.7807010" lon="24.4242900">
    <ele>1103.4</ele>
   </trkpt>
   <trkpt lat="-29.7806830" lon="24.4243150">
    <ele>1103.5</ele>
   </trkpt>
   <trkpt lat="-29.7806690" lon="24.4243420">
    <ele>1103.6</ele>
   </trkpt>
   <trkpt lat="-29.7806490" lon="24.4243690">
    <ele>1103.6</ele>
   </trkpt>
   <trkpt lat="-29.7806280" lon="24.4243940">
    <ele>1103.7</ele>
   </trkpt>
   <trkpt lat="-29.7806130" lon="24.4244210">
    <ele>1103.8</ele>
   </trkpt>
   <trkpt lat="-29.7806020" lon="24.4244590">
    <ele>1103.9</ele>
   </trkpt>
   <trkpt lat="-29.7805940" lon="24.4244710">
    <ele>1103.9</ele>
   </trkpt>
   <trkpt lat="-29.7805690" lon="24.4245090">
    <ele>1104.0</ele>
   </trkpt>
   <trkpt lat="-29.7805580" lon="24.4245210">
    <ele>1104.1</ele>
   </trkpt>
   <trkpt lat="-29.7805390" lon="24.4245460">
    <ele>1104.1</ele>
   </trkpt>
   <trkpt lat="-29.7805230" lon="24.4245720">
    <ele>1104.2</ele>
   </trkpt>
   <trkpt lat="-29.7805070" lon="24.4246000">
    <ele>1104.3</ele>
   </trkpt>
   <trkpt lat="-29.7804910" lon="24.4246270">
    <ele>1104.4</ele>
   </trkpt>
   <trkpt lat="-29.7804680" lon="24.4246490">
    <ele>1104.4</ele>
   </trkpt>
   <trkpt lat="-29.7804420" lon="24.4246870">
    <ele>1104.5</ele>
   </trkpt>
   <trkpt lat="-29.7804250" lon="24.4246980">
    <ele>1104.6</ele>
   </trkpt>
   <trkpt lat="-29.7804090" lon="24.4247280">
    <ele>1104.7</ele>
   </trkpt>
   <trkpt lat="-29.7803870" lon="24.4247540">
    <ele>1104.8</ele>
   </trkpt>
   <trkpt lat="-29.7803680" lon="24.4247960">
    <ele>1104.9</ele>
   </trkpt>
   <trkpt lat="-29.7803600" lon="24.4248100">
    <ele>1104.9</ele>
   </trkpt>
   <trkpt lat="-29.7803380" lon="24.4248370">
    <ele>1105.0</ele>
   </trkpt>
   <trkpt lat="-29.7803180" lon="24.4248650">
    <ele>1105.1</ele>
   </trkpt>
   <trkpt lat="-29.7802980" lon="24.4248920">
    <ele>1105.2</ele>
   </trkpt>
   <trkpt lat="-29.7802790" lon="24.4249180">
    <ele>1105.2</ele>
   </trkpt>
   <trkpt lat="-29.7802590" lon="24.4249460">
    <ele>1105.3</ele>
   </trkpt>
   <trkpt lat="-29.7802450" lon="24.4249770">
    <ele>1105.4</ele>
   </trkpt>
   <trkpt lat="-29.7802340" lon="24.4250100">
    <ele>1105.5</ele>
   </trkpt>
   <trkpt lat="-29.7802180" lon="24.4250380">
    <ele>1105.6</ele>
   </trkpt>
   <trkpt lat="-29.7802040" lon="24.4250660">
    <ele>1105.7</ele>
   </trkpt>
   <trkpt lat="-29.7801870" lon="24.4250940">
    <ele>1105.8</ele>
   </trkpt>
   <trkpt lat="-29.7801690" lon="24.4251200">
    <ele>1105.8</ele>
   </trkpt>
   <trkpt lat="-29.7801430" lon="24.4251580">
    <ele>1106.0</ele>
   </trkpt>
   <trkpt lat="-29.7801310" lon="24.4251700">
    <ele>1106.0</ele>
   </trkpt>
   <trkpt lat="-29.7801120" lon="24.4251930">
    <ele>1106.1</ele>
   </trkpt>
   <trkpt lat="-29.7800900" lon="24.4252160">
    <ele>1106.2</ele>
   </trkpt>
   <trkpt lat="-29.7800730" lon="24.4252420">
    <ele>1106.2</ele>
   </trkpt>
   <trkpt lat="-29.7800530" lon="24.4252680">
    <ele>1106.3</ele>
   </trkpt>
   <trkpt lat="-29.7800330" lon="24.4252940">
    <ele>1106.4</ele>
   </trkpt>
   <trkpt lat="-29.7800070" lon="24.4253270">
    <ele>1106.5</ele>
   </trkpt>
   <trkpt lat="-29.7799810" lon="24.4253600">
    <ele>1106.6</ele>
   </trkpt>
   <trkpt lat="-29.7799530" lon="24.4253880">
    <ele>1106.7</ele>
   </trkpt>
   <trkpt lat="-29.7799200" lon="24.4254180">
    <ele>1106.8</ele>
   </trkpt>
   <trkpt lat="-29.7798920" lon="24.4254490">
    <ele>1106.9</ele>
   </trkpt>
   <trkpt lat="-29.7798700" lon="24.4254810">
    <ele>1106.9</ele>
   </trkpt>
   <trkpt lat="-29.7798420" lon="24.4255090">
    <ele>1107.0</ele>
   </trkpt>
   <trkpt lat="-29.7798230" lon="24.4255400">
    <ele>1107.1</ele>
   </trkpt>
   <trkpt lat="-29.7797960" lon="24.4255670">
    <ele>1107.2</ele>
   </trkpt>
   <trkpt lat="-29.7797670" lon="24.4255940">
    <ele>1107.2</ele>
   </trkpt>
   <trkpt lat="-29.7797340" lon="24.4256200">
    <ele>1107.3</ele>
   </trkpt>
   <trkpt lat="-29.7797080" lon="24.4256420">
    <ele>1107.4</ele>
   </trkpt>
   <trkpt lat="-29.7796860" lon="24.4256720">
    <ele>1107.5</ele>
   </trkpt>
   <trkpt lat="-29.7796590" lon="24.4256960">
    <ele>1107.5</ele>
   </trkpt>
   <trkpt lat="-29.7796410" lon="24.4257260">
    <ele>1107.6</ele>
   </trkpt>
   <trkpt lat="-29.7796140" lon="24.4257470">
    <ele>1107.6</ele>
   </trkpt>
   <trkpt lat="-29.7795900" lon="24.4257750">
    <ele>1107.7</ele>
   </trkpt>
   <trkpt lat="-29.7795670" lon="24.4258040">
    <ele>1107.8</ele>
   </trkpt>
   <trkpt lat="-29.7795350" lon="24.4258190">
    <ele>1107.9</ele>
   </trkpt>
   <trkpt lat="-29.7795150" lon="24.4258480">
    <ele>1107.9</ele>
   </trkpt>
   <trkpt lat="-29.7794940" lon="24.4258730">
    <ele>1108.0</ele>
   </trkpt>
   <trkpt lat="-29.7794710" lon="24.4258970">
    <ele>1108.1</ele>
   </trkpt>
   <trkpt lat="-29.7794470" lon="24.4259230">
    <ele>1108.1</ele>
   </trkpt>
   <trkpt lat="-29.7794200" lon="24.4259460">
    <ele>1108.2</ele>
   </trkpt>
   <trkpt lat="-29.7793970" lon="24.4259710">
    <ele>1108.2</ele>
   </trkpt>
   <trkpt lat="-29.7793750" lon="24.4259970">
    <ele>1108.3</ele>
   </trkpt>
   <trkpt lat="-29.7793490" lon="24.4260210">
    <ele>1108.4</ele>
   </trkpt>
   <trkpt lat="-29.7793180" lon="24.4260390">
    <ele>1108.4</ele>
   </trkpt>
   <trkpt lat="-29.7792930" lon="24.4260620">
    <ele>1108.5</ele>
   </trkpt>
   <trkpt lat="-29.7792690" lon="24.4260970">
    <ele>1108.6</ele>
   </trkpt>
   <trkpt lat="-29.7792420" lon="24.4261130">
    <ele>1108.7</ele>
   </trkpt>
   <trkpt lat="-29.7792180" lon="24.4261340">
    <ele>1108.7</ele>
   </trkpt>
   <trkpt lat="-29.7792030" lon="24.4261640">
    <ele>1108.8</ele>
   </trkpt>
   <trkpt lat="-29.7791790" lon="24.4261860">
    <ele>1108.9</ele>
   </trkpt>
   <trkpt lat="-29.7791500" lon="24.4262090">
    <ele>1109.0</ele>
   </trkpt>
   <trkpt lat="-29.7791180" lon="24.4262270">
    <ele>1109.0</ele>
   </trkpt>
   <trkpt lat="-29.7790930" lon="24.4262450">
    <ele>1109.1</ele>
   </trkpt>
   <trkpt lat="-29.7790650" lon="24.4262720">
    <ele>1109.2</ele>
   </trkpt>
   <trkpt lat="-29.7790370" lon="24.4262920">
    <ele>1109.2</ele>
   </trkpt>
   <trkpt lat="-29.7790140" lon="24.4263110">
    <ele>1109.3</ele>
   </trkpt>
   <trkpt lat="-29.7789940" lon="24.4263350">
    <ele>1109.3</ele>
   </trkpt>
   <trkpt lat="-29.7789480" lon="24.4263550">
    <ele>1109.4</ele>
   </trkpt>
   <trkpt lat="-29.7789240" lon="24.4263780">
    <ele>1109.4</ele>
   </trkpt>
   <trkpt lat="-29.7789000" lon="24.4263990">
    <ele>1109.5</ele>
   </trkpt>
   <trkpt lat="-29.7788480" lon="24.4264370">
    <ele>1109.5</ele>
   </trkpt>
   <trkpt lat="-29.7788230" lon="24.4264570">
    <ele>1109.6</ele>
   </trkpt>
   <trkpt lat="-29.7787960" lon="24.4264780">
    <ele>1109.6</ele>
   </trkpt>
   <trkpt lat="-29.7787730" lon="24.4264990">
    <ele>1109.6</ele>
   </trkpt>
   <trkpt lat="-29.7787520" lon="24.4265190">
    <ele>1109.7</ele>
   </trkpt>
   <trkpt lat="-29.7787250" lon="24.4265390">
    <ele>1109.7</ele>
   </trkpt>
   <trkpt lat="-29.7786920" lon="24.4265530">
    <ele>1109.8</ele>
   </trkpt>
   <trkpt lat="-29.7786670" lon="24.4265710">
    <ele>1109.8</ele>
   </trkpt>
   <trkpt lat="-29.7786420" lon="24.4265890">
    <ele>1109.8</ele>
   </trkpt>
   <trkpt lat="-29.7786170" lon="24.4266080">
    <ele>1109.9</ele>
   </trkpt>
   <trkpt lat="-29.7785880" lon="24.4266260">
    <ele>1109.9</ele>
   </trkpt>
   <trkpt lat="-29.7785620" lon="24.4266450">
    <ele>1109.9</ele>
   </trkpt>
   <trkpt lat="-29.7785340" lon="24.4266610">
    <ele>1110.0</ele>
   </trkpt>
   <trkpt lat="-29.7785000" lon="24.4266810">
    <ele>1110.0</ele>
   </trkpt>
   <trkpt lat="-29.7784680" lon="24.4266960">
    <ele>1110.0</ele>
   </trkpt>
   <trkpt lat="-29.7784420" lon="24.4267160">
    <ele>1110.1</ele>
   </trkpt>
   <trkpt lat="-29.7784170" lon="24.4267350">
    <ele>1110.1</ele>
   </trkpt>
   <trkpt lat="-29.7783850" lon="24.4267540">
    <ele>1110.1</ele>
   </trkpt>
   <trkpt lat="-29.7783540" lon="24.4267720">
    <ele>1110.1</ele>
   </trkpt>
   <trkpt lat="-29.7783170" lon="24.4267880">
    <ele>1110.1</ele>
   </trkpt>
   <trkpt lat="-29.7782920" lon="24.4268070">
    <ele>1110.2</ele>
   </trkpt>
   <trkpt lat="-29.7782600" lon="24.4268290">
    <ele>1110.2</ele>
   </trkpt>
   <trkpt lat="-29.7782500" lon="24.4268350">
    <ele>1110.2</ele>
   </trkpt>
   <trkpt lat="-29.7782230" lon="24.4268400">
    <ele>1110.2</ele>
   </trkpt>
   <trkpt lat="-29.7782010" lon="24.4268630">
    <ele>1110.2</ele>
   </trkpt>
   <trkpt lat="-29.7781750" lon="24.4268750">
    <ele>1110.2</ele>
   </trkpt>
   <trkpt lat="-29.7781490" lon="24.4268860">
    <ele>1110.2</ele>
   </trkpt>
   <trkpt lat="-29.7781120" lon="24.4269060">
    <ele>1110.2</ele>
   </trkpt>
   <trkpt lat="-29.7780790" lon="24.4269210">
    <ele>1110.2</ele>
   </trkpt>
   <trkpt lat="-29.7780470" lon="24.4269360">
    <ele>1110.2</ele>
   </trkpt>
   <trkpt lat="-29.7780140" lon="24.4269500">
    <ele>1110.2</ele>
   </trkpt>
   <trkpt lat="-29.7779740" lon="24.4269660">
    <ele>1110.2</ele>
   </trkpt>
   <trkpt lat="-29.7779420" lon="24.4269860">
    <ele>1110.2</ele>
   </trkpt>
   <trkpt lat="-29.7779060" lon="24.4270020">
    <ele>1110.2</ele>
   </trkpt>
   <trkpt lat="-29.7778740" lon="24.4270200">
    <ele>1110.2</ele>
   </trkpt>
   <trkpt lat="-29.7778380" lon="24.4270370">
    <ele>1110.2</ele>
   </trkpt>
   <trkpt lat="-29.7778030" lon="24.4270550">
    <ele>1110.2</ele>
   </trkpt>
   <trkpt lat="-29.7777740" lon="24.4270740">
    <ele>1110.2</ele>
   </trkpt>
   <trkpt lat="-29.7777380" lon="24.4270830">
    <ele>1110.2</ele>
   </trkpt>
   <trkpt lat="-29.7777020" lon="24.4270970">
    <ele>1110.2</ele>
   </trkpt>
   <trkpt lat="-29.7776690" lon="24.4271120">
    <ele>1110.2</ele>
   </trkpt>
   <trkpt lat="-29.7776350" lon="24.4271320">
    <ele>1110.2</ele>
   </trkpt>
   <trkpt lat="-29.7776010" lon="24.4271470">
    <ele>1110.2</ele>
   </trkpt>
   <trkpt lat="-29.7775680" lon="24.4271640">
    <ele>1110.2</ele>
   </trkpt>
   <trkpt lat="-29.7775280" lon="24.4271780">
    <ele>1110.2</ele>
   </trkpt>
   <trkpt lat="-29.7774920" lon="24.4271940">
    <ele>1110.2</ele>
   </trkpt>
   <trkpt lat="-29.7774500" lon="24.4272060">
    <ele>1110.2</ele>
   </trkpt>
   <trkpt lat="-29.7774120" lon="24.4272220">
    <ele>1110.2</ele>
   </trkpt>
   <trkpt lat="-29.7773750" lon="24.4272340">
    <ele>1110.2</ele>
   </trkpt>
   <trkpt lat="-29.7773370" lon="24.4272510">
    <ele>1110.2</ele>
   </trkpt>
   <trkpt lat="-29.7773010" lon="24.4272640">
    <ele>1110.2</ele>
   </trkpt>
   <trkpt lat="-29.7772620" lon="24.4272750">
    <ele>1110.2</ele>
   </trkpt>
   <trkpt lat="-29.7772220" lon="24.4272860">
    <ele>1110.2</ele>
   </trkpt>
   <trkpt lat="-29.7771840" lon="24.4273020">
    <ele>1110.2</ele>
   </trkpt>
   <trkpt lat="-29.7771460" lon="24.4273160">
    <ele>1110.2</ele>
   </trkpt>
   <trkpt lat="-29.7771080" lon="24.4273300">
    <ele>1110.2</ele>
   </trkpt>
   <trkpt lat="-29.7770710" lon="24.4273400">
    <ele>1110.1</ele>
   </trkpt>
   <trkpt lat="-29.7770370" lon="24.4273520">
    <ele>1110.1</ele>
   </trkpt>
   <trkpt lat="-29.7770060" lon="24.4273640">
    <ele>1110.1</ele>
   </trkpt>
   <trkpt lat="-29.7769750" lon="24.4273720">
    <ele>1110.1</ele>
   </trkpt>
   <trkpt lat="-29.7769440" lon="24.4273790">
    <ele>1110.1</ele>
   </trkpt>
   <trkpt lat="-29.7769100" lon="24.4273830">
    <ele>1110.1</ele>
   </trkpt>
   <trkpt lat="-29.7768800" lon="24.4273910">
    <ele>1110.1</ele>
   </trkpt>
   <trkpt lat="-29.7768480" lon="24.4274000">
    <ele>1110.1</ele>
   </trkpt>
   <trkpt lat="-29.7768160" lon="24.4274140">
    <ele>1110.1</ele>
   </trkpt>
   <trkpt lat="-29.7767850" lon="24.4274210">
    <ele>1110.1</ele>
   </trkpt>
   <trkpt lat="-29.7767520" lon="24.4274250">
    <ele>1110.1</ele>
   </trkpt>
   <trkpt lat="-29.7767190" lon="24.4274300">
    <ele>1110.1</ele>
   </trkpt>
   <trkpt lat="-29.7766870" lon="24.4274380">
    <ele>1110.1</ele>
   </trkpt>
   <trkpt lat="-29.7766530" lon="24.4274490">
    <ele>1110.1</ele>
   </trkpt>
   <trkpt lat="-29.7766190" lon="24.4274520">
    <ele>1110.0</ele>
   </trkpt>
   <trkpt lat="-29.7765880" lon="24.4274600">
    <ele>1110.0</ele>
   </trkpt>
   <trkpt lat="-29.7765510" lon="24.4274700">
    <ele>1110.0</ele>
   </trkpt>
   <trkpt lat="-29.7765370" lon="24.4274720">
    <ele>1110.0</ele>
   </trkpt>
   <trkpt lat="-29.7765060" lon="24.4274770">
    <ele>1110.0</ele>
   </trkpt>
   <trkpt lat="-29.7764760" lon="24.4274800">
    <ele>1110.0</ele>
   </trkpt>
   <trkpt lat="-29.7764480" lon="24.4274930">
    <ele>1110.0</ele>
   </trkpt>
   <trkpt lat="-29.7764100" lon="24.4275050">
    <ele>1110.0</ele>
   </trkpt>
   <trkpt lat="-29.7763950" lon="24.4275080">
    <ele>1110.0</ele>
   </trkpt>
   <trkpt lat="-29.7763660" lon="24.4275200">
    <ele>1110.0</ele>
   </trkpt>
   <trkpt lat="-29.7763380" lon="24.4275290">
    <ele>1110.0</ele>
   </trkpt>
   <trkpt lat="-29.7763030" lon="24.4275480">
    <ele>1110.0</ele>
   </trkpt>
   <trkpt lat="-29.7762880" lon="24.4275500">
    <ele>1110.0</ele>
   </trkpt>
   <trkpt lat="-29.7762580" lon="24.4275570">
    <ele>1109.9</ele>
   </trkpt>
   <trkpt lat="-29.7762270" lon="24.4275650">
    <ele>1109.9</ele>
   </trkpt>
   <trkpt lat="-29.7761960" lon="24.4275790">
    <ele>1109.9</ele>
   </trkpt>
   <trkpt lat="-29.7761680" lon="24.4275880">
    <ele>1109.9</ele>
   </trkpt>
   <trkpt lat="-29.7761370" lon="24.4275960">
    <ele>1109.9</ele>
   </trkpt>
   <trkpt lat="-29.7760950" lon="24.4275900">
    <ele>1109.9</ele>
   </trkpt>
   <trkpt lat="-29.7760560" lon="24.4275790">
    <ele>1109.9</ele>
   </trkpt>
   <trkpt lat="-29.7760250" lon="24.4275830">
    <ele>1109.9</ele>
   </trkpt>
   <trkpt lat="-29.7759940" lon="24.4275910">
    <ele>1109.9</ele>
   </trkpt>
   <trkpt lat="-29.7759590" lon="24.4276010">
    <ele>1109.9</ele>
   </trkpt>
   <trkpt lat="-29.7759230" lon="24.4275980">
    <ele>1109.9</ele>
   </trkpt>
   <trkpt lat="-29.7758870" lon="24.4276020">
    <ele>1109.9</ele>
   </trkpt>
   <trkpt lat="-29.7758580" lon="24.4276330">
    <ele>1109.9</ele>
   </trkpt>
   <trkpt lat="-29.7758240" lon="24.4276410">
    <ele>1109.9</ele>
   </trkpt>
   <trkpt lat="-29.7757910" lon="24.4276550">
    <ele>1109.9</ele>
   </trkpt>
   <trkpt lat="-29.7757560" lon="24.4276510">
    <ele>1109.9</ele>
   </trkpt>
   <trkpt lat="-29.7757190" lon="24.4276500">
    <ele>1109.9</ele>
   </trkpt>
   <trkpt lat="-29.7756830" lon="24.4276600">
    <ele>1109.9</ele>
   </trkpt>
   <trkpt lat="-29.7756510" lon="24.4276660">
    <ele>1109.9</ele>
   </trkpt>
   <trkpt lat="-29.7756150" lon="24.4276670">
    <ele>1109.9</ele>
   </trkpt>
   <trkpt lat="-29.7755800" lon="24.4276670">
    <ele>1109.9</ele>
   </trkpt>
   <trkpt lat="-29.7755440" lon="24.4276610">
    <ele>1109.9</ele>
   </trkpt>
   <trkpt lat="-29.7755110" lon="24.4276610">
    <ele>1109.9</ele>
   </trkpt>
   <trkpt lat="-29.7754760" lon="24.4276660">
    <ele>1109.9</ele>
   </trkpt>
   <trkpt lat="-29.7754390" lon="24.4276720">
    <ele>1109.9</ele>
   </trkpt>
   <trkpt lat="-29.7754020" lon="24.4276870">
    <ele>1109.9</ele>
   </trkpt>
   <trkpt lat="-29.7753660" lon="24.4276970">
    <ele>1109.8</ele>
   </trkpt>
   <trkpt lat="-29.7753270" lon="24.4277080">
    <ele>1109.8</ele>
   </trkpt>
   <trkpt lat="-29.7752940" lon="24.4277140">
    <ele>1109.8</ele>
   </trkpt>
   <trkpt lat="-29.7752630" lon="24.4277230">
    <ele>1109.8</ele>
   </trkpt>
   <trkpt lat="-29.7752260" lon="24.4277280">
    <ele>1109.8</ele>
   </trkpt>
   <trkpt lat="-29.7751900" lon="24.4277330">
    <ele>1109.8</ele>
   </trkpt>
   <trkpt lat="-29.7751550" lon="24.4277450">
    <ele>1109.8</ele>
   </trkpt>
   <trkpt lat="-29.7751190" lon="24.4277500">
    <ele>1109.8</ele>
   </trkpt>
   <trkpt lat="-29.7750860" lon="24.4277620">
    <ele>1109.7</ele>
   </trkpt>
   <trkpt lat="-29.7750560" lon="24.4277790">
    <ele>1109.7</ele>
   </trkpt>
   <trkpt lat="-29.7750230" lon="24.4277950">
    <ele>1109.7</ele>
   </trkpt>
   <trkpt lat="-29.7749940" lon="24.4278110">
    <ele>1109.7</ele>
   </trkpt>
   <trkpt lat="-29.7749630" lon="24.4278410">
    <ele>1109.7</ele>
   </trkpt>
   <trkpt lat="-29.7749510" lon="24.4278520">
    <ele>1109.7</ele>
   </trkpt>
   <trkpt lat="-29.7749280" lon="24.4278700">
    <ele>1109.7</ele>
   </trkpt>
   <trkpt lat="-29.7748910" lon="24.4278810">
    <ele>1109.6</ele>
   </trkpt>
   <trkpt lat="-29.7748540" lon="24.4279020">
    <ele>1109.6</ele>
   </trkpt>
   <trkpt lat="-29.7748140" lon="24.4279100">
    <ele>1109.6</ele>
   </trkpt>
   <trkpt lat="-29.7747710" lon="24.4279260">
    <ele>1109.6</ele>
   </trkpt>
   <trkpt lat="-29.7747280" lon="24.4279320">
    <ele>1109.6</ele>
   </trkpt>
   <trkpt lat="-29.7746900" lon="24.4279520">
    <ele>1109.5</ele>
   </trkpt>
   <trkpt lat="-29.7746570" lon="24.4279680">
    <ele>1109.5</ele>
   </trkpt>
   <trkpt lat="-29.7746150" lon="24.4279750">
    <ele>1109.5</ele>
   </trkpt>
   <trkpt lat="-29.7745710" lon="24.4279910">
    <ele>1109.4</ele>
   </trkpt>
   <trkpt lat="-29.7745230" lon="24.4279930">
    <ele>1109.4</ele>
   </trkpt>
   <trkpt lat="-29.7744770" lon="24.4280120">
    <ele>1109.4</ele>
   </trkpt>
   <trkpt lat="-29.7744260" lon="24.4280140">
    <ele>1109.3</ele>
   </trkpt>
   <trkpt lat="-29.7743740" lon="24.4280290">
    <ele>1109.3</ele>
   </trkpt>
   <trkpt lat="-29.7743290" lon="24.4280480">
    <ele>1109.2</ele>
   </trkpt>
   <trkpt lat="-29.7742820" lon="24.4280520">
    <ele>1109.2</ele>
   </trkpt>
   <trkpt lat="-29.7742370" lon="24.4280690">
    <ele>1109.2</ele>
   </trkpt>
   <trkpt lat="-29.7741870" lon="24.4280810">
    <ele>1109.1</ele>
   </trkpt>
   <trkpt lat="-29.7741450" lon="24.4280980">
    <ele>1109.1</ele>
   </trkpt>
   <trkpt lat="-29.7740970" lon="24.4281110">
    <ele>1109.0</ele>
   </trkpt>
   <trkpt lat="-29.7740480" lon="24.4281210">
    <ele>1109.0</ele>
   </trkpt>
   <trkpt lat="-29.7740020" lon="24.4281330">
    <ele>1108.9</ele>
   </trkpt>
   <trkpt lat="-29.7739600" lon="24.4281480">
    <ele>1108.9</ele>
   </trkpt>
   <trkpt lat="-29.7739130" lon="24.4281590">
    <ele>1108.9</ele>
   </trkpt>
   <trkpt lat="-29.7738680" lon="24.4281660">
    <ele>1108.8</ele>
   </trkpt>
   <trkpt lat="-29.7738240" lon="24.4281860">
    <ele>1108.8</ele>
   </trkpt>
   <trkpt lat="-29.7737840" lon="24.4281940">
    <ele>1108.7</ele>
   </trkpt>
   <trkpt lat="-29.7737480" lon="24.4282070">
    <ele>1108.7</ele>
   </trkpt>
   <trkpt lat="-29.7737120" lon="24.4282220">
    <ele>1108.7</ele>
   </trkpt>
   <trkpt lat="-29.7736800" lon="24.4282270">
    <ele>1108.6</ele>
   </trkpt>
   <trkpt lat="-29.7736450" lon="24.4282380">
    <ele>1108.6</ele>
   </trkpt>
   <trkpt lat="-29.7736090" lon="24.4282440">
    <ele>1108.6</ele>
   </trkpt>
   <trkpt lat="-29.7735730" lon="24.4282550">
    <ele>1108.6</ele>
   </trkpt>
   <trkpt lat="-29.7735400" lon="24.4282650">
    <ele>1108.5</ele>
   </trkpt>
   <trkpt lat="-29.7735070" lon="24.4282730">
    <ele>1108.5</ele>
   </trkpt>
   <trkpt lat="-29.7734770" lon="24.4282850">
    <ele>1108.4</ele>
   </trkpt>
   <trkpt lat="-29.7734460" lon="24.4282940">
    <ele>1108.4</ele>
   </trkpt>
   <trkpt lat="-29.7734180" lon="24.4283140">
    <ele>1108.4</ele>
   </trkpt>
   <trkpt lat="-29.7733880" lon="24.4283300">
    <ele>1108.3</ele>
   </trkpt>
   <trkpt lat="-29.7733550" lon="24.4283580">
    <ele>1108.3</ele>
   </trkpt>
   <trkpt lat="-29.7733010" lon="24.4284110">
    <ele>1108.2</ele>
   </trkpt>
   <trkpt lat="-29.7732540" lon="24.4284480">
    <ele>1108.2</ele>
   </trkpt>
   <trkpt lat="-29.7732220" lon="24.4284810">
    <ele>1108.2</ele>
   </trkpt>
   <trkpt lat="-29.7731800" lon="24.4285240">
    <ele>1108.4</ele>
   </trkpt>
   <trkpt lat="-29.7731750" lon="24.4285530">
    <ele>1108.4</ele>
   </trkpt>
   <trkpt lat="-29.7731710" lon="24.4285680">
    <ele>1108.4</ele>
   </trkpt>
   <trkpt lat="-29.7731420" lon="24.4285950">
    <ele>1108.5</ele>
   </trkpt>
   <trkpt lat="-29.7731380" lon="24.4286390">
    <ele>1108.7</ele>
   </trkpt>
   <trkpt lat="-29.7731350" lon="24.4286530">
    <ele>1108.7</ele>
   </trkpt>
   <trkpt lat="-29.7731320" lon="24.4286920">
    <ele>1108.8</ele>
   </trkpt>
   <trkpt lat="-29.7731280" lon="24.4287060">
    <ele>1108.9</ele>
   </trkpt>
   <trkpt lat="-29.7731230" lon="24.4287420">
    <ele>1109.0</ele>
   </trkpt>
   <trkpt lat="-29.7731170" lon="24.4287550">
    <ele>1109.1</ele>
   </trkpt>
   <trkpt lat="-29.7731120" lon="24.4287970">
    <ele>1109.2</ele>
   </trkpt>
   <trkpt lat="-29.7731110" lon="24.4288110">
    <ele>1109.3</ele>
   </trkpt>
   <trkpt lat="-29.7731180" lon="24.4288520">
    <ele>1109.4</ele>
   </trkpt>
   <trkpt lat="-29.7731200" lon="24.4288660">
    <ele>1109.5</ele>
   </trkpt>
   <trkpt lat="-29.7731310" lon="24.4289040">
    <ele>1109.7</ele>
   </trkpt>
   <trkpt lat="-29.7731340" lon="24.4289160">
    <ele>1109.7</ele>
   </trkpt>
   <trkpt lat="-29.7731490" lon="24.4289560">
    <ele>1109.9</ele>
   </trkpt>
   <trkpt lat="-29.7731540" lon="24.4289740">
    <ele>1110.0</ele>
   </trkpt>
   <trkpt lat="-29.7731520" lon="24.4290140">
    <ele>1110.1</ele>
   </trkpt>
   <trkpt lat="-29.7731510" lon="24.4290530">
    <ele>1110.3</ele>
   </trkpt>
   <trkpt lat="-29.7731570" lon="24.4290840">
    <ele>1110.4</ele>
   </trkpt>
   <trkpt lat="-29.7731650" lon="24.4291170">
    <ele>1110.5</ele>
   </trkpt>
   <trkpt lat="-29.7731700" lon="24.4291500">
    <ele>1110.7</ele>
   </trkpt>
   <trkpt lat="-29.7731730" lon="24.4291830">
    <ele>1110.8</ele>
   </trkpt>
   <trkpt lat="-29.7731790" lon="24.4292130">
    <ele>1110.9</ele>
   </trkpt>
   <trkpt lat="-29.7731880" lon="24.4292440">
    <ele>1111.0</ele>
   </trkpt>
   <trkpt lat="-29.7731910" lon="24.4292760">
    <ele>1111.1</ele>
   </trkpt>
   <trkpt lat="-29.7731970" lon="24.4293080">
    <ele>1111.2</ele>
   </trkpt>
   <trkpt lat="-29.7732050" lon="24.4293390">
    <ele>1111.3</ele>
   </trkpt>
   <trkpt lat="-29.7732090" lon="24.4293830">
    <ele>1111.5</ele>
   </trkpt>
   <trkpt lat="-29.7732110" lon="24.4293970">
    <ele>1111.5</ele>
   </trkpt>
   <trkpt lat="-29.7732300" lon="24.4294290">
    <ele>1111.6</ele>
   </trkpt>
   <trkpt lat="-29.7732370" lon="24.4294420">
    <ele>1111.6</ele>
   </trkpt>
   <trkpt lat="-29.7732560" lon="24.4294800">
    <ele>1111.8</ele>
   </trkpt>
   <trkpt lat="-29.7732640" lon="24.4294910">
    <ele>1111.8</ele>
   </trkpt>
   <trkpt lat="-29.7732830" lon="24.4295310">
    <ele>1111.9</ele>
   </trkpt>
   <trkpt lat="-29.7732880" lon="24.4295470">
    <ele>1111.9</ele>
   </trkpt>
   <trkpt lat="-29.7732940" lon="24.4295950">
    <ele>1112.0</ele>
   </trkpt>
   <trkpt lat="-29.7732970" lon="24.4296150">
    <ele>1112.0</ele>
   </trkpt>
   <trkpt lat="-29.7733010" lon="24.4296550">
    <ele>1112.1</ele>
   </trkpt>
   <trkpt lat="-29.7733130" lon="24.4296880">
    <ele>1112.1</ele>
   </trkpt>
   <trkpt lat="-29.7733160" lon="24.4297240">
    <ele>1112.2</ele>
   </trkpt>
   <trkpt lat="-29.7733210" lon="24.4297600">
    <ele>1112.2</ele>
   </trkpt>
   <trkpt lat="-29.7733240" lon="24.4298010">
    <ele>1112.2</ele>
   </trkpt>
   <trkpt lat="-29.7733330" lon="24.4298380">
    <ele>1112.2</ele>
   </trkpt>
   <trkpt lat="-29.7733340" lon="24.4298790">
    <ele>1112.3</ele>
   </trkpt>
   <trkpt lat="-29.7733380" lon="24.4299180">
    <ele>1112.3</ele>
   </trkpt>
   <trkpt lat="-29.7733460" lon="24.4299550">
    <ele>1112.3</ele>
   </trkpt>
   <trkpt lat="-29.7733650" lon="24.4299940">
    <ele>1112.3</ele>
   </trkpt>
   <trkpt lat="-29.7733700" lon="24.4300330">
    <ele>1112.3</ele>
   </trkpt>
   <trkpt lat="-29.7733820" lon="24.4300730">
    <ele>1112.4</ele>
   </trkpt>
   <trkpt lat="-29.7733900" lon="24.4301080">
    <ele>1112.4</ele>
   </trkpt>
   <trkpt lat="-29.7733940" lon="24.4301440">
    <ele>1112.4</ele>
   </trkpt>
   <trkpt lat="-29.7733970" lon="24.4301770">
    <ele>1112.4</ele>
   </trkpt>
   <trkpt lat="-29.7734060" lon="24.4302090">
    <ele>1112.5</ele>
   </trkpt>
   <trkpt lat="-29.7734150" lon="24.4302410">
    <ele>1112.5</ele>
   </trkpt>
   <trkpt lat="-29.7734220" lon="24.4302710">
    <ele>1112.5</ele>
   </trkpt>
   <trkpt lat="-29.7734320" lon="24.4303020">
    <ele>1112.6</ele>
   </trkpt>
   <trkpt lat="-29.7734490" lon="24.4303320">
    <ele>1112.6</ele>
   </trkpt>
   <trkpt lat="-29.7734590" lon="24.4303640">
    <ele>1112.7</ele>
   </trkpt>
   <trkpt lat="-29.7734690" lon="24.4303990">
    <ele>1112.7</ele>
   </trkpt>
   <trkpt lat="-29.7734750" lon="24.4304330">
    <ele>1112.8</ele>
   </trkpt>
   <trkpt lat="-29.7734830" lon="24.4304680">
    <ele>1112.8</ele>
   </trkpt>
   <trkpt lat="-29.7734960" lon="24.4305000">
    <ele>1112.9</ele>
   </trkpt>
   <trkpt lat="-29.7735100" lon="24.4305330">
    <ele>1112.9</ele>
   </trkpt>
   <trkpt lat="-29.7735190" lon="24.4305690">
    <ele>1113.0</ele>
   </trkpt>
   <trkpt lat="-29.7735290" lon="24.4306050">
    <ele>1113.0</ele>
   </trkpt>
   <trkpt lat="-29.7735420" lon="24.4306360">
    <ele>1113.1</ele>
   </trkpt>
   <trkpt lat="-29.7735600" lon="24.4306720">
    <ele>1113.2</ele>
   </trkpt>
   <trkpt lat="-29.7735650" lon="24.4307070">
    <ele>1113.2</ele>
   </trkpt>
   <trkpt lat="-29.7735810" lon="24.4307390">
    <ele>1113.3</ele>
   </trkpt>
   <trkpt lat="-29.7735980" lon="24.4307700">
    <ele>1113.4</ele>
   </trkpt>
   <trkpt lat="-29.7736070" lon="24.4308050">
    <ele>1113.5</ele>
   </trkpt>
   <trkpt lat="-29.7736190" lon="24.4308380">
    <ele>1113.5</ele>
   </trkpt>
   <trkpt lat="-29.7736380" lon="24.4308680">
    <ele>1113.6</ele>
   </trkpt>
   <trkpt lat="-29.7736480" lon="24.4309040">
    <ele>1113.7</ele>
   </trkpt>
   <trkpt lat="-29.7736690" lon="24.4309450">
    <ele>1113.8</ele>
   </trkpt>
   <trkpt lat="-29.7736870" lon="24.4309780">
    <ele>1113.9</ele>
   </trkpt>
   <trkpt lat="-29.7737020" lon="24.4310200">
    <ele>1114.0</ele>
   </trkpt>
   <trkpt lat="-29.7737180" lon="24.4310550">
    <ele>1114.1</ele>
   </trkpt>
   <trkpt lat="-29.7737320" lon="24.4310890">
    <ele>1114.2</ele>
   </trkpt>
   <trkpt lat="-29.7737460" lon="24.4311270">
    <ele>1114.3</ele>
   </trkpt>
   <trkpt lat="-29.7737610" lon="24.4311680">
    <ele>1114.5</ele>
   </trkpt>
   <trkpt lat="-29.7737770" lon="24.4312020">
    <ele>1114.6</ele>
   </trkpt>
   <trkpt lat="-29.7737970" lon="24.4312370">
    <ele>1114.7</ele>
   </trkpt>
   <trkpt lat="-29.7738080" lon="24.4312690">
    <ele>1114.8</ele>
   </trkpt>
   <trkpt lat="-29.7738270" lon="24.4313010">
    <ele>1114.9</ele>
   </trkpt>
   <trkpt lat="-29.7738470" lon="24.4313330">
    <ele>1115.0</ele>
   </trkpt>
   <trkpt lat="-29.7738660" lon="24.4313630">
    <ele>1115.2</ele>
   </trkpt>
   <trkpt lat="-29.7738810" lon="24.4313930">
    <ele>1115.3</ele>
   </trkpt>
   <trkpt lat="-29.7738990" lon="24.4314180">
    <ele>1115.4</ele>
   </trkpt>
   <trkpt lat="-29.7739140" lon="24.4314440">
    <ele>1115.5</ele>
   </trkpt>
   <trkpt lat="-29.7739330" lon="24.4314730">
    <ele>1115.6</ele>
   </trkpt>
   <trkpt lat="-29.7739480" lon="24.4314990">
    <ele>1115.8</ele>
   </trkpt>
   <trkpt lat="-29.7739650" lon="24.4315280">
    <ele>1115.9</ele>
   </trkpt>
   <trkpt lat="-29.7739800" lon="24.4315570">
    <ele>1116.0</ele>
   </trkpt>
   <trkpt lat="-29.7739980" lon="24.4315810">
    <ele>1116.2</ele>
   </trkpt>
   <trkpt lat="-29.7740160" lon="24.4316080">
    <ele>1116.3</ele>
   </trkpt>
   <trkpt lat="-29.7740340" lon="24.4316320">
    <ele>1116.4</ele>
   </trkpt>
   <trkpt lat="-29.7740570" lon="24.4316690">
    <ele>1116.6</ele>
   </trkpt>
   <trkpt lat="-29.7740640" lon="24.4316830">
    <ele>1116.6</ele>
   </trkpt>
   <trkpt lat="-29.7740860" lon="24.4317060">
    <ele>1116.7</ele>
   </trkpt>
   <trkpt lat="-29.7741060" lon="24.4317280">
    <ele>1116.8</ele>
   </trkpt>
   <trkpt lat="-29.7741220" lon="24.4317540">
    <ele>1116.9</ele>
   </trkpt>
   <trkpt lat="-29.7741420" lon="24.4317780">
    <ele>1117.0</ele>
   </trkpt>
   <trkpt lat="-29.7741620" lon="24.4318030">
    <ele>1117.1</ele>
   </trkpt>
   <trkpt lat="-29.7741880" lon="24.4318210">
    <ele>1117.2</ele>
   </trkpt>
   <trkpt lat="-29.7742080" lon="24.4318470">
    <ele>1117.3</ele>
   </trkpt>
   <trkpt lat="-29.7742240" lon="24.4318770">
    <ele>1117.3</ele>
   </trkpt>
   <trkpt lat="-29.7742400" lon="24.4319090">
    <ele>1117.4</ele>
   </trkpt>
   <trkpt lat="-29.7742580" lon="24.4319320">
    <ele>1117.5</ele>
   </trkpt>
   <trkpt lat="-29.7742790" lon="24.4319570">
    <ele>1117.6</ele>
   </trkpt>
   <trkpt lat="-29.7743010" lon="24.4319820">
    <ele>1117.7</ele>
   </trkpt>
   <trkpt lat="-29.7743200" lon="24.4320070">
    <ele>1117.8</ele>
   </trkpt>
   <trkpt lat="-29.7743410" lon="24.4320290">
    <ele>1117.9</ele>
   </trkpt>
   <trkpt lat="-29.7743610" lon="24.4320590">
    <ele>1118.0</ele>
   </trkpt>
   <trkpt lat="-29.7743910" lon="24.4320910">
    <ele>1118.1</ele>
   </trkpt>
   <trkpt lat="-29.7744020" lon="24.4321020">
    <ele>1118.1</ele>
   </trkpt>
   <trkpt lat="-29.7744240" lon="24.4321260">
    <ele>1118.2</ele>
   </trkpt>
   <trkpt lat="-29.7744450" lon="24.4321490">
    <ele>1118.3</ele>
   </trkpt>
   <trkpt lat="-29.7744670" lon="24.4321710">
    <ele>1118.4</ele>
   </trkpt>
   <trkpt lat="-29.7744870" lon="24.4321950">
    <ele>1118.5</ele>
   </trkpt>
   <trkpt lat="-29.7745070" lon="24.4322210">
    <ele>1118.6</ele>
   </trkpt>
   <trkpt lat="-29.7745280" lon="24.4322430">
    <ele>1118.7</ele>
   </trkpt>
   <trkpt lat="-29.7745470" lon="24.4322700">
    <ele>1118.8</ele>
   </trkpt>
   <trkpt lat="-29.7745670" lon="24.4322920">
    <ele>1118.9</ele>
   </trkpt>
   <trkpt lat="-29.7745900" lon="24.4323130">
    <ele>1119.0</ele>
   </trkpt>
   <trkpt lat="-29.7746090" lon="24.4323370">
    <ele>1119.1</ele>
   </trkpt>
   <trkpt lat="-29.7746300" lon="24.4323580">
    <ele>1119.2</ele>
   </trkpt>
   <trkpt lat="-29.7746510" lon="24.4323790">
    <ele>1119.3</ele>
   </trkpt>
   <trkpt lat="-29.7746720" lon="24.4324000">
    <ele>1119.4</ele>
   </trkpt>
   <trkpt lat="-29.7746950" lon="24.4324200">
    <ele>1119.5</ele>
   </trkpt>
   <trkpt lat="-29.7747150" lon="24.4324410">
    <ele>1119.6</ele>
   </trkpt>
   <trkpt lat="-29.7747370" lon="24.4324650">
    <ele>1119.7</ele>
   </trkpt>
   <trkpt lat="-29.7747630" lon="24.4324750">
    <ele>1119.8</ele>
   </trkpt>
   <trkpt lat="-29.7747850" lon="24.4324960">
    <ele>1119.9</ele>
   </trkpt>
   <trkpt lat="-29.7748060" lon="24.4325180">
    <ele>1119.9</ele>
   </trkpt>
   <trkpt lat="-29.7748280" lon="24.4325380">
    <ele>1120.0</ele>
   </trkpt>
   <trkpt lat="-29.7748470" lon="24.4325620">
    <ele>1120.1</ele>
   </trkpt>
   <trkpt lat="-29.7748680" lon="24.4325850">
    <ele>1120.2</ele>
   </trkpt>
   <trkpt lat="-29.7748890" lon="24.4326070">
    <ele>1120.3</ele>
   </trkpt>
   <trkpt lat="-29.7749030" lon="24.4326360">
    <ele>1120.4</ele>
   </trkpt>
   <trkpt lat="-29.7749240" lon="24.4326570">
    <ele>1120.5</ele>
   </trkpt>
   <trkpt lat="-29.7749420" lon="24.4326800">
    <ele>1120.5</ele>
   </trkpt>
   <trkpt lat="-29.7749670" lon="24.4327020">
    <ele>1120.6</ele>
   </trkpt>
   <trkpt lat="-29.7749770" lon="24.4327080">
    <ele>1120.7</ele>
   </trkpt>
   <trkpt lat="-29.7750040" lon="24.4327320">
    <ele>1120.8</ele>
   </trkpt>
   <trkpt lat="-29.7750140" lon="24.4327380">
    <ele>1120.8</ele>
   </trkpt>
   <trkpt lat="-29.7750410" lon="24.4327640">
    <ele>1120.9</ele>
   </trkpt>
   <trkpt lat="-29.7750470" lon="24.4327760">
    <ele>1120.9</ele>
   </trkpt>
   <trkpt lat="-29.7750750" lon="24.4328000">
    <ele>1121.0</ele>
   </trkpt>
   <trkpt lat="-29.7750820" lon="24.4328130">
    <ele>1121.1</ele>
   </trkpt>
   <trkpt lat="-29.7751070" lon="24.4328410">
    <ele>1121.2</ele>
   </trkpt>
   <trkpt lat="-29.7751150" lon="24.4328520">
    <ele>1121.2</ele>
   </trkpt>
   <trkpt lat="-29.7751400" lon="24.4328860">
    <ele>1121.3</ele>
   </trkpt>
   <trkpt lat="-29.7751480" lon="24.4328970">
    <ele>1121.3</ele>
   </trkpt>
   <trkpt lat="-29.7751710" lon="24.4329300">
    <ele>1121.4</ele>
   </trkpt>
   <trkpt lat="-29.7751790" lon="24.4329430">
    <ele>1121.5</ele>
   </trkpt>
   <trkpt lat="-29.7752110" lon="24.4329690">
    <ele>1121.6</ele>
   </trkpt>
   <trkpt lat="-29.7752210" lon="24.4329780">
    <ele>1121.6</ele>
   </trkpt>
   <trkpt lat="-29.7752520" lon="24.4330020">
    <ele>1121.7</ele>
   </trkpt>
   <trkpt lat="-29.7752620" lon="24.4330100">
    <ele>1121.8</ele>
   </trkpt>
   <trkpt lat="-29.7752890" lon="24.4330420">
    <ele>1121.9</ele>
   </trkpt>
   <trkpt lat="-29.7752980" lon="24.4330530">
    <ele>1121.9</ele>
   </trkpt>
   <trkpt lat="-29.7753290" lon="24.4330800">
    <ele>1122.0</ele>
   </trkpt>
   <trkpt lat="-29.7753390" lon="24.4330890">
    <ele>1122.0</ele>
   </trkpt>
   <trkpt lat="-29.7753570" lon="24.4331150">
    <ele>1122.1</ele>
   </trkpt>
   <trkpt lat="-29.7753860" lon="24.4331460">
    <ele>1122.2</ele>
   </trkpt>
   <trkpt lat="-29.7753950" lon="24.4331560">
    <ele>1122.2</ele>
   </trkpt>
   <trkpt lat="-29.7754170" lon="24.4331750">
    <ele>1122.3</ele>
   </trkpt>
   <trkpt lat="-29.7754390" lon="24.4331940">
    <ele>1122.4</ele>
   </trkpt>
   <trkpt lat="-29.7754580" lon="24.4332170">
    <ele>1122.5</ele>
   </trkpt>
   <trkpt lat="-29.7754790" lon="24.4332370">
    <ele>1122.5</ele>
   </trkpt>
   <trkpt lat="-29.7755010" lon="24.4332580">
    <ele>1122.6</ele>
   </trkpt>
   <trkpt lat="-29.7755210" lon="24.4332820">
    <ele>1122.7</ele>
   </trkpt>
   <trkpt lat="-29.7755490" lon="24.4333050">
    <ele>1122.7</ele>
   </trkpt>
   <trkpt lat="-29.7755750" lon="24.4333440">
    <ele>1122.8</ele>
   </trkpt>
   <trkpt lat="-29.7755960" lon="24.4333740">
    <ele>1122.9</ele>
   </trkpt>
   <trkpt lat="-29.7756200" lon="24.4333970">
    <ele>1123.0</ele>
   </trkpt>
   <trkpt lat="-29.7756450" lon="24.4334210">
    <ele>1123.0</ele>
   </trkpt>
   <trkpt lat="-29.7756690" lon="24.4334510">
    <ele>1123.1</ele>
   </trkpt>
   <trkpt lat="-29.7756890" lon="24.4334770">
    <ele>1123.2</ele>
   </trkpt>
   <trkpt lat="-29.7757090" lon="24.4335000">
    <ele>1123.2</ele>
   </trkpt>
   <trkpt lat="-29.7757300" lon="24.4335250">
    <ele>1123.3</ele>
   </trkpt>
   <trkpt lat="-29.7757530" lon="24.4335480">
    <ele>1123.4</ele>
   </trkpt>
   <trkpt lat="-29.7757760" lon="24.4335710">
    <ele>1123.5</ele>
   </trkpt>
   <trkpt lat="-29.7757970" lon="24.4335910">
    <ele>1123.6</ele>
   </trkpt>
   <trkpt lat="-29.7758170" lon="24.4336220">
    <ele>1123.6</ele>
   </trkpt>
   <trkpt lat="-29.7758400" lon="24.4336400">
    <ele>1123.7</ele>
   </trkpt>
   <trkpt lat="-29.7758730" lon="24.4336690">
    <ele>1123.8</ele>
   </trkpt>
   <trkpt lat="-29.7758850" lon="24.4336800">
    <ele>1123.9</ele>
   </trkpt>
   <trkpt lat="-29.7759010" lon="24.4337090">
    <ele>1124.0</ele>
   </trkpt>
   <trkpt lat="-29.7759260" lon="24.4337450">
    <ele>1124.1</ele>
   </trkpt>
   <trkpt lat="-29.7759330" lon="24.4337570">
    <ele>1124.1</ele>
   </trkpt>
   <trkpt lat="-29.7759430" lon="24.4337870">
    <ele>1124.3</ele>
   </trkpt>
   <trkpt lat="-29.7759510" lon="24.4338310">
    <ele>1124.3</ele>
   </trkpt>
   <trkpt lat="-29.7759520" lon="24.4338470">
    <ele>1124.3</ele>
   </trkpt>
   <trkpt lat="-29.7759440" lon="24.4338880">
    <ele>1124.3</ele>
   </trkpt>
   <trkpt lat="-29.7759400" lon="24.4339020">
    <ele>1124.4</ele>
   </trkpt>
   <trkpt lat="-29.7759250" lon="24.4339390">
    <ele>1124.4</ele>
   </trkpt>
   <trkpt lat="-29.7759220" lon="24.4339490">
    <ele>1124.4</ele>
   </trkpt>
   <trkpt lat="-29.7758980" lon="24.4339780">
    <ele>1124.4</ele>
   </trkpt>
   <trkpt lat="-29.7758910" lon="24.4339870">
    <ele>1124.4</ele>
   </trkpt>
   <trkpt lat="-29.7758700" lon="24.4340120">
    <ele>1124.4</ele>
   </trkpt>
   <trkpt lat="-29.7758630" lon="24.4340200">
    <ele>1124.4</ele>
   </trkpt>
   <trkpt lat="-29.7758540" lon="24.4340380">
    <ele>1124.4</ele>
   </trkpt>
   <trkpt lat="-29.7758460" lon="24.4340540">
    <ele>1124.4</ele>
   </trkpt>
   <trkpt lat="-29.7758340" lon="24.4340670">
    <ele>1124.4</ele>
   </trkpt>
   <trkpt lat="-29.7758260" lon="24.4340680">
    <ele>1124.4</ele>
   </trkpt>
   <trkpt lat="-29.7758140" lon="24.4340700">
    <ele>1124.4</ele>
   </trkpt>
   <trkpt lat="-29.7758000" lon="24.4340840">
    <ele>1124.4</ele>
   </trkpt>
   <trkpt lat="-29.7757980" lon="24.4340940">
    <ele>1124.4</ele>
   </trkpt>
   <trkpt lat="-29.7757950" lon="24.4341030">
    <ele>1124.5</ele>
   </trkpt>
   <trkpt lat="-29.7757930" lon="24.4341130">
    <ele>1124.5</ele>
   </trkpt>
   <trkpt lat="-29.7757830" lon="24.4341440">
    <ele>1124.5</ele>
   </trkpt>
   <trkpt lat="-29.7757770" lon="24.4341510">
    <ele>1124.5</ele>
   </trkpt>
   <trkpt lat="-29.7757560" lon="24.4341690">
    <ele>1124.5</ele>
   </trkpt>
   <trkpt lat="-29.7757510" lon="24.4341790">
    <ele>1124.5</ele>
   </trkpt>
   <trkpt lat="-29.7757370" lon="24.4341860">
    <ele>1124.5</ele>
   </trkpt>
   <trkpt lat="-29.7757260" lon="24.4341870">
    <ele>1124.5</ele>
   </trkpt>
   <trkpt lat="-29.7757170" lon="24.4341890">
    <ele>1124.5</ele>
   </trkpt>
   <trkpt lat="-29.7757060" lon="24.4341870">
    <ele>1124.5</ele>
   </trkpt>
   <trkpt lat="-29.7756940" lon="24.4341900">
    <ele>1124.5</ele>
   </trkpt>
   <trkpt lat="-29.7756860" lon="24.4341960">
    <ele>1124.5</ele>
   </trkpt>
   <trkpt lat="-29.7756860" lon="24.4342110">
    <ele>1124.5</ele>
   </trkpt>
   <trkpt lat="-29.7756970" lon="24.4342240">
    <ele>1124.5</ele>
   </trkpt>
   <trkpt lat="-29.7757100" lon="24.4342230">
    <ele>1124.5</ele>
   </trkpt>
   <trkpt lat="-29.7757260" lon="24.4342070">
    <ele>1124.6</ele>
   </trkpt>
   <trkpt lat="-29.7757310" lon="24.4341970">
    <ele>1124.6</ele>
   </trkpt>
   <trkpt lat="-29.7757350" lon="24.4341860">
    <ele>1124.6</ele>
   </trkpt>
   <trkpt lat="-29.7757380" lon="24.4341740">
    <ele>1124.6</ele>
   </trkpt>
   <trkpt lat="-29.7757400" lon="24.4341670">
    <ele>1124.6</ele>
   </trkpt>
   <trkpt lat="-29.7757490" lon="24.4341600">
    <ele>1124.6</ele>
   </trkpt>
   <trkpt lat="-29.7757670" lon="24.4341540">
    <ele>1124.6</ele>
   </trkpt>
   <trkpt lat="-29.7757780" lon="24.4341540">
    <ele>1124.6</ele>
   </trkpt>
   <trkpt lat="-29.7757880" lon="24.4341530">
    <ele>1124.6</ele>
   </trkpt>
   <trkpt lat="-29.7757970" lon="24.4341450">
    <ele>1124.6</ele>
   </trkpt>
   <trkpt lat="-29.7758000" lon="24.4341360">
    <ele>1124.6</ele>
   </trkpt>
   <trkpt lat="-29.7758090" lon="24.4341270">
    <ele>1124.6</ele>
   </trkpt>
   <trkpt lat="-29.7758040" lon="24.4341060">
    <ele>1124.6</ele>
   </trkpt>
   <trkpt lat="-29.7757980" lon="24.4340990">
    <ele>1124.6</ele>
   </trkpt>
   <trkpt lat="-29.7757910" lon="24.4340910">
    <ele>1124.6</ele>
   </trkpt>
   <trkpt lat="-29.7757750" lon="24.4340890">
    <ele>1124.6</ele>
   </trkpt>
   <trkpt lat="-29.7757620" lon="24.4341010">
    <ele>1124.7</ele>
   </trkpt>
   <trkpt lat="-29.7757580" lon="24.4341230">
    <ele>1124.7</ele>
   </trkpt>
   <trkpt lat="-29.7757430" lon="24.4341340">
    <ele>1124.7</ele>
   </trkpt>
   <trkpt lat="-29.7757330" lon="24.4341470">
    <ele>1124.7</ele>
   </trkpt>
   <trkpt lat="-29.7757150" lon="24.4341530">
    <ele>1124.7</ele>
   </trkpt>
   <trkpt lat="-29.7757070" lon="24.4341760">
    <ele>1124.7</ele>
   </trkpt>
   <trkpt lat="-29.7757090" lon="24.4341860">
    <ele>1124.7</ele>
   </trkpt>
   <trkpt lat="-29.7757100" lon="24.4341970">
    <ele>1124.7</ele>
   </trkpt>
   <trkpt lat="-29.7757030" lon="24.4342110">
    <ele>1124.7</ele>
   </trkpt>
   <trkpt lat="-29.7756940" lon="24.4342260">
    <ele>1124.7</ele>
   </trkpt>
   <trkpt lat="-29.7756780" lon="24.4342380">
    <ele>1124.8</ele>
   </trkpt>
   <trkpt lat="-29.7756770" lon="24.4342530">
    <ele>1124.8</ele>
   </trkpt>
   <trkpt lat="-29.7756560" lon="24.4342640">
    <ele>1124.8</ele>
   </trkpt>
   <trkpt lat="-29.7756490" lon="24.4342800">
    <ele>1124.8</ele>
   </trkpt>
   <trkpt lat="-29.7756160" lon="24.4343030">
    <ele>1124.8</ele>
   </trkpt>
   <trkpt lat="-29.7756030" lon="24.4343060">
    <ele>1124.8</ele>
   </trkpt>
   <trkpt lat="-29.7755780" lon="24.4343340">
    <ele>1124.9</ele>
   </trkpt>
   <trkpt lat="-29.7755700" lon="24.4343420">
    <ele>1124.9</ele>
   </trkpt>
   <trkpt lat="-29.7755510" lon="24.4343640">
    <ele>1124.9</ele>
   </trkpt>
   <trkpt lat="-29.7755420" lon="24.4343710">
    <ele>1124.9</ele>
   </trkpt>
   <trkpt lat="-29.7755190" lon="24.4343940">
    <ele>1124.9</ele>
   </trkpt>
   <trkpt lat="-29.7755110" lon="24.4344030">
    <ele>1124.9</ele>
   </trkpt>
   <trkpt lat="-29.7754910" lon="24.4344250">
    <ele>1125.0</ele>
   </trkpt>
   <trkpt lat="-29.7754650" lon="24.4344570">
    <ele>1125.0</ele>
   </trkpt>
   <trkpt lat="-29.7754530" lon="24.4344670">
    <ele>1125.0</ele>
   </trkpt>
   <trkpt lat="-29.7754280" lon="24.4344820">
    <ele>1125.0</ele>
   </trkpt>
   <trkpt lat="-29.7754040" lon="24.4345150">
    <ele>1125.1</ele>
   </trkpt>
   <trkpt lat="-29.7753940" lon="24.4345240">
    <ele>1125.1</ele>
   </trkpt>
   <trkpt lat="-29.7753680" lon="24.4345590">
    <ele>1125.1</ele>
   </trkpt>
   <trkpt lat="-29.7753580" lon="24.4345690">
    <ele>1125.1</ele>
   </trkpt>
   <trkpt lat="-29.7753310" lon="24.4346010">
    <ele>1125.1</ele>
   </trkpt>
   <trkpt lat="-29.7753210" lon="24.4346110">
    <ele>1125.1</ele>
   </trkpt>
   <trkpt lat="-29.7752970" lon="24.4346470">
    <ele>1125.1</ele>
   </trkpt>
   <trkpt lat="-29.7752890" lon="24.4346590">
    <ele>1125.1</ele>
   </trkpt>
   <trkpt lat="-29.7752720" lon="24.4346840">
    <ele>1125.1</ele>
   </trkpt>
   <trkpt lat="-29.7752530" lon="24.4347110">
    <ele>1125.1</ele>
   </trkpt>
   <trkpt lat="-29.7752330" lon="24.4347370">
    <ele>1125.1</ele>
   </trkpt>
   <trkpt lat="-29.7752010" lon="24.4347570">
    <ele>1125.1</ele>
   </trkpt>
   <trkpt lat="-29.7751700" lon="24.4347840">
    <ele>1125.0</ele>
   </trkpt>
   <trkpt lat="-29.7751690" lon="24.4347940">
    <ele>1125.0</ele>
   </trkpt>
   <trkpt lat="-29.7751550" lon="24.4348130">
    <ele>1125.0</ele>
   </trkpt>
   <trkpt lat="-29.7751360" lon="24.4348510">
    <ele>1125.0</ele>
   </trkpt>
   <trkpt lat="-29.7751280" lon="24.4348630">
    <ele>1125.0</ele>
   </trkpt>
   <trkpt lat="-29.7751080" lon="24.4348850">
    <ele>1124.9</ele>
   </trkpt>
   <trkpt lat="-29.7750790" lon="24.4349200">
    <ele>1124.9</ele>
   </trkpt>
   <trkpt lat="-29.7750650" lon="24.4349290">
    <ele>1124.8</ele>
   </trkpt>
   <trkpt lat="-29.7750540" lon="24.4349590">
    <ele>1124.8</ele>
   </trkpt>
   <trkpt lat="-29.7750340" lon="24.4349860">
    <ele>1124.7</ele>
   </trkpt>
   <trkpt lat="-29.7750130" lon="24.4350110">
    <ele>1124.7</ele>
   </trkpt>
   <trkpt lat="-29.7749880" lon="24.4350360">
    <ele>1124.6</ele>
   </trkpt>
   <trkpt lat="-29.7749580" lon="24.4350630">
    <ele>1124.5</ele>
   </trkpt>
   <trkpt lat="-29.7749270" lon="24.4350940">
    <ele>1124.4</ele>
   </trkpt>
   <trkpt lat="-29.7748950" lon="24.4351210">
    <ele>1124.3</ele>
   </trkpt>
   <trkpt lat="-29.7748770" lon="24.4351530">
    <ele>1124.2</ele>
   </trkpt>
   <trkpt lat="-29.7748430" lon="24.4351810">
    <ele>1124.1</ele>
   </trkpt>
   <trkpt lat="-29.7748170" lon="24.4352110">
    <ele>1124.0</ele>
   </trkpt>
   <trkpt lat="-29.7747950" lon="24.4352420">
    <ele>1124.0</ele>
   </trkpt>
   <trkpt lat="-29.7747720" lon="24.4352750">
    <ele>1123.9</ele>
   </trkpt>
   <trkpt lat="-29.7747630" lon="24.4353110">
    <ele>1123.9</ele>
   </trkpt>
   <trkpt lat="-29.7747410" lon="24.4353440">
    <ele>1123.9</ele>
   </trkpt>
   <trkpt lat="-29.7747390" lon="24.4353780">
    <ele>1123.8</ele>
   </trkpt>
   <trkpt lat="-29.7747280" lon="24.4354090">
    <ele>1123.8</ele>
   </trkpt>
   <trkpt lat="-29.7747070" lon="24.4354400">
    <ele>1123.8</ele>
   </trkpt>
   <trkpt lat="-29.7746780" lon="24.4354680">
    <ele>1123.8</ele>
   </trkpt>
   <trkpt lat="-29.7746470" lon="24.4354970">
    <ele>1123.7</ele>
   </trkpt>
   <trkpt lat="-29.7746120" lon="24.4355210">
    <ele>1123.7</ele>
   </trkpt>
   <trkpt lat="-29.7745860" lon="24.4355550">
    <ele>1123.7</ele>
   </trkpt>
   <trkpt lat="-29.7745530" lon="24.4355810">
    <ele>1123.7</ele>
   </trkpt>
   <trkpt lat="-29.7745280" lon="24.4356120">
    <ele>1123.7</ele>
   </trkpt>
   <trkpt lat="-29.7745010" lon="24.4356410">
    <ele>1123.7</ele>
   </trkpt>
   <trkpt lat="-29.7744750" lon="24.4356700">
    <ele>1123.7</ele>
   </trkpt>
   <trkpt lat="-29.7744610" lon="24.4357030">
    <ele>1123.7</ele>
   </trkpt>
   <trkpt lat="-29.7744330" lon="24.4357290">
    <ele>1123.7</ele>
   </trkpt>
   <trkpt lat="-29.7744070" lon="24.4357600">
    <ele>1123.7</ele>
   </trkpt>
   <trkpt lat="-29.7743790" lon="24.4357860">
    <ele>1123.7</ele>
   </trkpt>
   <trkpt lat="-29.7743520" lon="24.4358130">
    <ele>1123.7</ele>
   </trkpt>
   <trkpt lat="-29.7743310" lon="24.4358400">
    <ele>1123.7</ele>
   </trkpt>
   <trkpt lat="-29.7743070" lon="24.4358640">
    <ele>1123.7</ele>
   </trkpt>
   <trkpt lat="-29.7742720" lon="24.4358850">
    <ele>1123.7</ele>
   </trkpt>
   <trkpt lat="-29.7742600" lon="24.4359180">
    <ele>1123.7</ele>
   </trkpt>
   <trkpt lat="-29.7742510" lon="24.4359510">
    <ele>1123.8</ele>
   </trkpt>
   <trkpt lat="-29.7742350" lon="24.4359850">
    <ele>1123.8</ele>
   </trkpt>
   <trkpt lat="-29.7742120" lon="24.4360130">
    <ele>1123.8</ele>
   </trkpt>
   <trkpt lat="-29.7741770" lon="24.4360370">
    <ele>1123.8</ele>
   </trkpt>
   <trkpt lat="-29.7741500" lon="24.4360650">
    <ele>1123.8</ele>
   </trkpt>
   <trkpt lat="-29.7741250" lon="24.4360980">
    <ele>1123.8</ele>
   </trkpt>
   <trkpt lat="-29.7740870" lon="24.4361390">
    <ele>1123.9</ele>
   </trkpt>
   <trkpt lat="-29.7740490" lon="24.4361780">
    <ele>1123.9</ele>
   </trkpt>
   <trkpt lat="-29.7740090" lon="24.4362150">
    <ele>1124.0</ele>
   </trkpt>
   <trkpt lat="-29.7739720" lon="24.4362490">
    <ele>1124.1</ele>
   </trkpt>
   <trkpt lat="-29.7739360" lon="24.4362880">
    <ele>1124.2</ele>
   </trkpt>
   <trkpt lat="-29.7739010" lon="24.4363250">
    <ele>1124.3</ele>
   </trkpt>
   <trkpt lat="-29.7738590" lon="24.4363590">
    <ele>1124.4</ele>
   </trkpt>
   <trkpt lat="-29.7738320" lon="24.4364010">
    <ele>1124.5</ele>
   </trkpt>
   <trkpt lat="-29.7738000" lon="24.4364370">
    <ele>1124.6</ele>
   </trkpt>
   <trkpt lat="-29.7737690" lon="24.4364810">
    <ele>1124.7</ele>
   </trkpt>
   <trkpt lat="-29.7737220" lon="24.4365250">
    <ele>1124.8</ele>
   </trkpt>
   <trkpt lat="-29.7736780" lon="24.4365650">
    <ele>1124.9</ele>
   </trkpt>
   <trkpt lat="-29.7736320" lon="24.4366010">
    <ele>1125.1</ele>
   </trkpt>
   <trkpt lat="-29.7735900" lon="24.4366440">
    <ele>1125.2</ele>
   </trkpt>
   <trkpt lat="-29.7735520" lon="24.4366810">
    <ele>1125.3</ele>
   </trkpt>
   <trkpt lat="-29.7735170" lon="24.4367190">
    <ele>1125.4</ele>
   </trkpt>
   <trkpt lat="-29.7734800" lon="24.4367510">
    <ele>1125.5</ele>
   </trkpt>
   <trkpt lat="-29.7734500" lon="24.4367780">
    <ele>1125.5</ele>
   </trkpt>
   <trkpt lat="-29.7734280" lon="24.4368090">
    <ele>1125.6</ele>
   </trkpt>
   <trkpt lat="-29.7734030" lon="24.4368360">
    <ele>1125.6</ele>
   </trkpt>
   <trkpt lat="-29.7733750" lon="24.4368590">
    <ele>1125.6</ele>
   </trkpt>
   <trkpt lat="-29.7733520" lon="24.4368890">
    <ele>1125.7</ele>
   </trkpt>
   <trkpt lat="-29.7733290" lon="24.4369170">
    <ele>1125.7</ele>
   </trkpt>
   <trkpt lat="-29.7733210" lon="24.4369490">
    <ele>1125.8</ele>
   </trkpt>
   <trkpt lat="-29.7732970" lon="24.4369720">
    <ele>1125.8</ele>
   </trkpt>
   <trkpt lat="-29.7732710" lon="24.4369990">
    <ele>1125.8</ele>
   </trkpt>
   <trkpt lat="-29.7732550" lon="24.4370280">
    <ele>1125.9</ele>
   </trkpt>
   <trkpt lat="-29.7732400" lon="24.4370570">
    <ele>1125.9</ele>
   </trkpt>
   <trkpt lat="-29.7732140" lon="24.4370850">
    <ele>1125.9</ele>
   </trkpt>
   <trkpt lat="-29.7731840" lon="24.4371110">
    <ele>1126.0</ele>
   </trkpt>
   <trkpt lat="-29.7731650" lon="24.4371400">
    <ele>1126.0</ele>
   </trkpt>
   <trkpt lat="-29.7731400" lon="24.4371660">
    <ele>1126.0</ele>
   </trkpt>
   <trkpt lat="-29.7731120" lon="24.4371940">
    <ele>1126.1</ele>
   </trkpt>
   <trkpt lat="-29.7730970" lon="24.4372280">
    <ele>1126.1</ele>
   </trkpt>
   <trkpt lat="-29.7730730" lon="24.4372590">
    <ele>1126.2</ele>
   </trkpt>
   <trkpt lat="-29.7730490" lon="24.4372890">
    <ele>1126.2</ele>
   </trkpt>
   <trkpt lat="-29.7730150" lon="24.4373130">
    <ele>1126.3</ele>
   </trkpt>
   <trkpt lat="-29.7729750" lon="24.4373370">
    <ele>1126.4</ele>
   </trkpt>
   <trkpt lat="-29.7729420" lon="24.4373650">
    <ele>1126.4</ele>
   </trkpt>
   <trkpt lat="-29.7729160" lon="24.4374000">
    <ele>1126.5</ele>
   </trkpt>
   <trkpt lat="-29.7728920" lon="24.4374340">
    <ele>1126.6</ele>
   </trkpt>
   <trkpt lat="-29.7728620" lon="24.4374650">
    <ele>1126.6</ele>
   </trkpt>
   <trkpt lat="-29.7728330" lon="24.4374960">
    <ele>1126.7</ele>
   </trkpt>
   <trkpt lat="-29.7728030" lon="24.4375240">
    <ele>1126.7</ele>
   </trkpt>
   <trkpt lat="-29.7727750" lon="24.4375580">
    <ele>1126.7</ele>
   </trkpt>
   <trkpt lat="-29.7727510" lon="24.4375880">
    <ele>1126.8</ele>
   </trkpt>
   <trkpt lat="-29.7727300" lon="24.4376170">
    <ele>1126.8</ele>
   </trkpt>
   <trkpt lat="-29.7727030" lon="24.4376440">
    <ele>1126.8</ele>
   </trkpt>
   <trkpt lat="-29.7726760" lon="24.4376680">
    <ele>1126.8</ele>
   </trkpt>
   <trkpt lat="-29.7726590" lon="24.4376970">
    <ele>1126.9</ele>
   </trkpt>
   <trkpt lat="-29.7726330" lon="24.4377230">
    <ele>1126.9</ele>
   </trkpt>
   <trkpt lat="-29.7726170" lon="24.4377530">
    <ele>1126.9</ele>
   </trkpt>
   <trkpt lat="-29.7725810" lon="24.4377750">
    <ele>1127.0</ele>
   </trkpt>
   <trkpt lat="-29.7725640" lon="24.4378060">
    <ele>1127.0</ele>
   </trkpt>
   <trkpt lat="-29.7725420" lon="24.4378330">
    <ele>1127.0</ele>
   </trkpt>
   <trkpt lat="-29.7725240" lon="24.4378630">
    <ele>1127.1</ele>
   </trkpt>
   <trkpt lat="-29.7725020" lon="24.4378900">
    <ele>1127.1</ele>
   </trkpt>
   <trkpt lat="-29.7724920" lon="24.4379210">
    <ele>1127.2</ele>
   </trkpt>
   <trkpt lat="-29.7724620" lon="24.4379500">
    <ele>1127.2</ele>
   </trkpt>
   <trkpt lat="-29.7724360" lon="24.4379760">
    <ele>1127.3</ele>
   </trkpt>
   <trkpt lat="-29.7724090" lon="24.4380020">
    <ele>1127.3</ele>
   </trkpt>
   <trkpt lat="-29.7723780" lon="24.4380250">
    <ele>1127.3</ele>
   </trkpt>
   <trkpt lat="-29.7723520" lon="24.4380490">
    <ele>1127.2</ele>
   </trkpt>
   <trkpt lat="-29.7723200" lon="24.4380750">
    <ele>1127.2</ele>
   </trkpt>
   <trkpt lat="-29.7723050" lon="24.4381040">
    <ele>1127.2</ele>
   </trkpt>
   <trkpt lat="-29.7722820" lon="24.4381300">
    <ele>1127.2</ele>
   </trkpt>
   <trkpt lat="-29.7722520" lon="24.4381530">
    <ele>1127.2</ele>
   </trkpt>
   <trkpt lat="-29.7722340" lon="24.4381840">
    <ele>1127.2</ele>
   </trkpt>
   <trkpt lat="-29.7722030" lon="24.4382060">
    <ele>1127.1</ele>
   </trkpt>
   <trkpt lat="-29.7721740" lon="24.4382280">
    <ele>1127.1</ele>
   </trkpt>
   <trkpt lat="-29.7721550" lon="24.4382610">
    <ele>1127.1</ele>
   </trkpt>
   <trkpt lat="-29.7721280" lon="24.4383000">
    <ele>1127.1</ele>
   </trkpt>
   <trkpt lat="-29.7720880" lon="24.4383480">
    <ele>1127.1</ele>
   </trkpt>
   <trkpt lat="-29.7720480" lon="24.4383880">
    <ele>1127.1</ele>
   </trkpt>
   <trkpt lat="-29.7720040" lon="24.4384270">
    <ele>1127.1</ele>
   </trkpt>
   <trkpt lat="-29.7719630" lon="24.4384690">
    <ele>1127.1</ele>
   </trkpt>
   <trkpt lat="-29.7719250" lon="24.4385090">
    <ele>1127.1</ele>
   </trkpt>
   <trkpt lat="-29.7718780" lon="24.4385590">
    <ele>1127.0</ele>
   </trkpt>
   <trkpt lat="-29.7718400" lon="24.4386070">
    <ele>1127.0</ele>
   </trkpt>
   <trkpt lat="-29.7718000" lon="24.4386490">
    <ele>1126.9</ele>
   </trkpt>
   <trkpt lat="-29.7717460" lon="24.4386880">
    <ele>1126.8</ele>
   </trkpt>
   <trkpt lat="-29.7716960" lon="24.4387360">
    <ele>1126.8</ele>
   </trkpt>
   <trkpt lat="-29.7716430" lon="24.4387880">
    <ele>1126.7</ele>
   </trkpt>
   <trkpt lat="-29.7716000" lon="24.4388360">
    <ele>1126.6</ele>
   </trkpt>
   <trkpt lat="-29.7715620" lon="24.4388900">
    <ele>1126.6</ele>
   </trkpt>
   <trkpt lat="-29.7715210" lon="24.4389360">
    <ele>1126.5</ele>
   </trkpt>
   <trkpt lat="-29.7714630" lon="24.4389830">
    <ele>1126.5</ele>
   </trkpt>
   <trkpt lat="-29.7714190" lon="24.4390310">
    <ele>1126.4</ele>
   </trkpt>
   <trkpt lat="-29.7713690" lon="24.4390810">
    <ele>1126.4</ele>
   </trkpt>
   <trkpt lat="-29.7713150" lon="24.4391290">
    <ele>1126.4</ele>
   </trkpt>
   <trkpt lat="-29.7712660" lon="24.4391660">
    <ele>1126.4</ele>
   </trkpt>
   <trkpt lat="-29.7712300" lon="24.4392100">
    <ele>1126.4</ele>
   </trkpt>
   <trkpt lat="-29.7711920" lon="24.4392570">
    <ele>1126.4</ele>
   </trkpt>
   <trkpt lat="-29.7711560" lon="24.4393050">
    <ele>1126.3</ele>
   </trkpt>
   <trkpt lat="-29.7711140" lon="24.4393460">
    <ele>1126.3</ele>
   </trkpt>
   <trkpt lat="-29.7710780" lon="24.4393860">
    <ele>1126.3</ele>
   </trkpt>
   <trkpt lat="-29.7710440" lon="24.4394270">
    <ele>1126.3</ele>
   </trkpt>
   <trkpt lat="-29.7710050" lon="24.4394660">
    <ele>1126.3</ele>
   </trkpt>
   <trkpt lat="-29.7709700" lon="24.4395060">
    <ele>1126.3</ele>
   </trkpt>
   <trkpt lat="-29.7709360" lon="24.4395460">
    <ele>1126.3</ele>
   </trkpt>
   <trkpt lat="-29.7709000" lon="24.4395860">
    <ele>1126.3</ele>
   </trkpt>
   <trkpt lat="-29.7708670" lon="24.4396170">
    <ele>1126.3</ele>
   </trkpt>
   <trkpt lat="-29.7708370" lon="24.4396530">
    <ele>1126.3</ele>
   </trkpt>
   <trkpt lat="-29.7708080" lon="24.4396960">
    <ele>1126.4</ele>
   </trkpt>
   <trkpt lat="-29.7707750" lon="24.4397390">
    <ele>1126.4</ele>
   </trkpt>
   <trkpt lat="-29.7707270" lon="24.4397790">
    <ele>1126.4</ele>
   </trkpt>
   <trkpt lat="-29.7706930" lon="24.4398180">
    <ele>1126.5</ele>
   </trkpt>
   <trkpt lat="-29.7706590" lon="24.4398580">
    <ele>1126.5</ele>
   </trkpt>
   <trkpt lat="-29.7706300" lon="24.4398950">
    <ele>1126.6</ele>
   </trkpt>
   <trkpt lat="-29.7706040" lon="24.4399400">
    <ele>1126.6</ele>
   </trkpt>
   <trkpt lat="-29.7705690" lon="24.4399790">
    <ele>1126.7</ele>
   </trkpt>
   <trkpt lat="-29.7705380" lon="24.4400150">
    <ele>1126.7</ele>
   </trkpt>
   <trkpt lat="-29.7705150" lon="24.4400480">
    <ele>1126.8</ele>
   </trkpt>
   <trkpt lat="-29.7704800" lon="24.4400900">
    <ele>1126.9</ele>
   </trkpt>
   <trkpt lat="-29.7704450" lon="24.4401290">
    <ele>1127.0</ele>
   </trkpt>
   <trkpt lat="-29.7704170" lon="24.4401640">
    <ele>1127.1</ele>
   </trkpt>
   <trkpt lat="-29.7703880" lon="24.4401980">
    <ele>1127.2</ele>
   </trkpt>
   <trkpt lat="-29.7703580" lon="24.4402390">
    <ele>1127.3</ele>
   </trkpt>
   <trkpt lat="-29.7703260" lon="24.4402760">
    <ele>1127.4</ele>
   </trkpt>
   <trkpt lat="-29.7702990" lon="24.4403080">
    <ele>1127.5</ele>
   </trkpt>
   <trkpt lat="-29.7702690" lon="24.4403390">
    <ele>1127.6</ele>
   </trkpt>
   <trkpt lat="-29.7702480" lon="24.4403770">
    <ele>1127.7</ele>
   </trkpt>
   <trkpt lat="-29.7702270" lon="24.4404150">
    <ele>1127.8</ele>
   </trkpt>
   <trkpt lat="-29.7702150" lon="24.4404330">
    <ele>1127.8</ele>
   </trkpt>
   <trkpt lat="-29.7701920" lon="24.4404690">
    <ele>1127.9</ele>
   </trkpt>
   <trkpt lat="-29.7701850" lon="24.4404830">
    <ele>1128.0</ele>
   </trkpt>
   <trkpt lat="-29.7701660" lon="24.4405120">
    <ele>1128.0</ele>
   </trkpt>
   <trkpt lat="-29.7701340" lon="24.4405340">
    <ele>1128.1</ele>
   </trkpt>
   <trkpt lat="-29.7701190" lon="24.4405690">
    <ele>1128.2</ele>
   </trkpt>
   <trkpt lat="-29.7700950" lon="24.4405980">
    <ele>1128.2</ele>
   </trkpt>
   <trkpt lat="-29.7700820" lon="24.4406280">
    <ele>1128.3</ele>
   </trkpt>
   <trkpt lat="-29.7700750" lon="24.4406590">
    <ele>1128.4</ele>
   </trkpt>
   <trkpt lat="-29.7700590" lon="24.4406900">
    <ele>1128.4</ele>
   </trkpt>
   <trkpt lat="-29.7700300" lon="24.4407520">
    <ele>1128.5</ele>
   </trkpt>
   <trkpt lat="-29.7699950" lon="24.4407980">
    <ele>1128.6</ele>
   </trkpt>
   <trkpt lat="-29.7699560" lon="24.4408460">
    <ele>1128.7</ele>
   </trkpt>
   <trkpt lat="-29.7699280" lon="24.4408880">
    <ele>1128.8</ele>
   </trkpt>
   <trkpt lat="-29.7699000" lon="24.4409360">
    <ele>1128.9</ele>
   </trkpt>
   <trkpt lat="-29.7698720" lon="24.4409840">
    <ele>1128.9</ele>
   </trkpt>
   <trkpt lat="-29.7698460" lon="24.4410300">
    <ele>1129.0</ele>
   </trkpt>
   <trkpt lat="-29.7698230" lon="24.4410780">
    <ele>1129.0</ele>
   </trkpt>
   <trkpt lat="-29.7697950" lon="24.4411210">
    <ele>1129.0</ele>
   </trkpt>
   <trkpt lat="-29.7697750" lon="24.4411740">
    <ele>1129.1</ele>
   </trkpt>
   <trkpt lat="-29.7697390" lon="24.4412200">
    <ele>1129.1</ele>
   </trkpt>
   <trkpt lat="-29.7697170" lon="24.4412590">
    <ele>1129.1</ele>
   </trkpt>
   <trkpt lat="-29.7697000" lon="24.4413050">
    <ele>1129.1</ele>
   </trkpt>
   <trkpt lat="-29.7696790" lon="24.4413540">
    <ele>1129.1</ele>
   </trkpt>
   <trkpt lat="-29.7696520" lon="24.4413970">
    <ele>1129.0</ele>
   </trkpt>
   <trkpt lat="-29.7696340" lon="24.4414400">
    <ele>1129.0</ele>
   </trkpt>
   <trkpt lat="-29.7696190" lon="24.4414850">
    <ele>1129.0</ele>
   </trkpt>
   <trkpt lat="-29.7696060" lon="24.4415350">
    <ele>1129.0</ele>
   </trkpt>
   <trkpt lat="-29.7695900" lon="24.4415790">
    <ele>1129.0</ele>
   </trkpt>
   <trkpt lat="-29.7695800" lon="24.4416230">
    <ele>1129.0</ele>
   </trkpt>
   <trkpt lat="-29.7695480" lon="24.4416720">
    <ele>1128.9</ele>
   </trkpt>
   <trkpt lat="-29.7695260" lon="24.4417210">
    <ele>1128.9</ele>
   </trkpt>
   <trkpt lat="-29.7695190" lon="24.4417670">
    <ele>1128.9</ele>
   </trkpt>
   <trkpt lat="-29.7694960" lon="24.4418170">
    <ele>1128.8</ele>
   </trkpt>
   <trkpt lat="-29.7694820" lon="24.4418670">
    <ele>1128.7</ele>
   </trkpt>
   <trkpt lat="-29.7694700" lon="24.4419170">
    <ele>1128.7</ele>
   </trkpt>
   <trkpt lat="-29.7694230" lon="24.4419730">
    <ele>1128.6</ele>
   </trkpt>
   <trkpt lat="-29.7694110" lon="24.4420240">
    <ele>1128.6</ele>
   </trkpt>
   <trkpt lat="-29.7694030" lon="24.4420770">
    <ele>1128.5</ele>
   </trkpt>
   <trkpt lat="-29.7693970" lon="24.4421280">
    <ele>1128.5</ele>
   </trkpt>
   <trkpt lat="-29.7693870" lon="24.4421790">
    <ele>1128.5</ele>
   </trkpt>
   <trkpt lat="-29.7693760" lon="24.4422330">
    <ele>1128.5</ele>
   </trkpt>
   <trkpt lat="-29.7693620" lon="24.4422740">
    <ele>1128.4</ele>
   </trkpt>
   <trkpt lat="-29.7693520" lon="24.4423230">
    <ele>1128.4</ele>
   </trkpt>
   <trkpt lat="-29.7693370" lon="24.4423730">
    <ele>1128.4</ele>
   </trkpt>
   <trkpt lat="-29.7693240" lon="24.4424320">
    <ele>1128.4</ele>
   </trkpt>
   <trkpt lat="-29.7693130" lon="24.4424870">
    <ele>1128.4</ele>
   </trkpt>
   <trkpt lat="-29.7693010" lon="24.4425360">
    <ele>1128.4</ele>
   </trkpt>
   <trkpt lat="-29.7692910" lon="24.4425830">
    <ele>1128.4</ele>
   </trkpt>
   <trkpt lat="-29.7692880" lon="24.4426300">
    <ele>1128.4</ele>
   </trkpt>
   <trkpt lat="-29.7692760" lon="24.4426760">
    <ele>1128.3</ele>
   </trkpt>
   <trkpt lat="-29.7692620" lon="24.4427210">
    <ele>1128.3</ele>
   </trkpt>
   <trkpt lat="-29.7692560" lon="24.4427660">
    <ele>1128.3</ele>
   </trkpt>
   <trkpt lat="-29.7692500" lon="24.4428100">
    <ele>1128.3</ele>
   </trkpt>
   <trkpt lat="-29.7692390" lon="24.4428560">
    <ele>1128.3</ele>
   </trkpt>
   <trkpt lat="-29.7692340" lon="24.4428910">
    <ele>1128.2</ele>
   </trkpt>
   <trkpt lat="-29.7692310" lon="24.4429060">
    <ele>1128.2</ele>
   </trkpt>
   <trkpt lat="-29.7692290" lon="24.4429380">
    <ele>1128.2</ele>
   </trkpt>
   <trkpt lat="-29.7692130" lon="24.4429770">
    <ele>1128.2</ele>
   </trkpt>
   <trkpt lat="-29.7692110" lon="24.4430180">
    <ele>1128.2</ele>
   </trkpt>
   <trkpt lat="-29.7692030" lon="24.4430580">
    <ele>1128.2</ele>
   </trkpt>
   <trkpt lat="-29.7691960" lon="24.4431010">
    <ele>1128.1</ele>
   </trkpt>
   <trkpt lat="-29.7691830" lon="24.4431440">
    <ele>1128.1</ele>
   </trkpt>
   <trkpt lat="-29.7691710" lon="24.4431880">
    <ele>1128.1</ele>
   </trkpt>
   <trkpt lat="-29.7691620" lon="24.4432340">
    <ele>1128.1</ele>
   </trkpt>
   <trkpt lat="-29.7691590" lon="24.4432770">
    <ele>1128.1</ele>
   </trkpt>
   <trkpt lat="-29.7691500" lon="24.4433240">
    <ele>1128.1</ele>
   </trkpt>
   <trkpt lat="-29.7691390" lon="24.4433690">
    <ele>1128.1</ele>
   </trkpt>
   <trkpt lat="-29.7691290" lon="24.4434160">
    <ele>1128.1</ele>
   </trkpt>
   <trkpt lat="-29.7691190" lon="24.4434630">
    <ele>1128.1</ele>
   </trkpt>
   <trkpt lat="-29.7691120" lon="24.4435050">
    <ele>1128.1</ele>
   </trkpt>
   <trkpt lat="-29.7690980" lon="24.4435570">
    <ele>1128.1</ele>
   </trkpt>
   <trkpt lat="-29.7690910" lon="24.4436020">
    <ele>1128.1</ele>
   </trkpt>
   <trkpt lat="-29.7690820" lon="24.4436440">
    <ele>1128.1</ele>
   </trkpt>
   <trkpt lat="-29.7690790" lon="24.4436840">
    <ele>1128.1</ele>
   </trkpt>
   <trkpt lat="-29.7690120" lon="24.4438940">
    <ele>1128.1</ele>
   </trkpt>
   <trkpt lat="-29.7690070" lon="24.4439180">
    <ele>1128.1</ele>
   </trkpt>
   <trkpt lat="-29.7689980" lon="24.4439610">
    <ele>1128.1</ele>
   </trkpt>
   <trkpt lat="-29.7689870" lon="24.4440080">
    <ele>1128.1</ele>
   </trkpt>
   <trkpt lat="-29.7689780" lon="24.4440570">
    <ele>1128.1</ele>
   </trkpt>
   <trkpt lat="-29.7689700" lon="24.4441060">
    <ele>1128.1</ele>
   </trkpt>
   <trkpt lat="-29.7689630" lon="24.4441550">
    <ele>1128.1</ele>
   </trkpt>
   <trkpt lat="-29.7689550" lon="24.4442050">
    <ele>1128.1</ele>
   </trkpt>
   <trkpt lat="-29.7689420" lon="24.4442560">
    <ele>1128.1</ele>
   </trkpt>
   <trkpt lat="-29.7689310" lon="24.4443030">
    <ele>1128.1</ele>
   </trkpt>
   <trkpt lat="-29.7689200" lon="24.4443500">
    <ele>1128.1</ele>
   </trkpt>
   <trkpt lat="-29.7689150" lon="24.4443920">
    <ele>1128.1</ele>
   </trkpt>
   <trkpt lat="-29.7688920" lon="24.4444340">
    <ele>1128.1</ele>
   </trkpt>
   <trkpt lat="-29.7688770" lon="24.4444910">
    <ele>1128.1</ele>
   </trkpt>
   <trkpt lat="-29.7688750" lon="24.4445340">
    <ele>1128.1</ele>
   </trkpt>
   <trkpt lat="-29.7688730" lon="24.4445780">
    <ele>1128.1</ele>
   </trkpt>
   <trkpt lat="-29.7688660" lon="24.4446290">
    <ele>1128.1</ele>
   </trkpt>
   <trkpt lat="-29.7688510" lon="24.4446790">
    <ele>1128.1</ele>
   </trkpt>
   <trkpt lat="-29.7688500" lon="24.4447270">
    <ele>1128.0</ele>
   </trkpt>
   <trkpt lat="-29.7688500" lon="24.4447680">
    <ele>1128.0</ele>
   </trkpt>
   <trkpt lat="-29.7688470" lon="24.4447870">
    <ele>1128.0</ele>
   </trkpt>
   <trkpt lat="-29.7688410" lon="24.4448210">
    <ele>1128.0</ele>
   </trkpt>
   <trkpt lat="-29.7688350" lon="24.4448660">
    <ele>1128.0</ele>
   </trkpt>
   <trkpt lat="-29.7688250" lon="24.4449090">
    <ele>1127.9</ele>
   </trkpt>
   <trkpt lat="-29.7688210" lon="24.4449510">
    <ele>1127.9</ele>
   </trkpt>
   <trkpt lat="-29.7688070" lon="24.4450020">
    <ele>1127.9</ele>
   </trkpt>
   <trkpt lat="-29.7688040" lon="24.4450470">
    <ele>1127.9</ele>
   </trkpt>
   <trkpt lat="-29.7688040" lon="24.4450900">
    <ele>1127.9</ele>
   </trkpt>
   <trkpt lat="-29.7688020" lon="24.4451360">
    <ele>1127.8</ele>
   </trkpt>
   <trkpt lat="-29.7687960" lon="24.4451540">
    <ele>1127.8</ele>
   </trkpt>
   <trkpt lat="-29.7687920" lon="24.4451910">
    <ele>1127.8</ele>
   </trkpt>
   <trkpt lat="-29.7687850" lon="24.4452420">
    <ele>1127.8</ele>
   </trkpt>
   <trkpt lat="-29.7687590" lon="24.4453010">
    <ele>1127.7</ele>
   </trkpt>
   <trkpt lat="-29.7687290" lon="24.4453560">
    <ele>1127.7</ele>
   </trkpt>
   <trkpt lat="-29.7687180" lon="24.4454140">
    <ele>1127.7</ele>
   </trkpt>
   <trkpt lat="-29.7687110" lon="24.4454730">
    <ele>1127.7</ele>
   </trkpt>
   <trkpt lat="-29.7687010" lon="24.4455250">
    <ele>1127.6</ele>
   </trkpt>
   <trkpt lat="-29.7686940" lon="24.4455840">
    <ele>1127.6</ele>
   </trkpt>
   <trkpt lat="-29.7686870" lon="24.4456350">
    <ele>1127.6</ele>
   </trkpt>
   <trkpt lat="-29.7686770" lon="24.4456880">
    <ele>1127.6</ele>
   </trkpt>
   <trkpt lat="-29.7686650" lon="24.4457390">
    <ele>1127.6</ele>
   </trkpt>
   <trkpt lat="-29.7686540" lon="24.4457880">
    <ele>1127.5</ele>
   </trkpt>
   <trkpt lat="-29.7686520" lon="24.4458380">
    <ele>1127.5</ele>
   </trkpt>
   <trkpt lat="-29.7686360" lon="24.4458880">
    <ele>1127.5</ele>
   </trkpt>
   <trkpt lat="-29.7686270" lon="24.4459360">
    <ele>1127.5</ele>
   </trkpt>
   <trkpt lat="-29.7686190" lon="24.4459860">
    <ele>1127.5</ele>
   </trkpt>
   <trkpt lat="-29.7686070" lon="24.4460340">
    <ele>1127.5</ele>
   </trkpt>
   <trkpt lat="-29.7685980" lon="24.4460870">
    <ele>1127.5</ele>
   </trkpt>
   <trkpt lat="-29.7685880" lon="24.4461360">
    <ele>1127.5</ele>
   </trkpt>
   <trkpt lat="-29.7685730" lon="24.4461830">
    <ele>1127.5</ele>
   </trkpt>
   <trkpt lat="-29.7685650" lon="24.4462250">
    <ele>1127.5</ele>
   </trkpt>
   <trkpt lat="-29.7685550" lon="24.4462800">
    <ele>1127.5</ele>
   </trkpt>
   <trkpt lat="-29.7685470" lon="24.4463320">
    <ele>1127.5</ele>
   </trkpt>
   <trkpt lat="-29.7685360" lon="24.4463830">
    <ele>1127.5</ele>
   </trkpt>
   <trkpt lat="-29.7685210" lon="24.4464320">
    <ele>1127.5</ele>
   </trkpt>
   <trkpt lat="-29.7685060" lon="24.4464860">
    <ele>1127.5</ele>
   </trkpt>
   <trkpt lat="-29.7684990" lon="24.4465340">
    <ele>1127.4</ele>
   </trkpt>
   <trkpt lat="-29.7684930" lon="24.4465820">
    <ele>1127.4</ele>
   </trkpt>
   <trkpt lat="-29.7684820" lon="24.4466320">
    <ele>1127.4</ele>
   </trkpt>
   <trkpt lat="-29.7684740" lon="24.4466820">
    <ele>1127.4</ele>
   </trkpt>
   <trkpt lat="-29.7684580" lon="24.4467310">
    <ele>1127.5</ele>
   </trkpt>
   <trkpt lat="-29.7684480" lon="24.4467770">
    <ele>1127.5</ele>
   </trkpt>
   <trkpt lat="-29.7684420" lon="24.4468300">
    <ele>1127.5</ele>
   </trkpt>
   <trkpt lat="-29.7684310" lon="24.4468760">
    <ele>1127.5</ele>
   </trkpt>
   <trkpt lat="-29.7684170" lon="24.4469240">
    <ele>1127.5</ele>
   </trkpt>
   <trkpt lat="-29.7684030" lon="24.4469730">
    <ele>1127.6</ele>
   </trkpt>
   <trkpt lat="-29.7683980" lon="24.4470240">
    <ele>1127.6</ele>
   </trkpt>
   <trkpt lat="-29.7683850" lon="24.4470760">
    <ele>1127.6</ele>
   </trkpt>
   <trkpt lat="-29.7683800" lon="24.4471220">
    <ele>1127.6</ele>
   </trkpt>
   <trkpt lat="-29.7683670" lon="24.4471670">
    <ele>1127.6</ele>
   </trkpt>
   <trkpt lat="-29.7683650" lon="24.4472150">
    <ele>1127.6</ele>
   </trkpt>
   <trkpt lat="-29.7683480" lon="24.4472650">
    <ele>1127.6</ele>
   </trkpt>
   <trkpt lat="-29.7683360" lon="24.4473080">
    <ele>1127.6</ele>
   </trkpt>
   <trkpt lat="-29.7683220" lon="24.4473530">
    <ele>1127.6</ele>
   </trkpt>
   <trkpt lat="-29.7683090" lon="24.4473960">
    <ele>1127.6</ele>
   </trkpt>
   <trkpt lat="-29.7683050" lon="24.4474410">
    <ele>1127.6</ele>
   </trkpt>
   <trkpt lat="-29.7682950" lon="24.4474850">
    <ele>1127.6</ele>
   </trkpt>
   <trkpt lat="-29.7682870" lon="24.4475340">
    <ele>1127.6</ele>
   </trkpt>
   <trkpt lat="-29.7682790" lon="24.4475810">
    <ele>1127.6</ele>
   </trkpt>
   <trkpt lat="-29.7682720" lon="24.4476250">
    <ele>1127.6</ele>
   </trkpt>
   <trkpt lat="-29.7682560" lon="24.4476750">
    <ele>1127.7</ele>
   </trkpt>
   <trkpt lat="-29.7682480" lon="24.4477220">
    <ele>1127.7</ele>
   </trkpt>
   <trkpt lat="-29.7682430" lon="24.4477740">
    <ele>1127.7</ele>
   </trkpt>
   <trkpt lat="-29.7682310" lon="24.4478220">
    <ele>1127.7</ele>
   </trkpt>
   <trkpt lat="-29.7682180" lon="24.4478650">
    <ele>1127.7</ele>
   </trkpt>
   <trkpt lat="-29.7682120" lon="24.4479140">
    <ele>1127.8</ele>
   </trkpt>
   <trkpt lat="-29.7682010" lon="24.4479610">
    <ele>1127.8</ele>
   </trkpt>
   <trkpt lat="-29.7681850" lon="24.4480070">
    <ele>1127.8</ele>
   </trkpt>
   <trkpt lat="-29.7681750" lon="24.4480540">
    <ele>1127.9</ele>
   </trkpt>
   <trkpt lat="-29.7681650" lon="24.4480990">
    <ele>1127.9</ele>
   </trkpt>
   <trkpt lat="-29.7681590" lon="24.4481290">
    <ele>1127.9</ele>
   </trkpt>
   <trkpt lat="-29.7681470" lon="24.4481620">
    <ele>1127.9</ele>
   </trkpt>
   <trkpt lat="-29.7681390" lon="24.4482110">
    <ele>1128.0</ele>
   </trkpt>
   <trkpt lat="-29.7681320" lon="24.4482280">
    <ele>1128.0</ele>
   </trkpt>
   <trkpt lat="-29.7681340" lon="24.4482680">
    <ele>1128.0</ele>
   </trkpt>
   <trkpt lat="-29.7681240" lon="24.4483070">
    <ele>1128.1</ele>
   </trkpt>
   <trkpt lat="-29.7681150" lon="24.4483500">
    <ele>1128.1</ele>
   </trkpt>
   <trkpt lat="-29.7681100" lon="24.4483930">
    <ele>1128.2</ele>
   </trkpt>
   <trkpt lat="-29.7681050" lon="24.4484450">
    <ele>1128.3</ele>
   </trkpt>
   <trkpt lat="-29.7680900" lon="24.4484910">
    <ele>1128.3</ele>
   </trkpt>
   <trkpt lat="-29.7680780" lon="24.4485430">
    <ele>1128.4</ele>
   </trkpt>
   <trkpt lat="-29.7680660" lon="24.4485940">
    <ele>1128.5</ele>
   </trkpt>
   <trkpt lat="-29.7680590" lon="24.4486360">
    <ele>1128.5</ele>
   </trkpt>
   <trkpt lat="-29.7680430" lon="24.4486840">
    <ele>1128.6</ele>
   </trkpt>
   <trkpt lat="-29.7680340" lon="24.4487260">
    <ele>1128.7</ele>
   </trkpt>
   <trkpt lat="-29.7680240" lon="24.4487760">
    <ele>1128.8</ele>
   </trkpt>
   <trkpt lat="-29.7680170" lon="24.4488240">
    <ele>1128.9</ele>
   </trkpt>
   <trkpt lat="-29.7680080" lon="24.4488700">
    <ele>1129.0</ele>
   </trkpt>
   <trkpt lat="-29.7679970" lon="24.4489190">
    <ele>1129.1</ele>
   </trkpt>
   <trkpt lat="-29.7679870" lon="24.4489620">
    <ele>1129.1</ele>
   </trkpt>
   <trkpt lat="-29.7679780" lon="24.4490070">
    <ele>1129.2</ele>
   </trkpt>
   <trkpt lat="-29.7679680" lon="24.4490490">
    <ele>1129.3</ele>
   </trkpt>
   <trkpt lat="-29.7679610" lon="24.4490940">
    <ele>1129.4</ele>
   </trkpt>
   <trkpt lat="-29.7679510" lon="24.4491360">
    <ele>1129.4</ele>
   </trkpt>
   <trkpt lat="-29.7679400" lon="24.4491760">
    <ele>1129.5</ele>
   </trkpt>
   <trkpt lat="-29.7679280" lon="24.4492180">
    <ele>1129.5</ele>
   </trkpt>
   <trkpt lat="-29.7679240" lon="24.4492630">
    <ele>1129.6</ele>
   </trkpt>
   <trkpt lat="-29.7679140" lon="24.4493060">
    <ele>1129.6</ele>
   </trkpt>
   <trkpt lat="-29.7679060" lon="24.4493500">
    <ele>1129.6</ele>
   </trkpt>
   <trkpt lat="-29.7678900" lon="24.4493930">
    <ele>1129.6</ele>
   </trkpt>
   <trkpt lat="-29.7678850" lon="24.4494360">
    <ele>1129.6</ele>
   </trkpt>
   <trkpt lat="-29.7678770" lon="24.4494770">
    <ele>1129.6</ele>
   </trkpt>
   <trkpt lat="-29.7678640" lon="24.4495240">
    <ele>1129.6</ele>
   </trkpt>
   <trkpt lat="-29.7678580" lon="24.4495700">
    <ele>1129.6</ele>
   </trkpt>
   <trkpt lat="-29.7678470" lon="24.4496170">
    <ele>1129.6</ele>
   </trkpt>
   <trkpt lat="-29.7678450" lon="24.4496620">
    <ele>1129.6</ele>
   </trkpt>
   <trkpt lat="-29.7678300" lon="24.4497080">
    <ele>1129.5</ele>
   </trkpt>
   <trkpt lat="-29.7678220" lon="24.4497530">
    <ele>1129.5</ele>
   </trkpt>
   <trkpt lat="-29.7678120" lon="24.4498060">
    <ele>1129.4</ele>
   </trkpt>
   <trkpt lat="-29.7678010" lon="24.4498510">
    <ele>1129.3</ele>
   </trkpt>
   <trkpt lat="-29.7677880" lon="24.4499000">
    <ele>1129.2</ele>
   </trkpt>
   <trkpt lat="-29.7677770" lon="24.4499490">
    <ele>1129.1</ele>
   </trkpt>
   <trkpt lat="-29.7677610" lon="24.4499930">
    <ele>1129.0</ele>
   </trkpt>
   <trkpt lat="-29.7677580" lon="24.4500460">
    <ele>1128.9</ele>
   </trkpt>
   <trkpt lat="-29.7677590" lon="24.4500960">
    <ele>1128.8</ele>
   </trkpt>
   <trkpt lat="-29.7677370" lon="24.4501570">
    <ele>1128.7</ele>
   </trkpt>
   <trkpt lat="-29.7677290" lon="24.4502080">
    <ele>1128.5</ele>
   </trkpt>
   <trkpt lat="-29.7677240" lon="24.4502580">
    <ele>1128.4</ele>
   </trkpt>
   <trkpt lat="-29.7677100" lon="24.4503160">
    <ele>1128.3</ele>
   </trkpt>
   <trkpt lat="-29.7677030" lon="24.4503660">
    <ele>1128.1</ele>
   </trkpt>
   <trkpt lat="-29.7676920" lon="24.4504160">
    <ele>1128.0</ele>
   </trkpt>
   <trkpt lat="-29.7676740" lon="24.4504820">
    <ele>1127.9</ele>
   </trkpt>
   <trkpt lat="-29.7676440" lon="24.4505620">
    <ele>1127.7</ele>
   </trkpt>
   <trkpt lat="-29.7676270" lon="24.4506290">
    <ele>1127.6</ele>
   </trkpt>
   <trkpt lat="-29.7676170" lon="24.4506970">
    <ele>1127.5</ele>
   </trkpt>
   <trkpt lat="-29.7676040" lon="24.4507630">
    <ele>1127.3</ele>
   </trkpt>
   <trkpt lat="-29.7675900" lon="24.4508250">
    <ele>1127.2</ele>
   </trkpt>
   <trkpt lat="-29.7675770" lon="24.4508830">
    <ele>1127.2</ele>
   </trkpt>
   <trkpt lat="-29.7675650" lon="24.4509390">
    <ele>1127.1</ele>
   </trkpt>
   <trkpt lat="-29.7675520" lon="24.4509990">
    <ele>1127.0</ele>
   </trkpt>
   <trkpt lat="-29.7675470" lon="24.4510560">
    <ele>1126.9</ele>
   </trkpt>
   <trkpt lat="-29.7675320" lon="24.4511100">
    <ele>1126.9</ele>
   </trkpt>
   <trkpt lat="-29.7675180" lon="24.4511630">
    <ele>1126.8</ele>
   </trkpt>
   <trkpt lat="-29.7675060" lon="24.4512140">
    <ele>1126.7</ele>
   </trkpt>
   <trkpt lat="-29.7674980" lon="24.4512630">
    <ele>1126.7</ele>
   </trkpt>
   <trkpt lat="-29.7674860" lon="24.4513150">
    <ele>1126.6</ele>
   </trkpt>
   <trkpt lat="-29.7674720" lon="24.4513740">
    <ele>1126.6</ele>
   </trkpt>
   <trkpt lat="-29.7674550" lon="24.4514290">
    <ele>1126.5</ele>
   </trkpt>
   <trkpt lat="-29.7674470" lon="24.4514900">
    <ele>1126.5</ele>
   </trkpt>
   <trkpt lat="-29.7674450" lon="24.4515440">
    <ele>1126.4</ele>
   </trkpt>
   <trkpt lat="-29.7674300" lon="24.4515880">
    <ele>1126.4</ele>
   </trkpt>
   <trkpt lat="-29.7674250" lon="24.4516430">
    <ele>1126.4</ele>
   </trkpt>
   <trkpt lat="-29.7674140" lon="24.4516980">
    <ele>1126.4</ele>
   </trkpt>
   <trkpt lat="-29.7674000" lon="24.4517620">
    <ele>1126.4</ele>
   </trkpt>
   <trkpt lat="-29.7673960" lon="24.4518200">
    <ele>1126.3</ele>
   </trkpt>
   <trkpt lat="-29.7673850" lon="24.4518720">
    <ele>1126.3</ele>
   </trkpt>
   <trkpt lat="-29.7673720" lon="24.4519240">
    <ele>1126.3</ele>
   </trkpt>
   <trkpt lat="-29.7673550" lon="24.4519700">
    <ele>1126.3</ele>
   </trkpt>
   <trkpt lat="-29.7673440" lon="24.4520270">
    <ele>1126.3</ele>
   </trkpt>
   <trkpt lat="-29.7673360" lon="24.4520700">
    <ele>1126.3</ele>
   </trkpt>
   <trkpt lat="-29.7673290" lon="24.4521100">
    <ele>1126.2</ele>
   </trkpt>
   <trkpt lat="-29.7673240" lon="24.4521550">
    <ele>1126.2</ele>
   </trkpt>
   <trkpt lat="-29.7673140" lon="24.4522040">
    <ele>1126.2</ele>
   </trkpt>
   <trkpt lat="-29.7673050" lon="24.4522490">
    <ele>1126.2</ele>
   </trkpt>
   <trkpt lat="-29.7672930" lon="24.4523010">
    <ele>1126.2</ele>
   </trkpt>
   <trkpt lat="-29.7672810" lon="24.4523470">
    <ele>1126.1</ele>
   </trkpt>
   <trkpt lat="-29.7672700" lon="24.4523990">
    <ele>1126.1</ele>
   </trkpt>
   <trkpt lat="-29.7672680" lon="24.4524410">
    <ele>1126.1</ele>
   </trkpt>
   <trkpt lat="-29.7672630" lon="24.4524900">
    <ele>1126.0</ele>
   </trkpt>
   <trkpt lat="-29.7672390" lon="24.4526000">
    <ele>1126.0</ele>
   </trkpt>
   <trkpt lat="-29.7672240" lon="24.4526510">
    <ele>1126.0</ele>
   </trkpt>
   <trkpt lat="-29.7672100" lon="24.4526970">
    <ele>1126.0</ele>
   </trkpt>
   <trkpt lat="-29.7672060" lon="24.4527470">
    <ele>1126.0</ele>
   </trkpt>
   <trkpt lat="-29.7671930" lon="24.4527930">
    <ele>1125.9</ele>
   </trkpt>
   <trkpt lat="-29.7671800" lon="24.4528530">
    <ele>1125.9</ele>
   </trkpt>
   <trkpt lat="-29.7671670" lon="24.4529050">
    <ele>1125.9</ele>
   </trkpt>
   <trkpt lat="-29.7671560" lon="24.4529590">
    <ele>1125.9</ele>
   </trkpt>
   <trkpt lat="-29.7671440" lon="24.4530060">
    <ele>1125.9</ele>
   </trkpt>
   <trkpt lat="-29.7671300" lon="24.4530560">
    <ele>1125.8</ele>
   </trkpt>
   <trkpt lat="-29.7671240" lon="24.4531040">
    <ele>1125.8</ele>
   </trkpt>
   <trkpt lat="-29.7671120" lon="24.4531590">
    <ele>1125.8</ele>
   </trkpt>
   <trkpt lat="-29.7671000" lon="24.4532130">
    <ele>1125.8</ele>
   </trkpt>
   <trkpt lat="-29.7670930" lon="24.4532610">
    <ele>1125.8</ele>
   </trkpt>
   <trkpt lat="-29.7670780" lon="24.4533150">
    <ele>1125.8</ele>
   </trkpt>
   <trkpt lat="-29.7670740" lon="24.4533630">
    <ele>1125.8</ele>
   </trkpt>
   <trkpt lat="-29.7670690" lon="24.4533810">
    <ele>1125.8</ele>
   </trkpt>
   <trkpt lat="-29.7670650" lon="24.4534170">
    <ele>1125.8</ele>
   </trkpt>
   <trkpt lat="-29.7670530" lon="24.4534540">
    <ele>1125.9</ele>
   </trkpt>
   <trkpt lat="-29.7670500" lon="24.4534950">
    <ele>1125.9</ele>
   </trkpt>
   <trkpt lat="-29.7670430" lon="24.4535350">
    <ele>1125.9</ele>
   </trkpt>
   <trkpt lat="-29.7670370" lon="24.4535750">
    <ele>1125.9</ele>
   </trkpt>
   <trkpt lat="-29.7670410" lon="24.4536130">
    <ele>1125.9</ele>
   </trkpt>
   <trkpt lat="-29.7670210" lon="24.4537280">
    <ele>1126.0</ele>
   </trkpt>
   <trkpt lat="-29.7669990" lon="24.4538250">
    <ele>1126.0</ele>
   </trkpt>
   <trkpt lat="-29.7669760" lon="24.4539230">
    <ele>1126.1</ele>
   </trkpt>
   <trkpt lat="-29.7669660" lon="24.4539880">
    <ele>1126.2</ele>
   </trkpt>
   <trkpt lat="-29.7669600" lon="24.4540340">
    <ele>1126.3</ele>
   </trkpt>
   <trkpt lat="-29.7669640" lon="24.4540700">
    <ele>1126.3</ele>
   </trkpt>
   <trkpt lat="-29.7669650" lon="24.4541130">
    <ele>1126.4</ele>
   </trkpt>
   <trkpt lat="-29.7669610" lon="24.4541580">
    <ele>1126.4</ele>
   </trkpt>
   <trkpt lat="-29.7669620" lon="24.4542070">
    <ele>1126.5</ele>
   </trkpt>
   <trkpt lat="-29.7669560" lon="24.4542560">
    <ele>1126.5</ele>
   </trkpt>
   <trkpt lat="-29.7669530" lon="24.4543030">
    <ele>1126.6</ele>
   </trkpt>
   <trkpt lat="-29.7669530" lon="24.4543500">
    <ele>1126.6</ele>
   </trkpt>
   <trkpt lat="-29.7669540" lon="24.4543960">
    <ele>1126.6</ele>
   </trkpt>
   <trkpt lat="-29.7669560" lon="24.4544380">
    <ele>1126.7</ele>
   </trkpt>
   <trkpt lat="-29.7669540" lon="24.4544840">
    <ele>1126.7</ele>
   </trkpt>
   <trkpt lat="-29.7669510" lon="24.4545310">
    <ele>1126.7</ele>
   </trkpt>
   <trkpt lat="-29.7669480" lon="24.4545790">
    <ele>1126.8</ele>
   </trkpt>
   <trkpt lat="-29.7669480" lon="24.4546240">
    <ele>1126.8</ele>
   </trkpt>
   <trkpt lat="-29.7669500" lon="24.4546680">
    <ele>1126.8</ele>
   </trkpt>
   <trkpt lat="-29.7669490" lon="24.4547130">
    <ele>1126.9</ele>
   </trkpt>
   <trkpt lat="-29.7669740" lon="24.4547520">
    <ele>1126.9</ele>
   </trkpt>
   <trkpt lat="-29.7669780" lon="24.4547990">
    <ele>1126.9</ele>
   </trkpt>
   <trkpt lat="-29.7669780" lon="24.4548180">
    <ele>1127.0</ele>
   </trkpt>
   <trkpt lat="-29.7669770" lon="24.4548660">
    <ele>1127.0</ele>
   </trkpt>
   <trkpt lat="-29.7669800" lon="24.4549130">
    <ele>1127.0</ele>
   </trkpt>
   <trkpt lat="-29.7669780" lon="24.4549550">
    <ele>1127.0</ele>
   </trkpt>
   <trkpt lat="-29.7669740" lon="24.4549980">
    <ele>1127.1</ele>
   </trkpt>
   <trkpt lat="-29.7669730" lon="24.4550450">
    <ele>1127.1</ele>
   </trkpt>
   <trkpt lat="-29.7669740" lon="24.4550930">
    <ele>1127.1</ele>
   </trkpt>
   <trkpt lat="-29.7669720" lon="24.4551350">
    <ele>1127.2</ele>
   </trkpt>
   <trkpt lat="-29.7669810" lon="24.4551770">
    <ele>1127.2</ele>
   </trkpt>
   <trkpt lat="-29.7669750" lon="24.4552210">
    <ele>1127.2</ele>
   </trkpt>
   <trkpt lat="-29.7669820" lon="24.4552650">
    <ele>1127.2</ele>
   </trkpt>
   <trkpt lat="-29.7669740" lon="24.4553140">
    <ele>1127.2</ele>
   </trkpt>
   <trkpt lat="-29.7669660" lon="24.4553650">
    <ele>1127.2</ele>
   </trkpt>
   <trkpt lat="-29.7669720" lon="24.4554140">
    <ele>1127.2</ele>
   </trkpt>
   <trkpt lat="-29.7669720" lon="24.4554640">
    <ele>1127.1</ele>
   </trkpt>
   <trkpt lat="-29.7669680" lon="24.4555130">
    <ele>1127.1</ele>
   </trkpt>
   <trkpt lat="-29.7669680" lon="24.4555660">
    <ele>1127.1</ele>
   </trkpt>
   <trkpt lat="-29.7669690" lon="24.4556180">
    <ele>1127.1</ele>
   </trkpt>
   <trkpt lat="-29.7669720" lon="24.4556690">
    <ele>1127.1</ele>
   </trkpt>
   <trkpt lat="-29.7669720" lon="24.4557200">
    <ele>1127.2</ele>
   </trkpt>
   <trkpt lat="-29.7669660" lon="24.4557720">
    <ele>1127.2</ele>
   </trkpt>
   <trkpt lat="-29.7669700" lon="24.4558220">
    <ele>1127.3</ele>
   </trkpt>
   <trkpt lat="-29.7669670" lon="24.4558670">
    <ele>1127.4</ele>
   </trkpt>
   <trkpt lat="-29.7669670" lon="24.4559170">
    <ele>1127.5</ele>
   </trkpt>
   <trkpt lat="-29.7669670" lon="24.4559660">
    <ele>1127.6</ele>
   </trkpt>
   <trkpt lat="-29.7669640" lon="24.4560160">
    <ele>1127.6</ele>
   </trkpt>
   <trkpt lat="-29.7669680" lon="24.4560640">
    <ele>1127.6</ele>
   </trkpt>
   <trkpt lat="-29.7669720" lon="24.4561140">
    <ele>1127.6</ele>
   </trkpt>
   <trkpt lat="-29.7669670" lon="24.4561640">
    <ele>1127.6</ele>
   </trkpt>
   <trkpt lat="-29.7669680" lon="24.4562140">
    <ele>1127.7</ele>
   </trkpt>
   <trkpt lat="-29.7669710" lon="24.4562590">
    <ele>1127.7</ele>
   </trkpt>
   <trkpt lat="-29.7669700" lon="24.4563110">
    <ele>1127.7</ele>
   </trkpt>
   <trkpt lat="-29.7669670" lon="24.4563600">
    <ele>1127.7</ele>
   </trkpt>
   <trkpt lat="-29.7669630" lon="24.4564100">
    <ele>1127.7</ele>
   </trkpt>
   <trkpt lat="-29.7669690" lon="24.4564590">
    <ele>1127.7</ele>
   </trkpt>
   <trkpt lat="-29.7669660" lon="24.4565070">
    <ele>1127.7</ele>
   </trkpt>
   <trkpt lat="-29.7669670" lon="24.4565540">
    <ele>1127.7</ele>
   </trkpt>
   <trkpt lat="-29.7669620" lon="24.4566070">
    <ele>1127.8</ele>
   </trkpt>
   <trkpt lat="-29.7669620" lon="24.4566580">
    <ele>1127.8</ele>
   </trkpt>
   <trkpt lat="-29.7669570" lon="24.4567070">
    <ele>1127.8</ele>
   </trkpt>
   <trkpt lat="-29.7669590" lon="24.4567540">
    <ele>1127.8</ele>
   </trkpt>
   <trkpt lat="-29.7669570" lon="24.4568000">
    <ele>1127.9</ele>
   </trkpt>
   <trkpt lat="-29.7669580" lon="24.4568480">
    <ele>1127.9</ele>
   </trkpt>
   <trkpt lat="-29.7669590" lon="24.4568940">
    <ele>1127.9</ele>
   </trkpt>
   <trkpt lat="-29.7669640" lon="24.4569380">
    <ele>1127.9</ele>
   </trkpt>
   <trkpt lat="-29.7669610" lon="24.4569820">
    <ele>1127.9</ele>
   </trkpt>
   <trkpt lat="-29.7669580" lon="24.4570280">
    <ele>1128.0</ele>
   </trkpt>
   <trkpt lat="-29.7669590" lon="24.4570770">
    <ele>1128.0</ele>
   </trkpt>
   <trkpt lat="-29.7669670" lon="24.4571230">
    <ele>1128.0</ele>
   </trkpt>
   <trkpt lat="-29.7669630" lon="24.4571740">
    <ele>1128.0</ele>
   </trkpt>
   <trkpt lat="-29.7669630" lon="24.4572190">
    <ele>1128.0</ele>
   </trkpt>
   <trkpt lat="-29.7669610" lon="24.4572630">
    <ele>1128.0</ele>
   </trkpt>
   <trkpt lat="-29.7669570" lon="24.4573160">
    <ele>1128.0</ele>
   </trkpt>
   <trkpt lat="-29.7669540" lon="24.4573640">
    <ele>1128.1</ele>
   </trkpt>
   <trkpt lat="-29.7669540" lon="24.4574120">
    <ele>1128.1</ele>
   </trkpt>
   <trkpt lat="-29.7669480" lon="24.4574560">
    <ele>1128.1</ele>
   </trkpt>
   <trkpt lat="-29.7669550" lon="24.4575050">
    <ele>1128.1</ele>
   </trkpt>
   <trkpt lat="-29.7669500" lon="24.4575540">
    <ele>1128.1</ele>
   </trkpt>
   <trkpt lat="-29.7669480" lon="24.4576070">
    <ele>1128.1</ele>
   </trkpt>
   <trkpt lat="-29.7669560" lon="24.4576520">
    <ele>1128.1</ele>
   </trkpt>
   <trkpt lat="-29.7669460" lon="24.4576980">
    <ele>1128.1</ele>
   </trkpt>
   <trkpt lat="-29.7669480" lon="24.4577500">
    <ele>1128.1</ele>
   </trkpt>
   <trkpt lat="-29.7669480" lon="24.4577950">
    <ele>1128.1</ele>
   </trkpt>
   <trkpt lat="-29.7669450" lon="24.4578420">
    <ele>1128.1</ele>
   </trkpt>
   <trkpt lat="-29.7669500" lon="24.4578910">
    <ele>1128.1</ele>
   </trkpt>
   <trkpt lat="-29.7669510" lon="24.4579420">
    <ele>1128.1</ele>
   </trkpt>
   <trkpt lat="-29.7669450" lon="24.4579940">
    <ele>1128.1</ele>
   </trkpt>
   <trkpt lat="-29.7669490" lon="24.4580430">
    <ele>1128.1</ele>
   </trkpt>
   <trkpt lat="-29.7669450" lon="24.4580960">
    <ele>1128.1</ele>
   </trkpt>
   <trkpt lat="-29.7669500" lon="24.4581370">
    <ele>1128.1</ele>
   </trkpt>
   <trkpt lat="-29.7669490" lon="24.4581780">
    <ele>1128.1</ele>
   </trkpt>
   <trkpt lat="-29.7669500" lon="24.4581990">
    <ele>1128.1</ele>
   </trkpt>
   <trkpt lat="-29.7669480" lon="24.4582530">
    <ele>1128.1</ele>
   </trkpt>
   <trkpt lat="-29.7669470" lon="24.4582990">
    <ele>1128.1</ele>
   </trkpt>
   <trkpt lat="-29.7669490" lon="24.4583230">
    <ele>1128.1</ele>
   </trkpt>
   <trkpt lat="-29.7669470" lon="24.4583700">
    <ele>1128.1</ele>
   </trkpt>
   <trkpt lat="-29.7669510" lon="24.4584040">
    <ele>1128.1</ele>
   </trkpt>
   <trkpt lat="-29.7669550" lon="24.4584930">
    <ele>1128.1</ele>
   </trkpt>
   <trkpt lat="-29.7669510" lon="24.4585770">
    <ele>1128.0</ele>
   </trkpt>
   <trkpt lat="-29.7669470" lon="24.4585760">
    <ele>1128.0</ele>
   </trkpt>
   <trkpt lat="-29.7669590" lon="24.4586130">
    <ele>1128.0</ele>
   </trkpt>
   <trkpt lat="-29.7669560" lon="24.4586530">
    <ele>1128.0</ele>
   </trkpt>
   <trkpt lat="-29.7669540" lon="24.4586700">
    <ele>1128.0</ele>
   </trkpt>
   <trkpt lat="-29.7669640" lon="24.4587290">
    <ele>1128.0</ele>
   </trkpt>
   <trkpt lat="-29.7669520" lon="24.4587630">
    <ele>1128.0</ele>
   </trkpt>
   <trkpt lat="-29.7669490" lon="24.4588110">
    <ele>1128.0</ele>
   </trkpt>
   <trkpt lat="-29.7669500" lon="24.4588530">
    <ele>1128.0</ele>
   </trkpt>
   <trkpt lat="-29.7669490" lon="24.4588910">
    <ele>1128.0</ele>
   </trkpt>
   <trkpt lat="-29.7669510" lon="24.4589280">
    <ele>1128.1</ele>
   </trkpt>
   <trkpt lat="-29.7669530" lon="24.4589730">
    <ele>1128.1</ele>
   </trkpt>
   <trkpt lat="-29.7669470" lon="24.4590240">
    <ele>1128.1</ele>
   </trkpt>
   <trkpt lat="-29.7669350" lon="24.4590580">
    <ele>1128.1</ele>
   </trkpt>
   <trkpt lat="-29.7669390" lon="24.4591250">
    <ele>1128.2</ele>
   </trkpt>
   <trkpt lat="-29.7669370" lon="24.4591590">
    <ele>1128.2</ele>
   </trkpt>
   <trkpt lat="-29.7669350" lon="24.4592050">
    <ele>1128.2</ele>
   </trkpt>
   <trkpt lat="-29.7669370" lon="24.4592560">
    <ele>1128.3</ele>
   </trkpt>
   <trkpt lat="-29.7669350" lon="24.4593040">
    <ele>1128.3</ele>
   </trkpt>
   <trkpt lat="-29.7669380" lon="24.4594080">
    <ele>1128.3</ele>
   </trkpt>
   <trkpt lat="-29.7669340" lon="24.4594520">
    <ele>1128.3</ele>
   </trkpt>
   <trkpt lat="-29.7669360" lon="24.4594940">
    <ele>1128.3</ele>
   </trkpt>
   <trkpt lat="-29.7669350" lon="24.4595310">
    <ele>1128.4</ele>
   </trkpt>
   <trkpt lat="-29.7669490" lon="24.4595700">
    <ele>1128.4</ele>
   </trkpt>
   <trkpt lat="-29.7669570" lon="24.4596010">
    <ele>1128.4</ele>
   </trkpt>
   <trkpt lat="-29.7669630" lon="24.4596150">
    <ele>1128.4</ele>
   </trkpt>
   <trkpt lat="-29.7669690" lon="24.4596530">
    <ele>1128.4</ele>
   </trkpt>
   <trkpt lat="-29.7669670" lon="24.4596690">
    <ele>1128.5</ele>
   </trkpt>
   <trkpt lat="-29.7669680" lon="24.4597090">
    <ele>1128.5</ele>
   </trkpt>
   <trkpt lat="-29.7669780" lon="24.4597440">
    <ele>1128.5</ele>
   </trkpt>
   <trkpt lat="-29.7669760" lon="24.4597790">
    <ele>1128.5</ele>
   </trkpt>
   <trkpt lat="-29.7670010" lon="24.4598080">
    <ele>1128.5</ele>
   </trkpt>
   <trkpt lat="-29.7670170" lon="24.4598400">
    <ele>1128.5</ele>
   </trkpt>
   <trkpt lat="-29.7670210" lon="24.4599080">
    <ele>1128.5</ele>
   </trkpt>
   <trkpt lat="-29.7670100" lon="24.4599740">
    <ele>1128.5</ele>
   </trkpt>
   <trkpt lat="-29.7669980" lon="24.4600400">
    <ele>1128.5</ele>
   </trkpt>
   <trkpt lat="-29.7669970" lon="24.4600850">
    <ele>1128.4</ele>
   </trkpt>
   <trkpt lat="-29.7669840" lon="24.4601220">
    <ele>1128.4</ele>
   </trkpt>
   <trkpt lat="-29.7669740" lon="24.4601860">
    <ele>1128.4</ele>
   </trkpt>
   <trkpt lat="-29.7669210" lon="24.4605080">
    <ele>1128.3</ele>
   </trkpt>
   <trkpt lat="-29.7669190" lon="24.4605350">
    <ele>1128.3</ele>
   </trkpt>
   <trkpt lat="-29.7669180" lon="24.4605900">
    <ele>1128.2</ele>
   </trkpt>
   <trkpt lat="-29.7669170" lon="24.4606430">
    <ele>1128.2</ele>
   </trkpt>
   <trkpt lat="-29.7669150" lon="24.4606970">
    <ele>1128.2</ele>
   </trkpt>
   <trkpt lat="-29.7669130" lon="24.4607490">
    <ele>1128.2</ele>
   </trkpt>
   <trkpt lat="-29.7669110" lon="24.4608030">
    <ele>1128.2</ele>
   </trkpt>
   <trkpt lat="-29.7669100" lon="24.4608580">
    <ele>1128.2</ele>
   </trkpt>
   <trkpt lat="-29.7669110" lon="24.4609120">
    <ele>1128.2</ele>
   </trkpt>
   <trkpt lat="-29.7669130" lon="24.4609660">
    <ele>1128.2</ele>
   </trkpt>
   <trkpt lat="-29.7669120" lon="24.4610220">
    <ele>1128.2</ele>
   </trkpt>
   <trkpt lat="-29.7669110" lon="24.4610740">
    <ele>1128.3</ele>
   </trkpt>
   <trkpt lat="-29.7669100" lon="24.4611200">
    <ele>1128.3</ele>
   </trkpt>
   <trkpt lat="-29.7669120" lon="24.4611700">
    <ele>1128.3</ele>
   </trkpt>
   <trkpt lat="-29.7669150" lon="24.4612190">
    <ele>1128.4</ele>
   </trkpt>
   <trkpt lat="-29.7669180" lon="24.4612650">
    <ele>1128.4</ele>
   </trkpt>
   <trkpt lat="-29.7669200" lon="24.4613120">
    <ele>1128.5</ele>
   </trkpt>
   <trkpt lat="-29.7669290" lon="24.4613370">
    <ele>1128.5</ele>
   </trkpt>
   <trkpt lat="-29.7669290" lon="24.4613440">
    <ele>1128.5</ele>
   </trkpt>
   <trkpt lat="-29.7669310" lon="24.4613800">
    <ele>1128.5</ele>
   </trkpt>
   <trkpt lat="-29.7669300" lon="24.4614160">
    <ele>1128.5</ele>
   </trkpt>
   <trkpt lat="-29.7669390" lon="24.4614460">
    <ele>1128.6</ele>
   </trkpt>
   <trkpt lat="-29.7669400" lon="24.4614810">
    <ele>1128.6</ele>
   </trkpt>
   <trkpt lat="-29.7669390" lon="24.4615160">
    <ele>1128.6</ele>
   </trkpt>
   <trkpt lat="-29.7669430" lon="24.4615530">
    <ele>1128.6</ele>
   </trkpt>
   <trkpt lat="-29.7669420" lon="24.4615970">
    <ele>1128.7</ele>
   </trkpt>
   <trkpt lat="-29.7669360" lon="24.4616350">
    <ele>1128.7</ele>
   </trkpt>
   <trkpt lat="-29.7669310" lon="24.4617450">
    <ele>1128.7</ele>
   </trkpt>
   <trkpt lat="-29.7669230" lon="24.4618400">
    <ele>1128.7</ele>
   </trkpt>
   <trkpt lat="-29.7669150" lon="24.4619340">
    <ele>1128.7</ele>
   </trkpt>
   <trkpt lat="-29.7669150" lon="24.4619850">
    <ele>1128.7</ele>
   </trkpt>
   <trkpt lat="-29.7669150" lon="24.4620350">
    <ele>1128.7</ele>
   </trkpt>
   <trkpt lat="-29.7669130" lon="24.4620830">
    <ele>1128.7</ele>
   </trkpt>
   <trkpt lat="-29.7669140" lon="24.4621320">
    <ele>1128.7</ele>
   </trkpt>
   <trkpt lat="-29.7669140" lon="24.4621820">
    <ele>1128.7</ele>
   </trkpt>
   <trkpt lat="-29.7669150" lon="24.4622260">
    <ele>1128.7</ele>
   </trkpt>
   <trkpt lat="-29.7669150" lon="24.4622760">
    <ele>1128.7</ele>
   </trkpt>
   <trkpt lat="-29.7669130" lon="24.4623250">
    <ele>1128.8</ele>
   </trkpt>
   <trkpt lat="-29.7669110" lon="24.4623740">
    <ele>1128.8</ele>
   </trkpt>
   <trkpt lat="-29.7669100" lon="24.4624180">
    <ele>1128.9</ele>
   </trkpt>
   <trkpt lat="-29.7669050" lon="24.4624610">
    <ele>1128.9</ele>
   </trkpt>
   <trkpt lat="-29.7669020" lon="24.4625110">
    <ele>1128.9</ele>
   </trkpt>
   <trkpt lat="-29.7668990" lon="24.4625590">
    <ele>1129.0</ele>
   </trkpt>
   <trkpt lat="-29.7669030" lon="24.4626050">
    <ele>1129.0</ele>
   </trkpt>
   <trkpt lat="-29.7669060" lon="24.4626500">
    <ele>1129.1</ele>
   </trkpt>
   <trkpt lat="-29.7669040" lon="24.4626990">
    <ele>1129.1</ele>
   </trkpt>
   <trkpt lat="-29.7668940" lon="24.4627470">
    <ele>1129.2</ele>
   </trkpt>
   <trkpt lat="-29.7668810" lon="24.4627940">
    <ele>1129.3</ele>
   </trkpt>
   <trkpt lat="-29.7669010" lon="24.4628330">
    <ele>1129.3</ele>
   </trkpt>
   <trkpt lat="-29.7668950" lon="24.4628650">
    <ele>1129.4</ele>
   </trkpt>
   <trkpt lat="-29.7669020" lon="24.4629050">
    <ele>1129.4</ele>
   </trkpt>
   <trkpt lat="-29.7669020" lon="24.4629400">
    <ele>1129.5</ele>
   </trkpt>
   <trkpt lat="-29.7669020" lon="24.4629830">
    <ele>1129.6</ele>
   </trkpt>
   <trkpt lat="-29.7668950" lon="24.4630300">
    <ele>1129.7</ele>
   </trkpt>
   <trkpt lat="-29.7668950" lon="24.4630710">
    <ele>1129.7</ele>
   </trkpt>
   <trkpt lat="-29.7669010" lon="24.4631120">
    <ele>1129.8</ele>
   </trkpt>
   <trkpt lat="-29.7669000" lon="24.4631570">
    <ele>1129.9</ele>
   </trkpt>
   <trkpt lat="-29.7669020" lon="24.4632020">
    <ele>1129.9</ele>
   </trkpt>
   <trkpt lat="-29.7669050" lon="24.4632410">
    <ele>1130.0</ele>
   </trkpt>
   <trkpt lat="-29.7668980" lon="24.4632900">
    <ele>1130.1</ele>
   </trkpt>
   <trkpt lat="-29.7669060" lon="24.4633280">
    <ele>1130.1</ele>
   </trkpt>
   <trkpt lat="-29.7669060" lon="24.4633740">
    <ele>1130.2</ele>
   </trkpt>
   <trkpt lat="-29.7669060" lon="24.4634170">
    <ele>1130.2</ele>
   </trkpt>
   <trkpt lat="-29.7669050" lon="24.4634610">
    <ele>1130.3</ele>
   </trkpt>
   <trkpt lat="-29.7669010" lon="24.4635040">
    <ele>1130.4</ele>
   </trkpt>
   <trkpt lat="-29.7668990" lon="24.4635500">
    <ele>1130.4</ele>
   </trkpt>
   <trkpt lat="-29.7669010" lon="24.4635960">
    <ele>1130.5</ele>
   </trkpt>
   <trkpt lat="-29.7669050" lon="24.4636290">
    <ele>1130.5</ele>
   </trkpt>
   <trkpt lat="-29.7669070" lon="24.4636440">
    <ele>1130.5</ele>
   </trkpt>
   <trkpt lat="-29.7669090" lon="24.4636770">
    <ele>1130.6</ele>
   </trkpt>
   <trkpt lat="-29.7669070" lon="24.4637140">
    <ele>1130.6</ele>
   </trkpt>
   <trkpt lat="-29.7669080" lon="24.4637480">
    <ele>1130.6</ele>
   </trkpt>
   <trkpt lat="-29.7669080" lon="24.4637840">
    <ele>1130.7</ele>
   </trkpt>
   <trkpt lat="-29.7669060" lon="24.4638200">
    <ele>1130.7</ele>
   </trkpt>
   <trkpt lat="-29.7669040" lon="24.4638530">
    <ele>1130.7</ele>
   </trkpt>
   <trkpt lat="-29.7668970" lon="24.4638880">
    <ele>1130.7</ele>
   </trkpt>
   <trkpt lat="-29.7669000" lon="24.4639270">
    <ele>1130.8</ele>
   </trkpt>
   <trkpt lat="-29.7669020" lon="24.4639630">
    <ele>1130.8</ele>
   </trkpt>
   <trkpt lat="-29.7669020" lon="24.4640000">
    <ele>1130.8</ele>
   </trkpt>
   <trkpt lat="-29.7668960" lon="24.4640390">
    <ele>1130.8</ele>
   </trkpt>
   <trkpt lat="-29.7669010" lon="24.4640740">
    <ele>1130.8</ele>
   </trkpt>
   <trkpt lat="-29.7669040" lon="24.4641090">
    <ele>1130.9</ele>
   </trkpt>
   <trkpt lat="-29.7669110" lon="24.4641430">
    <ele>1130.9</ele>
   </trkpt>
   <trkpt lat="-29.7669150" lon="24.4641760">
    <ele>1130.9</ele>
   </trkpt>
   <trkpt lat="-29.7669100" lon="24.4642230">
    <ele>1130.9</ele>
   </trkpt>
   <trkpt lat="-29.7669080" lon="24.4642390">
    <ele>1130.9</ele>
   </trkpt>
   <trkpt lat="-29.7669110" lon="24.4642680">
    <ele>1131.0</ele>
   </trkpt>
   <trkpt lat="-29.7669080" lon="24.4642960">
    <ele>1131.0</ele>
   </trkpt>
   <trkpt lat="-29.7669140" lon="24.4643390">
    <ele>1131.0</ele>
   </trkpt>
   <trkpt lat="-29.7669180" lon="24.4643530">
    <ele>1131.0</ele>
   </trkpt>
   <trkpt lat="-29.7669160" lon="24.4643980">
    <ele>1131.1</ele>
   </trkpt>
   <trkpt lat="-29.7669110" lon="24.4644140">
    <ele>1131.1</ele>
   </trkpt>
   <trkpt lat="-29.7669110" lon="24.4644480">
    <ele>1131.1</ele>
   </trkpt>
   <trkpt lat="-29.7669200" lon="24.4644800">
    <ele>1131.1</ele>
   </trkpt>
   <trkpt lat="-29.7669240" lon="24.4645130">
    <ele>1131.2</ele>
   </trkpt>
   <trkpt lat="-29.7669210" lon="24.4645480">
    <ele>1131.2</ele>
   </trkpt>
   <trkpt lat="-29.7669160" lon="24.4645840">
    <ele>1131.2</ele>
   </trkpt>
   <trkpt lat="-29.7669200" lon="24.4646170">
    <ele>1131.3</ele>
   </trkpt>
   <trkpt lat="-29.7669250" lon="24.4646490">
    <ele>1131.3</ele>
   </trkpt>
   <trkpt lat="-29.7669270" lon="24.4646810">
    <ele>1131.4</ele>
   </trkpt>
   <trkpt lat="-29.7669250" lon="24.4647160">
    <ele>1131.4</ele>
   </trkpt>
   <trkpt lat="-29.7669260" lon="24.4647540">
    <ele>1131.4</ele>
   </trkpt>
   <trkpt lat="-29.7669270" lon="24.4647910">
    <ele>1131.5</ele>
   </trkpt>
   <trkpt lat="-29.7669220" lon="24.4648270">
    <ele>1131.5</ele>
   </trkpt>
   <trkpt lat="-29.7669250" lon="24.4648610">
    <ele>1131.6</ele>
   </trkpt>
   <trkpt lat="-29.7669200" lon="24.4648980">
    <ele>1131.6</ele>
   </trkpt>
   <trkpt lat="-29.7669240" lon="24.4649300">
    <ele>1131.7</ele>
   </trkpt>
   <trkpt lat="-29.7669140" lon="24.4650020">
    <ele>1131.8</ele>
   </trkpt>
   <trkpt lat="-29.7669080" lon="24.4650380">
    <ele>1131.8</ele>
   </trkpt>
   <trkpt lat="-29.7669060" lon="24.4650770">
    <ele>1131.8</ele>
   </trkpt>
   <trkpt lat="-29.7669040" lon="24.4651130">
    <ele>1131.9</ele>
   </trkpt>
   <trkpt lat="-29.7668980" lon="24.4651520">
    <ele>1131.9</ele>
   </trkpt>
   <trkpt lat="-29.7669020" lon="24.4651910">
    <ele>1132.0</ele>
   </trkpt>
   <trkpt lat="-29.7669050" lon="24.4652290">
    <ele>1132.0</ele>
   </trkpt>
   <trkpt lat="-29.7669050" lon="24.4652670">
    <ele>1132.0</ele>
   </trkpt>
   <trkpt lat="-29.7669030" lon="24.4653050">
    <ele>1132.1</ele>
   </trkpt>
   <trkpt lat="-29.7668990" lon="24.4653420">
    <ele>1132.1</ele>
   </trkpt>
   <trkpt lat="-29.7668980" lon="24.4653800">
    <ele>1132.1</ele>
   </trkpt>
   <trkpt lat="-29.7668990" lon="24.4654180">
    <ele>1132.1</ele>
   </trkpt>
   <trkpt lat="-29.7668990" lon="24.4654560">
    <ele>1132.1</ele>
   </trkpt>
   <trkpt lat="-29.7668990" lon="24.4654940">
    <ele>1132.2</ele>
   </trkpt>
   <trkpt lat="-29.7668960" lon="24.4655320">
    <ele>1132.2</ele>
   </trkpt>
   <trkpt lat="-29.7668950" lon="24.4655720">
    <ele>1132.3</ele>
   </trkpt>
   <trkpt lat="-29.7668980" lon="24.4656080">
    <ele>1132.3</ele>
   </trkpt>
   <trkpt lat="-29.7668990" lon="24.4656480">
    <ele>1132.4</ele>
   </trkpt>
   <trkpt lat="-29.7669010" lon="24.4656870">
    <ele>1132.5</ele>
   </trkpt>
   <trkpt lat="-29.7668950" lon="24.4657230">
    <ele>1132.5</ele>
   </trkpt>
   <trkpt lat="-29.7668990" lon="24.4657630">
    <ele>1132.6</ele>
   </trkpt>
   <trkpt lat="-29.7669000" lon="24.4658020">
    <ele>1132.6</ele>
   </trkpt>
   <trkpt lat="-29.7669030" lon="24.4658400">
    <ele>1132.7</ele>
   </trkpt>
   <trkpt lat="-29.7669040" lon="24.4658780">
    <ele>1132.7</ele>
   </trkpt>
   <trkpt lat="-29.7669050" lon="24.4659160">
    <ele>1132.8</ele>
   </trkpt>
   <trkpt lat="-29.7668990" lon="24.4659560">
    <ele>1132.8</ele>
   </trkpt>
   <trkpt lat="-29.7668960" lon="24.4659960">
    <ele>1132.8</ele>
   </trkpt>
   <trkpt lat="-29.7669020" lon="24.4660330">
    <ele>1132.9</ele>
   </trkpt>
   <trkpt lat="-29.7669040" lon="24.4660850">
    <ele>1133.0</ele>
   </trkpt>
   <trkpt lat="-29.7669000" lon="24.4661450">
    <ele>1133.1</ele>
   </trkpt>
   <trkpt lat="-29.7668970" lon="24.4662000">
    <ele>1133.1</ele>
   </trkpt>
   <trkpt lat="-29.7668990" lon="24.4662500">
    <ele>1133.2</ele>
   </trkpt>
   <trkpt lat="-29.7668980" lon="24.4663040">
    <ele>1133.3</ele>
   </trkpt>
   <trkpt lat="-29.7668950" lon="24.4663550">
    <ele>1133.4</ele>
   </trkpt>
   <trkpt lat="-29.7668890" lon="24.4664060">
    <ele>1133.4</ele>
   </trkpt>
   <trkpt lat="-29.7668910" lon="24.4664530">
    <ele>1133.5</ele>
   </trkpt>
   <trkpt lat="-29.7668930" lon="24.4664990">
    <ele>1133.5</ele>
   </trkpt>
   <trkpt lat="-29.7668920" lon="24.4665480">
    <ele>1133.6</ele>
   </trkpt>
   <trkpt lat="-29.7668950" lon="24.4665950">
    <ele>1133.6</ele>
   </trkpt>
   <trkpt lat="-29.7668940" lon="24.4666420">
    <ele>1133.7</ele>
   </trkpt>
   <trkpt lat="-29.7668930" lon="24.4666870">
    <ele>1133.7</ele>
   </trkpt>
   <trkpt lat="-29.7668880" lon="24.4667320">
    <ele>1133.7</ele>
   </trkpt>
   <trkpt lat="-29.7668860" lon="24.4667760">
    <ele>1133.8</ele>
   </trkpt>
   <trkpt lat="-29.7668860" lon="24.4668220">
    <ele>1133.8</ele>
   </trkpt>
   <trkpt lat="-29.7668850" lon="24.4668630">
    <ele>1133.9</ele>
   </trkpt>
   <trkpt lat="-29.7668900" lon="24.4669020">
    <ele>1134.0</ele>
   </trkpt>
   <trkpt lat="-29.7668920" lon="24.4669480">
    <ele>1134.1</ele>
   </trkpt>
   <trkpt lat="-29.7668900" lon="24.4669920">
    <ele>1134.2</ele>
   </trkpt>
   <trkpt lat="-29.7668860" lon="24.4670340">
    <ele>1134.3</ele>
   </trkpt>
   <trkpt lat="-29.7668840" lon="24.4670750">
    <ele>1134.3</ele>
   </trkpt>
   <trkpt lat="-29.7668880" lon="24.4671150">
    <ele>1134.4</ele>
   </trkpt>
   <trkpt lat="-29.7668890" lon="24.4671560">
    <ele>1134.5</ele>
   </trkpt>
   <trkpt lat="-29.7668830" lon="24.4671950">
    <ele>1134.6</ele>
   </trkpt>
   <trkpt lat="-29.7668850" lon="24.4672380">
    <ele>1134.7</ele>
   </trkpt>
   <trkpt lat="-29.7668840" lon="24.4672770">
    <ele>1134.8</ele>
   </trkpt>
   <trkpt lat="-29.7668850" lon="24.4673190">
    <ele>1134.9</ele>
   </trkpt>
   <trkpt lat="-29.7668850" lon="24.4673590">
    <ele>1135.0</ele>
   </trkpt>
   <trkpt lat="-29.7668850" lon="24.4674030">
    <ele>1135.1</ele>
   </trkpt>
   <trkpt lat="-29.7668820" lon="24.4674440">
    <ele>1135.2</ele>
   </trkpt>
   <trkpt lat="-29.7668780" lon="24.4674860">
    <ele>1135.4</ele>
   </trkpt>
   <trkpt lat="-29.7668800" lon="24.4675260">
    <ele>1135.5</ele>
   </trkpt>
   <trkpt lat="-29.7668810" lon="24.4675700">
    <ele>1135.6</ele>
   </trkpt>
   <trkpt lat="-29.7668830" lon="24.4676110">
    <ele>1135.7</ele>
   </trkpt>
   <trkpt lat="-29.7668810" lon="24.4676500">
    <ele>1135.8</ele>
   </trkpt>
   <trkpt lat="-29.7668810" lon="24.4676910">
    <ele>1135.9</ele>
   </trkpt>
   <trkpt lat="-29.7668830" lon="24.4677320">
    <ele>1136.0</ele>
   </trkpt>
   <trkpt lat="-29.7668830" lon="24.4677750">
    <ele>1136.1</ele>
   </trkpt>
   <trkpt lat="-29.7668840" lon="24.4678140">
    <ele>1136.2</ele>
   </trkpt>
   <trkpt lat="-29.7668840" lon="24.4678530">
    <ele>1136.3</ele>
   </trkpt>
   <trkpt lat="-29.7668820" lon="24.4678950">
    <ele>1136.4</ele>
   </trkpt>
   <trkpt lat="-29.7668830" lon="24.4679380">
    <ele>1136.5</ele>
   </trkpt>
   <trkpt lat="-29.7668800" lon="24.4679780">
    <ele>1136.5</ele>
   </trkpt>
   <trkpt lat="-29.7668820" lon="24.4680130">
    <ele>1136.6</ele>
   </trkpt>
   <trkpt lat="-29.7668820" lon="24.4680520">
    <ele>1136.6</ele>
   </trkpt>
   <trkpt lat="-29.7668810" lon="24.4680930">
    <ele>1136.7</ele>
   </trkpt>
   <trkpt lat="-29.7668850" lon="24.4681330">
    <ele>1136.7</ele>
   </trkpt>
   <trkpt lat="-29.7668890" lon="24.4681760">
    <ele>1136.8</ele>
   </trkpt>
   <trkpt lat="-29.7668860" lon="24.4682170">
    <ele>1136.8</ele>
   </trkpt>
   <trkpt lat="-29.7668840" lon="24.4682560">
    <ele>1136.9</ele>
   </trkpt>
   <trkpt lat="-29.7668800" lon="24.4682970">
    <ele>1136.9</ele>
   </trkpt>
   <trkpt lat="-29.7668820" lon="24.4683400">
    <ele>1137.0</ele>
   </trkpt>
   <trkpt lat="-29.7668870" lon="24.4683830">
    <ele>1137.0</ele>
   </trkpt>
   <trkpt lat="-29.7668880" lon="24.4684240">
    <ele>1137.0</ele>
   </trkpt>
   <trkpt lat="-29.7668870" lon="24.4684680">
    <ele>1137.1</ele>
   </trkpt>
   <trkpt lat="-29.7668840" lon="24.4685100">
    <ele>1137.1</ele>
   </trkpt>
   <trkpt lat="-29.7668870" lon="24.4685520">
    <ele>1137.1</ele>
   </trkpt>
   <trkpt lat="-29.7668860" lon="24.4685950">
    <ele>1137.1</ele>
   </trkpt>
   <trkpt lat="-29.7668840" lon="24.4686330">
    <ele>1137.2</ele>
   </trkpt>
   <trkpt lat="-29.7668830" lon="24.4686750">
    <ele>1137.2</ele>
   </trkpt>
   <trkpt lat="-29.7668820" lon="24.4687160">
    <ele>1137.3</ele>
   </trkpt>
   <trkpt lat="-29.7668800" lon="24.4687590">
    <ele>1137.3</ele>
   </trkpt>
   <trkpt lat="-29.7668760" lon="24.4687960">
    <ele>1137.4</ele>
   </trkpt>
   <trkpt lat="-29.7668770" lon="24.4688360">
    <ele>1137.5</ele>
   </trkpt>
   <trkpt lat="-29.7668790" lon="24.4688790">
    <ele>1137.5</ele>
   </trkpt>
   <trkpt lat="-29.7668790" lon="24.4689200">
    <ele>1137.6</ele>
   </trkpt>
   <trkpt lat="-29.7668760" lon="24.4689590">
    <ele>1137.7</ele>
   </trkpt>
   <trkpt lat="-29.7668730" lon="24.4689990">
    <ele>1137.7</ele>
   </trkpt>
   <trkpt lat="-29.7668770" lon="24.4690400">
    <ele>1137.7</ele>
   </trkpt>
   <trkpt lat="-29.7668780" lon="24.4690820">
    <ele>1137.8</ele>
   </trkpt>
   <trkpt lat="-29.7668790" lon="24.4691260">
    <ele>1137.8</ele>
   </trkpt>
   <trkpt lat="-29.7668790" lon="24.4691680">
    <ele>1137.8</ele>
   </trkpt>
   <trkpt lat="-29.7668780" lon="24.4692080">
    <ele>1137.8</ele>
   </trkpt>
   <trkpt lat="-29.7668740" lon="24.4692500">
    <ele>1137.8</ele>
   </trkpt>
   <trkpt lat="-29.7668740" lon="24.4692950">
    <ele>1137.9</ele>
   </trkpt>
   <trkpt lat="-29.7668750" lon="24.4693360">
    <ele>1137.9</ele>
   </trkpt>
   <trkpt lat="-29.7668760" lon="24.4693760">
    <ele>1138.0</ele>
   </trkpt>
   <trkpt lat="-29.7668690" lon="24.4694180">
    <ele>1138.0</ele>
   </trkpt>
   <trkpt lat="-29.7668710" lon="24.4694630">
    <ele>1138.1</ele>
   </trkpt>
   <trkpt lat="-29.7668740" lon="24.4695020">
    <ele>1138.1</ele>
   </trkpt>
   <trkpt lat="-29.7668740" lon="24.4695380">
    <ele>1138.1</ele>
   </trkpt>
   <trkpt lat="-29.7668740" lon="24.4695800">
    <ele>1138.2</ele>
   </trkpt>
   <trkpt lat="-29.7668750" lon="24.4696170">
    <ele>1138.2</ele>
   </trkpt>
   <trkpt lat="-29.7668760" lon="24.4696570">
    <ele>1138.2</ele>
   </trkpt>
   <trkpt lat="-29.7668760" lon="24.4696990">
    <ele>1138.3</ele>
   </trkpt>
   <trkpt lat="-29.7668760" lon="24.4697400">
    <ele>1138.3</ele>
   </trkpt>
   <trkpt lat="-29.7668730" lon="24.4697860">
    <ele>1138.4</ele>
   </trkpt>
   <trkpt lat="-29.7668760" lon="24.4698310">
    <ele>1138.4</ele>
   </trkpt>
   <trkpt lat="-29.7668750" lon="24.4698730">
    <ele>1138.5</ele>
   </trkpt>
   <trkpt lat="-29.7668750" lon="24.4699190">
    <ele>1138.5</ele>
   </trkpt>
   <trkpt lat="-29.7668760" lon="24.4699540">
    <ele>1138.6</ele>
   </trkpt>
   <trkpt lat="-29.7668800" lon="24.4699960">
    <ele>1138.7</ele>
   </trkpt>
   <trkpt lat="-29.7668780" lon="24.4700420">
    <ele>1138.7</ele>
   </trkpt>
   <trkpt lat="-29.7668790" lon="24.4700860">
    <ele>1138.8</ele>
   </trkpt>
   <trkpt lat="-29.7668820" lon="24.4701320">
    <ele>1138.9</ele>
   </trkpt>
   <trkpt lat="-29.7668790" lon="24.4701780">
    <ele>1139.0</ele>
   </trkpt>
   <trkpt lat="-29.7668800" lon="24.4702240">
    <ele>1139.1</ele>
   </trkpt>
   <trkpt lat="-29.7668780" lon="24.4703150">
    <ele>1139.3</ele>
   </trkpt>
   <trkpt lat="-29.7668800" lon="24.4703610">
    <ele>1139.3</ele>
   </trkpt>
   <trkpt lat="-29.7668710" lon="24.4704050">
    <ele>1139.4</ele>
   </trkpt>
   <trkpt lat="-29.7668690" lon="24.4704480">
    <ele>1139.4</ele>
   </trkpt>
   <trkpt lat="-29.7668690" lon="24.4704940">
    <ele>1139.5</ele>
   </trkpt>
   <trkpt lat="-29.7668700" lon="24.4705390">
    <ele>1139.5</ele>
   </trkpt>
   <trkpt lat="-29.7668670" lon="24.4705870">
    <ele>1139.6</ele>
   </trkpt>
   <trkpt lat="-29.7668690" lon="24.4706340">
    <ele>1139.6</ele>
   </trkpt>
   <trkpt lat="-29.7668720" lon="24.4706830">
    <ele>1139.7</ele>
   </trkpt>
   <trkpt lat="-29.7668670" lon="24.4707330">
    <ele>1139.8</ele>
   </trkpt>
   <trkpt lat="-29.7668700" lon="24.4707750">
    <ele>1139.9</ele>
   </trkpt>
   <trkpt lat="-29.7668690" lon="24.4708220">
    <ele>1140.0</ele>
   </trkpt>
   <trkpt lat="-29.7668780" lon="24.4708630">
    <ele>1140.1</ele>
   </trkpt>
   <trkpt lat="-29.7668780" lon="24.4709100">
    <ele>1140.1</ele>
   </trkpt>
   <trkpt lat="-29.7668730" lon="24.4709520">
    <ele>1140.2</ele>
   </trkpt>
   <trkpt lat="-29.7668690" lon="24.4709970">
    <ele>1140.3</ele>
   </trkpt>
   <trkpt lat="-29.7668700" lon="24.4710400">
    <ele>1140.3</ele>
   </trkpt>
   <trkpt lat="-29.7668640" lon="24.4710840">
    <ele>1140.4</ele>
   </trkpt>
   <trkpt lat="-29.7668670" lon="24.4711200">
    <ele>1140.5</ele>
   </trkpt>
   <trkpt lat="-29.7668670" lon="24.4711370">
    <ele>1140.5</ele>
   </trkpt>
   <trkpt lat="-29.7668680" lon="24.4711820">
    <ele>1140.6</ele>
   </trkpt>
   <trkpt lat="-29.7668670" lon="24.4711980">
    <ele>1140.6</ele>
   </trkpt>
   <trkpt lat="-29.7668700" lon="24.4712290">
    <ele>1140.6</ele>
   </trkpt>
   <trkpt lat="-29.7668740" lon="24.4712610">
    <ele>1140.7</ele>
   </trkpt>
   <trkpt lat="-29.7668730" lon="24.4712950">
    <ele>1140.7</ele>
   </trkpt>
   <trkpt lat="-29.7668760" lon="24.4713280">
    <ele>1140.8</ele>
   </trkpt>
   <trkpt lat="-29.7668760" lon="24.4713620">
    <ele>1140.8</ele>
   </trkpt>
   <trkpt lat="-29.7668750" lon="24.4713970">
    <ele>1140.9</ele>
   </trkpt>
   <trkpt lat="-29.7668770" lon="24.4714310">
    <ele>1140.9</ele>
   </trkpt>
   <trkpt lat="-29.7668790" lon="24.4714660">
    <ele>1141.0</ele>
   </trkpt>
   <trkpt lat="-29.7668760" lon="24.4714980">
    <ele>1141.1</ele>
   </trkpt>
   <trkpt lat="-29.7668790" lon="24.4715290">
    <ele>1141.1</ele>
   </trkpt>
   <trkpt lat="-29.7668780" lon="24.4715730">
    <ele>1141.2</ele>
   </trkpt>
   <trkpt lat="-29.7668770" lon="24.4715870">
    <ele>1141.3</ele>
   </trkpt>
   <trkpt lat="-29.7668740" lon="24.4716210">
    <ele>1141.4</ele>
   </trkpt>
   <trkpt lat="-29.7668740" lon="24.4716600">
    <ele>1141.4</ele>
   </trkpt>
   <trkpt lat="-29.7668710" lon="24.4716740">
    <ele>1141.5</ele>
   </trkpt>
   <trkpt lat="-29.7668690" lon="24.4717070">
    <ele>1141.6</ele>
   </trkpt>
   <trkpt lat="-29.7668670" lon="24.4717170">
    <ele>1141.6</ele>
   </trkpt>
   <trkpt lat="-29.7668710" lon="24.4717350">
    <ele>1141.6</ele>
   </trkpt>
   <trkpt lat="-29.7668730" lon="24.4717440">
    <ele>1141.6</ele>
   </trkpt>
   <trkpt lat="-29.7668710" lon="24.4717540">
    <ele>1141.7</ele>
   </trkpt>
   <trkpt lat="-29.7668710" lon="24.4717630">
    <ele>1141.7</ele>
   </trkpt>
   <trkpt lat="-29.7668680" lon="24.4717680">
    <ele>1141.7</ele>
   </trkpt>
   <trkpt lat="-29.7668660" lon="24.4717710">
    <ele>1141.7</ele>
   </trkpt>
   <trkpt lat="-29.7668660" lon="24.4717710">
    <ele>1141.7</ele>
   </trkpt>
   <trkpt lat="-29.7668630" lon="24.4717800">
    <ele>1141.7</ele>
   </trkpt>
   <trkpt lat="-29.7668610" lon="24.4717820">
    <ele>1141.7</ele>
   </trkpt>
   <trkpt lat="-29.7668630" lon="24.4717840">
    <ele>1141.7</ele>
   </trkpt>
   <trkpt lat="-29.7668610" lon="24.4717870">
    <ele>1141.7</ele>
   </trkpt>
   <trkpt lat="-29.7668610" lon="24.4717870">
    <ele>1141.7</ele>
   </trkpt>
   <trkpt lat="-29.7668610" lon="24.4717870">
    <ele>1141.7</ele>
   </trkpt>
   <trkpt lat="-29.7668610" lon="24.4717870">
    <ele>1141.7</ele>
   </trkpt>
   <trkpt lat="-29.7668220" lon="24.4718270">
    <ele>1142.1</ele>
   </trkpt>
   <trkpt lat="-29.7668180" lon="24.4718270">
    <ele>1142.1</ele>
   </trkpt>
   <trkpt lat="-29.7668130" lon="24.4718270">
    <ele>1142.1</ele>
   </trkpt>
   <trkpt lat="-29.7668070" lon="24.4718270">
    <ele>1142.1</ele>
   </trkpt>
   <trkpt lat="-29.7668010" lon="24.4718290">
    <ele>1142.1</ele>
   </trkpt>
   <trkpt lat="-29.7668000" lon="24.4718290">
    <ele>1142.1</ele>
   </trkpt>
   <trkpt lat="-29.7667930" lon="24.4718300">
    <ele>1142.2</ele>
   </trkpt>
   <trkpt lat="-29.7667880" lon="24.4718320">
    <ele>1142.2</ele>
   </trkpt>
   <trkpt lat="-29.7667820" lon="24.4718310">
    <ele>1142.2</ele>
   </trkpt>
   <trkpt lat="-29.7667760" lon="24.4718310">
    <ele>1142.2</ele>
   </trkpt>
   <trkpt lat="-29.7667700" lon="24.4718310">
    <ele>1142.2</ele>
   </trkpt>
   <trkpt lat="-29.7667640" lon="24.4718290">
    <ele>1142.2</ele>
   </trkpt>
   <trkpt lat="-29.7667620" lon="24.4718280">
    <ele>1142.2</ele>
   </trkpt>
   <trkpt lat="-29.7667570" lon="24.4718300">
    <ele>1142.2</ele>
   </trkpt>
   <trkpt lat="-29.7667500" lon="24.4718330">
    <ele>1142.2</ele>
   </trkpt>
   <trkpt lat="-29.7667460" lon="24.4718330">
    <ele>1142.2</ele>
   </trkpt>
   <trkpt lat="-29.7667390" lon="24.4718370">
    <ele>1142.2</ele>
   </trkpt>
   <trkpt lat="-29.7667390" lon="24.4718380">
    <ele>1142.2</ele>
   </trkpt>
   <trkpt lat="-29.7667440" lon="24.4718350">
    <ele>1142.2</ele>
   </trkpt>
   <trkpt lat="-29.7667470" lon="24.4718320">
    <ele>1142.2</ele>
   </trkpt>
   <trkpt lat="-29.7667440" lon="24.4718320">
    <ele>1142.2</ele>
   </trkpt>
   <trkpt lat="-29.7667000" lon="24.4718130">
    <ele>1142.1</ele>
   </trkpt>
   <trkpt lat="-29.7667000" lon="24.4718050">
    <ele>1142.1</ele>
   </trkpt>
   <trkpt lat="-29.7667060" lon="24.4718030">
    <ele>1142.1</ele>
   </trkpt>
   <trkpt lat="-29.7667080" lon="24.4718050">
    <ele>1142.1</ele>
   </trkpt>
   <trkpt lat="-29.7667080" lon="24.4718020">
    <ele>1142.1</ele>
   </trkpt>
   <trkpt lat="-29.7667100" lon="24.4717980">
    <ele>1142.0</ele>
   </trkpt>
   <trkpt lat="-29.7667170" lon="24.4717990">
    <ele>1142.0</ele>
   </trkpt>
   <trkpt lat="-29.7667220" lon="24.4718010">
    <ele>1142.0</ele>
   </trkpt>
   <trkpt lat="-29.7667250" lon="24.4718060">
    <ele>1142.1</ele>
   </trkpt>
   <trkpt lat="-29.7666750" lon="24.4718110">
    <ele>1141.9</ele>
   </trkpt>
   <trkpt lat="-29.7666260" lon="24.4718200">
    <ele>1141.6</ele>
   </trkpt>
   <trkpt lat="-29.7665760" lon="24.4718300">
    <ele>1141.4</ele>
   </trkpt>
   <trkpt lat="-29.7665480" lon="24.4718470">
    <ele>1141.1</ele>
   </trkpt>
   <trkpt lat="-29.7665390" lon="24.4718540">
    <ele>1141.1</ele>
   </trkpt>
   <trkpt lat="-29.7665110" lon="24.4718710">
    <ele>1140.8</ele>
   </trkpt>
   <trkpt lat="-29.7665020" lon="24.4718770">
    <ele>1140.8</ele>
   </trkpt>
   <trkpt lat="-29.7664710" lon="24.4719050">
    <ele>1140.5</ele>
   </trkpt>
   <trkpt lat="-29.7664600" lon="24.4719130">
    <ele>1140.2</ele>
   </trkpt>
   <trkpt lat="-29.7664370" lon="24.4719330">
    <ele>1140.2</ele>
   </trkpt>
   <trkpt lat="-29.7664300" lon="24.4719390">
    <ele>1140.2</ele>
   </trkpt>
   <trkpt lat="-29.7664150" lon="24.4719480">
    <ele>1140.0</ele>
   </trkpt>
   <trkpt lat="-29.7664010" lon="24.4719590">
    <ele>1140.0</ele>
   </trkpt>
   <trkpt lat="-29.7663700" lon="24.4719810">
    <ele>1139.9</ele>
   </trkpt>
   <trkpt lat="-29.7663580" lon="24.4719880">
    <ele>1139.9</ele>
   </trkpt>
   <trkpt lat="-29.7663350" lon="24.4720070">
    <ele>1139.8</ele>
   </trkpt>
   <trkpt lat="-29.7663170" lon="24.4720310">
    <ele>1139.8</ele>
   </trkpt>
   <trkpt lat="-29.7662880" lon="24.4720600">
    <ele>1139.8</ele>
   </trkpt>
   <trkpt lat="-29.7662760" lon="24.4720660">
    <ele>1139.8</ele>
   </trkpt>
   <trkpt lat="-29.7662420" lon="24.4720670">
    <ele>1139.8</ele>
   </trkpt>
   <trkpt lat="-29.7662280" lon="24.4720680">
    <ele>1139.9</ele>
   </trkpt>
   <trkpt lat="-29.7662080" lon="24.4720740">
    <ele>1139.9</ele>
   </trkpt>
   <trkpt lat="-29.7661960" lon="24.4720880">
    <ele>1140.1</ele>
   </trkpt>
   <trkpt lat="-29.7661660" lon="24.4721080">
    <ele>1140.1</ele>
   </trkpt>
   <trkpt lat="-29.7661560" lon="24.4721150">
    <ele>1140.4</ele>
   </trkpt>
   <trkpt lat="-29.7661350" lon="24.4721470">
    <ele>1140.3</ele>
   </trkpt>
   <trkpt lat="-29.7661270" lon="24.4721560">
    <ele>1140.6</ele>
   </trkpt>
   <trkpt lat="-29.7661120" lon="24.4721920">
    <ele>1140.6</ele>
   </trkpt>
   <trkpt lat="-29.7661050" lon="24.4722020">
    <ele>1140.6</ele>
   </trkpt>
   <trkpt lat="-29.7660720" lon="24.4722230">
    <ele>1141.0</ele>
   </trkpt>
   <trkpt lat="-29.7660580" lon="24.4722270">
    <ele>1140.9</ele>
   </trkpt>
   <trkpt lat="-29.7660340" lon="24.4722510">
    <ele>1141.3</ele>
   </trkpt>
   <trkpt lat="-29.7660260" lon="24.4722570">
    <ele>1141.3</ele>
   </trkpt>
   <trkpt lat="-29.7660020" lon="24.4722800">
    <ele>1141.5</ele>
   </trkpt>
   <trkpt lat="-29.7659990" lon="24.4722880">
    <ele>1141.5</ele>
   </trkpt>
   <trkpt lat="-29.7659670" lon="24.4723090">
    <ele>1141.8</ele>
   </trkpt>
   <trkpt lat="-29.7659570" lon="24.4723160">
    <ele>1141.8</ele>
   </trkpt>
   <trkpt lat="-29.7659260" lon="24.4723410">
    <ele>1141.9</ele>
   </trkpt>
   <trkpt lat="-29.7659140" lon="24.4723490">
    <ele>1141.9</ele>
   </trkpt>
   <trkpt lat="-29.7659090" lon="24.4723590">
    <ele>1141.9</ele>
   </trkpt>
   <trkpt lat="-29.7658900" lon="24.4723760">
    <ele>1142.0</ele>
   </trkpt>
   <trkpt lat="-29.7658770" lon="24.4723870">
    <ele>1141.9</ele>
   </trkpt>
   <trkpt lat="-29.7658640" lon="24.4724040">
    <ele>1142.0</ele>
   </trkpt>
   <trkpt lat="-29.7658370" lon="24.4724250">
    <ele>1142.0</ele>
   </trkpt>
   <trkpt lat="-29.7658300" lon="24.4724330">
    <ele>1142.0</ele>
   </trkpt>
   <trkpt lat="-29.7658020" lon="24.4724490">
    <ele>1142.0</ele>
   </trkpt>
   <trkpt lat="-29.7657920" lon="24.4724550">
    <ele>1141.8</ele>
   </trkpt>
   <trkpt lat="-29.7657660" lon="24.4724770">
    <ele>1141.7</ele>
   </trkpt>
   <trkpt lat="-29.7657580" lon="24.4724840">
    <ele>1141.7</ele>
   </trkpt>
   <trkpt lat="-29.7657340" lon="24.4725100">
    <ele>1141.4</ele>
   </trkpt>
   <trkpt lat="-29.7657250" lon="24.4725180">
    <ele>1141.2</ele>
   </trkpt>
   <trkpt lat="-29.7656970" lon="24.4725370">
    <ele>1140.8</ele>
   </trkpt>
   <trkpt lat="-29.7656880" lon="24.4725440">
    <ele>1140.8</ele>
   </trkpt>
   <trkpt lat="-29.7656550" lon="24.4725670">
    <ele>1140.3</ele>
   </trkpt>
   <trkpt lat="-29.7656430" lon="24.4725730">
    <ele>1140.1</ele>
   </trkpt>
   <trkpt lat="-29.7656120" lon="24.4725970">
    <ele>1140.1</ele>
   </trkpt>
   <trkpt lat="-29.7656000" lon="24.4726030">
    <ele>1140.1</ele>
   </trkpt>
   <trkpt lat="-29.7655650" lon="24.4726210">
    <ele>1139.9</ele>
   </trkpt>
   <trkpt lat="-29.7655540" lon="24.4726290">
    <ele>1139.9</ele>
   </trkpt>
   <trkpt lat="-29.7655390" lon="24.4726550">
    <ele>1139.6</ele>
   </trkpt>
   <trkpt lat="-29.7655160" lon="24.4726730">
    <ele>1139.7</ele>
   </trkpt>
   <trkpt lat="-29.7654940" lon="24.4726910">
    <ele>1139.4</ele>
   </trkpt>
   <trkpt lat="-29.7654720" lon="24.4727100">
    <ele>1139.4</ele>
   </trkpt>
   <trkpt lat="-29.7654390" lon="24.4727350">
    <ele>1139.1</ele>
   </trkpt>
   <trkpt lat="-29.7654270" lon="24.4727420">
    <ele>1139.1</ele>
   </trkpt>
   <trkpt lat="-29.7654040" lon="24.4727600">
    <ele>1139.0</ele>
   </trkpt>
   <trkpt lat="-29.7653730" lon="24.4727880">
    <ele>1138.8</ele>
   </trkpt>
   <trkpt lat="-29.7653630" lon="24.4727970">
    <ele>1138.8</ele>
   </trkpt>
   <trkpt lat="-29.7653360" lon="24.4728310">
    <ele>1138.8</ele>
   </trkpt>
   <trkpt lat="-29.7653220" lon="24.4728380">
    <ele>1138.8</ele>
   </trkpt>
   <trkpt lat="-29.7652890" lon="24.4728580">
    <ele>1139.2</ele>
   </trkpt>
   <trkpt lat="-29.7652770" lon="24.4728650">
    <ele>1139.2</ele>
   </trkpt>
   <trkpt lat="-29.7652460" lon="24.4728900">
    <ele>1139.7</ele>
   </trkpt>
   <trkpt lat="-29.7652340" lon="24.4728960">
    <ele>1140.1</ele>
   </trkpt>
   <trkpt lat="-29.7652060" lon="24.4729230">
    <ele>1139.9</ele>
   </trkpt>
   <trkpt lat="-29.7651960" lon="24.4729320">
    <ele>1140.3</ele>
   </trkpt>
   <trkpt lat="-29.7651670" lon="24.4729560">
    <ele>1140.0</ele>
   </trkpt>
   <trkpt lat="-29.7651580" lon="24.4729660">
    <ele>1140.2</ele>
   </trkpt>
   <trkpt lat="-29.7651260" lon="24.4729900">
    <ele>1140.2</ele>
   </trkpt>
   <trkpt lat="-29.7651150" lon="24.4729990">
    <ele>1140.2</ele>
   </trkpt>
   <trkpt lat="-29.7650850" lon="24.4730290">
    <ele>1140.5</ele>
   </trkpt>
   <trkpt lat="-29.7650760" lon="24.4730390">
    <ele>1140.4</ele>
   </trkpt>
   <trkpt lat="-29.7650460" lon="24.4730670">
    <ele>1140.7</ele>
   </trkpt>
   <trkpt lat="-29.7650350" lon="24.4730760">
    <ele>1140.6</ele>
   </trkpt>
   <trkpt lat="-29.7650030" lon="24.4731020">
    <ele>1140.9</ele>
   </trkpt>
   <trkpt lat="-29.7649920" lon="24.4731100">
    <ele>1140.9</ele>
   </trkpt>
   <trkpt lat="-29.7649620" lon="24.4731370">
    <ele>1141.2</ele>
   </trkpt>
   <trkpt lat="-29.7649500" lon="24.4731460">
    <ele>1141.2</ele>
   </trkpt>
   <trkpt lat="-29.7649190" lon="24.4731710">
    <ele>1141.5</ele>
   </trkpt>
   <trkpt lat="-29.7649080" lon="24.4731790">
    <ele>1141.5</ele>
   </trkpt>
   <trkpt lat="-29.7648770" lon="24.4732060">
    <ele>1141.8</ele>
   </trkpt>
   <trkpt lat="-29.7648670" lon="24.4732160">
    <ele>1141.8</ele>
   </trkpt>
   <trkpt lat="-29.7648370" lon="24.4732450">
    <ele>1142.2</ele>
   </trkpt>
   <trkpt lat="-29.7648240" lon="24.4732530">
    <ele>1142.5</ele>
   </trkpt>
   <trkpt lat="-29.7647940" lon="24.4732780">
    <ele>1142.5</ele>
   </trkpt>
   <trkpt lat="-29.7647830" lon="24.4732850">
    <ele>1142.8</ele>
   </trkpt>
   <trkpt lat="-29.7647530" lon="24.4733120">
    <ele>1142.7</ele>
   </trkpt>
   <trkpt lat="-29.7647420" lon="24.4733220">
    <ele>1142.8</ele>
   </trkpt>
   <trkpt lat="-29.7647110" lon="24.4733480">
    <ele>1142.8</ele>
   </trkpt>
   <trkpt lat="-29.7646990" lon="24.4733550">
    <ele>1142.8</ele>
   </trkpt>
   <trkpt lat="-29.7646670" lon="24.4733810">
    <ele>1142.7</ele>
   </trkpt>
   <trkpt lat="-29.7646560" lon="24.4733900">
    <ele>1142.7</ele>
   </trkpt>
   <trkpt lat="-29.7646240" lon="24.4734170">
    <ele>1142.8</ele>
   </trkpt>
   <trkpt lat="-29.7646130" lon="24.4734260">
    <ele>1142.8</ele>
   </trkpt>
   <trkpt lat="-29.7645900" lon="24.4734420">
    <ele>1142.9</ele>
   </trkpt>
   <trkpt lat="-29.7645560" lon="24.4734650">
    <ele>1142.9</ele>
   </trkpt>
   <trkpt lat="-29.7645450" lon="24.4734740">
    <ele>1142.9</ele>
   </trkpt>
   <trkpt lat="-29.7645150" lon="24.4735010">
    <ele>1142.8</ele>
   </trkpt>
   <trkpt lat="-29.7645040" lon="24.4735090">
    <ele>1142.8</ele>
   </trkpt>
   <trkpt lat="-29.7644790" lon="24.4735250">
    <ele>1142.7</ele>
   </trkpt>
   <trkpt lat="-29.7644510" lon="24.4735520">
    <ele>1142.8</ele>
   </trkpt>
   <trkpt lat="-29.7644410" lon="24.4735620">
    <ele>1142.8</ele>
   </trkpt>
   <trkpt lat="-29.7644090" lon="24.4735890">
    <ele>1142.7</ele>
   </trkpt>
   <trkpt lat="-29.7643980" lon="24.4735970">
    <ele>1142.7</ele>
   </trkpt>
   <trkpt lat="-29.7643660" lon="24.4736240">
    <ele>1142.4</ele>
   </trkpt>
   <trkpt lat="-29.7643560" lon="24.4736350">
    <ele>1142.2</ele>
   </trkpt>
   <trkpt lat="-29.7643260" lon="24.4736640">
    <ele>1141.8</ele>
   </trkpt>
   <trkpt lat="-29.7643160" lon="24.4736740">
    <ele>1141.8</ele>
   </trkpt>
   <trkpt lat="-29.7642930" lon="24.4736920">
    <ele>1141.6</ele>
   </trkpt>
   <trkpt lat="-29.7642630" lon="24.4737170">
    <ele>1141.5</ele>
   </trkpt>
   <trkpt lat="-29.7642530" lon="24.4737270">
    <ele>1141.8</ele>
   </trkpt>
   <trkpt lat="-29.7642210" lon="24.4737510">
    <ele>1141.8</ele>
   </trkpt>
   <trkpt lat="-29.7642110" lon="24.4737590">
    <ele>1141.8</ele>
   </trkpt>
   <trkpt lat="-29.7641790" lon="24.4737760">
    <ele>1142.3</ele>
   </trkpt>
   <trkpt lat="-29.7641700" lon="24.4737820">
    <ele>1142.3</ele>
   </trkpt>
   <trkpt lat="-29.7641450" lon="24.4738120">
    <ele>1142.6</ele>
   </trkpt>
   <trkpt lat="-29.7641350" lon="24.4738200">
    <ele>1142.6</ele>
   </trkpt>
   <trkpt lat="-29.7641060" lon="24.4738410">
    <ele>1142.6</ele>
   </trkpt>
   <trkpt lat="-29.7640960" lon="24.4738480">
    <ele>1142.6</ele>
   </trkpt>
   <trkpt lat="-29.7640700" lon="24.4738720">
    <ele>1142.7</ele>
   </trkpt>
   <trkpt lat="-29.7640610" lon="24.4738810">
    <ele>1142.7</ele>
   </trkpt>
   <trkpt lat="-29.7640300" lon="24.4739020">
    <ele>1142.7</ele>
   </trkpt>
   <trkpt lat="-29.7640190" lon="24.4739080">
    <ele>1142.7</ele>
   </trkpt>
   <trkpt lat="-29.7639910" lon="24.4739320">
    <ele>1142.7</ele>
   </trkpt>
   <trkpt lat="-29.7639810" lon="24.4739390">
    <ele>1142.7</ele>
   </trkpt>
   <trkpt lat="-29.7639500" lon="24.4739620">
    <ele>1142.6</ele>
   </trkpt>
   <trkpt lat="-29.7639380" lon="24.4739670">
    <ele>1142.6</ele>
   </trkpt>
   <trkpt lat="-29.7639110" lon="24.4739920">
    <ele>1142.6</ele>
   </trkpt>
   <trkpt lat="-29.7639000" lon="24.4739990">
    <ele>1142.6</ele>
   </trkpt>
   <trkpt lat="-29.7638690" lon="24.4740230">
    <ele>1142.6</ele>
   </trkpt>
   <trkpt lat="-29.7638570" lon="24.4740300">
    <ele>1142.6</ele>
   </trkpt>
   <trkpt lat="-29.7638280" lon="24.4740550">
    <ele>1142.8</ele>
   </trkpt>
   <trkpt lat="-29.7638170" lon="24.4740640">
    <ele>1143.2</ele>
   </trkpt>
   <trkpt lat="-29.7637890" lon="24.4740910">
    <ele>1143.2</ele>
   </trkpt>
   <trkpt lat="-29.7637780" lon="24.4741010">
    <ele>1143.4</ele>
   </trkpt>
   <trkpt lat="-29.7637450" lon="24.4741200">
    <ele>1143.5</ele>
   </trkpt>
   <trkpt lat="-29.7637330" lon="24.4741260">
    <ele>1143.6</ele>
   </trkpt>
   <trkpt lat="-29.7637030" lon="24.4741550">
    <ele>1143.7</ele>
   </trkpt>
   <trkpt lat="-29.7636930" lon="24.4741660">
    <ele>1143.7</ele>
   </trkpt>
   <trkpt lat="-29.7636660" lon="24.4741960">
    <ele>1143.6</ele>
   </trkpt>
   <trkpt lat="-29.7636560" lon="24.4742060">
    <ele>1143.6</ele>
   </trkpt>
   <trkpt lat="-29.7636370" lon="24.4742290">
    <ele>1143.6</ele>
   </trkpt>
   <trkpt lat="-29.7636140" lon="24.4742470">
    <ele>1143.6</ele>
   </trkpt>
   <trkpt lat="-29.7635870" lon="24.4742590">
    <ele>1143.6</ele>
   </trkpt>
   <trkpt lat="-29.7635540" lon="24.4742830">
    <ele>1143.8</ele>
   </trkpt>
   <trkpt lat="-29.7635420" lon="24.4742910">
    <ele>1143.8</ele>
   </trkpt>
   <trkpt lat="-29.7635100" lon="24.4743140">
    <ele>1144.1</ele>
   </trkpt>
   <trkpt lat="-29.7634990" lon="24.4743220">
    <ele>1144.1</ele>
   </trkpt>
   <trkpt lat="-29.7634720" lon="24.4743480">
    <ele>1144.4</ele>
   </trkpt>
   <trkpt lat="-29.7634620" lon="24.4743570">
    <ele>1144.4</ele>
   </trkpt>
   <trkpt lat="-29.7634280" lon="24.4743790">
    <ele>1144.6</ele>
   </trkpt>
   <trkpt lat="-29.7634160" lon="24.4743850">
    <ele>1144.6</ele>
   </trkpt>
   <trkpt lat="-29.7633860" lon="24.4744100">
    <ele>1144.8</ele>
   </trkpt>
   <trkpt lat="-29.7633770" lon="24.4744180">
    <ele>1144.8</ele>
   </trkpt>
   <trkpt lat="-29.7633450" lon="24.4744410">
    <ele>1144.8</ele>
   </trkpt>
   <trkpt lat="-29.7633360" lon="24.4744500">
    <ele>1145.0</ele>
   </trkpt>
   <trkpt lat="-29.7633040" lon="24.4744750">
    <ele>1145.1</ele>
   </trkpt>
   <trkpt lat="-29.7632940" lon="24.4744860">
    <ele>1145.2</ele>
   </trkpt>
   <trkpt lat="-29.7632660" lon="24.4745120">
    <ele>1145.5</ele>
   </trkpt>
   <trkpt lat="-29.7632550" lon="24.4745210">
    <ele>1145.6</ele>
   </trkpt>
   <trkpt lat="-29.7632180" lon="24.4745420">
    <ele>1145.7</ele>
   </trkpt>
   <trkpt lat="-29.7632030" lon="24.4745460">
    <ele>1145.7</ele>
   </trkpt>
   <trkpt lat="-29.7631750" lon="24.4745750">
    <ele>1145.7</ele>
   </trkpt>
   <trkpt lat="-29.7631660" lon="24.4745850">
    <ele>1145.8</ele>
   </trkpt>
   <trkpt lat="-29.7631360" lon="24.4746120">
    <ele>1145.8</ele>
   </trkpt>
   <trkpt lat="-29.7631250" lon="24.4746190">
    <ele>1145.8</ele>
   </trkpt>
   <trkpt lat="-29.7630950" lon="24.4746460">
    <ele>1146.2</ele>
   </trkpt>
   <trkpt lat="-29.7630860" lon="24.4746570">
    <ele>1146.2</ele>
   </trkpt>
   <trkpt lat="-29.7630640" lon="24.4746760">
    <ele>1146.6</ele>
   </trkpt>
   <trkpt lat="-29.7630320" lon="24.4747040">
    <ele>1146.6</ele>
   </trkpt>
   <trkpt lat="-29.7630200" lon="24.4747120">
    <ele>1146.8</ele>
   </trkpt>
   <trkpt lat="-29.7629980" lon="24.4747320">
    <ele>1146.7</ele>
   </trkpt>
   <trkpt lat="-29.7629780" lon="24.4747520">
    <ele>1146.7</ele>
   </trkpt>
   <trkpt lat="-29.7629530" lon="24.4747690">
    <ele>1146.5</ele>
   </trkpt>
   <trkpt lat="-29.7629160" lon="24.4747900">
    <ele>1146.3</ele>
   </trkpt>
   <trkpt lat="-29.7629030" lon="24.4747980">
    <ele>1146.4</ele>
   </trkpt>
   <trkpt lat="-29.7628820" lon="24.4748190">
    <ele>1146.3</ele>
   </trkpt>
   <trkpt lat="-29.7628600" lon="24.4748380">
    <ele>1146.4</ele>
   </trkpt>
   <trkpt lat="-29.7628330" lon="24.4748620">
    <ele>1146.4</ele>
   </trkpt>
   <trkpt lat="-29.7628090" lon="24.4748820">
    <ele>1146.6</ele>
   </trkpt>
   <trkpt lat="-29.7627840" lon="24.4749010">
    <ele>1146.6</ele>
   </trkpt>
   <trkpt lat="-29.7627600" lon="24.4749200">
    <ele>1146.6</ele>
   </trkpt>
   <trkpt lat="-29.7627390" lon="24.4749410">
    <ele>1146.6</ele>
   </trkpt>
   <trkpt lat="-29.7626550" lon="24.4750050">
    <ele>1146.6</ele>
   </trkpt>
   <trkpt lat="-29.7626160" lon="24.4750300">
    <ele>1146.8</ele>
   </trkpt>
   <trkpt lat="-29.7625560" lon="24.4750740">
    <ele>1147.2</ele>
   </trkpt>
   <trkpt lat="-29.7625310" lon="24.4750920">
    <ele>1147.5</ele>
   </trkpt>
   <trkpt lat="-29.7625020" lon="24.4751170">
    <ele>1147.7</ele>
   </trkpt>
   <trkpt lat="-29.7624790" lon="24.4751390">
    <ele>1147.7</ele>
   </trkpt>
   <trkpt lat="-29.7624680" lon="24.4751470">
    <ele>1147.8</ele>
   </trkpt>
   <trkpt lat="-29.7624400" lon="24.4751730">
    <ele>1148.0</ele>
   </trkpt>
   <trkpt lat="-29.7624290" lon="24.4751780">
    <ele>1148.0</ele>
   </trkpt>
   <trkpt lat="-29.7623970" lon="24.4751920">
    <ele>1147.8</ele>
   </trkpt>
   <trkpt lat="-29.7623880" lon="24.4752000">
    <ele>1147.8</ele>
   </trkpt>
   <trkpt lat="-29.7623650" lon="24.4752330">
    <ele>1147.3</ele>
   </trkpt>
   <trkpt lat="-29.7623560" lon="24.4752430">
    <ele>1147.3</ele>
   </trkpt>
   <trkpt lat="-29.7623300" lon="24.4752720">
    <ele>1147.0</ele>
   </trkpt>
   <trkpt lat="-29.7623210" lon="24.4752800">
    <ele>1146.7</ele>
   </trkpt>
   <trkpt lat="-29.7622920" lon="24.4753080">
    <ele>1146.4</ele>
   </trkpt>
   <trkpt lat="-29.7622840" lon="24.4753190">
    <ele>1146.1</ele>
   </trkpt>
   <trkpt lat="-29.7622550" lon="24.4753520">
    <ele>1145.9</ele>
   </trkpt>
   <trkpt lat="-29.7622400" lon="24.4753600">
    <ele>1145.7</ele>
   </trkpt>
   <trkpt lat="-29.7622020" lon="24.4753800">
    <ele>1145.5</ele>
   </trkpt>
   <trkpt lat="-29.7621860" lon="24.4753830">
    <ele>1145.5</ele>
   </trkpt>
   <trkpt lat="-29.7621600" lon="24.4754180">
    <ele>1145.4</ele>
   </trkpt>
   <trkpt lat="-29.7621530" lon="24.4754300">
    <ele>1145.4</ele>
   </trkpt>
   <trkpt lat="-29.7621270" lon="24.4754460">
    <ele>1145.4</ele>
   </trkpt>
   <trkpt lat="-29.7620940" lon="24.4754700">
    <ele>1145.4</ele>
   </trkpt>
   <trkpt lat="-29.7620830" lon="24.4754780">
    <ele>1145.4</ele>
   </trkpt>
   <trkpt lat="-29.7620500" lon="24.4755010">
    <ele>1145.3</ele>
   </trkpt>
   <trkpt lat="-29.7620370" lon="24.4755060">
    <ele>1145.3</ele>
   </trkpt>
   <trkpt lat="-29.7620140" lon="24.4755250">
    <ele>1145.3</ele>
   </trkpt>
   <trkpt lat="-29.7619850" lon="24.4755550">
    <ele>1145.3</ele>
   </trkpt>
   <trkpt lat="-29.7619740" lon="24.4755640">
    <ele>1145.3</ele>
   </trkpt>
   <trkpt lat="-29.7619450" lon="24.4755900">
    <ele>1145.5</ele>
   </trkpt>
   <trkpt lat="-29.7619340" lon="24.4755990">
    <ele>1145.5</ele>
   </trkpt>
   <trkpt lat="-29.7619060" lon="24.4756250">
    <ele>1145.9</ele>
   </trkpt>
   <trkpt lat="-29.7618960" lon="24.4756340">
    <ele>1145.9</ele>
   </trkpt>
   <trkpt lat="-29.7618690" lon="24.4756640">
    <ele>1146.4</ele>
   </trkpt>
   <trkpt lat="-29.7618610" lon="24.4756750">
    <ele>1146.4</ele>
   </trkpt>
   <trkpt lat="-29.7618370" lon="24.4756930">
    <ele>1146.7</ele>
   </trkpt>
   <trkpt lat="-29.7618130" lon="24.4757080">
    <ele>1147.0</ele>
   </trkpt>
   <trkpt lat="-29.7617890" lon="24.4757230">
    <ele>1147.3</ele>
   </trkpt>
   <trkpt lat="-29.7617550" lon="24.4757450">
    <ele>1147.6</ele>
   </trkpt>
   <trkpt lat="-29.7617440" lon="24.4757540">
    <ele>1147.6</ele>
   </trkpt>
   <trkpt lat="-29.7617210" lon="24.4757710">
    <ele>1147.7</ele>
   </trkpt>
   <trkpt lat="-29.7616980" lon="24.4757900">
    <ele>1147.7</ele>
   </trkpt>
   <trkpt lat="-29.7616690" lon="24.4758220">
    <ele>1147.7</ele>
   </trkpt>
   <trkpt lat="-29.7616580" lon="24.4758330">
    <ele>1147.6</ele>
   </trkpt>
   <trkpt lat="-29.7616250" lon="24.4758570">
    <ele>1147.6</ele>
   </trkpt>
   <trkpt lat="-29.7616110" lon="24.4758620">
    <ele>1147.5</ele>
   </trkpt>
   <trkpt lat="-29.7615820" lon="24.4758920">
    <ele>1147.5</ele>
   </trkpt>
   <trkpt lat="-29.7615690" lon="24.4758980">
    <ele>1147.5</ele>
   </trkpt>
   <trkpt lat="-29.7615460" lon="24.4759160">
    <ele>1147.6</ele>
   </trkpt>
   <trkpt lat="-29.7615120" lon="24.4759410">
    <ele>1147.6</ele>
   </trkpt>
   <trkpt lat="-29.7614990" lon="24.4759480">
    <ele>1147.6</ele>
   </trkpt>
   <trkpt lat="-29.7614750" lon="24.4759610">
    <ele>1147.6</ele>
   </trkpt>
   <trkpt lat="-29.7614440" lon="24.4759910">
    <ele>1147.5</ele>
   </trkpt>
   <trkpt lat="-29.7614320" lon="24.4760000">
    <ele>1147.3</ele>
   </trkpt>
   <trkpt lat="-29.7614040" lon="24.4760310">
    <ele>1147.3</ele>
   </trkpt>
   <trkpt lat="-29.7613930" lon="24.4760410">
    <ele>1147.3</ele>
   </trkpt>
   <trkpt lat="-29.7613610" lon="24.4760670">
    <ele>1147.3</ele>
   </trkpt>
   <trkpt lat="-29.7613500" lon="24.4760740">
    <ele>1147.2</ele>
   </trkpt>
   <trkpt lat="-29.7613200" lon="24.4761000">
    <ele>1147.6</ele>
   </trkpt>
   <trkpt lat="-29.7613110" lon="24.4761100">
    <ele>1147.6</ele>
   </trkpt>
   <trkpt lat="-29.7612760" lon="24.4761340">
    <ele>1147.9</ele>
   </trkpt>
   <trkpt lat="-29.7612640" lon="24.4761400">
    <ele>1147.9</ele>
   </trkpt>
   <trkpt lat="-29.7612330" lon="24.4761650">
    <ele>1147.9</ele>
   </trkpt>
   <trkpt lat="-29.7612220" lon="24.4761740">
    <ele>1148.1</ele>
   </trkpt>
   <trkpt lat="-29.7611920" lon="24.4762050">
    <ele>1148.0</ele>
   </trkpt>
   <trkpt lat="-29.7611810" lon="24.4762160">
    <ele>1148.3</ele>
   </trkpt>
   <trkpt lat="-29.7611510" lon="24.4762440">
    <ele>1148.2</ele>
   </trkpt>
   <trkpt lat="-29.7611400" lon="24.4762520">
    <ele>1148.5</ele>
   </trkpt>
   <trkpt lat="-29.7611180" lon="24.4762720">
    <ele>1148.5</ele>
   </trkpt>
   <trkpt lat="-29.7610910" lon="24.4763060">
    <ele>1148.8</ele>
   </trkpt>
   <trkpt lat="-29.7610800" lon="24.4763160">
    <ele>1148.8</ele>
   </trkpt>
   <trkpt lat="-29.7610540" lon="24.4763330">
    <ele>1148.7</ele>
   </trkpt>
   <trkpt lat="-29.7610210" lon="24.4763590">
    <ele>1148.9</ele>
   </trkpt>
   <trkpt lat="-29.7610100" lon="24.4763700">
    <ele>1148.9</ele>
   </trkpt>
   <trkpt lat="-29.7609890" lon="24.4763900">
    <ele>1149.2</ele>
   </trkpt>
   <trkpt lat="-29.7609630" lon="24.4764040">
    <ele>1149.2</ele>
   </trkpt>
   <trkpt lat="-29.7609410" lon="24.4764220">
    <ele>1149.2</ele>
   </trkpt>
   <trkpt lat="-29.7609240" lon="24.4764460">
    <ele>1149.5</ele>
   </trkpt>
   <trkpt lat="-29.7608980" lon="24.4764620">
    <ele>1149.5</ele>
   </trkpt>
   <trkpt lat="-29.7608670" lon="24.4764890">
    <ele>1149.8</ele>
   </trkpt>
   <trkpt lat="-29.7608550" lon="24.4764960">
    <ele>1149.8</ele>
   </trkpt>
   <trkpt lat="-29.7608260" lon="24.4765210">
    <ele>1150.0</ele>
   </trkpt>
   <trkpt lat="-29.7608160" lon="24.4765280">
    <ele>1150.0</ele>
   </trkpt>
   <trkpt lat="-29.7607860" lon="24.4765540">
    <ele>1150.2</ele>
   </trkpt>
   <trkpt lat="-29.7607750" lon="24.4765600">
    <ele>1150.2</ele>
   </trkpt>
   <trkpt lat="-29.7607460" lon="24.4765840">
    <ele>1150.3</ele>
   </trkpt>
   <trkpt lat="-29.7607340" lon="24.4765880">
    <ele>1150.3</ele>
   </trkpt>
   <trkpt lat="-29.7607010" lon="24.4766070">
    <ele>1150.5</ele>
   </trkpt>
   <trkpt lat="-29.7606900" lon="24.4766140">
    <ele>1150.5</ele>
   </trkpt>
   <trkpt lat="-29.7606600" lon="24.4766390">
    <ele>1150.6</ele>
   </trkpt>
   <trkpt lat="-29.7606510" lon="24.4766480">
    <ele>1150.6</ele>
   </trkpt>
   <trkpt lat="-29.7606220" lon="24.4766770">
    <ele>1150.6</ele>
   </trkpt>
   <trkpt lat="-29.7606080" lon="24.4766840">
    <ele>1150.5</ele>
   </trkpt>
   <trkpt lat="-29.7605750" lon="24.4767050">
    <ele>1150.5</ele>
   </trkpt>
   <trkpt lat="-29.7605630" lon="24.4767100">
    <ele>1150.5</ele>
   </trkpt>
   <trkpt lat="-29.7605310" lon="24.4767330">
    <ele>1150.4</ele>
   </trkpt>
   <trkpt lat="-29.7605200" lon="24.4767390">
    <ele>1150.4</ele>
   </trkpt>
   <trkpt lat="-29.7604900" lon="24.4767650">
    <ele>1150.4</ele>
   </trkpt>
   <trkpt lat="-29.7604790" lon="24.4767720">
    <ele>1150.6</ele>
   </trkpt>
   <trkpt lat="-29.7604550" lon="24.4768030">
    <ele>1150.5</ele>
   </trkpt>
   <trkpt lat="-29.7604440" lon="24.4768110">
    <ele>1150.7</ele>
   </trkpt>
   <trkpt lat="-29.7604090" lon="24.4768320">
    <ele>1150.6</ele>
   </trkpt>
   <trkpt lat="-29.7603990" lon="24.4768410">
    <ele>1150.6</ele>
   </trkpt>
   <trkpt lat="-29.7603750" lon="24.4768690">
    <ele>1150.6</ele>
   </trkpt>
   <trkpt lat="-29.7603700" lon="24.4768800">
    <ele>1150.6</ele>
   </trkpt>
   <trkpt lat="-29.7603530" lon="24.4769150">
    <ele>1150.6</ele>
   </trkpt>
   <trkpt lat="-29.7603450" lon="24.4769240">
    <ele>1150.6</ele>
   </trkpt>
   <trkpt lat="-29.7603210" lon="24.4769520">
    <ele>1150.9</ele>
   </trkpt>
   <trkpt lat="-29.7603130" lon="24.4769620">
    <ele>1150.6</ele>
   </trkpt>
   <trkpt lat="-29.7602950" lon="24.4769960">
    <ele>1150.9</ele>
   </trkpt>
   <trkpt lat="-29.7602890" lon="24.4770060">
    <ele>1150.9</ele>
   </trkpt>
   <trkpt lat="-29.7602650" lon="24.4770360">
    <ele>1150.9</ele>
   </trkpt>
   <trkpt lat="-29.7602580" lon="24.4770460">
    <ele>1150.9</ele>
   </trkpt>
   <trkpt lat="-29.7602390" lon="24.4770800">
    <ele>1151.1</ele>
   </trkpt>
   <trkpt lat="-29.7602340" lon="24.4770920">
    <ele>1151.1</ele>
   </trkpt>
   <trkpt lat="-29.7602180" lon="24.4771300">
    <ele>1151.4</ele>
   </trkpt>
   <trkpt lat="-29.7602120" lon="24.4771420">
    <ele>1151.4</ele>
   </trkpt>
   <trkpt lat="-29.7601890" lon="24.4771750">
    <ele>1151.8</ele>
   </trkpt>
   <trkpt lat="-29.7601830" lon="24.4771850">
    <ele>1151.8</ele>
   </trkpt>
   <trkpt lat="-29.7601700" lon="24.4772150">
    <ele>1152.1</ele>
   </trkpt>
   <trkpt lat="-29.7601520" lon="24.4772460">
    <ele>1152.3</ele>
   </trkpt>
   <trkpt lat="-29.7601450" lon="24.4772570">
    <ele>1152.3</ele>
   </trkpt>
   <trkpt lat="-29.7601280" lon="24.4772930">
    <ele>1152.3</ele>
   </trkpt>
   <trkpt lat="-29.7601220" lon="24.4773050">
    <ele>1152.3</ele>
   </trkpt>
   <trkpt lat="-29.7601100" lon="24.4773450">
    <ele>1152.2</ele>
   </trkpt>
   <trkpt lat="-29.7601070" lon="24.4773580">
    <ele>1152.2</ele>
   </trkpt>
   <trkpt lat="-29.7600860" lon="24.4773980">
    <ele>1152.1</ele>
   </trkpt>
   <trkpt lat="-29.7600770" lon="24.4774100">
    <ele>1152.1</ele>
   </trkpt>
   <trkpt lat="-29.7600600" lon="24.4774510">
    <ele>1152.1</ele>
   </trkpt>
   <trkpt lat="-29.7600520" lon="24.4774640">
    <ele>1152.4</ele>
   </trkpt>
   <trkpt lat="-29.7600330" lon="24.4775020">
    <ele>1152.7</ele>
   </trkpt>
   <trkpt lat="-29.7600280" lon="24.4775150">
    <ele>1152.7</ele>
   </trkpt>
   <trkpt lat="-29.7600100" lon="24.4775550">
    <ele>1153.1</ele>
   </trkpt>
   <trkpt lat="-29.7600030" lon="24.4775670">
    <ele>1153.1</ele>
   </trkpt>
   <trkpt lat="-29.7599810" lon="24.4776040">
    <ele>1153.1</ele>
   </trkpt>
   <trkpt lat="-29.7599730" lon="24.4776150">
    <ele>1153.1</ele>
   </trkpt>
   <trkpt lat="-29.7599460" lon="24.4776480">
    <ele>1153.4</ele>
   </trkpt>
   <trkpt lat="-29.7599370" lon="24.4776590">
    <ele>1153.1</ele>
   </trkpt>
   <trkpt lat="-29.7599210" lon="24.4776980">
    <ele>1153.4</ele>
   </trkpt>
   <trkpt lat="-29.7599140" lon="24.4777100">
    <ele>1153.4</ele>
   </trkpt>
   <trkpt lat="-29.7598960" lon="24.4777460">
    <ele>1153.3</ele>
   </trkpt>
   <trkpt lat="-29.7598900" lon="24.4777580">
    <ele>1153.6</ele>
   </trkpt>
   <trkpt lat="-29.7598710" lon="24.4777920">
    <ele>1153.6</ele>
   </trkpt>
   <trkpt lat="-29.7598650" lon="24.4778020">
    <ele>1153.8</ele>
   </trkpt>
   <trkpt lat="-29.7598480" lon="24.4778270">
    <ele>1153.8</ele>
   </trkpt>
   <trkpt lat="-29.7598350" lon="24.4778610">
    <ele>1154.3</ele>
   </trkpt>
   <trkpt lat="-29.7598300" lon="24.4778750">
    <ele>1154.1</ele>
   </trkpt>
   <trkpt lat="-29.7598110" lon="24.4779030">
    <ele>1154.7</ele>
   </trkpt>
   <trkpt lat="-29.7598050" lon="24.4779130">
    <ele>1154.7</ele>
   </trkpt>
   <trkpt lat="-29.7597860" lon="24.4779470">
    <ele>1155.0</ele>
   </trkpt>
   <trkpt lat="-29.7597820" lon="24.4779570">
    <ele>1155.0</ele>
   </trkpt>
   <trkpt lat="-29.7597630" lon="24.4779880">
    <ele>1155.3</ele>
   </trkpt>
   <trkpt lat="-29.7597540" lon="24.4779990">
    <ele>1155.1</ele>
   </trkpt>
   <trkpt lat="-29.7597470" lon="24.4780280">
    <ele>1155.3</ele>
   </trkpt>
   <trkpt lat="-29.7597430" lon="24.4780390">
    <ele>1155.3</ele>
   </trkpt>
   <trkpt lat="-29.7597300" lon="24.4780700">
    <ele>1155.4</ele>
   </trkpt>
   <trkpt lat="-29.7597260" lon="24.4780810">
    <ele>1155.4</ele>
   </trkpt>
   <trkpt lat="-29.7597070" lon="24.4781140">
    <ele>1155.4</ele>
   </trkpt>
   <trkpt lat="-29.7597030" lon="24.4781250">
    <ele>1155.4</ele>
   </trkpt>
   <trkpt lat="-29.7596900" lon="24.4781600">
    <ele>1155.5</ele>
   </trkpt>
   <trkpt lat="-29.7596820" lon="24.4781690">
    <ele>1155.3</ele>
   </trkpt>
   <trkpt lat="-29.7596640" lon="24.4781960">
    <ele>1155.5</ele>
   </trkpt>
   <trkpt lat="-29.7596590" lon="24.4782050">
    <ele>1155.5</ele>
   </trkpt>
   <trkpt lat="-29.7596390" lon="24.4782300">
    <ele>1155.5</ele>
   </trkpt>
   <trkpt lat="-29.7596330" lon="24.4782380">
    <ele>1155.5</ele>
   </trkpt>
   <trkpt lat="-29.7596150" lon="24.4782630">
    <ele>1155.5</ele>
   </trkpt>
   <trkpt lat="-29.7595980" lon="24.4782910">
    <ele>1155.5</ele>
   </trkpt>
   <trkpt lat="-29.7595890" lon="24.4783080">
    <ele>1155.5</ele>
   </trkpt>
   <trkpt lat="-29.7595660" lon="24.4783340">
    <ele>1155.6</ele>
   </trkpt>
   <trkpt lat="-29.7595510" lon="24.4783480">
    <ele>1155.6</ele>
   </trkpt>
   <trkpt lat="-29.7595200" lon="24.4783590">
    <ele>1155.4</ele>
   </trkpt>
   <trkpt lat="-29.7594900" lon="24.4783640">
    <ele>1155.0</ele>
   </trkpt>
   <trkpt lat="-29.7594640" lon="24.4783730">
    <ele>1155.0</ele>
   </trkpt>
   <trkpt lat="-29.7594360" lon="24.4783720">
    <ele>1154.7</ele>
   </trkpt>
   <trkpt lat="-29.7594040" lon="24.4783690">
    <ele>1154.3</ele>
   </trkpt>
   <trkpt lat="-29.7593680" lon="24.4783670">
    <ele>1154.2</ele>
   </trkpt>
   <trkpt lat="-29.7593550" lon="24.4783630">
    <ele>1154.2</ele>
   </trkpt>
   <trkpt lat="-29.7593230" lon="24.4783660">
    <ele>1154.1</ele>
   </trkpt>
   <trkpt lat="-29.7593130" lon="24.4783670">
    <ele>1154.1</ele>
   </trkpt>
   <trkpt lat="-29.7592820" lon="24.4783570">
    <ele>1154.1</ele>
   </trkpt>
   <trkpt lat="-29.7592560" lon="24.4783450">
    <ele>1154.3</ele>
   </trkpt>
   <trkpt lat="-29.7592270" lon="24.4783280">
    <ele>1154.3</ele>
   </trkpt>
   <trkpt lat="-29.7591890" lon="24.4783220">
    <ele>1154.3</ele>
   </trkpt>
   <trkpt lat="-29.7591760" lon="24.4783230">
    <ele>1154.3</ele>
   </trkpt>
   <trkpt lat="-29.7591470" lon="24.4783200">
    <ele>1154.3</ele>
   </trkpt>
   <trkpt lat="-29.7591380" lon="24.4783170">
    <ele>1154.3</ele>
   </trkpt>
   <trkpt lat="-29.7591060" lon="24.4783120">
    <ele>1154.3</ele>
   </trkpt>
   <trkpt lat="-29.7590930" lon="24.4783100">
    <ele>1154.1</ele>
   </trkpt>
   <trkpt lat="-29.7590640" lon="24.4783060">
    <ele>1154.3</ele>
   </trkpt>
   <trkpt lat="-29.7590290" lon="24.4783070">
    <ele>1154.5</ele>
   </trkpt>
   <trkpt lat="-29.7590210" lon="24.4783100">
    <ele>1154.5</ele>
   </trkpt>
   <trkpt lat="-29.7590120" lon="24.4783140">
    <ele>1154.9</ele>
   </trkpt>
   <trkpt lat="-29.7589900" lon="24.4783030">
    <ele>1154.8</ele>
   </trkpt>
   <trkpt lat="-29.7589780" lon="24.4782970">
    <ele>1154.8</ele>
   </trkpt>
   <trkpt lat="-29.7589440" lon="24.4782880">
    <ele>1155.1</ele>
   </trkpt>
   <trkpt lat="-29.7589290" lon="24.4782840">
    <ele>1155.3</ele>
   </trkpt>
   <trkpt lat="-29.7589260" lon="24.4782850">
    <ele>1155.2</ele>
   </trkpt>
   <trkpt lat="-29.7589130" lon="24.4782780">
    <ele>1155.2</ele>
   </trkpt>
   <trkpt lat="-29.7588990" lon="24.4782640">
    <ele>1155.1</ele>
   </trkpt>
   <trkpt lat="-29.7588890" lon="24.4782630">
    <ele>1155.1</ele>
   </trkpt>
   <trkpt lat="-29.7588800" lon="24.4782620">
    <ele>1155.1</ele>
   </trkpt>
   <trkpt lat="-29.7588640" lon="24.4782620">
    <ele>1155.0</ele>
   </trkpt>
   <trkpt lat="-29.7588510" lon="24.4782620">
    <ele>1155.0</ele>
   </trkpt>
   <trkpt lat="-29.7588330" lon="24.4782620">
    <ele>1155.0</ele>
   </trkpt>
   <trkpt lat="-29.7588230" lon="24.4782560">
    <ele>1154.9</ele>
   </trkpt>
   <trkpt lat="-29.7587970" lon="24.4782530">
    <ele>1154.9</ele>
   </trkpt>
   <trkpt lat="-29.7587630" lon="24.4782550">
    <ele>1154.8</ele>
   </trkpt>
   <trkpt lat="-29.7587540" lon="24.4782580">
    <ele>1154.8</ele>
   </trkpt>
   <trkpt lat="-29.7587220" lon="24.4782560">
    <ele>1154.8</ele>
   </trkpt>
   <trkpt lat="-29.7587120" lon="24.4782560">
    <ele>1154.8</ele>
   </trkpt>
   <trkpt lat="-29.7587090" lon="24.4782610">
    <ele>1154.8</ele>
   </trkpt>
   <trkpt lat="-29.7586840" lon="24.4782450">
    <ele>1154.8</ele>
   </trkpt>
   <trkpt lat="-29.7586590" lon="24.4782390">
    <ele>1154.8</ele>
   </trkpt>
   <trkpt lat="-29.7586450" lon="24.4782340">
    <ele>1154.8</ele>
   </trkpt>
   <trkpt lat="-29.7586230" lon="24.4782330">
    <ele>1154.9</ele>
   </trkpt>
   <trkpt lat="-29.7586090" lon="24.4782320">
    <ele>1154.9</ele>
   </trkpt>
   <trkpt lat="-29.7585840" lon="24.4782260">
    <ele>1154.9</ele>
   </trkpt>
   <trkpt lat="-29.7585670" lon="24.4782240">
    <ele>1154.7</ele>
   </trkpt>
   <trkpt lat="-29.7585450" lon="24.4782180">
    <ele>1154.7</ele>
   </trkpt>
   <trkpt lat="-29.7585300" lon="24.4782130">
    <ele>1154.7</ele>
   </trkpt>
   <trkpt lat="-29.7585070" lon="24.4782100">
    <ele>1154.7</ele>
   </trkpt>
   <trkpt lat="-29.7584920" lon="24.4782100">
    <ele>1154.7</ele>
   </trkpt>
   <trkpt lat="-29.7584630" lon="24.4781990">
    <ele>1154.6</ele>
   </trkpt>
   <trkpt lat="-29.7584530" lon="24.4781980">
    <ele>1154.5</ele>
   </trkpt>
   <trkpt lat="-29.7584160" lon="24.4781860">
    <ele>1154.5</ele>
   </trkpt>
   <trkpt lat="-29.7584020" lon="24.4781840">
    <ele>1154.5</ele>
   </trkpt>
   <trkpt lat="-29.7583650" lon="24.4781740">
    <ele>1154.2</ele>
   </trkpt>
   <trkpt lat="-29.7583430" lon="24.4781680">
    <ele>1154.2</ele>
   </trkpt>
   <trkpt lat="-29.7583350" lon="24.4781670">
    <ele>1154.3</ele>
   </trkpt>
   <trkpt lat="-29.7583070" lon="24.4781670">
    <ele>1154.3</ele>
   </trkpt>
   <trkpt lat="-29.7582830" lon="24.4781480">
    <ele>1154.5</ele>
   </trkpt>
   <trkpt lat="-29.7582710" lon="24.4781440">
    <ele>1154.5</ele>
   </trkpt>
   <trkpt lat="-29.7582380" lon="24.4781430">
    <ele>1154.8</ele>
   </trkpt>
   <trkpt lat="-29.7582290" lon="24.4781430">
    <ele>1155.1</ele>
   </trkpt>
   <trkpt lat="-29.7581970" lon="24.4781400">
    <ele>1155.1</ele>
   </trkpt>
   <trkpt lat="-29.7581900" lon="24.4781420">
    <ele>1155.2</ele>
   </trkpt>
   <trkpt lat="-29.7581600" lon="24.4781270">
    <ele>1155.2</ele>
   </trkpt>
   <trkpt lat="-29.7581510" lon="24.4781260">
    <ele>1155.2</ele>
   </trkpt>
   <trkpt lat="-29.7581190" lon="24.4781310">
    <ele>1155.2</ele>
   </trkpt>
   <trkpt lat="-29.7581070" lon="24.4781330">
    <ele>1155.2</ele>
   </trkpt>
   <trkpt lat="-29.7580800" lon="24.4781320">
    <ele>1155.1</ele>
   </trkpt>
   <trkpt lat="-29.7580670" lon="24.4781320">
    <ele>1155.1</ele>
   </trkpt>
   <trkpt lat="-29.7580450" lon="24.4781490">
    <ele>1155.3</ele>
   </trkpt>
   <trkpt lat="-29.7580320" lon="24.4781560">
    <ele>1155.3</ele>
   </trkpt>
   <trkpt lat="-29.7580210" lon="24.4781620">
    <ele>1155.3</ele>
   </trkpt>
   <trkpt lat="-29.7580020" lon="24.4781710">
    <ele>1155.3</ele>
   </trkpt>
   <trkpt lat="-29.7579870" lon="24.4781760">
    <ele>1155.3</ele>
   </trkpt>
   <trkpt lat="-29.7579790" lon="24.4781920">
    <ele>1155.6</ele>
   </trkpt>
   <trkpt lat="-29.7579550" lon="24.4782200">
    <ele>1155.6</ele>
   </trkpt>
   <trkpt lat="-29.7579450" lon="24.4782280">
    <ele>1155.8</ele>
   </trkpt>
   <trkpt lat="-29.7579330" lon="24.4782410">
    <ele>1155.8</ele>
   </trkpt>
   <trkpt lat="-29.7579220" lon="24.4782530">
    <ele>1155.8</ele>
   </trkpt>
   <trkpt lat="-29.7579080" lon="24.4782660">
    <ele>1155.8</ele>
   </trkpt>
   <trkpt lat="-29.7579020" lon="24.4782760">
    <ele>1156.0</ele>
   </trkpt>
   <trkpt lat="-29.7578890" lon="24.4782820">
    <ele>1156.1</ele>
   </trkpt>
   <trkpt lat="-29.7578800" lon="24.4782850">
    <ele>1156.1</ele>
   </trkpt>
   <trkpt lat="-29.7578750" lon="24.4782880">
    <ele>1156.1</ele>
   </trkpt>
   <trkpt lat="-29.7578720" lon="24.4782870">
    <ele>1156.1</ele>
   </trkpt>
   <trkpt lat="-29.7578740" lon="24.4782840">
    <ele>1156.1</ele>
   </trkpt>
   <trkpt lat="-29.7578720" lon="24.4782840">
    <ele>1156.1</ele>
   </trkpt>
   <trkpt lat="-29.7578720" lon="24.4782830">
    <ele>1156.1</ele>
   </trkpt>
   <trkpt lat="-29.7578720" lon="24.4782830">
    <ele>1156.1</ele>
   </trkpt>
   <trkpt lat="-29.7578720" lon="24.4782830">
    <ele>1156.1</ele>
   </trkpt>
   <trkpt lat="-29.7578720" lon="24.4782830">
    <ele>1156.1</ele>
   </trkpt>
   <trkpt lat="-29.7578710" lon="24.4782820">
    <ele>1156.1</ele>
   </trkpt>
   <trkpt lat="-29.7578690" lon="24.4782830">
    <ele>1156.1</ele>
   </trkpt>
   <trkpt lat="-29.7578700" lon="24.4782830">
    <ele>1156.1</ele>
   </trkpt>
   <trkpt lat="-29.7578430" lon="24.4783180">
    <ele>1156.5</ele>
   </trkpt>
   <trkpt lat="-29.7578300" lon="24.4783320">
    <ele>1156.5</ele>
   </trkpt>
   <trkpt lat="-29.7578110" lon="24.4783570">
    <ele>1156.8</ele>
   </trkpt>
   <trkpt lat="-29.7578010" lon="24.4783650">
    <ele>1156.8</ele>
   </trkpt>
   <trkpt lat="-29.7577760" lon="24.4783920">
    <ele>1157.1</ele>
   </trkpt>
   <trkpt lat="-29.7577630" lon="24.4784020">
    <ele>1157.1</ele>
   </trkpt>
   <trkpt lat="-29.7577460" lon="24.4784310">
    <ele>1157.1</ele>
   </trkpt>
   <trkpt lat="-29.7577410" lon="24.4784400">
    <ele>1157.3</ele>
   </trkpt>
   <trkpt lat="-29.7577250" lon="24.4784720">
    <ele>1157.2</ele>
   </trkpt>
   <trkpt lat="-29.7577170" lon="24.4784820">
    <ele>1157.2</ele>
   </trkpt>
   <trkpt lat="-29.7576940" lon="24.4784990">
    <ele>1157.2</ele>
   </trkpt>
   <trkpt lat="-29.7576690" lon="24.4785310">
    <ele>1157.2</ele>
   </trkpt>
   <trkpt lat="-29.7576590" lon="24.4785430">
    <ele>1157.2</ele>
   </trkpt>
   <trkpt lat="-29.7576380" lon="24.4785720">
    <ele>1157.0</ele>
   </trkpt>
   <trkpt lat="-29.7576290" lon="24.4785800">
    <ele>1157.1</ele>
   </trkpt>
   <trkpt lat="-29.7576030" lon="24.4785950">
    <ele>1157.1</ele>
   </trkpt>
   <trkpt lat="-29.7575750" lon="24.4786180">
    <ele>1157.1</ele>
   </trkpt>
   <trkpt lat="-29.7575660" lon="24.4786270">
    <ele>1157.1</ele>
   </trkpt>
   <trkpt lat="-29.7575380" lon="24.4786530">
    <ele>1157.3</ele>
   </trkpt>
   <trkpt lat="-29.7575240" lon="24.4786590">
    <ele>1157.3</ele>
   </trkpt>
   <trkpt lat="-29.7575080" lon="24.4786770">
    <ele>1157.5</ele>
   </trkpt>
   <trkpt lat="-29.7575060" lon="24.4786890">
    <ele>1157.5</ele>
   </trkpt>
   <trkpt lat="-29.7574830" lon="24.4787120">
    <ele>1157.8</ele>
   </trkpt>
   <trkpt lat="-29.7574760" lon="24.4787210">
    <ele>1157.8</ele>
   </trkpt>
   <trkpt lat="-29.7574530" lon="24.4787480">
    <ele>1157.9</ele>
   </trkpt>
   <trkpt lat="-29.7574490" lon="24.4787540">
    <ele>1157.9</ele>
   </trkpt>
   <trkpt lat="-29.7574100" lon="24.4787680">
    <ele>1158.1</ele>
   </trkpt>
   <trkpt lat="-29.7574060" lon="24.4787760">
    <ele>1158.1</ele>
   </trkpt>
   <trkpt lat="-29.7573940" lon="24.4787970">
    <ele>1158.0</ele>
   </trkpt>
   <trkpt lat="-29.7573700" lon="24.4788210">
    <ele>1158.1</ele>
   </trkpt>
   <trkpt lat="-29.7573640" lon="24.4788280">
    <ele>1158.0</ele>
   </trkpt>
   <trkpt lat="-29.7573440" lon="24.4788530">
    <ele>1158.0</ele>
   </trkpt>
   <trkpt lat="-29.7573240" lon="24.4788810">
    <ele>1158.0</ele>
   </trkpt>
   <trkpt lat="-29.7573100" lon="24.4788970">
    <ele>1158.0</ele>
   </trkpt>
   <trkpt lat="-29.7572990" lon="24.4789010">
    <ele>1158.0</ele>
   </trkpt>
   <trkpt lat="-29.7572820" lon="24.4789180">
    <ele>1158.0</ele>
   </trkpt>
   <trkpt lat="-29.7572570" lon="24.4789400">
    <ele>1157.9</ele>
   </trkpt>
   <trkpt lat="-29.7572390" lon="24.4789740">
    <ele>1157.9</ele>
   </trkpt>
   <trkpt lat="-29.7572300" lon="24.4789910">
    <ele>1157.9</ele>
   </trkpt>
   <trkpt lat="-29.7572090" lon="24.4790120">
    <ele>1157.9</ele>
   </trkpt>
   <trkpt lat="-29.7571970" lon="24.4790210">
    <ele>1157.9</ele>
   </trkpt>
   <trkpt lat="-29.7571730" lon="24.4790380">
    <ele>1157.9</ele>
   </trkpt>
   <trkpt lat="-29.7571450" lon="24.4790570">
    <ele>1158.0</ele>
   </trkpt>
   <trkpt lat="-29.7571240" lon="24.4790770">
    <ele>1158.0</ele>
   </trkpt>
   <trkpt lat="-29.7570900" lon="24.4790990">
    <ele>1158.0</ele>
   </trkpt>
   <trkpt lat="-29.7570790" lon="24.4791070">
    <ele>1158.0</ele>
   </trkpt>
   <trkpt lat="-29.7570510" lon="24.4791370">
    <ele>1158.0</ele>
   </trkpt>
   <trkpt lat="-29.7570430" lon="24.4791490">
    <ele>1158.0</ele>
   </trkpt>
   <trkpt lat="-29.7570270" lon="24.4791850">
    <ele>1158.1</ele>
   </trkpt>
   <trkpt lat="-29.7570190" lon="24.4791960">
    <ele>1158.1</ele>
   </trkpt>
   <trkpt lat="-29.7569930" lon="24.4792130">
    <ele>1158.3</ele>
   </trkpt>
   <trkpt lat="-29.7569700" lon="24.4792310">
    <ele>1158.3</ele>
   </trkpt>
   <trkpt lat="-29.7569440" lon="24.4792620">
    <ele>1158.4</ele>
   </trkpt>
   <trkpt lat="-29.7569350" lon="24.4792720">
    <ele>1158.4</ele>
   </trkpt>
   <trkpt lat="-29.7569090" lon="24.4793040">
    <ele>1158.4</ele>
   </trkpt>
   <trkpt lat="-29.7569000" lon="24.4793140">
    <ele>1158.4</ele>
   </trkpt>
   <trkpt lat="-29.7568780" lon="24.4793460">
    <ele>1158.2</ele>
   </trkpt>
   <trkpt lat="-29.7568720" lon="24.4793550">
    <ele>1158.2</ele>
   </trkpt>
   <trkpt lat="-29.7568490" lon="24.4793870">
    <ele>1158.3</ele>
   </trkpt>
   <trkpt lat="-29.7568410" lon="24.4793950">
    <ele>1158.3</ele>
   </trkpt>
   <trkpt lat="-29.7568140" lon="24.4794280">
    <ele>1158.6</ele>
   </trkpt>
   <trkpt lat="-29.7567930" lon="24.4794490">
    <ele>1158.6</ele>
   </trkpt>
   <trkpt lat="-29.7567850" lon="24.4794600">
    <ele>1158.6</ele>
   </trkpt>
   <trkpt lat="-29.7567650" lon="24.4794860">
    <ele>1159.0</ele>
   </trkpt>
   <trkpt lat="-29.7567390" lon="24.4795110">
    <ele>1159.0</ele>
   </trkpt>
   <trkpt lat="-29.7567300" lon="24.4795210">
    <ele>1159.3</ele>
   </trkpt>
   <trkpt lat="-29.7567130" lon="24.4795460">
    <ele>1159.3</ele>
   </trkpt>
   <trkpt lat="-29.7566920" lon="24.4795750">
    <ele>1159.4</ele>
   </trkpt>
   <trkpt lat="-29.7566830" lon="24.4795860">
    <ele>1159.4</ele>
   </trkpt>
   <trkpt lat="-29.7566620" lon="24.4796160">
    <ele>1159.4</ele>
   </trkpt>
   <trkpt lat="-29.7566560" lon="24.4796260">
    <ele>1159.4</ele>
   </trkpt>
   <trkpt lat="-29.7566280" lon="24.4796570">
    <ele>1159.3</ele>
   </trkpt>
   <trkpt lat="-29.7566180" lon="24.4796650">
    <ele>1159.3</ele>
   </trkpt>
   <trkpt lat="-29.7565920" lon="24.4796960">
    <ele>1159.5</ele>
   </trkpt>
   <trkpt lat="-29.7565830" lon="24.4797080">
    <ele>1159.3</ele>
   </trkpt>
   <trkpt lat="-29.7565610" lon="24.4797340">
    <ele>1159.5</ele>
   </trkpt>
   <trkpt lat="-29.7565480" lon="24.4797430">
    <ele>1159.4</ele>
   </trkpt>
   <trkpt lat="-29.7565300" lon="24.4797760">
    <ele>1159.7</ele>
   </trkpt>
   <trkpt lat="-29.7565220" lon="24.4797840">
    <ele>1159.7</ele>
   </trkpt>
   <trkpt lat="-29.7565020" lon="24.4798190">
    <ele>1160.0</ele>
   </trkpt>
   <trkpt lat="-29.7564810" lon="24.4798400">
    <ele>1160.0</ele>
   </trkpt>
   <trkpt lat="-29.7564740" lon="24.4798500">
    <ele>1160.0</ele>
   </trkpt>
   <trkpt lat="-29.7564550" lon="24.4798790">
    <ele>1160.1</ele>
   </trkpt>
   <trkpt lat="-29.7564430" lon="24.4799070">
    <ele>1160.1</ele>
   </trkpt>
   <trkpt lat="-29.7564370" lon="24.4799190">
    <ele>1160.0</ele>
   </trkpt>
   <trkpt lat="-29.7564110" lon="24.4799510">
    <ele>1159.9</ele>
   </trkpt>
   <trkpt lat="-29.7564000" lon="24.4799590">
    <ele>1159.9</ele>
   </trkpt>
   <trkpt lat="-29.7563810" lon="24.4799920">
    <ele>1159.9</ele>
   </trkpt>
   <trkpt lat="-29.7563680" lon="24.4800200">
    <ele>1159.9</ele>
   </trkpt>
   <trkpt lat="-29.7563610" lon="24.4800320">
    <ele>1160.1</ele>
   </trkpt>
   <trkpt lat="-29.7563450" lon="24.4800590">
    <ele>1160.1</ele>
   </trkpt>
   <trkpt lat="-29.7563230" lon="24.4800990">
    <ele>1160.4</ele>
   </trkpt>
   <trkpt lat="-29.7563100" lon="24.4801190">
    <ele>1160.7</ele>
   </trkpt>
   <trkpt lat="-29.7562980" lon="24.4801420">
    <ele>1160.7</ele>
   </trkpt>
   <trkpt lat="-29.7562910" lon="24.4801550">
    <ele>1160.6</ele>
   </trkpt>
   <trkpt lat="-29.7562730" lon="24.4801910">
    <ele>1160.9</ele>
   </trkpt>
   <trkpt lat="-29.7562650" lon="24.4802010">
    <ele>1161.1</ele>
   </trkpt>
   <trkpt lat="-29.7562380" lon="24.4802350">
    <ele>1161.1</ele>
   </trkpt>
   <trkpt lat="-29.7562230" lon="24.4802630">
    <ele>1161.3</ele>
   </trkpt>
   <trkpt lat="-29.7562180" lon="24.4802750">
    <ele>1161.3</ele>
   </trkpt>
   <trkpt lat="-29.7562030" lon="24.4803070">
    <ele>1161.6</ele>
   </trkpt>
   <trkpt lat="-29.7561870" lon="24.4803380">
    <ele>1161.9</ele>
   </trkpt>
   <trkpt lat="-29.7561770" lon="24.4803510">
    <ele>1161.9</ele>
   </trkpt>
   <trkpt lat="-29.7561600" lon="24.4803780">
    <ele>1162.2</ele>
   </trkpt>
   <trkpt lat="-29.7561410" lon="24.4804060">
    <ele>1162.2</ele>
   </trkpt>
   <trkpt lat="-29.7561220" lon="24.4804300">
    <ele>1162.4</ele>
   </trkpt>
   <trkpt lat="-29.7561020" lon="24.4804660">
    <ele>1162.6</ele>
   </trkpt>
   <trkpt lat="-29.7560950" lon="24.4804780">
    <ele>1162.6</ele>
   </trkpt>
   <trkpt lat="-29.7560740" lon="24.4804990">
    <ele>1162.6</ele>
   </trkpt>
   <trkpt lat="-29.7560490" lon="24.4805350">
    <ele>1162.8</ele>
   </trkpt>
   <trkpt lat="-29.7560400" lon="24.4805460">
    <ele>1163.0</ele>
   </trkpt>
   <trkpt lat="-29.7560190" lon="24.4805770">
    <ele>1163.0</ele>
   </trkpt>
   <trkpt lat="-29.7560150" lon="24.4805860">
    <ele>1163.0</ele>
   </trkpt>
   <trkpt lat="-29.7560020" lon="24.4806170">
    <ele>1163.0</ele>
   </trkpt>
   <trkpt lat="-29.7559990" lon="24.4806280">
    <ele>1163.0</ele>
   </trkpt>
   <trkpt lat="-29.7559790" lon="24.4806590">
    <ele>1163.0</ele>
   </trkpt>
   <trkpt lat="-29.7559690" lon="24.4806680">
    <ele>1163.0</ele>
   </trkpt>
   <trkpt lat="-29.7559350" lon="24.4807030">
    <ele>1162.9</ele>
   </trkpt>
   <trkpt lat="-29.7559130" lon="24.4807110">
    <ele>1162.8</ele>
   </trkpt>
   <trkpt lat="-29.7558870" lon="24.4807360">
    <ele>1162.8</ele>
   </trkpt>
   <trkpt lat="-29.7558640" lon="24.4807600">
    <ele>1162.8</ele>
   </trkpt>
   <trkpt lat="-29.7558370" lon="24.4807800">
    <ele>1162.8</ele>
   </trkpt>
   <trkpt lat="-29.7558190" lon="24.4808060">
    <ele>1162.9</ele>
   </trkpt>
   <trkpt lat="-29.7557990" lon="24.4808280">
    <ele>1162.9</ele>
   </trkpt>
   <trkpt lat="-29.7557720" lon="24.4808460">
    <ele>1162.9</ele>
   </trkpt>
   <trkpt lat="-29.7557490" lon="24.4808680">
    <ele>1162.8</ele>
   </trkpt>
   <trkpt lat="-29.7557230" lon="24.4808840">
    <ele>1162.8</ele>
   </trkpt>
   <trkpt lat="-29.7556870" lon="24.4809080">
    <ele>1162.7</ele>
   </trkpt>
   <trkpt lat="-29.7556750" lon="24.4809150">
    <ele>1162.7</ele>
   </trkpt>
   <trkpt lat="-29.7556480" lon="24.4809230">
    <ele>1162.8</ele>
   </trkpt>
   <trkpt lat="-29.7556070" lon="24.4809280">
    <ele>1162.9</ele>
   </trkpt>
   <trkpt lat="-29.7555910" lon="24.4809270">
    <ele>1162.9</ele>
   </trkpt>
   <trkpt lat="-29.7555530" lon="24.4809210">
    <ele>1163.2</ele>
   </trkpt>
   <trkpt lat="-29.7555400" lon="24.4809180">
    <ele>1163.5</ele>
   </trkpt>
   <trkpt lat="-29.7555050" lon="24.4809120">
    <ele>1163.8</ele>
   </trkpt>
   <trkpt lat="-29.7554930" lon="24.4809110">
    <ele>1163.8</ele>
   </trkpt>
   <trkpt lat="-29.7554550" lon="24.4809080">
    <ele>1164.2</ele>
   </trkpt>
   <trkpt lat="-29.7554420" lon="24.4809090">
    <ele>1164.2</ele>
   </trkpt>
   <trkpt lat="-29.7554080" lon="24.4808980">
    <ele>1164.5</ele>
   </trkpt>
   <trkpt lat="-29.7553970" lon="24.4808960">
    <ele>1164.7</ele>
   </trkpt>
   <trkpt lat="-29.7553610" lon="24.4808890">
    <ele>1164.9</ele>
   </trkpt>
   <trkpt lat="-29.7553480" lon="24.4808850">
    <ele>1164.8</ele>
   </trkpt>
   <trkpt lat="-29.7553200" lon="24.4808720">
    <ele>1164.8</ele>
   </trkpt>
   <trkpt lat="-29.7552910" lon="24.4808680">
    <ele>1164.8</ele>
   </trkpt>
   <trkpt lat="-29.7552610" lon="24.4808650">
    <ele>1164.7</ele>
   </trkpt>
   <trkpt lat="-29.7552340" lon="24.4808640">
    <ele>1164.7</ele>
   </trkpt>
   <trkpt lat="-29.7552060" lon="24.4808650">
    <ele>1164.8</ele>
   </trkpt>
   <trkpt lat="-29.7551770" lon="24.4808760">
    <ele>1164.8</ele>
   </trkpt>
   <trkpt lat="-29.7551500" lon="24.4808740">
    <ele>1165.1</ele>
   </trkpt>
   <trkpt lat="-29.7551190" lon="24.4808780">
    <ele>1165.4</ele>
   </trkpt>
   <trkpt lat="-29.7550790" lon="24.4808820">
    <ele>1165.7</ele>
   </trkpt>
   <trkpt lat="-29.7550630" lon="24.4808860">
    <ele>1165.9</ele>
   </trkpt>
   <trkpt lat="-29.7550330" lon="24.4808850">
    <ele>1165.9</ele>
   </trkpt>
   <trkpt lat="-29.7550090" lon="24.4809010">
    <ele>1165.8</ele>
   </trkpt>
   <trkpt lat="-29.7549810" lon="24.4809090">
    <ele>1165.8</ele>
   </trkpt>
   <trkpt lat="-29.7549540" lon="24.4809210">
    <ele>1165.8</ele>
   </trkpt>
   <trkpt lat="-29.7549260" lon="24.4809300">
    <ele>1165.8</ele>
   </trkpt>
   <trkpt lat="-29.7549020" lon="24.4809440">
    <ele>1165.9</ele>
   </trkpt>
   <trkpt lat="-29.7548770" lon="24.4809580">
    <ele>1166.1</ele>
   </trkpt>
   <trkpt lat="-29.7548550" lon="24.4809780">
    <ele>1166.1</ele>
   </trkpt>
   <trkpt lat="-29.7548340" lon="24.4809990">
    <ele>1166.6</ele>
   </trkpt>
   <trkpt lat="-29.7548050" lon="24.4810120">
    <ele>1166.5</ele>
   </trkpt>
   <trkpt lat="-29.7547690" lon="24.4810290">
    <ele>1166.8</ele>
   </trkpt>
   <trkpt lat="-29.7547590" lon="24.4810370">
    <ele>1166.9</ele>
   </trkpt>
   <trkpt lat="-29.7547220" lon="24.4810570">
    <ele>1166.9</ele>
   </trkpt>
   <trkpt lat="-29.7547080" lon="24.4810620">
    <ele>1166.9</ele>
   </trkpt>
   <trkpt lat="-29.7546800" lon="24.4810700">
    <ele>1166.9</ele>
   </trkpt>
   <trkpt lat="-29.7546540" lon="24.4810800">
    <ele>1166.9</ele>
   </trkpt>
   <trkpt lat="-29.7546170" lon="24.4810950">
    <ele>1166.8</ele>
   </trkpt>
   <trkpt lat="-29.7546040" lon="24.4810990">
    <ele>1166.8</ele>
   </trkpt>
   <trkpt lat="-29.7545660" lon="24.4811110">
    <ele>1166.7</ele>
   </trkpt>
   <trkpt lat="-29.7545520" lon="24.4811120">
    <ele>1166.7</ele>
   </trkpt>
   <trkpt lat="-29.7545130" lon="24.4811160">
    <ele>1166.7</ele>
   </trkpt>
   <trkpt lat="-29.7545010" lon="24.4811160">
    <ele>1166.7</ele>
   </trkpt>
   <trkpt lat="-29.7544710" lon="24.4811180">
    <ele>1166.7</ele>
   </trkpt>
   <trkpt lat="-29.7544620" lon="24.4811190">
    <ele>1166.7</ele>
   </trkpt>
   <trkpt lat="-29.7544430" lon="24.4811180">
    <ele>1166.7</ele>
   </trkpt>
   <trkpt lat="-29.7544280" lon="24.4811210">
    <ele>1166.8</ele>
   </trkpt>
   <trkpt lat="-29.7544140" lon="24.4811290">
    <ele>1166.8</ele>
   </trkpt>
   <trkpt lat="-29.7544000" lon="24.4811370">
    <ele>1166.8</ele>
   </trkpt>
   <trkpt lat="-29.7543860" lon="24.4811410">
    <ele>1167.0</ele>
   </trkpt>
   <trkpt lat="-29.7543750" lon="24.4811450">
    <ele>1167.2</ele>
   </trkpt>
   <trkpt lat="-29.7543670" lon="24.4811430">
    <ele>1167.0</ele>
   </trkpt>
   <trkpt lat="-29.7543610" lon="24.4811350">
    <ele>1167.0</ele>
   </trkpt>
   <trkpt lat="-29.7543590" lon="24.4811260">
    <ele>1167.0</ele>
   </trkpt>
   <trkpt lat="-29.7543550" lon="24.4811280">
    <ele>1167.1</ele>
   </trkpt>
   <trkpt lat="-29.7543530" lon="24.4811260">
    <ele>1167.1</ele>
   </trkpt>
   <trkpt lat="-29.7543570" lon="24.4811270">
    <ele>1167.0</ele>
   </trkpt>
   <trkpt lat="-29.7543630" lon="24.4811280">
    <ele>1167.0</ele>
   </trkpt>
   <trkpt lat="-29.7543580" lon="24.4811290">
    <ele>1167.0</ele>
   </trkpt>
   <trkpt lat="-29.7543570" lon="24.4811340">
    <ele>1167.0</ele>
   </trkpt>
   <trkpt lat="-29.7543620" lon="24.4811350">
    <ele>1167.0</ele>
   </trkpt>
   <trkpt lat="-29.7543680" lon="24.4811370">
    <ele>1167.0</ele>
   </trkpt>
   <trkpt lat="-29.7543650" lon="24.4811400">
    <ele>1167.0</ele>
   </trkpt>
   <trkpt lat="-29.7543630" lon="24.4811450">
    <ele>1167.2</ele>
   </trkpt>
   <trkpt lat="-29.7543690" lon="24.4811470">
    <ele>1167.2</ele>
   </trkpt>
   <trkpt lat="-29.7543710" lon="24.4811500">
    <ele>1167.2</ele>
   </trkpt>
   <trkpt lat="-29.7543380" lon="24.4812020">
    <ele>1167.6</ele>
   </trkpt>
   <trkpt lat="-29.7543250" lon="24.4812100">
    <ele>1167.6</ele>
   </trkpt>
   <trkpt lat="-29.7543090" lon="24.4812190">
    <ele>1167.7</ele>
   </trkpt>
   <trkpt lat="-29.7542960" lon="24.4812230">
    <ele>1167.7</ele>
   </trkpt>
   <trkpt lat="-29.7542790" lon="24.4812530">
    <ele>1167.8</ele>
   </trkpt>
   <trkpt lat="-29.7542720" lon="24.4812640">
    <ele>1167.8</ele>
   </trkpt>
   <trkpt lat="-29.7542620" lon="24.4812810">
    <ele>1167.8</ele>
   </trkpt>
   <trkpt lat="-29.7542460" lon="24.4812910">
    <ele>1167.8</ele>
   </trkpt>
   <trkpt lat="-29.7542190" lon="24.4813120">
    <ele>1167.9</ele>
   </trkpt>
   <trkpt lat="-29.7542110" lon="24.4813190">
    <ele>1168.1</ele>
   </trkpt>
   <trkpt lat="-29.7541840" lon="24.4813460">
    <ele>1168.3</ele>
   </trkpt>
   <trkpt lat="-29.7541760" lon="24.4813560">
    <ele>1168.3</ele>
   </trkpt>
   <trkpt lat="-29.7541500" lon="24.4813800">
    <ele>1168.9</ele>
   </trkpt>
   <trkpt lat="-29.7541410" lon="24.4813880">
    <ele>1168.9</ele>
   </trkpt>
   <trkpt lat="-29.7541280" lon="24.4814200">
    <ele>1169.3</ele>
   </trkpt>
   <trkpt lat="-29.7541240" lon="24.4814330">
    <ele>1169.3</ele>
   </trkpt>
   <trkpt lat="-29.7541030" lon="24.4814690">
    <ele>1169.3</ele>
   </trkpt>
   <trkpt lat="-29.7540950" lon="24.4814810">
    <ele>1169.3</ele>
   </trkpt>
   <trkpt lat="-29.7540820" lon="24.4815180">
    <ele>1169.6</ele>
   </trkpt>
   <trkpt lat="-29.7540800" lon="24.4815320">
    <ele>1169.5</ele>
   </trkpt>
   <trkpt lat="-29.7540660" lon="24.4815660">
    <ele>1169.4</ele>
   </trkpt>
   <trkpt lat="-29.7540590" lon="24.4815770">
    <ele>1169.3</ele>
   </trkpt>
   <trkpt lat="-29.7540460" lon="24.4816140">
    <ele>1169.5</ele>
   </trkpt>
   <trkpt lat="-29.7540430" lon="24.4816270">
    <ele>1169.3</ele>
   </trkpt>
   <trkpt lat="-29.7540190" lon="24.4816580">
    <ele>1169.5</ele>
   </trkpt>
   <trkpt lat="-29.7540100" lon="24.4816670">
    <ele>1169.2</ele>
   </trkpt>
   <trkpt lat="-29.7539830" lon="24.4816820">
    <ele>1169.4</ele>
   </trkpt>
   <trkpt lat="-29.7539560" lon="24.4817050">
    <ele>1169.2</ele>
   </trkpt>
   <trkpt lat="-29.7539480" lon="24.4817130">
    <ele>1169.2</ele>
   </trkpt>
   <trkpt lat="-29.7539230" lon="24.4817280">
    <ele>1169.5</ele>
   </trkpt>
   <trkpt lat="-29.7538950" lon="24.4817400">
    <ele>1169.7</ele>
   </trkpt>
   <trkpt lat="-29.7538850" lon="24.4817420">
    <ele>1169.7</ele>
   </trkpt>
   <trkpt lat="-29.7538560" lon="24.4817500">
    <ele>1169.7</ele>
   </trkpt>
   <trkpt lat="-29.7538420" lon="24.4817490">
    <ele>1169.7</ele>
   </trkpt>
   <trkpt lat="-29.7538260" lon="24.4817480">
    <ele>1169.7</ele>
   </trkpt>
   <trkpt lat="-29.7538090" lon="24.4817460">
    <ele>1169.7</ele>
   </trkpt>
   <trkpt lat="-29.7537780" lon="24.4817340">
    <ele>1169.7</ele>
   </trkpt>
   <trkpt lat="-29.7537680" lon="24.4817280">
    <ele>1169.7</ele>
   </trkpt>
   <trkpt lat="-29.7537320" lon="24.4817110">
    <ele>1169.7</ele>
   </trkpt>
   <trkpt lat="-29.7537200" lon="24.4817040">
    <ele>1169.7</ele>
   </trkpt>
   <trkpt lat="-29.7536990" lon="24.4816820">
    <ele>1169.8</ele>
   </trkpt>
   <trkpt lat="-29.7536850" lon="24.4816530">
    <ele>1169.8</ele>
   </trkpt>
   <trkpt lat="-29.7536570" lon="24.4816340">
    <ele>1170.0</ele>
   </trkpt>
   <trkpt lat="-29.7536410" lon="24.4816030">
    <ele>1170.3</ele>
   </trkpt>
   <trkpt lat="-29.7536090" lon="24.4815780">
    <ele>1170.6</ele>
   </trkpt>
   <trkpt lat="-29.7535960" lon="24.4815730">
    <ele>1170.5</ele>
   </trkpt>
   <trkpt lat="-29.7535600" lon="24.4815740">
    <ele>1170.9</ele>
   </trkpt>
   <trkpt lat="-29.7535480" lon="24.4815750">
    <ele>1170.9</ele>
   </trkpt>
   <trkpt lat="-29.7535170" lon="24.4815910">
    <ele>1171.2</ele>
   </trkpt>
   <trkpt lat="-29.7535050" lon="24.4815990">
    <ele>1171.2</ele>
   </trkpt>
   <trkpt lat="-29.7534760" lon="24.4816120">
    <ele>1171.5</ele>
   </trkpt>
   <trkpt lat="-29.7534660" lon="24.4816150">
    <ele>1171.5</ele>
   </trkpt>
   <trkpt lat="-29.7534380" lon="24.4816280">
    <ele>1172.0</ele>
   </trkpt>
   <trkpt lat="-29.7534280" lon="24.4816320">
    <ele>1172.0</ele>
   </trkpt>
   <trkpt lat="-29.7534060" lon="24.4816580">
    <ele>1172.3</ele>
   </trkpt>
   <trkpt lat="-29.7533990" lon="24.4816680">
    <ele>1172.6</ele>
   </trkpt>
   <trkpt lat="-29.7533690" lon="24.4816810">
    <ele>1172.9</ele>
   </trkpt>
   <trkpt lat="-29.7533590" lon="24.4816860">
    <ele>1172.9</ele>
   </trkpt>
   <trkpt lat="-29.7533320" lon="24.4817040">
    <ele>1173.4</ele>
   </trkpt>
   <trkpt lat="-29.7533230" lon="24.4817110">
    <ele>1173.4</ele>
   </trkpt>
   <trkpt lat="-29.7532930" lon="24.4817240">
    <ele>1173.6</ele>
   </trkpt>
   <trkpt lat="-29.7532830" lon="24.4817270">
    <ele>1173.6</ele>
   </trkpt>
   <trkpt lat="-29.7532530" lon="24.4817370">
    <ele>1173.6</ele>
   </trkpt>
   <trkpt lat="-29.7532430" lon="24.4817420">
    <ele>1173.6</ele>
   </trkpt>
   <trkpt lat="-29.7532260" lon="24.4817530">
    <ele>1173.8</ele>
   </trkpt>
   <trkpt lat="-29.7532140" lon="24.4817620">
    <ele>1173.8</ele>
   </trkpt>
   <trkpt lat="-29.7531910" lon="24.4817820">
    <ele>1173.8</ele>
   </trkpt>
   <trkpt lat="-29.7531840" lon="24.4817930">
    <ele>1173.9</ele>
   </trkpt>
   <trkpt lat="-29.7531670" lon="24.4817980">
    <ele>1173.9</ele>
   </trkpt>
   <trkpt lat="-29.7531510" lon="24.4818100">
    <ele>1174.0</ele>
   </trkpt>
   <trkpt lat="-29.7531410" lon="24.4818240">
    <ele>1174.0</ele>
   </trkpt>
   <trkpt lat="-29.7531260" lon="24.4818370">
    <ele>1174.4</ele>
   </trkpt>
   <trkpt lat="-29.7530820" lon="24.4818490">
    <ele>1174.4</ele>
   </trkpt>
   <trkpt lat="-29.7530600" lon="24.4818530">
    <ele>1174.4</ele>
   </trkpt>
   <trkpt lat="-29.7530200" lon="24.4818550">
    <ele>1174.4</ele>
   </trkpt>
   <trkpt lat="-29.7529860" lon="24.4818590">
    <ele>1174.3</ele>
   </trkpt>
   <trkpt lat="-29.7529570" lon="24.4818640">
    <ele>1174.3</ele>
   </trkpt>
   <trkpt lat="-29.7529290" lon="24.4818630">
    <ele>1174.2</ele>
   </trkpt>
   <trkpt lat="-29.7528990" lon="24.4818650">
    <ele>1174.1</ele>
   </trkpt>
   <trkpt lat="-29.7528720" lon="24.4818720">
    <ele>1174.1</ele>
   </trkpt>
   <trkpt lat="-29.7528320" lon="24.4818730">
    <ele>1174.0</ele>
   </trkpt>
   <trkpt lat="-29.7528150" lon="24.4818730">
    <ele>1173.9</ele>
   </trkpt>
   <trkpt lat="-29.7527850" lon="24.4818750">
    <ele>1173.5</ele>
   </trkpt>
   <trkpt lat="-29.7527480" lon="24.4818820">
    <ele>1173.5</ele>
   </trkpt>
   <trkpt lat="-29.7527330" lon="24.4818880">
    <ele>1173.5</ele>
   </trkpt>
   <trkpt lat="-29.7527140" lon="24.4819030">
    <ele>1173.6</ele>
   </trkpt>
   <trkpt lat="-29.7527010" lon="24.4819100">
    <ele>1173.6</ele>
   </trkpt>
   <trkpt lat="-29.7526820" lon="24.4819450">
    <ele>1173.5</ele>
   </trkpt>
   <trkpt lat="-29.7526730" lon="24.4819550">
    <ele>1173.7</ele>
   </trkpt>
   <trkpt lat="-29.7526500" lon="24.4819800">
    <ele>1173.6</ele>
   </trkpt>
   <trkpt lat="-29.7526440" lon="24.4819900">
    <ele>1173.6</ele>
   </trkpt>
   <trkpt lat="-29.7526220" lon="24.4820160">
    <ele>1173.6</ele>
   </trkpt>
   <trkpt lat="-29.7526150" lon="24.4820250">
    <ele>1173.6</ele>
   </trkpt>
   <trkpt lat="-29.7526030" lon="24.4820590">
    <ele>1173.5</ele>
   </trkpt>
   <trkpt lat="-29.7526000" lon="24.4820720">
    <ele>1173.5</ele>
   </trkpt>
   <trkpt lat="-29.7525700" lon="24.4820960">
    <ele>1173.5</ele>
   </trkpt>
   <trkpt lat="-29.7525550" lon="24.4821000">
    <ele>1173.5</ele>
   </trkpt>
   <trkpt lat="-29.7525250" lon="24.4821000">
    <ele>1173.7</ele>
   </trkpt>
   <trkpt lat="-29.7524970" lon="24.4820970">
    <ele>1173.7</ele>
   </trkpt>
   <trkpt lat="-29.7524660" lon="24.4821030">
    <ele>1173.9</ele>
   </trkpt>
   <trkpt lat="-29.7524550" lon="24.4821030">
    <ele>1174.2</ele>
   </trkpt>
   <trkpt lat="-29.7524240" lon="24.4820920">
    <ele>1174.2</ele>
   </trkpt>
   <trkpt lat="-29.7524140" lon="24.4820920">
    <ele>1174.4</ele>
   </trkpt>
   <trkpt lat="-29.7523790" lon="24.4821110">
    <ele>1174.5</ele>
   </trkpt>
   <trkpt lat="-29.7523670" lon="24.4821210">
    <ele>1174.5</ele>
   </trkpt>
   <trkpt lat="-29.7523370" lon="24.4821320">
    <ele>1174.3</ele>
   </trkpt>
   <trkpt lat="-29.7523260" lon="24.4821340">
    <ele>1174.3</ele>
   </trkpt>
   <trkpt lat="-29.7522910" lon="24.4821320">
    <ele>1174.4</ele>
   </trkpt>
   <trkpt lat="-29.7522790" lon="24.4821310">
    <ele>1174.5</ele>
   </trkpt>
   <trkpt lat="-29.7522480" lon="24.4821280">
    <ele>1174.5</ele>
   </trkpt>
   <trkpt lat="-29.7522380" lon="24.4821280">
    <ele>1174.5</ele>
   </trkpt>
   <trkpt lat="-29.7522050" lon="24.4821340">
    <ele>1174.7</ele>
   </trkpt>
   <trkpt lat="-29.7521930" lon="24.4821370">
    <ele>1175.0</ele>
   </trkpt>
   <trkpt lat="-29.7521610" lon="24.4821370">
    <ele>1175.0</ele>
   </trkpt>
   <trkpt lat="-29.7521510" lon="24.4821370">
    <ele>1175.3</ele>
   </trkpt>
   <trkpt lat="-29.7521190" lon="24.4821360">
    <ele>1175.5</ele>
   </trkpt>
   <trkpt lat="-29.7521070" lon="24.4821340">
    <ele>1175.5</ele>
   </trkpt>
   <trkpt lat="-29.7520740" lon="24.4821300">
    <ele>1175.6</ele>
   </trkpt>
   <trkpt lat="-29.7520620" lon="24.4821290">
    <ele>1175.6</ele>
   </trkpt>
   <trkpt lat="-29.7520260" lon="24.4821240">
    <ele>1175.6</ele>
   </trkpt>
   <trkpt lat="-29.7520140" lon="24.4821220">
    <ele>1175.6</ele>
   </trkpt>
   <trkpt lat="-29.7519810" lon="24.4821190">
    <ele>1175.6</ele>
   </trkpt>
   <trkpt lat="-29.7519680" lon="24.4821150">
    <ele>1175.6</ele>
   </trkpt>
   <trkpt lat="-29.7519370" lon="24.4821270">
    <ele>1175.6</ele>
   </trkpt>
   <trkpt lat="-29.7519240" lon="24.4821320">
    <ele>1176.0</ele>
   </trkpt>
   <trkpt lat="-29.7518940" lon="24.4821090">
    <ele>1176.0</ele>
   </trkpt>
   <trkpt lat="-29.7518850" lon="24.4821010">
    <ele>1176.0</ele>
   </trkpt>
   <trkpt lat="-29.7518500" lon="24.4821070">
    <ele>1176.3</ele>
   </trkpt>
   <trkpt lat="-29.7518390" lon="24.4821100">
    <ele>1176.3</ele>
   </trkpt>
   <trkpt lat="-29.7518050" lon="24.4821060">
    <ele>1176.6</ele>
   </trkpt>
   <trkpt lat="-29.7517940" lon="24.4821010">
    <ele>1176.6</ele>
   </trkpt>
   <trkpt lat="-29.7517590" lon="24.4820970">
    <ele>1176.7</ele>
   </trkpt>
   <trkpt lat="-29.7517480" lon="24.4820990">
    <ele>1176.7</ele>
   </trkpt>
   <trkpt lat="-29.7517130" lon="24.4821110">
    <ele>1176.7</ele>
   </trkpt>
   <trkpt lat="-29.7517010" lon="24.4821150">
    <ele>1176.6</ele>
   </trkpt>
   <trkpt lat="-29.7516650" lon="24.4821060">
    <ele>1176.6</ele>
   </trkpt>
   <trkpt lat="-29.7516530" lon="24.4821080">
    <ele>1176.6</ele>
   </trkpt>
   <trkpt lat="-29.7516180" lon="24.4821010">
    <ele>1176.7</ele>
   </trkpt>
   <trkpt lat="-29.7516070" lon="24.4821010">
    <ele>1176.7</ele>
   </trkpt>
   <trkpt lat="-29.7515730" lon="24.4821050">
    <ele>1176.9</ele>
   </trkpt>
   <trkpt lat="-29.7515620" lon="24.4821050">
    <ele>1176.9</ele>
   </trkpt>
   <trkpt lat="-29.7515280" lon="24.4820980">
    <ele>1177.2</ele>
   </trkpt>
   <trkpt lat="-29.7515160" lon="24.4820990">
    <ele>1177.5</ele>
   </trkpt>
   <trkpt lat="-29.7514850" lon="24.4821060">
    <ele>1177.7</ele>
   </trkpt>
   <trkpt lat="-29.7514750" lon="24.4821090">
    <ele>1177.7</ele>
   </trkpt>
   <trkpt lat="-29.7514440" lon="24.4821180">
    <ele>1177.9</ele>
   </trkpt>
   <trkpt lat="-29.7514380" lon="24.4821180">
    <ele>1177.9</ele>
   </trkpt>
   <trkpt lat="-29.7514050" lon="24.4821140">
    <ele>1178.0</ele>
   </trkpt>
   <trkpt lat="-29.7513960" lon="24.4821140">
    <ele>1178.0</ele>
   </trkpt>
   <trkpt lat="-29.7513620" lon="24.4821180">
    <ele>1178.3</ele>
   </trkpt>
   <trkpt lat="-29.7513280" lon="24.4821220">
    <ele>1178.6</ele>
   </trkpt>
   <trkpt lat="-29.7513070" lon="24.4821240">
    <ele>1178.6</ele>
   </trkpt>
   <trkpt lat="-29.7512790" lon="24.4821270">
    <ele>1179.1</ele>
   </trkpt>
   <trkpt lat="-29.7512590" lon="24.4821280">
    <ele>1179.7</ele>
   </trkpt>
   <trkpt lat="-29.7512290" lon="24.4821230">
    <ele>1179.7</ele>
   </trkpt>
   <trkpt lat="-29.7512060" lon="24.4821190">
    <ele>1180.2</ele>
   </trkpt>
   <trkpt lat="-29.7511790" lon="24.4821220">
    <ele>1180.6</ele>
   </trkpt>
   <trkpt lat="-29.7511570" lon="24.4821230">
    <ele>1180.6</ele>
   </trkpt>
   <trkpt lat="-29.7511270" lon="24.4821250">
    <ele>1180.8</ele>
   </trkpt>
   <trkpt lat="-29.7510900" lon="24.4821270">
    <ele>1181.0</ele>
   </trkpt>
   <trkpt lat="-29.7510780" lon="24.4821250">
    <ele>1181.0</ele>
   </trkpt>
   <trkpt lat="-29.7510410" lon="24.4821240">
    <ele>1181.2</ele>
   </trkpt>
   <trkpt lat="-29.7510280" lon="24.4821230">
    <ele>1181.5</ele>
   </trkpt>
   <trkpt lat="-29.7509930" lon="24.4821150">
    <ele>1181.8</ele>
   </trkpt>
   <trkpt lat="-29.7509810" lon="24.4821130">
    <ele>1181.8</ele>
   </trkpt>
   <trkpt lat="-29.7509430" lon="24.4821010">
    <ele>1182.0</ele>
   </trkpt>
   <trkpt lat="-29.7509310" lon="24.4820940">
    <ele>1182.0</ele>
   </trkpt>
   <trkpt lat="-29.7508980" lon="24.4820830">
    <ele>1182.5</ele>
   </trkpt>
   <trkpt lat="-29.7508870" lon="24.4820810">
    <ele>1182.6</ele>
   </trkpt>
   <trkpt lat="-29.7508530" lon="24.4820700">
    <ele>1182.6</ele>
   </trkpt>
   <trkpt lat="-29.7508410" lon="24.4820660">
    <ele>1182.6</ele>
   </trkpt>
   <trkpt lat="-29.7508220" lon="24.4820580">
    <ele>1182.6</ele>
   </trkpt>
   <trkpt lat="-29.7508140" lon="24.4820510">
    <ele>1182.6</ele>
   </trkpt>
   <trkpt lat="-29.7507910" lon="24.4820230">
    <ele>1182.8</ele>
   </trkpt>
   <trkpt lat="-29.7507820" lon="24.4820150">
    <ele>1182.8</ele>
   </trkpt>
   <trkpt lat="-29.7507640" lon="24.4819910">
    <ele>1183.0</ele>
   </trkpt>
   <trkpt lat="-29.7507580" lon="24.4819830">
    <ele>1183.0</ele>
   </trkpt>
   <trkpt lat="-29.7507410" lon="24.4819550">
    <ele>1183.3</ele>
   </trkpt>
   <trkpt lat="-29.7507360" lon="24.4819470">
    <ele>1183.2</ele>
   </trkpt>
   <trkpt lat="-29.7507290" lon="24.4819280">
    <ele>1183.2</ele>
   </trkpt>
   <trkpt lat="-29.7507180" lon="24.4819110">
    <ele>1183.6</ele>
   </trkpt>
   <trkpt lat="-29.7506980" lon="24.4818870">
    <ele>1183.6</ele>
   </trkpt>
   <trkpt lat="-29.7506920" lon="24.4818800">
    <ele>1183.6</ele>
   </trkpt>
   <trkpt lat="-29.7506760" lon="24.4818530">
    <ele>1183.9</ele>
   </trkpt>
   <trkpt lat="-29.7506710" lon="24.4818440">
    <ele>1183.9</ele>
   </trkpt>
   <trkpt lat="-29.7506630" lon="24.4818280">
    <ele>1184.1</ele>
   </trkpt>
   <trkpt lat="-29.7506500" lon="24.4818110">
    <ele>1184.1</ele>
   </trkpt>
   <trkpt lat="-29.7506300" lon="24.4817900">
    <ele>1184.1</ele>
   </trkpt>
   <trkpt lat="-29.7506230" lon="24.4817820">
    <ele>1184.3</ele>
   </trkpt>
   <trkpt lat="-29.7506100" lon="24.4817520">
    <ele>1184.3</ele>
   </trkpt>
   <trkpt lat="-29.7506050" lon="24.4817440">
    <ele>1184.4</ele>
   </trkpt>
   <trkpt lat="-29.7505940" lon="24.4817110">
    <ele>1184.4</ele>
   </trkpt>
   <trkpt lat="-29.7505890" lon="24.4817000">
    <ele>1184.4</ele>
   </trkpt>
   <trkpt lat="-29.7505800" lon="24.4816890">
    <ele>1184.4</ele>
   </trkpt>
   <trkpt lat="-29.7505720" lon="24.4816720">
    <ele>1184.4</ele>
   </trkpt>
   <trkpt lat="-29.7505650" lon="24.4816440">
    <ele>1184.4</ele>
   </trkpt>
   <trkpt lat="-29.7505540" lon="24.4816350">
    <ele>1184.4</ele>
   </trkpt>
   <trkpt lat="-29.7505330" lon="24.4816080">
    <ele>1184.4</ele>
   </trkpt>
   <trkpt lat="-29.7505270" lon="24.4816000">
    <ele>1184.4</ele>
   </trkpt>
   <trkpt lat="-29.7505070" lon="24.4815640">
    <ele>1184.4</ele>
   </trkpt>
   <trkpt lat="-29.7504990" lon="24.4815480">
    <ele>1184.4</ele>
   </trkpt>
   <trkpt lat="-29.7504840" lon="24.4815230">
    <ele>1184.6</ele>
   </trkpt>
   <trkpt lat="-29.7504780" lon="24.4815130">
    <ele>1184.6</ele>
   </trkpt>
   <trkpt lat="-29.7504640" lon="24.4814990">
    <ele>1184.6</ele>
   </trkpt>
   <trkpt lat="-29.7504550" lon="24.4814820">
    <ele>1184.9</ele>
   </trkpt>
   <trkpt lat="-29.7504530" lon="24.4814460">
    <ele>1184.9</ele>
   </trkpt>
   <trkpt lat="-29.7504440" lon="24.4814390">
    <ele>1185.2</ele>
   </trkpt>
   <trkpt lat="-29.7504330" lon="24.4814180">
    <ele>1185.2</ele>
   </trkpt>
   <trkpt lat="-29.7504230" lon="24.4814150">
    <ele>1185.2</ele>
   </trkpt>
   <trkpt lat="-29.7504020" lon="24.4813990">
    <ele>1185.4</ele>
   </trkpt>
   <trkpt lat="-29.7504000" lon="24.4813860">
    <ele>1185.4</ele>
   </trkpt>
   <trkpt lat="-29.7503900" lon="24.4813600">
    <ele>1185.4</ele>
   </trkpt>
   <trkpt lat="-29.7503870" lon="24.4813530">
    <ele>1185.5</ele>
   </trkpt>
   <trkpt lat="-29.7503720" lon="24.4813270">
    <ele>1185.5</ele>
   </trkpt>
   <trkpt lat="-29.7503640" lon="24.4813250">
    <ele>1185.5</ele>
   </trkpt>
   <trkpt lat="-29.7503490" lon="24.4813010">
    <ele>1185.7</ele>
   </trkpt>
   <trkpt lat="-29.7503460" lon="24.4812920">
    <ele>1185.7</ele>
   </trkpt>
   <trkpt lat="-29.7503320" lon="24.4812720">
    <ele>1185.9</ele>
   </trkpt>
   <trkpt lat="-29.7503240" lon="24.4812670">
    <ele>1186.0</ele>
   </trkpt>
   <trkpt lat="-29.7503060" lon="24.4812450">
    <ele>1186.0</ele>
   </trkpt>
   <trkpt lat="-29.7502920" lon="24.4812150">
    <ele>1186.7</ele>
   </trkpt>
   <trkpt lat="-29.7502830" lon="24.4812000">
    <ele>1186.7</ele>
   </trkpt>
   <trkpt lat="-29.7502770" lon="24.4811750">
    <ele>1187.5</ele>
   </trkpt>
   <trkpt lat="-29.7502700" lon="24.4811590">
    <ele>1187.5</ele>
   </trkpt>
   <trkpt lat="-29.7502650" lon="24.4811540">
    <ele>1187.5</ele>
   </trkpt>
   <trkpt lat="-29.7502540" lon="24.4811390">
    <ele>1188.7</ele>
   </trkpt>
   <trkpt lat="-29.7502490" lon="24.4811330">
    <ele>1188.7</ele>
   </trkpt>
   <trkpt lat="-29.7502400" lon="24.4811170">
    <ele>1188.7</ele>
   </trkpt>
   <trkpt lat="-29.7502300" lon="24.4811010">
    <ele>1189.5</ele>
   </trkpt>
   <trkpt lat="-29.7502270" lon="24.4810760">
    <ele>1189.5</ele>
   </trkpt>
   <trkpt lat="-29.7502260" lon="24.4810550">
    <ele>1190.1</ele>
   </trkpt>
   <trkpt lat="-29.7502230" lon="24.4810400">
    <ele>1190.1</ele>
   </trkpt>
   <trkpt lat="-29.7502160" lon="24.4810200">
    <ele>1190.6</ele>
   </trkpt>
   <trkpt lat="-29.7502080" lon="24.4809840">
    <ele>1191.2</ele>
   </trkpt>
   <trkpt lat="-29.7502060" lon="24.4809670">
    <ele>1191.5</ele>
   </trkpt>
   <trkpt lat="-29.7502070" lon="24.4809600">
    <ele>1191.5</ele>
   </trkpt>
   <trkpt lat="-29.7502050" lon="24.4809430">
    <ele>1191.5</ele>
   </trkpt>
   <trkpt lat="-29.7502040" lon="24.4809320">
    <ele>1191.5</ele>
   </trkpt>
   <trkpt lat="-29.7502050" lon="24.4809120">
    <ele>1191.8</ele>
   </trkpt>
   <trkpt lat="-29.7502060" lon="24.4808900">
    <ele>1191.8</ele>
   </trkpt>
   <trkpt lat="-29.7501990" lon="24.4808700">
    <ele>1192.2</ele>
   </trkpt>
   <trkpt lat="-29.7501970" lon="24.4808580">
    <ele>1192.2</ele>
   </trkpt>
   <trkpt lat="-29.7501950" lon="24.4808460">
    <ele>1192.2</ele>
   </trkpt>
   <trkpt lat="-29.7502000" lon="24.4808120">
    <ele>1192.5</ele>
   </trkpt>
   <trkpt lat="-29.7502050" lon="24.4807940">
    <ele>1192.8</ele>
   </trkpt>
   <trkpt lat="-29.7502030" lon="24.4807870">
    <ele>1192.8</ele>
   </trkpt>
   <trkpt lat="-29.7502040" lon="24.4807590">
    <ele>1192.8</ele>
   </trkpt>
   <trkpt lat="-29.7502060" lon="24.4807260">
    <ele>1193.0</ele>
   </trkpt>
   <trkpt lat="-29.7502060" lon="24.4807090">
    <ele>1193.2</ele>
   </trkpt>
   <trkpt lat="-29.7502140" lon="24.4806790">
    <ele>1193.2</ele>
   </trkpt>
   <trkpt lat="-29.7502160" lon="24.4806630">
    <ele>1193.2</ele>
   </trkpt>
   <trkpt lat="-29.7502200" lon="24.4806240">
    <ele>1192.4</ele>
   </trkpt>
   <trkpt lat="-29.7502220" lon="24.4806050">
    <ele>1192.4</ele>
   </trkpt>
   <trkpt lat="-29.7502230" lon="24.4805740">
    <ele>1192.3</ele>
   </trkpt>
   <trkpt lat="-29.7502240" lon="24.4805550">
    <ele>1192.3</ele>
   </trkpt>
   <trkpt lat="-29.7502230" lon="24.4805270">
    <ele>1192.3</ele>
   </trkpt>
   <trkpt lat="-29.7502240" lon="24.4805110">
    <ele>1192.3</ele>
   </trkpt>
   <trkpt lat="-29.7502230" lon="24.4804800">
    <ele>1192.2</ele>
   </trkpt>
   <trkpt lat="-29.7502240" lon="24.4804610">
    <ele>1192.2</ele>
   </trkpt>
   <trkpt lat="-29.7502270" lon="24.4804320">
    <ele>1192.1</ele>
   </trkpt>
   <trkpt lat="-29.7502300" lon="24.4804140">
    <ele>1192.1</ele>
   </trkpt>
   <trkpt lat="-29.7502300" lon="24.4804020">
    <ele>1192.1</ele>
   </trkpt>
   <trkpt lat="-29.7502340" lon="24.4803800">
    <ele>1192.1</ele>
   </trkpt>
   <trkpt lat="-29.7502350" lon="24.4803490">
    <ele>1192.2</ele>
   </trkpt>
   <trkpt lat="-29.7502360" lon="24.4803380">
    <ele>1192.2</ele>
   </trkpt>
   <trkpt lat="-29.7502350" lon="24.4803180">
    <ele>1192.3</ele>
   </trkpt>
   <trkpt lat="-29.7502400" lon="24.4802970">
    <ele>1192.3</ele>
   </trkpt>
   <trkpt lat="-29.7502460" lon="24.4802650">
    <ele>1192.5</ele>
   </trkpt>
   <trkpt lat="-29.7502470" lon="24.4802540">
    <ele>1192.5</ele>
   </trkpt>
   <trkpt lat="-29.7502510" lon="24.4802200">
    <ele>1192.8</ele>
   </trkpt>
   <trkpt lat="-29.7502510" lon="24.4802090">
    <ele>1192.8</ele>
   </trkpt>
   <trkpt lat="-29.7502530" lon="24.4801740">
    <ele>1193.1</ele>
   </trkpt>
   <trkpt lat="-29.7502540" lon="24.4801620">
    <ele>1193.1</ele>
   </trkpt>
   <trkpt lat="-29.7502550" lon="24.4801310">
    <ele>1193.4</ele>
   </trkpt>
   <trkpt lat="-29.7502560" lon="24.4801190">
    <ele>1193.4</ele>
   </trkpt>
   <trkpt lat="-29.7502630" lon="24.4800830">
    <ele>1193.2</ele>
   </trkpt>
   <trkpt lat="-29.7502660" lon="24.4800710">
    <ele>1193.5</ele>
   </trkpt>
   <trkpt lat="-29.7502670" lon="24.4800320">
    <ele>1193.5</ele>
   </trkpt>
   <trkpt lat="-29.7502680" lon="24.4800180">
    <ele>1193.6</ele>
   </trkpt>
   <trkpt lat="-29.7502780" lon="24.4799740">
    <ele>1193.6</ele>
   </trkpt>
   <trkpt lat="-29.7502820" lon="24.4799590">
    <ele>1193.6</ele>
   </trkpt>
   <trkpt lat="-29.7502820" lon="24.4799160">
    <ele>1193.6</ele>
   </trkpt>
   <trkpt lat="-29.7502820" lon="24.4799030">
    <ele>1193.6</ele>
   </trkpt>
   <trkpt lat="-29.7502860" lon="24.4798600">
    <ele>1193.5</ele>
   </trkpt>
   <trkpt lat="-29.7502870" lon="24.4798460">
    <ele>1193.5</ele>
   </trkpt>
   <trkpt lat="-29.7502960" lon="24.4798050">
    <ele>1192.9</ele>
   </trkpt>
   <trkpt lat="-29.7503000" lon="24.4797910">
    <ele>1192.9</ele>
   </trkpt>
   <trkpt lat="-29.7503120" lon="24.4797500">
    <ele>1192.8</ele>
   </trkpt>
   <trkpt lat="-29.7503150" lon="24.4797350">
    <ele>1192.8</ele>
   </trkpt>
   <trkpt lat="-29.7503140" lon="24.4796920">
    <ele>1192.8</ele>
   </trkpt>
   <trkpt lat="-29.7503140" lon="24.4796790">
    <ele>1192.8</ele>
   </trkpt>
   <trkpt lat="-29.7503130" lon="24.4796350">
    <ele>1192.8</ele>
   </trkpt>
   <trkpt lat="-29.7503130" lon="24.4796190">
    <ele>1192.8</ele>
   </trkpt>
   <trkpt lat="-29.7503100" lon="24.4795740">
    <ele>1192.8</ele>
   </trkpt>
   <trkpt lat="-29.7503050" lon="24.4795600">
    <ele>1192.8</ele>
   </trkpt>
   <trkpt lat="-29.7502990" lon="24.4795180">
    <ele>1192.9</ele>
   </trkpt>
   <trkpt lat="-29.7502990" lon="24.4795030">
    <ele>1193.0</ele>
   </trkpt>
   <trkpt lat="-29.7502940" lon="24.4794610">
    <ele>1193.7</ele>
   </trkpt>
   <trkpt lat="-29.7502910" lon="24.4794480">
    <ele>1193.7</ele>
   </trkpt>
   <trkpt lat="-29.7502820" lon="24.4794090">
    <ele>1193.9</ele>
   </trkpt>
   <trkpt lat="-29.7502790" lon="24.4793960">
    <ele>1193.9</ele>
   </trkpt>
   <trkpt lat="-29.7502700" lon="24.4793560">
    <ele>1194.2</ele>
   </trkpt>
   <trkpt lat="-29.7502670" lon="24.4793430">
    <ele>1194.2</ele>
   </trkpt>
   <trkpt lat="-29.7502600" lon="24.4793030">
    <ele>1194.5</ele>
   </trkpt>
   <trkpt lat="-29.7502580" lon="24.4792900">
    <ele>1194.8</ele>
   </trkpt>
   <trkpt lat="-29.7502500" lon="24.4792500">
    <ele>1195.4</ele>
   </trkpt>
   <trkpt lat="-29.7502470" lon="24.4792370">
    <ele>1195.4</ele>
   </trkpt>
   <trkpt lat="-29.7502380" lon="24.4792020">
    <ele>1195.6</ele>
   </trkpt>
   <trkpt lat="-29.7502340" lon="24.4791900">
    <ele>1195.6</ele>
   </trkpt>
   <trkpt lat="-29.7502220" lon="24.4791520">
    <ele>1195.7</ele>
   </trkpt>
   <trkpt lat="-29.7502170" lon="24.4791390">
    <ele>1195.9</ele>
   </trkpt>
   <trkpt lat="-29.7502120" lon="24.4791080">
    <ele>1195.9</ele>
   </trkpt>
   <trkpt lat="-29.7502000" lon="24.4790790">
    <ele>1195.9</ele>
   </trkpt>
   <trkpt lat="-29.7501900" lon="24.4790490">
    <ele>1195.9</ele>
   </trkpt>
   <trkpt lat="-29.7501760" lon="24.4790190">
    <ele>1196.0</ele>
   </trkpt>
   <trkpt lat="-29.7501550" lon="24.4789860">
    <ele>1196.1</ele>
   </trkpt>
   <trkpt lat="-29.7501490" lon="24.4789700">
    <ele>1196.1</ele>
   </trkpt>
   <trkpt lat="-29.7501160" lon="24.4789230">
    <ele>1196.4</ele>
   </trkpt>
   <trkpt lat="-29.7501010" lon="24.4788910">
    <ele>1196.7</ele>
   </trkpt>
   <trkpt lat="-29.7500870" lon="24.4788160">
    <ele>1196.6</ele>
   </trkpt>
   <trkpt lat="-29.7500720" lon="24.4787780">
    <ele>1196.5</ele>
   </trkpt>
   <trkpt lat="-29.7500500" lon="24.4787410">
    <ele>1196.8</ele>
   </trkpt>
   <trkpt lat="-29.7500290" lon="24.4787150">
    <ele>1197.0</ele>
   </trkpt>
   <trkpt lat="-29.7500200" lon="24.4787050">
    <ele>1197.0</ele>
   </trkpt>
   <trkpt lat="-29.7499980" lon="24.4786730">
    <ele>1197.0</ele>
   </trkpt>
   <trkpt lat="-29.7499910" lon="24.4786610">
    <ele>1197.3</ele>
   </trkpt>
   <trkpt lat="-29.7499710" lon="24.4786310">
    <ele>1197.3</ele>
   </trkpt>
   <trkpt lat="-29.7499620" lon="24.4786240">
    <ele>1197.3</ele>
   </trkpt>
   <trkpt lat="-29.7499400" lon="24.4785950">
    <ele>1197.6</ele>
   </trkpt>
   <trkpt lat="-29.7499310" lon="24.4785870">
    <ele>1197.6</ele>
   </trkpt>
   <trkpt lat="-29.7499060" lon="24.4785560">
    <ele>1197.9</ele>
   </trkpt>
   <trkpt lat="-29.7498940" lon="24.4785430">
    <ele>1197.9</ele>
   </trkpt>
   <trkpt lat="-29.7498750" lon="24.4785230">
    <ele>1198.0</ele>
   </trkpt>
   <trkpt lat="-29.7498650" lon="24.4785130">
    <ele>1198.0</ele>
   </trkpt>
   <trkpt lat="-29.7498390" lon="24.4784820">
    <ele>1198.3</ele>
   </trkpt>
   <trkpt lat="-29.7498300" lon="24.4784740">
    <ele>1198.3</ele>
   </trkpt>
   <trkpt lat="-29.7498050" lon="24.4784520">
    <ele>1198.5</ele>
   </trkpt>
   <trkpt lat="-29.7497800" lon="24.4784320">
    <ele>1198.5</ele>
   </trkpt>
   <trkpt lat="-29.7497700" lon="24.4784240">
    <ele>1198.8</ele>
   </trkpt>
   <trkpt lat="-29.7497470" lon="24.4784040">
    <ele>1198.8</ele>
   </trkpt>
   <trkpt lat="-29.7497200" lon="24.4783830">
    <ele>1199.0</ele>
   </trkpt>
   <trkpt lat="-29.7497080" lon="24.4783750">
    <ele>1199.0</ele>
   </trkpt>
   <trkpt lat="-29.7496840" lon="24.4783530">
    <ele>1199.2</ele>
   </trkpt>
   <trkpt lat="-29.7496540" lon="24.4783230">
    <ele>1199.5</ele>
   </trkpt>
   <trkpt lat="-29.7496420" lon="24.4783110">
    <ele>1199.5</ele>
   </trkpt>
   <trkpt lat="-29.7496140" lon="24.4782790">
    <ele>1199.8</ele>
   </trkpt>
   <trkpt lat="-29.7495870" lon="24.4782520">
    <ele>1199.8</ele>
   </trkpt>
   <trkpt lat="-29.7495760" lon="24.4782400">
    <ele>1200.1</ele>
   </trkpt>
   <trkpt lat="-29.7495490" lon="24.4782100">
    <ele>1200.2</ele>
   </trkpt>
   <trkpt lat="-29.7495410" lon="24.4782010">
    <ele>1200.2</ele>
   </trkpt>
   <trkpt lat="-29.7495180" lon="24.4781710">
    <ele>1200.1</ele>
   </trkpt>
   <trkpt lat="-29.7494980" lon="24.4781460">
    <ele>1200.1</ele>
   </trkpt>
   <trkpt lat="-29.7494890" lon="24.4781370">
    <ele>1200.1</ele>
   </trkpt>
   <trkpt lat="-29.7494710" lon="24.4781070">
    <ele>1200.0</ele>
   </trkpt>
   <trkpt lat="-29.7494660" lon="24.4781030">
    <ele>1200.0</ele>
   </trkpt>
   <trkpt lat="-29.7494460" lon="24.4780780">
    <ele>1199.9</ele>
   </trkpt>
   <trkpt lat="-29.7494360" lon="24.4780730">
    <ele>1199.9</ele>
   </trkpt>
   <trkpt lat="-29.7494190" lon="24.4780520">
    <ele>1199.8</ele>
   </trkpt>
   <trkpt lat="-29.7493960" lon="24.4780340">
    <ele>1200.0</ele>
   </trkpt>
   <trkpt lat="-29.7493630" lon="24.4779980">
    <ele>1200.6</ele>
   </trkpt>
   <trkpt lat="-29.7493440" lon="24.4779690">
    <ele>1200.6</ele>
   </trkpt>
   <trkpt lat="-29.7493290" lon="24.4779370">
    <ele>1200.8</ele>
   </trkpt>
   <trkpt lat="-29.7493170" lon="24.4779200">
    <ele>1201.4</ele>
   </trkpt>
   <trkpt lat="-29.7493110" lon="24.4779040">
    <ele>1201.4</ele>
   </trkpt>
   <trkpt lat="-29.7492930" lon="24.4778910">
    <ele>1201.4</ele>
   </trkpt>
   <trkpt lat="-29.7492680" lon="24.4778600">
    <ele>1201.8</ele>
   </trkpt>
   <trkpt lat="-29.7492620" lon="24.4778510">
    <ele>1201.8</ele>
   </trkpt>
   <trkpt lat="-29.7492390" lon="24.4778250">
    <ele>1202.1</ele>
   </trkpt>
   <trkpt lat="-29.7492210" lon="24.4778080">
    <ele>1202.1</ele>
   </trkpt>
   <trkpt lat="-29.7492110" lon="24.4777990">
    <ele>1202.3</ele>
   </trkpt>
   <trkpt lat="-29.7491900" lon="24.4777780">
    <ele>1202.4</ele>
   </trkpt>
   <trkpt lat="-29.7491680" lon="24.4777520">
    <ele>1202.7</ele>
   </trkpt>
   <trkpt lat="-29.7491560" lon="24.4777420">
    <ele>1202.7</ele>
   </trkpt>
   <trkpt lat="-29.7491310" lon="24.4777120">
    <ele>1202.9</ele>
   </trkpt>
   <trkpt lat="-29.7491210" lon="24.4777030">
    <ele>1202.9</ele>
   </trkpt>
   <trkpt lat="-29.7490960" lon="24.4776770">
    <ele>1203.2</ele>
   </trkpt>
   <trkpt lat="-29.7490770" lon="24.4776580">
    <ele>1203.2</ele>
   </trkpt>
   <trkpt lat="-29.7490670" lon="24.4776510">
    <ele>1203.2</ele>
   </trkpt>
   <trkpt lat="-29.7490450" lon="24.4776340">
    <ele>1203.7</ele>
   </trkpt>
   <trkpt lat="-29.7490120" lon="24.4776140">
    <ele>1204.1</ele>
   </trkpt>
   <trkpt lat="-29.7489940" lon="24.4776060">
    <ele>1204.1</ele>
   </trkpt>
   <trkpt lat="-29.7489850" lon="24.4775990">
    <ele>1204.7</ele>
   </trkpt>
   <trkpt lat="-29.7489620" lon="24.4775890">
    <ele>1204.7</ele>
   </trkpt>
   <trkpt lat="-29.7489330" lon="24.4775810">
    <ele>1204.9</ele>
   </trkpt>
   <trkpt lat="-29.7489240" lon="24.4775770">
    <ele>1204.9</ele>
   </trkpt>
   <trkpt lat="-29.7488900" lon="24.4775730">
    <ele>1205.4</ele>
   </trkpt>
   <trkpt lat="-29.7488820" lon="24.4775730">
    <ele>1205.4</ele>
   </trkpt>
   <trkpt lat="-29.7488500" lon="24.4775660">
    <ele>1205.8</ele>
   </trkpt>
   <trkpt lat="-29.7488380" lon="24.4775640">
    <ele>1206.0</ele>
   </trkpt>
   <trkpt lat="-29.7488100" lon="24.4775700">
    <ele>1206.0</ele>
   </trkpt>
   <trkpt lat="-29.7487950" lon="24.4775660">
    <ele>1206.2</ele>
   </trkpt>
   <trkpt lat="-29.7487690" lon="24.4775680">
    <ele>1206.2</ele>
   </trkpt>
   <trkpt lat="-29.7487530" lon="24.4775670">
    <ele>1206.2</ele>
   </trkpt>
   <trkpt lat="-29.7487400" lon="24.4775640">
    <ele>1206.2</ele>
   </trkpt>
   <trkpt lat="-29.7487200" lon="24.4775660">
    <ele>1206.2</ele>
   </trkpt>
   <trkpt lat="-29.7486880" lon="24.4775720">
    <ele>1206.2</ele>
   </trkpt>
   <trkpt lat="-29.7486790" lon="24.4775700">
    <ele>1206.2</ele>
   </trkpt>
   <trkpt lat="-29.7486490" lon="24.4775680">
    <ele>1206.3</ele>
   </trkpt>
   <trkpt lat="-29.7486200" lon="24.4775700">
    <ele>1206.3</ele>
   </trkpt>
   <trkpt lat="-29.7486030" lon="24.4775680">
    <ele>1206.6</ele>
   </trkpt>
   <trkpt lat="-29.7485760" lon="24.4775770">
    <ele>1206.8</ele>
   </trkpt>
   <trkpt lat="-29.7485580" lon="24.4775780">
    <ele>1206.8</ele>
   </trkpt>
   <trkpt lat="-29.7485500" lon="24.4775820">
    <ele>1206.7</ele>
   </trkpt>
   <trkpt lat="-29.7485280" lon="24.4775890">
    <ele>1206.9</ele>
   </trkpt>
   <trkpt lat="-29.7484980" lon="24.4775980">
    <ele>1207.1</ele>
   </trkpt>
   <trkpt lat="-29.7484820" lon="24.4775990">
    <ele>1207.1</ele>
   </trkpt>
   <trkpt lat="-29.7484690" lon="24.4775940">
    <ele>1207.1</ele>
   </trkpt>
   <trkpt lat="-29.7484480" lon="24.4775980">
    <ele>1207.1</ele>
   </trkpt>
   <trkpt lat="-29.7484170" lon="24.4776020">
    <ele>1207.1</ele>
   </trkpt>
   <trkpt lat="-29.7484110" lon="24.4776040">
    <ele>1207.1</ele>
   </trkpt>
   <trkpt lat="-29.7483780" lon="24.4776040">
    <ele>1207.0</ele>
   </trkpt>
   <trkpt lat="-29.7483690" lon="24.4776030">
    <ele>1207.0</ele>
   </trkpt>
   <trkpt lat="-29.7483500" lon="24.4776070">
    <ele>1207.0</ele>
   </trkpt>
   <trkpt lat="-29.7483200" lon="24.4776060">
    <ele>1207.0</ele>
   </trkpt>
   <trkpt lat="-29.7483080" lon="24.4776060">
    <ele>1207.0</ele>
   </trkpt>
   <trkpt lat="-29.7482780" lon="24.4776070">
    <ele>1207.0</ele>
   </trkpt>
   <trkpt lat="-29.7482470" lon="24.4776090">
    <ele>1207.0</ele>
   </trkpt>
   <trkpt lat="-29.7482190" lon="24.4776010">
    <ele>1207.0</ele>
   </trkpt>
   <trkpt lat="-29.7481840" lon="24.4776090">
    <ele>1207.0</ele>
   </trkpt>
   <trkpt lat="-29.7481730" lon="24.4776100">
    <ele>1207.0</ele>
   </trkpt>
   <trkpt lat="-29.7481380" lon="24.4776160">
    <ele>1206.9</ele>
   </trkpt>
   <trkpt lat="-29.7481260" lon="24.4776170">
    <ele>1206.9</ele>
   </trkpt>
   <trkpt lat="-29.7480980" lon="24.4776170">
    <ele>1206.9</ele>
   </trkpt>
   <trkpt lat="-29.7480610" lon="24.4776150">
    <ele>1206.9</ele>
   </trkpt>
   <trkpt lat="-29.7480510" lon="24.4776150">
    <ele>1207.0</ele>
   </trkpt>
   <trkpt lat="-29.7480140" lon="24.4776260">
    <ele>1207.5</ele>
   </trkpt>
   <trkpt lat="-29.7480020" lon="24.4776280">
    <ele>1207.5</ele>
   </trkpt>
   <trkpt lat="-29.7479640" lon="24.4776280">
    <ele>1207.9</ele>
   </trkpt>
   <trkpt lat="-29.7479520" lon="24.4776280">
    <ele>1207.9</ele>
   </trkpt>
   <trkpt lat="-29.7479160" lon="24.4776270">
    <ele>1208.1</ele>
   </trkpt>
   <trkpt lat="-29.7479020" lon="24.4776230">
    <ele>1207.9</ele>
   </trkpt>
   <trkpt lat="-29.7478680" lon="24.4776240">
    <ele>1207.9</ele>
   </trkpt>
   <trkpt lat="-29.7478570" lon="24.4776240">
    <ele>1207.9</ele>
   </trkpt>
   <trkpt lat="-29.7478290" lon="24.4776240">
    <ele>1207.9</ele>
   </trkpt>
   <trkpt lat="-29.7478020" lon="24.4776210">
    <ele>1207.9</ele>
   </trkpt>
   <trkpt lat="-29.7477980" lon="24.4776220">
    <ele>1207.9</ele>
   </trkpt>
   <trkpt lat="-29.7477720" lon="24.4776230">
    <ele>1207.9</ele>
   </trkpt>
   <trkpt lat="-29.7477640" lon="24.4776260">
    <ele>1208.0</ele>
   </trkpt>
   <trkpt lat="-29.7477360" lon="24.4776180">
    <ele>1208.0</ele>
   </trkpt>
   <trkpt lat="-29.7477070" lon="24.4776190">
    <ele>1208.3</ele>
   </trkpt>
   <trkpt lat="-29.7476880" lon="24.4776190">
    <ele>1208.3</ele>
   </trkpt>
   <trkpt lat="-29.7476640" lon="24.4776130">
    <ele>1208.6</ele>
   </trkpt>
   <trkpt lat="-29.7476500" lon="24.4776140">
    <ele>1208.6</ele>
   </trkpt>
   <trkpt lat="-29.7476140" lon="24.4776190">
    <ele>1208.8</ele>
   </trkpt>
   <trkpt lat="-29.7476020" lon="24.4776200">
    <ele>1208.9</ele>
   </trkpt>
   <trkpt lat="-29.7475740" lon="24.4776340">
    <ele>1209.1</ele>
   </trkpt>
   <trkpt lat="-29.7475390" lon="24.4776380">
    <ele>1209.1</ele>
   </trkpt>
   <trkpt lat="-29.7475210" lon="24.4776390">
    <ele>1209.0</ele>
   </trkpt>
   <trkpt lat="-29.7474890" lon="24.4776420">
    <ele>1209.0</ele>
   </trkpt>
   <trkpt lat="-29.7474690" lon="24.4776420">
    <ele>1209.0</ele>
   </trkpt>
   <trkpt lat="-29.7474600" lon="24.4776460">
    <ele>1209.2</ele>
   </trkpt>
   <trkpt lat="-29.7474340" lon="24.4776470">
    <ele>1209.2</ele>
   </trkpt>
   <trkpt lat="-29.7473990" lon="24.4776510">
    <ele>1209.7</ele>
   </trkpt>
   <trkpt lat="-29.7473900" lon="24.4776520">
    <ele>1209.7</ele>
   </trkpt>
   <trkpt lat="-29.7473490" lon="24.4776450">
    <ele>1210.8</ele>
   </trkpt>
   <trkpt lat="-29.7473250" lon="24.4776330">
    <ele>1210.8</ele>
   </trkpt>
   <trkpt lat="-29.7473110" lon="24.4776290">
    <ele>1211.1</ele>
   </trkpt>
   <trkpt lat="-29.7472820" lon="24.4776160">
    <ele>1210.9</ele>
   </trkpt>
   <trkpt lat="-29.7472520" lon="24.4775990">
    <ele>1211.0</ele>
   </trkpt>
   <trkpt lat="-29.7472390" lon="24.4775930">
    <ele>1210.9</ele>
   </trkpt>
   <trkpt lat="-29.7472030" lon="24.4775760">
    <ele>1210.8</ele>
   </trkpt>
   <trkpt lat="-29.7471920" lon="24.4775710">
    <ele>1210.8</ele>
   </trkpt>
   <trkpt lat="-29.7471580" lon="24.4775470">
    <ele>1211.0</ele>
   </trkpt>
   <trkpt lat="-29.7471350" lon="24.4775330">
    <ele>1211.0</ele>
   </trkpt>
   <trkpt lat="-29.7471240" lon="24.4775260">
    <ele>1211.3</ele>
   </trkpt>
   <trkpt lat="-29.7471000" lon="24.4775030">
    <ele>1211.3</ele>
   </trkpt>
   <trkpt lat="-29.7470740" lon="24.4774760">
    <ele>1211.6</ele>
   </trkpt>
   <trkpt lat="-29.7470640" lon="24.4774670">
    <ele>1211.6</ele>
   </trkpt>
   <trkpt lat="-29.7470390" lon="24.4774440">
    <ele>1211.8</ele>
   </trkpt>
   <trkpt lat="-29.7470080" lon="24.4774170">
    <ele>1211.9</ele>
   </trkpt>
   <trkpt lat="-29.7469920" lon="24.4774060">
    <ele>1212.0</ele>
   </trkpt>
   <trkpt lat="-29.7469660" lon="24.4773750">
    <ele>1212.1</ele>
   </trkpt>
   <trkpt lat="-29.7469550" lon="24.4773660">
    <ele>1212.1</ele>
   </trkpt>
   <trkpt lat="-29.7469360" lon="24.4773420">
    <ele>1212.1</ele>
   </trkpt>
   <trkpt lat="-29.7469040" lon="24.4773190">
    <ele>1212.0</ele>
   </trkpt>
   <trkpt lat="-29.7468940" lon="24.4773110">
    <ele>1212.0</ele>
   </trkpt>
   <trkpt lat="-29.7468610" lon="24.4772840">
    <ele>1211.9</ele>
   </trkpt>
   <trkpt lat="-29.7468510" lon="24.4772750">
    <ele>1211.7</ele>
   </trkpt>
   <trkpt lat="-29.7468280" lon="24.4772550">
    <ele>1211.8</ele>
   </trkpt>
   <trkpt lat="-29.7467960" lon="24.4772240">
    <ele>1211.6</ele>
   </trkpt>
   <trkpt lat="-29.7467670" lon="24.4771960">
    <ele>1211.7</ele>
   </trkpt>
   <trkpt lat="-29.7467390" lon="24.4771770">
    <ele>1211.7</ele>
   </trkpt>
   <trkpt lat="-29.7467100" lon="24.4771620">
    <ele>1211.9</ele>
   </trkpt>
   <trkpt lat="-29.7466820" lon="24.4771500">
    <ele>1212.0</ele>
   </trkpt>
   <trkpt lat="-29.7466530" lon="24.4771310">
    <ele>1212.2</ele>
   </trkpt>
   <trkpt lat="-29.7466240" lon="24.4771210">
    <ele>1212.5</ele>
   </trkpt>
   <trkpt lat="-29.7465940" lon="24.4771030">
    <ele>1212.9</ele>
   </trkpt>
   <trkpt lat="-29.7465630" lon="24.4770880">
    <ele>1213.0</ele>
   </trkpt>
   <trkpt lat="-29.7465300" lon="24.4770670">
    <ele>1213.0</ele>
   </trkpt>
   <trkpt lat="-29.7464990" lon="24.4770500">
    <ele>1213.1</ele>
   </trkpt>
   <trkpt lat="-29.7464700" lon="24.4770400">
    <ele>1213.0</ele>
   </trkpt>
   <trkpt lat="-29.7464380" lon="24.4770380">
    <ele>1212.9</ele>
   </trkpt>
   <trkpt lat="-29.7464090" lon="24.4770330">
    <ele>1212.9</ele>
   </trkpt>
   <trkpt lat="-29.7463760" lon="24.4770170">
    <ele>1213.0</ele>
   </trkpt>
   <trkpt lat="-29.7463460" lon="24.4770210">
    <ele>1213.0</ele>
   </trkpt>
   <trkpt lat="-29.7463130" lon="24.4770180">
    <ele>1213.1</ele>
   </trkpt>
   <trkpt lat="-29.7462830" lon="24.4770220">
    <ele>1213.1</ele>
   </trkpt>
   <trkpt lat="-29.7462520" lon="24.4770260">
    <ele>1213.0</ele>
   </trkpt>
   <trkpt lat="-29.7462240" lon="24.4770390">
    <ele>1212.8</ele>
   </trkpt>
   <trkpt lat="-29.7461950" lon="24.4770600">
    <ele>1212.5</ele>
   </trkpt>
   <trkpt lat="-29.7461660" lon="24.4770710">
    <ele>1212.5</ele>
   </trkpt>
   <trkpt lat="-29.7461410" lon="24.4770890">
    <ele>1212.2</ele>
   </trkpt>
   <trkpt lat="-29.7461070" lon="24.4771050">
    <ele>1211.8</ele>
   </trkpt>
   <trkpt lat="-29.7460830" lon="24.4771240">
    <ele>1211.4</ele>
   </trkpt>
   <trkpt lat="-29.7460550" lon="24.4771390">
    <ele>1211.4</ele>
   </trkpt>
   <trkpt lat="-29.7460440" lon="24.4771450">
    <ele>1211.0</ele>
   </trkpt>
   <trkpt lat="-29.7460130" lon="24.4771650">
    <ele>1210.8</ele>
   </trkpt>
   <trkpt lat="-29.7460010" lon="24.4771710">
    <ele>1210.6</ele>
   </trkpt>
   <trkpt lat="-29.7459660" lon="24.4771890">
    <ele>1210.6</ele>
   </trkpt>
   <trkpt lat="-29.7459550" lon="24.4771950">
    <ele>1210.5</ele>
   </trkpt>
   <trkpt lat="-29.7459200" lon="24.4772160">
    <ele>1210.5</ele>
   </trkpt>
   <trkpt lat="-29.7459070" lon="24.4772240">
    <ele>1210.5</ele>
   </trkpt>
   <trkpt lat="-29.7458830" lon="24.4772390">
    <ele>1210.5</ele>
   </trkpt>
   <trkpt lat="-29.7458470" lon="24.4772580">
    <ele>1210.8</ele>
   </trkpt>
   <trkpt lat="-29.7458340" lon="24.4772620">
    <ele>1210.8</ele>
   </trkpt>
   <trkpt lat="-29.7458110" lon="24.4772810">
    <ele>1211.1</ele>
   </trkpt>
   <trkpt lat="-29.7457860" lon="24.4772960">
    <ele>1211.1</ele>
   </trkpt>
   <trkpt lat="-29.7457570" lon="24.4773060">
    <ele>1211.1</ele>
   </trkpt>
   <trkpt lat="-29.7457320" lon="24.4773180">
    <ele>1211.3</ele>
   </trkpt>
   <trkpt lat="-29.7457070" lon="24.4773350">
    <ele>1211.5</ele>
   </trkpt>
   <trkpt lat="-29.7456800" lon="24.4773510">
    <ele>1211.5</ele>
   </trkpt>
   <trkpt lat="-29.7456460" lon="24.4773740">
    <ele>1211.8</ele>
   </trkpt>
   <trkpt lat="-29.7456340" lon="24.4773820">
    <ele>1212.2</ele>
   </trkpt>
   <trkpt lat="-29.7456080" lon="24.4773990">
    <ele>1212.2</ele>
   </trkpt>
   <trkpt lat="-29.7455840" lon="24.4774190">
    <ele>1212.5</ele>
   </trkpt>
   <trkpt lat="-29.7455600" lon="24.4774360">
    <ele>1212.7</ele>
   </trkpt>
   <trkpt lat="-29.7455320" lon="24.4774480">
    <ele>1212.7</ele>
   </trkpt>
   <trkpt lat="-29.7455070" lon="24.4774630">
    <ele>1212.8</ele>
   </trkpt>
   <trkpt lat="-29.7454780" lon="24.4774780">
    <ele>1213.1</ele>
   </trkpt>
   <trkpt lat="-29.7454510" lon="24.4774920">
    <ele>1213.1</ele>
   </trkpt>
   <trkpt lat="-29.7454270" lon="24.4775090">
    <ele>1213.2</ele>
   </trkpt>
   <trkpt lat="-29.7453870" lon="24.4775240">
    <ele>1213.3</ele>
   </trkpt>
   <trkpt lat="-29.7453730" lon="24.4775290">
    <ele>1213.5</ele>
   </trkpt>
   <trkpt lat="-29.7453500" lon="24.4775480">
    <ele>1213.0</ele>
   </trkpt>
   <trkpt lat="-29.7453260" lon="24.4775640">
    <ele>1213.0</ele>
   </trkpt>
   <trkpt lat="-29.7452900" lon="24.4775840">
    <ele>1212.8</ele>
   </trkpt>
   <trkpt lat="-29.7452780" lon="24.4775930">
    <ele>1212.8</ele>
   </trkpt>
   <trkpt lat="-29.7452570" lon="24.4776180">
    <ele>1212.8</ele>
   </trkpt>
   <trkpt lat="-29.7452240" lon="24.4776360">
    <ele>1212.7</ele>
   </trkpt>
   <trkpt lat="-29.7451910" lon="24.4776530">
    <ele>1212.7</ele>
   </trkpt>
   <trkpt lat="-29.7451600" lon="24.4776770">
    <ele>1212.7</ele>
   </trkpt>
   <trkpt lat="-29.7451300" lon="24.4777060">
    <ele>1212.8</ele>
   </trkpt>
   <trkpt lat="-29.7451010" lon="24.4777320">
    <ele>1212.8</ele>
   </trkpt>
   <trkpt lat="-29.7450560" lon="24.4777500">
    <ele>1212.8</ele>
   </trkpt>
   <trkpt lat="-29.7450190" lon="24.4777700">
    <ele>1212.8</ele>
   </trkpt>
   <trkpt lat="-29.7449790" lon="24.4777900">
    <ele>1212.8</ele>
   </trkpt>
   <trkpt lat="-29.7449460" lon="24.4778090">
    <ele>1212.7</ele>
   </trkpt>
   <trkpt lat="-29.7449100" lon="24.4778220">
    <ele>1212.7</ele>
   </trkpt>
   <trkpt lat="-29.7448760" lon="24.4778430">
    <ele>1212.6</ele>
   </trkpt>
   <trkpt lat="-29.7448470" lon="24.4778570">
    <ele>1212.6</ele>
   </trkpt>
   <trkpt lat="-29.7448140" lon="24.4778710">
    <ele>1212.7</ele>
   </trkpt>
   <trkpt lat="-29.7447880" lon="24.4778900">
    <ele>1212.7</ele>
   </trkpt>
   <trkpt lat="-29.7447560" lon="24.4779030">
    <ele>1212.8</ele>
   </trkpt>
   <trkpt lat="-29.7447250" lon="24.4779190">
    <ele>1213.0</ele>
   </trkpt>
   <trkpt lat="-29.7446920" lon="24.4779280">
    <ele>1213.0</ele>
   </trkpt>
   <trkpt lat="-29.7446800" lon="24.4779280">
    <ele>1213.0</ele>
   </trkpt>
   <trkpt lat="-29.7446540" lon="24.4779430">
    <ele>1212.8</ele>
   </trkpt>
   <trkpt lat="-29.7446330" lon="24.4779640">
    <ele>1212.8</ele>
   </trkpt>
   <trkpt lat="-29.7446110" lon="24.4779870">
    <ele>1212.3</ele>
   </trkpt>
   <trkpt lat="-29.7446010" lon="24.4779940">
    <ele>1212.3</ele>
   </trkpt>
   <trkpt lat="-29.7445700" lon="24.4780140">
    <ele>1211.7</ele>
   </trkpt>
   <trkpt lat="-29.7445450" lon="24.4780320">
    <ele>1211.3</ele>
   </trkpt>
   <trkpt lat="-29.7445340" lon="24.4780410">
    <ele>1211.3</ele>
   </trkpt>
   <trkpt lat="-29.7445070" lon="24.4780570">
    <ele>1210.8</ele>
   </trkpt>
   <trkpt lat="-29.7444770" lon="24.4780780">
    <ele>1210.4</ele>
   </trkpt>
   <trkpt lat="-29.7444630" lon="24.4780850">
    <ele>1210.4</ele>
   </trkpt>
   <trkpt lat="-29.7444350" lon="24.4781120">
    <ele>1210.1</ele>
   </trkpt>
   <trkpt lat="-29.7444250" lon="24.4781200">
    <ele>1210.1</ele>
   </trkpt>
   <trkpt lat="-29.7444020" lon="24.4781420">
    <ele>1210.0</ele>
   </trkpt>
   <trkpt lat="-29.7443770" lon="24.4781690">
    <ele>1210.0</ele>
   </trkpt>
   <trkpt lat="-29.7443660" lon="24.4781780">
    <ele>1209.9</ele>
   </trkpt>
   <trkpt lat="-29.7443400" lon="24.4782020">
    <ele>1210.1</ele>
   </trkpt>
   <trkpt lat="-29.7443110" lon="24.4782230">
    <ele>1210.3</ele>
   </trkpt>
   <trkpt lat="-29.7443000" lon="24.4782320">
    <ele>1210.6</ele>
   </trkpt>
   <trkpt lat="-29.7442800" lon="24.4782540">
    <ele>1210.8</ele>
   </trkpt>
   <trkpt lat="-29.7442380" lon="24.4782740">
    <ele>1211.3</ele>
   </trkpt>
   <trkpt lat="-29.7442160" lon="24.4782840">
    <ele>1211.6</ele>
   </trkpt>
   <trkpt lat="-29.7441910" lon="24.4782910">
    <ele>1211.6</ele>
   </trkpt>
   <trkpt lat="-29.7441780" lon="24.4782940">
    <ele>1211.8</ele>
   </trkpt>
   <trkpt lat="-29.7441420" lon="24.4783020">
    <ele>1212.0</ele>
   </trkpt>
   <trkpt lat="-29.7441130" lon="24.4783100">
    <ele>1212.0</ele>
   </trkpt>
   <trkpt lat="-29.7441000" lon="24.4783160">
    <ele>1212.7</ele>
   </trkpt>
   <trkpt lat="-29.7440750" lon="24.4783290">
    <ele>1212.7</ele>
   </trkpt>
   <trkpt lat="-29.7440390" lon="24.4783540">
    <ele>1212.9</ele>
   </trkpt>
   <trkpt lat="-29.7440230" lon="24.4783630">
    <ele>1213.5</ele>
   </trkpt>
   <trkpt lat="-29.7439840" lon="24.4783800">
    <ele>1213.7</ele>
   </trkpt>
   <trkpt lat="-29.7439640" lon="24.4783900">
    <ele>1213.7</ele>
   </trkpt>
   <trkpt lat="-29.7439400" lon="24.4784070">
    <ele>1214.2</ele>
   </trkpt>
   <trkpt lat="-29.7439250" lon="24.4784150">
    <ele>1214.2</ele>
   </trkpt>
   <trkpt lat="-29.7439010" lon="24.4784300">
    <ele>1214.4</ele>
   </trkpt>
   <trkpt lat="-29.7438660" lon="24.4784550">
    <ele>1214.7</ele>
   </trkpt>
   <trkpt lat="-29.7438510" lon="24.4784660">
    <ele>1214.7</ele>
   </trkpt>
   <trkpt lat="-29.7438230" lon="24.4784820">
    <ele>1214.7</ele>
   </trkpt>
   <trkpt lat="-29.7438100" lon="24.4784880">
    <ele>1214.8</ele>
   </trkpt>
   <trkpt lat="-29.7437840" lon="24.4785000">
    <ele>1214.8</ele>
   </trkpt>
   <trkpt lat="-29.7437500" lon="24.4785200">
    <ele>1214.8</ele>
   </trkpt>
   <trkpt lat="-29.7437350" lon="24.4785270">
    <ele>1214.9</ele>
   </trkpt>
   <trkpt lat="-29.7437060" lon="24.4785480">
    <ele>1214.9</ele>
   </trkpt>
   <trkpt lat="-29.7436930" lon="24.4785560">
    <ele>1214.9</ele>
   </trkpt>
   <trkpt lat="-29.7436660" lon="24.4785730">
    <ele>1214.9</ele>
   </trkpt>
   <trkpt lat="-29.7436420" lon="24.4785870">
    <ele>1214.9</ele>
   </trkpt>
   <trkpt lat="-29.7436090" lon="24.4786080">
    <ele>1214.9</ele>
   </trkpt>
   <trkpt lat="-29.7435790" lon="24.4786260">
    <ele>1214.6</ele>
   </trkpt>
   <trkpt lat="-29.7435680" lon="24.4786340">
    <ele>1214.6</ele>
   </trkpt>
   <trkpt lat="-29.7435330" lon="24.4786550">
    <ele>1214.1</ele>
   </trkpt>
   <trkpt lat="-29.7435030" lon="24.4786710">
    <ele>1213.9</ele>
   </trkpt>
   <trkpt lat="-29.7434900" lon="24.4786780">
    <ele>1213.9</ele>
   </trkpt>
   <trkpt lat="-29.7434580" lon="24.4787070">
    <ele>1213.7</ele>
   </trkpt>
   <trkpt lat="-29.7434280" lon="24.4787220">
    <ele>1213.7</ele>
   </trkpt>
   <trkpt lat="-29.7434140" lon="24.4787290">
    <ele>1213.7</ele>
   </trkpt>
   <trkpt lat="-29.7433810" lon="24.4787470">
    <ele>1213.8</ele>
   </trkpt>
   <trkpt lat="-29.7433500" lon="24.4787630">
    <ele>1213.8</ele>
   </trkpt>
   <trkpt lat="-29.7433370" lon="24.4787690">
    <ele>1213.8</ele>
   </trkpt>
   <trkpt lat="-29.7433140" lon="24.4787890">
    <ele>1213.7</ele>
   </trkpt>
   <trkpt lat="-29.7432860" lon="24.4788080">
    <ele>1213.4</ele>
   </trkpt>
   <trkpt lat="-29.7432730" lon="24.4788170">
    <ele>1213.4</ele>
   </trkpt>
   <trkpt lat="-29.7432470" lon="24.4788290">
    <ele>1212.9</ele>
   </trkpt>
   <trkpt lat="-29.7432160" lon="24.4788520">
    <ele>1212.9</ele>
   </trkpt>
   <trkpt lat="-29.7432040" lon="24.4788620">
    <ele>1212.3</ele>
   </trkpt>
   <trkpt lat="-29.7431720" lon="24.4788730">
    <ele>1212.0</ele>
   </trkpt>
   <trkpt lat="-29.7431430" lon="24.4788990">
    <ele>1212.0</ele>
   </trkpt>
   <trkpt lat="-29.7431300" lon="24.4789090">
    <ele>1211.8</ele>
   </trkpt>
   <trkpt lat="-29.7430980" lon="24.4789210">
    <ele>1212.0</ele>
   </trkpt>
   <trkpt lat="-29.7430620" lon="24.4789430">
    <ele>1212.1</ele>
   </trkpt>
   <trkpt lat="-29.7430480" lon="24.4789510">
    <ele>1212.1</ele>
   </trkpt>
   <trkpt lat="-29.7430200" lon="24.4789630">
    <ele>1212.5</ele>
   </trkpt>
   <trkpt lat="-29.7429960" lon="24.4789800">
    <ele>1212.5</ele>
   </trkpt>
   <trkpt lat="-29.7429680" lon="24.4789930">
    <ele>1212.5</ele>
   </trkpt>
   <trkpt lat="-29.7429340" lon="24.4790190">
    <ele>1212.8</ele>
   </trkpt>
   <trkpt lat="-29.7429230" lon="24.4790290">
    <ele>1212.8</ele>
   </trkpt>
   <trkpt lat="-29.7429000" lon="24.4790460">
    <ele>1213.1</ele>
   </trkpt>
   <trkpt lat="-29.7428750" lon="24.4790590">
    <ele>1213.1</ele>
   </trkpt>
   <trkpt lat="-29.7428490" lon="24.4790710">
    <ele>1213.1</ele>
   </trkpt>
   <trkpt lat="-29.7428250" lon="24.4790870">
    <ele>1213.3</ele>
   </trkpt>
   <trkpt lat="-29.7427960" lon="24.4790950">
    <ele>1213.4</ele>
   </trkpt>
   <trkpt lat="-29.7427600" lon="24.4791140">
    <ele>1213.4</ele>
   </trkpt>
   <trkpt lat="-29.7427490" lon="24.4791230">
    <ele>1213.4</ele>
   </trkpt>
   <trkpt lat="-29.7427230" lon="24.4791360">
    <ele>1213.5</ele>
   </trkpt>
   <trkpt lat="-29.7426880" lon="24.4791590">
    <ele>1213.7</ele>
   </trkpt>
   <trkpt lat="-29.7426740" lon="24.4791660">
    <ele>1213.7</ele>
   </trkpt>
   <trkpt lat="-29.7426530" lon="24.4791850">
    <ele>1214.1</ele>
   </trkpt>
   <trkpt lat="-29.7426230" lon="24.4792050">
    <ele>1214.1</ele>
   </trkpt>
   <trkpt lat="-29.7426150" lon="24.4792120">
    <ele>1214.4</ele>
   </trkpt>
   <trkpt lat="-29.7425840" lon="24.4792310">
    <ele>1214.7</ele>
   </trkpt>
   <trkpt lat="-29.7425550" lon="24.4792420">
    <ele>1215.0</ele>
   </trkpt>
   <trkpt lat="-29.7425430" lon="24.4792470">
    <ele>1215.2</ele>
   </trkpt>
   <trkpt lat="-29.7425130" lon="24.4792590">
    <ele>1215.5</ele>
   </trkpt>
   <trkpt lat="-29.7424830" lon="24.4792860">
    <ele>1215.6</ele>
   </trkpt>
   <trkpt lat="-29.7424720" lon="24.4792950">
    <ele>1215.6</ele>
   </trkpt>
   <trkpt lat="-29.7424460" lon="24.4793100">
    <ele>1215.7</ele>
   </trkpt>
   <trkpt lat="-29.7424090" lon="24.4793360">
    <ele>1215.6</ele>
   </trkpt>
   <trkpt lat="-29.7423920" lon="24.4793460">
    <ele>1215.5</ele>
   </trkpt>
   <trkpt lat="-29.7423640" lon="24.4793640">
    <ele>1215.5</ele>
   </trkpt>
   <trkpt lat="-29.7423520" lon="24.4793730">
    <ele>1215.3</ele>
   </trkpt>
   <trkpt lat="-29.7423260" lon="24.4793870">
    <ele>1215.5</ele>
   </trkpt>
   <trkpt lat="-29.7422890" lon="24.4794090">
    <ele>1215.5</ele>
   </trkpt>
   <trkpt lat="-29.7422740" lon="24.4794200">
    <ele>1215.4</ele>
   </trkpt>
   <trkpt lat="-29.7422470" lon="24.4794390">
    <ele>1215.9</ele>
   </trkpt>
   <trkpt lat="-29.7422360" lon="24.4794470">
    <ele>1215.9</ele>
   </trkpt>
   <trkpt lat="-29.7422070" lon="24.4794600">
    <ele>1215.9</ele>
   </trkpt>
   <trkpt lat="-29.7421720" lon="24.4794830">
    <ele>1216.4</ele>
   </trkpt>
   <trkpt lat="-29.7421550" lon="24.4794920">
    <ele>1216.4</ele>
   </trkpt>
   <trkpt lat="-29.7421270" lon="24.4795110">
    <ele>1216.3</ele>
   </trkpt>
   <trkpt lat="-29.7421140" lon="24.4795190">
    <ele>1216.9</ele>
   </trkpt>
   <trkpt lat="-29.7420820" lon="24.4795360">
    <ele>1217.1</ele>
   </trkpt>
   <trkpt lat="-29.7420540" lon="24.4795560">
    <ele>1217.3</ele>
   </trkpt>
   <trkpt lat="-29.7420410" lon="24.4795630">
    <ele>1217.8</ele>
   </trkpt>
   <trkpt lat="-29.7420150" lon="24.4795800">
    <ele>1218.0</ele>
   </trkpt>
   <trkpt lat="-29.7419760" lon="24.4795990">
    <ele>1218.4</ele>
   </trkpt>
   <trkpt lat="-29.7419590" lon="24.4796070">
    <ele>1218.4</ele>
   </trkpt>
   <trkpt lat="-29.7419270" lon="24.4796280">
    <ele>1218.4</ele>
   </trkpt>
   <trkpt lat="-29.7419150" lon="24.4796350">
    <ele>1218.4</ele>
   </trkpt>
   <trkpt lat="-29.7418840" lon="24.4796520">
    <ele>1218.6</ele>
   </trkpt>
   <trkpt lat="-29.7418550" lon="24.4796710">
    <ele>1218.6</ele>
   </trkpt>
   <trkpt lat="-29.7418430" lon="24.4796770">
    <ele>1218.6</ele>
   </trkpt>
   <trkpt lat="-29.7418140" lon="24.4796990">
    <ele>1218.6</ele>
   </trkpt>
   <trkpt lat="-29.7417860" lon="24.4797150">
    <ele>1218.5</ele>
   </trkpt>
   <trkpt lat="-29.7417760" lon="24.4797230">
    <ele>1218.5</ele>
   </trkpt>
   <trkpt lat="-29.7417490" lon="24.4797400">
    <ele>1218.3</ele>
   </trkpt>
   <trkpt lat="-29.7417120" lon="24.4797640">
    <ele>1218.0</ele>
   </trkpt>
   <trkpt lat="-29.7416940" lon="24.4797740">
    <ele>1218.0</ele>
   </trkpt>
   <trkpt lat="-29.7416670" lon="24.4797880">
    <ele>1217.7</ele>
   </trkpt>
   <trkpt lat="-29.7416550" lon="24.4797950">
    <ele>1217.7</ele>
   </trkpt>
   <trkpt lat="-29.7416260" lon="24.4798160">
    <ele>1217.3</ele>
   </trkpt>
   <trkpt lat="-29.7415930" lon="24.4798310">
    <ele>1217.0</ele>
   </trkpt>
   <trkpt lat="-29.7415790" lon="24.4798390">
    <ele>1217.0</ele>
   </trkpt>
   <trkpt lat="-29.7415510" lon="24.4798510">
    <ele>1216.7</ele>
   </trkpt>
   <trkpt lat="-29.7415170" lon="24.4798850">
    <ele>1216.6</ele>
   </trkpt>
   <trkpt lat="-29.7414990" lon="24.4799010">
    <ele>1216.5</ele>
   </trkpt>
   <trkpt lat="-29.7414770" lon="24.4799180">
    <ele>1216.5</ele>
   </trkpt>
   <trkpt lat="-29.7414640" lon="24.4799250">
    <ele>1216.5</ele>
   </trkpt>
   <trkpt lat="-29.7414350" lon="24.4799530">
    <ele>1216.4</ele>
   </trkpt>
   <trkpt lat="-29.7414080" lon="24.4799740">
    <ele>1216.4</ele>
   </trkpt>
   <trkpt lat="-29.7413950" lon="24.4799840">
    <ele>1216.4</ele>
   </trkpt>
   <trkpt lat="-29.7413700" lon="24.4799980">
    <ele>1216.4</ele>
   </trkpt>
   <trkpt lat="-29.7413370" lon="24.4800310">
    <ele>1216.7</ele>
   </trkpt>
   <trkpt lat="-29.7413230" lon="24.4800450">
    <ele>1216.7</ele>
   </trkpt>
   <trkpt lat="-29.7412880" lon="24.4800630">
    <ele>1216.7</ele>
   </trkpt>
   <trkpt lat="-29.7412730" lon="24.4800720">
    <ele>1216.9</ele>
   </trkpt>
   <trkpt lat="-29.7412430" lon="24.4801020">
    <ele>1216.9</ele>
   </trkpt>
   <trkpt lat="-29.7412330" lon="24.4801110">
    <ele>1216.9</ele>
   </trkpt>
   <trkpt lat="-29.7412130" lon="24.4801320">
    <ele>1217.1</ele>
   </trkpt>
   <trkpt lat="-29.7411760" lon="24.4801500">
    <ele>1217.2</ele>
   </trkpt>
   <trkpt lat="-29.7411620" lon="24.4801580">
    <ele>1217.7</ele>
   </trkpt>
   <trkpt lat="-29.7411350" lon="24.4801780">
    <ele>1217.7</ele>
   </trkpt>
   <trkpt lat="-29.7411240" lon="24.4801850">
    <ele>1218.0</ele>
   </trkpt>
   <trkpt lat="-29.7410930" lon="24.4802020">
    <ele>1218.4</ele>
   </trkpt>
   <trkpt lat="-29.7410860" lon="24.4802080">
    <ele>1218.6</ele>
   </trkpt>
   <trkpt lat="-29.7410620" lon="24.4802300">
    <ele>1218.6</ele>
   </trkpt>
   <trkpt lat="-29.7410350" lon="24.4802440">
    <ele>1219.0</ele>
   </trkpt>
   <trkpt lat="-29.7410170" lon="24.4802530">
    <ele>1219.0</ele>
   </trkpt>
   <trkpt lat="-29.7410040" lon="24.4802550">
    <ele>1219.1</ele>
   </trkpt>
   <trkpt lat="-29.7409840" lon="24.4802710">
    <ele>1219.1</ele>
   </trkpt>
   <trkpt lat="-29.7409590" lon="24.4802900">
    <ele>1219.6</ele>
   </trkpt>
   <trkpt lat="-29.7409300" lon="24.4803090">
    <ele>1219.7</ele>
   </trkpt>
   <trkpt lat="-29.7409140" lon="24.4803220">
    <ele>1219.7</ele>
   </trkpt>
   <trkpt lat="-29.7409030" lon="24.4803280">
    <ele>1219.8</ele>
   </trkpt>
   <trkpt lat="-29.7408830" lon="24.4803430">
    <ele>1220.3</ele>
   </trkpt>
   <trkpt lat="-29.7408540" lon="24.4803620">
    <ele>1220.4</ele>
   </trkpt>
   <trkpt lat="-29.7408450" lon="24.4803660">
    <ele>1220.4</ele>
   </trkpt>
   <trkpt lat="-29.7408220" lon="24.4803870">
    <ele>1220.7</ele>
   </trkpt>
   <trkpt lat="-29.7407880" lon="24.4804060">
    <ele>1220.6</ele>
   </trkpt>
   <trkpt lat="-29.7407680" lon="24.4804170">
    <ele>1220.9</ele>
   </trkpt>
   <trkpt lat="-29.7407600" lon="24.4804250">
    <ele>1220.9</ele>
   </trkpt>
   <trkpt lat="-29.7407410" lon="24.4804420">
    <ele>1220.8</ele>
   </trkpt>
   <trkpt lat="-29.7407080" lon="24.4804650">
    <ele>1220.9</ele>
   </trkpt>
   <trkpt lat="-29.7406950" lon="24.4804710">
    <ele>1220.9</ele>
   </trkpt>
   <trkpt lat="-29.7406720" lon="24.4804890">
    <ele>1220.7</ele>
   </trkpt>
   <trkpt lat="-29.7406470" lon="24.4805150">
    <ele>1220.8</ele>
   </trkpt>
   <trkpt lat="-29.7406330" lon="24.4805260">
    <ele>1220.5</ele>
   </trkpt>
   <trkpt lat="-29.7406340" lon="24.4805350">
    <ele>1220.5</ele>
   </trkpt>
   <trkpt lat="-29.7406270" lon="24.4805610">
    <ele>1220.7</ele>
   </trkpt>
   <trkpt lat="-29.7406130" lon="24.4805850">
    <ele>1220.7</ele>
   </trkpt>
   <trkpt lat="-29.7406030" lon="24.4805970">
    <ele>1220.7</ele>
   </trkpt>
   <trkpt lat="-29.7405600" lon="24.4806200">
    <ele>1220.5</ele>
   </trkpt>
   <trkpt lat="-29.7405410" lon="24.4806300">
    <ele>1221.0</ele>
   </trkpt>
   <trkpt lat="-29.7405100" lon="24.4806460">
    <ele>1220.9</ele>
   </trkpt>
   <trkpt lat="-29.7404890" lon="24.4806670">
    <ele>1220.8</ele>
   </trkpt>
   <trkpt lat="-29.7404650" lon="24.4806840">
    <ele>1221.3</ele>
   </trkpt>
   <trkpt lat="-29.7404370" lon="24.4807100">
    <ele>1221.2</ele>
   </trkpt>
   <trkpt lat="-29.7404230" lon="24.4807170">
    <ele>1221.5</ele>
   </trkpt>
   <trkpt lat="-29.7403990" lon="24.4807440">
    <ele>1221.2</ele>
   </trkpt>
   <trkpt lat="-29.7403910" lon="24.4807510">
    <ele>1221.2</ele>
   </trkpt>
   <trkpt lat="-29.7403660" lon="24.4807660">
    <ele>1221.1</ele>
   </trkpt>
   <trkpt lat="-29.7403410" lon="24.4807900">
    <ele>1220.9</ele>
   </trkpt>
   <trkpt lat="-29.7403190" lon="24.4808160">
    <ele>1221.2</ele>
   </trkpt>
   <trkpt lat="-29.7403060" lon="24.4808250">
    <ele>1221.1</ele>
   </trkpt>
   <trkpt lat="-29.7402800" lon="24.4808400">
    <ele>1221.1</ele>
   </trkpt>
   <trkpt lat="-29.7402470" lon="24.4808600">
    <ele>1221.4</ele>
   </trkpt>
   <trkpt lat="-29.7402330" lon="24.4808670">
    <ele>1221.5</ele>
   </trkpt>
   <trkpt lat="-29.7402120" lon="24.4808980">
    <ele>1221.6</ele>
   </trkpt>
   <trkpt lat="-29.7402050" lon="24.4809070">
    <ele>1221.6</ele>
   </trkpt>
   <trkpt lat="-29.7401700" lon="24.4809360">
    <ele>1221.5</ele>
   </trkpt>
   <trkpt lat="-29.7401540" lon="24.4809570">
    <ele>1221.4</ele>
   </trkpt>
   <trkpt lat="-29.7401430" lon="24.4809660">
    <ele>1221.4</ele>
   </trkpt>
   <trkpt lat="-29.7401080" lon="24.4809940">
    <ele>1221.4</ele>
   </trkpt>
   <trkpt lat="-29.7400780" lon="24.4810130">
    <ele>1221.3</ele>
   </trkpt>
   <trkpt lat="-29.7400430" lon="24.4810340">
    <ele>1221.4</ele>
   </trkpt>
   <trkpt lat="-29.7400320" lon="24.4810430">
    <ele>1221.4</ele>
   </trkpt>
   <trkpt lat="-29.7400090" lon="24.4810790">
    <ele>1221.4</ele>
   </trkpt>
   <trkpt lat="-29.7400020" lon="24.4810910">
    <ele>1221.4</ele>
   </trkpt>
   <trkpt lat="-29.7399800" lon="24.4811140">
    <ele>1221.5</ele>
   </trkpt>
   <trkpt lat="-29.7399890" lon="24.4811200">
    <ele>1221.5</ele>
   </trkpt>
   <trkpt lat="-29.7399790" lon="24.4811480">
    <ele>1221.5</ele>
   </trkpt>
   <trkpt lat="-29.7399520" lon="24.4811750">
    <ele>1221.4</ele>
   </trkpt>
   <trkpt lat="-29.7399400" lon="24.4811900">
    <ele>1221.4</ele>
   </trkpt>
   <trkpt lat="-29.7399360" lon="24.4812000">
    <ele>1221.4</ele>
   </trkpt>
   <trkpt lat="-29.7399200" lon="24.4812190">
    <ele>1221.4</ele>
   </trkpt>
   <trkpt lat="-29.7398940" lon="24.4812450">
    <ele>1221.5</ele>
   </trkpt>
   <trkpt lat="-29.7398860" lon="24.4812500">
    <ele>1221.5</ele>
   </trkpt>
   <trkpt lat="-29.7398640" lon="24.4812670">
    <ele>1221.5</ele>
   </trkpt>
   <trkpt lat="-29.7398390" lon="24.4812780">
    <ele>1221.4</ele>
   </trkpt>
   <trkpt lat="-29.7398290" lon="24.4812840">
    <ele>1221.4</ele>
   </trkpt>
   <trkpt lat="-29.7398230" lon="24.4813010">
    <ele>1221.1</ele>
   </trkpt>
   <trkpt lat="-29.7398120" lon="24.4813200">
    <ele>1221.1</ele>
   </trkpt>
   <trkpt lat="-29.7397990" lon="24.4813280">
    <ele>1221.1</ele>
   </trkpt>
   <trkpt lat="-29.7397910" lon="24.4813430">
    <ele>1221.1</ele>
   </trkpt>
   <trkpt lat="-29.7397830" lon="24.4813560">
    <ele>1220.7</ele>
   </trkpt>
   <trkpt lat="-29.7397690" lon="24.4813730">
    <ele>1220.7</ele>
   </trkpt>
   <trkpt lat="-29.7397510" lon="24.4813990">
    <ele>1220.7</ele>
   </trkpt>
   <trkpt lat="-29.7397450" lon="24.4814070">
    <ele>1220.5</ele>
   </trkpt>
   <trkpt lat="-29.7397280" lon="24.4814320">
    <ele>1220.5</ele>
   </trkpt>
   <trkpt lat="-29.7397220" lon="24.4814410">
    <ele>1220.5</ele>
   </trkpt>
   <trkpt lat="-29.7397120" lon="24.4814520">
    <ele>1220.6</ele>
   </trkpt>
   <trkpt lat="-29.7396990" lon="24.4814670">
    <ele>1220.6</ele>
   </trkpt>
   <trkpt lat="-29.7396890" lon="24.4814820">
    <ele>1220.6</ele>
   </trkpt>
   <trkpt lat="-29.7396820" lon="24.4814970">
    <ele>1220.9</ele>
   </trkpt>
   <trkpt lat="-29.7396740" lon="24.4815160">
    <ele>1220.9</ele>
   </trkpt>
   <trkpt lat="-29.7396680" lon="24.4815290">
    <ele>1220.9</ele>
   </trkpt>
   <trkpt lat="-29.7396670" lon="24.4815440">
    <ele>1221.3</ele>
   </trkpt>
   <trkpt lat="-29.7396640" lon="24.4815640">
    <ele>1221.3</ele>
   </trkpt>
   <trkpt lat="-29.7396630" lon="24.4815810">
    <ele>1221.6</ele>
   </trkpt>
   <trkpt lat="-29.7396640" lon="24.4815950">
    <ele>1221.6</ele>
   </trkpt>
   <trkpt lat="-29.7396630" lon="24.4816060">
    <ele>1221.6</ele>
   </trkpt>
   <trkpt lat="-29.7396620" lon="24.4816050">
    <ele>1221.6</ele>
   </trkpt>
   <trkpt lat="-29.7396610" lon="24.4816000">
    <ele>1221.6</ele>
   </trkpt>
   <trkpt lat="-29.7396610" lon="24.4815970">
    <ele>1221.6</ele>
   </trkpt>
   <trkpt lat="-29.7396610" lon="24.4815960">
    <ele>1221.6</ele>
   </trkpt>
   <trkpt lat="-29.7396630" lon="24.4815940">
    <ele>1221.6</ele>
   </trkpt>
   <trkpt lat="-29.7396630" lon="24.4815950">
    <ele>1221.6</ele>
   </trkpt>
   <trkpt lat="-29.7396650" lon="24.4816010">
    <ele>1221.6</ele>
   </trkpt>
   <trkpt lat="-29.7396630" lon="24.4816010">
    <ele>1221.6</ele>
   </trkpt>
   <trkpt lat="-29.7396640" lon="24.4815980">
    <ele>1221.6</ele>
   </trkpt>
   <trkpt lat="-29.7396610" lon="24.4815920">
    <ele>1221.6</ele>
   </trkpt>
   <trkpt lat="-29.7396590" lon="24.4816490">
    <ele>1221.9</ele>
   </trkpt>
   <trkpt lat="-29.7396610" lon="24.4816530">
    <ele>1221.9</ele>
   </trkpt>
   <trkpt lat="-29.7396640" lon="24.4816610">
    <ele>1221.8</ele>
   </trkpt>
   <trkpt lat="-29.7396650" lon="24.4816670">
    <ele>1221.8</ele>
   </trkpt>
   <trkpt lat="-29.7396670" lon="24.4816760">
    <ele>1221.8</ele>
   </trkpt>
   <trkpt lat="-29.7396680" lon="24.4816810">
    <ele>1221.8</ele>
   </trkpt>
   <trkpt lat="-29.7396720" lon="24.4816880">
    <ele>1221.8</ele>
   </trkpt>
   <trkpt lat="-29.7396790" lon="24.4816970">
    <ele>1221.8</ele>
   </trkpt>
   <trkpt lat="-29.7396800" lon="24.4816980">
    <ele>1221.8</ele>
   </trkpt>
   <trkpt lat="-29.7396840" lon="24.4817050">
    <ele>1221.7</ele>
   </trkpt>
   <trkpt lat="-29.7396810" lon="24.4817040">
    <ele>1221.7</ele>
   </trkpt>
   <trkpt lat="-29.7396820" lon="24.4817010">
    <ele>1221.7</ele>
   </trkpt>
   <trkpt lat="-29.7396810" lon="24.4816990">
    <ele>1221.7</ele>
   </trkpt>
   <trkpt lat="-29.7396810" lon="24.4817010">
    <ele>1221.7</ele>
   </trkpt>
   <trkpt lat="-29.7396810" lon="24.4817010">
    <ele>1221.7</ele>
   </trkpt>
   <trkpt lat="-29.7396810" lon="24.4817000">
    <ele>1221.7</ele>
   </trkpt>
   <trkpt lat="-29.7396810" lon="24.4817000">
    <ele>1221.7</ele>
   </trkpt>
   <trkpt lat="-29.7396810" lon="24.4817000">
    <ele>1221.7</ele>
   </trkpt>
   <trkpt lat="-29.7396790" lon="24.4817000">
    <ele>1221.7</ele>
   </trkpt>
   <trkpt lat="-29.7396820" lon="24.4817100">
    <ele>1221.7</ele>
   </trkpt>
   <trkpt lat="-29.7397040" lon="24.4817470">
    <ele>1221.6</ele>
   </trkpt>
   <trkpt lat="-29.7397080" lon="24.4817550">
    <ele>1221.6</ele>
   </trkpt>
   <trkpt lat="-29.7397140" lon="24.4817640">
    <ele>1221.6</ele>
   </trkpt>
   <trkpt lat="-29.7397210" lon="24.4817720">
    <ele>1221.5</ele>
   </trkpt>
   <trkpt lat="-29.7397210" lon="24.4817780">
    <ele>1221.5</ele>
   </trkpt>
   <trkpt lat="-29.7397230" lon="24.4817870">
    <ele>1221.5</ele>
   </trkpt>
   <trkpt lat="-29.7397270" lon="24.4817930">
    <ele>1221.5</ele>
   </trkpt>
   <trkpt lat="-29.7397320" lon="24.4818030">
    <ele>1221.5</ele>
   </trkpt>
   <trkpt lat="-29.7397380" lon="24.4818100">
    <ele>1221.5</ele>
   </trkpt>
   <trkpt lat="-29.7397420" lon="24.4818180">
    <ele>1221.4</ele>
   </trkpt>
   <trkpt lat="-29.7397460" lon="24.4818290">
    <ele>1221.4</ele>
   </trkpt>
   <trkpt lat="-29.7397520" lon="24.4818380">
    <ele>1221.4</ele>
   </trkpt>
   <trkpt lat="-29.7397550" lon="24.4818440">
    <ele>1221.4</ele>
   </trkpt>
   <trkpt lat="-29.7397550" lon="24.4818460">
    <ele>1221.4</ele>
   </trkpt>
   <trkpt lat="-29.7397550" lon="24.4818480">
    <ele>1221.4</ele>
   </trkpt>
   <trkpt lat="-29.7397550" lon="24.4818450">
    <ele>1221.4</ele>
   </trkpt>
   <trkpt lat="-29.7397550" lon="24.4818460">
    <ele>1221.4</ele>
   </trkpt>
   <trkpt lat="-29.7397550" lon="24.4818450">
    <ele>1221.4</ele>
   </trkpt>
   <trkpt lat="-29.7397550" lon="24.4818440">
    <ele>1221.4</ele>
   </trkpt>
   <trkpt lat="-29.7397550" lon="24.4818450">
    <ele>1221.4</ele>
   </trkpt>
   <trkpt lat="-29.7397540" lon="24.4818440">
    <ele>1221.4</ele>
   </trkpt>
   <trkpt lat="-29.7397540" lon="24.4818440">
    <ele>1221.4</ele>
   </trkpt>
   <trkpt lat="-29.7397540" lon="24.4818440">
    <ele>1221.4</ele>
   </trkpt>
   <trkpt lat="-29.7397810" lon="24.4818850">
    <ele>1221.3</ele>
   </trkpt>
   <trkpt lat="-29.7397850" lon="24.4818960">
    <ele>1221.2</ele>
   </trkpt>
   <trkpt lat="-29.7397910" lon="24.4819070">
    <ele>1221.2</ele>
   </trkpt>
   <trkpt lat="-29.7397970" lon="24.4819250">
    <ele>1221.2</ele>
   </trkpt>
   <trkpt lat="-29.7398030" lon="24.4819440">
    <ele>1221.1</ele>
   </trkpt>
   <trkpt lat="-29.7398120" lon="24.4819610">
    <ele>1221.1</ele>
   </trkpt>
   <trkpt lat="-29.7398250" lon="24.4819880">
    <ele>1221.0</ele>
   </trkpt>
   <trkpt lat="-29.7398300" lon="24.4819970">
    <ele>1221.0</ele>
   </trkpt>
   <trkpt lat="-29.7398450" lon="24.4820240">
    <ele>1221.0</ele>
   </trkpt>
   <trkpt lat="-29.7398490" lon="24.4820340">
    <ele>1220.9</ele>
   </trkpt>
   <trkpt lat="-29.7398620" lon="24.4820670">
    <ele>1220.9</ele>
   </trkpt>
   <trkpt lat="-29.7398680" lon="24.4820780">
    <ele>1220.8</ele>
   </trkpt>
   <trkpt lat="-29.7398860" lon="24.4821090">
    <ele>1220.8</ele>
   </trkpt>
   <trkpt lat="-29.7398900" lon="24.4821220">
    <ele>1220.7</ele>
   </trkpt>
   <trkpt lat="-29.7399080" lon="24.4821570">
    <ele>1220.7</ele>
   </trkpt>
   <trkpt lat="-29.7399140" lon="24.4821670">
    <ele>1220.6</ele>
   </trkpt>
   <trkpt lat="-29.7399340" lon="24.4822010">
    <ele>1220.6</ele>
   </trkpt>
   <trkpt lat="-29.7399390" lon="24.4822120">
    <ele>1220.5</ele>
   </trkpt>
   <trkpt lat="-29.7399570" lon="24.4822460">
    <ele>1220.5</ele>
   </trkpt>
   <trkpt lat="-29.7399640" lon="24.4822570">
    <ele>1220.4</ele>
   </trkpt>
   <trkpt lat="-29.7399820" lon="24.4822940">
    <ele>1220.4</ele>
   </trkpt>
   <trkpt lat="-29.7399880" lon="24.4823070">
    <ele>1220.3</ele>
   </trkpt>
   <trkpt lat="-29.7399940" lon="24.4823200">
    <ele>1220.3</ele>
   </trkpt>
   <trkpt lat="-29.7400080" lon="24.4823400">
    <ele>1220.2</ele>
   </trkpt>
   <trkpt lat="-29.7400250" lon="24.4823730">
    <ele>1220.2</ele>
   </trkpt>
   <trkpt lat="-29.7400320" lon="24.4823850">
    <ele>1220.1</ele>
   </trkpt>
   <trkpt lat="-29.7400520" lon="24.4824210">
    <ele>1220.1</ele>
   </trkpt>
   <trkpt lat="-29.7400580" lon="24.4824350">
    <ele>1220.0</ele>
   </trkpt>
   <trkpt lat="-29.7400790" lon="24.4824710">
    <ele>1219.9</ele>
   </trkpt>
   <trkpt lat="-29.7400940" lon="24.4825090">
    <ele>1219.9</ele>
   </trkpt>
   <trkpt lat="-29.7401020" lon="24.4825270">
    <ele>1219.8</ele>
   </trkpt>
   <trkpt lat="-29.7401150" lon="24.4825540">
    <ele>1219.8</ele>
   </trkpt>
   <trkpt lat="-29.7401290" lon="24.4825820">
    <ele>1219.7</ele>
   </trkpt>
   <trkpt lat="-29.7401440" lon="24.4826100">
    <ele>1219.6</ele>
   </trkpt>
   <trkpt lat="-29.7401600" lon="24.4826360">
    <ele>1219.6</ele>
   </trkpt>
   <trkpt lat="-29.7401730" lon="24.4826680">
    <ele>1219.5</ele>
   </trkpt>
   <trkpt lat="-29.7401910" lon="24.4826940">
    <ele>1219.5</ele>
   </trkpt>
   <trkpt lat="-29.7402040" lon="24.4827270">
    <ele>1219.4</ele>
   </trkpt>
   <trkpt lat="-29.7402170" lon="24.4827600">
    <ele>1219.3</ele>
   </trkpt>
   <trkpt lat="-29.7402340" lon="24.4827870">
    <ele>1219.2</ele>
   </trkpt>
   <trkpt lat="-29.7402490" lon="24.4828200">
    <ele>1219.2</ele>
   </trkpt>
   <trkpt lat="-29.7402640" lon="24.4828510">
    <ele>1219.1</ele>
   </trkpt>
   <trkpt lat="-29.7402800" lon="24.4828830">
    <ele>1219.0</ele>
   </trkpt>
   <trkpt lat="-29.7402960" lon="24.4829140">
    <ele>1219.0</ele>
   </trkpt>
   <trkpt lat="-29.7403090" lon="24.4829490">
    <ele>1218.9</ele>
   </trkpt>
   <trkpt lat="-29.7403250" lon="24.4829790">
    <ele>1218.8</ele>
   </trkpt>
   <trkpt lat="-29.7403410" lon="24.4830060">
    <ele>1218.8</ele>
   </trkpt>
   <trkpt lat="-29.7403570" lon="24.4830370">
    <ele>1218.7</ele>
   </trkpt>
   <trkpt lat="-29.7403710" lon="24.4830680">
    <ele>1218.6</ele>
   </trkpt>
   <trkpt lat="-29.7403860" lon="24.4830990">
    <ele>1218.6</ele>
   </trkpt>
   <trkpt lat="-29.7404010" lon="24.4831290">
    <ele>1218.5</ele>
   </trkpt>
   <trkpt lat="-29.7404150" lon="24.4831590">
    <ele>1218.4</ele>
   </trkpt>
   <trkpt lat="-29.7404290" lon="24.4831880">
    <ele>1218.4</ele>
   </trkpt>
   <trkpt lat="-29.7404430" lon="24.4832160">
    <ele>1218.3</ele>
   </trkpt>
   <trkpt lat="-29.7404580" lon="24.4832440">
    <ele>1218.2</ele>
   </trkpt>
   <trkpt lat="-29.7404660" lon="24.4832790">
    <ele>1218.2</ele>
   </trkpt>
   <trkpt lat="-29.7404810" lon="24.4833060">
    <ele>1218.1</ele>
   </trkpt>
   <trkpt lat="-29.7404960" lon="24.4833370">
    <ele>1218.0</ele>
   </trkpt>
   <trkpt lat="-29.7405120" lon="24.4833690">
    <ele>1218.0</ele>
   </trkpt>
   <trkpt lat="-29.7405290" lon="24.4834000">
    <ele>1217.9</ele>
   </trkpt>
   <trkpt lat="-29.7405590" lon="24.4834300">
    <ele>1217.8</ele>
   </trkpt>
   <trkpt lat="-29.7405710" lon="24.4834400">
    <ele>1217.8</ele>
   </trkpt>
   <trkpt lat="-29.7405880" lon="24.4834680">
    <ele>1217.7</ele>
   </trkpt>
   <trkpt lat="-29.7406080" lon="24.4834970">
    <ele>1217.6</ele>
   </trkpt>
   <trkpt lat="-29.7406250" lon="24.4835350">
    <ele>1217.6</ele>
   </trkpt>
   <trkpt lat="-29.7406470" lon="24.4835700">
    <ele>1217.5</ele>
   </trkpt>
   <trkpt lat="-29.7406760" lon="24.4835930">
    <ele>1217.4</ele>
   </trkpt>
   <trkpt lat="-29.7407000" lon="24.4836160">
    <ele>1217.3</ele>
   </trkpt>
   <trkpt lat="-29.7407190" lon="24.4836530">
    <ele>1217.2</ele>
   </trkpt>
   <trkpt lat="-29.7407460" lon="24.4836800">
    <ele>1217.2</ele>
   </trkpt>
   <trkpt lat="-29.7407810" lon="24.4837030">
    <ele>1217.1</ele>
   </trkpt>
   <trkpt lat="-29.7408080" lon="24.4837260">
    <ele>1217.0</ele>
   </trkpt>
   <trkpt lat="-29.7408370" lon="24.4837450">
    <ele>1216.9</ele>
   </trkpt>
   <trkpt lat="-29.7408670" lon="24.4837580">
    <ele>1216.8</ele>
   </trkpt>
   <trkpt lat="-29.7408950" lon="24.4837760">
    <ele>1216.8</ele>
   </trkpt>
   <trkpt lat="-29.7409220" lon="24.4837920">
    <ele>1216.7</ele>
   </trkpt>
   <trkpt lat="-29.7409520" lon="24.4838070">
    <ele>1216.6</ele>
   </trkpt>
   <trkpt lat="-29.7409830" lon="24.4838210">
    <ele>1216.6</ele>
   </trkpt>
   <trkpt lat="-29.7410120" lon="24.4838360">
    <ele>1216.5</ele>
   </trkpt>
   <trkpt lat="-29.7410410" lon="24.4838480">
    <ele>1216.4</ele>
   </trkpt>
   <trkpt lat="-29.7410710" lon="24.4838650">
    <ele>1216.3</ele>
   </trkpt>
   <trkpt lat="-29.7410990" lon="24.4838630">
    <ele>1216.3</ele>
   </trkpt>
   <trkpt lat="-29.7411270" lon="24.4838700">
    <ele>1216.2</ele>
   </trkpt>
   <trkpt lat="-29.7411570" lon="24.4838720">
    <ele>1216.2</ele>
   </trkpt>
   <trkpt lat="-29.7411640" lon="24.4838730">
    <ele>1216.1</ele>
   </trkpt>
   <trkpt lat="-29.7412130" lon="24.4838780">
    <ele>1216.0</ele>
   </trkpt>
   <trkpt lat="-29.7412320" lon="24.4838750">
    <ele>1216.0</ele>
   </trkpt>
   <trkpt lat="-29.7412470" lon="24.4838760">
    <ele>1216.0</ele>
   </trkpt>
   <trkpt lat="-29.7412630" lon="24.4838760">
    <ele>1215.9</ele>
   </trkpt>
   <trkpt lat="-29.7413110" lon="24.4838990">
    <ele>1215.8</ele>
   </trkpt>
   <trkpt lat="-29.7413660" lon="24.4839110">
    <ele>1215.7</ele>
   </trkpt>
   <trkpt lat="-29.7413980" lon="24.4839080">
    <ele>1215.6</ele>
   </trkpt>
   <trkpt lat="-29.7414100" lon="24.4839050">
    <ele>1215.6</ele>
   </trkpt>
   <trkpt lat="-29.7414500" lon="24.4839040">
    <ele>1215.5</ele>
   </trkpt>
   <trkpt lat="-29.7414650" lon="24.4839000">
    <ele>1215.5</ele>
   </trkpt>
   <trkpt lat="-29.7415070" lon="24.4838900">
    <ele>1215.4</ele>
   </trkpt>
   <trkpt lat="-29.7415380" lon="24.4838790">
    <ele>1215.3</ele>
   </trkpt>
   <trkpt lat="-29.7415680" lon="24.4838660">
    <ele>1215.2</ele>
   </trkpt>
   <trkpt lat="-29.7415980" lon="24.4838600">
    <ele>1215.2</ele>
   </trkpt>
   <trkpt lat="-29.7416300" lon="24.4838570">
    <ele>1215.1</ele>
   </trkpt>
   <trkpt lat="-29.7416610" lon="24.4838480">
    <ele>1215.0</ele>
   </trkpt>
   <trkpt lat="-29.7416910" lon="24.4838400">
    <ele>1214.9</ele>
   </trkpt>
   <trkpt lat="-29.7417200" lon="24.4838360">
    <ele>1214.9</ele>
   </trkpt>
   <trkpt lat="-29.7417490" lon="24.4838320">
    <ele>1214.8</ele>
   </trkpt>
   <trkpt lat="-29.7417780" lon="24.4838310">
    <ele>1214.7</ele>
   </trkpt>
   <trkpt lat="-29.7418180" lon="24.4838500">
    <ele>1214.7</ele>
   </trkpt>
   <trkpt lat="-29.7418510" lon="24.4838410">
    <ele>1214.6</ele>
   </trkpt>
   <trkpt lat="-29.7418610" lon="24.4838370">
    <ele>1214.6</ele>
   </trkpt>
   <trkpt lat="-29.7419010" lon="24.4838380">
    <ele>1214.5</ele>
   </trkpt>
   <trkpt lat="-29.7419140" lon="24.4838370">
    <ele>1214.4</ele>
   </trkpt>
   <trkpt lat="-29.7419430" lon="24.4838380">
    <ele>1214.4</ele>
   </trkpt>
   <trkpt lat="-29.7419710" lon="24.4838440">
    <ele>1214.3</ele>
   </trkpt>
   <trkpt lat="-29.7420010" lon="24.4838540">
    <ele>1214.2</ele>
   </trkpt>
   <trkpt lat="-29.7420280" lon="24.4838630">
    <ele>1214.2</ele>
   </trkpt>
   <trkpt lat="-29.7420540" lon="24.4838680">
    <ele>1214.1</ele>
   </trkpt>
   <trkpt lat="-29.7420780" lon="24.4838830">
    <ele>1214.1</ele>
   </trkpt>
   <trkpt lat="-29.7421050" lon="24.4838900">
    <ele>1214.0</ele>
   </trkpt>
   <trkpt lat="-29.7421390" lon="24.4839060">
    <ele>1213.9</ele>
   </trkpt>
   <trkpt lat="-29.7421480" lon="24.4839220">
    <ele>1213.9</ele>
   </trkpt>
   <trkpt lat="-29.7421670" lon="24.4839480">
    <ele>1213.8</ele>
   </trkpt>
   <trkpt lat="-29.7421870" lon="24.4839790">
    <ele>1213.7</ele>
   </trkpt>
   <trkpt lat="-29.7422080" lon="24.4840080">
    <ele>1213.7</ele>
   </trkpt>
   <trkpt lat="-29.7422290" lon="24.4840340">
    <ele>1213.6</ele>
   </trkpt>
   <trkpt lat="-29.7422490" lon="24.4840640">
    <ele>1213.5</ele>
   </trkpt>
   <trkpt lat="-29.7422620" lon="24.4840940">
    <ele>1213.5</ele>
   </trkpt>
   <trkpt lat="-29.7422880" lon="24.4841240">
    <ele>1213.4</ele>
   </trkpt>
   <trkpt lat="-29.7422950" lon="24.4841380">
    <ele>1213.3</ele>
   </trkpt>
   <trkpt lat="-29.7423060" lon="24.4841720">
    <ele>1213.3</ele>
   </trkpt>
   <trkpt lat="-29.7423150" lon="24.4842050">
    <ele>1213.2</ele>
   </trkpt>
   <trkpt lat="-29.7423360" lon="24.4842400">
    <ele>1213.1</ele>
   </trkpt>
   <trkpt lat="-29.7423430" lon="24.4842500">
    <ele>1213.1</ele>
   </trkpt>
   <trkpt lat="-29.7423670" lon="24.4842720">
    <ele>1213.0</ele>
   </trkpt>
   <trkpt lat="-29.7423760" lon="24.4842800">
    <ele>1213.0</ele>
   </trkpt>
   <trkpt lat="-29.7424070" lon="24.4843030">
    <ele>1212.9</ele>
   </trkpt>
   <trkpt lat="-29.7424180" lon="24.4843110">
    <ele>1212.9</ele>
   </trkpt>
   <trkpt lat="-29.7424450" lon="24.4843240">
    <ele>1212.8</ele>
   </trkpt>
   <trkpt lat="-29.7424710" lon="24.4843410">
    <ele>1212.8</ele>
   </trkpt>
   <trkpt lat="-29.7424950" lon="24.4843610">
    <ele>1212.7</ele>
   </trkpt>
   <trkpt lat="-29.7425200" lon="24.4843800">
    <ele>1212.6</ele>
   </trkpt>
   <trkpt lat="-29.7425480" lon="24.4843980">
    <ele>1212.6</ele>
   </trkpt>
   <trkpt lat="-29.7425800" lon="24.4844170">
    <ele>1212.5</ele>
   </trkpt>
   <trkpt lat="-29.7426050" lon="24.4844330">
    <ele>1212.4</ele>
   </trkpt>
   <trkpt lat="-29.7426400" lon="24.4844560">
    <ele>1212.3</ele>
   </trkpt>
   <trkpt lat="-29.7426530" lon="24.4844630">
    <ele>1212.3</ele>
   </trkpt>
   <trkpt lat="-29.7426860" lon="24.4844880">
    <ele>1212.2</ele>
   </trkpt>
   <trkpt lat="-29.7427000" lon="24.4844970">
    <ele>1212.2</ele>
   </trkpt>
   <trkpt lat="-29.7427320" lon="24.4845110">
    <ele>1212.1</ele>
   </trkpt>
   <trkpt lat="-29.7427610" lon="24.4845330">
    <ele>1212.0</ele>
   </trkpt>
   <trkpt lat="-29.7427880" lon="24.4845530">
    <ele>1211.9</ele>
   </trkpt>
   <trkpt lat="-29.7428160" lon="24.4845730">
    <ele>1211.9</ele>
   </trkpt>
   <trkpt lat="-29.7428420" lon="24.4845910">
    <ele>1211.8</ele>
   </trkpt>
   <trkpt lat="-29.7428670" lon="24.4846100">
    <ele>1211.7</ele>
   </trkpt>
   <trkpt lat="-29.7428990" lon="24.4846240">
    <ele>1211.7</ele>
   </trkpt>
   <trkpt lat="-29.7429050" lon="24.4846290">
    <ele>1211.6</ele>
   </trkpt>
   <trkpt lat="-29.7429270" lon="24.4846440">
    <ele>1211.6</ele>
   </trkpt>
   <trkpt lat="-29.7429730" lon="24.4846640">
    <ele>1211.5</ele>
   </trkpt>
   <trkpt lat="-29.7429920" lon="24.4846760">
    <ele>1211.4</ele>
   </trkpt>
   <trkpt lat="-29.7430240" lon="24.4846990">
    <ele>1211.3</ele>
   </trkpt>
   <trkpt lat="-29.7430550" lon="24.4847220">
    <ele>1211.3</ele>
   </trkpt>
   <trkpt lat="-29.7430870" lon="24.4847500">
    <ele>1211.2</ele>
   </trkpt>
   <trkpt lat="-29.7431200" lon="24.4847760">
    <ele>1211.1</ele>
   </trkpt>
   <trkpt lat="-29.7431530" lon="24.4848030">
    <ele>1211.0</ele>
   </trkpt>
   <trkpt lat="-29.7431920" lon="24.4848290">
    <ele>1211.0</ele>
   </trkpt>
   <trkpt lat="-29.7432270" lon="24.4848610">
    <ele>1211.1</ele>
   </trkpt>
   <trkpt lat="-29.7432650" lon="24.4848970">
    <ele>1211.1</ele>
   </trkpt>
   <trkpt lat="-29.7432990" lon="24.4849310">
    <ele>1211.2</ele>
   </trkpt>
   <trkpt lat="-29.7433330" lon="24.4849640">
    <ele>1211.2</ele>
   </trkpt>
   <trkpt lat="-29.7433620" lon="24.4849960">
    <ele>1211.2</ele>
   </trkpt>
   <trkpt lat="-29.7433910" lon="24.4850250">
    <ele>1211.3</ele>
   </trkpt>
   <trkpt lat="-29.7434150" lon="24.4850500">
    <ele>1211.3</ele>
   </trkpt>
   <trkpt lat="-29.7434380" lon="24.4850770">
    <ele>1211.3</ele>
   </trkpt>
   <trkpt lat="-29.7434610" lon="24.4851020">
    <ele>1211.4</ele>
   </trkpt>
   <trkpt lat="-29.7434820" lon="24.4851290">
    <ele>1211.4</ele>
   </trkpt>
   <trkpt lat="-29.7435050" lon="24.4851560">
    <ele>1211.4</ele>
   </trkpt>
   <trkpt lat="-29.7435270" lon="24.4851850">
    <ele>1211.4</ele>
   </trkpt>
   <trkpt lat="-29.7435540" lon="24.4852230">
    <ele>1211.5</ele>
   </trkpt>
   <trkpt lat="-29.7435780" lon="24.4852660">
    <ele>1211.5</ele>
   </trkpt>
   <trkpt lat="-29.7435990" lon="24.4853020">
    <ele>1211.6</ele>
   </trkpt>
   <trkpt lat="-29.7436210" lon="24.4853420">
    <ele>1211.6</ele>
   </trkpt>
   <trkpt lat="-29.7436460" lon="24.4853850">
    <ele>1211.6</ele>
   </trkpt>
   <trkpt lat="-29.7436700" lon="24.4854200">
    <ele>1211.7</ele>
   </trkpt>
   <trkpt lat="-29.7436920" lon="24.4854450">
    <ele>1211.7</ele>
   </trkpt>
   <trkpt lat="-29.7437150" lon="24.4854710">
    <ele>1211.7</ele>
   </trkpt>
   <trkpt lat="-29.7437340" lon="24.4855020">
    <ele>1211.7</ele>
   </trkpt>
   <trkpt lat="-29.7437550" lon="24.4855210">
    <ele>1211.8</ele>
   </trkpt>
   <trkpt lat="-29.7437800" lon="24.4855380">
    <ele>1211.8</ele>
   </trkpt>
   <trkpt lat="-29.7438060" lon="24.4855690">
    <ele>1211.8</ele>
   </trkpt>
   <trkpt lat="-29.7438130" lon="24.4855790">
    <ele>1211.8</ele>
   </trkpt>
   <trkpt lat="-29.7438290" lon="24.4856090">
    <ele>1211.9</ele>
   </trkpt>
   <trkpt lat="-29.7438480" lon="24.4856630">
    <ele>1211.9</ele>
   </trkpt>
   <trkpt lat="-29.7438630" lon="24.4857040">
    <ele>1211.9</ele>
   </trkpt>
   <trkpt lat="-29.7438830" lon="24.4857440">
    <ele>1212.0</ele>
   </trkpt>
   <trkpt lat="-29.7438930" lon="24.4857590">
    <ele>1212.0</ele>
   </trkpt>
   <trkpt lat="-29.7439140" lon="24.4857880">
    <ele>1212.0</ele>
   </trkpt>
   <trkpt lat="-29.7439360" lon="24.4858230">
    <ele>1212.1</ele>
   </trkpt>
   <trkpt lat="-29.7439460" lon="24.4858350">
    <ele>1212.1</ele>
   </trkpt>
   <trkpt lat="-29.7439680" lon="24.4858590">
    <ele>1212.1</ele>
   </trkpt>
   <trkpt lat="-29.7439870" lon="24.4858880">
    <ele>1212.1</ele>
   </trkpt>
   <trkpt lat="-29.7440050" lon="24.4859380">
    <ele>1212.2</ele>
   </trkpt>
   <trkpt lat="-29.7440210" lon="24.4859640">
    <ele>1212.2</ele>
   </trkpt>
   <trkpt lat="-29.7440370" lon="24.4859800">
    <ele>1212.2</ele>
   </trkpt>
   <trkpt lat="-29.7440480" lon="24.4859830">
    <ele>1212.2</ele>
   </trkpt>
   <trkpt lat="-29.7440680" lon="24.4860040">
    <ele>1212.2</ele>
   </trkpt>
   <trkpt lat="-29.7440730" lon="24.4860140">
    <ele>1212.2</ele>
   </trkpt>
   <trkpt lat="-29.7441010" lon="24.4860380">
    <ele>1212.3</ele>
   </trkpt>
   <trkpt lat="-29.7441070" lon="24.4860440">
    <ele>1212.3</ele>
   </trkpt>
   <trkpt lat="-29.7441300" lon="24.4860660">
    <ele>1212.3</ele>
   </trkpt>
   <trkpt lat="-29.7441390" lon="24.4860740">
    <ele>1212.3</ele>
   </trkpt>
   <trkpt lat="-29.7441620" lon="24.4860990">
    <ele>1212.4</ele>
   </trkpt>
   <trkpt lat="-29.7441710" lon="24.4861110">
    <ele>1212.4</ele>
   </trkpt>
   <trkpt lat="-29.7441850" lon="24.4861390">
    <ele>1212.4</ele>
   </trkpt>
   <trkpt lat="-29.7442090" lon="24.4861650">
    <ele>1212.4</ele>
   </trkpt>
   <trkpt lat="-29.7442170" lon="24.4861770">
    <ele>1212.4</ele>
   </trkpt>
   <trkpt lat="-29.7442400" lon="24.4862140">
    <ele>1212.5</ele>
   </trkpt>
   <trkpt lat="-29.7442470" lon="24.4862330">
    <ele>1212.5</ele>
   </trkpt>
   <trkpt lat="-29.7442750" lon="24.4862840">
    <ele>1212.5</ele>
   </trkpt>
   <trkpt lat="-29.7442940" lon="24.4863170">
    <ele>1212.6</ele>
   </trkpt>
   <trkpt lat="-29.7443170" lon="24.4863480">
    <ele>1212.6</ele>
   </trkpt>
   <trkpt lat="-29.7443390" lon="24.4863730">
    <ele>1212.6</ele>
   </trkpt>
   <trkpt lat="-29.7443570" lon="24.4864020">
    <ele>1212.6</ele>
   </trkpt>
   <trkpt lat="-29.7443670" lon="24.4864190">
    <ele>1212.7</ele>
   </trkpt>
   <trkpt lat="-29.7443850" lon="24.4864500">
    <ele>1212.7</ele>
   </trkpt>
   <trkpt lat="-29.7443910" lon="24.4864660">
    <ele>1212.7</ele>
   </trkpt>
   <trkpt lat="-29.7444070" lon="24.4864970">
    <ele>1212.7</ele>
   </trkpt>
   <trkpt lat="-29.7444270" lon="24.4865330">
    <ele>1212.8</ele>
   </trkpt>
   <trkpt lat="-29.7444330" lon="24.4865460">
    <ele>1212.8</ele>
   </trkpt>
   <trkpt lat="-29.7444560" lon="24.4865790">
    <ele>1212.8</ele>
   </trkpt>
   <trkpt lat="-29.7444630" lon="24.4865910">
    <ele>1212.8</ele>
   </trkpt>
   <trkpt lat="-29.7444670" lon="24.4866310">
    <ele>1212.8</ele>
   </trkpt>
   <trkpt lat="-29.7444690" lon="24.4866440">
    <ele>1212.9</ele>
   </trkpt>
   <trkpt lat="-29.7444850" lon="24.4866710">
    <ele>1212.9</ele>
   </trkpt>
   <trkpt lat="-29.7445150" lon="24.4867020">
    <ele>1212.9</ele>
   </trkpt>
   <trkpt lat="-29.7445260" lon="24.4867120">
    <ele>1212.9</ele>
   </trkpt>
   <trkpt lat="-29.7445550" lon="24.4867370">
    <ele>1213.0</ele>
   </trkpt>
   <trkpt lat="-29.7445620" lon="24.4867440">
    <ele>1213.0</ele>
   </trkpt>
   <trkpt lat="-29.7445710" lon="24.4867430">
    <ele>1213.0</ele>
   </trkpt>
   <trkpt lat="-29.7445730" lon="24.4867460">
    <ele>1213.0</ele>
   </trkpt>
   <trkpt lat="-29.7445740" lon="24.4867560">
    <ele>1213.0</ele>
   </trkpt>
   <trkpt lat="-29.7445870" lon="24.4867720">
    <ele>1213.0</ele>
   </trkpt>
   <trkpt lat="-29.7446050" lon="24.4868000">
    <ele>1213.0</ele>
   </trkpt>
   <trkpt lat="-29.7446090" lon="24.4868070">
    <ele>1213.0</ele>
   </trkpt>
   <trkpt lat="-29.7446270" lon="24.4868300">
    <ele>1213.1</ele>
   </trkpt>
   <trkpt lat="-29.7446350" lon="24.4868400">
    <ele>1213.1</ele>
   </trkpt>
   <trkpt lat="-29.7446530" lon="24.4868650">
    <ele>1213.1</ele>
   </trkpt>
   <trkpt lat="-29.7446590" lon="24.4868750">
    <ele>1213.1</ele>
   </trkpt>
   <trkpt lat="-29.7446770" lon="24.4868910">
    <ele>1213.1</ele>
   </trkpt>
   <trkpt lat="-29.7446860" lon="24.4868990">
    <ele>1213.1</ele>
   </trkpt>
   <trkpt lat="-29.7446940" lon="24.4869060">
    <ele>1213.1</ele>
   </trkpt>
   <trkpt lat="-29.7447060" lon="24.4869210">
    <ele>1213.2</ele>
   </trkpt>
   <trkpt lat="-29.7447150" lon="24.4869370">
    <ele>1213.2</ele>
   </trkpt>
   <trkpt lat="-29.7447320" lon="24.4869620">
    <ele>1213.2</ele>
   </trkpt>
   <trkpt lat="-29.7447390" lon="24.4869690">
    <ele>1213.2</ele>
   </trkpt>
   <trkpt lat="-29.7447640" lon="24.4869930">
    <ele>1213.2</ele>
   </trkpt>
   <trkpt lat="-29.7447720" lon="24.4870030">
    <ele>1213.2</ele>
   </trkpt>
   <trkpt lat="-29.7448010" lon="24.4870320">
    <ele>1213.3</ele>
   </trkpt>
   <trkpt lat="-29.7448100" lon="24.4870440">
    <ele>1213.3</ele>
   </trkpt>
   <trkpt lat="-29.7448310" lon="24.4870680">
    <ele>1213.3</ele>
   </trkpt>
   <trkpt lat="-29.7448570" lon="24.4870930">
    <ele>1213.3</ele>
   </trkpt>
   <trkpt lat="-29.7448800" lon="24.4871210">
    <ele>1213.4</ele>
   </trkpt>
   <trkpt lat="-29.7449000" lon="24.4871500">
    <ele>1213.4</ele>
   </trkpt>
   <trkpt lat="-29.7449260" lon="24.4871740">
    <ele>1213.4</ele>
   </trkpt>
   <trkpt lat="-29.7449500" lon="24.4872000">
    <ele>1213.5</ele>
   </trkpt>
   <trkpt lat="-29.7449700" lon="24.4872290">
    <ele>1213.5</ele>
   </trkpt>
   <trkpt lat="-29.7449940" lon="24.4872620">
    <ele>1213.5</ele>
   </trkpt>
   <trkpt lat="-29.7450040" lon="24.4872730">
    <ele>1213.5</ele>
   </trkpt>
   <trkpt lat="-29.7450220" lon="24.4873070">
    <ele>1213.6</ele>
   </trkpt>
   <trkpt lat="-29.7450520" lon="24.4873500">
    <ele>1213.6</ele>
   </trkpt>
   <trkpt lat="-29.7450700" lon="24.4873790">
    <ele>1213.6</ele>
   </trkpt>
   <trkpt lat="-29.7450890" lon="24.4874020">
    <ele>1213.7</ele>
   </trkpt>
   <trkpt lat="-29.7451070" lon="24.4874210">
    <ele>1213.7</ele>
   </trkpt>
   <trkpt lat="-29.7451120" lon="24.4874190">
    <ele>1213.7</ele>
   </trkpt>
   <trkpt lat="-29.7451320" lon="24.4874410">
    <ele>1213.7</ele>
   </trkpt>
   <trkpt lat="-29.7451400" lon="24.4874500">
    <ele>1213.7</ele>
   </trkpt>
   <trkpt lat="-29.7451430" lon="24.4874580">
    <ele>1213.7</ele>
   </trkpt>
   <trkpt lat="-29.7451510" lon="24.4874810">
    <ele>1213.7</ele>
   </trkpt>
   <trkpt lat="-29.7451640" lon="24.4875060">
    <ele>1213.8</ele>
   </trkpt>
   <trkpt lat="-29.7451710" lon="24.4875170">
    <ele>1213.8</ele>
   </trkpt>
   <trkpt lat="-29.7451840" lon="24.4875380">
    <ele>1213.8</ele>
   </trkpt>
   <trkpt lat="-29.7451930" lon="24.4875580">
    <ele>1213.8</ele>
   </trkpt>
   <trkpt lat="-29.7452070" lon="24.4875890">
    <ele>1213.8</ele>
   </trkpt>
   <trkpt lat="-29.7452200" lon="24.4876220">
    <ele>1213.9</ele>
   </trkpt>
   <trkpt lat="-29.7452230" lon="24.4876360">
    <ele>1213.9</ele>
   </trkpt>
   <trkpt lat="-29.7452410" lon="24.4876690">
    <ele>1213.9</ele>
   </trkpt>
   <trkpt lat="-29.7452560" lon="24.4876990">
    <ele>1213.9</ele>
   </trkpt>
   <trkpt lat="-29.7452630" lon="24.4877130">
    <ele>1213.9</ele>
   </trkpt>
   <trkpt lat="-29.7452690" lon="24.4877470">
    <ele>1214.0</ele>
   </trkpt>
   <trkpt lat="-29.7452780" lon="24.4877810">
    <ele>1214.0</ele>
   </trkpt>
   <trkpt lat="-29.7452840" lon="24.4877930">
    <ele>1214.0</ele>
   </trkpt>
   <trkpt lat="-29.7452950" lon="24.4878240">
    <ele>1214.0</ele>
   </trkpt>
   <trkpt lat="-29.7453160" lon="24.4878560">
    <ele>1214.1</ele>
   </trkpt>
   <trkpt lat="-29.7453230" lon="24.4878690">
    <ele>1214.1</ele>
   </trkpt>
   <trkpt lat="-29.7453380" lon="24.4878980">
    <ele>1214.1</ele>
   </trkpt>
   <trkpt lat="-29.7453590" lon="24.4879340">
    <ele>1214.1</ele>
   </trkpt>
   <trkpt lat="-29.7453690" lon="24.4879490">
    <ele>1214.2</ele>
   </trkpt>
   <trkpt lat="-29.7453920" lon="24.4879790">
    <ele>1214.2</ele>
   </trkpt>
   <trkpt lat="-29.7453980" lon="24.4879890">
    <ele>1214.2</ele>
   </trkpt>
   <trkpt lat="-29.7454160" lon="24.4880190">
    <ele>1214.2</ele>
   </trkpt>
   <trkpt lat="-29.7454380" lon="24.4880460">
    <ele>1214.2</ele>
   </trkpt>
   <trkpt lat="-29.7454470" lon="24.4880600">
    <ele>1214.3</ele>
   </trkpt>
   <trkpt lat="-29.7454650" lon="24.4880990">
    <ele>1214.3</ele>
   </trkpt>
   <trkpt lat="-29.7454690" lon="24.4881120">
    <ele>1214.3</ele>
   </trkpt>
   <trkpt lat="-29.7454850" lon="24.4881450">
    <ele>1214.3</ele>
   </trkpt>
   <trkpt lat="-29.7455060" lon="24.4881760">
    <ele>1214.4</ele>
   </trkpt>
   <trkpt lat="-29.7455120" lon="24.4881910">
    <ele>1214.4</ele>
   </trkpt>
   <trkpt lat="-29.7455320" lon="24.4882280">
    <ele>1214.4</ele>
   </trkpt>
   <trkpt lat="-29.7455400" lon="24.4882390">
    <ele>1214.4</ele>
   </trkpt>
   <trkpt lat="-29.7455550" lon="24.4882770">
    <ele>1214.5</ele>
   </trkpt>
   <trkpt lat="-29.7455600" lon="24.4882890">
    <ele>1214.5</ele>
   </trkpt>
   <trkpt lat="-29.7455820" lon="24.4883260">
    <ele>1214.5</ele>
   </trkpt>
   <trkpt lat="-29.7455900" lon="24.4883380">
    <ele>1214.5</ele>
   </trkpt>
   <trkpt lat="-29.7456030" lon="24.4883790">
    <ele>1214.5</ele>
   </trkpt>
   <trkpt lat="-29.7456080" lon="24.4883930">
    <ele>1214.6</ele>
   </trkpt>
   <trkpt lat="-29.7456340" lon="24.4884410">
    <ele>1214.6</ele>
   </trkpt>
   <trkpt lat="-29.7456470" lon="24.4884640">
    <ele>1214.6</ele>
   </trkpt>
   <trkpt lat="-29.7456540" lon="24.4884960">
    <ele>1214.6</ele>
   </trkpt>
   <trkpt lat="-29.7456720" lon="24.4885330">
    <ele>1214.7</ele>
   </trkpt>
   <trkpt lat="-29.7456780" lon="24.4885450">
    <ele>1214.7</ele>
   </trkpt>
   <trkpt lat="-29.7456940" lon="24.4885830">
    <ele>1214.7</ele>
   </trkpt>
   <trkpt lat="-29.7456980" lon="24.4885960">
    <ele>1214.7</ele>
   </trkpt>
   <trkpt lat="-29.7457120" lon="24.4886350">
    <ele>1214.8</ele>
   </trkpt>
   <trkpt lat="-29.7457150" lon="24.4886490">
    <ele>1214.8</ele>
   </trkpt>
   <trkpt lat="-29.7457390" lon="24.4886800">
    <ele>1214.8</ele>
   </trkpt>
   <trkpt lat="-29.7457430" lon="24.4886920">
    <ele>1214.8</ele>
   </trkpt>
   <trkpt lat="-29.7457610" lon="24.4887290">
    <ele>1214.8</ele>
   </trkpt>
   <trkpt lat="-29.7457660" lon="24.4887400">
    <ele>1214.9</ele>
   </trkpt>
   <trkpt lat="-29.7457760" lon="24.4887740">
    <ele>1214.9</ele>
   </trkpt>
   <trkpt lat="-29.7457770" lon="24.4887860">
    <ele>1214.9</ele>
   </trkpt>
   <trkpt lat="-29.7457830" lon="24.4888190">
    <ele>1214.9</ele>
   </trkpt>
   <trkpt lat="-29.7457970" lon="24.4888450">
    <ele>1214.9</ele>
   </trkpt>
   <trkpt lat="-29.7458020" lon="24.4888560">
    <ele>1215.0</ele>
   </trkpt>
   <trkpt lat="-29.7458200" lon="24.4888880">
    <ele>1215.0</ele>
   </trkpt>
   <trkpt lat="-29.7458260" lon="24.4888940">
    <ele>1215.0</ele>
   </trkpt>
   <trkpt lat="-29.7458380" lon="24.4889220">
    <ele>1215.0</ele>
   </trkpt>
   <trkpt lat="-29.7458510" lon="24.4889460">
    <ele>1215.0</ele>
   </trkpt>
   <trkpt lat="-29.7458570" lon="24.4889570">
    <ele>1215.0</ele>
   </trkpt>
   <trkpt lat="-29.7458800" lon="24.4889820">
    <ele>1215.1</ele>
   </trkpt>
   <trkpt lat="-29.7458880" lon="24.4889880">
    <ele>1215.1</ele>
   </trkpt>
   <trkpt lat="-29.7459080" lon="24.4890120">
    <ele>1215.1</ele>
   </trkpt>
   <trkpt lat="-29.7459240" lon="24.4890400">
    <ele>1215.1</ele>
   </trkpt>
   <trkpt lat="-29.7459310" lon="24.4890510">
    <ele>1215.1</ele>
   </trkpt>
   <trkpt lat="-29.7459510" lon="24.4890820">
    <ele>1215.2</ele>
   </trkpt>
   <trkpt lat="-29.7459560" lon="24.4890910">
    <ele>1215.2</ele>
   </trkpt>
   <trkpt lat="-29.7459740" lon="24.4891200">
    <ele>1215.2</ele>
   </trkpt>
   <trkpt lat="-29.7459780" lon="24.4891280">
    <ele>1215.2</ele>
   </trkpt>
   <trkpt lat="-29.7459970" lon="24.4891560">
    <ele>1215.2</ele>
   </trkpt>
   <trkpt lat="-29.7460040" lon="24.4891640">
    <ele>1215.2</ele>
   </trkpt>
   <trkpt lat="-29.7460350" lon="24.4891940">
    <ele>1215.3</ele>
   </trkpt>
   <trkpt lat="-29.7460500" lon="24.4892090">
    <ele>1215.3</ele>
   </trkpt>
   <trkpt lat="-29.7460650" lon="24.4892120">
    <ele>1215.3</ele>
   </trkpt>
   <trkpt lat="-29.7460810" lon="24.4892260">
    <ele>1215.3</ele>
   </trkpt>
   <trkpt lat="-29.7461060" lon="24.4892460">
    <ele>1215.4</ele>
   </trkpt>
   <trkpt lat="-29.7461250" lon="24.4892690">
    <ele>1215.4</ele>
   </trkpt>
   <trkpt lat="-29.7461360" lon="24.4892800">
    <ele>1215.4</ele>
   </trkpt>
   <trkpt lat="-29.7461460" lon="24.4892870">
    <ele>1215.4</ele>
   </trkpt>
   <trkpt lat="-29.7461640" lon="24.4892970">
    <ele>1215.4</ele>
   </trkpt>
   <trkpt lat="-29.7461890" lon="24.4893130">
    <ele>1215.4</ele>
   </trkpt>
   <trkpt lat="-29.7461980" lon="24.4893200">
    <ele>1215.5</ele>
   </trkpt>
   <trkpt lat="-29.7462110" lon="24.4893290">
    <ele>1215.5</ele>
   </trkpt>
   <trkpt lat="-29.7462290" lon="24.4893330">
    <ele>1215.5</ele>
   </trkpt>
   <trkpt lat="-29.7462540" lon="24.4893370">
    <ele>1215.5</ele>
   </trkpt>
   <trkpt lat="-29.7462660" lon="24.4893420">
    <ele>1215.5</ele>
   </trkpt>
   <trkpt lat="-29.7462750" lon="24.4893430">
    <ele>1215.5</ele>
   </trkpt>
   <trkpt lat="-29.7462960" lon="24.4893380">
    <ele>1215.5</ele>
   </trkpt>
   <trkpt lat="-29.7463170" lon="24.4893370">
    <ele>1215.6</ele>
   </trkpt>
   <trkpt lat="-29.7463330" lon="24.4893390">
    <ele>1215.6</ele>
   </trkpt>
   <trkpt lat="-29.7463480" lon="24.4893420">
    <ele>1215.6</ele>
   </trkpt>
   <trkpt lat="-29.7463550" lon="24.4893510">
    <ele>1215.6</ele>
   </trkpt>
   <trkpt lat="-29.7463800" lon="24.4893560">
    <ele>1215.6</ele>
   </trkpt>
   <trkpt lat="-29.7463910" lon="24.4893570">
    <ele>1215.6</ele>
   </trkpt>
   <trkpt lat="-29.7464140" lon="24.4893680">
    <ele>1215.7</ele>
   </trkpt>
   <trkpt lat="-29.7464250" lon="24.4893690">
    <ele>1215.7</ele>
   </trkpt>
   <trkpt lat="-29.7464290" lon="24.4893670">
    <ele>1215.7</ele>
   </trkpt>
   <trkpt lat="-29.7464330" lon="24.4893640">
    <ele>1215.7</ele>
   </trkpt>
   <trkpt lat="-29.7464370" lon="24.4893620">
    <ele>1215.7</ele>
   </trkpt>
   <trkpt lat="-29.7464410" lon="24.4893600">
    <ele>1215.7</ele>
   </trkpt>
   <trkpt lat="-29.7464450" lon="24.4893580">
    <ele>1215.7</ele>
   </trkpt>
   <trkpt lat="-29.7464490" lon="24.4893560">
    <ele>1215.7</ele>
   </trkpt>
   <trkpt lat="-29.7464530" lon="24.4893530">
    <ele>1215.7</ele>
   </trkpt>
   <trkpt lat="-29.7464570" lon="24.4893510">
    <ele>1215.7</ele>
   </trkpt>
   <trkpt lat="-29.7464610" lon="24.4893490">
    <ele>1215.7</ele>
   </trkpt>
   <trkpt lat="-29.7464650" lon="24.4893470">
    <ele>1215.7</ele>
   </trkpt>
   <trkpt lat="-29.7464700" lon="24.4893450">
    <ele>1215.7</ele>
   </trkpt>
   <trkpt lat="-29.7464740" lon="24.4893420">
    <ele>1215.7</ele>
   </trkpt>
   <trkpt lat="-29.7464780" lon="24.4893400">
    <ele>1215.7</ele>
   </trkpt>
   <trkpt lat="-29.7464820" lon="24.4893380">
    <ele>1215.7</ele>
   </trkpt>
   <trkpt lat="-29.7464860" lon="24.4893360">
    <ele>1215.7</ele>
   </trkpt>
   <trkpt lat="-29.7464900" lon="24.4893330">
    <ele>1215.7</ele>
   </trkpt>
   <trkpt lat="-29.7464940" lon="24.4893310">
    <ele>1215.7</ele>
   </trkpt>
   <trkpt lat="-29.7464980" lon="24.4893290">
    <ele>1215.7</ele>
   </trkpt>
   <trkpt lat="-29.7465020" lon="24.4893270">
    <ele>1215.7</ele>
   </trkpt>
   <trkpt lat="-29.7465060" lon="24.4893250">
    <ele>1215.7</ele>
   </trkpt>
   <trkpt lat="-29.7465100" lon="24.4893220">
    <ele>1215.7</ele>
   </trkpt>
   <trkpt lat="-29.7465140" lon="24.4893200">
    <ele>1215.8</ele>
   </trkpt>
   <trkpt lat="-29.7465180" lon="24.4893180">
    <ele>1215.8</ele>
   </trkpt>
   <trkpt lat="-29.7465330" lon="24.4893170">
    <ele>1215.8</ele>
   </trkpt>
   <trkpt lat="-29.7465480" lon="24.4893190">
    <ele>1215.8</ele>
   </trkpt>
   <trkpt lat="-29.7465640" lon="24.4893180">
    <ele>1215.8</ele>
   </trkpt>
   <trkpt lat="-29.7465830" lon="24.4893130">
    <ele>1215.8</ele>
   </trkpt>
   <trkpt lat="-29.7466120" lon="24.4893050">
    <ele>1215.8</ele>
   </trkpt>
   <trkpt lat="-29.7466210" lon="24.4893020">
    <ele>1215.8</ele>
   </trkpt>
   <trkpt lat="-29.7466490" lon="24.4892990">
    <ele>1215.9</ele>
   </trkpt>
   <trkpt lat="-29.7466580" lon="24.4892960">
    <ele>1215.9</ele>
   </trkpt>
   <trkpt lat="-29.7466940" lon="24.4892880">
    <ele>1215.9</ele>
   </trkpt>
   <trkpt lat="-29.7467060" lon="24.4892870">
    <ele>1215.9</ele>
   </trkpt>
   <trkpt lat="-29.7467420" lon="24.4892800">
    <ele>1216.0</ele>
   </trkpt>
   <trkpt lat="-29.7467560" lon="24.4892770">
    <ele>1216.0</ele>
   </trkpt>
   <trkpt lat="-29.7467850" lon="24.4892700">
    <ele>1216.0</ele>
   </trkpt>
   <trkpt lat="-29.7468150" lon="24.4892610">
    <ele>1216.0</ele>
   </trkpt>
   <trkpt lat="-29.7468430" lon="24.4892530">
    <ele>1216.0</ele>
   </trkpt>
   <trkpt lat="-29.7468540" lon="24.4892480">
    <ele>1216.1</ele>
   </trkpt>
   <trkpt lat="-29.7468450" lon="24.4892510">
    <ele>1216.1</ele>
   </trkpt>
   <trkpt lat="-29.7468380" lon="24.4892530">
    <ele>1216.1</ele>
   </trkpt>
   <trkpt lat="-29.7468360" lon="24.4892550">
    <ele>1216.1</ele>
   </trkpt>
   <trkpt lat="-29.7468390" lon="24.4892570">
    <ele>1216.1</ele>
   </trkpt>
   <trkpt lat="-29.7468370" lon="24.4892580">
    <ele>1216.1</ele>
   </trkpt>
   <trkpt lat="-29.7468370" lon="24.4892580">
    <ele>1216.1</ele>
   </trkpt>
   <trkpt lat="-29.7468370" lon="24.4892580">
    <ele>1216.1</ele>
   </trkpt>
   <trkpt lat="-29.7468370" lon="24.4892580">
    <ele>1216.1</ele>
   </trkpt>
   <trkpt lat="-29.7468370" lon="24.4892580">
    <ele>1216.1</ele>
   </trkpt>
   <trkpt lat="-29.7468370" lon="24.4892580">
    <ele>1216.1</ele>
   </trkpt>
   <trkpt lat="-29.7467710" lon="24.4892610">
    <ele>1216.1</ele>
   </trkpt>
   <trkpt lat="-29.7467780" lon="24.4892610">
    <ele>1216.1</ele>
   </trkpt>
   <trkpt lat="-29.7467870" lon="24.4892570">
    <ele>1216.2</ele>
   </trkpt>
   <trkpt lat="-29.7467910" lon="24.4892620">
    <ele>1216.2</ele>
   </trkpt>
   <trkpt lat="-29.7467950" lon="24.4892630">
    <ele>1216.2</ele>
   </trkpt>
   <trkpt lat="-29.7468030" lon="24.4892560">
    <ele>1216.2</ele>
   </trkpt>
   <trkpt lat="-29.7468130" lon="24.4892510">
    <ele>1216.2</ele>
   </trkpt>
   <trkpt lat="-29.7468180" lon="24.4892520">
    <ele>1216.2</ele>
   </trkpt>
   <trkpt lat="-29.7468240" lon="24.4892510">
    <ele>1216.2</ele>
   </trkpt>
   <trkpt lat="-29.7468290" lon="24.4892550">
    <ele>1216.2</ele>
   </trkpt>
   <trkpt lat="-29.7468340" lon="24.4892550">
    <ele>1216.2</ele>
   </trkpt>
   <trkpt lat="-29.7468350" lon="24.4892510">
    <ele>1216.2</ele>
   </trkpt>
   <trkpt lat="-29.7468330" lon="24.4892500">
    <ele>1216.2</ele>
   </trkpt>
   <trkpt lat="-29.7468360" lon="24.4892500">
    <ele>1216.2</ele>
   </trkpt>
   <trkpt lat="-29.7468400" lon="24.4892450">
    <ele>1216.2</ele>
   </trkpt>
   <trkpt lat="-29.7468390" lon="24.4892460">
    <ele>1216.2</ele>
   </trkpt>
   <trkpt lat="-29.7468380" lon="24.4892510">
    <ele>1216.2</ele>
   </trkpt>
   <trkpt lat="-29.7468390" lon="24.4892530">
    <ele>1216.2</ele>
   </trkpt>
   <trkpt lat="-29.7468380" lon="24.4892540">
    <ele>1216.2</ele>
   </trkpt>
   <trkpt lat="-29.7468370" lon="24.4892530">
    <ele>1216.2</ele>
   </trkpt>
   <trkpt lat="-29.7468390" lon="24.4892550">
    <ele>1216.2</ele>
   </trkpt>
   <trkpt lat="-29.7468610" lon="24.4892510">
    <ele>1216.2</ele>
   </trkpt>
   <trkpt lat="-29.7468740" lon="24.4892480">
    <ele>1216.3</ele>
   </trkpt>
   <trkpt lat="-29.7468910" lon="24.4892350">
    <ele>1216.3</ele>
   </trkpt>
   <trkpt lat="-29.7469070" lon="24.4892380">
    <ele>1216.3</ele>
   </trkpt>
   <trkpt lat="-29.7469270" lon="24.4892350">
    <ele>1216.3</ele>
   </trkpt>
   <trkpt lat="-29.7469790" lon="24.4892150">
    <ele>1216.4</ele>
   </trkpt>
   <trkpt lat="-29.7470150" lon="24.4892090">
    <ele>1216.4</ele>
   </trkpt>
   <trkpt lat="-29.7470270" lon="24.4892070">
    <ele>1216.4</ele>
   </trkpt>
   <trkpt lat="-29.7470610" lon="24.4892000">
    <ele>1216.4</ele>
   </trkpt>
   <trkpt lat="-29.7470720" lon="24.4891970">
    <ele>1216.4</ele>
   </trkpt>
   <trkpt lat="-29.7471010" lon="24.4891890">
    <ele>1216.5</ele>
   </trkpt>
   <trkpt lat="-29.7471380" lon="24.4891820">
    <ele>1216.5</ele>
   </trkpt>
   <trkpt lat="-29.7471730" lon="24.4891720">
    <ele>1216.5</ele>
   </trkpt>
   <trkpt lat="-29.7472070" lon="24.4891620">
    <ele>1216.6</ele>
   </trkpt>
   <trkpt lat="-29.7472400" lon="24.4891550">
    <ele>1216.6</ele>
   </trkpt>
   <trkpt lat="-29.7472690" lon="24.4891480">
    <ele>1216.6</ele>
   </trkpt>
   <trkpt lat="-29.7472980" lon="24.4891380">
    <ele>1216.6</ele>
   </trkpt>
   <trkpt lat="-29.7473280" lon="24.4891330">
    <ele>1216.7</ele>
   </trkpt>
   <trkpt lat="-29.7473590" lon="24.4891290">
    <ele>1216.7</ele>
   </trkpt>
   <trkpt lat="-29.7473900" lon="24.4891200">
    <ele>1216.7</ele>
   </trkpt>
   <trkpt lat="-29.7474190" lon="24.4891090">
    <ele>1216.7</ele>
   </trkpt>
   <trkpt lat="-29.7474520" lon="24.4891050">
    <ele>1216.8</ele>
   </trkpt>
   <trkpt lat="-29.7474790" lon="24.4890940">
    <ele>1216.8</ele>
   </trkpt>
   <trkpt lat="-29.7475160" lon="24.4890800">
    <ele>1216.8</ele>
   </trkpt>
   <trkpt lat="-29.7475310" lon="24.4890780">
    <ele>1216.9</ele>
   </trkpt>
   <trkpt lat="-29.7475580" lon="24.4890680">
    <ele>1216.9</ele>
   </trkpt>
   <trkpt lat="-29.7475850" lon="24.4890620">
    <ele>1216.9</ele>
   </trkpt>
   <trkpt lat="-29.7476140" lon="24.4890550">
    <ele>1216.9</ele>
   </trkpt>
   <trkpt lat="-29.7476460" lon="24.4890430">
    <ele>1217.0</ele>
   </trkpt>
   <trkpt lat="-29.7476540" lon="24.4890370">
    <ele>1217.0</ele>
   </trkpt>
   <trkpt lat="-29.7476850" lon="24.4890280">
    <ele>1217.0</ele>
   </trkpt>
   <trkpt lat="-29.7476950" lon="24.4890280">
    <ele>1217.0</ele>
   </trkpt>
   <trkpt lat="-29.7477240" lon="24.4890280">
    <ele>1217.0</ele>
   </trkpt>
   <trkpt lat="-29.7477570" lon="24.4890140">
    <ele>1217.1</ele>
   </trkpt>
   <trkpt lat="-29.7477680" lon="24.4890090">
    <ele>1217.1</ele>
   </trkpt>
   <trkpt lat="-29.7478030" lon="24.4890040">
    <ele>1217.1</ele>
   </trkpt>
   <trkpt lat="-29.7478390" lon="24.4889930">
    <ele>1217.1</ele>
   </trkpt>
   <trkpt lat="-29.7478760" lon="24.4889870">
    <ele>1217.2</ele>
   </trkpt>
   <trkpt lat="-29.7479080" lon="24.4889780">
    <ele>1217.2</ele>
   </trkpt>
   <trkpt lat="-29.7479290" lon="24.4889700">
    <ele>1217.2</ele>
   </trkpt>
   <trkpt lat="-29.7479480" lon="24.4889640">
    <ele>1217.2</ele>
   </trkpt>
   <trkpt lat="-29.7479740" lon="24.4889590">
    <ele>1217.3</ele>
   </trkpt>
   <trkpt lat="-29.7479860" lon="24.4889540">
    <ele>1217.3</ele>
   </trkpt>
   <trkpt lat="-29.7480130" lon="24.4889420">
    <ele>1217.3</ele>
   </trkpt>
   <trkpt lat="-29.7480530" lon="24.4889360">
    <ele>1217.3</ele>
   </trkpt>
   <trkpt lat="-29.7480690" lon="24.4889330">
    <ele>1217.3</ele>
   </trkpt>
   <trkpt lat="-29.7480940" lon="24.4889220">
    <ele>1217.4</ele>
   </trkpt>
   <trkpt lat="-29.7481370" lon="24.4889190">
    <ele>1217.4</ele>
   </trkpt>
   <trkpt lat="-29.7481520" lon="24.4889130">
    <ele>1217.4</ele>
   </trkpt>
   <trkpt lat="-29.7481790" lon="24.4889060">
    <ele>1217.4</ele>
   </trkpt>
   <trkpt lat="-29.7481900" lon="24.4889000">
    <ele>1217.4</ele>
   </trkpt>
   <trkpt lat="-29.7482250" lon="24.4888970">
    <ele>1217.5</ele>
   </trkpt>
   <trkpt lat="-29.7482340" lon="24.4888960">
    <ele>1217.5</ele>
   </trkpt>
   <trkpt lat="-29.7482730" lon="24.4888840">
    <ele>1217.5</ele>
   </trkpt>
   <trkpt lat="-29.7482850" lon="24.4888780">
    <ele>1217.5</ele>
   </trkpt>
   <trkpt lat="-29.7483210" lon="24.4888700">
    <ele>1217.6</ele>
   </trkpt>
   <trkpt lat="-29.7483370" lon="24.4888680">
    <ele>1217.6</ele>
   </trkpt>
   <trkpt lat="-29.7483620" lon="24.4888510">
    <ele>1217.6</ele>
   </trkpt>
   <trkpt lat="-29.7483710" lon="24.4888440">
    <ele>1217.6</ele>
   </trkpt>
   <trkpt lat="-29.7484020" lon="24.4888390">
    <ele>1217.6</ele>
   </trkpt>
   <trkpt lat="-29.7484430" lon="24.4888360">
    <ele>1217.7</ele>
   </trkpt>
   <trkpt lat="-29.7484580" lon="24.4888320">
    <ele>1217.7</ele>
   </trkpt>
   <trkpt lat="-29.7484860" lon="24.4888300">
    <ele>1217.7</ele>
   </trkpt>
   <trkpt lat="-29.7485180" lon="24.4888180">
    <ele>1217.7</ele>
   </trkpt>
   <trkpt lat="-29.7485280" lon="24.4888160">
    <ele>1217.8</ele>
   </trkpt>
   <trkpt lat="-29.7485630" lon="24.4888030">
    <ele>1217.8</ele>
   </trkpt>
   <trkpt lat="-29.7485790" lon="24.4888000">
    <ele>1217.8</ele>
   </trkpt>
   <trkpt lat="-29.7486060" lon="24.4887950">
    <ele>1217.8</ele>
   </trkpt>
   <trkpt lat="-29.7486190" lon="24.4887910">
    <ele>1217.8</ele>
   </trkpt>
   <trkpt lat="-29.7486550" lon="24.4887870">
    <ele>1217.9</ele>
   </trkpt>
   <trkpt lat="-29.7486640" lon="24.4887850">
    <ele>1217.9</ele>
   </trkpt>
   <trkpt lat="-29.7486980" lon="24.4887770">
    <ele>1217.9</ele>
   </trkpt>
   <trkpt lat="-29.7487360" lon="24.4887710">
    <ele>1217.9</ele>
   </trkpt>
   <trkpt lat="-29.7487550" lon="24.4887640">
    <ele>1218.0</ele>
   </trkpt>
   <trkpt lat="-29.7487910" lon="24.4887630">
    <ele>1218.0</ele>
   </trkpt>
   <trkpt lat="-29.7488270" lon="24.4887660">
    <ele>1218.0</ele>
   </trkpt>
   <trkpt lat="-29.7488490" lon="24.4887580">
    <ele>1218.0</ele>
   </trkpt>
   <trkpt lat="-29.7488540" lon="24.4887500">
    <ele>1218.1</ele>
   </trkpt>
   <trkpt lat="-29.7488850" lon="24.4887410">
    <ele>1218.1</ele>
   </trkpt>
   <trkpt lat="-29.7488940" lon="24.4887390">
    <ele>1218.1</ele>
   </trkpt>
   <trkpt lat="-29.7489250" lon="24.4887310">
    <ele>1218.1</ele>
   </trkpt>
   <trkpt lat="-29.7489500" lon="24.4887280">
    <ele>1218.1</ele>
   </trkpt>
   <trkpt lat="-29.7489630" lon="24.4887260">
    <ele>1218.2</ele>
   </trkpt>
   <trkpt lat="-29.7489920" lon="24.4887180">
    <ele>1218.2</ele>
   </trkpt>
   <trkpt lat="-29.7490280" lon="24.4887070">
    <ele>1218.2</ele>
   </trkpt>
   <trkpt lat="-29.7490450" lon="24.4887010">
    <ele>1218.2</ele>
   </trkpt>
   <trkpt lat="-29.7490750" lon="24.4887020">
    <ele>1218.3</ele>
   </trkpt>
   <trkpt lat="-29.7490880" lon="24.4887000">
    <ele>1218.3</ele>
   </trkpt>
   <trkpt lat="-29.7491280" lon="24.4886910">
    <ele>1218.3</ele>
   </trkpt>
   <trkpt lat="-29.7491730" lon="24.4886810">
    <ele>1218.3</ele>
   </trkpt>
   <trkpt lat="-29.7491970" lon="24.4886720">
    <ele>1218.4</ele>
   </trkpt>
   <trkpt lat="-29.7492550" lon="24.4886650">
    <ele>1218.4</ele>
   </trkpt>
   <trkpt lat="-29.7492930" lon="24.4886640">
    <ele>1218.4</ele>
   </trkpt>
   <trkpt lat="-29.7493270" lon="24.4886580">
    <ele>1218.5</ele>
   </trkpt>
   <trkpt lat="-29.7493620" lon="24.4886530">
    <ele>1218.5</ele>
   </trkpt>
   <trkpt lat="-29.7494000" lon="24.4886460">
    <ele>1218.5</ele>
   </trkpt>
   <trkpt lat="-29.7494340" lon="24.4886370">
    <ele>1218.6</ele>
   </trkpt>
   <trkpt lat="-29.7494690" lon="24.4886290">
    <ele>1218.6</ele>
   </trkpt>
   <trkpt lat="-29.7495030" lon="24.4886240">
    <ele>1218.6</ele>
   </trkpt>
   <trkpt lat="-29.7495400" lon="24.4886190">
    <ele>1218.7</ele>
   </trkpt>
   <trkpt lat="-29.7495730" lon="24.4886120">
    <ele>1218.7</ele>
   </trkpt>
   <trkpt lat="-29.7496060" lon="24.4886010">
    <ele>1218.7</ele>
   </trkpt>
   <trkpt lat="-29.7496410" lon="24.4885960">
    <ele>1218.8</ele>
   </trkpt>
   <trkpt lat="-29.7496730" lon="24.4885910">
    <ele>1218.8</ele>
   </trkpt>
   <trkpt lat="-29.7497080" lon="24.4885820">
    <ele>1218.8</ele>
   </trkpt>
   <trkpt lat="-29.7497420" lon="24.4885730">
    <ele>1218.8</ele>
   </trkpt>
   <trkpt lat="-29.7497770" lon="24.4885630">
    <ele>1218.9</ele>
   </trkpt>
   <trkpt lat="-29.7498100" lon="24.4885560">
    <ele>1218.9</ele>
   </trkpt>
   <trkpt lat="-29.7498450" lon="24.4885510">
    <ele>1218.9</ele>
   </trkpt>
   <trkpt lat="-29.7498790" lon="24.4885420">
    <ele>1219.0</ele>
   </trkpt>
   <trkpt lat="-29.7499140" lon="24.4885340">
    <ele>1219.0</ele>
   </trkpt>
   <trkpt lat="-29.7499500" lon="24.4885310">
    <ele>1218.9</ele>
   </trkpt>
   <trkpt lat="-29.7499840" lon="24.4885250">
    <ele>1218.8</ele>
   </trkpt>
   <trkpt lat="-29.7500160" lon="24.4885160">
    <ele>1218.7</ele>
   </trkpt>
   <trkpt lat="-29.7500550" lon="24.4885090">
    <ele>1218.6</ele>
   </trkpt>
   <trkpt lat="-29.7500910" lon="24.4885010">
    <ele>1218.6</ele>
   </trkpt>
   <trkpt lat="-29.7501240" lon="24.4884920">
    <ele>1218.5</ele>
   </trkpt>
   <trkpt lat="-29.7501600" lon="24.4884840">
    <ele>1218.4</ele>
   </trkpt>
   <trkpt lat="-29.7501970" lon="24.4884810">
    <ele>1218.3</ele>
   </trkpt>
   <trkpt lat="-29.7502300" lon="24.4884710">
    <ele>1218.3</ele>
   </trkpt>
   <trkpt lat="-29.7502930" lon="24.4884600">
    <ele>1218.1</ele>
   </trkpt>
   <trkpt lat="-29.7503290" lon="24.4884510">
    <ele>1218.0</ele>
   </trkpt>
   <trkpt lat="-29.7503640" lon="24.4884430">
    <ele>1218.0</ele>
   </trkpt>
   <trkpt lat="-29.7504010" lon="24.4884340">
    <ele>1217.9</ele>
   </trkpt>
   <trkpt lat="-29.7504400" lon="24.4884230">
    <ele>1217.8</ele>
   </trkpt>
   <trkpt lat="-29.7504770" lon="24.4884130">
    <ele>1217.7</ele>
   </trkpt>
   <trkpt lat="-29.7505140" lon="24.4884010">
    <ele>1217.6</ele>
   </trkpt>
   <trkpt lat="-29.7505520" lon="24.4883940">
    <ele>1217.5</ele>
   </trkpt>
   <trkpt lat="-29.7505870" lon="24.4883860">
    <ele>1217.4</ele>
   </trkpt>
   <trkpt lat="-29.7506250" lon="24.4883810">
    <ele>1217.4</ele>
   </trkpt>
   <trkpt lat="-29.7506590" lon="24.4883710">
    <ele>1217.3</ele>
   </trkpt>
   <trkpt lat="-29.7506910" lon="24.4883630">
    <ele>1217.2</ele>
   </trkpt>
   <trkpt lat="-29.7507250" lon="24.4883550">
    <ele>1217.1</ele>
   </trkpt>
   <trkpt lat="-29.7507580" lon="24.4883460">
    <ele>1217.1</ele>
   </trkpt>
   <trkpt lat="-29.7507910" lon="24.4883400">
    <ele>1217.0</ele>
   </trkpt>
   <trkpt lat="-29.7508270" lon="24.4883340">
    <ele>1216.9</ele>
   </trkpt>
   <trkpt lat="-29.7508570" lon="24.4883260">
    <ele>1216.8</ele>
   </trkpt>
   <trkpt lat="-29.7508880" lon="24.4883150">
    <ele>1216.8</ele>
   </trkpt>
   <trkpt lat="-29.7508890" lon="24.4883120">
    <ele>1216.8</ele>
   </trkpt>
   <trkpt lat="-29.7509160" lon="24.4883020">
    <ele>1216.7</ele>
   </trkpt>
   <trkpt lat="-29.7509490" lon="24.4882890">
    <ele>1216.6</ele>
   </trkpt>
   <trkpt lat="-29.7510190" lon="24.4882770">
    <ele>1216.5</ele>
   </trkpt>
   <trkpt lat="-29.7510620" lon="24.4882690">
    <ele>1216.4</ele>
   </trkpt>
   <trkpt lat="-29.7511000" lon="24.4882620">
    <ele>1216.3</ele>
   </trkpt>
   <trkpt lat="-29.7511380" lon="24.4882490">
    <ele>1216.2</ele>
   </trkpt>
   <trkpt lat="-29.7511630" lon="24.4882390">
    <ele>1216.1</ele>
   </trkpt>
   <trkpt lat="-29.7511800" lon="24.4882360">
    <ele>1216.1</ele>
   </trkpt>
   <trkpt lat="-29.7512180" lon="24.4882230">
    <ele>1216.0</ele>
   </trkpt>
   <trkpt lat="-29.7512350" lon="24.4882180">
    <ele>1216.0</ele>
   </trkpt>
   <trkpt lat="-29.7512690" lon="24.4882070">
    <ele>1215.9</ele>
   </trkpt>
   <trkpt lat="-29.7512970" lon="24.4882010">
    <ele>1215.8</ele>
   </trkpt>
   <trkpt lat="-29.7513320" lon="24.4881920">
    <ele>1215.8</ele>
   </trkpt>
   <trkpt lat="-29.7513860" lon="24.4881820">
    <ele>1215.6</ele>
   </trkpt>
   <trkpt lat="-29.7514420" lon="24.4881690">
    <ele>1215.5</ele>
   </trkpt>
   <trkpt lat="-29.7514920" lon="24.4881540">
    <ele>1215.4</ele>
   </trkpt>
   <trkpt lat="-29.7515400" lon="24.4881430">
    <ele>1215.3</ele>
   </trkpt>
   <trkpt lat="-29.7515850" lon="24.4881360">
    <ele>1215.2</ele>
   </trkpt>
   <trkpt lat="-29.7516270" lon="24.4881270">
    <ele>1215.1</ele>
   </trkpt>
   <trkpt lat="-29.7516640" lon="24.4881200">
    <ele>1215.0</ele>
   </trkpt>
   <trkpt lat="-29.7516990" lon="24.4881110">
    <ele>1214.9</ele>
   </trkpt>
   <trkpt lat="-29.7517370" lon="24.4881010">
    <ele>1214.8</ele>
   </trkpt>
   <trkpt lat="-29.7517720" lon="24.4880930">
    <ele>1214.8</ele>
   </trkpt>
   <trkpt lat="-29.7518060" lon="24.4880870">
    <ele>1214.7</ele>
   </trkpt>
   <trkpt lat="-29.7518400" lon="24.4880810">
    <ele>1214.6</ele>
   </trkpt>
   <trkpt lat="-29.7518730" lon="24.4880720">
    <ele>1214.5</ele>
   </trkpt>
   <trkpt lat="-29.7519060" lon="24.4880720">
    <ele>1214.5</ele>
   </trkpt>
   <trkpt lat="-29.7519430" lon="24.4880670">
    <ele>1214.4</ele>
   </trkpt>
   <trkpt lat="-29.7519800" lon="24.4880540">
    <ele>1214.3</ele>
   </trkpt>
   <trkpt lat="-29.7520160" lon="24.4880440">
    <ele>1214.2</ele>
   </trkpt>
   <trkpt lat="-29.7520520" lon="24.4880370">
    <ele>1214.1</ele>
   </trkpt>
   <trkpt lat="-29.7520920" lon="24.4880310">
    <ele>1214.0</ele>
   </trkpt>
   <trkpt lat="-29.7521320" lon="24.4880260">
    <ele>1214.0</ele>
   </trkpt>
   <trkpt lat="-29.7521670" lon="24.4880120">
    <ele>1213.9</ele>
   </trkpt>
   <trkpt lat="-29.7522020" lon="24.4880040">
    <ele>1213.8</ele>
   </trkpt>
   <trkpt lat="-29.7522240" lon="24.4879970">
    <ele>1213.7</ele>
   </trkpt>
   <trkpt lat="-29.7522650" lon="24.4879830">
    <ele>1213.7</ele>
   </trkpt>
   <trkpt lat="-29.7523000" lon="24.4879710">
    <ele>1213.6</ele>
   </trkpt>
   <trkpt lat="-29.7523510" lon="24.4879670">
    <ele>1213.5</ele>
   </trkpt>
   <trkpt lat="-29.7523840" lon="24.4879630">
    <ele>1213.4</ele>
   </trkpt>
   <trkpt lat="-29.7524080" lon="24.4879560">
    <ele>1213.3</ele>
   </trkpt>
   <trkpt lat="-29.7524250" lon="24.4879510">
    <ele>1213.3</ele>
   </trkpt>
   <trkpt lat="-29.7524740" lon="24.4879520">
    <ele>1213.2</ele>
   </trkpt>
   <trkpt lat="-29.7525450" lon="24.4879340">
    <ele>1213.0</ele>
   </trkpt>
   <trkpt lat="-29.7525870" lon="24.4879240">
    <ele>1212.9</ele>
   </trkpt>
   <trkpt lat="-29.7526250" lon="24.4879210">
    <ele>1212.8</ele>
   </trkpt>
   <trkpt lat="-29.7526660" lon="24.4879180">
    <ele>1212.8</ele>
   </trkpt>
   <trkpt lat="-29.7527050" lon="24.4879030">
    <ele>1212.7</ele>
   </trkpt>
   <trkpt lat="-29.7527510" lon="24.4878890">
    <ele>1212.6</ele>
   </trkpt>
   <trkpt lat="-29.7527930" lon="24.4878790">
    <ele>1212.5</ele>
   </trkpt>
   <trkpt lat="-29.7528380" lon="24.4878700">
    <ele>1212.4</ele>
   </trkpt>
   <trkpt lat="-29.7528760" lon="24.4878590">
    <ele>1212.3</ele>
   </trkpt>
   <trkpt lat="-29.7529160" lon="24.4878490">
    <ele>1212.2</ele>
   </trkpt>
   <trkpt lat="-29.7529570" lon="24.4878380">
    <ele>1212.1</ele>
   </trkpt>
   <trkpt lat="-29.7529970" lon="24.4878270">
    <ele>1212.0</ele>
   </trkpt>
   <trkpt lat="-29.7530170" lon="24.4878170">
    <ele>1212.0</ele>
   </trkpt>
   <trkpt lat="-29.7530330" lon="24.4878120">
    <ele>1211.9</ele>
   </trkpt>
   <trkpt lat="-29.7530600" lon="24.4878040">
    <ele>1211.9</ele>
   </trkpt>
   <trkpt lat="-29.7530880" lon="24.4877980">
    <ele>1211.8</ele>
   </trkpt>
   <trkpt lat="-29.7531230" lon="24.4877940">
    <ele>1211.7</ele>
   </trkpt>
   <trkpt lat="-29.7531630" lon="24.4877790">
    <ele>1211.6</ele>
   </trkpt>
   <trkpt lat="-29.7531790" lon="24.4877740">
    <ele>1211.6</ele>
   </trkpt>
   <trkpt lat="-29.7532090" lon="24.4877610">
    <ele>1211.5</ele>
   </trkpt>
   <trkpt lat="-29.7532770" lon="24.4877430">
    <ele>1211.4</ele>
   </trkpt>
   <trkpt lat="-29.7533290" lon="24.4877380">
    <ele>1211.2</ele>
   </trkpt>
   <trkpt lat="-29.7533800" lon="24.4877250">
    <ele>1211.1</ele>
   </trkpt>
   <trkpt lat="-29.7534320" lon="24.4877170">
    <ele>1211.0</ele>
   </trkpt>
   <trkpt lat="-29.7534800" lon="24.4877100">
    <ele>1210.9</ele>
   </trkpt>
   <trkpt lat="-29.7535310" lon="24.4876990">
    <ele>1210.8</ele>
   </trkpt>
   <trkpt lat="-29.7535770" lon="24.4876890">
    <ele>1210.7</ele>
   </trkpt>
   <trkpt lat="-29.7536230" lon="24.4876770">
    <ele>1210.6</ele>
   </trkpt>
   <trkpt lat="-29.7536650" lon="24.4876660">
    <ele>1210.5</ele>
   </trkpt>
   <trkpt lat="-29.7537110" lon="24.4876610">
    <ele>1210.4</ele>
   </trkpt>
   <trkpt lat="-29.7537540" lon="24.4876470">
    <ele>1210.3</ele>
   </trkpt>
   <trkpt lat="-29.7537960" lon="24.4876350">
    <ele>1210.2</ele>
   </trkpt>
   <trkpt lat="-29.7538400" lon="24.4876210">
    <ele>1210.1</ele>
   </trkpt>
   <trkpt lat="-29.7538790" lon="24.4876110">
    <ele>1210.0</ele>
   </trkpt>
   <trkpt lat="-29.7539190" lon="24.4876000">
    <ele>1209.9</ele>
   </trkpt>
   <trkpt lat="-29.7539600" lon="24.4875910">
    <ele>1209.8</ele>
   </trkpt>
   <trkpt lat="-29.7539990" lon="24.4875830">
    <ele>1209.7</ele>
   </trkpt>
   <trkpt lat="-29.7540380" lon="24.4875680">
    <ele>1209.6</ele>
   </trkpt>
   <trkpt lat="-29.7540770" lon="24.4875580">
    <ele>1209.6</ele>
   </trkpt>
   <trkpt lat="-29.7541180" lon="24.4875530">
    <ele>1209.5</ele>
   </trkpt>
   <trkpt lat="-29.7541590" lon="24.4875420">
    <ele>1209.4</ele>
   </trkpt>
   <trkpt lat="-29.7541960" lon="24.4875310">
    <ele>1209.3</ele>
   </trkpt>
   <trkpt lat="-29.7542340" lon="24.4875170">
    <ele>1209.2</ele>
   </trkpt>
   <trkpt lat="-29.7542750" lon="24.4875110">
    <ele>1209.1</ele>
   </trkpt>
   <trkpt lat="-29.7543160" lon="24.4875050">
    <ele>1209.0</ele>
   </trkpt>
   <trkpt lat="-29.7543560" lon="24.4874980">
    <ele>1208.9</ele>
   </trkpt>
   <trkpt lat="-29.7543980" lon="24.4874940">
    <ele>1208.8</ele>
   </trkpt>
   <trkpt lat="-29.7544400" lon="24.4875000">
    <ele>1208.7</ele>
   </trkpt>
   <trkpt lat="-29.7544720" lon="24.4875050">
    <ele>1208.7</ele>
   </trkpt>
   <trkpt lat="-29.7545050" lon="24.4875100">
    <ele>1208.6</ele>
   </trkpt>
   <trkpt lat="-29.7545490" lon="24.4875250">
    <ele>1208.5</ele>
   </trkpt>
   <trkpt lat="-29.7545910" lon="24.4875410">
    <ele>1208.4</ele>
   </trkpt>
   <trkpt lat="-29.7546270" lon="24.4875600">
    <ele>1208.3</ele>
   </trkpt>
   <trkpt lat="-29.7546630" lon="24.4875730">
    <ele>1208.2</ele>
   </trkpt>
   <trkpt lat="-29.7546980" lon="24.4875970">
    <ele>1208.1</ele>
   </trkpt>
   <trkpt lat="-29.7547370" lon="24.4876200">
    <ele>1208.0</ele>
   </trkpt>
   <trkpt lat="-29.7547770" lon="24.4876420">
    <ele>1207.9</ele>
   </trkpt>
   <trkpt lat="-29.7548630" lon="24.4876940">
    <ele>1207.7</ele>
   </trkpt>
   <trkpt lat="-29.7549090" lon="24.4877250">
    <ele>1207.6</ele>
   </trkpt>
   <trkpt lat="-29.7549580" lon="24.4877510">
    <ele>1207.5</ele>
   </trkpt>
   <trkpt lat="-29.7550010" lon="24.4877840">
    <ele>1207.4</ele>
   </trkpt>
   <trkpt lat="-29.7550480" lon="24.4878210">
    <ele>1207.3</ele>
   </trkpt>
   <trkpt lat="-29.7550990" lon="24.4878480">
    <ele>1207.1</ele>
   </trkpt>
   <trkpt lat="-29.7551490" lon="24.4878760">
    <ele>1207.0</ele>
   </trkpt>
   <trkpt lat="-29.7552040" lon="24.4879090">
    <ele>1206.9</ele>
   </trkpt>
   <trkpt lat="-29.7552610" lon="24.4879420">
    <ele>1206.7</ele>
   </trkpt>
   <trkpt lat="-29.7553170" lon="24.4879690">
    <ele>1206.6</ele>
   </trkpt>
   <trkpt lat="-29.7553730" lon="24.4879970">
    <ele>1206.5</ele>
   </trkpt>
   <trkpt lat="-29.7554280" lon="24.4880240">
    <ele>1206.3</ele>
   </trkpt>
   <trkpt lat="-29.7554810" lon="24.4880550">
    <ele>1206.2</ele>
   </trkpt>
   <trkpt lat="-29.7555320" lon="24.4880730">
    <ele>1206.1</ele>
   </trkpt>
   <trkpt lat="-29.7555940" lon="24.4880900">
    <ele>1205.9</ele>
   </trkpt>
   <trkpt lat="-29.7556530" lon="24.4880940">
    <ele>1205.8</ele>
   </trkpt>
   <trkpt lat="-29.7557050" lon="24.4881140">
    <ele>1205.7</ele>
   </trkpt>
   <trkpt lat="-29.7557530" lon="24.4881260">
    <ele>1205.6</ele>
   </trkpt>
   <trkpt lat="-29.7558080" lon="24.4881370">
    <ele>1205.5</ele>
   </trkpt>
   <trkpt lat="-29.7558620" lon="24.4881450">
    <ele>1205.3</ele>
   </trkpt>
   <trkpt lat="-29.7559170" lon="24.4881570">
    <ele>1205.2</ele>
   </trkpt>
   <trkpt lat="-29.7559710" lon="24.4881670">
    <ele>1205.1</ele>
   </trkpt>
   <trkpt lat="-29.7560250" lon="24.4881780">
    <ele>1205.0</ele>
   </trkpt>
   <trkpt lat="-29.7560810" lon="24.4881860">
    <ele>1204.8</ele>
   </trkpt>
   <trkpt lat="-29.7561330" lon="24.4881930">
    <ele>1204.7</ele>
   </trkpt>
   <trkpt lat="-29.7561880" lon="24.4881990">
    <ele>1204.6</ele>
   </trkpt>
   <trkpt lat="-29.7562410" lon="24.4882050">
    <ele>1204.5</ele>
   </trkpt>
   <trkpt lat="-29.7562930" lon="24.4882110">
    <ele>1204.4</ele>
   </trkpt>
   <trkpt lat="-29.7563450" lon="24.4882170">
    <ele>1204.3</ele>
   </trkpt>
   <trkpt lat="-29.7563990" lon="24.4882210">
    <ele>1204.1</ele>
   </trkpt>
   <trkpt lat="-29.7564620" lon="24.4882340">
    <ele>1204.0</ele>
   </trkpt>
   <trkpt lat="-29.7565130" lon="24.4882330">
    <ele>1203.9</ele>
   </trkpt>
   <trkpt lat="-29.7565690" lon="24.4882340">
    <ele>1203.8</ele>
   </trkpt>
   <trkpt lat="-29.7566240" lon="24.4882300">
    <ele>1203.6</ele>
   </trkpt>
   <trkpt lat="-29.7566740" lon="24.4882280">
    <ele>1203.5</ele>
   </trkpt>
   <trkpt lat="-29.7567280" lon="24.4882260">
    <ele>1203.4</ele>
   </trkpt>
   <trkpt lat="-29.7567860" lon="24.4882300">
    <ele>1203.3</ele>
   </trkpt>
   <trkpt lat="-29.7568450" lon="24.4882370">
    <ele>1203.2</ele>
   </trkpt>
   <trkpt lat="-29.7569030" lon="24.4882370">
    <ele>1203.0</ele>
   </trkpt>
   <trkpt lat="-29.7569630" lon="24.4882370">
    <ele>1202.9</ele>
   </trkpt>
   <trkpt lat="-29.7570240" lon="24.4882290">
    <ele>1202.8</ele>
   </trkpt>
   <trkpt lat="-29.7570800" lon="24.4882230">
    <ele>1202.6</ele>
   </trkpt>
   <trkpt lat="-29.7571350" lon="24.4882240">
    <ele>1202.5</ele>
   </trkpt>
   <trkpt lat="-29.7571940" lon="24.4882220">
    <ele>1202.4</ele>
   </trkpt>
   <trkpt lat="-29.7572520" lon="24.4882280">
    <ele>1202.3</ele>
   </trkpt>
   <trkpt lat="-29.7573080" lon="24.4882340">
    <ele>1202.1</ele>
   </trkpt>
   <trkpt lat="-29.7573620" lon="24.4882330">
    <ele>1202.0</ele>
   </trkpt>
   <trkpt lat="-29.7574100" lon="24.4882250">
    <ele>1201.9</ele>
   </trkpt>
   <trkpt lat="-29.7574590" lon="24.4882100">
    <ele>1201.8</ele>
   </trkpt>
   <trkpt lat="-29.7575100" lon="24.4882080">
    <ele>1201.7</ele>
   </trkpt>
   <trkpt lat="-29.7575720" lon="24.4882160">
    <ele>1201.5</ele>
   </trkpt>
   <trkpt lat="-29.7576320" lon="24.4882180">
    <ele>1201.4</ele>
   </trkpt>
   <trkpt lat="-29.7576890" lon="24.4882310">
    <ele>1201.3</ele>
   </trkpt>
   <trkpt lat="-29.7577470" lon="24.4882450">
    <ele>1201.2</ele>
   </trkpt>
   <trkpt lat="-29.7578010" lon="24.4882590">
    <ele>1201.0</ele>
   </trkpt>
   <trkpt lat="-29.7578550" lon="24.4882680">
    <ele>1200.9</ele>
   </trkpt>
   <trkpt lat="-29.7579110" lon="24.4882810">
    <ele>1200.8</ele>
   </trkpt>
   <trkpt lat="-29.7579690" lon="24.4882980">
    <ele>1200.7</ele>
   </trkpt>
   <trkpt lat="-29.7580190" lon="24.4883230">
    <ele>1200.5</ele>
   </trkpt>
   <trkpt lat="-29.7580620" lon="24.4883600">
    <ele>1200.4</ele>
   </trkpt>
   <trkpt lat="-29.7580970" lon="24.4884070">
    <ele>1200.3</ele>
   </trkpt>
   <trkpt lat="-29.7581320" lon="24.4884510">
    <ele>1200.2</ele>
   </trkpt>
   <trkpt lat="-29.7581610" lon="24.4885010">
    <ele>1200.1</ele>
   </trkpt>
   <trkpt lat="-29.7581860" lon="24.4885510">
    <ele>1200.0</ele>
   </trkpt>
   <trkpt lat="-29.7581960" lon="24.4885800">
    <ele>1199.9</ele>
   </trkpt>
   <trkpt lat="-29.7582100" lon="24.4886090">
    <ele>1199.9</ele>
   </trkpt>
   <trkpt lat="-29.7582130" lon="24.4886520">
    <ele>1199.9</ele>
   </trkpt>
   <trkpt lat="-29.7582160" lon="24.4886740">
    <ele>1199.9</ele>
   </trkpt>
   <trkpt lat="-29.7582210" lon="24.4887620">
    <ele>1199.8</ele>
   </trkpt>
   <trkpt lat="-29.7582210" lon="24.4888360">
    <ele>1199.8</ele>
   </trkpt>
   <trkpt lat="-29.7582220" lon="24.4889090">
    <ele>1199.8</ele>
   </trkpt>
   <trkpt lat="-29.7582280" lon="24.4889560">
    <ele>1199.8</ele>
   </trkpt>
   <trkpt lat="-29.7582400" lon="24.4889950">
    <ele>1199.8</ele>
   </trkpt>
   <trkpt lat="-29.7582470" lon="24.4890290">
    <ele>1199.8</ele>
   </trkpt>
   <trkpt lat="-29.7582540" lon="24.4890730">
    <ele>1199.8</ele>
   </trkpt>
   <trkpt lat="-29.7582590" lon="24.4891170">
    <ele>1199.8</ele>
   </trkpt>
   <trkpt lat="-29.7582610" lon="24.4891650">
    <ele>1199.9</ele>
   </trkpt>
   <trkpt lat="-29.7582920" lon="24.4891900">
    <ele>1200.0</ele>
   </trkpt>
   <trkpt lat="-29.7583000" lon="24.4892210">
    <ele>1200.0</ele>
   </trkpt>
   <trkpt lat="-29.7583180" lon="24.4892500">
    <ele>1200.1</ele>
   </trkpt>
   <trkpt lat="-29.7583370" lon="24.4892800">
    <ele>1200.2</ele>
   </trkpt>
   <trkpt lat="-29.7583560" lon="24.4893150">
    <ele>1200.3</ele>
   </trkpt>
   <trkpt lat="-29.7583780" lon="24.4893420">
    <ele>1200.5</ele>
   </trkpt>
   <trkpt lat="-29.7583970" lon="24.4893640">
    <ele>1200.6</ele>
   </trkpt>
   <trkpt lat="-29.7584200" lon="24.4893890">
    <ele>1200.8</ele>
   </trkpt>
   <trkpt lat="-29.7584440" lon="24.4894170">
    <ele>1201.0</ele>
   </trkpt>
   <trkpt lat="-29.7584620" lon="24.4894500">
    <ele>1201.2</ele>
   </trkpt>
   <trkpt lat="-29.7584690" lon="24.4894470">
    <ele>1201.2</ele>
   </trkpt>
   <trkpt lat="-29.7584900" lon="24.4894580">
    <ele>1201.3</ele>
   </trkpt>
   <trkpt lat="-29.7585250" lon="24.4894820">
    <ele>1201.5</ele>
   </trkpt>
   <trkpt lat="-29.7585400" lon="24.4894950">
    <ele>1201.6</ele>
   </trkpt>
   <trkpt lat="-29.7585380" lon="24.4895080">
    <ele>1201.6</ele>
   </trkpt>
   <trkpt lat="-29.7585570" lon="24.4895270">
    <ele>1201.7</ele>
   </trkpt>
   <trkpt lat="-29.7585860" lon="24.4895410">
    <ele>1201.8</ele>
   </trkpt>
   <trkpt lat="-29.7586300" lon="24.4895690">
    <ele>1201.9</ele>
   </trkpt>
   <trkpt lat="-29.7586500" lon="24.4895860">
    <ele>1201.9</ele>
   </trkpt>
   <trkpt lat="-29.7586620" lon="24.4896120">
    <ele>1201.9</ele>
   </trkpt>
   <trkpt lat="-29.7586710" lon="24.4896230">
    <ele>1202.0</ele>
   </trkpt>
   <trkpt lat="-29.7586960" lon="24.4896460">
    <ele>1202.0</ele>
   </trkpt>
   <trkpt lat="-29.7587130" lon="24.4896860">
    <ele>1202.0</ele>
   </trkpt>
   <trkpt lat="-29.7587210" lon="24.4897050">
    <ele>1202.0</ele>
   </trkpt>
   <trkpt lat="-29.7587330" lon="24.4897360">
    <ele>1202.0</ele>
   </trkpt>
   <trkpt lat="-29.7587410" lon="24.4897490">
    <ele>1202.0</ele>
   </trkpt>
   <trkpt lat="-29.7587630" lon="24.4897860">
    <ele>1202.1</ele>
   </trkpt>
   <trkpt lat="-29.7587830" lon="24.4898230">
    <ele>1202.1</ele>
   </trkpt>
   <trkpt lat="-29.7587940" lon="24.4898470">
    <ele>1202.1</ele>
   </trkpt>
   <trkpt lat="-29.7588100" lon="24.4898660">
    <ele>1202.2</ele>
   </trkpt>
   <trkpt lat="-29.7588170" lon="24.4898820">
    <ele>1202.2</ele>
   </trkpt>
   <trkpt lat="-29.7588310" lon="24.4899110">
    <ele>1202.2</ele>
   </trkpt>
   <trkpt lat="-29.7588500" lon="24.4899490">
    <ele>1202.3</ele>
   </trkpt>
   <trkpt lat="-29.7588590" lon="24.4899680">
    <ele>1202.3</ele>
   </trkpt>
   <trkpt lat="-29.7588660" lon="24.4900000">
    <ele>1202.3</ele>
   </trkpt>
   <trkpt lat="-29.7588700" lon="24.4900160">
    <ele>1202.4</ele>
   </trkpt>
   <trkpt lat="-29.7588800" lon="24.4900460">
    <ele>1202.4</ele>
   </trkpt>
   <trkpt lat="-29.7588880" lon="24.4900940">
    <ele>1202.4</ele>
   </trkpt>
   <trkpt lat="-29.7588910" lon="24.4901200">
    <ele>1202.4</ele>
   </trkpt>
   <trkpt lat="-29.7588950" lon="24.4901260">
    <ele>1202.4</ele>
   </trkpt>
   <trkpt lat="-29.7589020" lon="24.4901520">
    <ele>1202.4</ele>
   </trkpt>
   <trkpt lat="-29.7589030" lon="24.4901870">
    <ele>1202.4</ele>
   </trkpt>
   <trkpt lat="-29.7589120" lon="24.4902260">
    <ele>1202.4</ele>
   </trkpt>
   <trkpt lat="-29.7589130" lon="24.4902480">
    <ele>1202.4</ele>
   </trkpt>
   <trkpt lat="-29.7589060" lon="24.4902830">
    <ele>1202.4</ele>
   </trkpt>
   <trkpt lat="-29.7589030" lon="24.4903080">
    <ele>1202.4</ele>
   </trkpt>
   <trkpt lat="-29.7589030" lon="24.4903350">
    <ele>1202.4</ele>
   </trkpt>
   <trkpt lat="-29.7589000" lon="24.4903500">
    <ele>1202.4</ele>
   </trkpt>
   <trkpt lat="-29.7588910" lon="24.4903920">
    <ele>1202.4</ele>
   </trkpt>
   <trkpt lat="-29.7588890" lon="24.4904060">
    <ele>1202.4</ele>
   </trkpt>
   <trkpt lat="-29.7588850" lon="24.4904490">
    <ele>1202.4</ele>
   </trkpt>
   <trkpt lat="-29.7588790" lon="24.4904810">
    <ele>1202.4</ele>
   </trkpt>
   <trkpt lat="-29.7588750" lon="24.4904970">
    <ele>1202.4</ele>
   </trkpt>
   <trkpt lat="-29.7588590" lon="24.4905320">
    <ele>1202.4</ele>
   </trkpt>
   <trkpt lat="-29.7588390" lon="24.4905830">
    <ele>1202.3</ele>
   </trkpt>
   <trkpt lat="-29.7588280" lon="24.4906170">
    <ele>1202.3</ele>
   </trkpt>
   <trkpt lat="-29.7588130" lon="24.4906490">
    <ele>1202.3</ele>
   </trkpt>
   <trkpt lat="-29.7588060" lon="24.4906730">
    <ele>1202.2</ele>
   </trkpt>
   <trkpt lat="-29.7588040" lon="24.4906830">
    <ele>1202.2</ele>
   </trkpt>
   <trkpt lat="-29.7587960" lon="24.4907130">
    <ele>1202.2</ele>
   </trkpt>
   <trkpt lat="-29.7587830" lon="24.4907580">
    <ele>1202.1</ele>
   </trkpt>
   <trkpt lat="-29.7587740" lon="24.4907790">
    <ele>1202.1</ele>
   </trkpt>
   <trkpt lat="-29.7587590" lon="24.4908250">
    <ele>1202.0</ele>
   </trkpt>
   <trkpt lat="-29.7587470" lon="24.4908550">
    <ele>1202.0</ele>
   </trkpt>
   <trkpt lat="-29.7587340" lon="24.4908870">
    <ele>1202.0</ele>
   </trkpt>
   <trkpt lat="-29.7587370" lon="24.4909240">
    <ele>1201.9</ele>
   </trkpt>
   <trkpt lat="-29.7587320" lon="24.4909590">
    <ele>1201.9</ele>
   </trkpt>
   <trkpt lat="-29.7587350" lon="24.4909950">
    <ele>1201.9</ele>
   </trkpt>
   <trkpt lat="-29.7587290" lon="24.4910340">
    <ele>1201.9</ele>
   </trkpt>
   <trkpt lat="-29.7587280" lon="24.4910390">
    <ele>1201.9</ele>
   </trkpt>
   <trkpt lat="-29.7587280" lon="24.4910660">
    <ele>1201.9</ele>
   </trkpt>
   <trkpt lat="-29.7587300" lon="24.4911090">
    <ele>1201.9</ele>
   </trkpt>
   <trkpt lat="-29.7587290" lon="24.4911490">
    <ele>1201.9</ele>
   </trkpt>
   <trkpt lat="-29.7587290" lon="24.4911770">
    <ele>1201.9</ele>
   </trkpt>
   <trkpt lat="-29.7587300" lon="24.4912050">
    <ele>1201.8</ele>
   </trkpt>
   <trkpt lat="-29.7587280" lon="24.4912250">
    <ele>1201.8</ele>
   </trkpt>
   <trkpt lat="-29.7587320" lon="24.4912680">
    <ele>1201.8</ele>
   </trkpt>
   <trkpt lat="-29.7587310" lon="24.4912850">
    <ele>1201.8</ele>
   </trkpt>
   <trkpt lat="-29.7587370" lon="24.4913310">
    <ele>1201.7</ele>
   </trkpt>
   <trkpt lat="-29.7587380" lon="24.4913770">
    <ele>1201.6</ele>
   </trkpt>
   <trkpt lat="-29.7587370" lon="24.4914000">
    <ele>1201.6</ele>
   </trkpt>
   <trkpt lat="-29.7587380" lon="24.4914420">
    <ele>1201.5</ele>
   </trkpt>
   <trkpt lat="-29.7587380" lon="24.4914580">
    <ele>1201.5</ele>
   </trkpt>
   <trkpt lat="-29.7587410" lon="24.4915100">
    <ele>1201.3</ele>
   </trkpt>
   <trkpt lat="-29.7587410" lon="24.4915620">
    <ele>1201.2</ele>
   </trkpt>
   <trkpt lat="-29.7587340" lon="24.4916380">
    <ele>1201.0</ele>
   </trkpt>
   <trkpt lat="-29.7587280" lon="24.4916910">
    <ele>1200.8</ele>
   </trkpt>
   <trkpt lat="-29.7587320" lon="24.4917290">
    <ele>1200.7</ele>
   </trkpt>
   <trkpt lat="-29.7587250" lon="24.4917840">
    <ele>1200.5</ele>
   </trkpt>
   <trkpt lat="-29.7587250" lon="24.4918300">
    <ele>1200.4</ele>
   </trkpt>
   <trkpt lat="-29.7587210" lon="24.4918760">
    <ele>1200.3</ele>
   </trkpt>
   <trkpt lat="-29.7587200" lon="24.4919260">
    <ele>1200.1</ele>
   </trkpt>
   <trkpt lat="-29.7587180" lon="24.4919780">
    <ele>1199.9</ele>
   </trkpt>
   <trkpt lat="-29.7587170" lon="24.4920280">
    <ele>1199.8</ele>
   </trkpt>
   <trkpt lat="-29.7587140" lon="24.4920720">
    <ele>1199.6</ele>
   </trkpt>
   <trkpt lat="-29.7587060" lon="24.4921210">
    <ele>1199.3</ele>
   </trkpt>
   <trkpt lat="-29.7587040" lon="24.4921700">
    <ele>1199.1</ele>
   </trkpt>
   <trkpt lat="-29.7587010" lon="24.4922160">
    <ele>1198.9</ele>
   </trkpt>
   <trkpt lat="-29.7587000" lon="24.4922680">
    <ele>1198.7</ele>
   </trkpt>
   <trkpt lat="-29.7586950" lon="24.4923030">
    <ele>1198.6</ele>
   </trkpt>
   <trkpt lat="-29.7586930" lon="24.4923230">
    <ele>1198.5</ele>
   </trkpt>
   <trkpt lat="-29.7586900" lon="24.4923670">
    <ele>1198.4</ele>
   </trkpt>
   <trkpt lat="-29.7586890" lon="24.4923820">
    <ele>1198.4</ele>
   </trkpt>
   <trkpt lat="-29.7586880" lon="24.4924200">
    <ele>1198.3</ele>
   </trkpt>
   <trkpt lat="-29.7586840" lon="24.4924530">
    <ele>1198.2</ele>
   </trkpt>
   <trkpt lat="-29.7586780" lon="24.4924890">
    <ele>1198.2</ele>
   </trkpt>
   <trkpt lat="-29.7586780" lon="24.4925550">
    <ele>1198.1</ele>
   </trkpt>
   <trkpt lat="-29.7586800" lon="24.4926040">
    <ele>1198.0</ele>
   </trkpt>
   <trkpt lat="-29.7586800" lon="24.4926450">
    <ele>1197.9</ele>
   </trkpt>
   <trkpt lat="-29.7586840" lon="24.4926890">
    <ele>1197.8</ele>
   </trkpt>
   <trkpt lat="-29.7586840" lon="24.4927380">
    <ele>1197.7</ele>
   </trkpt>
   <trkpt lat="-29.7586860" lon="24.4927640">
    <ele>1197.7</ele>
   </trkpt>
   <trkpt lat="-29.7586850" lon="24.4927900">
    <ele>1197.6</ele>
   </trkpt>
   <trkpt lat="-29.7586900" lon="24.4928390">
    <ele>1197.5</ele>
   </trkpt>
   <trkpt lat="-29.7586880" lon="24.4928770">
    <ele>1197.4</ele>
   </trkpt>
   <trkpt lat="-29.7586980" lon="24.4929470">
    <ele>1197.1</ele>
   </trkpt>
   <trkpt lat="-29.7586840" lon="24.4930320">
    <ele>1196.8</ele>
   </trkpt>
   <trkpt lat="-29.7586790" lon="24.4931140">
    <ele>1196.5</ele>
   </trkpt>
   <trkpt lat="-29.7586750" lon="24.4931830">
    <ele>1196.3</ele>
   </trkpt>
   <trkpt lat="-29.7586770" lon="24.4932390">
    <ele>1196.1</ele>
   </trkpt>
   <trkpt lat="-29.7586780" lon="24.4932810">
    <ele>1196.0</ele>
   </trkpt>
   <trkpt lat="-29.7586830" lon="24.4933100">
    <ele>1196.0</ele>
   </trkpt>
   <trkpt lat="-29.7586900" lon="24.4933510">
    <ele>1195.9</ele>
   </trkpt>
   <trkpt lat="-29.7586960" lon="24.4933890">
    <ele>1195.8</ele>
   </trkpt>
   <trkpt lat="-29.7587000" lon="24.4934340">
    <ele>1195.8</ele>
   </trkpt>
   <trkpt lat="-29.7587050" lon="24.4934810">
    <ele>1195.7</ele>
   </trkpt>
   <trkpt lat="-29.7587160" lon="24.4935290">
    <ele>1195.7</ele>
   </trkpt>
   <trkpt lat="-29.7587220" lon="24.4935570">
    <ele>1195.6</ele>
   </trkpt>
   <trkpt lat="-29.7587330" lon="24.4936160">
    <ele>1195.6</ele>
   </trkpt>
   <trkpt lat="-29.7587360" lon="24.4936680">
    <ele>1195.6</ele>
   </trkpt>
   <trkpt lat="-29.7587380" lon="24.4937230">
    <ele>1195.6</ele>
   </trkpt>
   <trkpt lat="-29.7587500" lon="24.4937690">
    <ele>1195.5</ele>
   </trkpt>
   <trkpt lat="-29.7587480" lon="24.4937930">
    <ele>1195.4</ele>
   </trkpt>
   <trkpt lat="-29.7587550" lon="24.4938000">
    <ele>1195.4</ele>
   </trkpt>
   <trkpt lat="-29.7587530" lon="24.4938250">
    <ele>1195.4</ele>
   </trkpt>
   <trkpt lat="-29.7587530" lon="24.4938380">
    <ele>1195.3</ele>
   </trkpt>
   <trkpt lat="-29.7587630" lon="24.4938810">
    <ele>1195.2</ele>
   </trkpt>
   <trkpt lat="-29.7587690" lon="24.4938950">
    <ele>1195.2</ele>
   </trkpt>
   <trkpt lat="-29.7587690" lon="24.4939350">
    <ele>1195.1</ele>
   </trkpt>
   <trkpt lat="-29.7587720" lon="24.4939750">
    <ele>1195.0</ele>
   </trkpt>
   <trkpt lat="-29.7587770" lon="24.4940160">
    <ele>1195.0</ele>
   </trkpt>
   <trkpt lat="-29.7587840" lon="24.4940590">
    <ele>1194.9</ele>
   </trkpt>
   <trkpt lat="-29.7587890" lon="24.4941040">
    <ele>1194.8</ele>
   </trkpt>
   <trkpt lat="-29.7587940" lon="24.4941480">
    <ele>1194.7</ele>
   </trkpt>
   <trkpt lat="-29.7587930" lon="24.4941950">
    <ele>1194.6</ele>
   </trkpt>
   <trkpt lat="-29.7587960" lon="24.4942340">
    <ele>1194.5</ele>
   </trkpt>
   <trkpt lat="-29.7588020" lon="24.4942840">
    <ele>1194.4</ele>
   </trkpt>
   <trkpt lat="-29.7587970" lon="24.4943320">
    <ele>1194.2</ele>
   </trkpt>
   <trkpt lat="-29.7587960" lon="24.4943570">
    <ele>1194.1</ele>
   </trkpt>
   <trkpt lat="-29.7587960" lon="24.4943750">
    <ele>1194.1</ele>
   </trkpt>
   <trkpt lat="-29.7588030" lon="24.4944070">
    <ele>1194.0</ele>
   </trkpt>
   <trkpt lat="-29.7588040" lon="24.4944400">
    <ele>1193.8</ele>
   </trkpt>
   <trkpt lat="-29.7588140" lon="24.4944710">
    <ele>1193.7</ele>
   </trkpt>
   <trkpt lat="-29.7588100" lon="24.4945090">
    <ele>1193.5</ele>
   </trkpt>
   <trkpt lat="-29.7588040" lon="24.4945520">
    <ele>1193.2</ele>
   </trkpt>
   <trkpt lat="-29.7588070" lon="24.4947040">
    <ele>1192.4</ele>
   </trkpt>
   <trkpt lat="-29.7588050" lon="24.4947500">
    <ele>1192.1</ele>
   </trkpt>
   <trkpt lat="-29.7588030" lon="24.4947960">
    <ele>1191.9</ele>
   </trkpt>
   <trkpt lat="-29.7588020" lon="24.4948420">
    <ele>1191.6</ele>
   </trkpt>
   <trkpt lat="-29.7588030" lon="24.4948880">
    <ele>1191.5</ele>
   </trkpt>
   <trkpt lat="-29.7588030" lon="24.4949330">
    <ele>1191.3</ele>
   </trkpt>
   <trkpt lat="-29.7588030" lon="24.4949780">
    <ele>1191.1</ele>
   </trkpt>
   <trkpt lat="-29.7588030" lon="24.4950220">
    <ele>1190.9</ele>
   </trkpt>
   <trkpt lat="-29.7588010" lon="24.4950690">
    <ele>1190.8</ele>
   </trkpt>
   <trkpt lat="-29.7587990" lon="24.4951140">
    <ele>1190.6</ele>
   </trkpt>
   <trkpt lat="-29.7587970" lon="24.4951610">
    <ele>1190.5</ele>
   </trkpt>
   <trkpt lat="-29.7587870" lon="24.4952090">
    <ele>1190.4</ele>
   </trkpt>
   <trkpt lat="-29.7587900" lon="24.4952550">
    <ele>1190.3</ele>
   </trkpt>
   <trkpt lat="-29.7588000" lon="24.4952970">
    <ele>1190.3</ele>
   </trkpt>
   <trkpt lat="-29.7588040" lon="24.4953580">
    <ele>1190.2</ele>
   </trkpt>
   <trkpt lat="-29.7588030" lon="24.4953850">
    <ele>1190.1</ele>
   </trkpt>
   <trkpt lat="-29.7588040" lon="24.4954100">
    <ele>1190.1</ele>
   </trkpt>
   <trkpt lat="-29.7588090" lon="24.4954430">
    <ele>1190.0</ele>
   </trkpt>
   <trkpt lat="-29.7588120" lon="24.4954580">
    <ele>1190.0</ele>
   </trkpt>
   <trkpt lat="-29.7588070" lon="24.4955160">
    <ele>1189.9</ele>
   </trkpt>
   <trkpt lat="-29.7587980" lon="24.4955680">
    <ele>1189.8</ele>
   </trkpt>
   <trkpt lat="-29.7587970" lon="24.4955930">
    <ele>1189.7</ele>
   </trkpt>
   <trkpt lat="-29.7587960" lon="24.4956510">
    <ele>1189.5</ele>
   </trkpt>
   <trkpt lat="-29.7588070" lon="24.4957030">
    <ele>1189.4</ele>
   </trkpt>
   <trkpt lat="-29.7588020" lon="24.4957390">
    <ele>1189.3</ele>
   </trkpt>
   <trkpt lat="-29.7587970" lon="24.4957850">
    <ele>1189.2</ele>
   </trkpt>
   <trkpt lat="-29.7587890" lon="24.4958290">
    <ele>1189.1</ele>
   </trkpt>
   <trkpt lat="-29.7587920" lon="24.4958730">
    <ele>1189.0</ele>
   </trkpt>
   <trkpt lat="-29.7587990" lon="24.4959420">
    <ele>1188.8</ele>
   </trkpt>
   <trkpt lat="-29.7588000" lon="24.4959930">
    <ele>1188.6</ele>
   </trkpt>
   <trkpt lat="-29.7588040" lon="24.4960380">
    <ele>1188.3</ele>
   </trkpt>
   <trkpt lat="-29.7588140" lon="24.4960840">
    <ele>1188.1</ele>
   </trkpt>
   <trkpt lat="-29.7588200" lon="24.4961300">
    <ele>1187.8</ele>
   </trkpt>
   <trkpt lat="-29.7588250" lon="24.4961710">
    <ele>1187.5</ele>
   </trkpt>
   <trkpt lat="-29.7588230" lon="24.4961740">
    <ele>1187.5</ele>
   </trkpt>
   <trkpt lat="-29.7588360" lon="24.4962050">
    <ele>1187.3</ele>
   </trkpt>
   <trkpt lat="-29.7588450" lon="24.4962430">
    <ele>1187.1</ele>
   </trkpt>
   <trkpt lat="-29.7588420" lon="24.4962770">
    <ele>1186.9</ele>
   </trkpt>
   <trkpt lat="-29.7588420" lon="24.4963120">
    <ele>1186.8</ele>
   </trkpt>
   <trkpt lat="-29.7588470" lon="24.4963560">
    <ele>1186.6</ele>
   </trkpt>
   <trkpt lat="-29.7588520" lon="24.4963760">
    <ele>1186.5</ele>
   </trkpt>
   <trkpt lat="-29.7588530" lon="24.4964210">
    <ele>1186.3</ele>
   </trkpt>
   <trkpt lat="-29.7588590" lon="24.4965200">
    <ele>1185.9</ele>
   </trkpt>
   <trkpt lat="-29.7588590" lon="24.4965810">
    <ele>1185.7</ele>
   </trkpt>
   <trkpt lat="-29.7588550" lon="24.4966330">
    <ele>1185.5</ele>
   </trkpt>
   <trkpt lat="-29.7588660" lon="24.4966870">
    <ele>1185.3</ele>
   </trkpt>
   <trkpt lat="-29.7588690" lon="24.4967430">
    <ele>1185.1</ele>
   </trkpt>
   <trkpt lat="-29.7588830" lon="24.4967640">
    <ele>1185.0</ele>
   </trkpt>
   <trkpt lat="-29.7588880" lon="24.4967930">
    <ele>1184.8</ele>
   </trkpt>
   <trkpt lat="-29.7588970" lon="24.4968200">
    <ele>1184.7</ele>
   </trkpt>
   <trkpt lat="-29.7589050" lon="24.4968330">
    <ele>1184.7</ele>
   </trkpt>
   <trkpt lat="-29.7589150" lon="24.4968830">
    <ele>1184.5</ele>
   </trkpt>
   <trkpt lat="-29.7589120" lon="24.4969150">
    <ele>1184.3</ele>
   </trkpt>
   <trkpt lat="-29.7589250" lon="24.4970080">
    <ele>1183.9</ele>
   </trkpt>
   <trkpt lat="-29.7589320" lon="24.4970730">
    <ele>1183.7</ele>
   </trkpt>
   <trkpt lat="-29.7589400" lon="24.4971680">
    <ele>1183.3</ele>
   </trkpt>
   <trkpt lat="-29.7589460" lon="24.4972220">
    <ele>1183.2</ele>
   </trkpt>
   <trkpt lat="-29.7589410" lon="24.4972780">
    <ele>1183.0</ele>
   </trkpt>
   <trkpt lat="-29.7589580" lon="24.4973240">
    <ele>1183.0</ele>
   </trkpt>
   <trkpt lat="-29.7589740" lon="24.4973630">
    <ele>1182.9</ele>
   </trkpt>
   <trkpt lat="-29.7589870" lon="24.4973960">
    <ele>1182.8</ele>
   </trkpt>
   <trkpt lat="-29.7589970" lon="24.4974480">
    <ele>1182.8</ele>
   </trkpt>
   <trkpt lat="-29.7590030" lon="24.4974710">
    <ele>1182.8</ele>
   </trkpt>
   <trkpt lat="-29.7590200" lon="24.4975040">
    <ele>1182.7</ele>
   </trkpt>
   <trkpt lat="-29.7590310" lon="24.4975390">
    <ele>1182.7</ele>
   </trkpt>
   <trkpt lat="-29.7590590" lon="24.4975730">
    <ele>1182.6</ele>
   </trkpt>
   <trkpt lat="-29.7590690" lon="24.4975840">
    <ele>1182.6</ele>
   </trkpt>
   <trkpt lat="-29.7590920" lon="24.4976190">
    <ele>1182.6</ele>
   </trkpt>
   <trkpt lat="-29.7591170" lon="24.4976490">
    <ele>1182.6</ele>
   </trkpt>
   <trkpt lat="-29.7591350" lon="24.4976790">
    <ele>1182.6</ele>
   </trkpt>
   <trkpt lat="-29.7591530" lon="24.4977050">
    <ele>1182.5</ele>
   </trkpt>
   <trkpt lat="-29.7591750" lon="24.4977410">
    <ele>1182.5</ele>
   </trkpt>
   <trkpt lat="-29.7591950" lon="24.4977670">
    <ele>1182.5</ele>
   </trkpt>
   <trkpt lat="-29.7592190" lon="24.4977950">
    <ele>1182.5</ele>
   </trkpt>
   <trkpt lat="-29.7592450" lon="24.4978180">
    <ele>1182.4</ele>
   </trkpt>
   <trkpt lat="-29.7592530" lon="24.4978150">
    <ele>1182.4</ele>
   </trkpt>
   <trkpt lat="-29.7592750" lon="24.4978280">
    <ele>1182.4</ele>
   </trkpt>
   <trkpt lat="-29.7593020" lon="24.4978590">
    <ele>1182.3</ele>
   </trkpt>
   <trkpt lat="-29.7593280" lon="24.4978840">
    <ele>1182.2</ele>
   </trkpt>
   <trkpt lat="-29.7593400" lon="24.4978960">
    <ele>1182.1</ele>
   </trkpt>
   <trkpt lat="-29.7593680" lon="24.4979190">
    <ele>1182.0</ele>
   </trkpt>
   <trkpt lat="-29.7594060" lon="24.4979420">
    <ele>1181.9</ele>
   </trkpt>
   <trkpt lat="-29.7594220" lon="24.4979540">
    <ele>1181.8</ele>
   </trkpt>
   <trkpt lat="-29.7594540" lon="24.4979770">
    <ele>1181.7</ele>
   </trkpt>
   <trkpt lat="-29.7594910" lon="24.4979970">
    <ele>1181.6</ele>
   </trkpt>
   <trkpt lat="-29.7595120" lon="24.4980100">
    <ele>1181.6</ele>
   </trkpt>
   <trkpt lat="-29.7595360" lon="24.4980270">
    <ele>1181.5</ele>
   </trkpt>
   <trkpt lat="-29.7595460" lon="24.4980340">
    <ele>1181.5</ele>
   </trkpt>
   <trkpt lat="-29.7595500" lon="24.4980370">
    <ele>1181.5</ele>
   </trkpt>
   <trkpt lat="-29.7595520" lon="24.4980400">
    <ele>1181.5</ele>
   </trkpt>
   <trkpt lat="-29.7595490" lon="24.4980410">
    <ele>1181.5</ele>
   </trkpt>
   <trkpt lat="-29.7595520" lon="24.4980430">
    <ele>1181.4</ele>
   </trkpt>
   <trkpt lat="-29.7595520" lon="24.4980410">
    <ele>1181.4</ele>
   </trkpt>
   <trkpt lat="-29.7595540" lon="24.4980440">
    <ele>1181.4</ele>
   </trkpt>
   <trkpt lat="-29.7595530" lon="24.4980430">
    <ele>1181.4</ele>
   </trkpt>
   <trkpt lat="-29.7595520" lon="24.4980440">
    <ele>1181.4</ele>
   </trkpt>
   <trkpt lat="-29.7595540" lon="24.4980450">
    <ele>1181.4</ele>
   </trkpt>
   <trkpt lat="-29.7595620" lon="24.4980470">
    <ele>1181.4</ele>
   </trkpt>
   <trkpt lat="-29.7595680" lon="24.4980520">
    <ele>1181.4</ele>
   </trkpt>
   <trkpt lat="-29.7596420" lon="24.4981150">
    <ele>1181.1</ele>
   </trkpt>
   <trkpt lat="-29.7596510" lon="24.4981180">
    <ele>1181.0</ele>
   </trkpt>
   <trkpt lat="-29.7596570" lon="24.4981260">
    <ele>1181.0</ele>
   </trkpt>
   <trkpt lat="-29.7596590" lon="24.4981220">
    <ele>1181.0</ele>
   </trkpt>
   <trkpt lat="-29.7596650" lon="24.4981240">
    <ele>1181.0</ele>
   </trkpt>
   <trkpt lat="-29.7596700" lon="24.4981270">
    <ele>1181.0</ele>
   </trkpt>
   <trkpt lat="-29.7596760" lon="24.4981290">
    <ele>1181.0</ele>
   </trkpt>
   <trkpt lat="-29.7596810" lon="24.4981310">
    <ele>1181.0</ele>
   </trkpt>
   <trkpt lat="-29.7596860" lon="24.4981330">
    <ele>1180.9</ele>
   </trkpt>
   <trkpt lat="-29.7596920" lon="24.4981360">
    <ele>1180.9</ele>
   </trkpt>
   <trkpt lat="-29.7596970" lon="24.4981380">
    <ele>1180.9</ele>
   </trkpt>
   <trkpt lat="-29.7597020" lon="24.4981400">
    <ele>1180.9</ele>
   </trkpt>
   <trkpt lat="-29.7597080" lon="24.4981420">
    <ele>1180.9</ele>
   </trkpt>
   <trkpt lat="-29.7597130" lon="24.4981450">
    <ele>1180.9</ele>
   </trkpt>
   <trkpt lat="-29.7597190" lon="24.4981470">
    <ele>1180.9</ele>
   </trkpt>
   <trkpt lat="-29.7597240" lon="24.4981490">
    <ele>1180.9</ele>
   </trkpt>
   <trkpt lat="-29.7597530" lon="24.4981630">
    <ele>1180.8</ele>
   </trkpt>
   <trkpt lat="-29.7597630" lon="24.4981680">
    <ele>1180.8</ele>
   </trkpt>
   <trkpt lat="-29.7597990" lon="24.4981810">
    <ele>1180.7</ele>
   </trkpt>
   <trkpt lat="-29.7598110" lon="24.4981860">
    <ele>1180.6</ele>
   </trkpt>
   <trkpt lat="-29.7598400" lon="24.4981970">
    <ele>1180.5</ele>
   </trkpt>
   <trkpt lat="-29.7598710" lon="24.4982020">
    <ele>1180.4</ele>
   </trkpt>
   <trkpt lat="-29.7599070" lon="24.4981980">
    <ele>1180.2</ele>
   </trkpt>
   <trkpt lat="-29.7599400" lon="24.4982030">
    <ele>1180.0</ele>
   </trkpt>
   <trkpt lat="-29.7599740" lon="24.4982100">
    <ele>1179.8</ele>
   </trkpt>
   <trkpt lat="-29.7600070" lon="24.4982170">
    <ele>1179.7</ele>
   </trkpt>
   <trkpt lat="-29.7600400" lon="24.4982180">
    <ele>1179.5</ele>
   </trkpt>
   <trkpt lat="-29.7600730" lon="24.4982270">
    <ele>1179.3</ele>
   </trkpt>
   <trkpt lat="-29.7601150" lon="24.4982340">
    <ele>1179.0</ele>
   </trkpt>
   <trkpt lat="-29.7601610" lon="24.4982400">
    <ele>1178.7</ele>
   </trkpt>
   <trkpt lat="-29.7602120" lon="24.4982470">
    <ele>1178.4</ele>
   </trkpt>
   <trkpt lat="-29.7602610" lon="24.4982570">
    <ele>1178.2</ele>
   </trkpt>
   <trkpt lat="-29.7603110" lon="24.4982650">
    <ele>1177.9</ele>
   </trkpt>
   <trkpt lat="-29.7603630" lon="24.4982670">
    <ele>1177.7</ele>
   </trkpt>
   <trkpt lat="-29.7604160" lon="24.4982720">
    <ele>1177.4</ele>
   </trkpt>
   <trkpt lat="-29.7605230" lon="24.4982840">
    <ele>1177.1</ele>
   </trkpt>
   <trkpt lat="-29.7605760" lon="24.4982950">
    <ele>1177.0</ele>
   </trkpt>
   <trkpt lat="-29.7606310" lon="24.4983050">
    <ele>1176.9</ele>
   </trkpt>
   <trkpt lat="-29.7606900" lon="24.4983130">
    <ele>1176.8</ele>
   </trkpt>
   <trkpt lat="-29.7607450" lon="24.4983240">
    <ele>1176.7</ele>
   </trkpt>
   <trkpt lat="-29.7608610" lon="24.4983430">
    <ele>1176.6</ele>
   </trkpt>
   <trkpt lat="-29.7609200" lon="24.4983560">
    <ele>1176.5</ele>
   </trkpt>
   <trkpt lat="-29.7609780" lon="24.4983690">
    <ele>1176.4</ele>
   </trkpt>
   <trkpt lat="-29.7610360" lon="24.4983830">
    <ele>1176.3</ele>
   </trkpt>
   <trkpt lat="-29.7610960" lon="24.4983920">
    <ele>1176.2</ele>
   </trkpt>
   <trkpt lat="-29.7611590" lon="24.4984020">
    <ele>1176.1</ele>
   </trkpt>
   <trkpt lat="-29.7612210" lon="24.4984150">
    <ele>1176.0</ele>
   </trkpt>
   <trkpt lat="-29.7612840" lon="24.4984270">
    <ele>1175.8</ele>
   </trkpt>
   <trkpt lat="-29.7613480" lon="24.4984380">
    <ele>1175.6</ele>
   </trkpt>
   <trkpt lat="-29.7614130" lon="24.4984500">
    <ele>1175.5</ele>
   </trkpt>
   <trkpt lat="-29.7614790" lon="24.4984630">
    <ele>1175.3</ele>
   </trkpt>
   <trkpt lat="-29.7615460" lon="24.4984790">
    <ele>1175.3</ele>
   </trkpt>
   <trkpt lat="-29.7616100" lon="24.4984920">
    <ele>1175.2</ele>
   </trkpt>
   <trkpt lat="-29.7616730" lon="24.4985050">
    <ele>1175.0</ele>
   </trkpt>
   <trkpt lat="-29.7617410" lon="24.4985140">
    <ele>1174.8</ele>
   </trkpt>
   <trkpt lat="-29.7618060" lon="24.4985280">
    <ele>1174.7</ele>
   </trkpt>
   <trkpt lat="-29.7618730" lon="24.4985400">
    <ele>1174.6</ele>
   </trkpt>
   <trkpt lat="-29.7619380" lon="24.4985530">
    <ele>1174.4</ele>
   </trkpt>
   <trkpt lat="-29.7620070" lon="24.4985690">
    <ele>1174.2</ele>
   </trkpt>
   <trkpt lat="-29.7620720" lon="24.4985830">
    <ele>1174.0</ele>
   </trkpt>
   <trkpt lat="-29.7621400" lon="24.4985990">
    <ele>1173.8</ele>
   </trkpt>
   <trkpt lat="-29.7622060" lon="24.4986160">
    <ele>1173.7</ele>
   </trkpt>
   <trkpt lat="-29.7622770" lon="24.4986220">
    <ele>1173.5</ele>
   </trkpt>
   <trkpt lat="-29.7623440" lon="24.4986400">
    <ele>1173.3</ele>
   </trkpt>
   <trkpt lat="-29.7624140" lon="24.4986550">
    <ele>1173.1</ele>
   </trkpt>
   <trkpt lat="-29.7624860" lon="24.4986620">
    <ele>1172.9</ele>
   </trkpt>
   <trkpt lat="-29.7625550" lon="24.4986760">
    <ele>1172.7</ele>
   </trkpt>
   <trkpt lat="-29.7626270" lon="24.4986850">
    <ele>1172.5</ele>
   </trkpt>
   <trkpt lat="-29.7626950" lon="24.4986990">
    <ele>1172.3</ele>
   </trkpt>
   <trkpt lat="-29.7627630" lon="24.4987110">
    <ele>1172.2</ele>
   </trkpt>
   <trkpt lat="-29.7628310" lon="24.4987200">
    <ele>1172.1</ele>
   </trkpt>
   <trkpt lat="-29.7628970" lon="24.4987350">
    <ele>1172.1</ele>
   </trkpt>
   <trkpt lat="-29.7629650" lon="24.4987500">
    <ele>1172.1</ele>
   </trkpt>
   <trkpt lat="-29.7630350" lon="24.4987620">
    <ele>1172.1</ele>
   </trkpt>
   <trkpt lat="-29.7631010" lon="24.4987690">
    <ele>1172.1</ele>
   </trkpt>
   <trkpt lat="-29.7631690" lon="24.4987810">
    <ele>1172.1</ele>
   </trkpt>
   <trkpt lat="-29.7632360" lon="24.4987960">
    <ele>1172.1</ele>
   </trkpt>
   <trkpt lat="-29.7633030" lon="24.4988140">
    <ele>1172.1</ele>
   </trkpt>
   <trkpt lat="-29.7633690" lon="24.4988290">
    <ele>1172.1</ele>
   </trkpt>
   <trkpt lat="-29.7634340" lon="24.4988430">
    <ele>1172.0</ele>
   </trkpt>
   <trkpt lat="-29.7634970" lon="24.4988550">
    <ele>1172.0</ele>
   </trkpt>
   <trkpt lat="-29.7635610" lon="24.4988680">
    <ele>1172.0</ele>
   </trkpt>
   <trkpt lat="-29.7636220" lon="24.4988810">
    <ele>1172.0</ele>
   </trkpt>
   <trkpt lat="-29.7636820" lon="24.4988960">
    <ele>1172.0</ele>
   </trkpt>
   <trkpt lat="-29.7637450" lon="24.4989100">
    <ele>1172.0</ele>
   </trkpt>
   <trkpt lat="-29.7638060" lon="24.4989220">
    <ele>1172.0</ele>
   </trkpt>
   <trkpt lat="-29.7638680" lon="24.4989320">
    <ele>1172.0</ele>
   </trkpt>
   <trkpt lat="-29.7639280" lon="24.4989420">
    <ele>1172.0</ele>
   </trkpt>
   <trkpt lat="-29.7639880" lon="24.4989520">
    <ele>1172.0</ele>
   </trkpt>
   <trkpt lat="-29.7640460" lon="24.4989600">
    <ele>1172.0</ele>
   </trkpt>
   <trkpt lat="-29.7641020" lon="24.4989680">
    <ele>1172.1</ele>
   </trkpt>
   <trkpt lat="-29.7641600" lon="24.4989780">
    <ele>1172.2</ele>
   </trkpt>
   <trkpt lat="-29.7642150" lon="24.4989860">
    <ele>1172.3</ele>
   </trkpt>
   <trkpt lat="-29.7642680" lon="24.4989960">
    <ele>1172.4</ele>
   </trkpt>
   <trkpt lat="-29.7643190" lon="24.4990100">
    <ele>1172.5</ele>
   </trkpt>
   <trkpt lat="-29.7643710" lon="24.4990230">
    <ele>1172.6</ele>
   </trkpt>
   <trkpt lat="-29.7644190" lon="24.4990390">
    <ele>1172.7</ele>
   </trkpt>
   <trkpt lat="-29.7644660" lon="24.4990560">
    <ele>1172.8</ele>
   </trkpt>
   <trkpt lat="-29.7645100" lon="24.4990700">
    <ele>1172.9</ele>
   </trkpt>
   <trkpt lat="-29.7645520" lon="24.4990840">
    <ele>1173.0</ele>
   </trkpt>
   <trkpt lat="-29.7645910" lon="24.4990940">
    <ele>1173.1</ele>
   </trkpt>
   <trkpt lat="-29.7646170" lon="24.4991080">
    <ele>1173.2</ele>
   </trkpt>
   <trkpt lat="-29.7646460" lon="24.4991240">
    <ele>1173.3</ele>
   </trkpt>
   <trkpt lat="-29.7646540" lon="24.4991300">
    <ele>1173.3</ele>
   </trkpt>
   <trkpt lat="-29.7646640" lon="24.4991430">
    <ele>1173.3</ele>
   </trkpt>
   <trkpt lat="-29.7646680" lon="24.4991530">
    <ele>1173.4</ele>
   </trkpt>
   <trkpt lat="-29.7646610" lon="24.4991540">
    <ele>1173.4</ele>
   </trkpt>
   <trkpt lat="-29.7646630" lon="24.4991410">
    <ele>1173.4</ele>
   </trkpt>
   <trkpt lat="-29.7646640" lon="24.4991410">
    <ele>1173.4</ele>
   </trkpt>
   <trkpt lat="-29.7646640" lon="24.4991410">
    <ele>1173.4</ele>
   </trkpt>
   <trkpt lat="-29.7646640" lon="24.4991410">
    <ele>1173.4</ele>
   </trkpt>
   <trkpt lat="-29.7646640" lon="24.4991410">
    <ele>1173.4</ele>
   </trkpt>
   <trkpt lat="-29.7646640" lon="24.4991410">
    <ele>1173.4</ele>
   </trkpt>
   <trkpt lat="-29.7646640" lon="24.4991410">
    <ele>1173.4</ele>
   </trkpt>
   <trkpt lat="-29.7646640" lon="24.4991410">
    <ele>1173.4</ele>
   </trkpt>
   <trkpt lat="-29.7646640" lon="24.4991410">
    <ele>1173.4</ele>
   </trkpt>
   <trkpt lat="-29.7647160" lon="24.4991850">
    <ele>1173.6</ele>
   </trkpt>
   <trkpt lat="-29.7647310" lon="24.4992000">
    <ele>1173.7</ele>
   </trkpt>
   <trkpt lat="-29.7647480" lon="24.4992110">
    <ele>1173.7</ele>
   </trkpt>
   <trkpt lat="-29.7647630" lon="24.4992180">
    <ele>1173.8</ele>
   </trkpt>
   <trkpt lat="-29.7647880" lon="24.4992360">
    <ele>1173.9</ele>
   </trkpt>
   <trkpt lat="-29.7647970" lon="24.4992420">
    <ele>1173.9</ele>
   </trkpt>
   <trkpt lat="-29.7648220" lon="24.4992620">
    <ele>1174.0</ele>
   </trkpt>
   <trkpt lat="-29.7648290" lon="24.4992710">
    <ele>1174.0</ele>
   </trkpt>
   <trkpt lat="-29.7648490" lon="24.4993000">
    <ele>1174.1</ele>
   </trkpt>
   <trkpt lat="-29.7648550" lon="24.4993120">
    <ele>1174.1</ele>
   </trkpt>
   <trkpt lat="-29.7648760" lon="24.4993390">
    <ele>1174.1</ele>
   </trkpt>
   <trkpt lat="-29.7648820" lon="24.4993490">
    <ele>1174.2</ele>
   </trkpt>
   <trkpt lat="-29.7649020" lon="24.4993830">
    <ele>1174.2</ele>
   </trkpt>
   <trkpt lat="-29.7649080" lon="24.4993940">
    <ele>1174.2</ele>
   </trkpt>
   <trkpt lat="-29.7649300" lon="24.4994270">
    <ele>1174.3</ele>
   </trkpt>
   <trkpt lat="-29.7649370" lon="24.4994390">
    <ele>1174.3</ele>
   </trkpt>
   <trkpt lat="-29.7649610" lon="24.4994640">
    <ele>1174.4</ele>
   </trkpt>
   <trkpt lat="-29.7649690" lon="24.4994720">
    <ele>1174.4</ele>
   </trkpt>
   <trkpt lat="-29.7649860" lon="24.4995060">
    <ele>1174.4</ele>
   </trkpt>
   <trkpt lat="-29.7649900" lon="24.4995140">
    <ele>1174.4</ele>
   </trkpt>
   <trkpt lat="-29.7650120" lon="24.4995440">
    <ele>1174.5</ele>
   </trkpt>
   <trkpt lat="-29.7650200" lon="24.4995530">
    <ele>1174.5</ele>
   </trkpt>
   <trkpt lat="-29.7650400" lon="24.4995750">
    <ele>1174.5</ele>
   </trkpt>
   <trkpt lat="-29.7650560" lon="24.4996000">
    <ele>1174.5</ele>
   </trkpt>
   <trkpt lat="-29.7650750" lon="24.4996330">
    <ele>1174.5</ele>
   </trkpt>
   <trkpt lat="-29.7650930" lon="24.4996670">
    <ele>1174.5</ele>
   </trkpt>
   <trkpt lat="-29.7651140" lon="24.4997060">
    <ele>1174.5</ele>
   </trkpt>
   <trkpt lat="-29.7651370" lon="24.4997400">
    <ele>1174.5</ele>
   </trkpt>
   <trkpt lat="-29.7651580" lon="24.4997740">
    <ele>1174.5</ele>
   </trkpt>
   <trkpt lat="-29.7651770" lon="24.4998060">
    <ele>1174.5</ele>
   </trkpt>
   <trkpt lat="-29.7651980" lon="24.4998380">
    <ele>1174.5</ele>
   </trkpt>
   <trkpt lat="-29.7652170" lon="24.4998750">
    <ele>1174.5</ele>
   </trkpt>
   <trkpt lat="-29.7652300" lon="24.4999110">
    <ele>1174.5</ele>
   </trkpt>
   <trkpt lat="-29.7652370" lon="24.4999450">
    <ele>1174.4</ele>
   </trkpt>
   <trkpt lat="-29.7652460" lon="24.4999800">
    <ele>1174.4</ele>
   </trkpt>
   <trkpt lat="-29.7652680" lon="24.5000030">
    <ele>1174.4</ele>
   </trkpt>
   <trkpt lat="-29.7652810" lon="24.5000360">
    <ele>1174.4</ele>
   </trkpt>
   <trkpt lat="-29.7652810" lon="24.5000470">
    <ele>1174.4</ele>
   </trkpt>
   <trkpt lat="-29.7652930" lon="24.5000800">
    <ele>1174.4</ele>
   </trkpt>
   <trkpt lat="-29.7652970" lon="24.5000910">
    <ele>1174.4</ele>
   </trkpt>
   <trkpt lat="-29.7653110" lon="24.5001200">
    <ele>1174.4</ele>
   </trkpt>
   <trkpt lat="-29.7653150" lon="24.5001280">
    <ele>1174.4</ele>
   </trkpt>
   <trkpt lat="-29.7653210" lon="24.5001440">
    <ele>1174.4</ele>
   </trkpt>
   <trkpt lat="-29.7653280" lon="24.5001550">
    <ele>1174.4</ele>
   </trkpt>
   <trkpt lat="-29.7653250" lon="24.5001560">
    <ele>1174.4</ele>
   </trkpt>
   <trkpt lat="-29.7653230" lon="24.5001580">
    <ele>1174.4</ele>
   </trkpt>
   <trkpt lat="-29.7653260" lon="24.5001570">
    <ele>1174.4</ele>
   </trkpt>
   <trkpt lat="-29.7653250" lon="24.5001530">
    <ele>1174.4</ele>
   </trkpt>
   <trkpt lat="-29.7653220" lon="24.5001520">
    <ele>1174.4</ele>
   </trkpt>
   <trkpt lat="-29.7653190" lon="24.5001550">
    <ele>1174.4</ele>
   </trkpt>
   <trkpt lat="-29.7653170" lon="24.5001510">
    <ele>1174.4</ele>
   </trkpt>
   <trkpt lat="-29.7653160" lon="24.5001440">
    <ele>1174.4</ele>
   </trkpt>
   <trkpt lat="-29.7653110" lon="24.5001390">
    <ele>1174.4</ele>
   </trkpt>
   <trkpt lat="-29.7653060" lon="24.5001330">
    <ele>1174.4</ele>
   </trkpt>
   <trkpt lat="-29.7653230" lon="24.5002260">
    <ele>1174.4</ele>
   </trkpt>
   <trkpt lat="-29.7653220" lon="24.5002450">
    <ele>1174.4</ele>
   </trkpt>
   <trkpt lat="-29.7653350" lon="24.5002570">
    <ele>1174.3</ele>
   </trkpt>
   <trkpt lat="-29.7653400" lon="24.5002760">
    <ele>1174.3</ele>
   </trkpt>
   <trkpt lat="-29.7653520" lon="24.5003080">
    <ele>1174.3</ele>
   </trkpt>
   <trkpt lat="-29.7653550" lon="24.5003200">
    <ele>1174.3</ele>
   </trkpt>
   <trkpt lat="-29.7653670" lon="24.5003500">
    <ele>1174.3</ele>
   </trkpt>
   <trkpt lat="-29.7653710" lon="24.5003610">
    <ele>1174.3</ele>
   </trkpt>
   <trkpt lat="-29.7653830" lon="24.5003960">
    <ele>1174.2</ele>
   </trkpt>
   <trkpt lat="-29.7653840" lon="24.5004080">
    <ele>1174.2</ele>
   </trkpt>
   <trkpt lat="-29.7653920" lon="24.5004520">
    <ele>1174.2</ele>
   </trkpt>
   <trkpt lat="-29.7653950" lon="24.5004670">
    <ele>1174.2</ele>
   </trkpt>
   <trkpt lat="-29.7654030" lon="24.5004990">
    <ele>1174.2</ele>
   </trkpt>
   <trkpt lat="-29.7654090" lon="24.5005350">
    <ele>1174.1</ele>
   </trkpt>
   <trkpt lat="-29.7654160" lon="24.5005670">
    <ele>1174.1</ele>
   </trkpt>
   <trkpt lat="-29.7654180" lon="24.5006020">
    <ele>1174.1</ele>
   </trkpt>
   <trkpt lat="-29.7654220" lon="24.5006380">
    <ele>1174.0</ele>
   </trkpt>
   <trkpt lat="-29.7654240" lon="24.5006750">
    <ele>1174.0</ele>
   </trkpt>
   <trkpt lat="-29.7654320" lon="24.5007140">
    <ele>1173.9</ele>
   </trkpt>
   <trkpt lat="-29.7654400" lon="24.5007530">
    <ele>1173.9</ele>
   </trkpt>
   <trkpt lat="-29.7654440" lon="24.5007950">
    <ele>1173.8</ele>
   </trkpt>
   <trkpt lat="-29.7654460" lon="24.5008400">
    <ele>1173.7</ele>
   </trkpt>
   <trkpt lat="-29.7654550" lon="24.5008870">
    <ele>1173.6</ele>
   </trkpt>
   <trkpt lat="-29.7654580" lon="24.5009290">
    <ele>1173.6</ele>
   </trkpt>
   <trkpt lat="-29.7654610" lon="24.5009750">
    <ele>1173.5</ele>
   </trkpt>
   <trkpt lat="-29.7654660" lon="24.5010210">
    <ele>1173.5</ele>
   </trkpt>
   <trkpt lat="-29.7654700" lon="24.5010690">
    <ele>1173.4</ele>
   </trkpt>
   <trkpt lat="-29.7654730" lon="24.5011140">
    <ele>1173.4</ele>
   </trkpt>
   <trkpt lat="-29.7654780" lon="24.5011600">
    <ele>1173.3</ele>
   </trkpt>
   <trkpt lat="-29.7654870" lon="24.5012090">
    <ele>1173.3</ele>
   </trkpt>
   <trkpt lat="-29.7654910" lon="24.5012550">
    <ele>1173.2</ele>
   </trkpt>
   <trkpt lat="-29.7654940" lon="24.5013030">
    <ele>1173.2</ele>
   </trkpt>
   <trkpt lat="-29.7654980" lon="24.5013500">
    <ele>1173.2</ele>
   </trkpt>
   <trkpt lat="-29.7654990" lon="24.5013960">
    <ele>1173.1</ele>
   </trkpt>
   <trkpt lat="-29.7655030" lon="24.5014420">
    <ele>1173.1</ele>
   </trkpt>
   <trkpt lat="-29.7655080" lon="24.5014860">
    <ele>1173.0</ele>
   </trkpt>
   <trkpt lat="-29.7655120" lon="24.5015300">
    <ele>1173.0</ele>
   </trkpt>
   <trkpt lat="-29.7655140" lon="24.5015750">
    <ele>1172.9</ele>
   </trkpt>
   <trkpt lat="-29.7655180" lon="24.5016200">
    <ele>1172.9</ele>
   </trkpt>
   <trkpt lat="-29.7655210" lon="24.5016610">
    <ele>1172.8</ele>
   </trkpt>
   <trkpt lat="-29.7655260" lon="24.5017020">
    <ele>1172.7</ele>
   </trkpt>
   <trkpt lat="-29.7655280" lon="24.5017470">
    <ele>1172.6</ele>
   </trkpt>
   <trkpt lat="-29.7655330" lon="24.5017950">
    <ele>1172.5</ele>
   </trkpt>
   <trkpt lat="-29.7655330" lon="24.5018420">
    <ele>1172.4</ele>
   </trkpt>
   <trkpt lat="-29.7655360" lon="24.5018880">
    <ele>1172.3</ele>
   </trkpt>
   <trkpt lat="-29.7655380" lon="24.5019340">
    <ele>1172.2</ele>
   </trkpt>
   <trkpt lat="-29.7655470" lon="24.5019840">
    <ele>1172.1</ele>
   </trkpt>
   <trkpt lat="-29.7655540" lon="24.5020340">
    <ele>1172.0</ele>
   </trkpt>
   <trkpt lat="-29.7655630" lon="24.5020830">
    <ele>1171.9</ele>
   </trkpt>
   <trkpt lat="-29.7655680" lon="24.5021310">
    <ele>1171.8</ele>
   </trkpt>
   <trkpt lat="-29.7655760" lon="24.5021860">
    <ele>1171.6</ele>
   </trkpt>
   <trkpt lat="-29.7655780" lon="24.5022370">
    <ele>1171.5</ele>
   </trkpt>
   <trkpt lat="-29.7655820" lon="24.5022890">
    <ele>1171.4</ele>
   </trkpt>
   <trkpt lat="-29.7655900" lon="24.5023450">
    <ele>1171.2</ele>
   </trkpt>
   <trkpt lat="-29.7655930" lon="24.5023950">
    <ele>1171.1</ele>
   </trkpt>
   <trkpt lat="-29.7655930" lon="24.5024430">
    <ele>1171.0</ele>
   </trkpt>
   <trkpt lat="-29.7655880" lon="24.5024890">
    <ele>1170.9</ele>
   </trkpt>
   <trkpt lat="-29.7655930" lon="24.5025330">
    <ele>1170.8</ele>
   </trkpt>
   <trkpt lat="-29.7655980" lon="24.5025780">
    <ele>1170.7</ele>
   </trkpt>
   <trkpt lat="-29.7655990" lon="24.5026200">
    <ele>1170.6</ele>
   </trkpt>
   <trkpt lat="-29.7656010" lon="24.5026660">
    <ele>1170.4</ele>
   </trkpt>
   <trkpt lat="-29.7656040" lon="24.5027100">
    <ele>1170.2</ele>
   </trkpt>
   <trkpt lat="-29.7656080" lon="24.5027550">
    <ele>1170.0</ele>
   </trkpt>
   <trkpt lat="-29.7656130" lon="24.5028080">
    <ele>1169.7</ele>
   </trkpt>
   <trkpt lat="-29.7656160" lon="24.5028590">
    <ele>1169.6</ele>
   </trkpt>
   <trkpt lat="-29.7656250" lon="24.5029140">
    <ele>1169.5</ele>
   </trkpt>
   <trkpt lat="-29.7656360" lon="24.5029690">
    <ele>1169.4</ele>
   </trkpt>
   <trkpt lat="-29.7656390" lon="24.5030250">
    <ele>1169.3</ele>
   </trkpt>
   <trkpt lat="-29.7656410" lon="24.5030780">
    <ele>1169.2</ele>
   </trkpt>
   <trkpt lat="-29.7656470" lon="24.5031330">
    <ele>1169.2</ele>
   </trkpt>
   <trkpt lat="-29.7656540" lon="24.5031860">
    <ele>1169.1</ele>
   </trkpt>
   <trkpt lat="-29.7656570" lon="24.5032390">
    <ele>1169.0</ele>
   </trkpt>
   <trkpt lat="-29.7656630" lon="24.5032960">
    <ele>1168.9</ele>
   </trkpt>
   <trkpt lat="-29.7656710" lon="24.5033500">
    <ele>1168.9</ele>
   </trkpt>
   <trkpt lat="-29.7656700" lon="24.5034010">
    <ele>1168.8</ele>
   </trkpt>
   <trkpt lat="-29.7656750" lon="24.5034530">
    <ele>1168.7</ele>
   </trkpt>
   <trkpt lat="-29.7656790" lon="24.5035080">
    <ele>1168.6</ele>
   </trkpt>
   <trkpt lat="-29.7656870" lon="24.5035620">
    <ele>1168.5</ele>
   </trkpt>
   <trkpt lat="-29.7656800" lon="24.5035980">
    <ele>1168.4</ele>
   </trkpt>
   <trkpt lat="-29.7656770" lon="24.5036120">
    <ele>1168.4</ele>
   </trkpt>
   <trkpt lat="-29.7656740" lon="24.5036470">
    <ele>1168.3</ele>
   </trkpt>
   <trkpt lat="-29.7656750" lon="24.5036970">
    <ele>1168.2</ele>
   </trkpt>
   <trkpt lat="-29.7656740" lon="24.5037570">
    <ele>1168.1</ele>
   </trkpt>
   <trkpt lat="-29.7656770" lon="24.5037980">
    <ele>1168.1</ele>
   </trkpt>
   <trkpt lat="-29.7656850" lon="24.5038560">
    <ele>1168.0</ele>
   </trkpt>
   <trkpt lat="-29.7656860" lon="24.5038880">
    <ele>1167.9</ele>
   </trkpt>
   <trkpt lat="-29.7656840" lon="24.5039400">
    <ele>1167.8</ele>
   </trkpt>
   <trkpt lat="-29.7656800" lon="24.5039840">
    <ele>1167.7</ele>
   </trkpt>
   <trkpt lat="-29.7656900" lon="24.5040330">
    <ele>1167.6</ele>
   </trkpt>
   <trkpt lat="-29.7656970" lon="24.5040880">
    <ele>1167.5</ele>
   </trkpt>
   <trkpt lat="-29.7657300" lon="24.5042250">
    <ele>1167.3</ele>
   </trkpt>
   <trkpt lat="-29.7657330" lon="24.5042770">
    <ele>1167.2</ele>
   </trkpt>
   <trkpt lat="-29.7657370" lon="24.5043270">
    <ele>1167.2</ele>
   </trkpt>
   <trkpt lat="-29.7657410" lon="24.5043780">
    <ele>1167.1</ele>
   </trkpt>
   <trkpt lat="-29.7657490" lon="24.5044230">
    <ele>1167.1</ele>
   </trkpt>
   <trkpt lat="-29.7657520" lon="24.5044760">
    <ele>1167.1</ele>
   </trkpt>
   <trkpt lat="-29.7657540" lon="24.5045210">
    <ele>1167.1</ele>
   </trkpt>
   <trkpt lat="-29.7657580" lon="24.5045670">
    <ele>1167.0</ele>
   </trkpt>
   <trkpt lat="-29.7657580" lon="24.5046030">
    <ele>1167.0</ele>
   </trkpt>
   <trkpt lat="-29.7657690" lon="24.5046600">
    <ele>1167.1</ele>
   </trkpt>
   <trkpt lat="-29.7657730" lon="24.5047040">
    <ele>1167.1</ele>
   </trkpt>
   <trkpt lat="-29.7657780" lon="24.5047550">
    <ele>1167.1</ele>
   </trkpt>
   <trkpt lat="-29.7657860" lon="24.5047990">
    <ele>1167.2</ele>
   </trkpt>
   <trkpt lat="-29.7657870" lon="24.5048410">
    <ele>1167.2</ele>
   </trkpt>
   <trkpt lat="-29.7657900" lon="24.5048880">
    <ele>1167.3</ele>
   </trkpt>
   <trkpt lat="-29.7657940" lon="24.5049340">
    <ele>1167.3</ele>
   </trkpt>
   <trkpt lat="-29.7658010" lon="24.5049820">
    <ele>1167.4</ele>
   </trkpt>
   <trkpt lat="-29.7658040" lon="24.5050300">
    <ele>1167.5</ele>
   </trkpt>
   <trkpt lat="-29.7658060" lon="24.5050760">
    <ele>1167.7</ele>
   </trkpt>
   <trkpt lat="-29.7657980" lon="24.5051140">
    <ele>1167.8</ele>
   </trkpt>
   <trkpt lat="-29.7657970" lon="24.5051400">
    <ele>1167.9</ele>
   </trkpt>
   <trkpt lat="-29.7657980" lon="24.5051560">
    <ele>1167.9</ele>
   </trkpt>
   <trkpt lat="-29.7657950" lon="24.5051900">
    <ele>1168.0</ele>
   </trkpt>
   <trkpt lat="-29.7657920" lon="24.5052220">
    <ele>1168.1</ele>
   </trkpt>
   <trkpt lat="-29.7657960" lon="24.5052540">
    <ele>1168.2</ele>
   </trkpt>
   <trkpt lat="-29.7658000" lon="24.5052870">
    <ele>1168.2</ele>
   </trkpt>
   <trkpt lat="-29.7658030" lon="24.5053210">
    <ele>1168.2</ele>
   </trkpt>
   <trkpt lat="-29.7658050" lon="24.5053560">
    <ele>1168.2</ele>
   </trkpt>
   <trkpt lat="-29.7658030" lon="24.5053910">
    <ele>1168.2</ele>
   </trkpt>
   <trkpt lat="-29.7658000" lon="24.5054300">
    <ele>1168.1</ele>
   </trkpt>
   <trkpt lat="-29.7657970" lon="24.5054680">
    <ele>1168.1</ele>
   </trkpt>
   <trkpt lat="-29.7658040" lon="24.5055060">
    <ele>1168.0</ele>
   </trkpt>
   <trkpt lat="-29.7658040" lon="24.5055420">
    <ele>1167.9</ele>
   </trkpt>
   <trkpt lat="-29.7657990" lon="24.5055950">
    <ele>1167.8</ele>
   </trkpt>
   <trkpt lat="-29.7657980" lon="24.5056280">
    <ele>1167.8</ele>
   </trkpt>
   <trkpt lat="-29.7658000" lon="24.5056840">
    <ele>1167.7</ele>
   </trkpt>
   <trkpt lat="-29.7658030" lon="24.5057130">
    <ele>1167.6</ele>
   </trkpt>
   <trkpt lat="-29.7658000" lon="24.5057520">
    <ele>1167.6</ele>
   </trkpt>
   <trkpt lat="-29.7658170" lon="24.5058000">
    <ele>1167.5</ele>
   </trkpt>
   <trkpt lat="-29.7658290" lon="24.5058570">
    <ele>1167.5</ele>
   </trkpt>
   <trkpt lat="-29.7658380" lon="24.5058970">
    <ele>1167.5</ele>
   </trkpt>
   <trkpt lat="-29.7658530" lon="24.5059560">
    <ele>1167.6</ele>
   </trkpt>
   <trkpt lat="-29.7658710" lon="24.5060030">
    <ele>1167.6</ele>
   </trkpt>
   <trkpt lat="-29.7658960" lon="24.5060520">
    <ele>1167.6</ele>
   </trkpt>
   <trkpt lat="-29.7659120" lon="24.5060950">
    <ele>1167.6</ele>
   </trkpt>
   <trkpt lat="-29.7659410" lon="24.5061410">
    <ele>1167.5</ele>
   </trkpt>
   <trkpt lat="-29.7659590" lon="24.5061770">
    <ele>1167.5</ele>
   </trkpt>
   <trkpt lat="-29.7659710" lon="24.5062120">
    <ele>1167.5</ele>
   </trkpt>
   <trkpt lat="-29.7659950" lon="24.5062560">
    <ele>1167.4</ele>
   </trkpt>
   <trkpt lat="-29.7660150" lon="24.5062950">
    <ele>1167.3</ele>
   </trkpt>
   <trkpt lat="-29.7660430" lon="24.5063420">
    <ele>1167.2</ele>
   </trkpt>
   <trkpt lat="-29.7660670" lon="24.5063740">
    <ele>1167.0</ele>
   </trkpt>
   <trkpt lat="-29.7661060" lon="24.5064350">
    <ele>1166.6</ele>
   </trkpt>
   <trkpt lat="-29.7661340" lon="24.5064840">
    <ele>1166.2</ele>
   </trkpt>
   <trkpt lat="-29.7662940" lon="24.5066630">
    <ele>1163.6</ele>
   </trkpt>
   <trkpt lat="-29.7663120" lon="24.5066890">
    <ele>1163.2</ele>
   </trkpt>
   <trkpt lat="-29.7663530" lon="24.5067490">
    <ele>1162.3</ele>
   </trkpt>
   <trkpt lat="-29.7663960" lon="24.5068140">
    <ele>1161.4</ele>
   </trkpt>
   <trkpt lat="-29.7664420" lon="24.5068850">
    <ele>1160.6</ele>
   </trkpt>
   <trkpt lat="-29.7664880" lon="24.5069520">
    <ele>1160.0</ele>
   </trkpt>
   <trkpt lat="-29.7665420" lon="24.5070240">
    <ele>1159.4</ele>
   </trkpt>
   <trkpt lat="-29.7665960" lon="24.5070850">
    <ele>1159.0</ele>
   </trkpt>
   <trkpt lat="-29.7666440" lon="24.5071470">
    <ele>1158.6</ele>
   </trkpt>
   <trkpt lat="-29.7666810" lon="24.5072140">
    <ele>1158.4</ele>
   </trkpt>
   <trkpt lat="-29.7667230" lon="24.5072880">
    <ele>1158.2</ele>
   </trkpt>
   <trkpt lat="-29.7667620" lon="24.5073490">
    <ele>1158.1</ele>
   </trkpt>
   <trkpt lat="-29.7668050" lon="24.5074070">
    <ele>1158.0</ele>
   </trkpt>
   <trkpt lat="-29.7668460" lon="24.5074630">
    <ele>1157.9</ele>
   </trkpt>
   <trkpt lat="-29.7668830" lon="24.5075230">
    <ele>1157.9</ele>
   </trkpt>
   <trkpt lat="-29.7669230" lon="24.5075810">
    <ele>1157.9</ele>
   </trkpt>
   <trkpt lat="-29.7669640" lon="24.5076340">
    <ele>1157.9</ele>
   </trkpt>
   <trkpt lat="-29.7670070" lon="24.5076870">
    <ele>1157.9</ele>
   </trkpt>
   <trkpt lat="-29.7670480" lon="24.5077400">
    <ele>1157.9</ele>
   </trkpt>
   <trkpt lat="-29.7670850" lon="24.5077880">
    <ele>1157.9</ele>
   </trkpt>
   <trkpt lat="-29.7671410" lon="24.5078550">
    <ele>1157.9</ele>
   </trkpt>
   <trkpt lat="-29.7671830" lon="24.5078980">
    <ele>1158.0</ele>
   </trkpt>
   <trkpt lat="-29.7672230" lon="24.5079370">
    <ele>1158.0</ele>
   </trkpt>
   <trkpt lat="-29.7672580" lon="24.5079700">
    <ele>1158.0</ele>
   </trkpt>
   <trkpt lat="-29.7672900" lon="24.5079960">
    <ele>1157.9</ele>
   </trkpt>
   <trkpt lat="-29.7673160" lon="24.5080140">
    <ele>1157.9</ele>
   </trkpt>
   <trkpt lat="-29.7673090" lon="24.5080160">
    <ele>1157.9</ele>
   </trkpt>
   <trkpt lat="-29.7673180" lon="24.5080200">
    <ele>1157.9</ele>
   </trkpt>
   <trkpt lat="-29.7673080" lon="24.5080210">
    <ele>1157.9</ele>
   </trkpt>
   <trkpt lat="-29.7673060" lon="24.5080160">
    <ele>1157.9</ele>
   </trkpt>
   <trkpt lat="-29.7673060" lon="24.5080210">
    <ele>1157.9</ele>
   </trkpt>
   <trkpt lat="-29.7673060" lon="24.5080160">
    <ele>1157.9</ele>
   </trkpt>
   <trkpt lat="-29.7673070" lon="24.5080170">
    <ele>1157.9</ele>
   </trkpt>
   <trkpt lat="-29.7673070" lon="24.5080160">
    <ele>1157.9</ele>
   </trkpt>
   <trkpt lat="-29.7673070" lon="24.5080190">
    <ele>1157.9</ele>
   </trkpt>
   <trkpt lat="-29.7673040" lon="24.5080190">
    <ele>1157.9</ele>
   </trkpt>
   <trkpt lat="-29.7673050" lon="24.5080200">
    <ele>1157.9</ele>
   </trkpt>
   <trkpt lat="-29.7673050" lon="24.5080360">
    <ele>1157.9</ele>
   </trkpt>
   <trkpt lat="-29.7673220" lon="24.5080260">
    <ele>1157.9</ele>
   </trkpt>
   <trkpt lat="-29.7673370" lon="24.5080410">
    <ele>1157.9</ele>
   </trkpt>
   <trkpt lat="-29.7673490" lon="24.5080510">
    <ele>1157.8</ele>
   </trkpt>
   <trkpt lat="-29.7673580" lon="24.5080600">
    <ele>1157.8</ele>
   </trkpt>
   <trkpt lat="-29.7673610" lon="24.5080730">
    <ele>1157.8</ele>
   </trkpt>
   <trkpt lat="-29.7673680" lon="24.5080790">
    <ele>1157.8</ele>
   </trkpt>
   <trkpt lat="-29.7673740" lon="24.5080870">
    <ele>1157.8</ele>
   </trkpt>
   <trkpt lat="-29.7673820" lon="24.5080960">
    <ele>1157.8</ele>
   </trkpt>
   <trkpt lat="-29.7673940" lon="24.5081070">
    <ele>1157.7</ele>
   </trkpt>
   <trkpt lat="-29.7674080" lon="24.5081120">
    <ele>1157.7</ele>
   </trkpt>
   <trkpt lat="-29.7674350" lon="24.5081230">
    <ele>1157.7</ele>
   </trkpt>
   <trkpt lat="-29.7674450" lon="24.5081260">
    <ele>1157.6</ele>
   </trkpt>
   <trkpt lat="-29.7674790" lon="24.5081340">
    <ele>1157.6</ele>
   </trkpt>
   <trkpt lat="-29.7674910" lon="24.5081340">
    <ele>1157.5</ele>
   </trkpt>
   <trkpt lat="-29.7675290" lon="24.5081420">
    <ele>1157.5</ele>
   </trkpt>
   <trkpt lat="-29.7675410" lon="24.5081470">
    <ele>1157.5</ele>
   </trkpt>
   <trkpt lat="-29.7675680" lon="24.5081520">
    <ele>1157.5</ele>
   </trkpt>
   <trkpt lat="-29.7675970" lon="24.5081490">
    <ele>1157.4</ele>
   </trkpt>
   <trkpt lat="-29.7676340" lon="24.5081530">
    <ele>1157.4</ele>
   </trkpt>
   <trkpt lat="-29.7676470" lon="24.5081550">
    <ele>1157.4</ele>
   </trkpt>
   <trkpt lat="-29.7676840" lon="24.5081560">
    <ele>1157.4</ele>
   </trkpt>
   <trkpt lat="-29.7676960" lon="24.5081570">
    <ele>1157.4</ele>
   </trkpt>
   <trkpt lat="-29.7677330" lon="24.5081520">
    <ele>1157.4</ele>
   </trkpt>
   <trkpt lat="-29.7677450" lon="24.5081490">
    <ele>1157.4</ele>
   </trkpt>
   <trkpt lat="-29.7677830" lon="24.5081460">
    <ele>1157.4</ele>
   </trkpt>
   <trkpt lat="-29.7677970" lon="24.5081470">
    <ele>1157.4</ele>
   </trkpt>
   <trkpt lat="-29.7678240" lon="24.5081430">
    <ele>1157.4</ele>
   </trkpt>
   <trkpt lat="-29.7678640" lon="24.5081370">
    <ele>1157.4</ele>
   </trkpt>
   <trkpt lat="-29.7678770" lon="24.5081360">
    <ele>1157.4</ele>
   </trkpt>
   <trkpt lat="-29.7679050" lon="24.5081330">
    <ele>1157.4</ele>
   </trkpt>
   <trkpt lat="-29.7679460" lon="24.5081370">
    <ele>1157.4</ele>
   </trkpt>
   <trkpt lat="-29.7679600" lon="24.5081390">
    <ele>1157.4</ele>
   </trkpt>
   <trkpt lat="-29.7679880" lon="24.5081350">
    <ele>1157.3</ele>
   </trkpt>
   <trkpt lat="-29.7680150" lon="24.5081240">
    <ele>1157.3</ele>
   </trkpt>
   <trkpt lat="-29.7680420" lon="24.5081160">
    <ele>1157.3</ele>
   </trkpt>
   <trkpt lat="-29.7680700" lon="24.5081110">
    <ele>1157.3</ele>
   </trkpt>
   <trkpt lat="-29.7680970" lon="24.5081030">
    <ele>1157.3</ele>
   </trkpt>
   <trkpt lat="-29.7681250" lon="24.5080950">
    <ele>1157.4</ele>
   </trkpt>
   <trkpt lat="-29.7681680" lon="24.5080900">
    <ele>1157.4</ele>
   </trkpt>
   <trkpt lat="-29.7681850" lon="24.5080880">
    <ele>1157.4</ele>
   </trkpt>
   <trkpt lat="-29.7682180" lon="24.5080820">
    <ele>1157.5</ele>
   </trkpt>
   <trkpt lat="-29.7682530" lon="24.5080760">
    <ele>1157.6</ele>
   </trkpt>
   <trkpt lat="-29.7682850" lon="24.5080710">
    <ele>1157.6</ele>
   </trkpt>
   <trkpt lat="-29.7683200" lon="24.5080660">
    <ele>1157.6</ele>
   </trkpt>
   <trkpt lat="-29.7683510" lon="24.5080580">
    <ele>1157.6</ele>
   </trkpt>
   <trkpt lat="-29.7683840" lon="24.5080570">
    <ele>1157.5</ele>
   </trkpt>
   <trkpt lat="-29.7684150" lon="24.5080520">
    <ele>1157.5</ele>
   </trkpt>
   <trkpt lat="-29.7684520" lon="24.5080360">
    <ele>1157.4</ele>
   </trkpt>
   <trkpt lat="-29.7684840" lon="24.5080300">
    <ele>1157.4</ele>
   </trkpt>
   <trkpt lat="-29.7685160" lon="24.5080230">
    <ele>1157.3</ele>
   </trkpt>
   <trkpt lat="-29.7685490" lon="24.5080190">
    <ele>1157.3</ele>
   </trkpt>
   <trkpt lat="-29.7685870" lon="24.5080120">
    <ele>1157.3</ele>
   </trkpt>
   <trkpt lat="-29.7686200" lon="24.5080040">
    <ele>1157.3</ele>
   </trkpt>
   <trkpt lat="-29.7686540" lon="24.5079950">
    <ele>1157.3</ele>
   </trkpt>
   <trkpt lat="-29.7686850" lon="24.5079870">
    <ele>1157.3</ele>
   </trkpt>
   <trkpt lat="-29.7687150" lon="24.5079780">
    <ele>1157.2</ele>
   </trkpt>
   <trkpt lat="-29.7687430" lon="24.5079720">
    <ele>1157.1</ele>
   </trkpt>
   <trkpt lat="-29.7687720" lon="24.5079680">
    <ele>1157.1</ele>
   </trkpt>
   <trkpt lat="-29.7688050" lon="24.5079700">
    <ele>1157.0</ele>
   </trkpt>
   <trkpt lat="-29.7688370" lon="24.5079750">
    <ele>1156.9</ele>
   </trkpt>
   <trkpt lat="-29.7688710" lon="24.5079730">
    <ele>1156.8</ele>
   </trkpt>
   <trkpt lat="-29.7689050" lon="24.5079640">
    <ele>1156.7</ele>
   </trkpt>
   <trkpt lat="-29.7689340" lon="24.5079570">
    <ele>1156.7</ele>
   </trkpt>
   <trkpt lat="-29.7689580" lon="24.5079590">
    <ele>1156.6</ele>
   </trkpt>
   <trkpt lat="-29.7689740" lon="24.5079580">
    <ele>1156.6</ele>
   </trkpt>
   <trkpt lat="-29.7690080" lon="24.5079520">
    <ele>1156.5</ele>
   </trkpt>
   <trkpt lat="-29.7690710" lon="24.5079410">
    <ele>1156.4</ele>
   </trkpt>
   <trkpt lat="-29.7691050" lon="24.5079380">
    <ele>1156.4</ele>
   </trkpt>
   <trkpt lat="-29.7691350" lon="24.5079360">
    <ele>1156.3</ele>
   </trkpt>
   <trkpt lat="-29.7691700" lon="24.5079310">
    <ele>1156.3</ele>
   </trkpt>
   <trkpt lat="-29.7692050" lon="24.5079260">
    <ele>1156.2</ele>
   </trkpt>
   <trkpt lat="-29.7692390" lon="24.5079220">
    <ele>1156.2</ele>
   </trkpt>
   <trkpt lat="-29.7692750" lon="24.5079120">
    <ele>1156.1</ele>
   </trkpt>
   <trkpt lat="-29.7693090" lon="24.5079080">
    <ele>1156.1</ele>
   </trkpt>
   <trkpt lat="-29.7693440" lon="24.5079020">
    <ele>1156.1</ele>
   </trkpt>
   <trkpt lat="-29.7693780" lon="24.5078960">
    <ele>1156.0</ele>
   </trkpt>
   <trkpt lat="-29.7694130" lon="24.5078920">
    <ele>1156.0</ele>
   </trkpt>
   <trkpt lat="-29.7694490" lon="24.5078900">
    <ele>1155.9</ele>
   </trkpt>
   <trkpt lat="-29.7694850" lon="24.5078830">
    <ele>1155.9</ele>
   </trkpt>
   <trkpt lat="-29.7695220" lon="24.5078760">
    <ele>1155.8</ele>
   </trkpt>
   <trkpt lat="-29.7695590" lon="24.5078680">
    <ele>1155.7</ele>
   </trkpt>
   <trkpt lat="-29.7695930" lon="24.5078570">
    <ele>1155.7</ele>
   </trkpt>
   <trkpt lat="-29.7696290" lon="24.5078510">
    <ele>1155.6</ele>
   </trkpt>
   <trkpt lat="-29.7696660" lon="24.5078480">
    <ele>1155.5</ele>
   </trkpt>
   <trkpt lat="-29.7697050" lon="24.5078400">
    <ele>1155.5</ele>
   </trkpt>
   <trkpt lat="-29.7697440" lon="24.5078300">
    <ele>1155.4</ele>
   </trkpt>
   <trkpt lat="-29.7697800" lon="24.5078220">
    <ele>1155.3</ele>
   </trkpt>
   <trkpt lat="-29.7698150" lon="24.5078140">
    <ele>1155.3</ele>
   </trkpt>
   <trkpt lat="-29.7698520" lon="24.5078070">
    <ele>1155.2</ele>
   </trkpt>
   <trkpt lat="-29.7698890" lon="24.5077990">
    <ele>1155.1</ele>
   </trkpt>
   <trkpt lat="-29.7699250" lon="24.5077880">
    <ele>1155.1</ele>
   </trkpt>
   <trkpt lat="-29.7699630" lon="24.5077850">
    <ele>1155.0</ele>
   </trkpt>
   <trkpt lat="-29.7700020" lon="24.5077800">
    <ele>1154.9</ele>
   </trkpt>
   <trkpt lat="-29.7700400" lon="24.5077720">
    <ele>1154.9</ele>
   </trkpt>
   <trkpt lat="-29.7700750" lon="24.5077650">
    <ele>1154.8</ele>
   </trkpt>
   <trkpt lat="-29.7701160" lon="24.5077560">
    <ele>1154.8</ele>
   </trkpt>
   <trkpt lat="-29.7701560" lon="24.5077540">
    <ele>1154.7</ele>
   </trkpt>
   <trkpt lat="-29.7701900" lon="24.5077400">
    <ele>1154.7</ele>
   </trkpt>
   <trkpt lat="-29.7702290" lon="24.5077290">
    <ele>1154.7</ele>
   </trkpt>
   <trkpt lat="-29.7702650" lon="24.5077260">
    <ele>1154.6</ele>
   </trkpt>
   <trkpt lat="-29.7703030" lon="24.5077220">
    <ele>1154.6</ele>
   </trkpt>
   <trkpt lat="-29.7703410" lon="24.5077140">
    <ele>1154.6</ele>
   </trkpt>
   <trkpt lat="-29.7703800" lon="24.5077090">
    <ele>1154.6</ele>
   </trkpt>
   <trkpt lat="-29.7704130" lon="24.5076990">
    <ele>1154.6</ele>
   </trkpt>
   <trkpt lat="-29.7704470" lon="24.5076940">
    <ele>1154.7</ele>
   </trkpt>
   <trkpt lat="-29.7704800" lon="24.5076940">
    <ele>1154.7</ele>
   </trkpt>
   <trkpt lat="-29.7705150" lon="24.5076920">
    <ele>1154.7</ele>
   </trkpt>
   <trkpt lat="-29.7705540" lon="24.5076840">
    <ele>1154.7</ele>
   </trkpt>
   <trkpt lat="-29.7705920" lon="24.5076790">
    <ele>1154.7</ele>
   </trkpt>
   <trkpt lat="-29.7706310" lon="24.5076720">
    <ele>1154.7</ele>
   </trkpt>
   <trkpt lat="-29.7706710" lon="24.5076670">
    <ele>1154.8</ele>
   </trkpt>
   <trkpt lat="-29.7707100" lon="24.5076620">
    <ele>1154.8</ele>
   </trkpt>
   <trkpt lat="-29.7707490" lon="24.5076560">
    <ele>1154.8</ele>
   </trkpt>
   <trkpt lat="-29.7707880" lon="24.5076570">
    <ele>1154.8</ele>
   </trkpt>
   <trkpt lat="-29.7708290" lon="24.5076470">
    <ele>1154.8</ele>
   </trkpt>
   <trkpt lat="-29.7708710" lon="24.5076380">
    <ele>1154.8</ele>
   </trkpt>
   <trkpt lat="-29.7709110" lon="24.5076300">
    <ele>1154.9</ele>
   </trkpt>
   <trkpt lat="-29.7709490" lon="24.5076250">
    <ele>1154.9</ele>
   </trkpt>
   <trkpt lat="-29.7709880" lon="24.5076200">
    <ele>1154.9</ele>
   </trkpt>
   <trkpt lat="-29.7710250" lon="24.5076130">
    <ele>1154.8</ele>
   </trkpt>
   <trkpt lat="-29.7710640" lon="24.5076010">
    <ele>1154.8</ele>
   </trkpt>
   <trkpt lat="-29.7711040" lon="24.5075870">
    <ele>1154.8</ele>
   </trkpt>
   <trkpt lat="-29.7711450" lon="24.5075830">
    <ele>1154.8</ele>
   </trkpt>
   <trkpt lat="-29.7711880" lon="24.5075730">
    <ele>1154.8</ele>
   </trkpt>
   <trkpt lat="-29.7712280" lon="24.5075640">
    <ele>1154.8</ele>
   </trkpt>
   <trkpt lat="-29.7712680" lon="24.5075590">
    <ele>1154.8</ele>
   </trkpt>
   <trkpt lat="-29.7713070" lon="24.5075490">
    <ele>1154.9</ele>
   </trkpt>
   <trkpt lat="-29.7713440" lon="24.5075400">
    <ele>1154.9</ele>
   </trkpt>
   <trkpt lat="-29.7713800" lon="24.5075350">
    <ele>1154.9</ele>
   </trkpt>
   <trkpt lat="-29.7714170" lon="24.5075350">
    <ele>1154.9</ele>
   </trkpt>
   <trkpt lat="-29.7714550" lon="24.5075250">
    <ele>1155.0</ele>
   </trkpt>
   <trkpt lat="-29.7714920" lon="24.5075160">
    <ele>1155.0</ele>
   </trkpt>
   <trkpt lat="-29.7715310" lon="24.5075130">
    <ele>1155.0</ele>
   </trkpt>
   <trkpt lat="-29.7715730" lon="24.5075070">
    <ele>1155.0</ele>
   </trkpt>
   <trkpt lat="-29.7716170" lon="24.5075020">
    <ele>1155.0</ele>
   </trkpt>
   <trkpt lat="-29.7716610" lon="24.5074980">
    <ele>1155.0</ele>
   </trkpt>
   <trkpt lat="-29.7717020" lon="24.5074960">
    <ele>1155.0</ele>
   </trkpt>
   <trkpt lat="-29.7717430" lon="24.5074910">
    <ele>1155.0</ele>
   </trkpt>
   <trkpt lat="-29.7717850" lon="24.5074850">
    <ele>1155.0</ele>
   </trkpt>
   <trkpt lat="-29.7718240" lon="24.5074810">
    <ele>1155.0</ele>
   </trkpt>
   <trkpt lat="-29.7718600" lon="24.5074750">
    <ele>1155.0</ele>
   </trkpt>
   <trkpt lat="-29.7718950" lon="24.5074680">
    <ele>1155.1</ele>
   </trkpt>
   <trkpt lat="-29.7719340" lon="24.5074690">
    <ele>1155.1</ele>
   </trkpt>
   <trkpt lat="-29.7719730" lon="24.5074710">
    <ele>1155.1</ele>
   </trkpt>
   <trkpt lat="-29.7720120" lon="24.5074640">
    <ele>1155.1</ele>
   </trkpt>
   <trkpt lat="-29.7720520" lon="24.5074550">
    <ele>1155.2</ele>
   </trkpt>
   <trkpt lat="-29.7720910" lon="24.5074520">
    <ele>1155.2</ele>
   </trkpt>
   <trkpt lat="-29.7721310" lon="24.5074530">
    <ele>1155.2</ele>
   </trkpt>
   <trkpt lat="-29.7721730" lon="24.5074470">
    <ele>1155.2</ele>
   </trkpt>
   <trkpt lat="-29.7722140" lon="24.5074380">
    <ele>1155.2</ele>
   </trkpt>
   <trkpt lat="-29.7722530" lon="24.5074340">
    <ele>1155.2</ele>
   </trkpt>
   <trkpt lat="-29.7722960" lon="24.5074300">
    <ele>1155.2</ele>
   </trkpt>
   <trkpt lat="-29.7723390" lon="24.5074270">
    <ele>1155.2</ele>
   </trkpt>
   <trkpt lat="-29.7723820" lon="24.5074190">
    <ele>1155.2</ele>
   </trkpt>
   <trkpt lat="-29.7724250" lon="24.5074120">
    <ele>1155.2</ele>
   </trkpt>
   <trkpt lat="-29.7724670" lon="24.5074050">
    <ele>1155.1</ele>
   </trkpt>
   <trkpt lat="-29.7725110" lon="24.5073970">
    <ele>1155.1</ele>
   </trkpt>
   <trkpt lat="-29.7725530" lon="24.5073930">
    <ele>1155.1</ele>
   </trkpt>
   <trkpt lat="-29.7725960" lon="24.5073830">
    <ele>1155.1</ele>
   </trkpt>
   <trkpt lat="-29.7726390" lon="24.5073790">
    <ele>1155.1</ele>
   </trkpt>
   <trkpt lat="-29.7726840" lon="24.5073700">
    <ele>1155.1</ele>
   </trkpt>
   <trkpt lat="-29.7727290" lon="24.5073650">
    <ele>1155.1</ele>
   </trkpt>
   <trkpt lat="-29.7727730" lon="24.5073550">
    <ele>1155.1</ele>
   </trkpt>
   <trkpt lat="-29.7728160" lon="24.5073440">
    <ele>1155.1</ele>
   </trkpt>
   <trkpt lat="-29.7728610" lon="24.5073390">
    <ele>1155.1</ele>
   </trkpt>
   <trkpt lat="-29.7729040" lon="24.5073340">
    <ele>1155.1</ele>
   </trkpt>
   <trkpt lat="-29.7729490" lon="24.5073270">
    <ele>1155.1</ele>
   </trkpt>
   <trkpt lat="-29.7729920" lon="24.5073200">
    <ele>1155.1</ele>
   </trkpt>
   <trkpt lat="-29.7730360" lon="24.5073100">
    <ele>1155.1</ele>
   </trkpt>
   <trkpt lat="-29.7730770" lon="24.5073040">
    <ele>1155.2</ele>
   </trkpt>
   <trkpt lat="-29.7731210" lon="24.5073010">
    <ele>1155.2</ele>
   </trkpt>
   <trkpt lat="-29.7731650" lon="24.5072960">
    <ele>1155.2</ele>
   </trkpt>
   <trkpt lat="-29.7732100" lon="24.5072870">
    <ele>1155.2</ele>
   </trkpt>
   <trkpt lat="-29.7732540" lon="24.5072810">
    <ele>1155.2</ele>
   </trkpt>
   <trkpt lat="-29.7732980" lon="24.5072700">
    <ele>1155.2</ele>
   </trkpt>
   <trkpt lat="-29.7733400" lon="24.5072560">
    <ele>1155.2</ele>
   </trkpt>
   <trkpt lat="-29.7733860" lon="24.5072510">
    <ele>1155.2</ele>
   </trkpt>
   <trkpt lat="-29.7734300" lon="24.5072490">
    <ele>1155.2</ele>
   </trkpt>
   <trkpt lat="-29.7734740" lon="24.5072400">
    <ele>1155.2</ele>
   </trkpt>
   <trkpt lat="-29.7735140" lon="24.5072280">
    <ele>1155.2</ele>
   </trkpt>
   <trkpt lat="-29.7735520" lon="24.5072230">
    <ele>1155.2</ele>
   </trkpt>
   <trkpt lat="-29.7735910" lon="24.5072170">
    <ele>1155.2</ele>
   </trkpt>
   <trkpt lat="-29.7736290" lon="24.5072110">
    <ele>1155.2</ele>
   </trkpt>
   <trkpt lat="-29.7736670" lon="24.5072060">
    <ele>1155.2</ele>
   </trkpt>
   <trkpt lat="-29.7737010" lon="24.5072000">
    <ele>1155.2</ele>
   </trkpt>
   <trkpt lat="-29.7737430" lon="24.5071910">
    <ele>1155.2</ele>
   </trkpt>
   <trkpt lat="-29.7737840" lon="24.5071850">
    <ele>1155.2</ele>
   </trkpt>
   <trkpt lat="-29.7738260" lon="24.5071810">
    <ele>1155.2</ele>
   </trkpt>
   <trkpt lat="-29.7738690" lon="24.5071730">
    <ele>1155.2</ele>
   </trkpt>
   <trkpt lat="-29.7739130" lon="24.5071670">
    <ele>1155.1</ele>
   </trkpt>
   <trkpt lat="-29.7739590" lon="24.5071610">
    <ele>1155.1</ele>
   </trkpt>
   <trkpt lat="-29.7740070" lon="24.5071590">
    <ele>1155.0</ele>
   </trkpt>
   <trkpt lat="-29.7740540" lon="24.5071520">
    <ele>1155.0</ele>
   </trkpt>
   <trkpt lat="-29.7741010" lon="24.5071430">
    <ele>1154.9</ele>
   </trkpt>
   <trkpt lat="-29.7741460" lon="24.5071340">
    <ele>1154.9</ele>
   </trkpt>
   <trkpt lat="-29.7741930" lon="24.5071250">
    <ele>1154.8</ele>
   </trkpt>
   <trkpt lat="-29.7742410" lon="24.5071130">
    <ele>1154.8</ele>
   </trkpt>
   <trkpt lat="-29.7742880" lon="24.5071100">
    <ele>1154.7</ele>
   </trkpt>
   <trkpt lat="-29.7743350" lon="24.5071000">
    <ele>1154.6</ele>
   </trkpt>
   <trkpt lat="-29.7743810" lon="24.5070910">
    <ele>1154.6</ele>
   </trkpt>
   <trkpt lat="-29.7744250" lon="24.5070880">
    <ele>1154.6</ele>
   </trkpt>
   <trkpt lat="-29.7744670" lon="24.5070790">
    <ele>1154.6</ele>
   </trkpt>
   <trkpt lat="-29.7745090" lon="24.5070750">
    <ele>1154.6</ele>
   </trkpt>
   <trkpt lat="-29.7745530" lon="24.5070720">
    <ele>1154.7</ele>
   </trkpt>
   <trkpt lat="-29.7745930" lon="24.5070650">
    <ele>1154.7</ele>
   </trkpt>
   <trkpt lat="-29.7746310" lon="24.5070610">
    <ele>1154.8</ele>
   </trkpt>
   <trkpt lat="-29.7746710" lon="24.5070520">
    <ele>1154.8</ele>
   </trkpt>
   <trkpt lat="-29.7747090" lon="24.5070490">
    <ele>1154.9</ele>
   </trkpt>
   <trkpt lat="-29.7747510" lon="24.5070470">
    <ele>1154.9</ele>
   </trkpt>
   <trkpt lat="-29.7747910" lon="24.5070370">
    <ele>1155.0</ele>
   </trkpt>
   <trkpt lat="-29.7748330" lon="24.5070290">
    <ele>1155.0</ele>
   </trkpt>
   <trkpt lat="-29.7748750" lon="24.5070270">
    <ele>1155.0</ele>
   </trkpt>
   <trkpt lat="-29.7749170" lon="24.5070220">
    <ele>1155.0</ele>
   </trkpt>
   <trkpt lat="-29.7749580" lon="24.5070130">
    <ele>1154.9</ele>
   </trkpt>
   <trkpt lat="-29.7749990" lon="24.5070020">
    <ele>1154.9</ele>
   </trkpt>
   <trkpt lat="-29.7750380" lon="24.5069980">
    <ele>1154.9</ele>
   </trkpt>
   <trkpt lat="-29.7750770" lon="24.5069880">
    <ele>1154.9</ele>
   </trkpt>
   <trkpt lat="-29.7751140" lon="24.5069790">
    <ele>1154.8</ele>
   </trkpt>
   <trkpt lat="-29.7751510" lon="24.5069730">
    <ele>1154.8</ele>
   </trkpt>
   <trkpt lat="-29.7751870" lon="24.5069680">
    <ele>1154.8</ele>
   </trkpt>
   <trkpt lat="-29.7752250" lon="24.5069680">
    <ele>1154.8</ele>
   </trkpt>
   <trkpt lat="-29.7752640" lon="24.5069630">
    <ele>1154.8</ele>
   </trkpt>
   <trkpt lat="-29.7753070" lon="24.5069550">
    <ele>1154.7</ele>
   </trkpt>
   <trkpt lat="-29.7753500" lon="24.5069480">
    <ele>1154.7</ele>
   </trkpt>
   <trkpt lat="-29.7753930" lon="24.5069430">
    <ele>1154.7</ele>
   </trkpt>
   <trkpt lat="-29.7754340" lon="24.5069370">
    <ele>1154.6</ele>
   </trkpt>
   <trkpt lat="-29.7754780" lon="24.5069280">
    <ele>1154.6</ele>
   </trkpt>
   <trkpt lat="-29.7755220" lon="24.5069240">
    <ele>1154.5</ele>
   </trkpt>
   <trkpt lat="-29.7755650" lon="24.5069180">
    <ele>1154.5</ele>
   </trkpt>
   <trkpt lat="-29.7756100" lon="24.5069100">
    <ele>1154.4</ele>
   </trkpt>
   <trkpt lat="-29.7756530" lon="24.5069020">
    <ele>1154.4</ele>
   </trkpt>
   <trkpt lat="-29.7756950" lon="24.5068990">
    <ele>1154.4</ele>
   </trkpt>
   <trkpt lat="-29.7757370" lon="24.5068930">
    <ele>1154.4</ele>
   </trkpt>
   <trkpt lat="-29.7757790" lon="24.5068860">
    <ele>1154.3</ele>
   </trkpt>
   <trkpt lat="-29.7758210" lon="24.5068770">
    <ele>1154.3</ele>
   </trkpt>
   <trkpt lat="-29.7758630" lon="24.5068690">
    <ele>1154.3</ele>
   </trkpt>
   <trkpt lat="-29.7759040" lon="24.5068610">
    <ele>1154.3</ele>
   </trkpt>
   <trkpt lat="-29.7759440" lon="24.5068570">
    <ele>1154.2</ele>
   </trkpt>
   <trkpt lat="-29.7759850" lon="24.5068500">
    <ele>1154.1</ele>
   </trkpt>
   <trkpt lat="-29.7760250" lon="24.5068490">
    <ele>1154.1</ele>
   </trkpt>
   <trkpt lat="-29.7760650" lon="24.5068400">
    <ele>1154.0</ele>
   </trkpt>
   <trkpt lat="-29.7761040" lon="24.5068330">
    <ele>1153.9</ele>
   </trkpt>
   <trkpt lat="-29.7761450" lon="24.5068290">
    <ele>1153.9</ele>
   </trkpt>
   <trkpt lat="-29.7761880" lon="24.5068210">
    <ele>1153.8</ele>
   </trkpt>
   <trkpt lat="-29.7762310" lon="24.5068170">
    <ele>1153.8</ele>
   </trkpt>
   <trkpt lat="-29.7762720" lon="24.5068100">
    <ele>1153.7</ele>
   </trkpt>
   <trkpt lat="-29.7763140" lon="24.5068010">
    <ele>1153.7</ele>
   </trkpt>
   <trkpt lat="-29.7763550" lon="24.5067930">
    <ele>1153.6</ele>
   </trkpt>
   <trkpt lat="-29.7763960" lon="24.5067850">
    <ele>1153.6</ele>
   </trkpt>
   <trkpt lat="-29.7764380" lon="24.5067790">
    <ele>1153.5</ele>
   </trkpt>
   <trkpt lat="-29.7764790" lon="24.5067780">
    <ele>1153.5</ele>
   </trkpt>
   <trkpt lat="-29.7765210" lon="24.5067680">
    <ele>1153.4</ele>
   </trkpt>
   <trkpt lat="-29.7765630" lon="24.5067610">
    <ele>1153.4</ele>
   </trkpt>
   <trkpt lat="-29.7766060" lon="24.5067530">
    <ele>1153.3</ele>
   </trkpt>
   <trkpt lat="-29.7766490" lon="24.5067460">
    <ele>1153.2</ele>
   </trkpt>
   <trkpt lat="-29.7766940" lon="24.5067400">
    <ele>1153.2</ele>
   </trkpt>
   <trkpt lat="-29.7767400" lon="24.5067310">
    <ele>1153.1</ele>
   </trkpt>
   <trkpt lat="-29.7767880" lon="24.5067230">
    <ele>1153.0</ele>
   </trkpt>
   <trkpt lat="-29.7768380" lon="24.5067110">
    <ele>1152.8</ele>
   </trkpt>
   <trkpt lat="-29.7768900" lon="24.5067010">
    <ele>1152.6</ele>
   </trkpt>
   <trkpt lat="-29.7769400" lon="24.5066890">
    <ele>1152.5</ele>
   </trkpt>
   <trkpt lat="-29.7769900" lon="24.5066760">
    <ele>1152.4</ele>
   </trkpt>
   <trkpt lat="-29.7770360" lon="24.5066600">
    <ele>1152.3</ele>
   </trkpt>
   <trkpt lat="-29.7770880" lon="24.5066560">
    <ele>1152.2</ele>
   </trkpt>
   <trkpt lat="-29.7771390" lon="24.5066540">
    <ele>1152.1</ele>
   </trkpt>
   <trkpt lat="-29.7771940" lon="24.5066450">
    <ele>1151.9</ele>
   </trkpt>
   <trkpt lat="-29.7772510" lon="24.5066380">
    <ele>1151.5</ele>
   </trkpt>
   <trkpt lat="-29.7773120" lon="24.5066290">
    <ele>1151.1</ele>
   </trkpt>
   <trkpt lat="-29.7773760" lon="24.5066620">
    <ele>1150.7</ele>
   </trkpt>
   <trkpt lat="-29.7774370" lon="24.5066470">
    <ele>1150.3</ele>
   </trkpt>
   <trkpt lat="-29.7775010" lon="24.5066360">
    <ele>1150.0</ele>
   </trkpt>
   <trkpt lat="-29.7775660" lon="24.5066270">
    <ele>1149.7</ele>
   </trkpt>
   <trkpt lat="-29.7776290" lon="24.5066160">
    <ele>1149.5</ele>
   </trkpt>
   <trkpt lat="-29.7776920" lon="24.5066050">
    <ele>1149.3</ele>
   </trkpt>
   <trkpt lat="-29.7777560" lon="24.5065930">
    <ele>1149.3</ele>
   </trkpt>
   <trkpt lat="-29.7778200" lon="24.5065830">
    <ele>1149.2</ele>
   </trkpt>
   <trkpt lat="-29.7778850" lon="24.5065770">
    <ele>1149.1</ele>
   </trkpt>
   <trkpt lat="-29.7779500" lon="24.5065720">
    <ele>1149.0</ele>
   </trkpt>
   <trkpt lat="-29.7780150" lon="24.5065580">
    <ele>1148.8</ele>
   </trkpt>
   <trkpt lat="-29.7780820" lon="24.5065430">
    <ele>1148.6</ele>
   </trkpt>
   <trkpt lat="-29.7781490" lon="24.5065390">
    <ele>1148.4</ele>
   </trkpt>
   <trkpt lat="-29.7782150" lon="24.5065180">
    <ele>1148.2</ele>
   </trkpt>
   <trkpt lat="-29.7782820" lon="24.5064970">
    <ele>1148.0</ele>
   </trkpt>
   <trkpt lat="-29.7783470" lon="24.5064720">
    <ele>1147.9</ele>
   </trkpt>
   <trkpt lat="-29.7784100" lon="24.5064460">
    <ele>1147.8</ele>
   </trkpt>
   <trkpt lat="-29.7784720" lon="24.5064260">
    <ele>1147.8</ele>
   </trkpt>
   <trkpt lat="-29.7785330" lon="24.5063890">
    <ele>1147.6</ele>
   </trkpt>
   <trkpt lat="-29.7785900" lon="24.5063570">
    <ele>1147.4</ele>
   </trkpt>
   <trkpt lat="-29.7786470" lon="24.5063290">
    <ele>1147.2</ele>
   </trkpt>
   <trkpt lat="-29.7787050" lon="24.5062950">
    <ele>1147.0</ele>
   </trkpt>
   <trkpt lat="-29.7787610" lon="24.5062570">
    <ele>1146.7</ele>
   </trkpt>
   <trkpt lat="-29.7788100" lon="24.5062040">
    <ele>1146.5</ele>
   </trkpt>
   <trkpt lat="-29.7788630" lon="24.5061520">
    <ele>1146.3</ele>
   </trkpt>
   <trkpt lat="-29.7789150" lon="24.5060990">
    <ele>1146.1</ele>
   </trkpt>
   <trkpt lat="-29.7789650" lon="24.5060510">
    <ele>1146.1</ele>
   </trkpt>
   <trkpt lat="-29.7790140" lon="24.5059990">
    <ele>1146.1</ele>
   </trkpt>
   <trkpt lat="-29.7790660" lon="24.5059480">
    <ele>1146.1</ele>
   </trkpt>
   <trkpt lat="-29.7791170" lon="24.5058950">
    <ele>1146.1</ele>
   </trkpt>
   <trkpt lat="-29.7791640" lon="24.5058430">
    <ele>1146.1</ele>
   </trkpt>
   <trkpt lat="-29.7792110" lon="24.5057910">
    <ele>1146.0</ele>
   </trkpt>
   <trkpt lat="-29.7792600" lon="24.5057430">
    <ele>1146.0</ele>
   </trkpt>
   <trkpt lat="-29.7793050" lon="24.5056940">
    <ele>1145.9</ele>
   </trkpt>
   <trkpt lat="-29.7793520" lon="24.5056450">
    <ele>1145.7</ele>
   </trkpt>
   <trkpt lat="-29.7793990" lon="24.5056010">
    <ele>1145.6</ele>
   </trkpt>
   <trkpt lat="-29.7794450" lon="24.5055530">
    <ele>1145.5</ele>
   </trkpt>
   <trkpt lat="-29.7794930" lon="24.5055050">
    <ele>1145.4</ele>
   </trkpt>
   <trkpt lat="-29.7795390" lon="24.5054580">
    <ele>1145.3</ele>
   </trkpt>
   <trkpt lat="-29.7795850" lon="24.5054140">
    <ele>1145.3</ele>
   </trkpt>
   <trkpt lat="-29.7796300" lon="24.5053680">
    <ele>1145.2</ele>
   </trkpt>
   <trkpt lat="-29.7796760" lon="24.5053270">
    <ele>1145.2</ele>
   </trkpt>
   <trkpt lat="-29.7797220" lon="24.5052830">
    <ele>1145.2</ele>
   </trkpt>
   <trkpt lat="-29.7797640" lon="24.5052430">
    <ele>1145.3</ele>
   </trkpt>
   <trkpt lat="-29.7798080" lon="24.5052040">
    <ele>1145.4</ele>
   </trkpt>
   <trkpt lat="-29.7798500" lon="24.5051670">
    <ele>1145.4</ele>
   </trkpt>
   <trkpt lat="-29.7798920" lon="24.5051310">
    <ele>1145.4</ele>
   </trkpt>
   <trkpt lat="-29.7799310" lon="24.5050940">
    <ele>1145.4</ele>
   </trkpt>
   <trkpt lat="-29.7799710" lon="24.5050550">
    <ele>1145.3</ele>
   </trkpt>
   <trkpt lat="-29.7800120" lon="24.5050210">
    <ele>1145.3</ele>
   </trkpt>
   <trkpt lat="-29.7800530" lon="24.5049870">
    <ele>1145.2</ele>
   </trkpt>
   <trkpt lat="-29.7800910" lon="24.5049460">
    <ele>1145.2</ele>
   </trkpt>
   <trkpt lat="-29.7801300" lon="24.5049080">
    <ele>1145.2</ele>
   </trkpt>
   <trkpt lat="-29.7801690" lon="24.5048710">
    <ele>1145.2</ele>
   </trkpt>
   <trkpt lat="-29.7802090" lon="24.5048330">
    <ele>1145.1</ele>
   </trkpt>
   <trkpt lat="-29.7802530" lon="24.5047980">
    <ele>1145.1</ele>
   </trkpt>
   <trkpt lat="-29.7802950" lon="24.5047660">
    <ele>1145.0</ele>
   </trkpt>
   <trkpt lat="-29.7803360" lon="24.5047320">
    <ele>1144.9</ele>
   </trkpt>
   <trkpt lat="-29.7803770" lon="24.5046980">
    <ele>1144.8</ele>
   </trkpt>
   <trkpt lat="-29.7804170" lon="24.5046630">
    <ele>1144.8</ele>
   </trkpt>
   <trkpt lat="-29.7804590" lon="24.5046290">
    <ele>1144.7</ele>
   </trkpt>
   <trkpt lat="-29.7805020" lon="24.5045960">
    <ele>1144.6</ele>
   </trkpt>
   <trkpt lat="-29.7805460" lon="24.5045690">
    <ele>1144.5</ele>
   </trkpt>
   <trkpt lat="-29.7805900" lon="24.5045380">
    <ele>1144.4</ele>
   </trkpt>
   <trkpt lat="-29.7806320" lon="24.5045050">
    <ele>1144.4</ele>
   </trkpt>
   <trkpt lat="-29.7806780" lon="24.5044760">
    <ele>1144.3</ele>
   </trkpt>
   <trkpt lat="-29.7807210" lon="24.5044430">
    <ele>1144.3</ele>
   </trkpt>
   <trkpt lat="-29.7807620" lon="24.5044060">
    <ele>1144.2</ele>
   </trkpt>
   <trkpt lat="-29.7808030" lon="24.5043690">
    <ele>1144.1</ele>
   </trkpt>
   <trkpt lat="-29.7808480" lon="24.5043360">
    <ele>1144.1</ele>
   </trkpt>
   <trkpt lat="-29.7808910" lon="24.5042980">
    <ele>1144.0</ele>
   </trkpt>
   <trkpt lat="-29.7809330" lon="24.5042570">
    <ele>1143.9</ele>
   </trkpt>
   <trkpt lat="-29.7809750" lon="24.5042160">
    <ele>1143.8</ele>
   </trkpt>
   <trkpt lat="-29.7810160" lon="24.5041740">
    <ele>1143.7</ele>
   </trkpt>
   <trkpt lat="-29.7810520" lon="24.5041270">
    <ele>1143.7</ele>
   </trkpt>
   <trkpt lat="-29.7810840" lon="24.5040760">
    <ele>1143.7</ele>
   </trkpt>
   <trkpt lat="-29.7811110" lon="24.5040240">
    <ele>1143.7</ele>
   </trkpt>
   <trkpt lat="-29.7811320" lon="24.5039670">
    <ele>1143.7</ele>
   </trkpt>
   <trkpt lat="-29.7811540" lon="24.5039060">
    <ele>1143.5</ele>
   </trkpt>
   <trkpt lat="-29.7811680" lon="24.5038380">
    <ele>1143.4</ele>
   </trkpt>
   <trkpt lat="-29.7811800" lon="24.5037730">
    <ele>1143.2</ele>
   </trkpt>
   <trkpt lat="-29.7811770" lon="24.5037060">
    <ele>1143.1</ele>
   </trkpt>
   <trkpt lat="-29.7811850" lon="24.5036430">
    <ele>1143.1</ele>
   </trkpt>
   <trkpt lat="-29.7811830" lon="24.5035780">
    <ele>1143.1</ele>
   </trkpt>
   <trkpt lat="-29.7811820" lon="24.5035190">
    <ele>1143.2</ele>
   </trkpt>
   <trkpt lat="-29.7811780" lon="24.5034570">
    <ele>1143.3</ele>
   </trkpt>
   <trkpt lat="-29.7811840" lon="24.5034020">
    <ele>1143.4</ele>
   </trkpt>
   <trkpt lat="-29.7812010" lon="24.5033490">
    <ele>1143.5</ele>
   </trkpt>
   <trkpt lat="-29.7812230" lon="24.5033040">
    <ele>1143.6</ele>
   </trkpt>
   <trkpt lat="-29.7812450" lon="24.5032620">
    <ele>1143.6</ele>
   </trkpt>
   <trkpt lat="-29.7812690" lon="24.5032260">
    <ele>1143.7</ele>
   </trkpt>
   <trkpt lat="-29.7813040" lon="24.5031990">
    <ele>1143.6</ele>
   </trkpt>
   <trkpt lat="-29.7813350" lon="24.5031740">
    <ele>1143.6</ele>
   </trkpt>
   <trkpt lat="-29.7813680" lon="24.5031590">
    <ele>1143.5</ele>
   </trkpt>
   <trkpt lat="-29.7814020" lon="24.5031540">
    <ele>1143.4</ele>
   </trkpt>
   <trkpt lat="-29.7814400" lon="24.5031500">
    <ele>1143.2</ele>
   </trkpt>
   <trkpt lat="-29.7814820" lon="24.5031400">
    <ele>1143.0</ele>
   </trkpt>
   <trkpt lat="-29.7815260" lon="24.5031240">
    <ele>1142.7</ele>
   </trkpt>
   <trkpt lat="-29.7815730" lon="24.5031090">
    <ele>1142.4</ele>
   </trkpt>
   <trkpt lat="-29.7816190" lon="24.5030950">
    <ele>1142.1</ele>
   </trkpt>
   <trkpt lat="-29.7816680" lon="24.5030800">
    <ele>1141.8</ele>
   </trkpt>
   <trkpt lat="-29.7817200" lon="24.5030630">
    <ele>1141.6</ele>
   </trkpt>
   <trkpt lat="-29.7817740" lon="24.5030430">
    <ele>1141.3</ele>
   </trkpt>
   <trkpt lat="-29.7818280" lon="24.5030280">
    <ele>1141.1</ele>
   </trkpt>
   <trkpt lat="-29.7818830" lon="24.5030140">
    <ele>1140.9</ele>
   </trkpt>
   <trkpt lat="-29.7819360" lon="24.5030000">
    <ele>1140.7</ele>
   </trkpt>
   <trkpt lat="-29.7819940" lon="24.5029870">
    <ele>1140.5</ele>
   </trkpt>
   <trkpt lat="-29.7820480" lon="24.5029750">
    <ele>1140.3</ele>
   </trkpt>
   <trkpt lat="-29.7821040" lon="24.5029640">
    <ele>1140.2</ele>
   </trkpt>
   <trkpt lat="-29.7821610" lon="24.5029550">
    <ele>1140.0</ele>
   </trkpt>
   <trkpt lat="-29.7822180" lon="24.5029360">
    <ele>1139.9</ele>
   </trkpt>
   <trkpt lat="-29.7822740" lon="24.5029200">
    <ele>1139.8</ele>
   </trkpt>
   <trkpt lat="-29.7823290" lon="24.5029020">
    <ele>1139.7</ele>
   </trkpt>
   <trkpt lat="-29.7823860" lon="24.5028920">
    <ele>1139.6</ele>
   </trkpt>
   <trkpt lat="-29.7824430" lon="24.5028820">
    <ele>1139.6</ele>
   </trkpt>
   <trkpt lat="-29.7825000" lon="24.5028760">
    <ele>1139.5</ele>
   </trkpt>
   <trkpt lat="-29.7825580" lon="24.5028730">
    <ele>1139.5</ele>
   </trkpt>
   <trkpt lat="-29.7826130" lon="24.5028680">
    <ele>1139.4</ele>
   </trkpt>
   <trkpt lat="-29.7826650" lon="24.5028570">
    <ele>1139.4</ele>
   </trkpt>
   <trkpt lat="-29.7827160" lon="24.5028290">
    <ele>1139.4</ele>
   </trkpt>
   <trkpt lat="-29.7827660" lon="24.5028200">
    <ele>1139.3</ele>
   </trkpt>
   <trkpt lat="-29.7828170" lon="24.5028120">
    <ele>1139.3</ele>
   </trkpt>
   <trkpt lat="-29.7828640" lon="24.5028000">
    <ele>1139.2</ele>
   </trkpt>
   <trkpt lat="-29.7829120" lon="24.5027930">
    <ele>1139.2</ele>
   </trkpt>
   <trkpt lat="-29.7829550" lon="24.5027840">
    <ele>1139.1</ele>
   </trkpt>
   <trkpt lat="-29.7829980" lon="24.5027730">
    <ele>1139.0</ele>
   </trkpt>
   <trkpt lat="-29.7830430" lon="24.5027570">
    <ele>1138.9</ele>
   </trkpt>
   <trkpt lat="-29.7830910" lon="24.5027430">
    <ele>1138.8</ele>
   </trkpt>
   <trkpt lat="-29.7831400" lon="24.5027340">
    <ele>1138.7</ele>
   </trkpt>
   <trkpt lat="-29.7831890" lon="24.5027310">
    <ele>1138.6</ele>
   </trkpt>
   <trkpt lat="-29.7832380" lon="24.5027210">
    <ele>1138.5</ele>
   </trkpt>
   <trkpt lat="-29.7832880" lon="24.5027130">
    <ele>1138.4</ele>
   </trkpt>
   <trkpt lat="-29.7833370" lon="24.5027070">
    <ele>1138.4</ele>
   </trkpt>
   <trkpt lat="-29.7833860" lon="24.5027000">
    <ele>1138.3</ele>
   </trkpt>
   <trkpt lat="-29.7834350" lon="24.5026940">
    <ele>1138.3</ele>
   </trkpt>
   <trkpt lat="-29.7834830" lon="24.5026870">
    <ele>1138.2</ele>
   </trkpt>
   <trkpt lat="-29.7835300" lon="24.5026790">
    <ele>1138.1</ele>
   </trkpt>
   <trkpt lat="-29.7835770" lon="24.5026750">
    <ele>1138.1</ele>
   </trkpt>
   <trkpt lat="-29.7836270" lon="24.5026740">
    <ele>1138.0</ele>
   </trkpt>
   <trkpt lat="-29.7836770" lon="24.5026680">
    <ele>1137.9</ele>
   </trkpt>
   <trkpt lat="-29.7837250" lon="24.5026590">
    <ele>1137.8</ele>
   </trkpt>
   <trkpt lat="-29.7837750" lon="24.5026510">
    <ele>1137.7</ele>
   </trkpt>
   <trkpt lat="-29.7838250" lon="24.5026450">
    <ele>1137.7</ele>
   </trkpt>
   <trkpt lat="-29.7838750" lon="24.5026380">
    <ele>1137.6</ele>
   </trkpt>
   <trkpt lat="-29.7839250" lon="24.5026350">
    <ele>1137.5</ele>
   </trkpt>
   <trkpt lat="-29.7839760" lon="24.5026280">
    <ele>1137.4</ele>
   </trkpt>
   <trkpt lat="-29.7840270" lon="24.5026230">
    <ele>1137.4</ele>
   </trkpt>
   <trkpt lat="-29.7840770" lon="24.5026150">
    <ele>1137.3</ele>
   </trkpt>
   <trkpt lat="-29.7841270" lon="24.5026080">
    <ele>1137.3</ele>
   </trkpt>
   <trkpt lat="-29.7841760" lon="24.5025990">
    <ele>1137.2</ele>
   </trkpt>
   <trkpt lat="-29.7842250" lon="24.5025860">
    <ele>1137.1</ele>
   </trkpt>
   <trkpt lat="-29.7842730" lon="24.5025750">
    <ele>1137.1</ele>
   </trkpt>
   <trkpt lat="-29.7843210" lon="24.5025600">
    <ele>1137.0</ele>
   </trkpt>
   <trkpt lat="-29.7843720" lon="24.5025460">
    <ele>1136.9</ele>
   </trkpt>
   <trkpt lat="-29.7844200" lon="24.5025240">
    <ele>1136.7</ele>
   </trkpt>
   <trkpt lat="-29.7844660" lon="24.5024960">
    <ele>1136.7</ele>
   </trkpt>
   <trkpt lat="-29.7845130" lon="24.5024700">
    <ele>1136.6</ele>
   </trkpt>
   <trkpt lat="-29.7845600" lon="24.5024370">
    <ele>1136.5</ele>
   </trkpt>
   <trkpt lat="-29.7846040" lon="24.5024000">
    <ele>1136.4</ele>
   </trkpt>
   <trkpt lat="-29.7846470" lon="24.5023620">
    <ele>1136.3</ele>
   </trkpt>
   <trkpt lat="-29.7846890" lon="24.5023250">
    <ele>1136.2</ele>
   </trkpt>
   <trkpt lat="-29.7847300" lon="24.5022830">
    <ele>1136.1</ele>
   </trkpt>
   <trkpt lat="-29.7847740" lon="24.5022430">
    <ele>1136.0</ele>
   </trkpt>
   <trkpt lat="-29.7848150" lon="24.5022120">
    <ele>1135.9</ele>
   </trkpt>
   <trkpt lat="-29.7848550" lon="24.5021660">
    <ele>1135.8</ele>
   </trkpt>
   <trkpt lat="-29.7848960" lon="24.5021200">
    <ele>1135.7</ele>
   </trkpt>
   <trkpt lat="-29.7849360" lon="24.5020720">
    <ele>1135.7</ele>
   </trkpt>
   <trkpt lat="-29.7849790" lon="24.5020360">
    <ele>1135.6</ele>
   </trkpt>
   <trkpt lat="-29.7850200" lon="24.5019980">
    <ele>1135.5</ele>
   </trkpt>
   <trkpt lat="-29.7850660" lon="24.5019670">
    <ele>1135.4</ele>
   </trkpt>
   <trkpt lat="-29.7851120" lon="24.5019350">
    <ele>1135.3</ele>
   </trkpt>
   <trkpt lat="-29.7851610" lon="24.5019080">
    <ele>1135.3</ele>
   </trkpt>
   <trkpt lat="-29.7852110" lon="24.5018900">
    <ele>1135.2</ele>
   </trkpt>
   <trkpt lat="-29.7852590" lon="24.5018690">
    <ele>1135.1</ele>
   </trkpt>
   <trkpt lat="-29.7853060" lon="24.5018420">
    <ele>1135.1</ele>
   </trkpt>
   <trkpt lat="-29.7853520" lon="24.5018180">
    <ele>1135.0</ele>
   </trkpt>
   <trkpt lat="-29.7854000" lon="24.5018010">
    <ele>1135.0</ele>
   </trkpt>
   <trkpt lat="-29.7854490" lon="24.5017860">
    <ele>1134.9</ele>
   </trkpt>
   <trkpt lat="-29.7855000" lon="24.5017710">
    <ele>1134.8</ele>
   </trkpt>
   <trkpt lat="-29.7855510" lon="24.5017580">
    <ele>1134.7</ele>
   </trkpt>
   <trkpt lat="-29.7856050" lon="24.5017470">
    <ele>1134.6</ele>
   </trkpt>
   <trkpt lat="-29.7856570" lon="24.5017320">
    <ele>1134.5</ele>
   </trkpt>
   <trkpt lat="-29.7857110" lon="24.5017190">
    <ele>1134.4</ele>
   </trkpt>
   <trkpt lat="-29.7857650" lon="24.5017040">
    <ele>1134.3</ele>
   </trkpt>
   <trkpt lat="-29.7858190" lon="24.5016880">
    <ele>1134.2</ele>
   </trkpt>
   <trkpt lat="-29.7858750" lon="24.5016710">
    <ele>1134.1</ele>
   </trkpt>
   <trkpt lat="-29.7859320" lon="24.5016520">
    <ele>1134.0</ele>
   </trkpt>
   <trkpt lat="-29.7859870" lon="24.5016300">
    <ele>1134.0</ele>
   </trkpt>
   <trkpt lat="-29.7860410" lon="24.5016080">
    <ele>1133.9</ele>
   </trkpt>
   <trkpt lat="-29.7860980" lon="24.5015880">
    <ele>1133.9</ele>
   </trkpt>
   <trkpt lat="-29.7861550" lon="24.5015660">
    <ele>1133.8</ele>
   </trkpt>
   <trkpt lat="-29.7862130" lon="24.5015420">
    <ele>1133.8</ele>
   </trkpt>
   <trkpt lat="-29.7862700" lon="24.5015220">
    <ele>1133.7</ele>
   </trkpt>
   <trkpt lat="-29.7863280" lon="24.5015040">
    <ele>1133.6</ele>
   </trkpt>
   <trkpt lat="-29.7863820" lon="24.5014810">
    <ele>1133.4</ele>
   </trkpt>
   <trkpt lat="-29.7864390" lon="24.5014590">
    <ele>1133.3</ele>
   </trkpt>
   <trkpt lat="-29.7864930" lon="24.5014450">
    <ele>1133.2</ele>
   </trkpt>
   <trkpt lat="-29.7865460" lon="24.5014210">
    <ele>1133.2</ele>
   </trkpt>
   <trkpt lat="-29.7865970" lon="24.5014030">
    <ele>1133.1</ele>
   </trkpt>
   <trkpt lat="-29.7866490" lon="24.5013900">
    <ele>1133.1</ele>
   </trkpt>
   <trkpt lat="-29.7866990" lon="24.5013740">
    <ele>1133.1</ele>
   </trkpt>
   <trkpt lat="-29.7867480" lon="24.5013590">
    <ele>1133.1</ele>
   </trkpt>
   <trkpt lat="-29.7867980" lon="24.5013440">
    <ele>1133.1</ele>
   </trkpt>
   <trkpt lat="-29.7868470" lon="24.5013300">
    <ele>1133.1</ele>
   </trkpt>
   <trkpt lat="-29.7868930" lon="24.5013140">
    <ele>1133.1</ele>
   </trkpt>
   <trkpt lat="-29.7869400" lon="24.5012990">
    <ele>1133.0</ele>
   </trkpt>
   <trkpt lat="-29.7869880" lon="24.5012920">
    <ele>1133.0</ele>
   </trkpt>
   <trkpt lat="-29.7870340" lon="24.5012780">
    <ele>1133.0</ele>
   </trkpt>
   <trkpt lat="-29.7870820" lon="24.5012630">
    <ele>1132.9</ele>
   </trkpt>
   <trkpt lat="-29.7871290" lon="24.5012480">
    <ele>1132.9</ele>
   </trkpt>
   <trkpt lat="-29.7871750" lon="24.5012330">
    <ele>1132.9</ele>
   </trkpt>
   <trkpt lat="-29.7872210" lon="24.5012170">
    <ele>1132.9</ele>
   </trkpt>
   <trkpt lat="-29.7872670" lon="24.5012040">
    <ele>1132.8</ele>
   </trkpt>
   <trkpt lat="-29.7873120" lon="24.5011920">
    <ele>1132.8</ele>
   </trkpt>
   <trkpt lat="-29.7873570" lon="24.5011770">
    <ele>1132.7</ele>
   </trkpt>
   <trkpt lat="-29.7874000" lon="24.5011600">
    <ele>1132.6</ele>
   </trkpt>
   <trkpt lat="-29.7874460" lon="24.5011390">
    <ele>1132.6</ele>
   </trkpt>
   <trkpt lat="-29.7874900" lon="24.5011170">
    <ele>1132.5</ele>
   </trkpt>
   <trkpt lat="-29.7875360" lon="24.5010970">
    <ele>1132.5</ele>
   </trkpt>
   <trkpt lat="-29.7875810" lon="24.5010750">
    <ele>1132.4</ele>
   </trkpt>
   <trkpt lat="-29.7876240" lon="24.5010510">
    <ele>1132.4</ele>
   </trkpt>
   <trkpt lat="-29.7876700" lon="24.5010350">
    <ele>1132.4</ele>
   </trkpt>
   <trkpt lat="-29.7877100" lon="24.5010130">
    <ele>1132.3</ele>
   </trkpt>
   <trkpt lat="-29.7877510" lon="24.5009900">
    <ele>1132.4</ele>
   </trkpt>
   <trkpt lat="-29.7877930" lon="24.5009650">
    <ele>1132.4</ele>
   </trkpt>
   <trkpt lat="-29.7878350" lon="24.5009400">
    <ele>1132.4</ele>
   </trkpt>
   <trkpt lat="-29.7878780" lon="24.5009160">
    <ele>1132.4</ele>
   </trkpt>
   <trkpt lat="-29.7879230" lon="24.5008870">
    <ele>1132.4</ele>
   </trkpt>
   <trkpt lat="-29.7879660" lon="24.5008570">
    <ele>1132.5</ele>
   </trkpt>
   <trkpt lat="-29.7880060" lon="24.5008240">
    <ele>1132.5</ele>
   </trkpt>
   <trkpt lat="-29.7880470" lon="24.5007910">
    <ele>1132.4</ele>
   </trkpt>
   <trkpt lat="-29.7880880" lon="24.5007600">
    <ele>1132.4</ele>
   </trkpt>
   <trkpt lat="-29.7881280" lon="24.5007220">
    <ele>1132.3</ele>
   </trkpt>
   <trkpt lat="-29.7881710" lon="24.5006820">
    <ele>1132.2</ele>
   </trkpt>
   <trkpt lat="-29.7882170" lon="24.5006470">
    <ele>1132.1</ele>
   </trkpt>
   <trkpt lat="-29.7882640" lon="24.5006120">
    <ele>1132.0</ele>
   </trkpt>
   <trkpt lat="-29.7883080" lon="24.5005710">
    <ele>1131.9</ele>
   </trkpt>
   <trkpt lat="-29.7883530" lon="24.5005300">
    <ele>1131.8</ele>
   </trkpt>
   <trkpt lat="-29.7884000" lon="24.5004890">
    <ele>1131.7</ele>
   </trkpt>
   <trkpt lat="-29.7884460" lon="24.5004490">
    <ele>1131.6</ele>
   </trkpt>
   <trkpt lat="-29.7884940" lon="24.5004130">
    <ele>1131.5</ele>
   </trkpt>
   <trkpt lat="-29.7885430" lon="24.5003760">
    <ele>1131.4</ele>
   </trkpt>
   <trkpt lat="-29.7885890" lon="24.5003330">
    <ele>1131.3</ele>
   </trkpt>
   <trkpt lat="-29.7886340" lon="24.5002860">
    <ele>1131.3</ele>
   </trkpt>
   <trkpt lat="-29.7886810" lon="24.5002460">
    <ele>1131.2</ele>
   </trkpt>
   <trkpt lat="-29.7887280" lon="24.5002100">
    <ele>1131.2</ele>
   </trkpt>
   <trkpt lat="-29.7887750" lon="24.5001660">
    <ele>1131.2</ele>
   </trkpt>
   <trkpt lat="-29.7888230" lon="24.5001230">
    <ele>1131.2</ele>
   </trkpt>
   <trkpt lat="-29.7888710" lon="24.5000830">
    <ele>1131.2</ele>
   </trkpt>
   <trkpt lat="-29.7889200" lon="24.5000440">
    <ele>1131.2</ele>
   </trkpt>
   <trkpt lat="-29.7889690" lon="24.5000050">
    <ele>1131.2</ele>
   </trkpt>
   <trkpt lat="-29.7890190" lon="24.4999640">
    <ele>1131.3</ele>
   </trkpt>
   <trkpt lat="-29.7890700" lon="24.4999210">
    <ele>1131.3</ele>
   </trkpt>
   <trkpt lat="-29.7891180" lon="24.4998730">
    <ele>1131.3</ele>
   </trkpt>
   <trkpt lat="-29.7891650" lon="24.4998250">
    <ele>1131.4</ele>
   </trkpt>
   <trkpt lat="-29.7892170" lon="24.4997960">
    <ele>1131.5</ele>
   </trkpt>
   <trkpt lat="-29.7892670" lon="24.4997360">
    <ele>1131.7</ele>
   </trkpt>
   <trkpt lat="-29.7893090" lon="24.4996930">
    <ele>1131.8</ele>
   </trkpt>
   <trkpt lat="-29.7893550" lon="24.4996600">
    <ele>1131.9</ele>
   </trkpt>
   <trkpt lat="-29.7894090" lon="24.4996180">
    <ele>1132.0</ele>
   </trkpt>
   <trkpt lat="-29.7894390" lon="24.4995940">
    <ele>1132.1</ele>
   </trkpt>
   <trkpt lat="-29.7894860" lon="24.4995690">
    <ele>1132.1</ele>
   </trkpt>
   <trkpt lat="-29.7895320" lon="24.4995350">
    <ele>1132.1</ele>
   </trkpt>
   <trkpt lat="-29.7895800" lon="24.4994900">
    <ele>1132.1</ele>
   </trkpt>
   <trkpt lat="-29.7896220" lon="24.4994470">
    <ele>1132.1</ele>
   </trkpt>
   <trkpt lat="-29.7896610" lon="24.4994070">
    <ele>1132.1</ele>
   </trkpt>
   <trkpt lat="-29.7896770" lon="24.4994010">
    <ele>1132.1</ele>
   </trkpt>
   <trkpt lat="-29.7896940" lon="24.4993890">
    <ele>1132.1</ele>
   </trkpt>
   <trkpt lat="-29.7897960" lon="24.4993030">
    <ele>1131.8</ele>
   </trkpt>
   <trkpt lat="-29.7898250" lon="24.4992640">
    <ele>1131.7</ele>
   </trkpt>
   <trkpt lat="-29.7898710" lon="24.4992340">
    <ele>1131.7</ele>
   </trkpt>
   <trkpt lat="-29.7899140" lon="24.4991950">
    <ele>1131.6</ele>
   </trkpt>
   <trkpt lat="-29.7899570" lon="24.4991670">
    <ele>1131.5</ele>
   </trkpt>
   <trkpt lat="-29.7899970" lon="24.4991320">
    <ele>1131.5</ele>
   </trkpt>
   <trkpt lat="-29.7900370" lon="24.4990880">
    <ele>1131.5</ele>
   </trkpt>
   <trkpt lat="-29.7900840" lon="24.4990310">
    <ele>1131.5</ele>
   </trkpt>
   <trkpt lat="-29.7901300" lon="24.4989930">
    <ele>1131.5</ele>
   </trkpt>
   <trkpt lat="-29.7901730" lon="24.4989700">
    <ele>1131.5</ele>
   </trkpt>
   <trkpt lat="-29.7902140" lon="24.4989300">
    <ele>1131.4</ele>
   </trkpt>
   <trkpt lat="-29.7902610" lon="24.4988770">
    <ele>1131.4</ele>
   </trkpt>
   <trkpt lat="-29.7903070" lon="24.4988410">
    <ele>1131.4</ele>
   </trkpt>
   <trkpt lat="-29.7903560" lon="24.4988050">
    <ele>1131.4</ele>
   </trkpt>
   <trkpt lat="-29.7903980" lon="24.4987680">
    <ele>1131.4</ele>
   </trkpt>
   <trkpt lat="-29.7904420" lon="24.4987340">
    <ele>1131.4</ele>
   </trkpt>
   <trkpt lat="-29.7904930" lon="24.4986990">
    <ele>1131.5</ele>
   </trkpt>
   <trkpt lat="-29.7905320" lon="24.4986530">
    <ele>1131.7</ele>
   </trkpt>
   <trkpt lat="-29.7905740" lon="24.4986110">
    <ele>1131.9</ele>
   </trkpt>
   <trkpt lat="-29.7906170" lon="24.4985990">
    <ele>1132.2</ele>
   </trkpt>
   <trkpt lat="-29.7906340" lon="24.4985830">
    <ele>1132.3</ele>
   </trkpt>
   <trkpt lat="-29.7906610" lon="24.4985510">
    <ele>1132.5</ele>
   </trkpt>
   <trkpt lat="-29.7906940" lon="24.4985250">
    <ele>1132.8</ele>
   </trkpt>
   <trkpt lat="-29.7907260" lon="24.4985030">
    <ele>1133.0</ele>
   </trkpt>
   <trkpt lat="-29.7907380" lon="24.4984900">
    <ele>1133.1</ele>
   </trkpt>
   <trkpt lat="-29.7907630" lon="24.4984750">
    <ele>1133.2</ele>
   </trkpt>
   <trkpt lat="-29.7907720" lon="24.4984660">
    <ele>1133.3</ele>
   </trkpt>
   <trkpt lat="-29.7908030" lon="24.4984450">
    <ele>1133.5</ele>
   </trkpt>
   <trkpt lat="-29.7908110" lon="24.4984400">
    <ele>1133.5</ele>
   </trkpt>
   <trkpt lat="-29.7908460" lon="24.4984220">
    <ele>1133.6</ele>
   </trkpt>
   <trkpt lat="-29.7908730" lon="24.4984090">
    <ele>1133.6</ele>
   </trkpt>
   <trkpt lat="-29.7909080" lon="24.4983770">
    <ele>1133.6</ele>
   </trkpt>
   <trkpt lat="-29.7909380" lon="24.4983460">
    <ele>1133.6</ele>
   </trkpt>
   <trkpt lat="-29.7909680" lon="24.4983280">
    <ele>1133.6</ele>
   </trkpt>
   <trkpt lat="-29.7911130" lon="24.4981070">
    <ele>1133.2</ele>
   </trkpt>
   <trkpt lat="-29.7911280" lon="24.4980730">
    <ele>1133.1</ele>
   </trkpt>
   <trkpt lat="-29.7911860" lon="24.4980650">
    <ele>1133.0</ele>
   </trkpt>
   <trkpt lat="-29.7912090" lon="24.4979990">
    <ele>1133.0</ele>
   </trkpt>
   <trkpt lat="-29.7912590" lon="24.4979760">
    <ele>1132.9</ele>
   </trkpt>
   <trkpt lat="-29.7912960" lon="24.4979450">
    <ele>1132.9</ele>
   </trkpt>
   <trkpt lat="-29.7913310" lon="24.4979070">
    <ele>1132.8</ele>
   </trkpt>
   <trkpt lat="-29.7913640" lon="24.4978500">
    <ele>1132.8</ele>
   </trkpt>
   <trkpt lat="-29.7914050" lon="24.4978050">
    <ele>1132.7</ele>
   </trkpt>
   <trkpt lat="-29.7914470" lon="24.4977700">
    <ele>1132.7</ele>
   </trkpt>
   <trkpt lat="-29.7914730" lon="24.4977210">
    <ele>1132.6</ele>
   </trkpt>
   <trkpt lat="-29.7915130" lon="24.4976820">
    <ele>1132.7</ele>
   </trkpt>
   <trkpt lat="-29.7915420" lon="24.4976190">
    <ele>1132.7</ele>
   </trkpt>
   <trkpt lat="-29.7915790" lon="24.4975790">
    <ele>1132.8</ele>
   </trkpt>
   <trkpt lat="-29.7916130" lon="24.4975310">
    <ele>1132.8</ele>
   </trkpt>
   <trkpt lat="-29.7916450" lon="24.4974880">
    <ele>1132.8</ele>
   </trkpt>
   <trkpt lat="-29.7916750" lon="24.4974440">
    <ele>1132.9</ele>
   </trkpt>
   <trkpt lat="-29.7917000" lon="24.4973960">
    <ele>1132.9</ele>
   </trkpt>
   <trkpt lat="-29.7917190" lon="24.4973540">
    <ele>1133.0</ele>
   </trkpt>
   <trkpt lat="-29.7917500" lon="24.4973240">
    <ele>1133.0</ele>
   </trkpt>
   <trkpt lat="-29.7917630" lon="24.4972990">
    <ele>1133.0</ele>
   </trkpt>
   <trkpt lat="-29.7917890" lon="24.4972450">
    <ele>1133.0</ele>
   </trkpt>
   <trkpt lat="-29.7918140" lon="24.4971870">
    <ele>1133.0</ele>
   </trkpt>
   <trkpt lat="-29.7918450" lon="24.4971280">
    <ele>1132.9</ele>
   </trkpt>
   <trkpt lat="-29.7918620" lon="24.4970880">
    <ele>1132.9</ele>
   </trkpt>
   <trkpt lat="-29.7918840" lon="24.4970270">
    <ele>1132.8</ele>
   </trkpt>
   <trkpt lat="-29.7919100" lon="24.4969670">
    <ele>1132.8</ele>
   </trkpt>
   <trkpt lat="-29.7919330" lon="24.4969030">
    <ele>1132.8</ele>
   </trkpt>
   <trkpt lat="-29.7919560" lon="24.4968390">
    <ele>1132.8</ele>
   </trkpt>
   <trkpt lat="-29.7919790" lon="24.4967700">
    <ele>1132.8</ele>
   </trkpt>
   <trkpt lat="-29.7920030" lon="24.4967170">
    <ele>1132.8</ele>
   </trkpt>
   <trkpt lat="-29.7920290" lon="24.4966560">
    <ele>1132.9</ele>
   </trkpt>
   <trkpt lat="-29.7920550" lon="24.4966010">
    <ele>1132.9</ele>
   </trkpt>
   <trkpt lat="-29.7920760" lon="24.4965370">
    <ele>1133.0</ele>
   </trkpt>
   <trkpt lat="-29.7921010" lon="24.4964840">
    <ele>1133.1</ele>
   </trkpt>
   <trkpt lat="-29.7921270" lon="24.4964320">
    <ele>1133.3</ele>
   </trkpt>
   <trkpt lat="-29.7921490" lon="24.4963760">
    <ele>1133.5</ele>
   </trkpt>
   <trkpt lat="-29.7921730" lon="24.4963280">
    <ele>1133.6</ele>
   </trkpt>
   <trkpt lat="-29.7921960" lon="24.4962790">
    <ele>1133.8</ele>
   </trkpt>
   <trkpt lat="-29.7922160" lon="24.4962300">
    <ele>1134.0</ele>
   </trkpt>
   <trkpt lat="-29.7922190" lon="24.4962280">
    <ele>1134.0</ele>
   </trkpt>
   <trkpt lat="-29.7922320" lon="24.4961980">
    <ele>1134.1</ele>
   </trkpt>
   <trkpt lat="-29.7922670" lon="24.4961280">
    <ele>1134.4</ele>
   </trkpt>
   <trkpt lat="-29.7922920" lon="24.4960760">
    <ele>1134.6</ele>
   </trkpt>
   <trkpt lat="-29.7923170" lon="24.4960230">
    <ele>1134.9</ele>
   </trkpt>
   <trkpt lat="-29.7923350" lon="24.4959820">
    <ele>1135.0</ele>
   </trkpt>
   <trkpt lat="-29.7923530" lon="24.4959450">
    <ele>1135.1</ele>
   </trkpt>
   <trkpt lat="-29.7923720" lon="24.4959060">
    <ele>1135.3</ele>
   </trkpt>
   <trkpt lat="-29.7923900" lon="24.4958670">
    <ele>1135.4</ele>
   </trkpt>
   <trkpt lat="-29.7924070" lon="24.4958290">
    <ele>1135.4</ele>
   </trkpt>
   <trkpt lat="-29.7924270" lon="24.4957880">
    <ele>1135.5</ele>
   </trkpt>
   <trkpt lat="-29.7924470" lon="24.4957480">
    <ele>1135.6</ele>
   </trkpt>
   <trkpt lat="-29.7924670" lon="24.4957080">
    <ele>1135.6</ele>
   </trkpt>
   <trkpt lat="-29.7924890" lon="24.4956670">
    <ele>1135.6</ele>
   </trkpt>
   <trkpt lat="-29.7925120" lon="24.4956220">
    <ele>1135.6</ele>
   </trkpt>
   <trkpt lat="-29.7925360" lon="24.4955810">
    <ele>1135.6</ele>
   </trkpt>
   <trkpt lat="-29.7925610" lon="24.4955390">
    <ele>1135.5</ele>
   </trkpt>
   <trkpt lat="-29.7925900" lon="24.4954920">
    <ele>1135.4</ele>
   </trkpt>
   <trkpt lat="-29.7926200" lon="24.4954450">
    <ele>1135.4</ele>
   </trkpt>
   <trkpt lat="-29.7926490" lon="24.4954000">
    <ele>1135.4</ele>
   </trkpt>
   <trkpt lat="-29.7926760" lon="24.4953780">
    <ele>1135.5</ele>
   </trkpt>
   <trkpt lat="-29.7927120" lon="24.4953210">
    <ele>1135.6</ele>
   </trkpt>
   <trkpt lat="-29.7927300" lon="24.4952740">
    <ele>1135.6</ele>
   </trkpt>
   <trkpt lat="-29.7927570" lon="24.4952350">
    <ele>1135.7</ele>
   </trkpt>
   <trkpt lat="-29.7927850" lon="24.4951980">
    <ele>1135.7</ele>
   </trkpt>
   <trkpt lat="-29.7928190" lon="24.4952180">
    <ele>1135.7</ele>
   </trkpt>
   <trkpt lat="-29.7928210" lon="24.4952210">
    <ele>1135.7</ele>
   </trkpt>
   <trkpt lat="-29.7928490" lon="24.4952000">
    <ele>1135.7</ele>
   </trkpt>
   <trkpt lat="-29.7928760" lon="24.4951810">
    <ele>1135.8</ele>
   </trkpt>
   <trkpt lat="-29.7929020" lon="24.4951580">
    <ele>1135.8</ele>
   </trkpt>
   <trkpt lat="-29.7929630" lon="24.4950720">
    <ele>1135.8</ele>
   </trkpt>
   <trkpt lat="-29.7930100" lon="24.4949900">
    <ele>1135.8</ele>
   </trkpt>
   <trkpt lat="-29.7930570" lon="24.4949070">
    <ele>1135.8</ele>
   </trkpt>
   <trkpt lat="-29.7930920" lon="24.4948730">
    <ele>1135.8</ele>
   </trkpt>
   <trkpt lat="-29.7931280" lon="24.4948380">
    <ele>1135.8</ele>
   </trkpt>
   <trkpt lat="-29.7931640" lon="24.4948000">
    <ele>1135.8</ele>
   </trkpt>
   <trkpt lat="-29.7932010" lon="24.4947630">
    <ele>1135.8</ele>
   </trkpt>
   <trkpt lat="-29.7932350" lon="24.4947260">
    <ele>1135.8</ele>
   </trkpt>
   <trkpt lat="-29.7932740" lon="24.4946920">
    <ele>1135.8</ele>
   </trkpt>
   <trkpt lat="-29.7933120" lon="24.4946570">
    <ele>1135.8</ele>
   </trkpt>
   <trkpt lat="-29.7933500" lon="24.4946210">
    <ele>1135.8</ele>
   </trkpt>
   <trkpt lat="-29.7933870" lon="24.4945840">
    <ele>1135.8</ele>
   </trkpt>
   <trkpt lat="-29.7934250" lon="24.4945470">
    <ele>1135.7</ele>
   </trkpt>
   <trkpt lat="-29.7934640" lon="24.4945100">
    <ele>1135.7</ele>
   </trkpt>
   <trkpt lat="-29.7935040" lon="24.4944720">
    <ele>1135.6</ele>
   </trkpt>
   <trkpt lat="-29.7935440" lon="24.4944340">
    <ele>1135.6</ele>
   </trkpt>
   <trkpt lat="-29.7935860" lon="24.4943950">
    <ele>1135.5</ele>
   </trkpt>
   <trkpt lat="-29.7936270" lon="24.4943580">
    <ele>1135.5</ele>
   </trkpt>
   <trkpt lat="-29.7936680" lon="24.4943180">
    <ele>1135.4</ele>
   </trkpt>
   <trkpt lat="-29.7937120" lon="24.4942780">
    <ele>1135.4</ele>
   </trkpt>
   <trkpt lat="-29.7937430" lon="24.4942550">
    <ele>1135.3</ele>
   </trkpt>
   <trkpt lat="-29.7937840" lon="24.4942070">
    <ele>1135.3</ele>
   </trkpt>
   <trkpt lat="-29.7938270" lon="24.4941710">
    <ele>1135.4</ele>
   </trkpt>
   <trkpt lat="-29.7938760" lon="24.4941570">
    <ele>1135.4</ele>
   </trkpt>
   <trkpt lat="-29.7939120" lon="24.4941090">
    <ele>1135.5</ele>
   </trkpt>
   <trkpt lat="-29.7939440" lon="24.4940990">
    <ele>1135.5</ele>
   </trkpt>
   <trkpt lat="-29.7939690" lon="24.4940800">
    <ele>1135.5</ele>
   </trkpt>
   <trkpt lat="-29.7939860" lon="24.4940730">
    <ele>1135.6</ele>
   </trkpt>
   <trkpt lat="-29.7940030" lon="24.4940650">
    <ele>1135.6</ele>
   </trkpt>
   <trkpt lat="-29.7941430" lon="24.4938770">
    <ele>1135.5</ele>
   </trkpt>
   <trkpt lat="-29.7941620" lon="24.4938580">
    <ele>1135.5</ele>
   </trkpt>
   <trkpt lat="-29.7942020" lon="24.4938230">
    <ele>1135.5</ele>
   </trkpt>
   <trkpt lat="-29.7942470" lon="24.4937900">
    <ele>1135.4</ele>
   </trkpt>
   <trkpt lat="-29.7942910" lon="24.4937550">
    <ele>1135.4</ele>
   </trkpt>
   <trkpt lat="-29.7943260" lon="24.4937030">
    <ele>1135.4</ele>
   </trkpt>
   <trkpt lat="-29.7943720" lon="24.4936660">
    <ele>1135.4</ele>
   </trkpt>
   <trkpt lat="-29.7944140" lon="24.4936340">
    <ele>1135.4</ele>
   </trkpt>
   <trkpt lat="-29.7944610" lon="24.4935980">
    <ele>1135.5</ele>
   </trkpt>
   <trkpt lat="-29.7944990" lon="24.4935610">
    <ele>1135.5</ele>
   </trkpt>
   <trkpt lat="-29.7945410" lon="24.4935200">
    <ele>1135.5</ele>
   </trkpt>
   <trkpt lat="-29.7945850" lon="24.4934780">
    <ele>1135.5</ele>
   </trkpt>
   <trkpt lat="-29.7946270" lon="24.4934430">
    <ele>1135.5</ele>
   </trkpt>
   <trkpt lat="-29.7946720" lon="24.4934140">
    <ele>1135.5</ele>
   </trkpt>
   <trkpt lat="-29.7947140" lon="24.4933790">
    <ele>1135.5</ele>
   </trkpt>
   <trkpt lat="-29.7947670" lon="24.4933460">
    <ele>1135.4</ele>
   </trkpt>
   <trkpt lat="-29.7948090" lon="24.4932950">
    <ele>1135.4</ele>
   </trkpt>
   <trkpt lat="-29.7948560" lon="24.4932550">
    <ele>1135.4</ele>
   </trkpt>
   <trkpt lat="-29.7949020" lon="24.4932130">
    <ele>1135.3</ele>
   </trkpt>
   <trkpt lat="-29.7949420" lon="24.4932040">
    <ele>1135.3</ele>
   </trkpt>
   <trkpt lat="-29.7949870" lon="24.4931640">
    <ele>1135.3</ele>
   </trkpt>
   <trkpt lat="-29.7950320" lon="24.4931210">
    <ele>1135.3</ele>
   </trkpt>
   <trkpt lat="-29.7950780" lon="24.4930920">
    <ele>1135.3</ele>
   </trkpt>
   <trkpt lat="-29.7951250" lon="24.4930560">
    <ele>1135.2</ele>
   </trkpt>
   <trkpt lat="-29.7951750" lon="24.4930180">
    <ele>1135.1</ele>
   </trkpt>
   <trkpt lat="-29.7952280" lon="24.4929870">
    <ele>1135.0</ele>
   </trkpt>
   <trkpt lat="-29.7952840" lon="24.4929600">
    <ele>1134.9</ele>
   </trkpt>
   <trkpt lat="-29.7953440" lon="24.4929400">
    <ele>1134.7</ele>
   </trkpt>
   <trkpt lat="-29.7954050" lon="24.4929250">
    <ele>1134.5</ele>
   </trkpt>
   <trkpt lat="-29.7954670" lon="24.4929040">
    <ele>1134.2</ele>
   </trkpt>
   <trkpt lat="-29.7955310" lon="24.4928870">
    <ele>1134.0</ele>
   </trkpt>
   <trkpt lat="-29.7955910" lon="24.4928660">
    <ele>1133.9</ele>
   </trkpt>
   <trkpt lat="-29.7956520" lon="24.4928500">
    <ele>1133.7</ele>
   </trkpt>
   <trkpt lat="-29.7957130" lon="24.4928370">
    <ele>1133.5</ele>
   </trkpt>
   <trkpt lat="-29.7957730" lon="24.4928220">
    <ele>1133.2</ele>
   </trkpt>
   <trkpt lat="-29.7958360" lon="24.4927990">
    <ele>1133.0</ele>
   </trkpt>
   <trkpt lat="-29.7959010" lon="24.4927780">
    <ele>1132.7</ele>
   </trkpt>
   <trkpt lat="-29.7959650" lon="24.4927540">
    <ele>1132.5</ele>
   </trkpt>
   <trkpt lat="-29.7960300" lon="24.4927380">
    <ele>1132.3</ele>
   </trkpt>
   <trkpt lat="-29.7960940" lon="24.4927130">
    <ele>1132.1</ele>
   </trkpt>
   <trkpt lat="-29.7961590" lon="24.4926880">
    <ele>1131.9</ele>
   </trkpt>
   <trkpt lat="-29.7962240" lon="24.4926670">
    <ele>1131.8</ele>
   </trkpt>
   <trkpt lat="-29.7962880" lon="24.4926410">
    <ele>1131.7</ele>
   </trkpt>
   <trkpt lat="-29.7963510" lon="24.4926120">
    <ele>1131.6</ele>
   </trkpt>
   <trkpt lat="-29.7964120" lon="24.4925780">
    <ele>1131.7</ele>
   </trkpt>
   <trkpt lat="-29.7964700" lon="24.4925420">
    <ele>1131.8</ele>
   </trkpt>
   <trkpt lat="-29.7965300" lon="24.4925080">
    <ele>1131.8</ele>
   </trkpt>
   <trkpt lat="-29.7965870" lon="24.4924800">
    <ele>1131.8</ele>
   </trkpt>
   <trkpt lat="-29.7966420" lon="24.4924560">
    <ele>1131.8</ele>
   </trkpt>
   <trkpt lat="-29.7967000" lon="24.4924340">
    <ele>1131.8</ele>
   </trkpt>
   <trkpt lat="-29.7967590" lon="24.4924150">
    <ele>1131.9</ele>
   </trkpt>
   <trkpt lat="-29.7968150" lon="24.4923940">
    <ele>1132.0</ele>
   </trkpt>
   <trkpt lat="-29.7968690" lon="24.4923700">
    <ele>1132.1</ele>
   </trkpt>
   <trkpt lat="-29.7969210" lon="24.4923440">
    <ele>1132.3</ele>
   </trkpt>
   <trkpt lat="-29.7969720" lon="24.4923190">
    <ele>1132.5</ele>
   </trkpt>
   <trkpt lat="-29.7970200" lon="24.4922850">
    <ele>1132.6</ele>
   </trkpt>
   <trkpt lat="-29.7970670" lon="24.4922500">
    <ele>1132.8</ele>
   </trkpt>
   <trkpt lat="-29.7971120" lon="24.4922160">
    <ele>1132.9</ele>
   </trkpt>
   <trkpt lat="-29.7971560" lon="24.4921750">
    <ele>1133.0</ele>
   </trkpt>
   <trkpt lat="-29.7971930" lon="24.4921320">
    <ele>1133.1</ele>
   </trkpt>
   <trkpt lat="-29.7972400" lon="24.4921040">
    <ele>1133.2</ele>
   </trkpt>
   <trkpt lat="-29.7972810" lon="24.4920610">
    <ele>1133.3</ele>
   </trkpt>
   <trkpt lat="-29.7973200" lon="24.4920170">
    <ele>1133.3</ele>
   </trkpt>
   <trkpt lat="-29.7973590" lon="24.4919680">
    <ele>1133.4</ele>
   </trkpt>
   <trkpt lat="-29.7974000" lon="24.4919190">
    <ele>1133.5</ele>
   </trkpt>
   <trkpt lat="-29.7974390" lon="24.4918660">
    <ele>1133.5</ele>
   </trkpt>
   <trkpt lat="-29.7974780" lon="24.4918150">
    <ele>1133.5</ele>
   </trkpt>
   <trkpt lat="-29.7975150" lon="24.4917630">
    <ele>1133.4</ele>
   </trkpt>
   <trkpt lat="-29.7975540" lon="24.4917090">
    <ele>1133.4</ele>
   </trkpt>
   <trkpt lat="-29.7975920" lon="24.4916570">
    <ele>1133.4</ele>
   </trkpt>
   <trkpt lat="-29.7976320" lon="24.4916070">
    <ele>1133.3</ele>
   </trkpt>
   <trkpt lat="-29.7976720" lon="24.4915580">
    <ele>1133.3</ele>
   </trkpt>
   <trkpt lat="-29.7977150" lon="24.4914990">
    <ele>1133.3</ele>
   </trkpt>
   <trkpt lat="-29.7977550" lon="24.4914350">
    <ele>1133.2</ele>
   </trkpt>
   <trkpt lat="-29.7977940" lon="24.4913850">
    <ele>1133.2</ele>
   </trkpt>
   <trkpt lat="-29.7978310" lon="24.4913290">
    <ele>1133.1</ele>
   </trkpt>
   <trkpt lat="-29.7978720" lon="24.4912790">
    <ele>1133.1</ele>
   </trkpt>
   <trkpt lat="-29.7979140" lon="24.4912270">
    <ele>1133.0</ele>
   </trkpt>
   <trkpt lat="-29.7979560" lon="24.4911770">
    <ele>1132.9</ele>
   </trkpt>
   <trkpt lat="-29.7979950" lon="24.4911230">
    <ele>1132.9</ele>
   </trkpt>
   <trkpt lat="-29.7980300" lon="24.4910700">
    <ele>1132.8</ele>
   </trkpt>
   <trkpt lat="-29.7980640" lon="24.4910200">
    <ele>1132.8</ele>
   </trkpt>
   <trkpt lat="-29.7981020" lon="24.4909690">
    <ele>1132.8</ele>
   </trkpt>
   <trkpt lat="-29.7981430" lon="24.4909170">
    <ele>1132.7</ele>
   </trkpt>
   <trkpt lat="-29.7981840" lon="24.4908700">
    <ele>1132.6</ele>
   </trkpt>
   <trkpt lat="-29.7982280" lon="24.4908210">
    <ele>1132.5</ele>
   </trkpt>
   <trkpt lat="-29.7982780" lon="24.4907850">
    <ele>1132.3</ele>
   </trkpt>
   <trkpt lat="-29.7983350" lon="24.4907540">
    <ele>1132.2</ele>
   </trkpt>
   <trkpt lat="-29.7983900" lon="24.4907140">
    <ele>1132.0</ele>
   </trkpt>
   <trkpt lat="-29.7984470" lon="24.4906890">
    <ele>1131.8</ele>
   </trkpt>
   <trkpt lat="-29.7985100" lon="24.4906710">
    <ele>1131.7</ele>
   </trkpt>
   <trkpt lat="-29.7985740" lon="24.4906550">
    <ele>1131.5</ele>
   </trkpt>
   <trkpt lat="-29.7986360" lon="24.4906270">
    <ele>1131.4</ele>
   </trkpt>
   <trkpt lat="-29.7986990" lon="24.4906050">
    <ele>1131.4</ele>
   </trkpt>
   <trkpt lat="-29.7987620" lon="24.4905840">
    <ele>1131.3</ele>
   </trkpt>
   <trkpt lat="-29.7988260" lon="24.4905590">
    <ele>1131.3</ele>
   </trkpt>
   <trkpt lat="-29.7988890" lon="24.4905410">
    <ele>1131.2</ele>
   </trkpt>
   <trkpt lat="-29.7989520" lon="24.4905180">
    <ele>1131.2</ele>
   </trkpt>
   <trkpt lat="-29.7990120" lon="24.4904880">
    <ele>1131.2</ele>
   </trkpt>
   <trkpt lat="-29.7990720" lon="24.4904600">
    <ele>1131.1</ele>
   </trkpt>
   <trkpt lat="-29.7991320" lon="24.4904390">
    <ele>1131.0</ele>
   </trkpt>
   <trkpt lat="-29.7991910" lon="24.4904210">
    <ele>1130.9</ele>
   </trkpt>
   <trkpt lat="-29.7992510" lon="24.4904030">
    <ele>1130.8</ele>
   </trkpt>
   <trkpt lat="-29.7993050" lon="24.4903800">
    <ele>1130.7</ele>
   </trkpt>
   <trkpt lat="-29.7993610" lon="24.4903530">
    <ele>1130.7</ele>
   </trkpt>
   <trkpt lat="-29.7994170" lon="24.4903240">
    <ele>1130.6</ele>
   </trkpt>
   <trkpt lat="-29.7994730" lon="24.4902970">
    <ele>1130.6</ele>
   </trkpt>
   <trkpt lat="-29.7995320" lon="24.4902780">
    <ele>1130.6</ele>
   </trkpt>
   <trkpt lat="-29.7995910" lon="24.4902580">
    <ele>1130.6</ele>
   </trkpt>
   <trkpt lat="-29.7996480" lon="24.4902420">
    <ele>1130.6</ele>
   </trkpt>
   <trkpt lat="-29.7997010" lon="24.4902270">
    <ele>1130.6</ele>
   </trkpt>
   <trkpt lat="-29.7997570" lon="24.4902150">
    <ele>1130.6</ele>
   </trkpt>
   <trkpt lat="-29.7998030" lon="24.4902020">
    <ele>1130.6</ele>
   </trkpt>
   <trkpt lat="-29.7998620" lon="24.4901790">
    <ele>1130.5</ele>
   </trkpt>
   <trkpt lat="-29.7999250" lon="24.4901520">
    <ele>1130.5</ele>
   </trkpt>
   <trkpt lat="-29.7999850" lon="24.4901350">
    <ele>1130.5</ele>
   </trkpt>
   <trkpt lat="-29.8000460" lon="24.4901190">
    <ele>1130.4</ele>
   </trkpt>
   <trkpt lat="-29.8001030" lon="24.4900990">
    <ele>1130.4</ele>
   </trkpt>
   <trkpt lat="-29.8001610" lon="24.4900770">
    <ele>1130.4</ele>
   </trkpt>
   <trkpt lat="-29.8002210" lon="24.4900680">
    <ele>1130.4</ele>
   </trkpt>
   <trkpt lat="-29.8002760" lon="24.4900360">
    <ele>1130.4</ele>
   </trkpt>
   <trkpt lat="-29.8003240" lon="24.4899910">
    <ele>1130.5</ele>
   </trkpt>
   <trkpt lat="-29.8003590" lon="24.4899390">
    <ele>1130.6</ele>
   </trkpt>
   <trkpt lat="-29.8003860" lon="24.4898760">
    <ele>1130.6</ele>
   </trkpt>
   <trkpt lat="-29.8004030" lon="24.4898090">
    <ele>1130.7</ele>
   </trkpt>
   <trkpt lat="-29.8004100" lon="24.4897410">
    <ele>1130.7</ele>
   </trkpt>
   <trkpt lat="-29.8004210" lon="24.4896780">
    <ele>1130.8</ele>
   </trkpt>
   <trkpt lat="-29.8004370" lon="24.4896180">
    <ele>1130.9</ele>
   </trkpt>
   <trkpt lat="-29.8004550" lon="24.4895620">
    <ele>1131.0</ele>
   </trkpt>
   <trkpt lat="-29.8004700" lon="24.4895040">
    <ele>1131.1</ele>
   </trkpt>
   <trkpt lat="-29.8004870" lon="24.4894470">
    <ele>1131.2</ele>
   </trkpt>
   <trkpt lat="-29.8005080" lon="24.4893970">
    <ele>1131.3</ele>
   </trkpt>
   <trkpt lat="-29.8005310" lon="24.4893450">
    <ele>1131.4</ele>
   </trkpt>
   <trkpt lat="-29.8005350" lon="24.4893450">
    <ele>1131.4</ele>
   </trkpt>
   <trkpt lat="-29.8005550" lon="24.4893160">
    <ele>1131.5</ele>
   </trkpt>
   <trkpt lat="-29.8006000" lon="24.4892370">
    <ele>1131.5</ele>
   </trkpt>
   <trkpt lat="-29.8006340" lon="24.4891670">
    <ele>1131.6</ele>
   </trkpt>
   <trkpt lat="-29.8006680" lon="24.4890970">
    <ele>1131.7</ele>
   </trkpt>
   <trkpt lat="-29.8006950" lon="24.4890460">
    <ele>1131.7</ele>
   </trkpt>
   <trkpt lat="-29.8007180" lon="24.4889920">
    <ele>1131.8</ele>
   </trkpt>
   <trkpt lat="-29.8007490" lon="24.4889420">
    <ele>1131.8</ele>
   </trkpt>
   <trkpt lat="-29.8007730" lon="24.4888850">
    <ele>1131.9</ele>
   </trkpt>
   <trkpt lat="-29.8007930" lon="24.4888270">
    <ele>1132.0</ele>
   </trkpt>
   <trkpt lat="-29.8008200" lon="24.4887720">
    <ele>1132.0</ele>
   </trkpt>
   <trkpt lat="-29.8008510" lon="24.4887290">
    <ele>1132.0</ele>
   </trkpt>
   <trkpt lat="-29.8008700" lon="24.4886730">
    <ele>1132.1</ele>
   </trkpt>
   <trkpt lat="-29.8008970" lon="24.4886200">
    <ele>1132.1</ele>
   </trkpt>
   <trkpt lat="-29.8009200" lon="24.4885660">
    <ele>1132.2</ele>
   </trkpt>
   <trkpt lat="-29.8009440" lon="24.4885130">
    <ele>1132.2</ele>
   </trkpt>
   <trkpt lat="-29.8009730" lon="24.4884670">
    <ele>1132.3</ele>
   </trkpt>
   <trkpt lat="-29.8009980" lon="24.4884140">
    <ele>1132.3</ele>
   </trkpt>
   <trkpt lat="-29.8010210" lon="24.4883570">
    <ele>1132.4</ele>
   </trkpt>
   <trkpt lat="-29.8010460" lon="24.4883080">
    <ele>1132.5</ele>
   </trkpt>
   <trkpt lat="-29.8010650" lon="24.4882500">
    <ele>1132.5</ele>
   </trkpt>
   <trkpt lat="-29.8010960" lon="24.4882020">
    <ele>1132.6</ele>
   </trkpt>
   <trkpt lat="-29.8011110" lon="24.4881470">
    <ele>1132.6</ele>
   </trkpt>
   <trkpt lat="-29.8011330" lon="24.4880920">
    <ele>1132.7</ele>
   </trkpt>
   <trkpt lat="-29.8011600" lon="24.4880370">
    <ele>1132.8</ele>
   </trkpt>
   <trkpt lat="-29.8011820" lon="24.4879920">
    <ele>1132.9</ele>
   </trkpt>
   <trkpt lat="-29.8012050" lon="24.4879400">
    <ele>1133.0</ele>
   </trkpt>
   <trkpt lat="-29.8012300" lon="24.4878880">
    <ele>1133.1</ele>
   </trkpt>
   <trkpt lat="-29.8012440" lon="24.4878670">
    <ele>1133.1</ele>
   </trkpt>
   <trkpt lat="-29.8012550" lon="24.4878470">
    <ele>1133.2</ele>
   </trkpt>
   <trkpt lat="-29.8012920" lon="24.4877690">
    <ele>1133.4</ele>
   </trkpt>
   <trkpt lat="-29.8013190" lon="24.4876990">
    <ele>1133.5</ele>
   </trkpt>
   <trkpt lat="-29.8013470" lon="24.4876280">
    <ele>1133.6</ele>
   </trkpt>
   <trkpt lat="-29.8013710" lon="24.4875810">
    <ele>1133.7</ele>
   </trkpt>
   <trkpt lat="-29.8013920" lon="24.4875280">
    <ele>1133.8</ele>
   </trkpt>
   <trkpt lat="-29.8014140" lon="24.4874770">
    <ele>1133.9</ele>
   </trkpt>
   <trkpt lat="-29.8014350" lon="24.4874310">
    <ele>1134.0</ele>
   </trkpt>
   <trkpt lat="-29.8014590" lon="24.4873880">
    <ele>1134.1</ele>
   </trkpt>
   <trkpt lat="-29.8014790" lon="24.4873240">
    <ele>1134.2</ele>
   </trkpt>
   <trkpt lat="-29.8014970" lon="24.4872700">
    <ele>1134.4</ele>
   </trkpt>
   <trkpt lat="-29.8015240" lon="24.4872240">
    <ele>1134.5</ele>
   </trkpt>
   <trkpt lat="-29.8015540" lon="24.4871850">
    <ele>1134.7</ele>
   </trkpt>
   <trkpt lat="-29.8015810" lon="24.4871410">
    <ele>1134.8</ele>
   </trkpt>
   <trkpt lat="-29.8016250" lon="24.4871170">
    <ele>1135.0</ele>
   </trkpt>
   <trkpt lat="-29.8016620" lon="24.4870820">
    <ele>1135.2</ele>
   </trkpt>
   <trkpt lat="-29.8016960" lon="24.4870510">
    <ele>1135.3</ele>
   </trkpt>
   <trkpt lat="-29.8017340" lon="24.4870290">
    <ele>1135.5</ele>
   </trkpt>
   <trkpt lat="-29.8017750" lon="24.4870050">
    <ele>1135.6</ele>
   </trkpt>
   <trkpt lat="-29.8018150" lon="24.4869800">
    <ele>1135.8</ele>
   </trkpt>
   <trkpt lat="-29.8018430" lon="24.4869730">
    <ele>1136.0</ele>
   </trkpt>
   <trkpt lat="-29.8018730" lon="24.4869660">
    <ele>1136.1</ele>
   </trkpt>
   <trkpt lat="-29.8018930" lon="24.4869560">
    <ele>1136.2</ele>
   </trkpt>
   <trkpt lat="-29.8019230" lon="24.4869440">
    <ele>1136.4</ele>
   </trkpt>
   <trkpt lat="-29.8019360" lon="24.4869390">
    <ele>1136.5</ele>
   </trkpt>
   <trkpt lat="-29.8019590" lon="24.4869210">
    <ele>1136.7</ele>
   </trkpt>
   <trkpt lat="-29.8019860" lon="24.4869050">
    <ele>1136.9</ele>
   </trkpt>
   <trkpt lat="-29.8020160" lon="24.4868800">
    <ele>1137.1</ele>
   </trkpt>
   <trkpt lat="-29.8020290" lon="24.4868690">
    <ele>1137.2</ele>
   </trkpt>
   <trkpt lat="-29.8020620" lon="24.4868490">
    <ele>1137.4</ele>
   </trkpt>
   <trkpt lat="-29.8020710" lon="24.4868390">
    <ele>1137.4</ele>
   </trkpt>
   <trkpt lat="-29.8020970" lon="24.4868250">
    <ele>1137.6</ele>
   </trkpt>
   <trkpt lat="-29.8021180" lon="24.4868010">
    <ele>1137.8</ele>
   </trkpt>
   <trkpt lat="-29.8021280" lon="24.4867890">
    <ele>1137.8</ele>
   </trkpt>
   <trkpt lat="-29.8021570" lon="24.4867710">
    <ele>1138.0</ele>
   </trkpt>
   <trkpt lat="-29.8021650" lon="24.4867630">
    <ele>1138.0</ele>
   </trkpt>
   <trkpt lat="-29.8021860" lon="24.4867390">
    <ele>1138.1</ele>
   </trkpt>
   <trkpt lat="-29.8022030" lon="24.4867120">
    <ele>1138.3</ele>
   </trkpt>
   <trkpt lat="-29.8022120" lon="24.4867020">
    <ele>1138.3</ele>
   </trkpt>
   <trkpt lat="-29.8022390" lon="24.4866750">
    <ele>1138.5</ele>
   </trkpt>
   <trkpt lat="-29.8022460" lon="24.4866660">
    <ele>1138.5</ele>
   </trkpt>
   <trkpt lat="-29.8022700" lon="24.4866390">
    <ele>1138.7</ele>
   </trkpt>
   <trkpt lat="-29.8022900" lon="24.4866150">
    <ele>1138.8</ele>
   </trkpt>
   <trkpt lat="-29.8022990" lon="24.4866040">
    <ele>1138.9</ele>
   </trkpt>
   <trkpt lat="-29.8023230" lon="24.4865740">
    <ele>1139.0</ele>
   </trkpt>
   <trkpt lat="-29.8023300" lon="24.4865640">
    <ele>1139.1</ele>
   </trkpt>
   <trkpt lat="-29.8023490" lon="24.4865330">
    <ele>1139.2</ele>
   </trkpt>
   <trkpt lat="-29.8023710" lon="24.4864990">
    <ele>1139.3</ele>
   </trkpt>
   <trkpt lat="-29.8023800" lon="24.4864860">
    <ele>1139.4</ele>
   </trkpt>
   <trkpt lat="-29.8023990" lon="24.4864540">
    <ele>1139.4</ele>
   </trkpt>
   <trkpt lat="-29.8024220" lon="24.4864240">
    <ele>1139.5</ele>
   </trkpt>
   <trkpt lat="-29.8024300" lon="24.4864110">
    <ele>1139.5</ele>
   </trkpt>
   <trkpt lat="-29.8024480" lon="24.4863860">
    <ele>1139.5</ele>
   </trkpt>
   <trkpt lat="-29.8024640" lon="24.4863550">
    <ele>1139.5</ele>
   </trkpt>
   <trkpt lat="-29.8024810" lon="24.4863300">
    <ele>1139.4</ele>
   </trkpt>
   <trkpt lat="-29.8024990" lon="24.4863040">
    <ele>1139.4</ele>
   </trkpt>
   <trkpt lat="-29.8025170" lon="24.4862710">
    <ele>1139.2</ele>
   </trkpt>
   <trkpt lat="-29.8025350" lon="24.4862240">
    <ele>1139.0</ele>
   </trkpt>
   <trkpt lat="-29.8025390" lon="24.4861920">
    <ele>1138.8</ele>
   </trkpt>
   <trkpt lat="-29.8025600" lon="24.4861400">
    <ele>1138.5</ele>
   </trkpt>
   <trkpt lat="-29.8026310" lon="24.4858960">
    <ele>1136.3</ele>
   </trkpt>
   <trkpt lat="-29.8026350" lon="24.4858530">
    <ele>1135.8</ele>
   </trkpt>
   <trkpt lat="-29.8026330" lon="24.4857530">
    <ele>1134.7</ele>
   </trkpt>
   <trkpt lat="-29.8026290" lon="24.4856650">
    <ele>1133.7</ele>
   </trkpt>
   <trkpt lat="-29.8026180" lon="24.4855760">
    <ele>1132.7</ele>
   </trkpt>
   <trkpt lat="-29.8025900" lon="24.4855060">
    <ele>1131.9</ele>
   </trkpt>
   <trkpt lat="-29.8025560" lon="24.4854350">
    <ele>1131.1</ele>
   </trkpt>
   <trkpt lat="-29.8025190" lon="24.4853670">
    <ele>1130.2</ele>
   </trkpt>
   <trkpt lat="-29.8024740" lon="24.4852940">
    <ele>1129.1</ele>
   </trkpt>
   <trkpt lat="-29.8024450" lon="24.4852170">
    <ele>1128.1</ele>
   </trkpt>
   <trkpt lat="-29.8024020" lon="24.4851480">
    <ele>1127.2</ele>
   </trkpt>
   <trkpt lat="-29.8023630" lon="24.4850740">
    <ele>1126.3</ele>
   </trkpt>
   <trkpt lat="-29.8023360" lon="24.4849990">
    <ele>1125.6</ele>
   </trkpt>
   <trkpt lat="-29.8023030" lon="24.4849250">
    <ele>1124.9</ele>
   </trkpt>
   <trkpt lat="-29.8022770" lon="24.4848420">
    <ele>1124.2</ele>
   </trkpt>
   <trkpt lat="-29.8022630" lon="24.4847600">
    <ele>1123.4</ele>
   </trkpt>
   <trkpt lat="-29.8022600" lon="24.4846730">
    <ele>1122.4</ele>
   </trkpt>
   <trkpt lat="-29.8022720" lon="24.4845830">
    <ele>1121.3</ele>
   </trkpt>
   <trkpt lat="-29.8022850" lon="24.4844770">
    <ele>1120.2</ele>
   </trkpt>
   <trkpt lat="-29.8023110" lon="24.4843810">
    <ele>1119.2</ele>
   </trkpt>
   <trkpt lat="-29.8023360" lon="24.4842970">
    <ele>1118.4</ele>
   </trkpt>
   <trkpt lat="-29.8023690" lon="24.4841940">
    <ele>1117.4</ele>
   </trkpt>
   <trkpt lat="-29.8024060" lon="24.4840910">
    <ele>1116.4</ele>
   </trkpt>
   <trkpt lat="-29.8024420" lon="24.4839910">
    <ele>1115.5</ele>
   </trkpt>
   <trkpt lat="-29.8024750" lon="24.4838780">
    <ele>1114.5</ele>
   </trkpt>
   <trkpt lat="-29.8025090" lon="24.4837680">
    <ele>1113.5</ele>
   </trkpt>
   <trkpt lat="-29.8025420" lon="24.4836560">
    <ele>1112.6</ele>
   </trkpt>
   <trkpt lat="-29.8025740" lon="24.4835410">
    <ele>1111.6</ele>
   </trkpt>
   <trkpt lat="-29.8026090" lon="24.4834280">
    <ele>1110.7</ele>
   </trkpt>
   <trkpt lat="-29.8026420" lon="24.4833120">
    <ele>1109.7</ele>
   </trkpt>
   <trkpt lat="-29.8026780" lon="24.4831950">
    <ele>1108.8</ele>
   </trkpt>
   <trkpt lat="-29.8027130" lon="24.4830780">
    <ele>1108.0</ele>
   </trkpt>
   <trkpt lat="-29.8027440" lon="24.4829550">
    <ele>1107.2</ele>
   </trkpt>
   <trkpt lat="-29.8027780" lon="24.4828300">
    <ele>1106.4</ele>
   </trkpt>
   <trkpt lat="-29.8028080" lon="24.4827050">
    <ele>1105.6</ele>
   </trkpt>
   <trkpt lat="-29.8028350" lon="24.4825810">
    <ele>1104.9</ele>
   </trkpt>
   <trkpt lat="-29.8028650" lon="24.4824590">
    <ele>1104.2</ele>
   </trkpt>
   <trkpt lat="-29.8028940" lon="24.4823390">
    <ele>1103.6</ele>
   </trkpt>
   <trkpt lat="-29.8029200" lon="24.4822140">
    <ele>1103.0</ele>
   </trkpt>
   <trkpt lat="-29.8029450" lon="24.4820910">
    <ele>1102.4</ele>
   </trkpt>
   <trkpt lat="-29.8029700" lon="24.4819730">
    <ele>1102.0</ele>
   </trkpt>
   <trkpt lat="-29.8029980" lon="24.4818630">
    <ele>1101.5</ele>
   </trkpt>
   <trkpt lat="-29.8030330" lon="24.4817620">
    <ele>1101.1</ele>
   </trkpt>
   <trkpt lat="-29.8030770" lon="24.4816710">
    <ele>1100.7</ele>
   </trkpt>
   <trkpt lat="-29.8031310" lon="24.4815890">
    <ele>1100.3</ele>
   </trkpt>
   <trkpt lat="-29.8031940" lon="24.4815170">
    <ele>1100.0</ele>
   </trkpt>
   <trkpt lat="-29.8032650" lon="24.4814550">
    <ele>1099.6</ele>
   </trkpt>
   <trkpt lat="-29.8033400" lon="24.4814060">
    <ele>1099.4</ele>
   </trkpt>
   <trkpt lat="-29.8034170" lon="24.4813590">
    <ele>1099.2</ele>
   </trkpt>
   <trkpt lat="-29.8034960" lon="24.4813250">
    <ele>1099.0</ele>
   </trkpt>
   <trkpt lat="-29.8035720" lon="24.4812810">
    <ele>1098.9</ele>
   </trkpt>
   <trkpt lat="-29.8036510" lon="24.4812480">
    <ele>1098.8</ele>
   </trkpt>
   <trkpt lat="-29.8037250" lon="24.4812060">
    <ele>1098.7</ele>
   </trkpt>
   <trkpt lat="-29.8037990" lon="24.4811660">
    <ele>1098.6</ele>
   </trkpt>
   <trkpt lat="-29.8038710" lon="24.4811260">
    <ele>1098.6</ele>
   </trkpt>
   <trkpt lat="-29.8039400" lon="24.4810810">
    <ele>1098.6</ele>
   </trkpt>
   <trkpt lat="-29.8040100" lon="24.4810490">
    <ele>1098.6</ele>
   </trkpt>
   <trkpt lat="-29.8040780" lon="24.4810190">
    <ele>1098.7</ele>
   </trkpt>
   <trkpt lat="-29.8041410" lon="24.4809880">
    <ele>1098.7</ele>
   </trkpt>
   <trkpt lat="-29.8042120" lon="24.4809650">
    <ele>1098.8</ele>
   </trkpt>
   <trkpt lat="-29.8042820" lon="24.4809440">
    <ele>1098.9</ele>
   </trkpt>
   <trkpt lat="-29.8043520" lon="24.4809360">
    <ele>1099.1</ele>
   </trkpt>
   <trkpt lat="-29.8044230" lon="24.4809400">
    <ele>1099.2</ele>
   </trkpt>
   <trkpt lat="-29.8044790" lon="24.4809410">
    <ele>1099.4</ele>
   </trkpt>
   <trkpt lat="-29.8045160" lon="24.4809250">
    <ele>1099.4</ele>
   </trkpt>
   <trkpt lat="-29.8045340" lon="24.4808910">
    <ele>1099.5</ele>
   </trkpt>
   <trkpt lat="-29.8045330" lon="24.4808560">
    <ele>1099.5</ele>
   </trkpt>
   <trkpt lat="-29.8045210" lon="24.4808230">
    <ele>1099.5</ele>
   </trkpt>
   <trkpt lat="-29.8045160" lon="24.4808170">
    <ele>1099.5</ele>
   </trkpt>
   <trkpt lat="-29.8045090" lon="24.4808100">
    <ele>1099.5</ele>
   </trkpt>
   <trkpt lat="-29.8045070" lon="24.4808050">
    <ele>1099.5</ele>
   </trkpt>
   <trkpt lat="-29.8045040" lon="24.4808000">
    <ele>1099.5</ele>
   </trkpt>
   <trkpt lat="-29.8045020" lon="24.4807950">
    <ele>1099.5</ele>
   </trkpt>
   <trkpt lat="-29.8044990" lon="24.4807900">
    <ele>1099.5</ele>
   </trkpt>
   <trkpt lat="-29.8044960" lon="24.4807850">
    <ele>1099.5</ele>
   </trkpt>
   <trkpt lat="-29.8044940" lon="24.4807790">
    <ele>1099.5</ele>
   </trkpt>
   <trkpt lat="-29.8044910" lon="24.4807740">
    <ele>1099.5</ele>
   </trkpt>
   <trkpt lat="-29.8044880" lon="24.4807690">
    <ele>1099.5</ele>
   </trkpt>
   <trkpt lat="-29.8044860" lon="24.4807640">
    <ele>1099.5</ele>
   </trkpt>
   <trkpt lat="-29.8044830" lon="24.4807590">
    <ele>1099.5</ele>
   </trkpt>
   <trkpt lat="-29.8044810" lon="24.4807540">
    <ele>1099.4</ele>
   </trkpt>
   <trkpt lat="-29.8044780" lon="24.4807490">
    <ele>1099.4</ele>
   </trkpt>
   <trkpt lat="-29.8044490" lon="24.4807270">
    <ele>1099.4</ele>
   </trkpt>
   <trkpt lat="-29.8044350" lon="24.4807220">
    <ele>1099.4</ele>
   </trkpt>
   <trkpt lat="-29.8044080" lon="24.4807110">
    <ele>1099.4</ele>
   </trkpt>
   <trkpt lat="-29.8043790" lon="24.4806750">
    <ele>1099.3</ele>
   </trkpt>
   <trkpt lat="-29.8043700" lon="24.4806600">
    <ele>1099.3</ele>
   </trkpt>
   <trkpt lat="-29.8043480" lon="24.4806330">
    <ele>1099.3</ele>
   </trkpt>
   <trkpt lat="-29.8043220" lon="24.4806090">
    <ele>1099.3</ele>
   </trkpt>
   <trkpt lat="-29.8042920" lon="24.4805860">
    <ele>1099.3</ele>
   </trkpt>
   <trkpt lat="-29.8042650" lon="24.4805610">
    <ele>1099.3</ele>
   </trkpt>
   <trkpt lat="-29.8042430" lon="24.4805320">
    <ele>1099.2</ele>
   </trkpt>
   <trkpt lat="-29.8042240" lon="24.4805080">
    <ele>1099.2</ele>
   </trkpt>
   <trkpt lat="-29.8041940" lon="24.4804890">
    <ele>1099.2</ele>
   </trkpt>
   <trkpt lat="-29.8041720" lon="24.4804580">
    <ele>1099.2</ele>
   </trkpt>
   <trkpt lat="-29.8041450" lon="24.4804280">
    <ele>1099.2</ele>
   </trkpt>
   <trkpt lat="-29.8041150" lon="24.4804000">
    <ele>1099.2</ele>
   </trkpt>
   <trkpt lat="-29.8040830" lon="24.4803730">
    <ele>1099.2</ele>
   </trkpt>
   <trkpt lat="-29.8040500" lon="24.4803440">
    <ele>1099.2</ele>
   </trkpt>
   <trkpt lat="-29.8040180" lon="24.4803110">
    <ele>1099.2</ele>
   </trkpt>
   <trkpt lat="-29.8039860" lon="24.4802770">
    <ele>1099.2</ele>
   </trkpt>
   <trkpt lat="-29.8039540" lon="24.4802390">
    <ele>1099.2</ele>
   </trkpt>
   <trkpt lat="-29.8039200" lon="24.4802040">
    <ele>1099.2</ele>
   </trkpt>
   <trkpt lat="-29.8038850" lon="24.4801730">
    <ele>1099.2</ele>
   </trkpt>
   <trkpt lat="-29.8038480" lon="24.4801410">
    <ele>1099.2</ele>
   </trkpt>
   <trkpt lat="-29.8038120" lon="24.4801100">
    <ele>1099.2</ele>
   </trkpt>
   <trkpt lat="-29.8037750" lon="24.4800780">
    <ele>1099.2</ele>
   </trkpt>
   <trkpt lat="-29.8037360" lon="24.4800500">
    <ele>1099.2</ele>
   </trkpt>
   <trkpt lat="-29.8036990" lon="24.4800200">
    <ele>1099.2</ele>
   </trkpt>
   <trkpt lat="-29.8036650" lon="24.4799880">
    <ele>1099.1</ele>
   </trkpt>
   <trkpt lat="-29.8036420" lon="24.4799580">
    <ele>1099.1</ele>
   </trkpt>
   <trkpt lat="-29.8036350" lon="24.4799450">
    <ele>1099.1</ele>
   </trkpt>
   <trkpt lat="-29.8036120" lon="24.4799200">
    <ele>1099.1</ele>
   </trkpt>
   <trkpt lat="-29.8035580" lon="24.4798640">
    <ele>1099.1</ele>
   </trkpt>
   <trkpt lat="-29.8035110" lon="24.4798250">
    <ele>1099.1</ele>
   </trkpt>
   <trkpt lat="-29.8034640" lon="24.4797860">
    <ele>1099.1</ele>
   </trkpt>
   <trkpt lat="-29.8034340" lon="24.4797520">
    <ele>1099.1</ele>
   </trkpt>
   <trkpt lat="-29.8033920" lon="24.4797270">
    <ele>1099.1</ele>
   </trkpt>
   <trkpt lat="-29.8033660" lon="24.4796850">
    <ele>1099.1</ele>
   </trkpt>
   <trkpt lat="-29.8033270" lon="24.4796550">
    <ele>1099.2</ele>
   </trkpt>
   <trkpt lat="-29.8032950" lon="24.4796210">
    <ele>1099.2</ele>
   </trkpt>
   <trkpt lat="-29.8032630" lon="24.4795880">
    <ele>1099.2</ele>
   </trkpt>
   <trkpt lat="-29.8032260" lon="24.4795560">
    <ele>1099.2</ele>
   </trkpt>
   <trkpt lat="-29.8031940" lon="24.4795180">
    <ele>1099.2</ele>
   </trkpt>
   <trkpt lat="-29.8031530" lon="24.4794910">
    <ele>1099.2</ele>
   </trkpt>
   <trkpt lat="-29.8031180" lon="24.4794570">
    <ele>1099.2</ele>
   </trkpt>
   <trkpt lat="-29.8030840" lon="24.4794220">
    <ele>1099.2</ele>
   </trkpt>
   <trkpt lat="-29.8030500" lon="24.4793890">
    <ele>1099.3</ele>
   </trkpt>
   <trkpt lat="-29.8030140" lon="24.4793580">
    <ele>1099.3</ele>
   </trkpt>
   <trkpt lat="-29.8029820" lon="24.4793230">
    <ele>1099.3</ele>
   </trkpt>
   <trkpt lat="-29.8029430" lon="24.4792960">
    <ele>1099.3</ele>
   </trkpt>
   <trkpt lat="-29.8029120" lon="24.4792620">
    <ele>1099.3</ele>
   </trkpt>
   <trkpt lat="-29.8028760" lon="24.4792330">
    <ele>1099.3</ele>
   </trkpt>
   <trkpt lat="-29.8028510" lon="24.4792140">
    <ele>1099.3</ele>
   </trkpt>
   <trkpt lat="-29.8028030" lon="24.4791720">
    <ele>1099.4</ele>
   </trkpt>
   <trkpt lat="-29.8027710" lon="24.4791390">
    <ele>1099.4</ele>
   </trkpt>
   <trkpt lat="-29.8027390" lon="24.4791050">
    <ele>1099.3</ele>
   </trkpt>
   <trkpt lat="-29.8027060" lon="24.4790690">
    <ele>1099.3</ele>
   </trkpt>
   <trkpt lat="-29.8026680" lon="24.4790400">
    <ele>1099.3</ele>
   </trkpt>
   <trkpt lat="-29.8026330" lon="24.4790060">
    <ele>1099.3</ele>
   </trkpt>
   <trkpt lat="-29.8026030" lon="24.4789660">
    <ele>1099.3</ele>
   </trkpt>
   <trkpt lat="-29.8025720" lon="24.4789310">
    <ele>1099.3</ele>
   </trkpt>
   <trkpt lat="-29.8025340" lon="24.4788960">
    <ele>1099.3</ele>
   </trkpt>
   <trkpt lat="-29.8024990" lon="24.4788700">
    <ele>1099.3</ele>
   </trkpt>
   <trkpt lat="-29.8024650" lon="24.4788260">
    <ele>1099.4</ele>
   </trkpt>
   <trkpt lat="-29.8024300" lon="24.4787900">
    <ele>1099.4</ele>
   </trkpt>
   <trkpt lat="-29.8023960" lon="24.4787570">
    <ele>1099.4</ele>
   </trkpt>
   <trkpt lat="-29.8023600" lon="24.4787200">
    <ele>1099.5</ele>
   </trkpt>
   <trkpt lat="-29.8023270" lon="24.4786860">
    <ele>1099.5</ele>
   </trkpt>
   <trkpt lat="-29.8022920" lon="24.4786490">
    <ele>1099.5</ele>
   </trkpt>
   <trkpt lat="-29.8022570" lon="24.4786120">
    <ele>1099.6</ele>
   </trkpt>
   <trkpt lat="-29.8022270" lon="24.4785690">
    <ele>1099.6</ele>
   </trkpt>
   <trkpt lat="-29.8021890" lon="24.4785320">
    <ele>1099.6</ele>
   </trkpt>
   <trkpt lat="-29.8021640" lon="24.4784900">
    <ele>1099.6</ele>
   </trkpt>
   <trkpt lat="-29.8021260" lon="24.4784670">
    <ele>1099.6</ele>
   </trkpt>
   <trkpt lat="-29.8020980" lon="24.4784220">
    <ele>1099.6</ele>
   </trkpt>
   <trkpt lat="-29.8020680" lon="24.4783910">
    <ele>1099.6</ele>
   </trkpt>
   <trkpt lat="-29.8020370" lon="24.4783630">
    <ele>1099.6</ele>
   </trkpt>
   <trkpt lat="-29.8020210" lon="24.4783340">
    <ele>1099.6</ele>
   </trkpt>
   <trkpt lat="-29.8020020" lon="24.4783100">
    <ele>1099.6</ele>
   </trkpt>
   <trkpt lat="-29.8019830" lon="24.4782870">
    <ele>1099.6</ele>
   </trkpt>
   <trkpt lat="-29.8019560" lon="24.4782400">
    <ele>1099.6</ele>
   </trkpt>
   <trkpt lat="-29.8019280" lon="24.4781900">
    <ele>1099.6</ele>
   </trkpt>
   <trkpt lat="-29.8019120" lon="24.4781680">
    <ele>1099.6</ele>
   </trkpt>
   <trkpt lat="-29.8018720" lon="24.4781040">
    <ele>1099.6</ele>
   </trkpt>
   <trkpt lat="-29.8018280" lon="24.4780480">
    <ele>1099.7</ele>
   </trkpt>
   <trkpt lat="-29.8017830" lon="24.4779920">
    <ele>1099.7</ele>
   </trkpt>
   <trkpt lat="-29.8017520" lon="24.4779540">
    <ele>1099.7</ele>
   </trkpt>
   <trkpt lat="-29.8017270" lon="24.4779100">
    <ele>1099.7</ele>
   </trkpt>
   <trkpt lat="-29.8016980" lon="24.4778730">
    <ele>1099.7</ele>
   </trkpt>
   <trkpt lat="-29.8016650" lon="24.4778390">
    <ele>1099.7</ele>
   </trkpt>
   <trkpt lat="-29.8016590" lon="24.4777900">
    <ele>1099.7</ele>
   </trkpt>
   <trkpt lat="-29.8016320" lon="24.4777490">
    <ele>1099.7</ele>
   </trkpt>
   <trkpt lat="-29.8015920" lon="24.4777040">
    <ele>1099.7</ele>
   </trkpt>
   <trkpt lat="-29.8015730" lon="24.4776550">
    <ele>1099.7</ele>
   </trkpt>
   <trkpt lat="-29.8015470" lon="24.4776080">
    <ele>1099.7</ele>
   </trkpt>
   <trkpt lat="-29.8015270" lon="24.4775590">
    <ele>1099.7</ele>
   </trkpt>
   <trkpt lat="-29.8015050" lon="24.4775100">
    <ele>1099.7</ele>
   </trkpt>
   <trkpt lat="-29.8014890" lon="24.4774580">
    <ele>1099.7</ele>
   </trkpt>
   <trkpt lat="-29.8014550" lon="24.4774150">
    <ele>1099.7</ele>
   </trkpt>
   <trkpt lat="-29.8014360" lon="24.4773630">
    <ele>1099.7</ele>
   </trkpt>
   <trkpt lat="-29.8014070" lon="24.4773210">
    <ele>1099.7</ele>
   </trkpt>
   <trkpt lat="-29.8013860" lon="24.4772670">
    <ele>1099.7</ele>
   </trkpt>
   <trkpt lat="-29.8013670" lon="24.4772200">
    <ele>1099.7</ele>
   </trkpt>
   <trkpt lat="-29.8013410" lon="24.4771780">
    <ele>1099.7</ele>
   </trkpt>
   <trkpt lat="-29.8013240" lon="24.4771270">
    <ele>1099.7</ele>
   </trkpt>
   <trkpt lat="-29.8013060" lon="24.4770760">
    <ele>1099.7</ele>
   </trkpt>
   <trkpt lat="-29.8013040" lon="24.4770360">
    <ele>1099.7</ele>
   </trkpt>
   <trkpt lat="-29.8012800" lon="24.4769860">
    <ele>1099.7</ele>
   </trkpt>
   <trkpt lat="-29.8012630" lon="24.4769370">
    <ele>1099.7</ele>
   </trkpt>
   <trkpt lat="-29.8012420" lon="24.4768890">
    <ele>1099.8</ele>
   </trkpt>
   <trkpt lat="-29.8012390" lon="24.4768410">
    <ele>1099.8</ele>
   </trkpt>
   <trkpt lat="-29.8012270" lon="24.4767990">
    <ele>1099.8</ele>
   </trkpt>
   <trkpt lat="-29.8012240" lon="24.4767880">
    <ele>1099.8</ele>
   </trkpt>
   <trkpt lat="-29.8012240" lon="24.4767670">
    <ele>1099.8</ele>
   </trkpt>
   <trkpt lat="-29.8011510" lon="24.4765930">
    <ele>1099.9</ele>
   </trkpt>
   <trkpt lat="-29.8011430" lon="24.4765630">
    <ele>1099.9</ele>
   </trkpt>
   <trkpt lat="-29.8011350" lon="24.4765040">
    <ele>1100.0</ele>
   </trkpt>
   <trkpt lat="-29.8011270" lon="24.4764540">
    <ele>1100.0</ele>
   </trkpt>
   <trkpt lat="-29.8011070" lon="24.4764020">
    <ele>1100.0</ele>
   </trkpt>
   <trkpt lat="-29.8010910" lon="24.4763480">
    <ele>1100.0</ele>
   </trkpt>
   <trkpt lat="-29.8010830" lon="24.4762900">
    <ele>1100.0</ele>
   </trkpt>
   <trkpt lat="-29.8010670" lon="24.4762370">
    <ele>1100.0</ele>
   </trkpt>
   <trkpt lat="-29.8010630" lon="24.4761820">
    <ele>1100.0</ele>
   </trkpt>
   <trkpt lat="-29.8010520" lon="24.4761310">
    <ele>1100.0</ele>
   </trkpt>
   <trkpt lat="-29.8010460" lon="24.4760720">
    <ele>1100.0</ele>
   </trkpt>
   <trkpt lat="-29.8010500" lon="24.4760130">
    <ele>1100.0</ele>
   </trkpt>
   <trkpt lat="-29.8010290" lon="24.4759550">
    <ele>1100.0</ele>
   </trkpt>
   <trkpt lat="-29.8010220" lon="24.4759000">
    <ele>1100.0</ele>
   </trkpt>
   <trkpt lat="-29.8010170" lon="24.4758440">
    <ele>1100.1</ele>
   </trkpt>
   <trkpt lat="-29.8010050" lon="24.4757960">
    <ele>1100.1</ele>
   </trkpt>
   <trkpt lat="-29.8010010" lon="24.4757390">
    <ele>1100.1</ele>
   </trkpt>
   <trkpt lat="-29.8010020" lon="24.4756890">
    <ele>1100.1</ele>
   </trkpt>
   <trkpt lat="-29.8009980" lon="24.4756350">
    <ele>1100.1</ele>
   </trkpt>
   <trkpt lat="-29.8009940" lon="24.4755950">
    <ele>1100.2</ele>
   </trkpt>
   <trkpt lat="-29.8009930" lon="24.4755280">
    <ele>1100.2</ele>
   </trkpt>
   <trkpt lat="-29.8009850" lon="24.4754800">
    <ele>1100.2</ele>
   </trkpt>
   <trkpt lat="-29.8009820" lon="24.4754280">
    <ele>1100.2</ele>
   </trkpt>
   <trkpt lat="-29.8009840" lon="24.4753740">
    <ele>1100.2</ele>
   </trkpt>
   <trkpt lat="-29.8009710" lon="24.4753170">
    <ele>1100.1</ele>
   </trkpt>
   <trkpt lat="-29.8009820" lon="24.4752630">
    <ele>1100.1</ele>
   </trkpt>
   <trkpt lat="-29.8009800" lon="24.4752060">
    <ele>1100.0</ele>
   </trkpt>
   <trkpt lat="-29.8009730" lon="24.4751440">
    <ele>1100.0</ele>
   </trkpt>
   <trkpt lat="-29.8009800" lon="24.4750850">
    <ele>1100.0</ele>
   </trkpt>
   <trkpt lat="-29.8009810" lon="24.4750350">
    <ele>1100.0</ele>
   </trkpt>
   <trkpt lat="-29.8009860" lon="24.4749710">
    <ele>1100.1</ele>
   </trkpt>
   <trkpt lat="-29.8009870" lon="24.4749140">
    <ele>1100.1</ele>
   </trkpt>
   <trkpt lat="-29.8009830" lon="24.4748640">
    <ele>1100.2</ele>
   </trkpt>
   <trkpt lat="-29.8009850" lon="24.4748070">
    <ele>1100.2</ele>
   </trkpt>
   <trkpt lat="-29.8009850" lon="24.4747510">
    <ele>1100.3</ele>
   </trkpt>
   <trkpt lat="-29.8009860" lon="24.4746990">
    <ele>1100.3</ele>
   </trkpt>
   <trkpt lat="-29.8009860" lon="24.4746390">
    <ele>1100.4</ele>
   </trkpt>
   <trkpt lat="-29.8009860" lon="24.4745880">
    <ele>1100.5</ele>
   </trkpt>
   <trkpt lat="-29.8009810" lon="24.4745320">
    <ele>1100.5</ele>
   </trkpt>
   <trkpt lat="-29.8009990" lon="24.4744880">
    <ele>1100.6</ele>
   </trkpt>
   <trkpt lat="-29.8009980" lon="24.4744340">
    <ele>1100.7</ele>
   </trkpt>
   <trkpt lat="-29.8010020" lon="24.4743840">
    <ele>1100.8</ele>
   </trkpt>
   <trkpt lat="-29.8009970" lon="24.4743320">
    <ele>1100.8</ele>
   </trkpt>
   <trkpt lat="-29.8010050" lon="24.4743020">
    <ele>1100.9</ele>
   </trkpt>
   <trkpt lat="-29.8010050" lon="24.4742840">
    <ele>1100.9</ele>
   </trkpt>
   <trkpt lat="-29.8010100" lon="24.4742470">
    <ele>1101.0</ele>
   </trkpt>
   <trkpt lat="-29.8010110" lon="24.4741580">
    <ele>1101.1</ele>
   </trkpt>
   <trkpt lat="-29.8010090" lon="24.4740870">
    <ele>1101.1</ele>
   </trkpt>
   <trkpt lat="-29.8010060" lon="24.4740170">
    <ele>1101.2</ele>
   </trkpt>
   <trkpt lat="-29.8009930" lon="24.4739680">
    <ele>1101.2</ele>
   </trkpt>
   <trkpt lat="-29.8009930" lon="24.4739120">
    <ele>1101.2</ele>
   </trkpt>
   <trkpt lat="-29.8009950" lon="24.4738610">
    <ele>1101.2</ele>
   </trkpt>
   <trkpt lat="-29.8009950" lon="24.4738070">
    <ele>1101.2</ele>
   </trkpt>
   <trkpt lat="-29.8009850" lon="24.4737520">
    <ele>1101.2</ele>
   </trkpt>
   <trkpt lat="-29.8009780" lon="24.4736950">
    <ele>1101.2</ele>
   </trkpt>
   <trkpt lat="-29.8009760" lon="24.4736360">
    <ele>1101.2</ele>
   </trkpt>
   <trkpt lat="-29.8009590" lon="24.4735800">
    <ele>1101.2</ele>
   </trkpt>
   <trkpt lat="-29.8009570" lon="24.4735170">
    <ele>1101.3</ele>
   </trkpt>
   <trkpt lat="-29.8009550" lon="24.4734580">
    <ele>1101.3</ele>
   </trkpt>
   <trkpt lat="-29.8009460" lon="24.4734000">
    <ele>1101.3</ele>
   </trkpt>
   <trkpt lat="-29.8009370" lon="24.4733450">
    <ele>1101.3</ele>
   </trkpt>
   <trkpt lat="-29.8009240" lon="24.4732920">
    <ele>1101.3</ele>
   </trkpt>
   <trkpt lat="-29.8009210" lon="24.4732360">
    <ele>1101.4</ele>
   </trkpt>
   <trkpt lat="-29.8009040" lon="24.4731830">
    <ele>1101.4</ele>
   </trkpt>
   <trkpt lat="-29.8008960" lon="24.4731300">
    <ele>1101.4</ele>
   </trkpt>
   <trkpt lat="-29.8008840" lon="24.4730770">
    <ele>1101.4</ele>
   </trkpt>
   <trkpt lat="-29.8008700" lon="24.4730260">
    <ele>1101.5</ele>
   </trkpt>
   <trkpt lat="-29.8008620" lon="24.4729790">
    <ele>1101.5</ele>
   </trkpt>
   <trkpt lat="-29.8008500" lon="24.4729290">
    <ele>1101.6</ele>
   </trkpt>
   <trkpt lat="-29.8008500" lon="24.4728750">
    <ele>1101.6</ele>
   </trkpt>
   <trkpt lat="-29.8008430" lon="24.4728160">
    <ele>1101.6</ele>
   </trkpt>
   <trkpt lat="-29.8008410" lon="24.4727810">
    <ele>1101.6</ele>
   </trkpt>
   <trkpt lat="-29.8008410" lon="24.4727600">
    <ele>1101.7</ele>
   </trkpt>
   <trkpt lat="-29.8008220" lon="24.4726720">
    <ele>1101.7</ele>
   </trkpt>
   <trkpt lat="-29.8008020" lon="24.4726050">
    <ele>1101.7</ele>
   </trkpt>
   <trkpt lat="-29.8007820" lon="24.4725380">
    <ele>1101.7</ele>
   </trkpt>
   <trkpt lat="-29.8007670" lon="24.4724900">
    <ele>1101.8</ele>
   </trkpt>
   <trkpt lat="-29.8007540" lon="24.4724390">
    <ele>1101.8</ele>
   </trkpt>
   <trkpt lat="-29.8007360" lon="24.4723840">
    <ele>1101.8</ele>
   </trkpt>
   <trkpt lat="-29.8007160" lon="24.4723290">
    <ele>1101.9</ele>
   </trkpt>
   <trkpt lat="-29.8006990" lon="24.4722790">
    <ele>1101.9</ele>
   </trkpt>
   <trkpt lat="-29.8006770" lon="24.4722270">
    <ele>1102.0</ele>
   </trkpt>
   <trkpt lat="-29.8006630" lon="24.4721790">
    <ele>1102.0</ele>
   </trkpt>
   <trkpt lat="-29.8006370" lon="24.4721300">
    <ele>1102.0</ele>
   </trkpt>
   <trkpt lat="-29.8006140" lon="24.4720760">
    <ele>1102.1</ele>
   </trkpt>
   <trkpt lat="-29.8005900" lon="24.4720230">
    <ele>1102.1</ele>
   </trkpt>
   <trkpt lat="-29.8005760" lon="24.4719720">
    <ele>1102.2</ele>
   </trkpt>
   <trkpt lat="-29.8005500" lon="24.4719230">
    <ele>1102.2</ele>
   </trkpt>
   <trkpt lat="-29.8005260" lon="24.4718730">
    <ele>1102.3</ele>
   </trkpt>
   <trkpt lat="-29.8005050" lon="24.4718210">
    <ele>1102.3</ele>
   </trkpt>
   <trkpt lat="-29.8004870" lon="24.4717790">
    <ele>1102.4</ele>
   </trkpt>
   <trkpt lat="-29.8004510" lon="24.4717280">
    <ele>1102.4</ele>
   </trkpt>
   <trkpt lat="-29.8004360" lon="24.4716830">
    <ele>1102.4</ele>
   </trkpt>
   <trkpt lat="-29.8004110" lon="24.4716340">
    <ele>1102.4</ele>
   </trkpt>
   <trkpt lat="-29.8003880" lon="24.4715830">
    <ele>1102.4</ele>
   </trkpt>
   <trkpt lat="-29.8003610" lon="24.4715390">
    <ele>1102.4</ele>
   </trkpt>
   <trkpt lat="-29.8003320" lon="24.4715020">
    <ele>1102.4</ele>
   </trkpt>
   <trkpt lat="-29.8002980" lon="24.4714610">
    <ele>1102.4</ele>
   </trkpt>
   <trkpt lat="-29.8002670" lon="24.4714170">
    <ele>1102.3</ele>
   </trkpt>
   <trkpt lat="-29.8002400" lon="24.4713710">
    <ele>1102.3</ele>
   </trkpt>
   <trkpt lat="-29.8002240" lon="24.4713300">
    <ele>1102.2</ele>
   </trkpt>
   <trkpt lat="-29.8002060" lon="24.4713010">
    <ele>1102.2</ele>
   </trkpt>
   <trkpt lat="-29.8001780" lon="24.4712770">
    <ele>1102.2</ele>
   </trkpt>
   <trkpt lat="-29.8001730" lon="24.4712680">
    <ele>1102.2</ele>
   </trkpt>
   <trkpt lat="-29.8000400" lon="24.4711290">
    <ele>1101.9</ele>
   </trkpt>
   <trkpt lat="-29.8000260" lon="24.4711030">
    <ele>1101.9</ele>
   </trkpt>
   <trkpt lat="-29.7999990" lon="24.4710560">
    <ele>1101.8</ele>
   </trkpt>
   <trkpt lat="-29.7999670" lon="24.4710180">
    <ele>1101.8</ele>
   </trkpt>
   <trkpt lat="-29.7999390" lon="24.4709780">
    <ele>1101.7</ele>
   </trkpt>
   <trkpt lat="-29.7999170" lon="24.4709330">
    <ele>1101.7</ele>
   </trkpt>
   <trkpt lat="-29.7998860" lon="24.4709010">
    <ele>1101.7</ele>
   </trkpt>
   <trkpt lat="-29.7998620" lon="24.4708610">
    <ele>1101.7</ele>
   </trkpt>
   <trkpt lat="-29.7998480" lon="24.4708120">
    <ele>1101.8</ele>
   </trkpt>
   <trkpt lat="-29.7998180" lon="24.4707770">
    <ele>1101.8</ele>
   </trkpt>
   <trkpt lat="-29.7997880" lon="24.4707410">
    <ele>1101.8</ele>
   </trkpt>
   <trkpt lat="-29.7997640" lon="24.4707020">
    <ele>1101.8</ele>
   </trkpt>
   <trkpt lat="-29.7997430" lon="24.4706600">
    <ele>1101.9</ele>
   </trkpt>
   <trkpt lat="-29.7997110" lon="24.4706240">
    <ele>1101.9</ele>
   </trkpt>
   <trkpt lat="-29.7996850" lon="24.4705870">
    <ele>1101.9</ele>
   </trkpt>
   <trkpt lat="-29.7996580" lon="24.4705510">
    <ele>1101.9</ele>
   </trkpt>
   <trkpt lat="-29.7996300" lon="24.4705180">
    <ele>1101.9</ele>
   </trkpt>
   <trkpt lat="-29.7996050" lon="24.4704780">
    <ele>1102.0</ele>
   </trkpt>
   <trkpt lat="-29.7995710" lon="24.4704350">
    <ele>1102.0</ele>
   </trkpt>
   <trkpt lat="-29.7995470" lon="24.4704040">
    <ele>1102.0</ele>
   </trkpt>
   <trkpt lat="-29.7995260" lon="24.4703670">
    <ele>1102.0</ele>
   </trkpt>
   <trkpt lat="-29.7994990" lon="24.4703290">
    <ele>1102.0</ele>
   </trkpt>
   <trkpt lat="-29.7994720" lon="24.4702870">
    <ele>1102.0</ele>
   </trkpt>
   <trkpt lat="-29.7994490" lon="24.4702540">
    <ele>1102.0</ele>
   </trkpt>
   <trkpt lat="-29.7994390" lon="24.4702430">
    <ele>1102.0</ele>
   </trkpt>
   <trkpt lat="-29.7994270" lon="24.4702080">
    <ele>1102.0</ele>
   </trkpt>
   <trkpt lat="-29.7994110" lon="24.4701730">
    <ele>1102.0</ele>
   </trkpt>
   <trkpt lat="-29.7993680" lon="24.4700990">
    <ele>1101.9</ele>
   </trkpt>
   <trkpt lat="-29.7993290" lon="24.4700510">
    <ele>1101.9</ele>
   </trkpt>
   <trkpt lat="-29.7992950" lon="24.4700160">
    <ele>1101.9</ele>
   </trkpt>
   <trkpt lat="-29.7992670" lon="24.4699750">
    <ele>1101.8</ele>
   </trkpt>
   <trkpt lat="-29.7992400" lon="24.4699330">
    <ele>1101.8</ele>
   </trkpt>
   <trkpt lat="-29.7992150" lon="24.4698930">
    <ele>1101.8</ele>
   </trkpt>
   <trkpt lat="-29.7991860" lon="24.4698520">
    <ele>1101.8</ele>
   </trkpt>
   <trkpt lat="-29.7991590" lon="24.4698060">
    <ele>1101.8</ele>
   </trkpt>
   <trkpt lat="-29.7991310" lon="24.4697650">
    <ele>1101.7</ele>
   </trkpt>
   <trkpt lat="-29.7990980" lon="24.4697240">
    <ele>1101.7</ele>
   </trkpt>
   <trkpt lat="-29.7990660" lon="24.4696820">
    <ele>1101.7</ele>
   </trkpt>
   <trkpt lat="-29.7990310" lon="24.4696480">
    <ele>1101.7</ele>
   </trkpt>
   <trkpt lat="-29.7989890" lon="24.4696080">
    <ele>1101.7</ele>
   </trkpt>
   <trkpt lat="-29.7989580" lon="24.4695630">
    <ele>1101.8</ele>
   </trkpt>
   <trkpt lat="-29.7989400" lon="24.4695240">
    <ele>1101.8</ele>
   </trkpt>
   <trkpt lat="-29.7989060" lon="24.4694820">
    <ele>1101.9</ele>
   </trkpt>
   <trkpt lat="-29.7988730" lon="24.4694490">
    <ele>1101.9</ele>
   </trkpt>
   <trkpt lat="-29.7988500" lon="24.4694050">
    <ele>1102.0</ele>
   </trkpt>
   <trkpt lat="-29.7988230" lon="24.4693660">
    <ele>1102.0</ele>
   </trkpt>
   <trkpt lat="-29.7988020" lon="24.4693230">
    <ele>1102.0</ele>
   </trkpt>
   <trkpt lat="-29.7987880" lon="24.4692890">
    <ele>1102.1</ele>
   </trkpt>
   <trkpt lat="-29.7987720" lon="24.4692560">
    <ele>1102.1</ele>
   </trkpt>
   <trkpt lat="-29.7987580" lon="24.4692200">
    <ele>1102.1</ele>
   </trkpt>
   <trkpt lat="-29.7987530" lon="24.4691990">
    <ele>1102.1</ele>
   </trkpt>
   <trkpt lat="-29.7987470" lon="24.4691630">
    <ele>1102.1</ele>
   </trkpt>
   <trkpt lat="-29.7987120" lon="24.4691070">
    <ele>1102.2</ele>
   </trkpt>
   <trkpt lat="-29.7986740" lon="24.4690750">
    <ele>1102.2</ele>
   </trkpt>
   <trkpt lat="-29.7986570" lon="24.4690270">
    <ele>1102.2</ele>
   </trkpt>
   <trkpt lat="-29.7986390" lon="24.4689850">
    <ele>1102.2</ele>
   </trkpt>
   <trkpt lat="-29.7985210" lon="24.4688970">
    <ele>1102.3</ele>
   </trkpt>
   <trkpt lat="-29.7984920" lon="24.4688570">
    <ele>1102.2</ele>
   </trkpt>
   <trkpt lat="-29.7984620" lon="24.4688200">
    <ele>1102.2</ele>
   </trkpt>
   <trkpt lat="-29.7984300" lon="24.4687850">
    <ele>1102.2</ele>
   </trkpt>
   <trkpt lat="-29.7983980" lon="24.4687500">
    <ele>1102.2</ele>
   </trkpt>
   <trkpt lat="-29.7983650" lon="24.4687140">
    <ele>1102.2</ele>
   </trkpt>
   <trkpt lat="-29.7983340" lon="24.4686760">
    <ele>1102.2</ele>
   </trkpt>
   <trkpt lat="-29.7983030" lon="24.4686370">
    <ele>1102.3</ele>
   </trkpt>
   <trkpt lat="-29.7982720" lon="24.4685980">
    <ele>1102.3</ele>
   </trkpt>
   <trkpt lat="-29.7982420" lon="24.4685600">
    <ele>1102.3</ele>
   </trkpt>
   <trkpt lat="-29.7982110" lon="24.4685210">
    <ele>1102.3</ele>
   </trkpt>
   <trkpt lat="-29.7981570" lon="24.4684440">
    <ele>1102.4</ele>
   </trkpt>
   <trkpt lat="-29.7981310" lon="24.4684050">
    <ele>1102.4</ele>
   </trkpt>
   <trkpt lat="-29.7981040" lon="24.4683690">
    <ele>1102.5</ele>
   </trkpt>
   <trkpt lat="-29.7980760" lon="24.4683320">
    <ele>1102.5</ele>
   </trkpt>
   <trkpt lat="-29.7980490" lon="24.4682940">
    <ele>1102.5</ele>
   </trkpt>
   <trkpt lat="-29.7980230" lon="24.4682580">
    <ele>1102.6</ele>
   </trkpt>
   <trkpt lat="-29.7979980" lon="24.4682200">
    <ele>1102.6</ele>
   </trkpt>
   <trkpt lat="-29.7979870" lon="24.4681830">
    <ele>1102.6</ele>
   </trkpt>
   <trkpt lat="-29.7979910" lon="24.4681700">
    <ele>1102.6</ele>
   </trkpt>
   <trkpt lat="-29.7979750" lon="24.4681440">
    <ele>1102.7</ele>
   </trkpt>
   <trkpt lat="-29.7978960" lon="24.4680690">
    <ele>1102.7</ele>
   </trkpt>
   <trkpt lat="-29.7978690" lon="24.4680300">
    <ele>1102.7</ele>
   </trkpt>
   <trkpt lat="-29.7978420" lon="24.4679890">
    <ele>1102.7</ele>
   </trkpt>
   <trkpt lat="-29.7978150" lon="24.4679480">
    <ele>1102.7</ele>
   </trkpt>
   <trkpt lat="-29.7977890" lon="24.4679080">
    <ele>1102.7</ele>
   </trkpt>
   <trkpt lat="-29.7977640" lon="24.4678670">
    <ele>1102.7</ele>
   </trkpt>
   <trkpt lat="-29.7977380" lon="24.4678260">
    <ele>1102.7</ele>
   </trkpt>
   <trkpt lat="-29.7977100" lon="24.4677860">
    <ele>1102.7</ele>
   </trkpt>
   <trkpt lat="-29.7976810" lon="24.4677440">
    <ele>1102.7</ele>
   </trkpt>
   <trkpt lat="-29.7976550" lon="24.4677040">
    <ele>1102.7</ele>
   </trkpt>
   <trkpt lat="-29.7976270" lon="24.4676610">
    <ele>1102.7</ele>
   </trkpt>
   <trkpt lat="-29.7976000" lon="24.4676200">
    <ele>1102.7</ele>
   </trkpt>
   <trkpt lat="-29.7975740" lon="24.4675800">
    <ele>1102.7</ele>
   </trkpt>
   <trkpt lat="-29.7975460" lon="24.4675390">
    <ele>1102.7</ele>
   </trkpt>
   <trkpt lat="-29.7975170" lon="24.4674990">
    <ele>1102.7</ele>
   </trkpt>
   <trkpt lat="-29.7974860" lon="24.4674570">
    <ele>1102.8</ele>
   </trkpt>
   <trkpt lat="-29.7974560" lon="24.4674150">
    <ele>1102.9</ele>
   </trkpt>
   <trkpt lat="-29.7974270" lon="24.4673720">
    <ele>1103.0</ele>
   </trkpt>
   <trkpt lat="-29.7973980" lon="24.4673350">
    <ele>1103.0</ele>
   </trkpt>
   <trkpt lat="-29.7973800" lon="24.4673060">
    <ele>1103.0</ele>
   </trkpt>
   <trkpt lat="-29.7973420" lon="24.4672520">
    <ele>1103.1</ele>
   </trkpt>
   <trkpt lat="-29.7973140" lon="24.4672150">
    <ele>1103.1</ele>
   </trkpt>
   <trkpt lat="-29.7972870" lon="24.4671750">
    <ele>1103.2</ele>
   </trkpt>
   <trkpt lat="-29.7972600" lon="24.4671350">
    <ele>1103.2</ele>
   </trkpt>
   <trkpt lat="-29.7972350" lon="24.4670960">
    <ele>1103.2</ele>
   </trkpt>
   <trkpt lat="-29.7972100" lon="24.4670560">
    <ele>1103.3</ele>
   </trkpt>
   <trkpt lat="-29.7971830" lon="24.4670180">
    <ele>1103.3</ele>
   </trkpt>
   <trkpt lat="-29.7971550" lon="24.4669820">
    <ele>1103.3</ele>
   </trkpt>
   <trkpt lat="-29.7971270" lon="24.4669450">
    <ele>1103.4</ele>
   </trkpt>
   <trkpt lat="-29.7970990" lon="24.4669090">
    <ele>1103.4</ele>
   </trkpt>
   <trkpt lat="-29.7970730" lon="24.4668720">
    <ele>1103.4</ele>
   </trkpt>
   <trkpt lat="-29.7970470" lon="24.4668350">
    <ele>1103.5</ele>
   </trkpt>
   <trkpt lat="-29.7970200" lon="24.4667980">
    <ele>1103.5</ele>
   </trkpt>
   <trkpt lat="-29.7969940" lon="24.4667590">
    <ele>1103.6</ele>
   </trkpt>
   <trkpt lat="-29.7969690" lon="24.4667210">
    <ele>1103.6</ele>
   </trkpt>
   <trkpt lat="-29.7969440" lon="24.4666840">
    <ele>1103.7</ele>
   </trkpt>
   <trkpt lat="-29.7969320" lon="24.4666460">
    <ele>1103.7</ele>
   </trkpt>
   <trkpt lat="-29.7969200" lon="24.4666220">
    <ele>1103.7</ele>
   </trkpt>
   <trkpt lat="-29.7969100" lon="24.4666070">
    <ele>1103.8</ele>
   </trkpt>
   <trkpt lat="-29.7969000" lon="24.4665740">
    <ele>1103.8</ele>
   </trkpt>
   <trkpt lat="-29.7968880" lon="24.4665390">
    <ele>1103.8</ele>
   </trkpt>
   <trkpt lat="-29.7968360" lon="24.4664690">
    <ele>1103.8</ele>
   </trkpt>
   <trkpt lat="-29.7967850" lon="24.4664220">
    <ele>1103.9</ele>
   </trkpt>
   <trkpt lat="-29.7967330" lon="24.4663750">
    <ele>1104.0</ele>
   </trkpt>
   <trkpt lat="-29.7967050" lon="24.4663370">
    <ele>1104.1</ele>
   </trkpt>
   <trkpt lat="-29.7966780" lon="24.4663010">
    <ele>1104.1</ele>
   </trkpt>
   <trkpt lat="-29.7966500" lon="24.4662650">
    <ele>1104.2</ele>
   </trkpt>
   <trkpt lat="-29.7966220" lon="24.4662260">
    <ele>1104.3</ele>
   </trkpt>
   <trkpt lat="-29.7965950" lon="24.4661880">
    <ele>1104.3</ele>
   </trkpt>
   <trkpt lat="-29.7965710" lon="24.4661530">
    <ele>1104.4</ele>
   </trkpt>
   <trkpt lat="-29.7965460" lon="24.4661170">
    <ele>1104.5</ele>
   </trkpt>
   <trkpt lat="-29.7965220" lon="24.4660810">
    <ele>1104.5</ele>
   </trkpt>
   <trkpt lat="-29.7964980" lon="24.4660440">
    <ele>1104.6</ele>
   </trkpt>
   <trkpt lat="-29.7964730" lon="24.4660060">
    <ele>1104.7</ele>
   </trkpt>
   <trkpt lat="-29.7964470" lon="24.4659690">
    <ele>1104.7</ele>
   </trkpt>
   <trkpt lat="-29.7964210" lon="24.4659340">
    <ele>1104.8</ele>
   </trkpt>
   <trkpt lat="-29.7963930" lon="24.4659000">
    <ele>1104.8</ele>
   </trkpt>
   <trkpt lat="-29.7963660" lon="24.4658640">
    <ele>1104.9</ele>
   </trkpt>
   <trkpt lat="-29.7963410" lon="24.4658280">
    <ele>1105.0</ele>
   </trkpt>
   <trkpt lat="-29.7963170" lon="24.4657920">
    <ele>1105.0</ele>
   </trkpt>
   <trkpt lat="-29.7962940" lon="24.4657570">
    <ele>1105.1</ele>
   </trkpt>
   <trkpt lat="-29.7962840" lon="24.4657210">
    <ele>1105.1</ele>
   </trkpt>
   <trkpt lat="-29.7962720" lon="24.4657010">
    <ele>1105.1</ele>
   </trkpt>
   <trkpt lat="-29.7962570" lon="24.4656670">
    <ele>1105.2</ele>
   </trkpt>
   <trkpt lat="-29.7962470" lon="24.4656490">
    <ele>1105.2</ele>
   </trkpt>
   <trkpt lat="-29.7962250" lon="24.4656090">
    <ele>1105.3</ele>
   </trkpt>
   <trkpt lat="-29.7962190" lon="24.4655920">
    <ele>1105.3</ele>
   </trkpt>
   <trkpt lat="-29.7962030" lon="24.4655620">
    <ele>1105.3</ele>
   </trkpt>
   <trkpt lat="-29.7961790" lon="24.4655380">
    <ele>1105.3</ele>
   </trkpt>
   <trkpt lat="-29.7961660" lon="24.4655030">
    <ele>1105.4</ele>
   </trkpt>
   <trkpt lat="-29.7961400" lon="24.4654540">
    <ele>1105.4</ele>
   </trkpt>
   <trkpt lat="-29.7961230" lon="24.4654070">
    <ele>1105.5</ele>
   </trkpt>
   <trkpt lat="-29.7961120" lon="24.4653880">
    <ele>1105.5</ele>
   </trkpt>
   <trkpt lat="-29.7960860" lon="24.4653540">
    <ele>1105.6</ele>
   </trkpt>
   <trkpt lat="-29.7960500" lon="24.4653090">
    <ele>1105.6</ele>
   </trkpt>
   <trkpt lat="-29.7960220" lon="24.4652740">
    <ele>1105.7</ele>
   </trkpt>
   <trkpt lat="-29.7959950" lon="24.4652410">
    <ele>1105.7</ele>
   </trkpt>
   <trkpt lat="-29.7959600" lon="24.4651940">
    <ele>1105.8</ele>
   </trkpt>
   <trkpt lat="-29.7959410" lon="24.4651700">
    <ele>1105.8</ele>
   </trkpt>
   <trkpt lat="-29.7959060" lon="24.4651240">
    <ele>1105.9</ele>
   </trkpt>
   <trkpt lat="-29.7958920" lon="24.4650990">
    <ele>1106.0</ele>
   </trkpt>
   <trkpt lat="-29.7957630" lon="24.4650290">
    <ele>1106.2</ele>
   </trkpt>
   <trkpt lat="-29.7957460" lon="24.4649870">
    <ele>1106.2</ele>
   </trkpt>
   <trkpt lat="-29.7957210" lon="24.4649510">
    <ele>1106.2</ele>
   </trkpt>
   <trkpt lat="-29.7956920" lon="24.4649210">
    <ele>1106.3</ele>
   </trkpt>
   <trkpt lat="-29.7956720" lon="24.4648820">
    <ele>1106.3</ele>
   </trkpt>
   <trkpt lat="-29.7956480" lon="24.4648450">
    <ele>1106.4</ele>
   </trkpt>
   <trkpt lat="-29.7956190" lon="24.4648080">
    <ele>1106.5</ele>
   </trkpt>
   <trkpt lat="-29.7955900" lon="24.4647740">
    <ele>1106.5</ele>
   </trkpt>
   <trkpt lat="-29.7955630" lon="24.4647410">
    <ele>1106.6</ele>
   </trkpt>
   <trkpt lat="-29.7955400" lon="24.4647040">
    <ele>1106.6</ele>
   </trkpt>
   <trkpt lat="-29.7955210" lon="24.4646580">
    <ele>1106.7</ele>
   </trkpt>
   <trkpt lat="-29.7954980" lon="24.4646250">
    <ele>1106.7</ele>
   </trkpt>
   <trkpt lat="-29.7954710" lon="24.4645920">
    <ele>1106.8</ele>
   </trkpt>
   <trkpt lat="-29.7954490" lon="24.4645550">
    <ele>1106.8</ele>
   </trkpt>
   <trkpt lat="-29.7954250" lon="24.4645190">
    <ele>1106.9</ele>
   </trkpt>
   <trkpt lat="-29.7954110" lon="24.4644830">
    <ele>1106.9</ele>
   </trkpt>
   <trkpt lat="-29.7953920" lon="24.4644550">
    <ele>1107.0</ele>
   </trkpt>
   <trkpt lat="-29.7953680" lon="24.4644220">
    <ele>1107.0</ele>
   </trkpt>
   <trkpt lat="-29.7953460" lon="24.4643860">
    <ele>1107.1</ele>
   </trkpt>
   <trkpt lat="-29.7953230" lon="24.4643510">
    <ele>1107.2</ele>
   </trkpt>
   <trkpt lat="-29.7953020" lon="24.4643160">
    <ele>1107.3</ele>
   </trkpt>
   <trkpt lat="-29.7952770" lon="24.4642800">
    <ele>1107.3</ele>
   </trkpt>
   <trkpt lat="-29.7952540" lon="24.4642450">
    <ele>1107.4</ele>
   </trkpt>
   <trkpt lat="-29.7952290" lon="24.4642100">
    <ele>1107.5</ele>
   </trkpt>
   <trkpt lat="-29.7952050" lon="24.4641760">
    <ele>1107.5</ele>
   </trkpt>
   <trkpt lat="-29.7951750" lon="24.4641440">
    <ele>1107.5</ele>
   </trkpt>
   <trkpt lat="-29.7951520" lon="24.4641080">
    <ele>1107.5</ele>
   </trkpt>
   <trkpt lat="-29.7951290" lon="24.4640710">
    <ele>1107.5</ele>
   </trkpt>
   <trkpt lat="-29.7951070" lon="24.4640350">
    <ele>1107.5</ele>
   </trkpt>
   <trkpt lat="-29.7950830" lon="24.4640080">
    <ele>1107.6</ele>
   </trkpt>
   <trkpt lat="-29.7950570" lon="24.4639810">
    <ele>1107.7</ele>
   </trkpt>
   <trkpt lat="-29.7950330" lon="24.4639450">
    <ele>1107.8</ele>
   </trkpt>
   <trkpt lat="-29.7950060" lon="24.4639150">
    <ele>1107.9</ele>
   </trkpt>
   <trkpt lat="-29.7949880" lon="24.4638790">
    <ele>1108.0</ele>
   </trkpt>
   <trkpt lat="-29.7949690" lon="24.4638440">
    <ele>1108.1</ele>
   </trkpt>
   <trkpt lat="-29.7949430" lon="24.4638090">
    <ele>1108.2</ele>
   </trkpt>
   <trkpt lat="-29.7949200" lon="24.4637800">
    <ele>1108.3</ele>
   </trkpt>
   <trkpt lat="-29.7949040" lon="24.4637450">
    <ele>1108.4</ele>
   </trkpt>
   <trkpt lat="-29.7948790" lon="24.4637130">
    <ele>1108.6</ele>
   </trkpt>
   <trkpt lat="-29.7948590" lon="24.4636780">
    <ele>1108.7</ele>
   </trkpt>
   <trkpt lat="-29.7948370" lon="24.4636440">
    <ele>1108.8</ele>
   </trkpt>
   <trkpt lat="-29.7948180" lon="24.4636170">
    <ele>1108.9</ele>
   </trkpt>
   <trkpt lat="-29.7948120" lon="24.4636030">
    <ele>1109.0</ele>
   </trkpt>
   <trkpt lat="-29.7947950" lon="24.4635750">
    <ele>1109.1</ele>
   </trkpt>
   <trkpt lat="-29.7947810" lon="24.4635470">
    <ele>1109.1</ele>
   </trkpt>
   <trkpt lat="-29.7947660" lon="24.4635160">
    <ele>1109.2</ele>
   </trkpt>
   <trkpt lat="-29.7947460" lon="24.4634740">
    <ele>1109.4</ele>
   </trkpt>
   <trkpt lat="-29.7947320" lon="24.4634520">
    <ele>1109.5</ele>
   </trkpt>
   <trkpt lat="-29.7946840" lon="24.4633860">
    <ele>1109.7</ele>
   </trkpt>
   <trkpt lat="-29.7946620" lon="24.4633460">
    <ele>1109.9</ele>
   </trkpt>
   <trkpt lat="-29.7946350" lon="24.4633090">
    <ele>1110.0</ele>
   </trkpt>
   <trkpt lat="-29.7946060" lon="24.4632780">
    <ele>1110.1</ele>
   </trkpt>
   <trkpt lat="-29.7945770" lon="24.4632410">
    <ele>1110.3</ele>
   </trkpt>
   <trkpt lat="-29.7945530" lon="24.4632090">
    <ele>1110.4</ele>
   </trkpt>
   <trkpt lat="-29.7945260" lon="24.4631730">
    <ele>1110.6</ele>
   </trkpt>
   <trkpt lat="-29.7945030" lon="24.4631380">
    <ele>1110.7</ele>
   </trkpt>
   <trkpt lat="-29.7944790" lon="24.4631040">
    <ele>1110.9</ele>
   </trkpt>
   <trkpt lat="-29.7944550" lon="24.4630730">
    <ele>1111.0</ele>
   </trkpt>
   <trkpt lat="-29.7944330" lon="24.4630410">
    <ele>1111.2</ele>
   </trkpt>
   <trkpt lat="-29.7944070" lon="24.4630110">
    <ele>1111.3</ele>
   </trkpt>
   <trkpt lat="-29.7943870" lon="24.4629790">
    <ele>1111.4</ele>
   </trkpt>
   <trkpt lat="-29.7943680" lon="24.4629460">
    <ele>1111.6</ele>
   </trkpt>
   <trkpt lat="-29.7943490" lon="24.4629140">
    <ele>1111.7</ele>
   </trkpt>
   <trkpt lat="-29.7943270" lon="24.4628850">
    <ele>1111.8</ele>
   </trkpt>
   <trkpt lat="-29.7943050" lon="24.4628590">
    <ele>1112.0</ele>
   </trkpt>
   <trkpt lat="-29.7942840" lon="24.4628290">
    <ele>1112.1</ele>
   </trkpt>
   <trkpt lat="-29.7942630" lon="24.4627980">
    <ele>1112.2</ele>
   </trkpt>
   <trkpt lat="-29.7942440" lon="24.4627690">
    <ele>1112.4</ele>
   </trkpt>
   <trkpt lat="-29.7942110" lon="24.4627370">
    <ele>1112.6</ele>
   </trkpt>
   <trkpt lat="-29.7941890" lon="24.4627110">
    <ele>1112.7</ele>
   </trkpt>
   <trkpt lat="-29.7941730" lon="24.4626750">
    <ele>1112.9</ele>
   </trkpt>
   <trkpt lat="-29.7941640" lon="24.4626600">
    <ele>1112.9</ele>
   </trkpt>
   <trkpt lat="-29.7941490" lon="24.4626250">
    <ele>1113.1</ele>
   </trkpt>
   <trkpt lat="-29.7941410" lon="24.4626110">
    <ele>1113.2</ele>
   </trkpt>
   <trkpt lat="-29.7941220" lon="24.4625880">
    <ele>1113.3</ele>
   </trkpt>
   <trkpt lat="-29.7940970" lon="24.4625500">
    <ele>1113.5</ele>
   </trkpt>
   <trkpt lat="-29.7940870" lon="24.4625370">
    <ele>1113.6</ele>
   </trkpt>
   <trkpt lat="-29.7940730" lon="24.4625100">
    <ele>1113.7</ele>
   </trkpt>
   <trkpt lat="-29.7940590" lon="24.4624830">
    <ele>1113.8</ele>
   </trkpt>
   <trkpt lat="-29.7940390" lon="24.4624420">
    <ele>1114.0</ele>
   </trkpt>
   <trkpt lat="-29.7940260" lon="24.4624200">
    <ele>1114.1</ele>
   </trkpt>
   <trkpt lat="-29.7940010" lon="24.4623800">
    <ele>1114.3</ele>
   </trkpt>
   <trkpt lat="-29.7939870" lon="24.4623580">
    <ele>1114.5</ele>
   </trkpt>
   <trkpt lat="-29.7939700" lon="24.4623270">
    <ele>1114.6</ele>
   </trkpt>
   <trkpt lat="-29.7939510" lon="24.4622940">
    <ele>1114.8</ele>
   </trkpt>
   <trkpt lat="-29.7939310" lon="24.4622630">
    <ele>1115.0</ele>
   </trkpt>
   <trkpt lat="-29.7939040" lon="24.4622210">
    <ele>1115.2</ele>
   </trkpt>
   <trkpt lat="-29.7938960" lon="24.4621970">
    <ele>1115.3</ele>
   </trkpt>
   <trkpt lat="-29.7938750" lon="24.4621670">
    <ele>1115.5</ele>
   </trkpt>
   <trkpt lat="-29.7938480" lon="24.4621410">
    <ele>1115.7</ele>
   </trkpt>
   <trkpt lat="-29.7938220" lon="24.4621080">
    <ele>1115.8</ele>
   </trkpt>
   <trkpt lat="-29.7938100" lon="24.4620950">
    <ele>1115.9</ele>
   </trkpt>
   <trkpt lat="-29.7937930" lon="24.4620620">
    <ele>1116.1</ele>
   </trkpt>
   <trkpt lat="-29.7937680" lon="24.4620230">
    <ele>1116.3</ele>
   </trkpt>
   <trkpt lat="-29.7937460" lon="24.4619870">
    <ele>1116.5</ele>
   </trkpt>
   <trkpt lat="-29.7937370" lon="24.4619740">
    <ele>1116.6</ele>
   </trkpt>
   <trkpt lat="-29.7937080" lon="24.4619350">
    <ele>1116.8</ele>
   </trkpt>
   <trkpt lat="-29.7936860" lon="24.4619020">
    <ele>1117.0</ele>
   </trkpt>
   <trkpt lat="-29.7936610" lon="24.4618720">
    <ele>1117.2</ele>
   </trkpt>
   <trkpt lat="-29.7935440" lon="24.4618160">
    <ele>1117.9</ele>
   </trkpt>
   <trkpt lat="-29.7935290" lon="24.4617850">
    <ele>1118.1</ele>
   </trkpt>
   <trkpt lat="-29.7935110" lon="24.4617530">
    <ele>1118.3</ele>
   </trkpt>
   <trkpt lat="-29.7935290" lon="24.4617280">
    <ele>1118.5</ele>
   </trkpt>
   <trkpt lat="-29.7935230" lon="24.4617250">
    <ele>1118.6</ele>
   </trkpt>
   <trkpt lat="-29.7935080" lon="24.4616940">
    <ele>1118.8</ele>
   </trkpt>
   <trkpt lat="-29.7934870" lon="24.4616540">
    <ele>1119.1</ele>
   </trkpt>
   <trkpt lat="-29.7934630" lon="24.4616230">
    <ele>1119.3</ele>
   </trkpt>
   <trkpt lat="-29.7934530" lon="24.4616080">
    <ele>1119.4</ele>
   </trkpt>
   <trkpt lat="-29.7934370" lon="24.4615790">
    <ele>1119.6</ele>
   </trkpt>
   <trkpt lat="-29.7934180" lon="24.4615490">
    <ele>1119.9</ele>
   </trkpt>
   <trkpt lat="-29.7933960" lon="24.4615230">
    <ele>1120.1</ele>
   </trkpt>
   <trkpt lat="-29.7933650" lon="24.4614860">
    <ele>1120.4</ele>
   </trkpt>
   <trkpt lat="-29.7933440" lon="24.4614480">
    <ele>1120.7</ele>
   </trkpt>
   <trkpt lat="-29.7933320" lon="24.4614340">
    <ele>1120.9</ele>
   </trkpt>
   <trkpt lat="-29.7933190" lon="24.4614020">
    <ele>1121.1</ele>
   </trkpt>
   <trkpt lat="-29.7933040" lon="24.4613730">
    <ele>1121.3</ele>
   </trkpt>
   <trkpt lat="-29.7932690" lon="24.4613300">
    <ele>1121.7</ele>
   </trkpt>
   <trkpt lat="-29.7932520" lon="24.4612990">
    <ele>1122.0</ele>
   </trkpt>
   <trkpt lat="-29.7932470" lon="24.4612800">
    <ele>1122.1</ele>
   </trkpt>
   <trkpt lat="-29.7932290" lon="24.4612530">
    <ele>1122.4</ele>
   </trkpt>
   <trkpt lat="-29.7932100" lon="24.4612290">
    <ele>1122.6</ele>
   </trkpt>
   <trkpt lat="-29.7931830" lon="24.4611870">
    <ele>1122.9</ele>
   </trkpt>
   <trkpt lat="-29.7931650" lon="24.4611650">
    <ele>1123.2</ele>
   </trkpt>
   <trkpt lat="-29.7931440" lon="24.4611350">
    <ele>1123.4</ele>
   </trkpt>
   <trkpt lat="-29.7931220" lon="24.4611090">
    <ele>1123.7</ele>
   </trkpt>
   <trkpt lat="-29.7931030" lon="24.4610670">
    <ele>1124.0</ele>
   </trkpt>
   <trkpt lat="-29.7930890" lon="24.4610450">
    <ele>1124.2</ele>
   </trkpt>
   <trkpt lat="-29.7930760" lon="24.4610140">
    <ele>1124.5</ele>
   </trkpt>
   <trkpt lat="-29.7930430" lon="24.4609810">
    <ele>1124.8</ele>
   </trkpt>
   <trkpt lat="-29.7930270" lon="24.4609610">
    <ele>1125.0</ele>
   </trkpt>
   <trkpt lat="-29.7930100" lon="24.4609270">
    <ele>1125.3</ele>
   </trkpt>
   <trkpt lat="-29.7929970" lon="24.4608960">
    <ele>1125.5</ele>
   </trkpt>
   <trkpt lat="-29.7929770" lon="24.4608620">
    <ele>1125.8</ele>
   </trkpt>
   <trkpt lat="-29.7929570" lon="24.4608220">
    <ele>1126.1</ele>
   </trkpt>
   <trkpt lat="-29.7929200" lon="24.4607880">
    <ele>1126.4</ele>
   </trkpt>
   <trkpt lat="-29.7928960" lon="24.4607540">
    <ele>1126.7</ele>
   </trkpt>
   <trkpt lat="-29.7928700" lon="24.4607200">
    <ele>1126.9</ele>
   </trkpt>
   <trkpt lat="-29.7928390" lon="24.4606870">
    <ele>1127.2</ele>
   </trkpt>
   <trkpt lat="-29.7928270" lon="24.4606740">
    <ele>1127.3</ele>
   </trkpt>
   <trkpt lat="-29.7928090" lon="24.4606450">
    <ele>1127.6</ele>
   </trkpt>
   <trkpt lat="-29.7927810" lon="24.4606210">
    <ele>1127.8</ele>
   </trkpt>
   <trkpt lat="-29.7927620" lon="24.4605960">
    <ele>1127.9</ele>
   </trkpt>
   <trkpt lat="-29.7927430" lon="24.4605650">
    <ele>1128.1</ele>
   </trkpt>
   <trkpt lat="-29.7927230" lon="24.4605390">
    <ele>1128.3</ele>
   </trkpt>
   <trkpt lat="-29.7927110" lon="24.4605090">
    <ele>1128.5</ele>
   </trkpt>
   <trkpt lat="-29.7927010" lon="24.4604730">
    <ele>1128.6</ele>
   </trkpt>
   <trkpt lat="-29.7926820" lon="24.4604460">
    <ele>1128.8</ele>
   </trkpt>
   <trkpt lat="-29.7926720" lon="24.4604070">
    <ele>1129.0</ele>
   </trkpt>
   <trkpt lat="-29.7926560" lon="24.4603780">
    <ele>1129.2</ele>
   </trkpt>
   <trkpt lat="-29.7926340" lon="24.4603480">
    <ele>1129.3</ele>
   </trkpt>
   <trkpt lat="-29.7926160" lon="24.4603160">
    <ele>1129.5</ele>
   </trkpt>
   <trkpt lat="-29.7926000" lon="24.4602840">
    <ele>1129.7</ele>
   </trkpt>
   <trkpt lat="-29.7925880" lon="24.4602560">
    <ele>1129.9</ele>
   </trkpt>
   <trkpt lat="-29.7925790" lon="24.4602210">
    <ele>1130.1</ele>
   </trkpt>
   <trkpt lat="-29.7925590" lon="24.4601960">
    <ele>1130.2</ele>
   </trkpt>
   <trkpt lat="-29.7925490" lon="24.4601660">
    <ele>1130.4</ele>
   </trkpt>
   <trkpt lat="-29.7925360" lon="24.4601190">
    <ele>1130.6</ele>
   </trkpt>
   <trkpt lat="-29.7925260" lon="24.4600950">
    <ele>1130.8</ele>
   </trkpt>
   <trkpt lat="-29.7925070" lon="24.4600570">
    <ele>1131.0</ele>
   </trkpt>
   <trkpt lat="-29.7924990" lon="24.4600430">
    <ele>1131.1</ele>
   </trkpt>
   <trkpt lat="-29.7924870" lon="24.4600080">
    <ele>1131.2</ele>
   </trkpt>
   <trkpt lat="-29.7924660" lon="24.4599620">
    <ele>1131.5</ele>
   </trkpt>
   <trkpt lat="-29.7924480" lon="24.4599180">
    <ele>1131.7</ele>
   </trkpt>
   <trkpt lat="-29.7924360" lon="24.4598930">
    <ele>1131.8</ele>
   </trkpt>
   <trkpt lat="-29.7924160" lon="24.4598450">
    <ele>1132.0</ele>
   </trkpt>
   <trkpt lat="-29.7924050" lon="24.4598200">
    <ele>1132.1</ele>
   </trkpt>
   <trkpt lat="-29.7923890" lon="24.4597700">
    <ele>1132.2</ele>
   </trkpt>
   <trkpt lat="-29.7923840" lon="24.4597460">
    <ele>1132.3</ele>
   </trkpt>
   <trkpt lat="-29.7923640" lon="24.4597100">
    <ele>1132.4</ele>
   </trkpt>
   <trkpt lat="-29.7923580" lon="24.4596960">
    <ele>1132.4</ele>
   </trkpt>
   <trkpt lat="-29.7923400" lon="24.4596500">
    <ele>1132.5</ele>
   </trkpt>
   <trkpt lat="-29.7923300" lon="24.4596180">
    <ele>1132.5</ele>
   </trkpt>
   <trkpt lat="-29.7923140" lon="24.4595730">
    <ele>1132.6</ele>
   </trkpt>
   <trkpt lat="-29.7923070" lon="24.4595520">
    <ele>1132.6</ele>
   </trkpt>
   <trkpt lat="-29.7922820" lon="24.4594950">
    <ele>1132.6</ele>
   </trkpt>
   <trkpt lat="-29.7922780" lon="24.4594600">
    <ele>1132.6</ele>
   </trkpt>
   <trkpt lat="-29.7922640" lon="24.4594330">
    <ele>1132.6</ele>
   </trkpt>
   <trkpt lat="-29.7922470" lon="24.4593850">
    <ele>1132.6</ele>
   </trkpt>
   <trkpt lat="-29.7922390" lon="24.4593440">
    <ele>1132.6</ele>
   </trkpt>
   <trkpt lat="-29.7922320" lon="24.4593310">
    <ele>1132.6</ele>
   </trkpt>
   <trkpt lat="-29.7922240" lon="24.4592940">
    <ele>1132.6</ele>
   </trkpt>
   <trkpt lat="-29.7922080" lon="24.4592630">
    <ele>1132.6</ele>
   </trkpt>
   <trkpt lat="-29.7921900" lon="24.4592240">
    <ele>1132.6</ele>
   </trkpt>
   <trkpt lat="-29.7921790" lon="24.4591950">
    <ele>1132.5</ele>
   </trkpt>
   <trkpt lat="-29.7921690" lon="24.4591590">
    <ele>1132.5</ele>
   </trkpt>
   <trkpt lat="-29.7921560" lon="24.4591110">
    <ele>1132.5</ele>
   </trkpt>
   <trkpt lat="-29.7921430" lon="24.4590760">
    <ele>1132.4</ele>
   </trkpt>
   <trkpt lat="-29.7921370" lon="24.4590590">
    <ele>1132.4</ele>
   </trkpt>
   <trkpt lat="-29.7921240" lon="24.4590240">
    <ele>1132.3</ele>
   </trkpt>
   <trkpt lat="-29.7921130" lon="24.4589960">
    <ele>1132.3</ele>
   </trkpt>
   <trkpt lat="-29.7920920" lon="24.4589350">
    <ele>1132.2</ele>
   </trkpt>
   <trkpt lat="-29.7920760" lon="24.4588900">
    <ele>1132.2</ele>
   </trkpt>
   <trkpt lat="-29.7920690" lon="24.4588600">
    <ele>1132.1</ele>
   </trkpt>
   <trkpt lat="-29.7920580" lon="24.4588250">
    <ele>1132.1</ele>
   </trkpt>
   <trkpt lat="-29.7920510" lon="24.4587880">
    <ele>1132.0</ele>
   </trkpt>
   <trkpt lat="-29.7920350" lon="24.4587520">
    <ele>1132.0</ele>
   </trkpt>
   <trkpt lat="-29.7920220" lon="24.4587150">
    <ele>1131.9</ele>
   </trkpt>
   <trkpt lat="-29.7920080" lon="24.4586770">
    <ele>1131.9</ele>
   </trkpt>
   <trkpt lat="-29.7920000" lon="24.4586530">
    <ele>1131.9</ele>
   </trkpt>
   <trkpt lat="-29.7919800" lon="24.4586080">
    <ele>1131.8</ele>
   </trkpt>
   <trkpt lat="-29.7919700" lon="24.4585700">
    <ele>1131.8</ele>
   </trkpt>
   <trkpt lat="-29.7919600" lon="24.4585340">
    <ele>1131.7</ele>
   </trkpt>
   <trkpt lat="-29.7919510" lon="24.4584970">
    <ele>1131.7</ele>
   </trkpt>
   <trkpt lat="-29.7919390" lon="24.4584630">
    <ele>1131.7</ele>
   </trkpt>
   <trkpt lat="-29.7919250" lon="24.4584280">
    <ele>1131.6</ele>
   </trkpt>
   <trkpt lat="-29.7919220" lon="24.4584020">
    <ele>1131.6</ele>
   </trkpt>
   <trkpt lat="-29.7919170" lon="24.4583860">
    <ele>1131.6</ele>
   </trkpt>
   <trkpt lat="-29.7919040" lon="24.4583450">
    <ele>1131.6</ele>
   </trkpt>
   <trkpt lat="-29.7919020" lon="24.4583300">
    <ele>1131.6</ele>
   </trkpt>
   <trkpt lat="-29.7918850" lon="24.4582740">
    <ele>1131.5</ele>
   </trkpt>
   <trkpt lat="-29.7918800" lon="24.4582210">
    <ele>1131.5</ele>
   </trkpt>
   <trkpt lat="-29.7918770" lon="24.4581900">
    <ele>1131.5</ele>
   </trkpt>
   <trkpt lat="-29.7918660" lon="24.4581580">
    <ele>1131.4</ele>
   </trkpt>
   <trkpt lat="-29.7918460" lon="24.4581280">
    <ele>1131.4</ele>
   </trkpt>
   <trkpt lat="-29.7918300" lon="24.4580920">
    <ele>1131.4</ele>
   </trkpt>
   <trkpt lat="-29.7918280" lon="24.4580590">
    <ele>1131.4</ele>
   </trkpt>
   <trkpt lat="-29.7918230" lon="24.4580400">
    <ele>1131.4</ele>
   </trkpt>
   <trkpt lat="-29.7918150" lon="24.4580010">
    <ele>1131.4</ele>
   </trkpt>
   <trkpt lat="-29.7918120" lon="24.4579850">
    <ele>1131.4</ele>
   </trkpt>
   <trkpt lat="-29.7918030" lon="24.4579530">
    <ele>1131.4</ele>
   </trkpt>
   <trkpt lat="-29.7917920" lon="24.4578970">
    <ele>1131.3</ele>
   </trkpt>
   <trkpt lat="-29.7917840" lon="24.4578680">
    <ele>1131.3</ele>
   </trkpt>
   <trkpt lat="-29.7917780" lon="24.4578310">
    <ele>1131.3</ele>
   </trkpt>
   <trkpt lat="-29.7917720" lon="24.4578160">
    <ele>1131.3</ele>
   </trkpt>
   <trkpt lat="-29.7917520" lon="24.4577660">
    <ele>1131.3</ele>
   </trkpt>
   <trkpt lat="-29.7917190" lon="24.4576810">
    <ele>1131.2</ele>
   </trkpt>
   <trkpt lat="-29.7917030" lon="24.4576480">
    <ele>1131.2</ele>
   </trkpt>
   <trkpt lat="-29.7916910" lon="24.4576130">
    <ele>1131.2</ele>
   </trkpt>
   <trkpt lat="-29.7916820" lon="24.4575760">
    <ele>1131.2</ele>
   </trkpt>
   <trkpt lat="-29.7916740" lon="24.4575380">
    <ele>1131.1</ele>
   </trkpt>
   <trkpt lat="-29.7916640" lon="24.4575020">
    <ele>1131.1</ele>
   </trkpt>
   <trkpt lat="-29.7916510" lon="24.4574670">
    <ele>1131.2</ele>
   </trkpt>
   <trkpt lat="-29.7916410" lon="24.4574310">
    <ele>1131.2</ele>
   </trkpt>
   <trkpt lat="-29.7916410" lon="24.4573950">
    <ele>1131.2</ele>
   </trkpt>
   <trkpt lat="-29.7916480" lon="24.4573590">
    <ele>1131.2</ele>
   </trkpt>
   <trkpt lat="-29.7916550" lon="24.4573210">
    <ele>1131.3</ele>
   </trkpt>
   <trkpt lat="-29.7916530" lon="24.4572830">
    <ele>1131.3</ele>
   </trkpt>
   <trkpt lat="-29.7916400" lon="24.4572480">
    <ele>1131.4</ele>
   </trkpt>
   <trkpt lat="-29.7916270" lon="24.4572190">
    <ele>1131.4</ele>
   </trkpt>
   <trkpt lat="-29.7916150" lon="24.4571900">
    <ele>1131.5</ele>
   </trkpt>
   <trkpt lat="-29.7916070" lon="24.4571570">
    <ele>1131.5</ele>
   </trkpt>
   <trkpt lat="-29.7915990" lon="24.4571260">
    <ele>1131.5</ele>
   </trkpt>
   <trkpt lat="-29.7915890" lon="24.4570950">
    <ele>1131.6</ele>
   </trkpt>
   <trkpt lat="-29.7915720" lon="24.4570650">
    <ele>1131.6</ele>
   </trkpt>
   <trkpt lat="-29.7915720" lon="24.4570520">
    <ele>1131.7</ele>
   </trkpt>
   <trkpt lat="-29.7915700" lon="24.4570250">
    <ele>1131.7</ele>
   </trkpt>
   <trkpt lat="-29.7915610" lon="24.4569850">
    <ele>1131.8</ele>
   </trkpt>
   <trkpt lat="-29.7915590" lon="24.4569720">
    <ele>1131.8</ele>
   </trkpt>
   <trkpt lat="-29.7915480" lon="24.4569290">
    <ele>1131.8</ele>
   </trkpt>
   <trkpt lat="-29.7915420" lon="24.4569150">
    <ele>1131.9</ele>
   </trkpt>
   <trkpt lat="-29.7915320" lon="24.4568750">
    <ele>1131.9</ele>
   </trkpt>
   <trkpt lat="-29.7915290" lon="24.4568610">
    <ele>1131.9</ele>
   </trkpt>
   <trkpt lat="-29.7915210" lon="24.4568160">
    <ele>1132.0</ele>
   </trkpt>
   <trkpt lat="-29.7915180" lon="24.4568020">
    <ele>1132.0</ele>
   </trkpt>
   <trkpt lat="-29.7915070" lon="24.4567590">
    <ele>1132.1</ele>
   </trkpt>
   <trkpt lat="-29.7915030" lon="24.4567450">
    <ele>1132.1</ele>
   </trkpt>
   <trkpt lat="-29.7914940" lon="24.4566990">
    <ele>1132.2</ele>
   </trkpt>
   <trkpt lat="-29.7914870" lon="24.4566840">
    <ele>1132.2</ele>
   </trkpt>
   <trkpt lat="-29.7914770" lon="24.4566540">
    <ele>1132.3</ele>
   </trkpt>
   <trkpt lat="-29.7914720" lon="24.4566100">
    <ele>1132.4</ele>
   </trkpt>
   <trkpt lat="-29.7914720" lon="24.4565950">
    <ele>1132.4</ele>
   </trkpt>
   <trkpt lat="-29.7914530" lon="24.4565660">
    <ele>1132.5</ele>
   </trkpt>
   <trkpt lat="-29.7914490" lon="24.4565340">
    <ele>1132.5</ele>
   </trkpt>
   <trkpt lat="-29.7914350" lon="24.4564900">
    <ele>1132.6</ele>
   </trkpt>
   <trkpt lat="-29.7914300" lon="24.4564750">
    <ele>1132.7</ele>
   </trkpt>
   <trkpt lat="-29.7914230" lon="24.4564300">
    <ele>1132.7</ele>
   </trkpt>
   <trkpt lat="-29.7914190" lon="24.4564160">
    <ele>1132.8</ele>
   </trkpt>
   <trkpt lat="-29.7914080" lon="24.4563850">
    <ele>1132.8</ele>
   </trkpt>
   <trkpt lat="-29.7914010" lon="24.4563540">
    <ele>1132.9</ele>
   </trkpt>
   <trkpt lat="-29.7913870" lon="24.4563270">
    <ele>1133.0</ele>
   </trkpt>
   <trkpt lat="-29.7913800" lon="24.4562820">
    <ele>1133.1</ele>
   </trkpt>
   <trkpt lat="-29.7913770" lon="24.4562670">
    <ele>1133.1</ele>
   </trkpt>
   <trkpt lat="-29.7913640" lon="24.4562240">
    <ele>1133.2</ele>
   </trkpt>
   <trkpt lat="-29.7913570" lon="24.4562100">
    <ele>1133.2</ele>
   </trkpt>
   <trkpt lat="-29.7913510" lon="24.4561650">
    <ele>1133.4</ele>
   </trkpt>
   <trkpt lat="-29.7913460" lon="24.4561510">
    <ele>1133.4</ele>
   </trkpt>
   <trkpt lat="-29.7913420" lon="24.4561040">
    <ele>1133.5</ele>
   </trkpt>
   <trkpt lat="-29.7913370" lon="24.4560890">
    <ele>1133.6</ele>
   </trkpt>
   <trkpt lat="-29.7913230" lon="24.4560600">
    <ele>1133.7</ele>
   </trkpt>
   <trkpt lat="-29.7913200" lon="24.4560280">
    <ele>1133.8</ele>
   </trkpt>
   <trkpt lat="-29.7913090" lon="24.4559830">
    <ele>1133.9</ele>
   </trkpt>
   <trkpt lat="-29.7913040" lon="24.4559670">
    <ele>1134.0</ele>
   </trkpt>
   <trkpt lat="-29.7912980" lon="24.4559370">
    <ele>1134.1</ele>
   </trkpt>
   <trkpt lat="-29.7912920" lon="24.4559060">
    <ele>1134.2</ele>
   </trkpt>
   <trkpt lat="-29.7912790" lon="24.4558600">
    <ele>1134.3</ele>
   </trkpt>
   <trkpt lat="-29.7912720" lon="24.4558450">
    <ele>1134.4</ele>
   </trkpt>
   <trkpt lat="-29.7912640" lon="24.4557990">
    <ele>1134.5</ele>
   </trkpt>
   <trkpt lat="-29.7912570" lon="24.4557830">
    <ele>1134.6</ele>
   </trkpt>
   <trkpt lat="-29.7912560" lon="24.4557510">
    <ele>1134.6</ele>
   </trkpt>
   <trkpt lat="-29.7912480" lon="24.4557190">
    <ele>1134.7</ele>
   </trkpt>
   <trkpt lat="-29.7912370" lon="24.4556890">
    <ele>1134.8</ele>
   </trkpt>
   <trkpt lat="-29.7912300" lon="24.4556590">
    <ele>1134.9</ele>
   </trkpt>
   <trkpt lat="-29.7912190" lon="24.4556270">
    <ele>1135.0</ele>
   </trkpt>
   <trkpt lat="-29.7912120" lon="24.4555960">
    <ele>1135.1</ele>
   </trkpt>
   <trkpt lat="-29.7911990" lon="24.4555340">
    <ele>1135.2</ele>
   </trkpt>
   <trkpt lat="-29.7912000" lon="24.4554900">
    <ele>1135.3</ele>
   </trkpt>
   <trkpt lat="-29.7911940" lon="24.4554740">
    <ele>1135.4</ele>
   </trkpt>
   <trkpt lat="-29.7911770" lon="24.4554440">
    <ele>1135.5</ele>
   </trkpt>
   <trkpt lat="-29.7911660" lon="24.4554150">
    <ele>1135.6</ele>
   </trkpt>
   <trkpt lat="-29.7911620" lon="24.4553700">
    <ele>1135.7</ele>
   </trkpt>
   <trkpt lat="-29.7911580" lon="24.4553550">
    <ele>1135.7</ele>
   </trkpt>
   <trkpt lat="-29.7911500" lon="24.4553110">
    <ele>1135.8</ele>
   </trkpt>
   <trkpt lat="-29.7911470" lon="24.4552970">
    <ele>1135.8</ele>
   </trkpt>
   <trkpt lat="-29.7911350" lon="24.4552650">
    <ele>1135.9</ele>
   </trkpt>
   <trkpt lat="-29.7911220" lon="24.4552300">
    <ele>1136.0</ele>
   </trkpt>
   <trkpt lat="-29.7911180" lon="24.4551990">
    <ele>1136.1</ele>
   </trkpt>
   <trkpt lat="-29.7911070" lon="24.4551670">
    <ele>1136.1</ele>
   </trkpt>
   <trkpt lat="-29.7911000" lon="24.4551370">
    <ele>1136.2</ele>
   </trkpt>
   <trkpt lat="-29.7910850" lon="24.4551050">
    <ele>1136.3</ele>
   </trkpt>
   <trkpt lat="-29.7910810" lon="24.4550720">
    <ele>1136.3</ele>
   </trkpt>
   <trkpt lat="-29.7910710" lon="24.4550410">
    <ele>1136.4</ele>
   </trkpt>
   <trkpt lat="-29.7910590" lon="24.4550110">
    <ele>1136.4</ele>
   </trkpt>
   <trkpt lat="-29.7910470" lon="24.4549790">
    <ele>1136.5</ele>
   </trkpt>
   <trkpt lat="-29.7910340" lon="24.4549490">
    <ele>1136.5</ele>
   </trkpt>
   <trkpt lat="-29.7910260" lon="24.4549180">
    <ele>1136.5</ele>
   </trkpt>
   <trkpt lat="-29.7910010" lon="24.4548910">
    <ele>1136.6</ele>
   </trkpt>
   <trkpt lat="-29.7910010" lon="24.4548580">
    <ele>1136.6</ele>
   </trkpt>
   <trkpt lat="-29.7909880" lon="24.4548270">
    <ele>1136.6</ele>
   </trkpt>
   <trkpt lat="-29.7909780" lon="24.4547920">
    <ele>1136.7</ele>
   </trkpt>
   <trkpt lat="-29.7909660" lon="24.4547620">
    <ele>1136.7</ele>
   </trkpt>
   <trkpt lat="-29.7909530" lon="24.4547280">
    <ele>1136.7</ele>
   </trkpt>
   <trkpt lat="-29.7909430" lon="24.4546970">
    <ele>1136.7</ele>
   </trkpt>
   <trkpt lat="-29.7909270" lon="24.4546630">
    <ele>1136.8</ele>
   </trkpt>
   <trkpt lat="-29.7909150" lon="24.4546290">
    <ele>1136.8</ele>
   </trkpt>
   <trkpt lat="-29.7909090" lon="24.4545960">
    <ele>1136.8</ele>
   </trkpt>
   <trkpt lat="-29.7908990" lon="24.4545610">
    <ele>1136.8</ele>
   </trkpt>
   <trkpt lat="-29.7908920" lon="24.4545250">
    <ele>1136.8</ele>
   </trkpt>
   <trkpt lat="-29.7908840" lon="24.4544900">
    <ele>1136.8</ele>
   </trkpt>
   <trkpt lat="-29.7908650" lon="24.4544540">
    <ele>1136.8</ele>
   </trkpt>
   <trkpt lat="-29.7908470" lon="24.4544220">
    <ele>1136.7</ele>
   </trkpt>
   <trkpt lat="-29.7908370" lon="24.4543850">
    <ele>1136.7</ele>
   </trkpt>
   <trkpt lat="-29.7908250" lon="24.4543480">
    <ele>1136.7</ele>
   </trkpt>
   <trkpt lat="-29.7908170" lon="24.4543160">
    <ele>1136.7</ele>
   </trkpt>
   <trkpt lat="-29.7908100" lon="24.4542700">
    <ele>1136.7</ele>
   </trkpt>
   <trkpt lat="-29.7908010" lon="24.4542470">
    <ele>1136.7</ele>
   </trkpt>
   <trkpt lat="-29.7907870" lon="24.4542060">
    <ele>1136.6</ele>
   </trkpt>
   <trkpt lat="-29.7907800" lon="24.4541740">
    <ele>1136.6</ele>
   </trkpt>
   <trkpt lat="-29.7907600" lon="24.4541360">
    <ele>1136.6</ele>
   </trkpt>
   <trkpt lat="-29.7907410" lon="24.4540940">
    <ele>1136.5</ele>
   </trkpt>
   <trkpt lat="-29.7907170" lon="24.4540530">
    <ele>1136.4</ele>
   </trkpt>
   <trkpt lat="-29.7906810" lon="24.4540020">
    <ele>1136.3</ele>
   </trkpt>
   <trkpt lat="-29.7906680" lon="24.4539580">
    <ele>1136.3</ele>
   </trkpt>
   <trkpt lat="-29.7906460" lon="24.4539130">
    <ele>1136.2</ele>
   </trkpt>
   <trkpt lat="-29.7906250" lon="24.4538700">
    <ele>1136.1</ele>
   </trkpt>
   <trkpt lat="-29.7906110" lon="24.4538210">
    <ele>1136.0</ele>
   </trkpt>
   <trkpt lat="-29.7906050" lon="24.4538010">
    <ele>1136.0</ele>
   </trkpt>
   <trkpt lat="-29.7905790" lon="24.4537420">
    <ele>1135.8</ele>
   </trkpt>
   <trkpt lat="-29.7905460" lon="24.4537010">
    <ele>1135.7</ele>
   </trkpt>
   <trkpt lat="-29.7905150" lon="24.4536560">
    <ele>1135.6</ele>
   </trkpt>
   <trkpt lat="-29.7904970" lon="24.4536080">
    <ele>1135.4</ele>
   </trkpt>
   <trkpt lat="-29.7903580" lon="24.4535020">
    <ele>1134.9</ele>
   </trkpt>
   <trkpt lat="-29.7903450" lon="24.4534810">
    <ele>1134.8</ele>
   </trkpt>
   <trkpt lat="-29.7903190" lon="24.4534390">
    <ele>1134.7</ele>
   </trkpt>
   <trkpt lat="-29.7902910" lon="24.4533980">
    <ele>1134.5</ele>
   </trkpt>
   <trkpt lat="-29.7902640" lon="24.4533570">
    <ele>1134.3</ele>
   </trkpt>
   <trkpt lat="-29.7902360" lon="24.4533170">
    <ele>1134.2</ele>
   </trkpt>
   <trkpt lat="-29.7901990" lon="24.4532750">
    <ele>1134.0</ele>
   </trkpt>
   <trkpt lat="-29.7901680" lon="24.4532400">
    <ele>1133.8</ele>
   </trkpt>
   <trkpt lat="-29.7901430" lon="24.4531950">
    <ele>1133.7</ele>
   </trkpt>
   <trkpt lat="-29.7901150" lon="24.4531600">
    <ele>1133.5</ele>
   </trkpt>
   <trkpt lat="-29.7900860" lon="24.4531190">
    <ele>1133.4</ele>
   </trkpt>
   <trkpt lat="-29.7900630" lon="24.4530740">
    <ele>1133.2</ele>
   </trkpt>
   <trkpt lat="-29.7900280" lon="24.4530410">
    <ele>1133.1</ele>
   </trkpt>
   <trkpt lat="-29.7900010" lon="24.4529990">
    <ele>1133.0</ele>
   </trkpt>
   <trkpt lat="-29.7899690" lon="24.4529660">
    <ele>1132.8</ele>
   </trkpt>
   <trkpt lat="-29.7899330" lon="24.4529330">
    <ele>1132.7</ele>
   </trkpt>
   <trkpt lat="-29.7899110" lon="24.4528850">
    <ele>1132.5</ele>
   </trkpt>
   <trkpt lat="-29.7898760" lon="24.4528490">
    <ele>1132.3</ele>
   </trkpt>
   <trkpt lat="-29.7898440" lon="24.4528130">
    <ele>1132.2</ele>
   </trkpt>
   <trkpt lat="-29.7898120" lon="24.4527690">
    <ele>1132.0</ele>
   </trkpt>
   <trkpt lat="-29.7897930" lon="24.4527220">
    <ele>1131.9</ele>
   </trkpt>
   <trkpt lat="-29.7897610" lon="24.4526860">
    <ele>1131.8</ele>
   </trkpt>
   <trkpt lat="-29.7897240" lon="24.4526560">
    <ele>1131.6</ele>
   </trkpt>
   <trkpt lat="-29.7896900" lon="24.4526240">
    <ele>1131.5</ele>
   </trkpt>
   <trkpt lat="-29.7896580" lon="24.4525910">
    <ele>1131.4</ele>
   </trkpt>
   <trkpt lat="-29.7896230" lon="24.4525530">
    <ele>1131.2</ele>
   </trkpt>
   <trkpt lat="-29.7895870" lon="24.4525180">
    <ele>1131.1</ele>
   </trkpt>
   <trkpt lat="-29.7895500" lon="24.4524840">
    <ele>1131.0</ele>
   </trkpt>
   <trkpt lat="-29.7895070" lon="24.4524540">
    <ele>1130.8</ele>
   </trkpt>
   <trkpt lat="-29.7894660" lon="24.4524280">
    <ele>1130.7</ele>
   </trkpt>
   <trkpt lat="-29.7894290" lon="24.4523930">
    <ele>1130.5</ele>
   </trkpt>
   <trkpt lat="-29.7893920" lon="24.4523560">
    <ele>1130.4</ele>
   </trkpt>
   <trkpt lat="-29.7893560" lon="24.4523220">
    <ele>1130.2</ele>
   </trkpt>
   <trkpt lat="-29.7893120" lon="24.4523030">
    <ele>1130.1</ele>
   </trkpt>
   <trkpt lat="-29.7892640" lon="24.4522760">
    <ele>1129.9</ele>
   </trkpt>
   <trkpt lat="-29.7892260" lon="24.4522440">
    <ele>1129.9</ele>
   </trkpt>
   <trkpt lat="-29.7891890" lon="24.4522120">
    <ele>1129.9</ele>
   </trkpt>
   <trkpt lat="-29.7891500" lon="24.4521860">
    <ele>1129.9</ele>
   </trkpt>
   <trkpt lat="-29.7891110" lon="24.4521610">
    <ele>1129.8</ele>
   </trkpt>
   <trkpt lat="-29.7890710" lon="24.4521340">
    <ele>1129.7</ele>
   </trkpt>
   <trkpt lat="-29.7890390" lon="24.4521030">
    <ele>1129.6</ele>
   </trkpt>
   <trkpt lat="-29.7890090" lon="24.4520710">
    <ele>1129.4</ele>
   </trkpt>
   <trkpt lat="-29.7889760" lon="24.4520440">
    <ele>1129.3</ele>
   </trkpt>
   <trkpt lat="-29.7889410" lon="24.4520200">
    <ele>1129.2</ele>
   </trkpt>
   <trkpt lat="-29.7889060" lon="24.4519960">
    <ele>1129.1</ele>
   </trkpt>
   <trkpt lat="-29.7888700" lon="24.4519740">
    <ele>1128.9</ele>
   </trkpt>
   <trkpt lat="-29.7888330" lon="24.4519540">
    <ele>1128.8</ele>
   </trkpt>
   <trkpt lat="-29.7887950" lon="24.4519280">
    <ele>1128.7</ele>
   </trkpt>
   <trkpt lat="-29.7887590" lon="24.4519000">
    <ele>1128.6</ele>
   </trkpt>
   <trkpt lat="-29.7887250" lon="24.4518710">
    <ele>1128.4</ele>
   </trkpt>
   <trkpt lat="-29.7886860" lon="24.4518460">
    <ele>1128.3</ele>
   </trkpt>
   <trkpt lat="-29.7886500" lon="24.4518210">
    <ele>1128.2</ele>
   </trkpt>
   <trkpt lat="-29.7886140" lon="24.4517990">
    <ele>1128.0</ele>
   </trkpt>
   <trkpt lat="-29.7885860" lon="24.4517840">
    <ele>1127.9</ele>
   </trkpt>
   <trkpt lat="-29.7885710" lon="24.4517780">
    <ele>1127.8</ele>
   </trkpt>
   <trkpt lat="-29.7885400" lon="24.4517510">
    <ele>1127.6</ele>
   </trkpt>
   <trkpt lat="-29.7885300" lon="24.4517400">
    <ele>1127.6</ele>
   </trkpt>
   <trkpt lat="-29.7884940" lon="24.4517210">
    <ele>1127.3</ele>
   </trkpt>
   <trkpt lat="-29.7884790" lon="24.4516920">
    <ele>1127.2</ele>
   </trkpt>
   <trkpt lat="-29.7884190" lon="24.4516360">
    <ele>1126.8</ele>
   </trkpt>
   <trkpt lat="-29.7883520" lon="24.4516080">
    <ele>1126.4</ele>
   </trkpt>
   <trkpt lat="-29.7883040" lon="24.4515920">
    <ele>1126.2</ele>
   </trkpt>
   <trkpt lat="-29.7882620" lon="24.4515700">
    <ele>1126.0</ele>
   </trkpt>
   <trkpt lat="-29.7882130" lon="24.4515570">
    <ele>1125.8</ele>
   </trkpt>
   <trkpt lat="-29.7881650" lon="24.4515300">
    <ele>1125.6</ele>
   </trkpt>
   <trkpt lat="-29.7880670" lon="24.4514800">
    <ele>1125.1</ele>
   </trkpt>
   <trkpt lat="-29.7880200" lon="24.4514540">
    <ele>1124.9</ele>
   </trkpt>
   <trkpt lat="-29.7879760" lon="24.4514270">
    <ele>1124.8</ele>
   </trkpt>
   <trkpt lat="-29.7879250" lon="24.4514000">
    <ele>1124.6</ele>
   </trkpt>
   <trkpt lat="-29.7878810" lon="24.4513730">
    <ele>1124.5</ele>
   </trkpt>
   <trkpt lat="-29.7878410" lon="24.4513490">
    <ele>1124.4</ele>
   </trkpt>
   <trkpt lat="-29.7877910" lon="24.4513300">
    <ele>1124.3</ele>
   </trkpt>
   <trkpt lat="-29.7877510" lon="24.4513050">
    <ele>1124.2</ele>
   </trkpt>
   <trkpt lat="-29.7877040" lon="24.4512820">
    <ele>1124.1</ele>
   </trkpt>
   <trkpt lat="-29.7876630" lon="24.4512580">
    <ele>1124.0</ele>
   </trkpt>
   <trkpt lat="-29.7876180" lon="24.4512380">
    <ele>1123.9</ele>
   </trkpt>
   <trkpt lat="-29.7875790" lon="24.4512160">
    <ele>1123.8</ele>
   </trkpt>
   <trkpt lat="-29.7875420" lon="24.4511900">
    <ele>1123.8</ele>
   </trkpt>
   <trkpt lat="-29.7875030" lon="24.4511660">
    <ele>1123.7</ele>
   </trkpt>
   <trkpt lat="-29.7874630" lon="24.4511410">
    <ele>1123.6</ele>
   </trkpt>
   <trkpt lat="-29.7874190" lon="24.4511190">
    <ele>1123.5</ele>
   </trkpt>
   <trkpt lat="-29.7873750" lon="24.4510960">
    <ele>1123.4</ele>
   </trkpt>
   <trkpt lat="-29.7873350" lon="24.4510730">
    <ele>1123.4</ele>
   </trkpt>
   <trkpt lat="-29.7872930" lon="24.4510480">
    <ele>1123.3</ele>
   </trkpt>
   <trkpt lat="-29.7872480" lon="24.4510240">
    <ele>1123.2</ele>
   </trkpt>
   <trkpt lat="-29.7872040" lon="24.4509970">
    <ele>1123.1</ele>
   </trkpt>
   <trkpt lat="-29.7871630" lon="24.4509690">
    <ele>1123.0</ele>
   </trkpt>
   <trkpt lat="-29.7871200" lon="24.4509400">
    <ele>1122.9</ele>
   </trkpt>
   <trkpt lat="-29.7870700" lon="24.4509170">
    <ele>1122.8</ele>
   </trkpt>
   <trkpt lat="-29.7870260" lon="24.4508950">
    <ele>1122.6</ele>
   </trkpt>
   <trkpt lat="-29.7869790" lon="24.4508720">
    <ele>1122.5</ele>
   </trkpt>
   <trkpt lat="-29.7869400" lon="24.4508460">
    <ele>1122.3</ele>
   </trkpt>
   <trkpt lat="-29.7868930" lon="24.4508230">
    <ele>1122.2</ele>
   </trkpt>
   <trkpt lat="-29.7868510" lon="24.4508000">
    <ele>1122.1</ele>
   </trkpt>
   <trkpt lat="-29.7868130" lon="24.4507800">
    <ele>1122.0</ele>
   </trkpt>
   <trkpt lat="-29.7867710" lon="24.4507560">
    <ele>1122.0</ele>
   </trkpt>
   <trkpt lat="-29.7867310" lon="24.4507320">
    <ele>1121.9</ele>
   </trkpt>
   <trkpt lat="-29.7866900" lon="24.4507070">
    <ele>1121.8</ele>
   </trkpt>
   <trkpt lat="-29.7866480" lon="24.4506840">
    <ele>1121.7</ele>
   </trkpt>
   <trkpt lat="-29.7866080" lon="24.4506600">
    <ele>1121.6</ele>
   </trkpt>
   <trkpt lat="-29.7865660" lon="24.4506370">
    <ele>1121.5</ele>
   </trkpt>
   <trkpt lat="-29.7865190" lon="24.4506180">
    <ele>1121.4</ele>
   </trkpt>
   <trkpt lat="-29.7864710" lon="24.4506070">
    <ele>1121.4</ele>
   </trkpt>
   <trkpt lat="-29.7864250" lon="24.4505870">
    <ele>1121.3</ele>
   </trkpt>
   <trkpt lat="-29.7863850" lon="24.4505600">
    <ele>1121.2</ele>
   </trkpt>
   <trkpt lat="-29.7863450" lon="24.4505280">
    <ele>1121.1</ele>
   </trkpt>
   <trkpt lat="-29.7862990" lon="24.4505050">
    <ele>1121.1</ele>
   </trkpt>
   <trkpt lat="-29.7862560" lon="24.4504810">
    <ele>1121.0</ele>
   </trkpt>
   <trkpt lat="-29.7862130" lon="24.4504580">
    <ele>1120.9</ele>
   </trkpt>
   <trkpt lat="-29.7861680" lon="24.4504390">
    <ele>1120.9</ele>
   </trkpt>
   <trkpt lat="-29.7861260" lon="24.4504120">
    <ele>1120.9</ele>
   </trkpt>
   <trkpt lat="-29.7860850" lon="24.4503860">
    <ele>1120.9</ele>
   </trkpt>
   <trkpt lat="-29.7860400" lon="24.4503640">
    <ele>1120.9</ele>
   </trkpt>
   <trkpt lat="-29.7860010" lon="24.4503400">
    <ele>1120.9</ele>
   </trkpt>
   <trkpt lat="-29.7859790" lon="24.4503200">
    <ele>1120.9</ele>
   </trkpt>
   <trkpt lat="-29.7859610" lon="24.4503080">
    <ele>1120.9</ele>
   </trkpt>
   <trkpt lat="-29.7859340" lon="24.4502870">
    <ele>1120.9</ele>
   </trkpt>
   <trkpt lat="-29.7859090" lon="24.4502690">
    <ele>1120.9</ele>
   </trkpt>
   <trkpt lat="-29.7857960" lon="24.4502250">
    <ele>1121.1</ele>
   </trkpt>
   <trkpt lat="-29.7857590" lon="24.4502050">
    <ele>1121.2</ele>
   </trkpt>
   <trkpt lat="-29.7857240" lon="24.4501800">
    <ele>1121.3</ele>
   </trkpt>
   <trkpt lat="-29.7856860" lon="24.4501540">
    <ele>1121.4</ele>
   </trkpt>
   <trkpt lat="-29.7856460" lon="24.4501420">
    <ele>1121.5</ele>
   </trkpt>
   <trkpt lat="-29.7856090" lon="24.4501200">
    <ele>1121.6</ele>
   </trkpt>
   <trkpt lat="-29.7855740" lon="24.4500950">
    <ele>1121.7</ele>
   </trkpt>
   <trkpt lat="-29.7855370" lon="24.4500720">
    <ele>1121.7</ele>
   </trkpt>
   <trkpt lat="-29.7855000" lon="24.4500550">
    <ele>1121.8</ele>
   </trkpt>
   <trkpt lat="-29.7854630" lon="24.4500410">
    <ele>1121.9</ele>
   </trkpt>
   <trkpt lat="-29.7854290" lon="24.4500210">
    <ele>1122.0</ele>
   </trkpt>
   <trkpt lat="-29.7853980" lon="24.4499990">
    <ele>1122.1</ele>
   </trkpt>
   <trkpt lat="-29.7853670" lon="24.4499780">
    <ele>1122.2</ele>
   </trkpt>
   <trkpt lat="-29.7853370" lon="24.4499580">
    <ele>1122.3</ele>
   </trkpt>
   <trkpt lat="-29.7853060" lon="24.4499400">
    <ele>1122.4</ele>
   </trkpt>
   <trkpt lat="-29.7852730" lon="24.4499220">
    <ele>1122.4</ele>
   </trkpt>
   <trkpt lat="-29.7852400" lon="24.4499040">
    <ele>1122.5</ele>
   </trkpt>
   <trkpt lat="-29.7852060" lon="24.4498870">
    <ele>1122.6</ele>
   </trkpt>
   <trkpt lat="-29.7851730" lon="24.4498700">
    <ele>1122.7</ele>
   </trkpt>
   <trkpt lat="-29.7851410" lon="24.4498480">
    <ele>1122.8</ele>
   </trkpt>
   <trkpt lat="-29.7851010" lon="24.4498180">
    <ele>1122.8</ele>
   </trkpt>
   <trkpt lat="-29.7850750" lon="24.4498110">
    <ele>1122.9</ele>
   </trkpt>
   <trkpt lat="-29.7850450" lon="24.4497890">
    <ele>1122.9</ele>
   </trkpt>
   <trkpt lat="-29.7850280" lon="24.4497570">
    <ele>1123.0</ele>
   </trkpt>
   <trkpt lat="-29.7850200" lon="24.4497510">
    <ele>1123.0</ele>
   </trkpt>
   <trkpt lat="-29.7850120" lon="24.4497450">
    <ele>1123.0</ele>
   </trkpt>
   <trkpt lat="-29.7849800" lon="24.4497200">
    <ele>1123.1</ele>
   </trkpt>
   <trkpt lat="-29.7849370" lon="24.4496910">
    <ele>1123.1</ele>
   </trkpt>
   <trkpt lat="-29.7849160" lon="24.4496720">
    <ele>1123.2</ele>
   </trkpt>
   <trkpt lat="-29.7848870" lon="24.4496620">
    <ele>1123.2</ele>
   </trkpt>
   <trkpt lat="-29.7848750" lon="24.4496520">
    <ele>1123.2</ele>
   </trkpt>
   <trkpt lat="-29.7848470" lon="24.4496330">
    <ele>1123.3</ele>
   </trkpt>
   <trkpt lat="-29.7848230" lon="24.4496150">
    <ele>1123.3</ele>
   </trkpt>
   <trkpt lat="-29.7847870" lon="24.4495940">
    <ele>1123.3</ele>
   </trkpt>
   <trkpt lat="-29.7847540" lon="24.4495690">
    <ele>1123.4</ele>
   </trkpt>
   <trkpt lat="-29.7847430" lon="24.4495600">
    <ele>1123.4</ele>
   </trkpt>
   <trkpt lat="-29.7847220" lon="24.4495340">
    <ele>1123.5</ele>
   </trkpt>
   <trkpt lat="-29.7846470" lon="24.4494960">
    <ele>1123.6</ele>
   </trkpt>
   <trkpt lat="-29.7845840" lon="24.4494730">
    <ele>1123.6</ele>
   </trkpt>
   <trkpt lat="-29.7845210" lon="24.4494510">
    <ele>1123.7</ele>
   </trkpt>
   <trkpt lat="-29.7844890" lon="24.4494300">
    <ele>1123.8</ele>
   </trkpt>
   <trkpt lat="-29.7844610" lon="24.4494040">
    <ele>1123.8</ele>
   </trkpt>
   <trkpt lat="-29.7844340" lon="24.4493760">
    <ele>1123.9</ele>
   </trkpt>
   <trkpt lat="-29.7844050" lon="24.4493490">
    <ele>1123.9</ele>
   </trkpt>
   <trkpt lat="-29.7843740" lon="24.4493270">
    <ele>1124.0</ele>
   </trkpt>
   <trkpt lat="-29.7843420" lon="24.4493070">
    <ele>1124.0</ele>
   </trkpt>
   <trkpt lat="-29.7843120" lon="24.4492890">
    <ele>1124.0</ele>
   </trkpt>
   <trkpt lat="-29.7842830" lon="24.4492660">
    <ele>1124.1</ele>
   </trkpt>
   <trkpt lat="-29.7842570" lon="24.4492410">
    <ele>1124.1</ele>
   </trkpt>
   <trkpt lat="-29.7842330" lon="24.4492090">
    <ele>1124.2</ele>
   </trkpt>
   <trkpt lat="-29.7842100" lon="24.4491740">
    <ele>1124.2</ele>
   </trkpt>
   <trkpt lat="-29.7841880" lon="24.4491390">
    <ele>1124.2</ele>
   </trkpt>
   <trkpt lat="-29.7841620" lon="24.4491080">
    <ele>1124.3</ele>
   </trkpt>
   <trkpt lat="-29.7841330" lon="24.4490820">
    <ele>1124.4</ele>
   </trkpt>
   <trkpt lat="-29.7841180" lon="24.4490770">
    <ele>1124.4</ele>
   </trkpt>
   <trkpt lat="-29.7841070" lon="24.4490550">
    <ele>1124.4</ele>
   </trkpt>
   <trkpt lat="-29.7840780" lon="24.4490270">
    <ele>1124.5</ele>
   </trkpt>
   <trkpt lat="-29.7840520" lon="24.4489990">
    <ele>1124.6</ele>
   </trkpt>
   <trkpt lat="-29.7840320" lon="24.4489860">
    <ele>1124.6</ele>
   </trkpt>
   <trkpt lat="-29.7840140" lon="24.4489570">
    <ele>1124.7</ele>
   </trkpt>
   <trkpt lat="-29.7840040" lon="24.4489420">
    <ele>1124.7</ele>
   </trkpt>
   <trkpt lat="-29.7839770" lon="24.4489070">
    <ele>1124.8</ele>
   </trkpt>
   <trkpt lat="-29.7839630" lon="24.4488950">
    <ele>1124.8</ele>
   </trkpt>
   <trkpt lat="-29.7839350" lon="24.4488650">
    <ele>1124.9</ele>
   </trkpt>
   <trkpt lat="-29.7839220" lon="24.4488540">
    <ele>1124.9</ele>
   </trkpt>
   <trkpt lat="-29.7839010" lon="24.4488270">
    <ele>1125.0</ele>
   </trkpt>
   <trkpt lat="-29.7838780" lon="24.4488110">
    <ele>1125.1</ele>
   </trkpt>
   <trkpt lat="-29.7838420" lon="24.4487720">
    <ele>1125.2</ele>
   </trkpt>
   <trkpt lat="-29.7838010" lon="24.4487370">
    <ele>1125.3</ele>
   </trkpt>
   <trkpt lat="-29.7837750" lon="24.4487080">
    <ele>1125.4</ele>
   </trkpt>
   <trkpt lat="-29.7837500" lon="24.4486730">
    <ele>1125.4</ele>
   </trkpt>
   <trkpt lat="-29.7837400" lon="24.4486610">
    <ele>1125.4</ele>
   </trkpt>
   <trkpt lat="-29.7837200" lon="24.4486390">
    <ele>1125.5</ele>
   </trkpt>
   <trkpt lat="-29.7836910" lon="24.4486100">
    <ele>1125.5</ele>
   </trkpt>
   <trkpt lat="-29.7836540" lon="24.4485740">
    <ele>1125.6</ele>
   </trkpt>
   <trkpt lat="-29.7836210" lon="24.4485400">
    <ele>1125.7</ele>
   </trkpt>
   <trkpt lat="-29.7836000" lon="24.4485230">
    <ele>1125.7</ele>
   </trkpt>
   <trkpt lat="-29.7835710" lon="24.4484880">
    <ele>1125.7</ele>
   </trkpt>
   <trkpt lat="-29.7835540" lon="24.4484690">
    <ele>1125.8</ele>
   </trkpt>
   <trkpt lat="-29.7834480" lon="24.4484230">
    <ele>1126.0</ele>
   </trkpt>
   <trkpt lat="-29.7834140" lon="24.4483810">
    <ele>1126.1</ele>
   </trkpt>
   <trkpt lat="-29.7833890" lon="24.4483570">
    <ele>1126.2</ele>
   </trkpt>
   <trkpt lat="-29.7833680" lon="24.4483330">
    <ele>1126.2</ele>
   </trkpt>
   <trkpt lat="-29.7833430" lon="24.4483090">
    <ele>1126.3</ele>
   </trkpt>
   <trkpt lat="-29.7833190" lon="24.4482800">
    <ele>1126.4</ele>
   </trkpt>
   <trkpt lat="-29.7832970" lon="24.4482480">
    <ele>1126.4</ele>
   </trkpt>
   <trkpt lat="-29.7832740" lon="24.4482210">
    <ele>1126.5</ele>
   </trkpt>
   <trkpt lat="-29.7832470" lon="24.4481940">
    <ele>1126.5</ele>
   </trkpt>
   <trkpt lat="-29.7832250" lon="24.4481630">
    <ele>1126.6</ele>
   </trkpt>
   <trkpt lat="-29.7831980" lon="24.4481360">
    <ele>1126.7</ele>
   </trkpt>
   <trkpt lat="-29.7831720" lon="24.4481060">
    <ele>1126.7</ele>
   </trkpt>
   <trkpt lat="-29.7831490" lon="24.4480760">
    <ele>1126.8</ele>
   </trkpt>
   <trkpt lat="-29.7831310" lon="24.4480410">
    <ele>1126.8</ele>
   </trkpt>
   <trkpt lat="-29.7831060" lon="24.4480120">
    <ele>1126.9</ele>
   </trkpt>
   <trkpt lat="-29.7830820" lon="24.4479800">
    <ele>1126.9</ele>
   </trkpt>
   <trkpt lat="-29.7830570" lon="24.4479510">
    <ele>1126.9</ele>
   </trkpt>
   <trkpt lat="-29.7830330" lon="24.4479210">
    <ele>1127.0</ele>
   </trkpt>
   <trkpt lat="-29.7830110" lon="24.4478920">
    <ele>1127.0</ele>
   </trkpt>
   <trkpt lat="-29.7829810" lon="24.4478680">
    <ele>1127.1</ele>
   </trkpt>
   <trkpt lat="-29.7829720" lon="24.4478420">
    <ele>1127.1</ele>
   </trkpt>
   <trkpt lat="-29.7829650" lon="24.4478280">
    <ele>1127.1</ele>
   </trkpt>
   <trkpt lat="-29.7829440" lon="24.4477920">
    <ele>1127.2</ele>
   </trkpt>
   <trkpt lat="-29.7829370" lon="24.4477790">
    <ele>1127.2</ele>
   </trkpt>
   <trkpt lat="-29.7828930" lon="24.4477160">
    <ele>1127.3</ele>
   </trkpt>
   <trkpt lat="-29.7828520" lon="24.4476790">
    <ele>1127.3</ele>
   </trkpt>
   <trkpt lat="-29.7828310" lon="24.4476460">
    <ele>1127.4</ele>
   </trkpt>
   <trkpt lat="-29.7828100" lon="24.4476120">
    <ele>1127.4</ele>
   </trkpt>
   <trkpt lat="-29.7827880" lon="24.4475800">
    <ele>1127.5</ele>
   </trkpt>
   <trkpt lat="-29.7827670" lon="24.4475480">
    <ele>1127.5</ele>
   </trkpt>
   <trkpt lat="-29.7827450" lon="24.4475160">
    <ele>1127.6</ele>
   </trkpt>
   <trkpt lat="-29.7827230" lon="24.4474850">
    <ele>1127.6</ele>
   </trkpt>
   <trkpt lat="-29.7827020" lon="24.4474540">
    <ele>1127.7</ele>
   </trkpt>
   <trkpt lat="-29.7826810" lon="24.4474230">
    <ele>1127.8</ele>
   </trkpt>
   <trkpt lat="-29.7826590" lon="24.4473930">
    <ele>1127.8</ele>
   </trkpt>
   <trkpt lat="-29.7826360" lon="24.4473640">
    <ele>1127.9</ele>
   </trkpt>
   <trkpt lat="-29.7826140" lon="24.4473340">
    <ele>1127.9</ele>
   </trkpt>
   <trkpt lat="-29.7825920" lon="24.4473040">
    <ele>1128.0</ele>
   </trkpt>
   <trkpt lat="-29.7825710" lon="24.4472740">
    <ele>1128.0</ele>
   </trkpt>
   <trkpt lat="-29.7825530" lon="24.4472430">
    <ele>1128.1</ele>
   </trkpt>
   <trkpt lat="-29.7825380" lon="24.4472100">
    <ele>1128.2</ele>
   </trkpt>
   <trkpt lat="-29.7825240" lon="24.4471770">
    <ele>1128.2</ele>
   </trkpt>
   <trkpt lat="-29.7825080" lon="24.4471430">
    <ele>1128.2</ele>
   </trkpt>
   <trkpt lat="-29.7825060" lon="24.4471030">
    <ele>1128.3</ele>
   </trkpt>
   <trkpt lat="-29.7824970" lon="24.4470830">
    <ele>1128.3</ele>
   </trkpt>
   <trkpt lat="-29.7824810" lon="24.4470470">
    <ele>1128.4</ele>
   </trkpt>
   <trkpt lat="-29.7824720" lon="24.4470270">
    <ele>1128.5</ele>
   </trkpt>
   <trkpt lat="-29.7824640" lon="24.4469890">
    <ele>1128.6</ele>
   </trkpt>
   <trkpt lat="-29.7824570" lon="24.4469740">
    <ele>1128.7</ele>
   </trkpt>
   <trkpt lat="-29.7824400" lon="24.4469340">
    <ele>1128.8</ele>
   </trkpt>
   <trkpt lat="-29.7824340" lon="24.4469190">
    <ele>1128.8</ele>
   </trkpt>
   <trkpt lat="-29.7824180" lon="24.4468710">
    <ele>1128.9</ele>
   </trkpt>
   <trkpt lat="-29.7824030" lon="24.4468480">
    <ele>1129.0</ele>
   </trkpt>
   <trkpt lat="-29.7823870" lon="24.4468030">
    <ele>1129.1</ele>
   </trkpt>
   <trkpt lat="-29.7823750" lon="24.4467780">
    <ele>1129.1</ele>
   </trkpt>
   <trkpt lat="-29.7823590" lon="24.4467320">
    <ele>1129.2</ele>
   </trkpt>
   <trkpt lat="-29.7823500" lon="24.4467070">
    <ele>1129.2</ele>
   </trkpt>
   <trkpt lat="-29.7823470" lon="24.4466680">
    <ele>1129.3</ele>
   </trkpt>
   <trkpt lat="-29.7823310" lon="24.4466210">
    <ele>1129.3</ele>
   </trkpt>
   <trkpt lat="-29.7823240" lon="24.4465950">
    <ele>1129.4</ele>
   </trkpt>
   <trkpt lat="-29.7823010" lon="24.4465540">
    <ele>1129.4</ele>
   </trkpt>
   <trkpt lat="-29.7822950" lon="24.4465360">
    <ele>1129.5</ele>
   </trkpt>
   <trkpt lat="-29.7822780" lon="24.4465070">
    <ele>1129.5</ele>
   </trkpt>
   <trkpt lat="-29.7822660" lon="24.4464720">
    <ele>1129.6</ele>
   </trkpt>
   <trkpt lat="-29.7822560" lon="24.4464400">
    <ele>1129.6</ele>
   </trkpt>
   <trkpt lat="-29.7822320" lon="24.4463900">
    <ele>1129.7</ele>
   </trkpt>
   <trkpt lat="-29.7822180" lon="24.4463400">
    <ele>1129.8</ele>
   </trkpt>
   <trkpt lat="-29.7822100" lon="24.4463150">
    <ele>1129.8</ele>
   </trkpt>
   <trkpt lat="-29.7821890" lon="24.4462680">
    <ele>1129.9</ele>
   </trkpt>
   <trkpt lat="-29.7821770" lon="24.4462450">
    <ele>1129.9</ele>
   </trkpt>
   <trkpt lat="-29.7821540" lon="24.4461980">
    <ele>1130.0</ele>
   </trkpt>
   <trkpt lat="-29.7821470" lon="24.4461750">
    <ele>1130.0</ele>
   </trkpt>
   <trkpt lat="-29.7821250" lon="24.4461270">
    <ele>1130.1</ele>
   </trkpt>
   <trkpt lat="-29.7821140" lon="24.4461020">
    <ele>1130.1</ele>
   </trkpt>
   <trkpt lat="-29.7820990" lon="24.4460580">
    <ele>1130.2</ele>
   </trkpt>
   <trkpt lat="-29.7820930" lon="24.4460420">
    <ele>1130.2</ele>
   </trkpt>
   <trkpt lat="-29.7820780" lon="24.4459910">
    <ele>1130.3</ele>
   </trkpt>
   <trkpt lat="-29.7820670" lon="24.4459520">
    <ele>1130.3</ele>
   </trkpt>
   <trkpt lat="-29.7820530" lon="24.4459070">
    <ele>1130.3</ele>
   </trkpt>
   <trkpt lat="-29.7820450" lon="24.4458910">
    <ele>1130.3</ele>
   </trkpt>
   <trkpt lat="-29.7820370" lon="24.4458570">
    <ele>1130.4</ele>
   </trkpt>
   <trkpt lat="-29.7820190" lon="24.4458060">
    <ele>1130.4</ele>
   </trkpt>
   <trkpt lat="-29.7820050" lon="24.4457590">
    <ele>1130.5</ele>
   </trkpt>
   <trkpt lat="-29.7819970" lon="24.4457360">
    <ele>1130.5</ele>
   </trkpt>
   <trkpt lat="-29.7819870" lon="24.4456920">
    <ele>1130.5</ele>
   </trkpt>
   <trkpt lat="-29.7819830" lon="24.4456740">
    <ele>1130.5</ele>
   </trkpt>
   <trkpt lat="-29.7819650" lon="24.4456220">
    <ele>1130.5</ele>
   </trkpt>
   <trkpt lat="-29.7819480" lon="24.4455680">
    <ele>1130.5</ele>
   </trkpt>
   <trkpt lat="-29.7819390" lon="24.4455410">
    <ele>1130.5</ele>
   </trkpt>
   <trkpt lat="-29.7819260" lon="24.4454990">
    <ele>1130.5</ele>
   </trkpt>
   <trkpt lat="-29.7818620" lon="24.4453960">
    <ele>1130.6</ele>
   </trkpt>
   <trkpt lat="-29.7818510" lon="24.4453580">
    <ele>1130.6</ele>
   </trkpt>
   <trkpt lat="-29.7818400" lon="24.4453200">
    <ele>1130.6</ele>
   </trkpt>
   <trkpt lat="-29.7818280" lon="24.4452800">
    <ele>1130.7</ele>
   </trkpt>
   <trkpt lat="-29.7818170" lon="24.4452400">
    <ele>1130.7</ele>
   </trkpt>
   <trkpt lat="-29.7818060" lon="24.4452020">
    <ele>1130.7</ele>
   </trkpt>
   <trkpt lat="-29.7817970" lon="24.4451620">
    <ele>1130.8</ele>
   </trkpt>
   <trkpt lat="-29.7817880" lon="24.4451230">
    <ele>1130.8</ele>
   </trkpt>
   <trkpt lat="-29.7817780" lon="24.4450820">
    <ele>1130.9</ele>
   </trkpt>
   <trkpt lat="-29.7817660" lon="24.4450410">
    <ele>1130.9</ele>
   </trkpt>
   <trkpt lat="-29.7817530" lon="24.4450020">
    <ele>1131.0</ele>
   </trkpt>
   <trkpt lat="-29.7817410" lon="24.4449610">
    <ele>1131.0</ele>
   </trkpt>
   <trkpt lat="-29.7817290" lon="24.4449190">
    <ele>1131.0</ele>
   </trkpt>
   <trkpt lat="-29.7817170" lon="24.4448780">
    <ele>1131.1</ele>
   </trkpt>
   <trkpt lat="-29.7817040" lon="24.4448370">
    <ele>1131.1</ele>
   </trkpt>
   <trkpt lat="-29.7816910" lon="24.4447970">
    <ele>1131.2</ele>
   </trkpt>
   <trkpt lat="-29.7816780" lon="24.4447570">
    <ele>1131.2</ele>
   </trkpt>
   <trkpt lat="-29.7816680" lon="24.4447160">
    <ele>1131.2</ele>
   </trkpt>
   <trkpt lat="-29.7816560" lon="24.4446720">
    <ele>1131.3</ele>
   </trkpt>
   <trkpt lat="-29.7816470" lon="24.4446340">
    <ele>1131.3</ele>
   </trkpt>
   <trkpt lat="-29.7816190" lon="24.4445440">
    <ele>1131.4</ele>
   </trkpt>
   <trkpt lat="-29.7816070" lon="24.4445020">
    <ele>1131.5</ele>
   </trkpt>
   <trkpt lat="-29.7815960" lon="24.4444610">
    <ele>1131.6</ele>
   </trkpt>
   <trkpt lat="-29.7815850" lon="24.4444200">
    <ele>1131.7</ele>
   </trkpt>
   <trkpt lat="-29.7815740" lon="24.4443790">
    <ele>1131.7</ele>
   </trkpt>
   <trkpt lat="-29.7815640" lon="24.4443380">
    <ele>1131.8</ele>
   </trkpt>
   <trkpt lat="-29.7815510" lon="24.4443030">
    <ele>1131.8</ele>
   </trkpt>
   <trkpt lat="-29.7815550" lon="24.4442760">
    <ele>1131.9</ele>
   </trkpt>
   <trkpt lat="-29.7815510" lon="24.4442590">
    <ele>1131.9</ele>
   </trkpt>
   <trkpt lat="-29.7815230" lon="24.4441850">
    <ele>1132.0</ele>
   </trkpt>
   <trkpt lat="-29.7815020" lon="24.4441400">
    <ele>1132.0</ele>
   </trkpt>
   <trkpt lat="-29.7814910" lon="24.4441000">
    <ele>1132.1</ele>
   </trkpt>
   <trkpt lat="-29.7814810" lon="24.4440570">
    <ele>1132.1</ele>
   </trkpt>
   <trkpt lat="-29.7814720" lon="24.4440150">
    <ele>1132.2</ele>
   </trkpt>
   <trkpt lat="-29.7814610" lon="24.4439730">
    <ele>1132.3</ele>
   </trkpt>
   <trkpt lat="-29.7814500" lon="24.4439300">
    <ele>1132.3</ele>
   </trkpt>
   <trkpt lat="-29.7814390" lon="24.4438870">
    <ele>1132.4</ele>
   </trkpt>
   <trkpt lat="-29.7814270" lon="24.4438470">
    <ele>1132.4</ele>
   </trkpt>
   <trkpt lat="-29.7814160" lon="24.4438060">
    <ele>1132.5</ele>
   </trkpt>
   <trkpt lat="-29.7814080" lon="24.4437670">
    <ele>1132.5</ele>
   </trkpt>
   <trkpt lat="-29.7813990" lon="24.4437250">
    <ele>1132.6</ele>
   </trkpt>
   <trkpt lat="-29.7813870" lon="24.4436830">
    <ele>1132.6</ele>
   </trkpt>
   <trkpt lat="-29.7813730" lon="24.4436410">
    <ele>1132.7</ele>
   </trkpt>
   <trkpt lat="-29.7813560" lon="24.4436020">
    <ele>1132.7</ele>
   </trkpt>
   <trkpt lat="-29.7813390" lon="24.4435620">
    <ele>1132.8</ele>
   </trkpt>
   <trkpt lat="-29.7813200" lon="24.4435240">
    <ele>1132.8</ele>
   </trkpt>
   <trkpt lat="-29.7813060" lon="24.4434830">
    <ele>1132.8</ele>
   </trkpt>
   <trkpt lat="-29.7812940" lon="24.4434420">
    <ele>1132.9</ele>
   </trkpt>
   <trkpt lat="-29.7812840" lon="24.4433990">
    <ele>1132.9</ele>
   </trkpt>
   <trkpt lat="-29.7812720" lon="24.4433640">
    <ele>1133.0</ele>
   </trkpt>
   <trkpt lat="-29.7812650" lon="24.4433280">
    <ele>1133.0</ele>
   </trkpt>
   <trkpt lat="-29.7812600" lon="24.4433050">
    <ele>1133.0</ele>
   </trkpt>
   <trkpt lat="-29.7812600" lon="24.4432650">
    <ele>1133.0</ele>
   </trkpt>
   <trkpt lat="-29.7812560" lon="24.4432460">
    <ele>1133.1</ele>
   </trkpt>
   <trkpt lat="-29.7812520" lon="24.4431990">
    <ele>1133.1</ele>
   </trkpt>
   <trkpt lat="-29.7812520" lon="24.4431810">
    <ele>1133.1</ele>
   </trkpt>
   <trkpt lat="-29.7812440" lon="24.4431340">
    <ele>1133.1</ele>
   </trkpt>
   <trkpt lat="-29.7812370" lon="24.4431070">
    <ele>1133.1</ele>
   </trkpt>
   <trkpt lat="-29.7812290" lon="24.4430620">
    <ele>1133.2</ele>
   </trkpt>
   <trkpt lat="-29.7812260" lon="24.4430440">
    <ele>1133.2</ele>
   </trkpt>
   <trkpt lat="-29.7812120" lon="24.4430090">
    <ele>1133.2</ele>
   </trkpt>
   <trkpt lat="-29.7811970" lon="24.4429520">
    <ele>1133.2</ele>
   </trkpt>
   <trkpt lat="-29.7811870" lon="24.4429200">
    <ele>1133.3</ele>
   </trkpt>
   <trkpt lat="-29.7811780" lon="24.4428780">
    <ele>1133.3</ele>
   </trkpt>
   <trkpt lat="-29.7811550" lon="24.4428200">
    <ele>1133.3</ele>
   </trkpt>
   <trkpt lat="-29.7811450" lon="24.4427750">
    <ele>1133.3</ele>
   </trkpt>
   <trkpt lat="-29.7810800" lon="24.4426660">
    <ele>1133.4</ele>
   </trkpt>
   <trkpt lat="-29.7810690" lon="24.4426230">
    <ele>1133.5</ele>
   </trkpt>
   <trkpt lat="-29.7810570" lon="24.4425800">
    <ele>1133.5</ele>
   </trkpt>
   <trkpt lat="-29.7810440" lon="24.4425380">
    <ele>1133.5</ele>
   </trkpt>
   <trkpt lat="-29.7810320" lon="24.4424950">
    <ele>1133.6</ele>
   </trkpt>
   <trkpt lat="-29.7810210" lon="24.4424520">
    <ele>1133.6</ele>
   </trkpt>
   <trkpt lat="-29.7810090" lon="24.4424070">
    <ele>1133.6</ele>
   </trkpt>
   <trkpt lat="-29.7809980" lon="24.4423640">
    <ele>1133.7</ele>
   </trkpt>
   <trkpt lat="-29.7809880" lon="24.4423230">
    <ele>1133.7</ele>
   </trkpt>
   <trkpt lat="-29.7809750" lon="24.4422830">
    <ele>1133.7</ele>
   </trkpt>
   <trkpt lat="-29.7809550" lon="24.4422440">
    <ele>1133.8</ele>
   </trkpt>
   <trkpt lat="-29.7809340" lon="24.4422060">
    <ele>1133.8</ele>
   </trkpt>
   <trkpt lat="-29.7809190" lon="24.4421650">
    <ele>1133.8</ele>
   </trkpt>
   <trkpt lat="-29.7809100" lon="24.4421230">
    <ele>1133.9</ele>
   </trkpt>
   <trkpt lat="-29.7809000" lon="24.4420820">
    <ele>1133.9</ele>
   </trkpt>
   <trkpt lat="-29.7808890" lon="24.4420420">
    <ele>1133.9</ele>
   </trkpt>
   <trkpt lat="-29.7808770" lon="24.4420050">
    <ele>1134.0</ele>
   </trkpt>
   <trkpt lat="-29.7808650" lon="24.4419650">
    <ele>1134.0</ele>
   </trkpt>
   <trkpt lat="-29.7808530" lon="24.4419260">
    <ele>1134.1</ele>
   </trkpt>
   <trkpt lat="-29.7808410" lon="24.4418910">
    <ele>1134.1</ele>
   </trkpt>
   <trkpt lat="-29.7808500" lon="24.4418640">
    <ele>1134.2</ele>
   </trkpt>
   <trkpt lat="-29.7808510" lon="24.4418470">
    <ele>1134.2</ele>
   </trkpt>
   <trkpt lat="-29.7808470" lon="24.4418130">
    <ele>1134.3</ele>
   </trkpt>
   <trkpt lat="-29.7808360" lon="24.4417780">
    <ele>1134.3</ele>
   </trkpt>
   <trkpt lat="-29.7808250" lon="24.4417450">
    <ele>1134.3</ele>
   </trkpt>
   <trkpt lat="-29.7808230" lon="24.4416990">
    <ele>1134.4</ele>
   </trkpt>
   <trkpt lat="-29.7808190" lon="24.4416740">
    <ele>1134.4</ele>
   </trkpt>
   <trkpt lat="-29.7808020" lon="24.4416210">
    <ele>1134.5</ele>
   </trkpt>
   <trkpt lat="-29.7807930" lon="24.4415970">
    <ele>1134.6</ele>
   </trkpt>
   <trkpt lat="-29.7807820" lon="24.4415480">
    <ele>1134.6</ele>
   </trkpt>
   <trkpt lat="-29.7807780" lon="24.4415280">
    <ele>1134.6</ele>
   </trkpt>
   <trkpt lat="-29.7807590" lon="24.4414780">
    <ele>1134.7</ele>
   </trkpt>
   <trkpt lat="-29.7807480" lon="24.4414300">
    <ele>1134.8</ele>
   </trkpt>
   <trkpt lat="-29.7807460" lon="24.4414110">
    <ele>1134.8</ele>
   </trkpt>
   <trkpt lat="-29.7807360" lon="24.4413760">
    <ele>1134.9</ele>
   </trkpt>
   <trkpt lat="-29.7807270" lon="24.4413390">
    <ele>1134.9</ele>
   </trkpt>
   <trkpt lat="-29.7807100" lon="24.4412900">
    <ele>1135.0</ele>
   </trkpt>
   <trkpt lat="-29.7806960" lon="24.4412400">
    <ele>1135.1</ele>
   </trkpt>
   <trkpt lat="-29.7806900" lon="24.4412140">
    <ele>1135.1</ele>
   </trkpt>
   <trkpt lat="-29.7806770" lon="24.4411690">
    <ele>1135.2</ele>
   </trkpt>
   <trkpt lat="-29.7806720" lon="24.4411490">
    <ele>1135.2</ele>
   </trkpt>
   <trkpt lat="-29.7806510" lon="24.4411140">
    <ele>1135.3</ele>
   </trkpt>
   <trkpt lat="-29.7806300" lon="24.4410780">
    <ele>1135.4</ele>
   </trkpt>
   <trkpt lat="-29.7806190" lon="24.4410410">
    <ele>1135.5</ele>
   </trkpt>
   <trkpt lat="-29.7806050" lon="24.4410070">
    <ele>1135.5</ele>
   </trkpt>
   <trkpt lat="-29.7805920" lon="24.4409660">
    <ele>1135.6</ele>
   </trkpt>
   <trkpt lat="-29.7805830" lon="24.4409280">
    <ele>1135.7</ele>
   </trkpt>
   <trkpt lat="-29.7805600" lon="24.4408710">
    <ele>1135.8</ele>
   </trkpt>
   <trkpt lat="-29.7805320" lon="24.4408330">
    <ele>1135.9</ele>
   </trkpt>
   <trkpt lat="-29.7804970" lon="24.4407540">
    <ele>1136.0</ele>
   </trkpt>
   <trkpt lat="-29.7804680" lon="24.4406970">
    <ele>1136.1</ele>
   </trkpt>
   <trkpt lat="-29.7804380" lon="24.4406390">
    <ele>1136.2</ele>
   </trkpt>
   <trkpt lat="-29.7804280" lon="24.4405980">
    <ele>1136.3</ele>
   </trkpt>
   <trkpt lat="-29.7804170" lon="24.4405570">
    <ele>1136.4</ele>
   </trkpt>
   <trkpt lat="-29.7804060" lon="24.4405160">
    <ele>1136.5</ele>
   </trkpt>
   <trkpt lat="-29.7803960" lon="24.4404750">
    <ele>1136.6</ele>
   </trkpt>
   <trkpt lat="-29.7803830" lon="24.4404340">
    <ele>1136.6</ele>
   </trkpt>
   <trkpt lat="-29.7803700" lon="24.4403940">
    <ele>1136.7</ele>
   </trkpt>
   <trkpt lat="-29.7803580" lon="24.4403540">
    <ele>1136.8</ele>
   </trkpt>
   <trkpt lat="-29.7803450" lon="24.4403160">
    <ele>1136.9</ele>
   </trkpt>
   <trkpt lat="-29.7803320" lon="24.4402770">
    <ele>1137.0</ele>
   </trkpt>
   <trkpt lat="-29.7803180" lon="24.4402370">
    <ele>1137.1</ele>
   </trkpt>
   <trkpt lat="-29.7803050" lon="24.4401970">
    <ele>1137.1</ele>
   </trkpt>
   <trkpt lat="-29.7802920" lon="24.4401520">
    <ele>1137.2</ele>
   </trkpt>
   <trkpt lat="-29.7802780" lon="24.4401080">
    <ele>1137.3</ele>
   </trkpt>
   <trkpt lat="-29.7802640" lon="24.4400660">
    <ele>1137.4</ele>
   </trkpt>
   <trkpt lat="-29.7802480" lon="24.4400190">
    <ele>1137.5</ele>
   </trkpt>
   <trkpt lat="-29.7802470" lon="24.4399930">
    <ele>1137.5</ele>
   </trkpt>
   <trkpt lat="-29.7802510" lon="24.4399820">
    <ele>1137.6</ele>
   </trkpt>
   <trkpt lat="-29.7802440" lon="24.4399330">
    <ele>1137.7</ele>
   </trkpt>
   <trkpt lat="-29.7802390" lon="24.4399150">
    <ele>1137.7</ele>
   </trkpt>
   <trkpt lat="-29.7802260" lon="24.4398820">
    <ele>1137.8</ele>
   </trkpt>
   <trkpt lat="-29.7802210" lon="24.4398380">
    <ele>1137.9</ele>
   </trkpt>
   <trkpt lat="-29.7802090" lon="24.4398030">
    <ele>1138.0</ele>
   </trkpt>
   <trkpt lat="-29.7802020" lon="24.4397560">
    <ele>1138.1</ele>
   </trkpt>
   <trkpt lat="-29.7801970" lon="24.4397320">
    <ele>1138.1</ele>
   </trkpt>
   <trkpt lat="-29.7801860" lon="24.4396810">
    <ele>1138.2</ele>
   </trkpt>
   <trkpt lat="-29.7801780" lon="24.4396550">
    <ele>1138.3</ele>
   </trkpt>
   <trkpt lat="-29.7801660" lon="24.4395890">
    <ele>1138.4</ele>
   </trkpt>
   <trkpt lat="-29.7801620" lon="24.4395470">
    <ele>1138.5</ele>
   </trkpt>
   <trkpt lat="-29.7801550" lon="24.4394900">
    <ele>1138.7</ele>
   </trkpt>
   <trkpt lat="-29.7801520" lon="24.4394630">
    <ele>1138.7</ele>
   </trkpt>
   <trkpt lat="-29.7801380" lon="24.4394150">
    <ele>1138.8</ele>
   </trkpt>
   <trkpt lat="-29.7801310" lon="24.4393930">
    <ele>1138.9</ele>
   </trkpt>
   <trkpt lat="-29.7801250" lon="24.4393520">
    <ele>1139.0</ele>
   </trkpt>
   <trkpt lat="-29.7801170" lon="24.4393210">
    <ele>1139.0</ele>
   </trkpt>
   <trkpt lat="-29.7801110" lon="24.4392850">
    <ele>1139.1</ele>
   </trkpt>
   <trkpt lat="-29.7801020" lon="24.4392460">
    <ele>1139.2</ele>
   </trkpt>
   <trkpt lat="-29.7800980" lon="24.4392100">
    <ele>1139.3</ele>
   </trkpt>
   <trkpt lat="-29.7800900" lon="24.4391760">
    <ele>1139.3</ele>
   </trkpt>
   <trkpt lat="-29.7800790" lon="24.4391410">
    <ele>1139.4</ele>
   </trkpt>
   <trkpt lat="-29.7800740" lon="24.4391020">
    <ele>1139.5</ele>
   </trkpt>
   <trkpt lat="-29.7800640" lon="24.4390710">
    <ele>1139.5</ele>
   </trkpt>
   <trkpt lat="-29.7800640" lon="24.4390360">
    <ele>1139.6</ele>
   </trkpt>
   <trkpt lat="-29.7800560" lon="24.4390030">
    <ele>1139.6</ele>
   </trkpt>
   <trkpt lat="-29.7800460" lon="24.4389610">
    <ele>1139.7</ele>
   </trkpt>
   <trkpt lat="-29.7800210" lon="24.4389300">
    <ele>1139.8</ele>
   </trkpt>
   <trkpt lat="-29.7800170" lon="24.4388980">
    <ele>1139.8</ele>
   </trkpt>
   <trkpt lat="-29.7800070" lon="24.4388690">
    <ele>1139.9</ele>
   </trkpt>
   <trkpt lat="-29.7799990" lon="24.4388230">
    <ele>1140.0</ele>
   </trkpt>
   <trkpt lat="-29.7799950" lon="24.4388080">
    <ele>1140.0</ele>
   </trkpt>
   <trkpt lat="-29.7799880" lon="24.4387770">
    <ele>1140.1</ele>
   </trkpt>
   <trkpt lat="-29.7799800" lon="24.4387430">
    <ele>1140.2</ele>
   </trkpt>
   <trkpt lat="-29.7799680" lon="24.4387140">
    <ele>1140.2</ele>
   </trkpt>
   <trkpt lat="-29.7799650" lon="24.4386700">
    <ele>1140.3</ele>
   </trkpt>
   <trkpt lat="-29.7799580" lon="24.4386500">
    <ele>1140.4</ele>
   </trkpt>
   <trkpt lat="-29.7799440" lon="24.4386170">
    <ele>1140.5</ele>
   </trkpt>
   <trkpt lat="-29.7799340" lon="24.4385810">
    <ele>1140.5</ele>
   </trkpt>
   <trkpt lat="-29.7799190" lon="24.4385420">
    <ele>1140.6</ele>
   </trkpt>
   <trkpt lat="-29.7798990" lon="24.4385110">
    <ele>1140.7</ele>
   </trkpt>
   <trkpt lat="-29.7798600" lon="24.4384650">
    <ele>1140.9</ele>
   </trkpt>
   <trkpt lat="-29.7798590" lon="24.4384160">
    <ele>1141.0</ele>
   </trkpt>
   <trkpt lat="-29.7798570" lon="24.4383980">
    <ele>1141.0</ele>
   </trkpt>
   <trkpt lat="-29.7798400" lon="24.4383700">
    <ele>1141.1</ele>
   </trkpt>
   <trkpt lat="-29.7798270" lon="24.4383390">
    <ele>1141.2</ele>
   </trkpt>
   <trkpt lat="-29.7798140" lon="24.4383070">
    <ele>1141.2</ele>
   </trkpt>
   <trkpt lat="-29.7797990" lon="24.4382730">
    <ele>1141.3</ele>
   </trkpt>
   <trkpt lat="-29.7797910" lon="24.4382430">
    <ele>1141.4</ele>
   </trkpt>
   <trkpt lat="-29.7797750" lon="24.4382050">
    <ele>1141.5</ele>
   </trkpt>
   <trkpt lat="-29.7797590" lon="24.4381790">
    <ele>1141.5</ele>
   </trkpt>
   <trkpt lat="-29.7797400" lon="24.4381470">
    <ele>1141.6</ele>
   </trkpt>
   <trkpt lat="-29.7797250" lon="24.4381010">
    <ele>1141.7</ele>
   </trkpt>
   <trkpt lat="-29.7797170" lon="24.4380830">
    <ele>1141.7</ele>
   </trkpt>
   <trkpt lat="-29.7797010" lon="24.4380530">
    <ele>1141.8</ele>
   </trkpt>
   <trkpt lat="-29.7796910" lon="24.4380200">
    <ele>1141.8</ele>
   </trkpt>
   <trkpt lat="-29.7796760" lon="24.4379930">
    <ele>1141.9</ele>
   </trkpt>
   <trkpt lat="-29.7796530" lon="24.4379460">
    <ele>1141.9</ele>
   </trkpt>
   <trkpt lat="-29.7796210" lon="24.4379050">
    <ele>1142.0</ele>
   </trkpt>
   <trkpt lat="-29.7796010" lon="24.4378650">
    <ele>1142.1</ele>
   </trkpt>
   <trkpt lat="-29.7795940" lon="24.4378510">
    <ele>1142.1</ele>
   </trkpt>
   <trkpt lat="-29.7795810" lon="24.4378230">
    <ele>1142.1</ele>
   </trkpt>
   <trkpt lat="-29.7795650" lon="24.4377800">
    <ele>1142.2</ele>
   </trkpt>
   <trkpt lat="-29.7795590" lon="24.4377660">
    <ele>1142.2</ele>
   </trkpt>
   <trkpt lat="-29.7795490" lon="24.4377370">
    <ele>1142.2</ele>
   </trkpt>
   <trkpt lat="-29.7795330" lon="24.4377100">
    <ele>1142.2</ele>
   </trkpt>
   <trkpt lat="-29.7795240" lon="24.4376760">
    <ele>1142.2</ele>
   </trkpt>
   <trkpt lat="-29.7795240" lon="24.4376690">
    <ele>1142.2</ele>
   </trkpt>
   <trkpt lat="-29.7794980" lon="24.4376140">
    <ele>1142.3</ele>
   </trkpt>
   <trkpt lat="-29.7794800" lon="24.4375760">
    <ele>1142.3</ele>
   </trkpt>
   <trkpt lat="-29.7794520" lon="24.4375390">
    <ele>1142.3</ele>
   </trkpt>
   <trkpt lat="-29.7794260" lon="24.4375090">
    <ele>1142.3</ele>
   </trkpt>
   <trkpt lat="-29.7794130" lon="24.4374960">
    <ele>1142.3</ele>
   </trkpt>
   <trkpt lat="-29.7793970" lon="24.4374650">
    <ele>1142.3</ele>
   </trkpt>
   <trkpt lat="-29.7793780" lon="24.4374350">
    <ele>1142.2</ele>
   </trkpt>
   <trkpt lat="-29.7793510" lon="24.4374080">
    <ele>1142.2</ele>
   </trkpt>
   <trkpt lat="-29.7793240" lon="24.4373680">
    <ele>1142.2</ele>
   </trkpt>
   <trkpt lat="-29.7793120" lon="24.4373530">
    <ele>1142.2</ele>
   </trkpt>
   <trkpt lat="-29.7792870" lon="24.4373180">
    <ele>1142.1</ele>
   </trkpt>
   <trkpt lat="-29.7792750" lon="24.4373040">
    <ele>1142.1</ele>
   </trkpt>
   <trkpt lat="-29.7792540" lon="24.4372740">
    <ele>1142.1</ele>
   </trkpt>
   <trkpt lat="-29.7792450" lon="24.4372630">
    <ele>1142.0</ele>
   </trkpt>
   <trkpt lat="-29.7792240" lon="24.4372260">
    <ele>1142.0</ele>
   </trkpt>
   <trkpt lat="-29.7792150" lon="24.4372140">
    <ele>1142.0</ele>
   </trkpt>
   <trkpt lat="-29.7791910" lon="24.4371890">
    <ele>1141.9</ele>
   </trkpt>
   <trkpt lat="-29.7791790" lon="24.4371780">
    <ele>1141.9</ele>
   </trkpt>
   <trkpt lat="-29.7791580" lon="24.4371420">
    <ele>1141.8</ele>
   </trkpt>
   <trkpt lat="-29.7791500" lon="24.4371300">
    <ele>1141.8</ele>
   </trkpt>
   <trkpt lat="-29.7791300" lon="24.4370960">
    <ele>1141.7</ele>
   </trkpt>
   <trkpt lat="-29.7791200" lon="24.4370860">
    <ele>1141.7</ele>
   </trkpt>
   <trkpt lat="-29.7791130" lon="24.4370910">
    <ele>1141.7</ele>
   </trkpt>
   <trkpt lat="-29.7791090" lon="24.4370890">
    <ele>1141.7</ele>
   </trkpt>
   <trkpt lat="-29.7791050" lon="24.4370860">
    <ele>1141.6</ele>
   </trkpt>
   <trkpt lat="-29.7791010" lon="24.4370840">
    <ele>1141.6</ele>
   </trkpt>
   <trkpt lat="-29.7790970" lon="24.4370810">
    <ele>1141.6</ele>
   </trkpt>
   <trkpt lat="-29.7790930" lon="24.4370790">
    <ele>1141.6</ele>
   </trkpt>
   <trkpt lat="-29.7790890" lon="24.4370760">
    <ele>1141.6</ele>
   </trkpt>
   <trkpt lat="-29.7790850" lon="24.4370740">
    <ele>1141.6</ele>
   </trkpt>
   <trkpt lat="-29.7790810" lon="24.4370710">
    <ele>1141.6</ele>
   </trkpt>
   <trkpt lat="-29.7790770" lon="24.4370690">
    <ele>1141.6</ele>
   </trkpt>
   <trkpt lat="-29.7790730" lon="24.4370660">
    <ele>1141.6</ele>
   </trkpt>
   <trkpt lat="-29.7790690" lon="24.4370640">
    <ele>1141.6</ele>
   </trkpt>
   <trkpt lat="-29.7790650" lon="24.4370610">
    <ele>1141.6</ele>
   </trkpt>
   <trkpt lat="-29.7790610" lon="24.4370590">
    <ele>1141.5</ele>
   </trkpt>
   <trkpt lat="-29.7790570" lon="24.4370560">
    <ele>1141.5</ele>
   </trkpt>
   <trkpt lat="-29.7790400" lon="24.4370270">
    <ele>1141.5</ele>
   </trkpt>
   <trkpt lat="-29.7790330" lon="24.4370170">
    <ele>1141.5</ele>
   </trkpt>
   <trkpt lat="-29.7790070" lon="24.4369880">
    <ele>1141.4</ele>
   </trkpt>
   <trkpt lat="-29.7789980" lon="24.4369790">
    <ele>1141.3</ele>
   </trkpt>
   <trkpt lat="-29.7789650" lon="24.4369520">
    <ele>1141.2</ele>
   </trkpt>
   <trkpt lat="-29.7789540" lon="24.4369440">
    <ele>1141.2</ele>
   </trkpt>
   <trkpt lat="-29.7789360" lon="24.4369210">
    <ele>1141.1</ele>
   </trkpt>
   <trkpt lat="-29.7789160" lon="24.4368840">
    <ele>1141.0</ele>
   </trkpt>
   <trkpt lat="-29.7789070" lon="24.4368730">
    <ele>1141.0</ele>
   </trkpt>
   <trkpt lat="-29.7788910" lon="24.4368480">
    <ele>1140.9</ele>
   </trkpt>
   <trkpt lat="-29.7788680" lon="24.4368230">
    <ele>1140.8</ele>
   </trkpt>
   <trkpt lat="-29.7788390" lon="24.4367870">
    <ele>1140.6</ele>
   </trkpt>
   <trkpt lat="-29.7788270" lon="24.4367730">
    <ele>1140.5</ele>
   </trkpt>
   <trkpt lat="-29.7788040" lon="24.4367430">
    <ele>1140.4</ele>
   </trkpt>
   <trkpt lat="-29.7787780" lon="24.4367130">
    <ele>1140.2</ele>
   </trkpt>
   <trkpt lat="-29.7787520" lon="24.4366750">
    <ele>1140.0</ele>
   </trkpt>
   <trkpt lat="-29.7787250" lon="24.4366430">
    <ele>1139.9</ele>
   </trkpt>
   <trkpt lat="-29.7786950" lon="24.4366080">
    <ele>1139.7</ele>
   </trkpt>
   <trkpt lat="-29.7786740" lon="24.4365640">
    <ele>1139.5</ele>
   </trkpt>
   <trkpt lat="-29.7786470" lon="24.4365290">
    <ele>1139.3</ele>
   </trkpt>
   <trkpt lat="-29.7786180" lon="24.4364910">
    <ele>1139.1</ele>
   </trkpt>
   <trkpt lat="-29.7785740" lon="24.4364710">
    <ele>1138.8</ele>
   </trkpt>
   <trkpt lat="-29.7785440" lon="24.4364270">
    <ele>1138.6</ele>
   </trkpt>
   <trkpt lat="-29.7785090" lon="24.4363870">
    <ele>1138.4</ele>
   </trkpt>
   <trkpt lat="-29.7784730" lon="24.4363460">
    <ele>1138.1</ele>
   </trkpt>
   <trkpt lat="-29.7784380" lon="24.4363060">
    <ele>1137.9</ele>
   </trkpt>
   <trkpt lat="-29.7783990" lon="24.4362620">
    <ele>1137.6</ele>
   </trkpt>
   <trkpt lat="-29.7783600" lon="24.4362220">
    <ele>1137.3</ele>
   </trkpt>
   <trkpt lat="-29.7783180" lon="24.4361800">
    <ele>1137.0</ele>
   </trkpt>
   <trkpt lat="-29.7782770" lon="24.4361350">
    <ele>1136.7</ele>
   </trkpt>
   <trkpt lat="-29.7782350" lon="24.4360920">
    <ele>1136.4</ele>
   </trkpt>
   <trkpt lat="-29.7781930" lon="24.4360450">
    <ele>1136.1</ele>
   </trkpt>
   <trkpt lat="-29.7781500" lon="24.4359980">
    <ele>1135.8</ele>
   </trkpt>
   <trkpt lat="-29.7781080" lon="24.4359530">
    <ele>1135.5</ele>
   </trkpt>
   <trkpt lat="-29.7780650" lon="24.4359070">
    <ele>1135.2</ele>
   </trkpt>
   <trkpt lat="-29.7780220" lon="24.4358600">
    <ele>1134.9</ele>
   </trkpt>
   <trkpt lat="-29.7779780" lon="24.4358110">
    <ele>1134.7</ele>
   </trkpt>
   <trkpt lat="-29.7779340" lon="24.4357670">
    <ele>1134.4</ele>
   </trkpt>
   <trkpt lat="-29.7778880" lon="24.4357150">
    <ele>1134.1</ele>
   </trkpt>
   <trkpt lat="-29.7778430" lon="24.4356670">
    <ele>1133.8</ele>
   </trkpt>
   <trkpt lat="-29.7777960" lon="24.4356170">
    <ele>1133.6</ele>
   </trkpt>
   <trkpt lat="-29.7777490" lon="24.4355700">
    <ele>1133.3</ele>
   </trkpt>
   <trkpt lat="-29.7777030" lon="24.4355260">
    <ele>1133.0</ele>
   </trkpt>
   <trkpt lat="-29.7776600" lon="24.4354780">
    <ele>1132.7</ele>
   </trkpt>
   <trkpt lat="-29.7776160" lon="24.4354320">
    <ele>1132.5</ele>
   </trkpt>
   <trkpt lat="-29.7775740" lon="24.4353830">
    <ele>1132.2</ele>
   </trkpt>
   <trkpt lat="-29.7775310" lon="24.4353350">
    <ele>1131.9</ele>
   </trkpt>
   <trkpt lat="-29.7774840" lon="24.4352880">
    <ele>1131.6</ele>
   </trkpt>
   <trkpt lat="-29.7774390" lon="24.4352410">
    <ele>1131.4</ele>
   </trkpt>
   <trkpt lat="-29.7773940" lon="24.4351940">
    <ele>1131.1</ele>
   </trkpt>
   <trkpt lat="-29.7773500" lon="24.4351460">
    <ele>1130.9</ele>
   </trkpt>
   <trkpt lat="-29.7773040" lon="24.4350970">
    <ele>1130.6</ele>
   </trkpt>
   <trkpt lat="-29.7772600" lon="24.4350520">
    <ele>1130.4</ele>
   </trkpt>
   <trkpt lat="-29.7772150" lon="24.4350060">
    <ele>1130.1</ele>
   </trkpt>
   <trkpt lat="-29.7771720" lon="24.4349590">
    <ele>1129.9</ele>
   </trkpt>
   <trkpt lat="-29.7771280" lon="24.4349120">
    <ele>1129.6</ele>
   </trkpt>
   <trkpt lat="-29.7770820" lon="24.4348660">
    <ele>1129.4</ele>
   </trkpt>
   <trkpt lat="-29.7770380" lon="24.4348200">
    <ele>1129.1</ele>
   </trkpt>
   <trkpt lat="-29.7769890" lon="24.4347720">
    <ele>1128.8</ele>
   </trkpt>
   <trkpt lat="-29.7769450" lon="24.4347220">
    <ele>1128.5</ele>
   </trkpt>
   <trkpt lat="-29.7769000" lon="24.4346720">
    <ele>1128.3</ele>
   </trkpt>
   <trkpt lat="-29.7768530" lon="24.4346270">
    <ele>1128.0</ele>
   </trkpt>
   <trkpt lat="-29.7768030" lon="24.4345870">
    <ele>1127.8</ele>
   </trkpt>
   <trkpt lat="-29.7767550" lon="24.4345420">
    <ele>1127.6</ele>
   </trkpt>
   <trkpt lat="-29.7767120" lon="24.4345000">
    <ele>1127.4</ele>
   </trkpt>
   <trkpt lat="-29.7766680" lon="24.4344530">
    <ele>1127.2</ele>
   </trkpt>
   <trkpt lat="-29.7766240" lon="24.4344050">
    <ele>1127.1</ele>
   </trkpt>
   <trkpt lat="-29.7765370" lon="24.4343200">
    <ele>1126.8</ele>
   </trkpt>
   <trkpt lat="-29.7764960" lon="24.4342710">
    <ele>1126.7</ele>
   </trkpt>
   <trkpt lat="-29.7764120" lon="24.4341790">
    <ele>1126.4</ele>
   </trkpt>
   <trkpt lat="-29.7763690" lon="24.4341400">
    <ele>1126.3</ele>
   </trkpt>
   <trkpt lat="-29.7762850" lon="24.4340600">
    <ele>1126.0</ele>
   </trkpt>
   <trkpt lat="-29.7762450" lon="24.4340210">
    <ele>1125.7</ele>
   </trkpt>
   <trkpt lat="-29.7762000" lon="24.4339860">
    <ele>1125.3</ele>
   </trkpt>
   <trkpt lat="-29.7761560" lon="24.4339470">
    <ele>1125.0</ele>
   </trkpt>
   <trkpt lat="-29.7761180" lon="24.4339110">
    <ele>1124.7</ele>
   </trkpt>
   <trkpt lat="-29.7760790" lon="24.4338650">
    <ele>1124.4</ele>
   </trkpt>
   <trkpt lat="-29.7760400" lon="24.4338230">
    <ele>1124.2</ele>
   </trkpt>
   <trkpt lat="-29.7760020" lon="24.4337850">
    <ele>1124.1</ele>
   </trkpt>
   <trkpt lat="-29.7759660" lon="24.4337420">
    <ele>1123.9</ele>
   </trkpt>
   <trkpt lat="-29.7759290" lon="24.4337010">
    <ele>1123.8</ele>
   </trkpt>
   <trkpt lat="-29.7758890" lon="24.4336650">
    <ele>1123.6</ele>
   </trkpt>
   <trkpt lat="-29.7758500" lon="24.4336290">
    <ele>1123.5</ele>
   </trkpt>
   <trkpt lat="-29.7758140" lon="24.4335900">
    <ele>1123.3</ele>
   </trkpt>
   <trkpt lat="-29.7757790" lon="24.4335560">
    <ele>1123.2</ele>
   </trkpt>
   <trkpt lat="-29.7757430" lon="24.4335170">
    <ele>1123.1</ele>
   </trkpt>
   <trkpt lat="-29.7757090" lon="24.4334800">
    <ele>1123.0</ele>
   </trkpt>
   <trkpt lat="-29.7756700" lon="24.4334510">
    <ele>1122.9</ele>
   </trkpt>
   <trkpt lat="-29.7756350" lon="24.4334230">
    <ele>1122.8</ele>
   </trkpt>
   <trkpt lat="-29.7756000" lon="24.4333860">
    <ele>1122.7</ele>
   </trkpt>
   <trkpt lat="-29.7755670" lon="24.4333510">
    <ele>1122.6</ele>
   </trkpt>
   <trkpt lat="-29.7755330" lon="24.4333100">
    <ele>1122.5</ele>
   </trkpt>
   <trkpt lat="-29.7754970" lon="24.4332640">
    <ele>1122.4</ele>
   </trkpt>
   <trkpt lat="-29.7754630" lon="24.4332300">
    <ele>1122.2</ele>
   </trkpt>
   <trkpt lat="-29.7754270" lon="24.4331940">
    <ele>1122.1</ele>
   </trkpt>
   <trkpt lat="-29.7753920" lon="24.4331560">
    <ele>1122.0</ele>
   </trkpt>
   <trkpt lat="-29.7753580" lon="24.4331200">
    <ele>1121.9</ele>
   </trkpt>
   <trkpt lat="-29.7753200" lon="24.4330780">
    <ele>1121.7</ele>
   </trkpt>
   <trkpt lat="-29.7752830" lon="24.4330470">
    <ele>1121.6</ele>
   </trkpt>
   <trkpt lat="-29.7752430" lon="24.4330030">
    <ele>1121.4</ele>
   </trkpt>
   <trkpt lat="-29.7752040" lon="24.4329720">
    <ele>1121.3</ele>
   </trkpt>
   <trkpt lat="-29.7751560" lon="24.4329080">
    <ele>1121.1</ele>
   </trkpt>
   <trkpt lat="-29.7751280" lon="24.4328780">
    <ele>1121.0</ele>
   </trkpt>
   <trkpt lat="-29.7750890" lon="24.4328470">
    <ele>1120.9</ele>
   </trkpt>
   <trkpt lat="-29.7750500" lon="24.4328060">
    <ele>1120.7</ele>
   </trkpt>
   <trkpt lat="-29.7750120" lon="24.4327710">
    <ele>1120.6</ele>
   </trkpt>
   <trkpt lat="-29.7749760" lon="24.4327340">
    <ele>1120.4</ele>
   </trkpt>
   <trkpt lat="-29.7749570" lon="24.4327200">
    <ele>1120.4</ele>
   </trkpt>
   <trkpt lat="-29.7749410" lon="24.4327090">
    <ele>1120.3</ele>
   </trkpt>
   <trkpt lat="-29.7748840" lon="24.4326430">
    <ele>1120.1</ele>
   </trkpt>
   <trkpt lat="-29.7748420" lon="24.4325870">
    <ele>1119.8</ele>
   </trkpt>
   <trkpt lat="-29.7748010" lon="24.4325300">
    <ele>1119.6</ele>
   </trkpt>
   <trkpt lat="-29.7747670" lon="24.4324900">
    <ele>1119.5</ele>
   </trkpt>
   <trkpt lat="-29.7747310" lon="24.4324520">
    <ele>1119.3</ele>
   </trkpt>
   <trkpt lat="-29.7746990" lon="24.4324110">
    <ele>1119.1</ele>
   </trkpt>
   <trkpt lat="-29.7746600" lon="24.4323780">
    <ele>1119.0</ele>
   </trkpt>
   <trkpt lat="-29.7746330" lon="24.4323340">
    <ele>1118.8</ele>
   </trkpt>
   <trkpt lat="-29.7745870" lon="24.4323110">
    <ele>1118.6</ele>
   </trkpt>
   <trkpt lat="-29.7745420" lon="24.4322830">
    <ele>1118.5</ele>
   </trkpt>
   <trkpt lat="-29.7745170" lon="24.4322320">
    <ele>1118.3</ele>
   </trkpt>
   <trkpt lat="-29.7744800" lon="24.4322010">
    <ele>1118.2</ele>
   </trkpt>
   <trkpt lat="-29.7744480" lon="24.4321620">
    <ele>1118.0</ele>
   </trkpt>
   <trkpt lat="-29.7744100" lon="24.4321310">
    <ele>1117.9</ele>
   </trkpt>
   <trkpt lat="-29.7743790" lon="24.4320890">
    <ele>1117.7</ele>
   </trkpt>
   <trkpt lat="-29.7743460" lon="24.4320480">
    <ele>1117.6</ele>
   </trkpt>
   <trkpt lat="-29.7743100" lon="24.4320130">
    <ele>1117.5</ele>
   </trkpt>
   <trkpt lat="-29.7742810" lon="24.4319680">
    <ele>1117.3</ele>
   </trkpt>
   <trkpt lat="-29.7742480" lon="24.4319380">
    <ele>1117.2</ele>
   </trkpt>
   <trkpt lat="-29.7742090" lon="24.4318990">
    <ele>1117.0</ele>
   </trkpt>
   <trkpt lat="-29.7741750" lon="24.4318650">
    <ele>1116.9</ele>
   </trkpt>
   <trkpt lat="-29.7741460" lon="24.4318180">
    <ele>1116.7</ele>
   </trkpt>
   <trkpt lat="-29.7741120" lon="24.4317780">
    <ele>1116.6</ele>
   </trkpt>
   <trkpt lat="-29.7740800" lon="24.4317370">
    <ele>1116.4</ele>
   </trkpt>
   <trkpt lat="-29.7740510" lon="24.4316970">
    <ele>1116.2</ele>
   </trkpt>
   <trkpt lat="-29.7740260" lon="24.4316510">
    <ele>1116.0</ele>
   </trkpt>
   <trkpt lat="-29.7740020" lon="24.4316050">
    <ele>1115.7</ele>
   </trkpt>
   <trkpt lat="-29.7739740" lon="24.4315620">
    <ele>1115.5</ele>
   </trkpt>
   <trkpt lat="-29.7739430" lon="24.4315140">
    <ele>1115.3</ele>
   </trkpt>
   <trkpt lat="-29.7739110" lon="24.4314660">
    <ele>1115.1</ele>
   </trkpt>
   <trkpt lat="-29.7738810" lon="24.4314200">
    <ele>1114.9</ele>
   </trkpt>
   <trkpt lat="-29.7738520" lon="24.4313630">
    <ele>1114.7</ele>
   </trkpt>
   <trkpt lat="-29.7738230" lon="24.4313100">
    <ele>1114.5</ele>
   </trkpt>
   <trkpt lat="-29.7737940" lon="24.4312540">
    <ele>1114.3</ele>
   </trkpt>
   <trkpt lat="-29.7737630" lon="24.4311950">
    <ele>1114.2</ele>
   </trkpt>
   <trkpt lat="-29.7737300" lon="24.4311370">
    <ele>1114.0</ele>
   </trkpt>
   <trkpt lat="-29.7737020" lon="24.4310830">
    <ele>1113.8</ele>
   </trkpt>
   <trkpt lat="-29.7736740" lon="24.4310210">
    <ele>1113.7</ele>
   </trkpt>
   <trkpt lat="-29.7736440" lon="24.4309640">
    <ele>1113.5</ele>
   </trkpt>
   <trkpt lat="-29.7736160" lon="24.4309060">
    <ele>1113.4</ele>
   </trkpt>
   <trkpt lat="-29.7735920" lon="24.4308430">
    <ele>1113.2</ele>
   </trkpt>
   <trkpt lat="-29.7735640" lon="24.4307900">
    <ele>1113.1</ele>
   </trkpt>
   <trkpt lat="-29.7735440" lon="24.4307230">
    <ele>1113.0</ele>
   </trkpt>
   <trkpt lat="-29.7735320" lon="24.4306620">
    <ele>1112.9</ele>
   </trkpt>
   <trkpt lat="-29.7735310" lon="24.4305970">
    <ele>1112.8</ele>
   </trkpt>
   <trkpt lat="-29.7735160" lon="24.4305370">
    <ele>1112.7</ele>
   </trkpt>
   <trkpt lat="-29.7734970" lon="24.4304820">
    <ele>1112.6</ele>
   </trkpt>
   <trkpt lat="-29.7734810" lon="24.4304260">
    <ele>1112.6</ele>
   </trkpt>
   <trkpt lat="-29.7734670" lon="24.4303700">
    <ele>1112.5</ele>
   </trkpt>
   <trkpt lat="-29.7734480" lon="24.4303160">
    <ele>1112.4</ele>
   </trkpt>
   <trkpt lat="-29.7734350" lon="24.4302660">
    <ele>1112.4</ele>
   </trkpt>
   <trkpt lat="-29.7734210" lon="24.4302150">
    <ele>1112.4</ele>
   </trkpt>
   <trkpt lat="-29.7734080" lon="24.4301660">
    <ele>1112.3</ele>
   </trkpt>
   <trkpt lat="-29.7733940" lon="24.4301210">
    <ele>1112.3</ele>
   </trkpt>
   <trkpt lat="-29.7733820" lon="24.4300750">
    <ele>1112.3</ele>
   </trkpt>
   <trkpt lat="-29.7733690" lon="24.4300200">
    <ele>1112.3</ele>
   </trkpt>
   <trkpt lat="-29.7733550" lon="24.4299690">
    <ele>1112.2</ele>
   </trkpt>
   <trkpt lat="-29.7733470" lon="24.4299240">
    <ele>1112.2</ele>
   </trkpt>
   <trkpt lat="-29.7733410" lon="24.4298730">
    <ele>1112.2</ele>
   </trkpt>
   <trkpt lat="-29.7733250" lon="24.4298240">
    <ele>1112.1</ele>
   </trkpt>
   <trkpt lat="-29.7733160" lon="24.4297790">
    <ele>1112.1</ele>
   </trkpt>
   <trkpt lat="-29.7733070" lon="24.4297370">
    <ele>1112.0</ele>
   </trkpt>
   <trkpt lat="-29.7732930" lon="24.4296940">
    <ele>1111.9</ele>
   </trkpt>
   <trkpt lat="-29.7732850" lon="24.4296440">
    <ele>1111.8</ele>
   </trkpt>
   <trkpt lat="-29.7732780" lon="24.4295980">
    <ele>1111.7</ele>
   </trkpt>
   <trkpt lat="-29.7732690" lon="24.4295500">
    <ele>1111.6</ele>
   </trkpt>
   <trkpt lat="-29.7732600" lon="24.4295000">
    <ele>1111.4</ele>
   </trkpt>
   <trkpt lat="-29.7732500" lon="24.4294470">
    <ele>1111.3</ele>
   </trkpt>
   <trkpt lat="-29.7732430" lon="24.4294000">
    <ele>1111.1</ele>
   </trkpt>
   <trkpt lat="-29.7732450" lon="24.4293460">
    <ele>1110.9</ele>
   </trkpt>
   <trkpt lat="-29.7732330" lon="24.4293060">
    <ele>1110.8</ele>
   </trkpt>
   <trkpt lat="-29.7732260" lon="24.4292700">
    <ele>1110.6</ele>
   </trkpt>
   <trkpt lat="-29.7732100" lon="24.4291970">
    <ele>1110.3</ele>
   </trkpt>
   <trkpt lat="-29.7731970" lon="24.4291460">
    <ele>1110.1</ele>
   </trkpt>
   <trkpt lat="-29.7731920" lon="24.4290940">
    <ele>1109.9</ele>
   </trkpt>
   <trkpt lat="-29.7731890" lon="24.4290400">
    <ele>1109.7</ele>
   </trkpt>
   <trkpt lat="-29.7731770" lon="24.4289840">
    <ele>1109.4</ele>
   </trkpt>
   <trkpt lat="-29.7731650" lon="24.4289280">
    <ele>1109.2</ele>
   </trkpt>
   <trkpt lat="-29.7731530" lon="24.4288690">
    <ele>1109.0</ele>
   </trkpt>
   <trkpt lat="-29.7731390" lon="24.4288110">
    <ele>1108.8</ele>
   </trkpt>
   <trkpt lat="-29.7731270" lon="24.4287550">
    <ele>1108.6</ele>
   </trkpt>
   <trkpt lat="-29.7731170" lon="24.4286960">
    <ele>1108.5</ele>
   </trkpt>
   <trkpt lat="-29.7731190" lon="24.4286330">
    <ele>1108.3</ele>
   </trkpt>
   <trkpt lat="-29.7731350" lon="24.4285700">
    <ele>1108.2</ele>
   </trkpt>
   <trkpt lat="-29.7731590" lon="24.4285130">
    <ele>1108.2</ele>
   </trkpt>
   <trkpt lat="-29.7732000" lon="24.4284610">
    <ele>1108.3</ele>
   </trkpt>
   <trkpt lat="-29.7732430" lon="24.4284300">
    <ele>1108.3</ele>
   </trkpt>
   <trkpt lat="-29.7732880" lon="24.4284180">
    <ele>1108.4</ele>
   </trkpt>
   <trkpt lat="-29.7733290" lon="24.4284070">
    <ele>1108.4</ele>
   </trkpt>
   <trkpt lat="-29.7733710" lon="24.4283980">
    <ele>1108.5</ele>
   </trkpt>
   <trkpt lat="-29.7734050" lon="24.4283860">
    <ele>1108.5</ele>
   </trkpt>
   <trkpt lat="-29.7734450" lon="24.4283750">
    <ele>1108.6</ele>
   </trkpt>
   <trkpt lat="-29.7734980" lon="24.4283660">
    <ele>1108.6</ele>
   </trkpt>
   <trkpt lat="-29.7735380" lon="24.4283600">
    <ele>1108.6</ele>
   </trkpt>
   <trkpt lat="-29.7735690" lon="24.4283430">
    <ele>1108.7</ele>
   </trkpt>
   <trkpt lat="-29.7735990" lon="24.4283290">
    <ele>1108.7</ele>
   </trkpt>
   <trkpt lat="-29.7736390" lon="24.4283160">
    <ele>1108.7</ele>
   </trkpt>
   <trkpt lat="-29.7736760" lon="24.4283030">
    <ele>1108.8</ele>
   </trkpt>
   <trkpt lat="-29.7737150" lon="24.4282940">
    <ele>1108.8</ele>
   </trkpt>
   <trkpt lat="-29.7737520" lon="24.4282810">
    <ele>1108.8</ele>
   </trkpt>
   <trkpt lat="-29.7737940" lon="24.4282740">
    <ele>1108.9</ele>
   </trkpt>
   <trkpt lat="-29.7738390" lon="24.4282600">
    <ele>1108.9</ele>
   </trkpt>
   <trkpt lat="-29.7738390" lon="24.4282490">
    <ele>1108.9</ele>
   </trkpt>
   <trkpt lat="-29.7738730" lon="24.4282470">
    <ele>1108.9</ele>
   </trkpt>
   <trkpt lat="-29.7739210" lon="24.4282330">
    <ele>1109.0</ele>
   </trkpt>
   <trkpt lat="-29.7739430" lon="24.4282210">
    <ele>1109.0</ele>
   </trkpt>
   <trkpt lat="-29.7739840" lon="24.4282210">
    <ele>1109.0</ele>
   </trkpt>
   <trkpt lat="-29.7740030" lon="24.4282160">
    <ele>1109.1</ele>
   </trkpt>
   <trkpt lat="-29.7740440" lon="24.4282020">
    <ele>1109.1</ele>
   </trkpt>
   <trkpt lat="-29.7740580" lon="24.4281950">
    <ele>1109.1</ele>
   </trkpt>
   <trkpt lat="-29.7740890" lon="24.4281850">
    <ele>1109.1</ele>
   </trkpt>
   <trkpt lat="-29.7741180" lon="24.4281740">
    <ele>1109.2</ele>
   </trkpt>
   <trkpt lat="-29.7741520" lon="24.4281670">
    <ele>1109.2</ele>
   </trkpt>
   <trkpt lat="-29.7741920" lon="24.4281630">
    <ele>1109.2</ele>
   </trkpt>
   <trkpt lat="-29.7742220" lon="24.4281520">
    <ele>1109.3</ele>
   </trkpt>
   <trkpt lat="-29.7742540" lon="24.4281380">
    <ele>1109.3</ele>
   </trkpt>
   <trkpt lat="-29.7742930" lon="24.4281250">
    <ele>1109.3</ele>
   </trkpt>
   <trkpt lat="-29.7743330" lon="24.4281240">
    <ele>1109.4</ele>
   </trkpt>
   <trkpt lat="-29.7743640" lon="24.4281090">
    <ele>1109.4</ele>
   </trkpt>
   <trkpt lat="-29.7744370" lon="24.4280740">
    <ele>1109.4</ele>
   </trkpt>
   <trkpt lat="-29.7744710" lon="24.4280730">
    <ele>1109.5</ele>
   </trkpt>
   <trkpt lat="-29.7744870" lon="24.4280690">
    <ele>1109.5</ele>
   </trkpt>
   <trkpt lat="-29.7745310" lon="24.4280510">
    <ele>1109.5</ele>
   </trkpt>
   <trkpt lat="-29.7745620" lon="24.4280440">
    <ele>1109.5</ele>
   </trkpt>
   <trkpt lat="-29.7745990" lon="24.4280310">
    <ele>1109.6</ele>
   </trkpt>
   <trkpt lat="-29.7746610" lon="24.4280240">
    <ele>1109.6</ele>
   </trkpt>
   <trkpt lat="-29.7747070" lon="24.4280110">
    <ele>1109.6</ele>
   </trkpt>
   <trkpt lat="-29.7747270" lon="24.4280040">
    <ele>1109.6</ele>
   </trkpt>
   <trkpt lat="-29.7747750" lon="24.4279890">
    <ele>1109.6</ele>
   </trkpt>
   <trkpt lat="-29.7748090" lon="24.4279870">
    <ele>1109.7</ele>
   </trkpt>
   <trkpt lat="-29.7748420" lon="24.4279680">
    <ele>1109.7</ele>
   </trkpt>
   <trkpt lat="-29.7748810" lon="24.4279520">
    <ele>1109.7</ele>
   </trkpt>
   <trkpt lat="-29.7749140" lon="24.4279410">
    <ele>1109.7</ele>
   </trkpt>
   <trkpt lat="-29.7749570" lon="24.4279350">
    <ele>1109.7</ele>
   </trkpt>
   <trkpt lat="-29.7749940" lon="24.4279270">
    <ele>1109.7</ele>
   </trkpt>
   <trkpt lat="-29.7750240" lon="24.4279150">
    <ele>1109.8</ele>
   </trkpt>
   <trkpt lat="-29.7750670" lon="24.4278940">
    <ele>1109.8</ele>
   </trkpt>
   <trkpt lat="-29.7751060" lon="24.4278940">
    <ele>1109.8</ele>
   </trkpt>
   <trkpt lat="-29.7751190" lon="24.4278890">
    <ele>1109.8</ele>
   </trkpt>
   <trkpt lat="-29.7751920" lon="24.4278720">
    <ele>1109.8</ele>
   </trkpt>
   <trkpt lat="-29.7752130" lon="24.4278540">
    <ele>1109.8</ele>
   </trkpt>
   <trkpt lat="-29.7752250" lon="24.4278430">
    <ele>1109.8</ele>
   </trkpt>
   <trkpt lat="-29.7752640" lon="24.4278250">
    <ele>1109.8</ele>
   </trkpt>
   <trkpt lat="-29.7752970" lon="24.4278230">
    <ele>1109.9</ele>
   </trkpt>
   <trkpt lat="-29.7753260" lon="24.4278060">
    <ele>1109.9</ele>
   </trkpt>
   <trkpt lat="-29.7753650" lon="24.4277920">
    <ele>1109.9</ele>
   </trkpt>
   <trkpt lat="-29.7754280" lon="24.4277670">
    <ele>1109.9</ele>
   </trkpt>
   <trkpt lat="-29.7754660" lon="24.4277550">
    <ele>1109.9</ele>
   </trkpt>
   <trkpt lat="-29.7755180" lon="24.4277410">
    <ele>1109.9</ele>
   </trkpt>
   <trkpt lat="-29.7755570" lon="24.4277270">
    <ele>1109.9</ele>
   </trkpt>
   <trkpt lat="-29.7756030" lon="24.4277230">
    <ele>1109.9</ele>
   </trkpt>
   <trkpt lat="-29.7756610" lon="24.4277020">
    <ele>1109.9</ele>
   </trkpt>
   <trkpt lat="-29.7757180" lon="24.4276880">
    <ele>1109.9</ele>
   </trkpt>
   <trkpt lat="-29.7757690" lon="24.4276710">
    <ele>1109.9</ele>
   </trkpt>
   <trkpt lat="-29.7758270" lon="24.4276550">
    <ele>1109.9</ele>
   </trkpt>
   <trkpt lat="-29.7758600" lon="24.4276440">
    <ele>1109.9</ele>
   </trkpt>
   <trkpt lat="-29.7759430" lon="24.4276150">
    <ele>1109.9</ele>
   </trkpt>
   <trkpt lat="-29.7759780" lon="24.4276160">
    <ele>1109.9</ele>
   </trkpt>
   <trkpt lat="-29.7759980" lon="24.4276120">
    <ele>1109.9</ele>
   </trkpt>
   <trkpt lat="-29.7760870" lon="24.4275720">
    <ele>1109.9</ele>
   </trkpt>
   <trkpt lat="-29.7761630" lon="24.4275390">
    <ele>1109.9</ele>
   </trkpt>
   <trkpt lat="-29.7762390" lon="24.4275070">
    <ele>1110.0</ele>
   </trkpt>
   <trkpt lat="-29.7762760" lon="24.4274930">
    <ele>1110.0</ele>
   </trkpt>
   <trkpt lat="-29.7763230" lon="24.4274920">
    <ele>1110.0</ele>
   </trkpt>
   <trkpt lat="-29.7763670" lon="24.4274780">
    <ele>1110.0</ele>
   </trkpt>
   <trkpt lat="-29.7764060" lon="24.4274590">
    <ele>1110.0</ele>
   </trkpt>
   <trkpt lat="-29.7764550" lon="24.4274520">
    <ele>1110.0</ele>
   </trkpt>
   <trkpt lat="-29.7764950" lon="24.4274350">
    <ele>1110.0</ele>
   </trkpt>
   <trkpt lat="-29.7765370" lon="24.4274190">
    <ele>1110.1</ele>
   </trkpt>
   <trkpt lat="-29.7765810" lon="24.4274080">
    <ele>1110.1</ele>
   </trkpt>
   <trkpt lat="-29.7766230" lon="24.4273940">
    <ele>1110.1</ele>
   </trkpt>
   <trkpt lat="-29.7766660" lon="24.4273810">
    <ele>1110.1</ele>
   </trkpt>
   <trkpt lat="-29.7767090" lon="24.4273660">
    <ele>1110.1</ele>
   </trkpt>
   <trkpt lat="-29.7767530" lon="24.4273500">
    <ele>1110.1</ele>
   </trkpt>
   <trkpt lat="-29.7768000" lon="24.4273340">
    <ele>1110.1</ele>
   </trkpt>
   <trkpt lat="-29.7768430" lon="24.4273210">
    <ele>1110.1</ele>
   </trkpt>
   <trkpt lat="-29.7768870" lon="24.4273080">
    <ele>1110.1</ele>
   </trkpt>
   <trkpt lat="-29.7769320" lon="24.4272950">
    <ele>1110.1</ele>
   </trkpt>
   <trkpt lat="-29.7769780" lon="24.4272830">
    <ele>1110.1</ele>
   </trkpt>
   <trkpt lat="-29.7770210" lon="24.4272830">
    <ele>1110.2</ele>
   </trkpt>
   <trkpt lat="-29.7770690" lon="24.4272550">
    <ele>1110.2</ele>
   </trkpt>
   <trkpt lat="-29.7771140" lon="24.4272420">
    <ele>1110.2</ele>
   </trkpt>
   <trkpt lat="-29.7771410" lon="24.4272230">
    <ele>1110.2</ele>
   </trkpt>
   <trkpt lat="-29.7771580" lon="24.4272160">
    <ele>1110.2</ele>
   </trkpt>
   <trkpt lat="-29.7771750" lon="24.4272100">
    <ele>1110.2</ele>
   </trkpt>
   <trkpt lat="-29.7772140" lon="24.4271990">
    <ele>1110.2</ele>
   </trkpt>
   <trkpt lat="-29.7772310" lon="24.4271930">
    <ele>1110.2</ele>
   </trkpt>
   <trkpt lat="-29.7772630" lon="24.4271790">
    <ele>1110.2</ele>
   </trkpt>
   <trkpt lat="-29.7773480" lon="24.4271390">
    <ele>1110.2</ele>
   </trkpt>
   <trkpt lat="-29.7774240" lon="24.4271100">
    <ele>1110.2</ele>
   </trkpt>
   <trkpt lat="-29.7774990" lon="24.4270800">
    <ele>1110.2</ele>
   </trkpt>
   <trkpt lat="-29.7775420" lon="24.4270610">
    <ele>1110.2</ele>
   </trkpt>
   <trkpt lat="-29.7775860" lon="24.4270420">
    <ele>1110.2</ele>
   </trkpt>
   <trkpt lat="-29.7776300" lon="24.4270220">
    <ele>1110.2</ele>
   </trkpt>
   <trkpt lat="-29.7776750" lon="24.4270010">
    <ele>1110.2</ele>
   </trkpt>
   <trkpt lat="-29.7777190" lon="24.4269810">
    <ele>1110.2</ele>
   </trkpt>
   <trkpt lat="-29.7777620" lon="24.4269590">
    <ele>1110.2</ele>
   </trkpt>
   <trkpt lat="-29.7778060" lon="24.4269370">
    <ele>1110.2</ele>
   </trkpt>
   <trkpt lat="-29.7778480" lon="24.4269140">
    <ele>1110.2</ele>
   </trkpt>
   <trkpt lat="-29.7778770" lon="24.4268910">
    <ele>1110.2</ele>
   </trkpt>
   <trkpt lat="-29.7779370" lon="24.4268630">
    <ele>1110.2</ele>
   </trkpt>
   <trkpt lat="-29.7779810" lon="24.4268370">
    <ele>1110.2</ele>
   </trkpt>
   <trkpt lat="-29.7780200" lon="24.4268110">
    <ele>1110.2</ele>
   </trkpt>
   <trkpt lat="-29.7780590" lon="24.4267890">
    <ele>1110.2</ele>
   </trkpt>
   <trkpt lat="-29.7780990" lon="24.4267640">
    <ele>1110.2</ele>
   </trkpt>
   <trkpt lat="-29.7781400" lon="24.4267410">
    <ele>1110.2</ele>
   </trkpt>
   <trkpt lat="-29.7781820" lon="24.4267180">
    <ele>1110.2</ele>
   </trkpt>
   <trkpt lat="-29.7782230" lon="24.4266940">
    <ele>1110.1</ele>
   </trkpt>
   <trkpt lat="-29.7782640" lon="24.4266710">
    <ele>1110.1</ele>
   </trkpt>
   <trkpt lat="-29.7783040" lon="24.4266460">
    <ele>1110.1</ele>
   </trkpt>
   <trkpt lat="-29.7783480" lon="24.4266210">
    <ele>1110.0</ele>
   </trkpt>
   <trkpt lat="-29.7783950" lon="24.4265990">
    <ele>1110.0</ele>
   </trkpt>
   <trkpt lat="-29.7784280" lon="24.4265680">
    <ele>1110.0</ele>
   </trkpt>
   <trkpt lat="-29.7784430" lon="24.4265540">
    <ele>1110.0</ele>
   </trkpt>
   <trkpt lat="-29.7784620" lon="24.4265410">
    <ele>1109.9</ele>
   </trkpt>
   <trkpt lat="-29.7784830" lon="24.4265210">
    <ele>1109.9</ele>
   </trkpt>
   <trkpt lat="-29.7786560" lon="24.4264230">
    <ele>1109.7</ele>
   </trkpt>
   <trkpt lat="-29.7787020" lon="24.4263910">
    <ele>1109.6</ele>
   </trkpt>
   <trkpt lat="-29.7787460" lon="24.4263600">
    <ele>1109.5</ele>
   </trkpt>
   <trkpt lat="-29.7787880" lon="24.4263290">
    <ele>1109.5</ele>
   </trkpt>
   <trkpt lat="-29.7788330" lon="24.4262940">
    <ele>1109.4</ele>
   </trkpt>
   <trkpt lat="-29.7788770" lon="24.4262600">
    <ele>1109.3</ele>
   </trkpt>
   <trkpt lat="-29.7789210" lon="24.4262260">
    <ele>1109.3</ele>
   </trkpt>
   <trkpt lat="-29.7789620" lon="24.4261890">
    <ele>1109.2</ele>
   </trkpt>
   <trkpt lat="-29.7790050" lon="24.4261510">
    <ele>1109.1</ele>
   </trkpt>
   <trkpt lat="-29.7790530" lon="24.4261100">
    <ele>1109.0</ele>
   </trkpt>
   <trkpt lat="-29.7791010" lon="24.4260730">
    <ele>1108.8</ele>
   </trkpt>
   <trkpt lat="-29.7791480" lon="24.4260350">
    <ele>1108.7</ele>
   </trkpt>
   <trkpt lat="-29.7791930" lon="24.4259970">
    <ele>1108.6</ele>
   </trkpt>
   <trkpt lat="-29.7792410" lon="24.4259560">
    <ele>1108.4</ele>
   </trkpt>
   <trkpt lat="-29.7792900" lon="24.4259120">
    <ele>1108.3</ele>
   </trkpt>
   <trkpt lat="-29.7793420" lon="24.4258620">
    <ele>1108.2</ele>
   </trkpt>
   <trkpt lat="-29.7793950" lon="24.4258240">
    <ele>1108.1</ele>
   </trkpt>
   <trkpt lat="-29.7794360" lon="24.4257730">
    <ele>1107.9</ele>
   </trkpt>
   <trkpt lat="-29.7794670" lon="24.4257350">
    <ele>1107.9</ele>
   </trkpt>
   <trkpt lat="-29.7795160" lon="24.4256930">
    <ele>1107.7</ele>
   </trkpt>
   <trkpt lat="-29.7795650" lon="24.4256470">
    <ele>1107.6</ele>
   </trkpt>
   <trkpt lat="-29.7796130" lon="24.4256030">
    <ele>1107.5</ele>
   </trkpt>
   <trkpt lat="-29.7796570" lon="24.4255590">
    <ele>1107.4</ele>
   </trkpt>
   <trkpt lat="-29.7796980" lon="24.4255120">
    <ele>1107.2</ele>
   </trkpt>
   <trkpt lat="-29.7797360" lon="24.4254800">
    <ele>1107.1</ele>
   </trkpt>
   <trkpt lat="-29.7797820" lon="24.4254470">
    <ele>1107.0</ele>
   </trkpt>
   <trkpt lat="-29.7798250" lon="24.4254200">
    <ele>1106.9</ele>
   </trkpt>
   <trkpt lat="-29.7798460" lon="24.4254120">
    <ele>1106.9</ele>
   </trkpt>
   <trkpt lat="-29.7798600" lon="24.4254020">
    <ele>1106.8</ele>
   </trkpt>
   <trkpt lat="-29.7799390" lon="24.4253510">
    <ele>1106.6</ele>
   </trkpt>
   <trkpt lat="-29.7799920" lon="24.4253220">
    <ele>1106.5</ele>
   </trkpt>
   <trkpt lat="-29.7800200" lon="24.4252930">
    <ele>1106.4</ele>
   </trkpt>
   <trkpt lat="-29.7800630" lon="24.4252570">
    <ele>1106.3</ele>
   </trkpt>
   <trkpt lat="-29.7801000" lon="24.4252160">
    <ele>1106.1</ele>
   </trkpt>
   <trkpt lat="-29.7801370" lon="24.4251570">
    <ele>1105.9</ele>
   </trkpt>
   <trkpt lat="-29.7801740" lon="24.4251100">
    <ele>1105.8</ele>
   </trkpt>
   <trkpt lat="-29.7802120" lon="24.4250630">
    <ele>1105.6</ele>
   </trkpt>
   <trkpt lat="-29.7802490" lon="24.4250080">
    <ele>1105.4</ele>
   </trkpt>
   <trkpt lat="-29.7802840" lon="24.4249550">
    <ele>1105.3</ele>
   </trkpt>
   <trkpt lat="-29.7803220" lon="24.4248960">
    <ele>1105.1</ele>
   </trkpt>
   <trkpt lat="-29.7803600" lon="24.4248340">
    <ele>1104.9</ele>
   </trkpt>
   <trkpt lat="-29.7803990" lon="24.4247660">
    <ele>1104.7</ele>
   </trkpt>
   <trkpt lat="-29.7804600" lon="24.4247020">
    <ele>1104.5</ele>
   </trkpt>
   <trkpt lat="-29.7804950" lon="24.4246380">
    <ele>1104.3</ele>
   </trkpt>
   <trkpt lat="-29.7805310" lon="24.4245790">
    <ele>1104.2</ele>
   </trkpt>
   <trkpt lat="-29.7805740" lon="24.4245200">
    <ele>1104.0</ele>
   </trkpt>
   <trkpt lat="-29.7806210" lon="24.4244630">
    <ele>1103.8</ele>
   </trkpt>
   <trkpt lat="-29.7806460" lon="24.4243900">
    <ele>1103.7</ele>
   </trkpt>
   <trkpt lat="-29.7806930" lon="24.4243330">
    <ele>1103.5</ele>
   </trkpt>
   <trkpt lat="-29.7807350" lon="24.4242710">
    <ele>1103.3</ele>
   </trkpt>
   <trkpt lat="-29.7807820" lon="24.4242120">
    <ele>1103.1</ele>
   </trkpt>
   <trkpt lat="-29.7808210" lon="24.4241470">
    <ele>1102.9</ele>
   </trkpt>
   <trkpt lat="-29.7808580" lon="24.4240810">
    <ele>1102.7</ele>
   </trkpt>
   <trkpt lat="-29.7809050" lon="24.4240270">
    <ele>1102.6</ele>
   </trkpt>
   <trkpt lat="-29.7809440" lon="24.4239600">
    <ele>1102.4</ele>
   </trkpt>
   <trkpt lat="-29.7809800" lon="24.4239280">
    <ele>1102.2</ele>
   </trkpt>
   <trkpt lat="-29.7810260" lon="24.4238660">
    <ele>1102.1</ele>
   </trkpt>
   <trkpt lat="-29.7810640" lon="24.4238030">
    <ele>1101.9</ele>
   </trkpt>
   <trkpt lat="-29.7810990" lon="24.4237370">
    <ele>1101.7</ele>
   </trkpt>
   <trkpt lat="-29.7811320" lon="24.4236770">
    <ele>1101.5</ele>
   </trkpt>
   <trkpt lat="-29.7811750" lon="24.4236150">
    <ele>1101.4</ele>
   </trkpt>
   <trkpt lat="-29.7812220" lon="24.4235540">
    <ele>1101.2</ele>
   </trkpt>
   <trkpt lat="-29.7812520" lon="24.4234940">
    <ele>1101.1</ele>
   </trkpt>
   <trkpt lat="-29.7812860" lon="24.4234350">
    <ele>1100.9</ele>
   </trkpt>
   <trkpt lat="-29.7813300" lon="24.4233750">
    <ele>1100.7</ele>
   </trkpt>
   <trkpt lat="-29.7813740" lon="24.4233190">
    <ele>1100.6</ele>
   </trkpt>
   <trkpt lat="-29.7814110" lon="24.4232590">
    <ele>1100.5</ele>
   </trkpt>
   <trkpt lat="-29.7814420" lon="24.4231970">
    <ele>1100.4</ele>
   </trkpt>
   <trkpt lat="-29.7814830" lon="24.4231400">
    <ele>1100.2</ele>
   </trkpt>
   <trkpt lat="-29.7815220" lon="24.4230840">
    <ele>1100.1</ele>
   </trkpt>
   <trkpt lat="-29.7815510" lon="24.4230230">
    <ele>1100.0</ele>
   </trkpt>
   <trkpt lat="-29.7815790" lon="24.4229640">
    <ele>1099.9</ele>
   </trkpt>
   <trkpt lat="-29.7816090" lon="24.4229010">
    <ele>1099.8</ele>
   </trkpt>
   <trkpt lat="-29.7816320" lon="24.4228400">
    <ele>1099.7</ele>
   </trkpt>
   <trkpt lat="-29.7816650" lon="24.4227910">
    <ele>1099.6</ele>
   </trkpt>
   <trkpt lat="-29.7817040" lon="24.4227360">
    <ele>1099.5</ele>
   </trkpt>
   <trkpt lat="-29.7817360" lon="24.4226820">
    <ele>1099.4</ele>
   </trkpt>
   <trkpt lat="-29.7817750" lon="24.4226310">
    <ele>1099.3</ele>
   </trkpt>
   <trkpt lat="-29.7818060" lon="24.4225730">
    <ele>1099.2</ele>
   </trkpt>
   <trkpt lat="-29.7818370" lon="24.4225180">
    <ele>1099.1</ele>
   </trkpt>
   <trkpt lat="-29.7818700" lon="24.4224620">
    <ele>1099.0</ele>
   </trkpt>
   <trkpt lat="-29.7819100" lon="24.4224090">
    <ele>1098.8</ele>
   </trkpt>
   <trkpt lat="-29.7819530" lon="24.4223540">
    <ele>1098.8</ele>
   </trkpt>
   <trkpt lat="-29.7819990" lon="24.4222950">
    <ele>1098.7</ele>
   </trkpt>
   <trkpt lat="-29.7820300" lon="24.4222440">
    <ele>1098.6</ele>
   </trkpt>
   <trkpt lat="-29.7820630" lon="24.4221910">
    <ele>1098.6</ele>
   </trkpt>
   <trkpt lat="-29.7820950" lon="24.4221330">
    <ele>1098.5</ele>
   </trkpt>
   <trkpt lat="-29.7821320" lon="24.4220760">
    <ele>1098.5</ele>
   </trkpt>
   <trkpt lat="-29.7821720" lon="24.4220220">
    <ele>1098.4</ele>
   </trkpt>
   <trkpt lat="-29.7822020" lon="24.4219650">
    <ele>1098.3</ele>
   </trkpt>
   <trkpt lat="-29.7822410" lon="24.4219080">
    <ele>1098.2</ele>
   </trkpt>
   <trkpt lat="-29.7822700" lon="24.4218520">
    <ele>1098.2</ele>
   </trkpt>
   <trkpt lat="-29.7823100" lon="24.4217990">
    <ele>1098.1</ele>
   </trkpt>
   <trkpt lat="-29.7823500" lon="24.4217430">
    <ele>1098.1</ele>
   </trkpt>
   <trkpt lat="-29.7823960" lon="24.4216930">
    <ele>1098.0</ele>
   </trkpt>
   <trkpt lat="-29.7824300" lon="24.4216380">
    <ele>1098.0</ele>
   </trkpt>
   <trkpt lat="-29.7824660" lon="24.4215800">
    <ele>1097.9</ele>
   </trkpt>
   <trkpt lat="-29.7825110" lon="24.4215240">
    <ele>1097.9</ele>
   </trkpt>
   <trkpt lat="-29.7825390" lon="24.4214640">
    <ele>1097.8</ele>
   </trkpt>
   <trkpt lat="-29.7825750" lon="24.4214090">
    <ele>1097.8</ele>
   </trkpt>
   <trkpt lat="-29.7826090" lon="24.4213520">
    <ele>1097.7</ele>
   </trkpt>
   <trkpt lat="-29.7826480" lon="24.4212940">
    <ele>1097.6</ele>
   </trkpt>
   <trkpt lat="-29.7826910" lon="24.4212420">
    <ele>1097.6</ele>
   </trkpt>
   <trkpt lat="-29.7827320" lon="24.4211890">
    <ele>1097.5</ele>
   </trkpt>
   <trkpt lat="-29.7827720" lon="24.4211340">
    <ele>1097.5</ele>
   </trkpt>
   <trkpt lat="-29.7828060" lon="24.4210750">
    <ele>1097.4</ele>
   </trkpt>
   <trkpt lat="-29.7828420" lon="24.4210160">
    <ele>1097.4</ele>
   </trkpt>
   <trkpt lat="-29.7828800" lon="24.4209620">
    <ele>1097.3</ele>
   </trkpt>
   <trkpt lat="-29.7829200" lon="24.4209020">
    <ele>1097.2</ele>
   </trkpt>
   <trkpt lat="-29.7829570" lon="24.4208430">
    <ele>1097.1</ele>
   </trkpt>
   <trkpt lat="-29.7829940" lon="24.4207830">
    <ele>1097.0</ele>
   </trkpt>
   <trkpt lat="-29.7830300" lon="24.4207240">
    <ele>1097.0</ele>
   </trkpt>
   <trkpt lat="-29.7830660" lon="24.4206660">
    <ele>1096.9</ele>
   </trkpt>
   <trkpt lat="-29.7831050" lon="24.4206040">
    <ele>1096.8</ele>
   </trkpt>
   <trkpt lat="-29.7831390" lon="24.4205480">
    <ele>1096.8</ele>
   </trkpt>
   <trkpt lat="-29.7831850" lon="24.4204950">
    <ele>1096.7</ele>
   </trkpt>
   <trkpt lat="-29.7832250" lon="24.4204360">
    <ele>1096.7</ele>
   </trkpt>
   <trkpt lat="-29.7832620" lon="24.4203740">
    <ele>1096.6</ele>
   </trkpt>
   <trkpt lat="-29.7832990" lon="24.4203150">
    <ele>1096.5</ele>
   </trkpt>
   <trkpt lat="-29.7833370" lon="24.4202540">
    <ele>1096.5</ele>
   </trkpt>
   <trkpt lat="-29.7833750" lon="24.4201920">
    <ele>1096.4</ele>
   </trkpt>
   <trkpt lat="-29.7834150" lon="24.4201300">
    <ele>1096.4</ele>
   </trkpt>
   <trkpt lat="-29.7834580" lon="24.4200690">
    <ele>1096.3</ele>
   </trkpt>
   <trkpt lat="-29.7835040" lon="24.4200090">
    <ele>1096.2</ele>
   </trkpt>
   <trkpt lat="-29.7835420" lon="24.4199490">
    <ele>1096.2</ele>
   </trkpt>
   <trkpt lat="-29.7835820" lon="24.4198910">
    <ele>1096.1</ele>
   </trkpt>
   <trkpt lat="-29.7836150" lon="24.4198280">
    <ele>1096.0</ele>
   </trkpt>
   <trkpt lat="-29.7836560" lon="24.4197720">
    <ele>1096.0</ele>
   </trkpt>
   <trkpt lat="-29.7836960" lon="24.4197120">
    <ele>1096.0</ele>
   </trkpt>
   <trkpt lat="-29.7837330" lon="24.4196530">
    <ele>1095.9</ele>
   </trkpt>
   <trkpt lat="-29.7837730" lon="24.4195920">
    <ele>1095.9</ele>
   </trkpt>
   <trkpt lat="-29.7838150" lon="24.4195330">
    <ele>1095.8</ele>
   </trkpt>
   <trkpt lat="-29.7838540" lon="24.4194740">
    <ele>1095.8</ele>
   </trkpt>
   <trkpt lat="-29.7838910" lon="24.4194200">
    <ele>1095.7</ele>
   </trkpt>
   <trkpt lat="-29.7839280" lon="24.4193580">
    <ele>1095.7</ele>
   </trkpt>
   <trkpt lat="-29.7839730" lon="24.4193060">
    <ele>1095.6</ele>
   </trkpt>
   <trkpt lat="-29.7840180" lon="24.4192400">
    <ele>1095.6</ele>
   </trkpt>
   <trkpt lat="-29.7840530" lon="24.4191820">
    <ele>1095.5</ele>
   </trkpt>
   <trkpt lat="-29.7841000" lon="24.4191290">
    <ele>1095.5</ele>
   </trkpt>
   <trkpt lat="-29.7841330" lon="24.4190670">
    <ele>1095.4</ele>
   </trkpt>
   <trkpt lat="-29.7841680" lon="24.4190060">
    <ele>1095.3</ele>
   </trkpt>
   <trkpt lat="-29.7842060" lon="24.4189430">
    <ele>1095.3</ele>
   </trkpt>
   <trkpt lat="-29.7842520" lon="24.4188860">
    <ele>1095.2</ele>
   </trkpt>
   <trkpt lat="-29.7842880" lon="24.4188280">
    <ele>1095.2</ele>
   </trkpt>
   <trkpt lat="-29.7843310" lon="24.4187720">
    <ele>1095.2</ele>
   </trkpt>
   <trkpt lat="-29.7843680" lon="24.4187120">
    <ele>1095.1</ele>
   </trkpt>
   <trkpt lat="-29.7844100" lon="24.4186570">
    <ele>1095.1</ele>
   </trkpt>
   <trkpt lat="-29.7844360" lon="24.4186040">
    <ele>1095.0</ele>
   </trkpt>
   <trkpt lat="-29.7844760" lon="24.4185460">
    <ele>1094.9</ele>
   </trkpt>
   <trkpt lat="-29.7845020" lon="24.4184940">
    <ele>1094.9</ele>
   </trkpt>
   <trkpt lat="-29.7845350" lon="24.4184390">
    <ele>1094.8</ele>
   </trkpt>
   <trkpt lat="-29.7845810" lon="24.4183810">
    <ele>1094.7</ele>
   </trkpt>
   <trkpt lat="-29.7846090" lon="24.4183240">
    <ele>1094.6</ele>
   </trkpt>
   <trkpt lat="-29.7846550" lon="24.4182660">
    <ele>1094.5</ele>
   </trkpt>
   <trkpt lat="-29.7846950" lon="24.4182130">
    <ele>1094.5</ele>
   </trkpt>
   <trkpt lat="-29.7847320" lon="24.4181530">
    <ele>1094.4</ele>
   </trkpt>
   <trkpt lat="-29.7847660" lon="24.4180930">
    <ele>1094.3</ele>
   </trkpt>
   <trkpt lat="-29.7847980" lon="24.4180300">
    <ele>1094.3</ele>
   </trkpt>
   <trkpt lat="-29.7848360" lon="24.4179740">
    <ele>1094.3</ele>
   </trkpt>
   <trkpt lat="-29.7848750" lon="24.4179180">
    <ele>1094.2</ele>
   </trkpt>
   <trkpt lat="-29.7849170" lon="24.4178620">
    <ele>1094.2</ele>
   </trkpt>
   <trkpt lat="-29.7849560" lon="24.4178010">
    <ele>1094.1</ele>
   </trkpt>
   <trkpt lat="-29.7849900" lon="24.4177480">
    <ele>1094.1</ele>
   </trkpt>
   <trkpt lat="-29.7850220" lon="24.4176920">
    <ele>1094.0</ele>
   </trkpt>
   <trkpt lat="-29.7850630" lon="24.4176310">
    <ele>1093.9</ele>
   </trkpt>
   <trkpt lat="-29.7851040" lon="24.4175800">
    <ele>1093.8</ele>
   </trkpt>
   <trkpt lat="-29.7851420" lon="24.4175240">
    <ele>1093.8</ele>
   </trkpt>
   <trkpt lat="-29.7851740" lon="24.4174800">
    <ele>1093.7</ele>
   </trkpt>
   <trkpt lat="-29.7852070" lon="24.4174220">
    <ele>1093.7</ele>
   </trkpt>
   <trkpt lat="-29.7852400" lon="24.4173780">
    <ele>1093.6</ele>
   </trkpt>
   <trkpt lat="-29.7852720" lon="24.4173270">
    <ele>1093.6</ele>
   </trkpt>
   <trkpt lat="-29.7853100" lon="24.4172800">
    <ele>1093.5</ele>
   </trkpt>
   <trkpt lat="-29.7853490" lon="24.4172260">
    <ele>1093.5</ele>
   </trkpt>
   <trkpt lat="-29.7853760" lon="24.4171720">
    <ele>1093.5</ele>
   </trkpt>
   <trkpt lat="-29.7854160" lon="24.4171230">
    <ele>1093.5</ele>
   </trkpt>
   <trkpt lat="-29.7854540" lon="24.4170700">
    <ele>1093.5</ele>
   </trkpt>
   <trkpt lat="-29.7855000" lon="24.4170130">
    <ele>1093.4</ele>
   </trkpt>
   <trkpt lat="-29.7855250" lon="24.4169620">
    <ele>1093.4</ele>
   </trkpt>
   <trkpt lat="-29.7855540" lon="24.4169100">
    <ele>1093.4</ele>
   </trkpt>
   <trkpt lat="-29.7855800" lon="24.4168580">
    <ele>1093.4</ele>
   </trkpt>
   <trkpt lat="-29.7856070" lon="24.4168040">
    <ele>1093.4</ele>
   </trkpt>
   <trkpt lat="-29.7856410" lon="24.4167620">
    <ele>1093.4</ele>
   </trkpt>
   <trkpt lat="-29.7856790" lon="24.4167140">
    <ele>1093.4</ele>
   </trkpt>
   <trkpt lat="-29.7857140" lon="24.4166620">
    <ele>1093.4</ele>
   </trkpt>
   <trkpt lat="-29.7857440" lon="24.4166140">
    <ele>1093.4</ele>
   </trkpt>
   <trkpt lat="-29.7857820" lon="24.4165650">
    <ele>1093.5</ele>
   </trkpt>
   <trkpt lat="-29.7858100" lon="24.4165140">
    <ele>1093.5</ele>
   </trkpt>
   <trkpt lat="-29.7858410" lon="24.4164640">
    <ele>1093.5</ele>
   </trkpt>
   <trkpt lat="-29.7858590" lon="24.4164100">
    <ele>1093.5</ele>
   </trkpt>
   <trkpt lat="-29.7859030" lon="24.4163570">
    <ele>1093.5</ele>
   </trkpt>
   <trkpt lat="-29.7859510" lon="24.4163050">
    <ele>1093.5</ele>
   </trkpt>
   <trkpt lat="-29.7859860" lon="24.4162690">
    <ele>1093.5</ele>
   </trkpt>
   <trkpt lat="-29.7860200" lon="24.4162090">
    <ele>1093.5</ele>
   </trkpt>
   <trkpt lat="-29.7860430" lon="24.4161520">
    <ele>1093.5</ele>
   </trkpt>
   <trkpt lat="-29.7860790" lon="24.4161060">
    <ele>1093.5</ele>
   </trkpt>
   <trkpt lat="-29.7861180" lon="24.4160580">
    <ele>1093.4</ele>
   </trkpt>
   <trkpt lat="-29.7861500" lon="24.4160070">
    <ele>1093.4</ele>
   </trkpt>
   <trkpt lat="-29.7861880" lon="24.4159580">
    <ele>1093.4</ele>
   </trkpt>
   <trkpt lat="-29.7862200" lon="24.4159090">
    <ele>1093.4</ele>
   </trkpt>
   <trkpt lat="-29.7862580" lon="24.4158430">
    <ele>1093.4</ele>
   </trkpt>
   <trkpt lat="-29.7862860" lon="24.4157900">
    <ele>1093.4</ele>
   </trkpt>
   <trkpt lat="-29.7863180" lon="24.4157370">
    <ele>1093.4</ele>
   </trkpt>
   <trkpt lat="-29.7863530" lon="24.4156900">
    <ele>1093.4</ele>
   </trkpt>
   <trkpt lat="-29.7863930" lon="24.4156400">
    <ele>1093.4</ele>
   </trkpt>
   <trkpt lat="-29.7864250" lon="24.4155840">
    <ele>1093.4</ele>
   </trkpt>
   <trkpt lat="-29.7864580" lon="24.4155370">
    <ele>1093.4</ele>
   </trkpt>
   <trkpt lat="-29.7864970" lon="24.4154870">
    <ele>1093.4</ele>
   </trkpt>
   <trkpt lat="-29.7865260" lon="24.4154300">
    <ele>1093.4</ele>
   </trkpt>
   <trkpt lat="-29.7865540" lon="24.4153810">
    <ele>1093.4</ele>
   </trkpt>
   <trkpt lat="-29.7865880" lon="24.4153350">
    <ele>1093.4</ele>
   </trkpt>
   <trkpt lat="-29.7866160" lon="24.4152820">
    <ele>1093.4</ele>
   </trkpt>
   <trkpt lat="-29.7866480" lon="24.4152330">
    <ele>1093.4</ele>
   </trkpt>
   <trkpt lat="-29.7866840" lon="24.4151820">
    <ele>1093.5</ele>
   </trkpt>
   <trkpt lat="-29.7867200" lon="24.4151310">
    <ele>1093.5</ele>
   </trkpt>
   <trkpt lat="-29.7867530" lon="24.4150770">
    <ele>1093.5</ele>
   </trkpt>
   <trkpt lat="-29.7867910" lon="24.4150270">
    <ele>1093.5</ele>
   </trkpt>
   <trkpt lat="-29.7868200" lon="24.4149700">
    <ele>1093.5</ele>
   </trkpt>
   <trkpt lat="-29.7868540" lon="24.4149120">
    <ele>1093.6</ele>
   </trkpt>
   <trkpt lat="-29.7868890" lon="24.4148630">
    <ele>1093.6</ele>
   </trkpt>
   <trkpt lat="-29.7869200" lon="24.4148140">
    <ele>1093.6</ele>
   </trkpt>
   <trkpt lat="-29.7869540" lon="24.4147640">
    <ele>1093.6</ele>
   </trkpt>
   <trkpt lat="-29.7869880" lon="24.4147200">
    <ele>1093.6</ele>
   </trkpt>
   <trkpt lat="-29.7870240" lon="24.4146690">
    <ele>1093.6</ele>
   </trkpt>
   <trkpt lat="-29.7870530" lon="24.4146170">
    <ele>1093.6</ele>
   </trkpt>
   <trkpt lat="-29.7870860" lon="24.4145620">
    <ele>1093.6</ele>
   </trkpt>
   <trkpt lat="-29.7871220" lon="24.4145120">
    <ele>1093.6</ele>
   </trkpt>
   <trkpt lat="-29.7871500" lon="24.4144590">
    <ele>1093.6</ele>
   </trkpt>
   <trkpt lat="-29.7871850" lon="24.4144060">
    <ele>1093.6</ele>
   </trkpt>
   <trkpt lat="-29.7872170" lon="24.4143580">
    <ele>1093.6</ele>
   </trkpt>
   <trkpt lat="-29.7872480" lon="24.4143090">
    <ele>1093.6</ele>
   </trkpt>
   <trkpt lat="-29.7872820" lon="24.4142600">
    <ele>1093.6</ele>
   </trkpt>
   <trkpt lat="-29.7873230" lon="24.4142130">
    <ele>1093.6</ele>
   </trkpt>
   <trkpt lat="-29.7873600" lon="24.4141640">
    <ele>1093.5</ele>
   </trkpt>
   <trkpt lat="-29.7873900" lon="24.4141190">
    <ele>1093.5</ele>
   </trkpt>
   <trkpt lat="-29.7874210" lon="24.4140670">
    <ele>1093.5</ele>
   </trkpt>
   <trkpt lat="-29.7874570" lon="24.4140190">
    <ele>1093.5</ele>
   </trkpt>
   <trkpt lat="-29.7874850" lon="24.4139680">
    <ele>1093.5</ele>
   </trkpt>
   <trkpt lat="-29.7875020" lon="24.4139300">
    <ele>1093.5</ele>
   </trkpt>
   <trkpt lat="-29.7875400" lon="24.4138720">
    <ele>1093.5</ele>
   </trkpt>
   <trkpt lat="-29.7875780" lon="24.4138180">
    <ele>1093.5</ele>
   </trkpt>
   <trkpt lat="-29.7876140" lon="24.4137700">
    <ele>1093.5</ele>
   </trkpt>
   <trkpt lat="-29.7876480" lon="24.4137180">
    <ele>1093.5</ele>
   </trkpt>
   <trkpt lat="-29.7876770" lon="24.4136650">
    <ele>1093.5</ele>
   </trkpt>
   <trkpt lat="-29.7877120" lon="24.4136150">
    <ele>1093.5</ele>
   </trkpt>
   <trkpt lat="-29.7877440" lon="24.4135660">
    <ele>1093.5</ele>
   </trkpt>
   <trkpt lat="-29.7877830" lon="24.4135200">
    <ele>1093.5</ele>
   </trkpt>
   <trkpt lat="-29.7878110" lon="24.4134700">
    <ele>1093.5</ele>
   </trkpt>
   <trkpt lat="-29.7878430" lon="24.4134200">
    <ele>1093.5</ele>
   </trkpt>
   <trkpt lat="-29.7878760" lon="24.4133710">
    <ele>1093.5</ele>
   </trkpt>
   <trkpt lat="-29.7879110" lon="24.4133220">
    <ele>1093.4</ele>
   </trkpt>
   <trkpt lat="-29.7879260" lon="24.4133010">
    <ele>1093.4</ele>
   </trkpt>
   <trkpt lat="-29.7879370" lon="24.4132780">
    <ele>1093.4</ele>
   </trkpt>
   <trkpt lat="-29.7879530" lon="24.4132520">
    <ele>1093.4</ele>
   </trkpt>
   <trkpt lat="-29.7879770" lon="24.4132280">
    <ele>1093.4</ele>
   </trkpt>
   <trkpt lat="-29.7880030" lon="24.4131990">
    <ele>1093.4</ele>
   </trkpt>
   <trkpt lat="-29.7880320" lon="24.4131670">
    <ele>1093.4</ele>
   </trkpt>
   <trkpt lat="-29.7880500" lon="24.4131350">
    <ele>1093.3</ele>
   </trkpt>
   <trkpt lat="-29.7880720" lon="24.4131030">
    <ele>1093.3</ele>
   </trkpt>
   <trkpt lat="-29.7880870" lon="24.4130760">
    <ele>1093.3</ele>
   </trkpt>
   <trkpt lat="-29.7881600" lon="24.4129480">
    <ele>1093.2</ele>
   </trkpt>
   <trkpt lat="-29.7882260" lon="24.4128330">
    <ele>1093.1</ele>
   </trkpt>
   <trkpt lat="-29.7882930" lon="24.4127170">
    <ele>1092.9</ele>
   </trkpt>
   <trkpt lat="-29.7883260" lon="24.4126670">
    <ele>1092.8</ele>
   </trkpt>
   <trkpt lat="-29.7883520" lon="24.4126200">
    <ele>1092.8</ele>
   </trkpt>
   <trkpt lat="-29.7883780" lon="24.4125590">
    <ele>1092.7</ele>
   </trkpt>
   <trkpt lat="-29.7884180" lon="24.4125170">
    <ele>1092.7</ele>
   </trkpt>
   <trkpt lat="-29.7884560" lon="24.4124650">
    <ele>1092.6</ele>
   </trkpt>
   <trkpt lat="-29.7884850" lon="24.4124110">
    <ele>1092.6</ele>
   </trkpt>
   <trkpt lat="-29.7885170" lon="24.4123680">
    <ele>1092.6</ele>
   </trkpt>
   <trkpt lat="-29.7885610" lon="24.4123310">
    <ele>1092.6</ele>
   </trkpt>
   <trkpt lat="-29.7885970" lon="24.4122900">
    <ele>1092.5</ele>
   </trkpt>
   <trkpt lat="-29.7886110" lon="24.4122450">
    <ele>1092.5</ele>
   </trkpt>
   <trkpt lat="-29.7886360" lon="24.4122030">
    <ele>1092.5</ele>
   </trkpt>
   <trkpt lat="-29.7886620" lon="24.4121590">
    <ele>1092.5</ele>
   </trkpt>
   <trkpt lat="-29.7886840" lon="24.4121430">
    <ele>1092.5</ele>
   </trkpt>
   <trkpt lat="-29.7886980" lon="24.4121240">
    <ele>1092.5</ele>
   </trkpt>
   <trkpt lat="-29.7887310" lon="24.4120660">
    <ele>1092.4</ele>
   </trkpt>
   <trkpt lat="-29.7887540" lon="24.4120360">
    <ele>1092.4</ele>
   </trkpt>
   <trkpt lat="-29.7887920" lon="24.4119720">
    <ele>1092.4</ele>
   </trkpt>
   <trkpt lat="-29.7888170" lon="24.4119180">
    <ele>1092.4</ele>
   </trkpt>
   <trkpt lat="-29.7888530" lon="24.4118730">
    <ele>1092.4</ele>
   </trkpt>
   <trkpt lat="-29.7888850" lon="24.4118280">
    <ele>1092.4</ele>
   </trkpt>
   <trkpt lat="-29.7889030" lon="24.4117920">
    <ele>1092.4</ele>
   </trkpt>
   <trkpt lat="-29.7889340" lon="24.4117440">
    <ele>1092.4</ele>
   </trkpt>
   <trkpt lat="-29.7889590" lon="24.4116980">
    <ele>1092.4</ele>
   </trkpt>
   <trkpt lat="-29.7889930" lon="24.4116500">
    <ele>1092.3</ele>
   </trkpt>
   <trkpt lat="-29.7890330" lon="24.4115940">
    <ele>1092.3</ele>
   </trkpt>
   <trkpt lat="-29.7890700" lon="24.4115380">
    <ele>1092.3</ele>
   </trkpt>
   <trkpt lat="-29.7891100" lon="24.4114980">
    <ele>1092.3</ele>
   </trkpt>
   <trkpt lat="-29.7891240" lon="24.4114690">
    <ele>1092.4</ele>
   </trkpt>
   <trkpt lat="-29.7891350" lon="24.4114550">
    <ele>1092.4</ele>
   </trkpt>
   <trkpt lat="-29.7891560" lon="24.4114220">
    <ele>1092.4</ele>
   </trkpt>
   <trkpt lat="-29.7892180" lon="24.4112960">
    <ele>1092.4</ele>
   </trkpt>
   <trkpt lat="-29.7892500" lon="24.4112540">
    <ele>1092.4</ele>
   </trkpt>
   <trkpt lat="-29.7892820" lon="24.4112130">
    <ele>1092.4</ele>
   </trkpt>
   <trkpt lat="-29.7893110" lon="24.4111720">
    <ele>1092.4</ele>
   </trkpt>
   <trkpt lat="-29.7893460" lon="24.4111240">
    <ele>1092.4</ele>
   </trkpt>
   <trkpt lat="-29.7893770" lon="24.4110790">
    <ele>1092.4</ele>
   </trkpt>
   <trkpt lat="-29.7894060" lon="24.4110380">
    <ele>1092.4</ele>
   </trkpt>
   <trkpt lat="-29.7894360" lon="24.4109950">
    <ele>1092.4</ele>
   </trkpt>
   <trkpt lat="-29.7894670" lon="24.4109480">
    <ele>1092.4</ele>
   </trkpt>
   <trkpt lat="-29.7894970" lon="24.4109000">
    <ele>1092.4</ele>
   </trkpt>
   <trkpt lat="-29.7895240" lon="24.4108540">
    <ele>1092.4</ele>
   </trkpt>
   <trkpt lat="-29.7895490" lon="24.4108090">
    <ele>1092.4</ele>
   </trkpt>
   <trkpt lat="-29.7895710" lon="24.4107640">
    <ele>1092.4</ele>
   </trkpt>
   <trkpt lat="-29.7896010" lon="24.4107220">
    <ele>1092.4</ele>
   </trkpt>
   <trkpt lat="-29.7896290" lon="24.4106820">
    <ele>1092.4</ele>
   </trkpt>
   <trkpt lat="-29.7896620" lon="24.4106440">
    <ele>1092.4</ele>
   </trkpt>
   <trkpt lat="-29.7896910" lon="24.4106040">
    <ele>1092.4</ele>
   </trkpt>
   <trkpt lat="-29.7897200" lon="24.4105620">
    <ele>1092.4</ele>
   </trkpt>
   <trkpt lat="-29.7897490" lon="24.4105200">
    <ele>1092.4</ele>
   </trkpt>
   <trkpt lat="-29.7897780" lon="24.4104740">
    <ele>1092.4</ele>
   </trkpt>
   <trkpt lat="-29.7898060" lon="24.4104340">
    <ele>1092.4</ele>
   </trkpt>
   <trkpt lat="-29.7898200" lon="24.4104040">
    <ele>1092.4</ele>
   </trkpt>
   <trkpt lat="-29.7898630" lon="24.4103370">
    <ele>1092.4</ele>
   </trkpt>
   <trkpt lat="-29.7898930" lon="24.4102920">
    <ele>1092.4</ele>
   </trkpt>
   <trkpt lat="-29.7899240" lon="24.4102480">
    <ele>1092.4</ele>
   </trkpt>
   <trkpt lat="-29.7899540" lon="24.4102040">
    <ele>1092.4</ele>
   </trkpt>
   <trkpt lat="-29.7899780" lon="24.4101590">
    <ele>1092.4</ele>
   </trkpt>
   <trkpt lat="-29.7900060" lon="24.4101150">
    <ele>1092.4</ele>
   </trkpt>
   <trkpt lat="-29.7900370" lon="24.4100690">
    <ele>1092.4</ele>
   </trkpt>
   <trkpt lat="-29.7900680" lon="24.4100270">
    <ele>1092.4</ele>
   </trkpt>
   <trkpt lat="-29.7901010" lon="24.4099820">
    <ele>1092.4</ele>
   </trkpt>
   <trkpt lat="-29.7901300" lon="24.4099370">
    <ele>1092.4</ele>
   </trkpt>
   <trkpt lat="-29.7901600" lon="24.4098930">
    <ele>1092.4</ele>
   </trkpt>
   <trkpt lat="-29.7901890" lon="24.4098470">
    <ele>1092.4</ele>
   </trkpt>
   <trkpt lat="-29.7902150" lon="24.4098000">
    <ele>1092.4</ele>
   </trkpt>
   <trkpt lat="-29.7902400" lon="24.4097530">
    <ele>1092.4</ele>
   </trkpt>
   <trkpt lat="-29.7902680" lon="24.4097080">
    <ele>1092.4</ele>
   </trkpt>
   <trkpt lat="-29.7902970" lon="24.4096640">
    <ele>1092.4</ele>
   </trkpt>
   <trkpt lat="-29.7903280" lon="24.4096200">
    <ele>1092.4</ele>
   </trkpt>
   <trkpt lat="-29.7903690" lon="24.4095810">
    <ele>1092.4</ele>
   </trkpt>
   <trkpt lat="-29.7904360" lon="24.4095340">
    <ele>1092.3</ele>
   </trkpt>
   <trkpt lat="-29.7904550" lon="24.4094840">
    <ele>1092.3</ele>
   </trkpt>
   <trkpt lat="-29.7904520" lon="24.4094460">
    <ele>1092.3</ele>
   </trkpt>
   <trkpt lat="-29.7904770" lon="24.4093970">
    <ele>1092.3</ele>
   </trkpt>
   <trkpt lat="-29.7905100" lon="24.4093520">
    <ele>1092.3</ele>
   </trkpt>
   <trkpt lat="-29.7905310" lon="24.4093230">
    <ele>1092.3</ele>
   </trkpt>
   <trkpt lat="-29.7905610" lon="24.4092670">
    <ele>1092.3</ele>
   </trkpt>
   <trkpt lat="-29.7905990" lon="24.4092250">
    <ele>1092.3</ele>
   </trkpt>
   <trkpt lat="-29.7906280" lon="24.4091790">
    <ele>1092.3</ele>
   </trkpt>
   <trkpt lat="-29.7906570" lon="24.4091310">
    <ele>1092.2</ele>
   </trkpt>
   <trkpt lat="-29.7906860" lon="24.4090870">
    <ele>1092.2</ele>
   </trkpt>
   <trkpt lat="-29.7906760" lon="24.4090950">
    <ele>1092.2</ele>
   </trkpt>
   <trkpt lat="-29.7906790" lon="24.4090530">
    <ele>1092.2</ele>
   </trkpt>
   <trkpt lat="-29.7907110" lon="24.4090140">
    <ele>1092.2</ele>
   </trkpt>
   <trkpt lat="-29.7907290" lon="24.4089990">
    <ele>1092.2</ele>
   </trkpt>
   <trkpt lat="-29.7907620" lon="24.4089630">
    <ele>1092.2</ele>
   </trkpt>
   <trkpt lat="-29.7907840" lon="24.4089260">
    <ele>1092.2</ele>
   </trkpt>
   <trkpt lat="-29.7908230" lon="24.4088950">
    <ele>1092.2</ele>
   </trkpt>
   <trkpt lat="-29.7908460" lon="24.4088600">
    <ele>1092.3</ele>
   </trkpt>
   <trkpt lat="-29.7908640" lon="24.4088210">
    <ele>1092.3</ele>
   </trkpt>
   <trkpt lat="-29.7908880" lon="24.4087910">
    <ele>1092.3</ele>
   </trkpt>
   <trkpt lat="-29.7909080" lon="24.4087610">
    <ele>1092.3</ele>
   </trkpt>
   <trkpt lat="-29.7909290" lon="24.4087330">
    <ele>1092.3</ele>
   </trkpt>
   <trkpt lat="-29.7909550" lon="24.4087030">
    <ele>1092.3</ele>
   </trkpt>
   <trkpt lat="-29.7909780" lon="24.4086730">
    <ele>1092.3</ele>
   </trkpt>
   <trkpt lat="-29.7911080" lon="24.4084320">
    <ele>1092.3</ele>
   </trkpt>
   <trkpt lat="-29.7911180" lon="24.4084140">
    <ele>1092.3</ele>
   </trkpt>
   <trkpt lat="-29.7911480" lon="24.4083670">
    <ele>1092.3</ele>
   </trkpt>
   <trkpt lat="-29.7911740" lon="24.4083270">
    <ele>1092.4</ele>
   </trkpt>
   <trkpt lat="-29.7912050" lon="24.4082850">
    <ele>1092.4</ele>
   </trkpt>
   <trkpt lat="-29.7912340" lon="24.4082440">
    <ele>1092.4</ele>
   </trkpt>
   <trkpt lat="-29.7912600" lon="24.4082060">
    <ele>1092.4</ele>
   </trkpt>
   <trkpt lat="-29.7912820" lon="24.4081680">
    <ele>1092.5</ele>
   </trkpt>
   <trkpt lat="-29.7913040" lon="24.4081340">
    <ele>1092.5</ele>
   </trkpt>
   <trkpt lat="-29.7913250" lon="24.4080990">
    <ele>1092.5</ele>
   </trkpt>
   <trkpt lat="-29.7913460" lon="24.4080690">
    <ele>1092.6</ele>
   </trkpt>
   <trkpt lat="-29.7913680" lon="24.4080430">
    <ele>1092.6</ele>
   </trkpt>
   <trkpt lat="-29.7913900" lon="24.4080180">
    <ele>1092.6</ele>
   </trkpt>
   <trkpt lat="-29.7914200" lon="24.4079870">
    <ele>1092.7</ele>
   </trkpt>
   <trkpt lat="-29.7914300" lon="24.4079750">
    <ele>1092.7</ele>
   </trkpt>
   <trkpt lat="-29.7914550" lon="24.4079430">
    <ele>1092.7</ele>
   </trkpt>
   <trkpt lat="-29.7914620" lon="24.4079330">
    <ele>1092.7</ele>
   </trkpt>
   <trkpt lat="-29.7914740" lon="24.4079140">
    <ele>1092.8</ele>
   </trkpt>
   <trkpt lat="-29.7914840" lon="24.4079140">
    <ele>1092.8</ele>
   </trkpt>
   <trkpt lat="-29.7915070" lon="24.4078880">
    <ele>1092.8</ele>
   </trkpt>
   <trkpt lat="-29.7915130" lon="24.4078800">
    <ele>1092.8</ele>
   </trkpt>
   <trkpt lat="-29.7915400" lon="24.4078560">
    <ele>1092.9</ele>
   </trkpt>
   <trkpt lat="-29.7915470" lon="24.4078490">
    <ele>1092.9</ele>
   </trkpt>
   <trkpt lat="-29.7915620" lon="24.4078230">
    <ele>1093.0</ele>
   </trkpt>
   <trkpt lat="-29.7915680" lon="24.4078130">
    <ele>1093.0</ele>
   </trkpt>
   <trkpt lat="-29.7915810" lon="24.4078060">
    <ele>1093.0</ele>
   </trkpt>
   <trkpt lat="-29.7915990" lon="24.4078030">
    <ele>1093.0</ele>
   </trkpt>
   <trkpt lat="-29.7916050" lon="24.4078080">
    <ele>1093.0</ele>
   </trkpt>
   <trkpt lat="-29.7916240" lon="24.4078070">
    <ele>1093.0</ele>
   </trkpt>
   <trkpt lat="-29.7916260" lon="24.4078040">
    <ele>1093.0</ele>
   </trkpt>
   <trkpt lat="-29.7916290" lon="24.4077980">
    <ele>1093.0</ele>
   </trkpt>
   <trkpt lat="-29.7916320" lon="24.4078020">
    <ele>1093.0</ele>
   </trkpt>
   <trkpt lat="-29.7916350" lon="24.4078040">
    <ele>1093.0</ele>
   </trkpt>
   <trkpt lat="-29.7916390" lon="24.4078060">
    <ele>1093.0</ele>
   </trkpt>
   <trkpt lat="-29.7916430" lon="24.4078080">
    <ele>1093.0</ele>
   </trkpt>
   <trkpt lat="-29.7916470" lon="24.4078100">
    <ele>1093.0</ele>
   </trkpt>
   <trkpt lat="-29.7916500" lon="24.4078120">
    <ele>1093.0</ele>
   </trkpt>
   <trkpt lat="-29.7916540" lon="24.4078140">
    <ele>1093.0</ele>
   </trkpt>
   <trkpt lat="-29.7916580" lon="24.4078160">
    <ele>1093.0</ele>
   </trkpt>
   <trkpt lat="-29.7916610" lon="24.4078180">
    <ele>1093.0</ele>
   </trkpt>
   <trkpt lat="-29.7916650" lon="24.4078200">
    <ele>1093.0</ele>
   </trkpt>
   <trkpt lat="-29.7916690" lon="24.4078220">
    <ele>1093.0</ele>
   </trkpt>
   <trkpt lat="-29.7916730" lon="24.4078240">
    <ele>1093.0</ele>
   </trkpt>
   <trkpt lat="-29.7916760" lon="24.4078260">
    <ele>1093.0</ele>
   </trkpt>
   <trkpt lat="-29.7916800" lon="24.4078280">
    <ele>1093.0</ele>
   </trkpt>
   <trkpt lat="-29.7916840" lon="24.4078300">
    <ele>1093.0</ele>
   </trkpt>
   <trkpt lat="-29.7916870" lon="24.4078320">
    <ele>1093.0</ele>
   </trkpt>
   <trkpt lat="-29.7916910" lon="24.4078340">
    <ele>1093.0</ele>
   </trkpt>
   <trkpt lat="-29.7916950" lon="24.4078360">
    <ele>1093.0</ele>
   </trkpt>
   <trkpt lat="-29.7916980" lon="24.4078380">
    <ele>1093.0</ele>
   </trkpt>
   <trkpt lat="-29.7917020" lon="24.4078400">
    <ele>1093.0</ele>
   </trkpt>
   <trkpt lat="-29.7917060" lon="24.4078420">
    <ele>1093.0</ele>
   </trkpt>
   <trkpt lat="-29.7917100" lon="24.4078440">
    <ele>1093.0</ele>
   </trkpt>
   <trkpt lat="-29.7917130" lon="24.4078460">
    <ele>1093.0</ele>
   </trkpt>
   <trkpt lat="-29.7917170" lon="24.4078480">
    <ele>1093.0</ele>
   </trkpt>
   <trkpt lat="-29.7917440" lon="24.4078810">
    <ele>1093.0</ele>
   </trkpt>
   <trkpt lat="-29.7917540" lon="24.4078900">
    <ele>1092.9</ele>
   </trkpt>
   <trkpt lat="-29.7917820" lon="24.4079150">
    <ele>1092.9</ele>
   </trkpt>
   <trkpt lat="-29.7917890" lon="24.4079250">
    <ele>1092.9</ele>
   </trkpt>
   <trkpt lat="-29.7918160" lon="24.4079540">
    <ele>1092.9</ele>
   </trkpt>
   <trkpt lat="-29.7918230" lon="24.4079670">
    <ele>1092.9</ele>
   </trkpt>
   <trkpt lat="-29.7918450" lon="24.4080030">
    <ele>1092.9</ele>
   </trkpt>
   <trkpt lat="-29.7918490" lon="24.4080180">
    <ele>1092.9</ele>
   </trkpt>
   <trkpt lat="-29.7918730" lon="24.4080500">
    <ele>1092.9</ele>
   </trkpt>
   <trkpt lat="-29.7918810" lon="24.4080630">
    <ele>1092.9</ele>
   </trkpt>
   <trkpt lat="-29.7918940" lon="24.4080960">
    <ele>1092.9</ele>
   </trkpt>
   <trkpt lat="-29.7918990" lon="24.4081290">
    <ele>1092.9</ele>
   </trkpt>
   <trkpt lat="-29.7919080" lon="24.4081710">
    <ele>1092.9</ele>
   </trkpt>
   <trkpt lat="-29.7919080" lon="24.4081840">
    <ele>1092.9</ele>
   </trkpt>
   <trkpt lat="-29.7919020" lon="24.4082310">
    <ele>1092.9</ele>
   </trkpt>
   <trkpt lat="-29.7919000" lon="24.4082470">
    <ele>1092.9</ele>
   </trkpt>
   <trkpt lat="-29.7918990" lon="24.4082810">
    <ele>1092.9</ele>
   </trkpt>
   <trkpt lat="-29.7918870" lon="24.4083130">
    <ele>1092.9</ele>
   </trkpt>
   <trkpt lat="-29.7918800" lon="24.4083450">
    <ele>1092.9</ele>
   </trkpt>
   <trkpt lat="-29.7918830" lon="24.4083900">
    <ele>1092.9</ele>
   </trkpt>
   <trkpt lat="-29.7918830" lon="24.4084050">
    <ele>1092.9</ele>
   </trkpt>
   <trkpt lat="-29.7918780" lon="24.4084390">
    <ele>1092.9</ele>
   </trkpt>
   <trkpt lat="-29.7918740" lon="24.4084730">
    <ele>1092.9</ele>
   </trkpt>
   <trkpt lat="-29.7918720" lon="24.4085100">
    <ele>1092.9</ele>
   </trkpt>
   <trkpt lat="-29.7918810" lon="24.4085420">
    <ele>1092.9</ele>
   </trkpt>
   <trkpt lat="-29.7918780" lon="24.4085770">
    <ele>1092.9</ele>
   </trkpt>
   <trkpt lat="-29.7918770" lon="24.4086140">
    <ele>1092.9</ele>
   </trkpt>
   <trkpt lat="-29.7918840" lon="24.4086470">
    <ele>1092.9</ele>
   </trkpt>
   <trkpt lat="-29.7918870" lon="24.4086840">
    <ele>1092.9</ele>
   </trkpt>
   <trkpt lat="-29.7918910" lon="24.4087190">
    <ele>1092.9</ele>
   </trkpt>
   <trkpt lat="-29.7918940" lon="24.4087570">
    <ele>1092.9</ele>
   </trkpt>
   <trkpt lat="-29.7918910" lon="24.4087920">
    <ele>1092.9</ele>
   </trkpt>
   <trkpt lat="-29.7919030" lon="24.4088280">
    <ele>1092.9</ele>
   </trkpt>
   <trkpt lat="-29.7919150" lon="24.4088630">
    <ele>1092.9</ele>
   </trkpt>
   <trkpt lat="-29.7919220" lon="24.4088930">
    <ele>1093.0</ele>
   </trkpt>
   <trkpt lat="-29.7919230" lon="24.4088930">
    <ele>1093.0</ele>
   </trkpt>
   <trkpt lat="-29.7919280" lon="24.4089500">
    <ele>1093.0</ele>
   </trkpt>
   <trkpt lat="-29.7919290" lon="24.4089790">
    <ele>1093.0</ele>
   </trkpt>
   <trkpt lat="-29.7919280" lon="24.4090030">
    <ele>1093.0</ele>
   </trkpt>
   <trkpt lat="-29.7919240" lon="24.4090370">
    <ele>1093.0</ele>
   </trkpt>
   <trkpt lat="-29.7919300" lon="24.4090680">
    <ele>1093.0</ele>
   </trkpt>
   <trkpt lat="-29.7919330" lon="24.4091040">
    <ele>1093.0</ele>
   </trkpt>
   <trkpt lat="-29.7919340" lon="24.4091390">
    <ele>1093.0</ele>
   </trkpt>
   <trkpt lat="-29.7919420" lon="24.4091810">
    <ele>1093.1</ele>
   </trkpt>
   <trkpt lat="-29.7919430" lon="24.4092170">
    <ele>1093.1</ele>
   </trkpt>
   <trkpt lat="-29.7919490" lon="24.4092400">
    <ele>1093.1</ele>
   </trkpt>
   <trkpt lat="-29.7919540" lon="24.4092620">
    <ele>1093.1</ele>
   </trkpt>
   <trkpt lat="-29.7919550" lon="24.4093100">
    <ele>1093.1</ele>
   </trkpt>
   <trkpt lat="-29.7919550" lon="24.4093440">
    <ele>1093.1</ele>
   </trkpt>
   <trkpt lat="-29.7919720" lon="24.4093820">
    <ele>1093.1</ele>
   </trkpt>
   <trkpt lat="-29.7919790" lon="24.4094150">
    <ele>1093.1</ele>
   </trkpt>
   <trkpt lat="-29.7919920" lon="24.4094740">
    <ele>1093.1</ele>
   </trkpt>
   <trkpt lat="-29.7920000" lon="24.4095220">
    <ele>1093.1</ele>
   </trkpt>
   <trkpt lat="-29.7920120" lon="24.4095650">
    <ele>1093.1</ele>
   </trkpt>
   <trkpt lat="-29.7920180" lon="24.4096100">
    <ele>1093.2</ele>
   </trkpt>
   <trkpt lat="-29.7920230" lon="24.4096400">
    <ele>1093.2</ele>
   </trkpt>
   <trkpt lat="-29.7920280" lon="24.4096630">
    <ele>1093.2</ele>
   </trkpt>
   <trkpt lat="-29.7920450" lon="24.4097190">
    <ele>1093.2</ele>
   </trkpt>
   <trkpt lat="-29.7920560" lon="24.4097550">
    <ele>1093.2</ele>
   </trkpt>
   <trkpt lat="-29.7920630" lon="24.4097940">
    <ele>1093.2</ele>
   </trkpt>
   <trkpt lat="-29.7920690" lon="24.4098190">
    <ele>1093.2</ele>
   </trkpt>
   <trkpt lat="-29.7920810" lon="24.4098570">
    <ele>1093.2</ele>
   </trkpt>
   <trkpt lat="-29.7920900" lon="24.4098950">
    <ele>1093.2</ele>
   </trkpt>
   <trkpt lat="-29.7921060" lon="24.4099330">
    <ele>1093.2</ele>
   </trkpt>
   <trkpt lat="-29.7921360" lon="24.4100200">
    <ele>1093.2</ele>
   </trkpt>
   <trkpt lat="-29.7921590" lon="24.4100900">
    <ele>1093.2</ele>
   </trkpt>
   <trkpt lat="-29.7921830" lon="24.4101600">
    <ele>1093.2</ele>
   </trkpt>
   <trkpt lat="-29.7922030" lon="24.4102080">
    <ele>1093.2</ele>
   </trkpt>
   <trkpt lat="-29.7922230" lon="24.4102560">
    <ele>1093.2</ele>
   </trkpt>
   <trkpt lat="-29.7922440" lon="24.4103010">
    <ele>1093.1</ele>
   </trkpt>
   <trkpt lat="-29.7922680" lon="24.4103420">
    <ele>1093.0</ele>
   </trkpt>
   <trkpt lat="-29.7922910" lon="24.4103860">
    <ele>1093.0</ele>
   </trkpt>
   <trkpt lat="-29.7923120" lon="24.4104240">
    <ele>1093.0</ele>
   </trkpt>
   <trkpt lat="-29.7923370" lon="24.4104700">
    <ele>1092.9</ele>
   </trkpt>
   <trkpt lat="-29.7923670" lon="24.4105160">
    <ele>1092.9</ele>
   </trkpt>
   <trkpt lat="-29.7923920" lon="24.4105550">
    <ele>1092.9</ele>
   </trkpt>
   <trkpt lat="-29.7924120" lon="24.4106010">
    <ele>1092.9</ele>
   </trkpt>
   <trkpt lat="-29.7924360" lon="24.4106390">
    <ele>1092.9</ele>
   </trkpt>
   <trkpt lat="-29.7924630" lon="24.4106820">
    <ele>1092.9</ele>
   </trkpt>
   <trkpt lat="-29.7924960" lon="24.4107160">
    <ele>1092.9</ele>
   </trkpt>
   <trkpt lat="-29.7925230" lon="24.4107530">
    <ele>1092.9</ele>
   </trkpt>
   <trkpt lat="-29.7925440" lon="24.4108010">
    <ele>1092.9</ele>
   </trkpt>
   <trkpt lat="-29.7925700" lon="24.4108330">
    <ele>1092.8</ele>
   </trkpt>
   <trkpt lat="-29.7925780" lon="24.4108710">
    <ele>1092.8</ele>
   </trkpt>
   <trkpt lat="-29.7925860" lon="24.4108840">
    <ele>1092.8</ele>
   </trkpt>
   <trkpt lat="-29.7926180" lon="24.4109130">
    <ele>1092.9</ele>
   </trkpt>
   <trkpt lat="-29.7926440" lon="24.4109390">
    <ele>1092.9</ele>
   </trkpt>
   <trkpt lat="-29.7926800" lon="24.4109730">
    <ele>1092.9</ele>
   </trkpt>
   <trkpt lat="-29.7927080" lon="24.4110020">
    <ele>1092.9</ele>
   </trkpt>
   <trkpt lat="-29.7927350" lon="24.4110330">
    <ele>1092.9</ele>
   </trkpt>
   <trkpt lat="-29.7927600" lon="24.4110760">
    <ele>1092.9</ele>
   </trkpt>
   <trkpt lat="-29.7927930" lon="24.4111060">
    <ele>1093.0</ele>
   </trkpt>
   <trkpt lat="-29.7928250" lon="24.4111360">
    <ele>1093.0</ele>
   </trkpt>
   <trkpt lat="-29.7928570" lon="24.4111660">
    <ele>1093.0</ele>
   </trkpt>
   <trkpt lat="-29.7928900" lon="24.4111990">
    <ele>1093.0</ele>
   </trkpt>
   <trkpt lat="-29.7929240" lon="24.4112260">
    <ele>1093.1</ele>
   </trkpt>
   <trkpt lat="-29.7929580" lon="24.4112640">
    <ele>1093.1</ele>
   </trkpt>
   <trkpt lat="-29.7929890" lon="24.4112980">
    <ele>1093.1</ele>
   </trkpt>
   <trkpt lat="-29.7930210" lon="24.4113290">
    <ele>1093.1</ele>
   </trkpt>
   <trkpt lat="-29.7930550" lon="24.4113480">
    <ele>1093.1</ele>
   </trkpt>
   <trkpt lat="-29.7930670" lon="24.4113830">
    <ele>1093.1</ele>
   </trkpt>
   <trkpt lat="-29.7931160" lon="24.4114280">
    <ele>1093.1</ele>
   </trkpt>
   <trkpt lat="-29.7931520" lon="24.4114630">
    <ele>1093.1</ele>
   </trkpt>
   <trkpt lat="-29.7932000" lon="24.4114970">
    <ele>1093.1</ele>
   </trkpt>
   <trkpt lat="-29.7932270" lon="24.4115170">
    <ele>1093.2</ele>
   </trkpt>
   <trkpt lat="-29.7933630" lon="24.4115970">
    <ele>1093.2</ele>
   </trkpt>
   <trkpt lat="-29.7934000" lon="24.4116270">
    <ele>1093.2</ele>
   </trkpt>
   <trkpt lat="-29.7934420" lon="24.4116680">
    <ele>1093.3</ele>
   </trkpt>
   <trkpt lat="-29.7934790" lon="24.4116960">
    <ele>1093.3</ele>
   </trkpt>
   <trkpt lat="-29.7935140" lon="24.4117030">
    <ele>1093.3</ele>
   </trkpt>
   <trkpt lat="-29.7935500" lon="24.4117300">
    <ele>1093.3</ele>
   </trkpt>
   <trkpt lat="-29.7935960" lon="24.4117450">
    <ele>1093.3</ele>
   </trkpt>
   <trkpt lat="-29.7936310" lon="24.4117730">
    <ele>1093.3</ele>
   </trkpt>
   <trkpt lat="-29.7936680" lon="24.4117980">
    <ele>1093.3</ele>
   </trkpt>
   <trkpt lat="-29.7937090" lon="24.4118200">
    <ele>1093.3</ele>
   </trkpt>
   <trkpt lat="-29.7937490" lon="24.4118520">
    <ele>1093.3</ele>
   </trkpt>
   <trkpt lat="-29.7937880" lon="24.4118730">
    <ele>1093.4</ele>
   </trkpt>
   <trkpt lat="-29.7938260" lon="24.4118980">
    <ele>1093.4</ele>
   </trkpt>
   <trkpt lat="-29.7938670" lon="24.4119280">
    <ele>1093.4</ele>
   </trkpt>
   <trkpt lat="-29.7939030" lon="24.4119510">
    <ele>1093.4</ele>
   </trkpt>
   <trkpt lat="-29.7939380" lon="24.4119800">
    <ele>1093.4</ele>
   </trkpt>
   <trkpt lat="-29.7939780" lon="24.4119870">
    <ele>1093.4</ele>
   </trkpt>
   <trkpt lat="-29.7940120" lon="24.4120080">
    <ele>1093.3</ele>
   </trkpt>
   <trkpt lat="-29.7940340" lon="24.4120260">
    <ele>1093.3</ele>
   </trkpt>
   <trkpt lat="-29.7940660" lon="24.4120500">
    <ele>1093.3</ele>
   </trkpt>
   <trkpt lat="-29.7940790" lon="24.4120610">
    <ele>1093.3</ele>
   </trkpt>
   <trkpt lat="-29.7941120" lon="24.4120850">
    <ele>1093.3</ele>
   </trkpt>
   <trkpt lat="-29.7941570" lon="24.4121350">
    <ele>1093.3</ele>
   </trkpt>
   <trkpt lat="-29.7941970" lon="24.4121880">
    <ele>1093.3</ele>
   </trkpt>
   <trkpt lat="-29.7942240" lon="24.4122300">
    <ele>1093.3</ele>
   </trkpt>
   <trkpt lat="-29.7942510" lon="24.4122720">
    <ele>1093.3</ele>
   </trkpt>
   <trkpt lat="-29.7942780" lon="24.4123100">
    <ele>1093.3</ele>
   </trkpt>
   <trkpt lat="-29.7943050" lon="24.4123530">
    <ele>1093.3</ele>
   </trkpt>
   <trkpt lat="-29.7943300" lon="24.4123960">
    <ele>1093.3</ele>
   </trkpt>
   <trkpt lat="-29.7943590" lon="24.4124370">
    <ele>1093.3</ele>
   </trkpt>
   <trkpt lat="-29.7943850" lon="24.4124790">
    <ele>1093.2</ele>
   </trkpt>
   <trkpt lat="-29.7944090" lon="24.4125220">
    <ele>1093.2</ele>
   </trkpt>
   <trkpt lat="-29.7944440" lon="24.4125630">
    <ele>1093.2</ele>
   </trkpt>
   <trkpt lat="-29.7944720" lon="24.4126050">
    <ele>1093.2</ele>
   </trkpt>
   <trkpt lat="-29.7944880" lon="24.4126370">
    <ele>1093.2</ele>
   </trkpt>
   <trkpt lat="-29.7945080" lon="24.4126760">
    <ele>1093.2</ele>
   </trkpt>
   <trkpt lat="-29.7945160" lon="24.4126910">
    <ele>1093.2</ele>
   </trkpt>
   <trkpt lat="-29.7945330" lon="24.4127250">
    <ele>1093.2</ele>
   </trkpt>
   <trkpt lat="-29.7945580" lon="24.4127580">
    <ele>1093.2</ele>
   </trkpt>
   <trkpt lat="-29.7945850" lon="24.4127910">
    <ele>1093.2</ele>
   </trkpt>
   <trkpt lat="-29.7946040" lon="24.4128180">
    <ele>1093.2</ele>
   </trkpt>
   <trkpt lat="-29.7946230" lon="24.4128530">
    <ele>1093.1</ele>
   </trkpt>
   <trkpt lat="-29.7946360" lon="24.4128890">
    <ele>1093.1</ele>
   </trkpt>
   <trkpt lat="-29.7946680" lon="24.4129510">
    <ele>1093.1</ele>
   </trkpt>
   <trkpt lat="-29.7946860" lon="24.4129970">
    <ele>1093.1</ele>
   </trkpt>
   <trkpt lat="-29.7946920" lon="24.4130220">
    <ele>1093.1</ele>
   </trkpt>
   <trkpt lat="-29.7947180" lon="24.4130530">
    <ele>1093.1</ele>
   </trkpt>
   <trkpt lat="-29.7947620" lon="24.4131150">
    <ele>1093.0</ele>
   </trkpt>
   <trkpt lat="-29.7947810" lon="24.4131410">
    <ele>1093.0</ele>
   </trkpt>
   <trkpt lat="-29.7948260" lon="24.4132020">
    <ele>1093.0</ele>
   </trkpt>
   <trkpt lat="-29.7948410" lon="24.4132280">
    <ele>1093.0</ele>
   </trkpt>
   <trkpt lat="-29.7948660" lon="24.4132610">
    <ele>1093.0</ele>
   </trkpt>
   <trkpt lat="-29.7948880" lon="24.4133060">
    <ele>1093.0</ele>
   </trkpt>
   <trkpt lat="-29.7949310" lon="24.4133600">
    <ele>1092.9</ele>
   </trkpt>
   <trkpt lat="-29.7949540" lon="24.4133840">
    <ele>1092.9</ele>
   </trkpt>
   <trkpt lat="-29.7949930" lon="24.4134440">
    <ele>1092.9</ele>
   </trkpt>
   <trkpt lat="-29.7950190" lon="24.4134680">
    <ele>1092.9</ele>
   </trkpt>
   <trkpt lat="-29.7950560" lon="24.4135330">
    <ele>1092.8</ele>
   </trkpt>
   <trkpt lat="-29.7951440" lon="24.4136680">
    <ele>1092.8</ele>
   </trkpt>
   <trkpt lat="-29.7951690" lon="24.4137030">
    <ele>1092.8</ele>
   </trkpt>
   <trkpt lat="-29.7952020" lon="24.4137920">
    <ele>1092.8</ele>
   </trkpt>
   <trkpt lat="-29.7952100" lon="24.4138410">
    <ele>1092.8</ele>
   </trkpt>
   <trkpt lat="-29.7952430" lon="24.4139170">
    <ele>1092.8</ele>
   </trkpt>
   <trkpt lat="-29.7952820" lon="24.4140050">
    <ele>1092.7</ele>
   </trkpt>
   <trkpt lat="-29.7953020" lon="24.4140450">
    <ele>1092.7</ele>
   </trkpt>
   <trkpt lat="-29.7953320" lon="24.4140810">
    <ele>1092.7</ele>
   </trkpt>
   <trkpt lat="-29.7953560" lon="24.4141250">
    <ele>1092.7</ele>
   </trkpt>
   <trkpt lat="-29.7954050" lon="24.4142110">
    <ele>1092.7</ele>
   </trkpt>
   <trkpt lat="-29.7954360" lon="24.4142530">
    <ele>1092.7</ele>
   </trkpt>
   <trkpt lat="-29.7954630" lon="24.4143010">
    <ele>1092.7</ele>
   </trkpt>
   <trkpt lat="-29.7954920" lon="24.4143450">
    <ele>1092.6</ele>
   </trkpt>
   <trkpt lat="-29.7955100" lon="24.4143900">
    <ele>1092.6</ele>
   </trkpt>
   <trkpt lat="-29.7955400" lon="24.4144380">
    <ele>1092.6</ele>
   </trkpt>
   <trkpt lat="-29.7955640" lon="24.4144690">
    <ele>1092.6</ele>
   </trkpt>
   <trkpt lat="-29.7955810" lon="24.4145230">
    <ele>1092.6</ele>
   </trkpt>
   <trkpt lat="-29.7955870" lon="24.4145220">
    <ele>1092.6</ele>
   </trkpt>
   <trkpt lat="-29.7956080" lon="24.4145500">
    <ele>1092.6</ele>
   </trkpt>
   <trkpt lat="-29.7956270" lon="24.4145860">
    <ele>1092.6</ele>
   </trkpt>
   <trkpt lat="-29.7956480" lon="24.4146160">
    <ele>1092.7</ele>
   </trkpt>
   <trkpt lat="-29.7956600" lon="24.4146560">
    <ele>1092.7</ele>
   </trkpt>
   <trkpt lat="-29.7956900" lon="24.4147120">
    <ele>1092.7</ele>
   </trkpt>
   <trkpt lat="-29.7957240" lon="24.4147550">
    <ele>1092.7</ele>
   </trkpt>
   <trkpt lat="-29.7957550" lon="24.4147960">
    <ele>1092.7</ele>
   </trkpt>
   <trkpt lat="-29.7957670" lon="24.4148240">
    <ele>1092.7</ele>
   </trkpt>
   <trkpt lat="-29.7957980" lon="24.4148730">
    <ele>1092.7</ele>
   </trkpt>
   <trkpt lat="-29.7958350" lon="24.4149200">
    <ele>1092.7</ele>
   </trkpt>
   <trkpt lat="-29.7958670" lon="24.4149650">
    <ele>1092.7</ele>
   </trkpt>
   <trkpt lat="-29.7958900" lon="24.4150090">
    <ele>1092.7</ele>
   </trkpt>
   <trkpt lat="-29.7959220" lon="24.4150480">
    <ele>1092.7</ele>
   </trkpt>
   <trkpt lat="-29.7959500" lon="24.4150790">
    <ele>1092.7</ele>
   </trkpt>
   <trkpt lat="-29.7959740" lon="24.4151120">
    <ele>1092.7</ele>
   </trkpt>
   <trkpt lat="-29.7960040" lon="24.4151560">
    <ele>1092.7</ele>
   </trkpt>
   <trkpt lat="-29.7960250" lon="24.4151840">
    <ele>1092.7</ele>
   </trkpt>
   <trkpt lat="-29.7960630" lon="24.4152360">
    <ele>1092.7</ele>
   </trkpt>
   <trkpt lat="-29.7960900" lon="24.4152780">
    <ele>1092.8</ele>
   </trkpt>
   <trkpt lat="-29.7961090" lon="24.4152990">
    <ele>1092.8</ele>
   </trkpt>
   <trkpt lat="-29.7961300" lon="24.4153220">
    <ele>1092.8</ele>
   </trkpt>
   <trkpt lat="-29.7961570" lon="24.4153680">
    <ele>1092.8</ele>
   </trkpt>
   <trkpt lat="-29.7961780" lon="24.4153960">
    <ele>1092.8</ele>
   </trkpt>
   <trkpt lat="-29.7962150" lon="24.4154570">
    <ele>1092.8</ele>
   </trkpt>
   <trkpt lat="-29.7962410" lon="24.4154960">
    <ele>1092.8</ele>
   </trkpt>
   <trkpt lat="-29.7962520" lon="24.4155160">
    <ele>1092.8</ele>
   </trkpt>
   <trkpt lat="-29.7962840" lon="24.4155730">
    <ele>1092.8</ele>
   </trkpt>
   <trkpt lat="-29.7963090" lon="24.4155920">
    <ele>1092.9</ele>
   </trkpt>
   <trkpt lat="-29.7963360" lon="24.4156440">
    <ele>1092.9</ele>
   </trkpt>
   <trkpt lat="-29.7964270" lon="24.4157360">
    <ele>1093.0</ele>
   </trkpt>
   <trkpt lat="-29.7964580" lon="24.4157800">
    <ele>1093.0</ele>
   </trkpt>
   <trkpt lat="-29.7964880" lon="24.4158150">
    <ele>1093.0</ele>
   </trkpt>
   <trkpt lat="-29.7965120" lon="24.4158510">
    <ele>1093.1</ele>
   </trkpt>
   <trkpt lat="-29.7965350" lon="24.4158940">
    <ele>1093.1</ele>
   </trkpt>
   <trkpt lat="-29.7965670" lon="24.4159240">
    <ele>1093.1</ele>
   </trkpt>
   <trkpt lat="-29.7965980" lon="24.4159500">
    <ele>1093.2</ele>
   </trkpt>
   <trkpt lat="-29.7966170" lon="24.4159950">
    <ele>1093.2</ele>
   </trkpt>
   <trkpt lat="-29.7966500" lon="24.4160210">
    <ele>1093.2</ele>
   </trkpt>
   <trkpt lat="-29.7966880" lon="24.4160490">
    <ele>1093.2</ele>
   </trkpt>
   <trkpt lat="-29.7967250" lon="24.4160790">
    <ele>1093.3</ele>
   </trkpt>
   <trkpt lat="-29.7967530" lon="24.4161070">
    <ele>1093.3</ele>
   </trkpt>
   <trkpt lat="-29.7967860" lon="24.4161330">
    <ele>1093.3</ele>
   </trkpt>
   <trkpt lat="-29.7968190" lon="24.4161660">
    <ele>1093.3</ele>
   </trkpt>
   <trkpt lat="-29.7968540" lon="24.4162000">
    <ele>1093.3</ele>
   </trkpt>
   <trkpt lat="-29.7968890" lon="24.4162330">
    <ele>1093.3</ele>
   </trkpt>
   <trkpt lat="-29.7969240" lon="24.4162650">
    <ele>1093.3</ele>
   </trkpt>
   <trkpt lat="-29.7969560" lon="24.4162980">
    <ele>1093.3</ele>
   </trkpt>
   <trkpt lat="-29.7969820" lon="24.4163260">
    <ele>1093.3</ele>
   </trkpt>
   <trkpt lat="-29.7969950" lon="24.4163420">
    <ele>1093.3</ele>
   </trkpt>
   <trkpt lat="-29.7970210" lon="24.4163690">
    <ele>1093.3</ele>
   </trkpt>
   <trkpt lat="-29.7970480" lon="24.4163970">
    <ele>1093.3</ele>
   </trkpt>
   <trkpt lat="-29.7970750" lon="24.4164210">
    <ele>1093.3</ele>
   </trkpt>
   <trkpt lat="-29.7971020" lon="24.4164500">
    <ele>1093.3</ele>
   </trkpt>
   <trkpt lat="-29.7971310" lon="24.4164800">
    <ele>1093.3</ele>
   </trkpt>
   <trkpt lat="-29.7971540" lon="24.4165150">
    <ele>1093.3</ele>
   </trkpt>
   <trkpt lat="-29.7971790" lon="24.4165480">
    <ele>1093.3</ele>
   </trkpt>
   <trkpt lat="-29.7972060" lon="24.4165830">
    <ele>1093.3</ele>
   </trkpt>
   <trkpt lat="-29.7972310" lon="24.4166220">
    <ele>1093.4</ele>
   </trkpt>
   <trkpt lat="-29.7972570" lon="24.4166630">
    <ele>1093.4</ele>
   </trkpt>
   <trkpt lat="-29.7972820" lon="24.4167000">
    <ele>1093.4</ele>
   </trkpt>
   <trkpt lat="-29.7973020" lon="24.4167370">
    <ele>1093.4</ele>
   </trkpt>
   <trkpt lat="-29.7973320" lon="24.4167710">
    <ele>1093.4</ele>
   </trkpt>
   <trkpt lat="-29.7973590" lon="24.4168110">
    <ele>1093.4</ele>
   </trkpt>
   <trkpt lat="-29.7973850" lon="24.4168500">
    <ele>1093.3</ele>
   </trkpt>
   <trkpt lat="-29.7974170" lon="24.4168880">
    <ele>1093.3</ele>
   </trkpt>
   <trkpt lat="-29.7974400" lon="24.4169330">
    <ele>1093.3</ele>
   </trkpt>
   <trkpt lat="-29.7974670" lon="24.4169750">
    <ele>1093.3</ele>
   </trkpt>
   <trkpt lat="-29.7974960" lon="24.4170130">
    <ele>1093.4</ele>
   </trkpt>
   <trkpt lat="-29.7975240" lon="24.4170510">
    <ele>1093.4</ele>
   </trkpt>
   <trkpt lat="-29.7975480" lon="24.4170970">
    <ele>1093.4</ele>
   </trkpt>
   <trkpt lat="-29.7975740" lon="24.4171460">
    <ele>1093.4</ele>
   </trkpt>
   <trkpt lat="-29.7976040" lon="24.4171890">
    <ele>1093.4</ele>
   </trkpt>
   <trkpt lat="-29.7976350" lon="24.4172310">
    <ele>1093.4</ele>
   </trkpt>
   <trkpt lat="-29.7976680" lon="24.4172780">
    <ele>1093.4</ele>
   </trkpt>
   <trkpt lat="-29.7976940" lon="24.4173260">
    <ele>1093.4</ele>
   </trkpt>
   <trkpt lat="-29.7977210" lon="24.4173730">
    <ele>1093.4</ele>
   </trkpt>
   <trkpt lat="-29.7977520" lon="24.4174150">
    <ele>1093.4</ele>
   </trkpt>
   <trkpt lat="-29.7977820" lon="24.4174540">
    <ele>1093.4</ele>
   </trkpt>
   <trkpt lat="-29.7978110" lon="24.4174990">
    <ele>1093.4</ele>
   </trkpt>
   <trkpt lat="-29.7978410" lon="24.4175400">
    <ele>1093.4</ele>
   </trkpt>
   <trkpt lat="-29.7978740" lon="24.4175790">
    <ele>1093.4</ele>
   </trkpt>
   <trkpt lat="-29.7979070" lon="24.4176290">
    <ele>1093.4</ele>
   </trkpt>
   <trkpt lat="-29.7979380" lon="24.4176780">
    <ele>1093.4</ele>
   </trkpt>
   <trkpt lat="-29.7979670" lon="24.4177230">
    <ele>1093.3</ele>
   </trkpt>
   <trkpt lat="-29.7979980" lon="24.4177680">
    <ele>1093.3</ele>
   </trkpt>
   <trkpt lat="-29.7980250" lon="24.4178170">
    <ele>1093.3</ele>
   </trkpt>
   <trkpt lat="-29.7980520" lon="24.4178610">
    <ele>1093.3</ele>
   </trkpt>
   <trkpt lat="-29.7980730" lon="24.4178950">
    <ele>1093.3</ele>
   </trkpt>
   <trkpt lat="-29.7981040" lon="24.4179330">
    <ele>1093.2</ele>
   </trkpt>
   <trkpt lat="-29.7981260" lon="24.4179620">
    <ele>1093.2</ele>
   </trkpt>
   <trkpt lat="-29.7981560" lon="24.4180020">
    <ele>1093.2</ele>
   </trkpt>
   <trkpt lat="-29.7982140" lon="24.4180810">
    <ele>1093.2</ele>
   </trkpt>
   <trkpt lat="-29.7982650" lon="24.4181570">
    <ele>1093.1</ele>
   </trkpt>
   <trkpt lat="-29.7983150" lon="24.4182330">
    <ele>1093.1</ele>
   </trkpt>
   <trkpt lat="-29.7983660" lon="24.4183090">
    <ele>1093.1</ele>
   </trkpt>
   <trkpt lat="-29.7983930" lon="24.4183460">
    <ele>1093.1</ele>
   </trkpt>
   <trkpt lat="-29.7984210" lon="24.4183840">
    <ele>1093.1</ele>
   </trkpt>
   <trkpt lat="-29.7984470" lon="24.4184210">
    <ele>1093.1</ele>
   </trkpt>
   <trkpt lat="-29.7984730" lon="24.4184570">
    <ele>1093.1</ele>
   </trkpt>
   <trkpt lat="-29.7984980" lon="24.4184910">
    <ele>1093.0</ele>
   </trkpt>
   <trkpt lat="-29.7985260" lon="24.4185280">
    <ele>1093.0</ele>
   </trkpt>
   <trkpt lat="-29.7985580" lon="24.4185720">
    <ele>1093.1</ele>
   </trkpt>
   <trkpt lat="-29.7985860" lon="24.4186110">
    <ele>1093.1</ele>
   </trkpt>
   <trkpt lat="-29.7986180" lon="24.4186540">
    <ele>1093.1</ele>
   </trkpt>
   <trkpt lat="-29.7986490" lon="24.4186920">
    <ele>1093.1</ele>
   </trkpt>
   <trkpt lat="-29.7986800" lon="24.4187300">
    <ele>1093.1</ele>
   </trkpt>
   <trkpt lat="-29.7987100" lon="24.4187660">
    <ele>1093.1</ele>
   </trkpt>
   <trkpt lat="-29.7987410" lon="24.4188020">
    <ele>1093.2</ele>
   </trkpt>
   <trkpt lat="-29.7987710" lon="24.4188390">
    <ele>1093.2</ele>
   </trkpt>
   <trkpt lat="-29.7988010" lon="24.4188750">
    <ele>1093.2</ele>
   </trkpt>
   <trkpt lat="-29.7988270" lon="24.4189060">
    <ele>1093.2</ele>
   </trkpt>
   <trkpt lat="-29.7988540" lon="24.4189290">
    <ele>1093.3</ele>
   </trkpt>
   <trkpt lat="-29.7988720" lon="24.4189570">
    <ele>1093.3</ele>
   </trkpt>
   <trkpt lat="-29.7989000" lon="24.4189760">
    <ele>1093.3</ele>
   </trkpt>
   <trkpt lat="-29.7989100" lon="24.4189900">
    <ele>1093.3</ele>
   </trkpt>
   <trkpt lat="-29.7989460" lon="24.4190090">
    <ele>1093.3</ele>
   </trkpt>
   <trkpt lat="-29.7989710" lon="24.4190410">
    <ele>1093.4</ele>
   </trkpt>
   <trkpt lat="-29.7990000" lon="24.4190680">
    <ele>1093.4</ele>
   </trkpt>
   <trkpt lat="-29.7990300" lon="24.4190970">
    <ele>1093.4</ele>
   </trkpt>
   <trkpt lat="-29.7990540" lon="24.4191350">
    <ele>1093.4</ele>
   </trkpt>
   <trkpt lat="-29.7992150" lon="24.4192820">
    <ele>1093.5</ele>
   </trkpt>
   <trkpt lat="-29.7992520" lon="24.4193190">
    <ele>1093.5</ele>
   </trkpt>
   <trkpt lat="-29.7992920" lon="24.4193420">
    <ele>1093.5</ele>
   </trkpt>
   <trkpt lat="-29.7993250" lon="24.4193760">
    <ele>1093.5</ele>
   </trkpt>
   <trkpt lat="-29.7993610" lon="24.4194170">
    <ele>1093.5</ele>
   </trkpt>
   <trkpt lat="-29.7993930" lon="24.4194590">
    <ele>1093.5</ele>
   </trkpt>
   <trkpt lat="-29.7994270" lon="24.4195030">
    <ele>1093.5</ele>
   </trkpt>
   <trkpt lat="-29.7994560" lon="24.4195500">
    <ele>1093.5</ele>
   </trkpt>
   <trkpt lat="-29.7994830" lon="24.4196010">
    <ele>1093.5</ele>
   </trkpt>
   <trkpt lat="-29.7995090" lon="24.4196550">
    <ele>1093.4</ele>
   </trkpt>
   <trkpt lat="-29.7995320" lon="24.4197070">
    <ele>1093.4</ele>
   </trkpt>
   <trkpt lat="-29.7995630" lon="24.4197580">
    <ele>1093.3</ele>
   </trkpt>
   <trkpt lat="-29.7995920" lon="24.4198140">
    <ele>1093.3</ele>
   </trkpt>
   <trkpt lat="-29.7996180" lon="24.4198630">
    <ele>1093.3</ele>
   </trkpt>
   <trkpt lat="-29.7996450" lon="24.4199120">
    <ele>1093.2</ele>
   </trkpt>
   <trkpt lat="-29.7996720" lon="24.4199460">
    <ele>1093.2</ele>
   </trkpt>
   <trkpt lat="-29.7997020" lon="24.4199620">
    <ele>1093.2</ele>
   </trkpt>
   <trkpt lat="-29.7997480" lon="24.4199750">
    <ele>1093.2</ele>
   </trkpt>
   <trkpt lat="-29.7998000" lon="24.4199750">
    <ele>1093.1</ele>
   </trkpt>
   <trkpt lat="-29.7998460" lon="24.4199620">
    <ele>1093.1</ele>
   </trkpt>
   <trkpt lat="-29.7998780" lon="24.4199180">
    <ele>1093.0</ele>
   </trkpt>
   <trkpt lat="-29.7999100" lon="24.4199150">
    <ele>1093.0</ele>
   </trkpt>
   <trkpt lat="-29.7999440" lon="24.4198930">
    <ele>1092.9</ele>
   </trkpt>
   <trkpt lat="-29.7999730" lon="24.4199250">
    <ele>1092.8</ele>
   </trkpt>
   <trkpt lat="-29.7999850" lon="24.4199360">
    <ele>1092.8</ele>
   </trkpt>
   <trkpt lat="-29.8000050" lon="24.4199760">
    <ele>1092.7</ele>
   </trkpt>
   <trkpt lat="-29.8000470" lon="24.4200190">
    <ele>1092.6</ele>
   </trkpt>
   <trkpt lat="-29.8000680" lon="24.4200670">
    <ele>1092.4</ele>
   </trkpt>
   <trkpt lat="-29.8000970" lon="24.4201090">
    <ele>1092.2</ele>
   </trkpt>
   <trkpt lat="-29.8001360" lon="24.4201480">
    <ele>1092.1</ele>
   </trkpt>
   <trkpt lat="-29.8001730" lon="24.4201900">
    <ele>1091.9</ele>
   </trkpt>
   <trkpt lat="-29.8002150" lon="24.4202330">
    <ele>1091.9</ele>
   </trkpt>
   <trkpt lat="-29.8002550" lon="24.4202740">
    <ele>1091.8</ele>
   </trkpt>
   <trkpt lat="-29.8002870" lon="24.4203130">
    <ele>1091.8</ele>
   </trkpt>
   <trkpt lat="-29.8003210" lon="24.4203420">
    <ele>1091.8</ele>
   </trkpt>
   <trkpt lat="-29.8003530" lon="24.4203730">
    <ele>1091.8</ele>
   </trkpt>
   <trkpt lat="-29.8003830" lon="24.4204050">
    <ele>1091.9</ele>
   </trkpt>
   <trkpt lat="-29.8004070" lon="24.4204300">
    <ele>1091.9</ele>
   </trkpt>
   <trkpt lat="-29.8004330" lon="24.4204610">
    <ele>1091.9</ele>
   </trkpt>
   <trkpt lat="-29.8004440" lon="24.4204710">
    <ele>1091.9</ele>
   </trkpt>
   <trkpt lat="-29.8004700" lon="24.4205060">
    <ele>1092.0</ele>
   </trkpt>
   <trkpt lat="-29.8005000" lon="24.4205360">
    <ele>1092.0</ele>
   </trkpt>
   <trkpt lat="-29.8005220" lon="24.4205780">
    <ele>1092.0</ele>
   </trkpt>
   <trkpt lat="-29.8005500" lon="24.4206130">
    <ele>1092.0</ele>
   </trkpt>
   <trkpt lat="-29.8005810" lon="24.4206490">
    <ele>1092.0</ele>
   </trkpt>
   <trkpt lat="-29.8006070" lon="24.4206810">
    <ele>1092.0</ele>
   </trkpt>
   <trkpt lat="-29.8006320" lon="24.4207040">
    <ele>1092.0</ele>
   </trkpt>
   <trkpt lat="-29.8006620" lon="24.4207240">
    <ele>1092.0</ele>
   </trkpt>
   <trkpt lat="-29.8006880" lon="24.4207580">
    <ele>1092.0</ele>
   </trkpt>
   <trkpt lat="-29.8007130" lon="24.4207850">
    <ele>1092.0</ele>
   </trkpt>
   <trkpt lat="-29.8007420" lon="24.4208140">
    <ele>1092.0</ele>
   </trkpt>
   <trkpt lat="-29.8007610" lon="24.4208410">
    <ele>1092.0</ele>
   </trkpt>
   <trkpt lat="-29.8007900" lon="24.4208820">
    <ele>1092.0</ele>
   </trkpt>
   <trkpt lat="-29.8008130" lon="24.4209060">
    <ele>1091.9</ele>
   </trkpt>
   <trkpt lat="-29.8008240" lon="24.4209190">
    <ele>1091.9</ele>
   </trkpt>
   <trkpt lat="-29.8008570" lon="24.4209390">
    <ele>1091.9</ele>
   </trkpt>
   <trkpt lat="-29.8008700" lon="24.4209490">
    <ele>1091.9</ele>
   </trkpt>
   <trkpt lat="-29.8008980" lon="24.4209660">
    <ele>1091.9</ele>
   </trkpt>
   <trkpt lat="-29.8009200" lon="24.4209980">
    <ele>1091.8</ele>
   </trkpt>
   <trkpt lat="-29.8009430" lon="24.4210380">
    <ele>1091.8</ele>
   </trkpt>
   <trkpt lat="-29.8009600" lon="24.4210780">
    <ele>1091.8</ele>
   </trkpt>
   <trkpt lat="-29.8009900" lon="24.4210950">
    <ele>1091.7</ele>
   </trkpt>
   <trkpt lat="-29.8010110" lon="24.4211000">
    <ele>1091.7</ele>
   </trkpt>
   <trkpt lat="-29.8010340" lon="24.4211180">
    <ele>1091.6</ele>
   </trkpt>
   <trkpt lat="-29.8010630" lon="24.4211290">
    <ele>1091.5</ele>
   </trkpt>
   <trkpt lat="-29.8010890" lon="24.4211380">
    <ele>1091.5</ele>
   </trkpt>
   <trkpt lat="-29.8011190" lon="24.4211480">
    <ele>1091.4</ele>
   </trkpt>
   <trkpt lat="-29.8011630" lon="24.4211360">
    <ele>1091.7</ele>
   </trkpt>
   <trkpt lat="-29.8011830" lon="24.4211220">
    <ele>1092.0</ele>
   </trkpt>
   <trkpt lat="-29.8012170" lon="24.4211080">
    <ele>1092.2</ele>
   </trkpt>
   <trkpt lat="-29.8012280" lon="24.4211020">
    <ele>1092.1</ele>
   </trkpt>
   <trkpt lat="-29.8012580" lon="24.4210920">
    <ele>1092.3</ele>
   </trkpt>
   <trkpt lat="-29.8012820" lon="24.4210750">
    <ele>1092.2</ele>
   </trkpt>
   <trkpt lat="-29.8013170" lon="24.4210700">
    <ele>1092.2</ele>
   </trkpt>
   <trkpt lat="-29.8013520" lon="24.4210630">
    <ele>1092.2</ele>
   </trkpt>
   <trkpt lat="-29.8013890" lon="24.4210410">
    <ele>1092.1</ele>
   </trkpt>
   <trkpt lat="-29.8014040" lon="24.4210340">
    <ele>1092.0</ele>
   </trkpt>
   <trkpt lat="-29.8014390" lon="24.4210220">
    <ele>1091.9</ele>
   </trkpt>
   <trkpt lat="-29.8014720" lon="24.4210030">
    <ele>1092.0</ele>
   </trkpt>
   <trkpt lat="-29.8014970" lon="24.4209870">
    <ele>1092.0</ele>
   </trkpt>
   <trkpt lat="-29.8015270" lon="24.4209800">
    <ele>1092.0</ele>
   </trkpt>
   <trkpt lat="-29.8015530" lon="24.4209500">
    <ele>1092.2</ele>
   </trkpt>
   <trkpt lat="-29.8015620" lon="24.4209390">
    <ele>1092.2</ele>
   </trkpt>
   <trkpt lat="-29.8015930" lon="24.4209110">
    <ele>1092.3</ele>
   </trkpt>
   <trkpt lat="-29.8016040" lon="24.4209000">
    <ele>1092.3</ele>
   </trkpt>
   <trkpt lat="-29.8016280" lon="24.4208790">
    <ele>1092.3</ele>
   </trkpt>
   <trkpt lat="-29.8016520" lon="24.4208600">
    <ele>1092.3</ele>
   </trkpt>
   <trkpt lat="-29.8016810" lon="24.4208440">
    <ele>1092.1</ele>
   </trkpt>
   <trkpt lat="-29.8017060" lon="24.4208220">
    <ele>1091.9</ele>
   </trkpt>
   <trkpt lat="-29.8017150" lon="24.4207920">
    <ele>1091.8</ele>
   </trkpt>
   <trkpt lat="-29.8017460" lon="24.4207610">
    <ele>1091.6</ele>
   </trkpt>
   <trkpt lat="-29.8017570" lon="24.4207500">
    <ele>1091.5</ele>
   </trkpt>
   <trkpt lat="-29.8017610" lon="24.4207120">
    <ele>1091.5</ele>
   </trkpt>
   <trkpt lat="-29.8017840" lon="24.4206830">
    <ele>1091.5</ele>
   </trkpt>
   <trkpt lat="-29.8018010" lon="24.4206550">
    <ele>1091.6</ele>
   </trkpt>
   <trkpt lat="-29.8018200" lon="24.4206280">
    <ele>1091.8</ele>
   </trkpt>
   <trkpt lat="-29.8018310" lon="24.4205970">
    <ele>1091.8</ele>
   </trkpt>
   <trkpt lat="-29.8018330" lon="24.4205620">
    <ele>1092.0</ele>
   </trkpt>
   <trkpt lat="-29.8018560" lon="24.4205250">
    <ele>1092.2</ele>
   </trkpt>
   <trkpt lat="-29.8018650" lon="24.4205130">
    <ele>1092.2</ele>
   </trkpt>
   <trkpt lat="-29.8018930" lon="24.4204820">
    <ele>1092.4</ele>
   </trkpt>
   <trkpt lat="-29.8019010" lon="24.4204720">
    <ele>1092.4</ele>
   </trkpt>
   <trkpt lat="-29.8019280" lon="24.4204580">
    <ele>1092.8</ele>
   </trkpt>
   <trkpt lat="-29.8019540" lon="24.4204230">
    <ele>1092.7</ele>
   </trkpt>
   <trkpt lat="-29.8019630" lon="24.4204110">
    <ele>1093.1</ele>
   </trkpt>
   <trkpt lat="-29.8019740" lon="24.4203810">
    <ele>1093.0</ele>
   </trkpt>
   <trkpt lat="-29.8020010" lon="24.4203480">
    <ele>1093.3</ele>
   </trkpt>
   <trkpt lat="-29.8020090" lon="24.4203360">
    <ele>1093.3</ele>
   </trkpt>
   <trkpt lat="-29.8020300" lon="24.4202960">
    <ele>1093.5</ele>
   </trkpt>
   <trkpt lat="-29.8020390" lon="24.4202830">
    <ele>1093.5</ele>
   </trkpt>
   <trkpt lat="-29.8020530" lon="24.4202550">
    <ele>1093.5</ele>
   </trkpt>
   <trkpt lat="-29.8020630" lon="24.4202230">
    <ele>1093.6</ele>
   </trkpt>
   <trkpt lat="-29.8020720" lon="24.4201790">
    <ele>1093.5</ele>
   </trkpt>
   <trkpt lat="-29.8020770" lon="24.4201640">
    <ele>1093.5</ele>
   </trkpt>
   <trkpt lat="-29.8021180" lon="24.4201230">
    <ele>1093.5</ele>
   </trkpt>
   <trkpt lat="-29.8021570" lon="24.4200790">
    <ele>1093.4</ele>
   </trkpt>
   <trkpt lat="-29.8021820" lon="24.4200610">
    <ele>1093.4</ele>
   </trkpt>
   <trkpt lat="-29.8022030" lon="24.4200400">
    <ele>1093.4</ele>
   </trkpt>
   <trkpt lat="-29.8022510" lon="24.4200090">
    <ele>1093.3</ele>
   </trkpt>
   <trkpt lat="-29.8022700" lon="24.4199870">
    <ele>1093.3</ele>
   </trkpt>
   <trkpt lat="-29.8022990" lon="24.4199780">
    <ele>1093.4</ele>
   </trkpt>
   <trkpt lat="-29.8023250" lon="24.4199440">
    <ele>1093.3</ele>
   </trkpt>
   <trkpt lat="-29.8023320" lon="24.4199310">
    <ele>1093.5</ele>
   </trkpt>
   <trkpt lat="-29.8023680" lon="24.4199110">
    <ele>1093.5</ele>
   </trkpt>
   <trkpt lat="-29.8023840" lon="24.4199060">
    <ele>1093.7</ele>
   </trkpt>
   <trkpt lat="-29.8024120" lon="24.4198930">
    <ele>1094.0</ele>
   </trkpt>
   <trkpt lat="-29.8024530" lon="24.4198930">
    <ele>1094.3</ele>
   </trkpt>
   <trkpt lat="-29.8024920" lon="24.4199130">
    <ele>1094.6</ele>
   </trkpt>
   <trkpt lat="-29.8025200" lon="24.4199290">
    <ele>1094.9</ele>
   </trkpt>
   <trkpt lat="-29.8025510" lon="24.4199500">
    <ele>1094.9</ele>
   </trkpt>
   <trkpt lat="-29.8025790" lon="24.4199630">
    <ele>1095.1</ele>
   </trkpt>
   <trkpt lat="-29.8026130" lon="24.4199750">
    <ele>1095.4</ele>
   </trkpt>
   <trkpt lat="-29.8026410" lon="24.4199930">
    <ele>1095.6</ele>
   </trkpt>
   <trkpt lat="-29.8026680" lon="24.4200090">
    <ele>1095.8</ele>
   </trkpt>
   <trkpt lat="-29.8026990" lon="24.4200250">
    <ele>1095.8</ele>
   </trkpt>
   <trkpt lat="-29.8027340" lon="24.4200410">
    <ele>1096.0</ele>
   </trkpt>
   <trkpt lat="-29.8027440" lon="24.4200500">
    <ele>1096.3</ele>
   </trkpt>
   <trkpt lat="-29.8027670" lon="24.4200730">
    <ele>1096.3</ele>
   </trkpt>
   <trkpt lat="-29.8027920" lon="24.4200860">
    <ele>1096.6</ele>
   </trkpt>
   <trkpt lat="-29.8028270" lon="24.4201020">
    <ele>1096.8</ele>
   </trkpt>
   <trkpt lat="-29.8028370" lon="24.4201100">
    <ele>1096.8</ele>
   </trkpt>
   <trkpt lat="-29.8028760" lon="24.4201250">
    <ele>1097.0</ele>
   </trkpt>
   <trkpt lat="-29.8028890" lon="24.4201330">
    <ele>1097.0</ele>
   </trkpt>
   <trkpt lat="-29.8029190" lon="24.4201600">
    <ele>1097.0</ele>
   </trkpt>
   <trkpt lat="-29.8029440" lon="24.4201880">
    <ele>1097.1</ele>
   </trkpt>
   <trkpt lat="-29.8029730" lon="24.4202150">
    <ele>1097.1</ele>
   </trkpt>
   <trkpt lat="-29.8030040" lon="24.4202370">
    <ele>1097.0</ele>
   </trkpt>
   <trkpt lat="-29.8030360" lon="24.4202480">
    <ele>1097.0</ele>
   </trkpt>
   <trkpt lat="-29.8030600" lon="24.4202630">
    <ele>1096.9</ele>
   </trkpt>
   <trkpt lat="-29.8030930" lon="24.4202790">
    <ele>1097.0</ele>
   </trkpt>
   <trkpt lat="-29.8031040" lon="24.4202850">
    <ele>1096.9</ele>
   </trkpt>
   <trkpt lat="-29.8031370" lon="24.4202980">
    <ele>1096.8</ele>
   </trkpt>
   <trkpt lat="-29.8031500" lon="24.4203020">
    <ele>1096.8</ele>
   </trkpt>
   <trkpt lat="-29.8031830" lon="24.4203220">
    <ele>1096.7</ele>
   </trkpt>
   <trkpt lat="-29.8031970" lon="24.4203270">
    <ele>1096.7</ele>
   </trkpt>
   <trkpt lat="-29.8032290" lon="24.4203250">
    <ele>1096.6</ele>
   </trkpt>
   <trkpt lat="-29.8032560" lon="24.4203280">
    <ele>1096.6</ele>
   </trkpt>
   <trkpt lat="-29.8032940" lon="24.4203240">
    <ele>1096.6</ele>
   </trkpt>
   <trkpt lat="-29.8033050" lon="24.4203230">
    <ele>1096.7</ele>
   </trkpt>
   <trkpt lat="-29.8033300" lon="24.4203380">
    <ele>1096.6</ele>
   </trkpt>
   <trkpt lat="-29.8033580" lon="24.4203370">
    <ele>1096.8</ele>
   </trkpt>
   <trkpt lat="-29.8033860" lon="24.4203330">
    <ele>1097.1</ele>
   </trkpt>
   <trkpt lat="-29.8034170" lon="24.4203240">
    <ele>1097.4</ele>
   </trkpt>
   <trkpt lat="-29.8034610" lon="24.4203170">
    <ele>1097.6</ele>
   </trkpt>
   <trkpt lat="-29.8034790" lon="24.4203160">
    <ele>1097.6</ele>
   </trkpt>
   <trkpt lat="-29.8035190" lon="24.4203060">
    <ele>1097.7</ele>
   </trkpt>
   <trkpt lat="-29.8035330" lon="24.4202970">
    <ele>1097.8</ele>
   </trkpt>
   <trkpt lat="-29.8035600" lon="24.4202780">
    <ele>1097.6</ele>
   </trkpt>
   <trkpt lat="-29.8035920" lon="24.4202580">
    <ele>1097.5</ele>
   </trkpt>
   <trkpt lat="-29.8036220" lon="24.4202360">
    <ele>1097.2</ele>
   </trkpt>
   <trkpt lat="-29.8036500" lon="24.4202160">
    <ele>1097.0</ele>
   </trkpt>
   <trkpt lat="-29.8036890" lon="24.4201940">
    <ele>1096.6</ele>
   </trkpt>
   <trkpt lat="-29.8037040" lon="24.4201870">
    <ele>1096.6</ele>
   </trkpt>
   <trkpt lat="-29.8037320" lon="24.4201730">
    <ele>1096.3</ele>
   </trkpt>
   <trkpt lat="-29.8035930" lon="24.4203910">
    <ele>1098.1</ele>
   </trkpt>
   <trkpt lat="-29.8046290" lon="24.4203730">
    <ele>1098.1</ele>
   </trkpt>
   <trkpt lat="-29.8046870" lon="24.4203660">
    <ele>1098.5</ele>
   </trkpt>
   <trkpt lat="-29.8047340" lon="24.4203630">
    <ele>1098.6</ele>
   </trkpt>
   <trkpt lat="-29.8047810" lon="24.4203600">
    <ele>1098.6</ele>
   </trkpt>
   <trkpt lat="-29.8048250" lon="24.4203630">
    <ele>1098.6</ele>
   </trkpt>
   <trkpt lat="-29.8048690" lon="24.4203680">
    <ele>1099.0</ele>
   </trkpt>
   <trkpt lat="-29.8049110" lon="24.4203630">
    <ele>1099.2</ele>
   </trkpt>
   <trkpt lat="-29.8049490" lon="24.4203520">
    <ele>1099.5</ele>
   </trkpt>
   <trkpt lat="-29.8049860" lon="24.4203370">
    <ele>1099.7</ele>
   </trkpt>
   <trkpt lat="-29.8050230" lon="24.4203220">
    <ele>1099.8</ele>
   </trkpt>
   <trkpt lat="-29.8050580" lon="24.4203040">
    <ele>1100.0</ele>
   </trkpt>
   <trkpt lat="-29.8050920" lon="24.4202850">
    <ele>1100.2</ele>
   </trkpt>
   <trkpt lat="-29.8051280" lon="24.4202680">
    <ele>1100.3</ele>
   </trkpt>
   <trkpt lat="-29.8051660" lon="24.4202570">
    <ele>1100.3</ele>
   </trkpt>
   <trkpt lat="-29.8052010" lon="24.4202420">
    <ele>1100.5</ele>
   </trkpt>
   <trkpt lat="-29.8052350" lon="24.4202220">
    <ele>1100.5</ele>
   </trkpt>
   <trkpt lat="-29.8052650" lon="24.4201950">
    <ele>1100.8</ele>
   </trkpt>
   <trkpt lat="-29.8052990" lon="24.4201630">
    <ele>1100.8</ele>
   </trkpt>
   <trkpt lat="-29.8053280" lon="24.4201350">
    <ele>1101.1</ele>
   </trkpt>
   <trkpt lat="-29.8049970" lon="24.4199770">
    <ele>1099.3</ele>
   </trkpt>
   <trkpt lat="-29.8050370" lon="24.4199830">
    <ele>1099.5</ele>
   </trkpt>
   <trkpt lat="-29.8051390" lon="24.4200100">
    <ele>1100.2</ele>
   </trkpt>
   <trkpt lat="-29.8047930" lon="24.4198100">
    <ele>1098.0</ele>
   </trkpt>
   <trkpt lat="-29.8048130" lon="24.4198070">
    <ele>1098.0</ele>
   </trkpt>
   <trkpt lat="-29.8048530" lon="24.4197980">
    <ele>1098.1</ele>
   </trkpt>
   <trkpt lat="-29.8048940" lon="24.4197890">
    <ele>1098.3</ele>
   </trkpt>
   <trkpt lat="-29.8049340" lon="24.4197780">
    <ele>1098.5</ele>
   </trkpt>
   <trkpt lat="-29.8049650" lon="24.4197600">
    <ele>1098.9</ele>
   </trkpt>
   <trkpt lat="-29.8049970" lon="24.4197440">
    <ele>1099.2</ele>
   </trkpt>
   <trkpt lat="-29.8050350" lon="24.4197400">
    <ele>1099.4</ele>
   </trkpt>
   <trkpt lat="-29.8050940" lon="24.4197120">
    <ele>1099.6</ele>
   </trkpt>
   <trkpt lat="-29.8051270" lon="24.4197180">
    <ele>1099.7</ele>
   </trkpt>
   <trkpt lat="-29.8051630" lon="24.4197070">
    <ele>1099.8</ele>
   </trkpt>
   <trkpt lat="-29.8052240" lon="24.4196930">
    <ele>1099.8</ele>
   </trkpt>
   <trkpt lat="-29.8052670" lon="24.4196760">
    <ele>1099.9</ele>
   </trkpt>
   <trkpt lat="-29.8052840" lon="24.4196660">
    <ele>1099.8</ele>
   </trkpt>
   <trkpt lat="-29.8053180" lon="24.4196560">
    <ele>1099.5</ele>
   </trkpt>
   <trkpt lat="-29.8053670" lon="24.4196580">
    <ele>1099.7</ele>
   </trkpt>
   <trkpt lat="-29.8054190" lon="24.4196590">
    <ele>1099.9</ele>
   </trkpt>
   <trkpt lat="-29.8054620" lon="24.4196560">
    <ele>1099.9</ele>
   </trkpt>
   <trkpt lat="-29.8055120" lon="24.4196430">
    <ele>1100.0</ele>
   </trkpt>
   <trkpt lat="-29.8055550" lon="24.4196310">
    <ele>1100.0</ele>
   </trkpt>
   <trkpt lat="-29.8056000" lon="24.4196220">
    <ele>1100.1</ele>
   </trkpt>
   <trkpt lat="-29.8056380" lon="24.4196030">
    <ele>1100.1</ele>
   </trkpt>
   <trkpt lat="-29.8056820" lon="24.4195930">
    <ele>1100.1</ele>
   </trkpt>
   <trkpt lat="-29.8057260" lon="24.4195730">
    <ele>1100.2</ele>
   </trkpt>
   <trkpt lat="-29.8057690" lon="24.4195600">
    <ele>1100.3</ele>
   </trkpt>
   <trkpt lat="-29.8058010" lon="24.4195350">
    <ele>1100.4</ele>
   </trkpt>
   <trkpt lat="-29.8058320" lon="24.4195140">
    <ele>1100.4</ele>
   </trkpt>
   <trkpt lat="-29.8058710" lon="24.4194910">
    <ele>1100.5</ele>
   </trkpt>
   <trkpt lat="-29.8059040" lon="24.4194730">
    <ele>1100.5</ele>
   </trkpt>
   <trkpt lat="-29.8059300" lon="24.4194460">
    <ele>1100.6</ele>
   </trkpt>
   <trkpt lat="-29.8059620" lon="24.4194210">
    <ele>1100.6</ele>
   </trkpt>
   <trkpt lat="-29.8059800" lon="24.4193930">
    <ele>1100.7</ele>
   </trkpt>
   <trkpt lat="-29.8060160" lon="24.4193680">
    <ele>1100.7</ele>
   </trkpt>
   <trkpt lat="-29.8060380" lon="24.4193380">
    <ele>1100.7</ele>
   </trkpt>
   <trkpt lat="-29.8060630" lon="24.4193150">
    <ele>1100.8</ele>
   </trkpt>
   <trkpt lat="-29.8060940" lon="24.4192890">
    <ele>1100.8</ele>
   </trkpt>
   <trkpt lat="-29.8061210" lon="24.4192660">
    <ele>1100.8</ele>
   </trkpt>
   <trkpt lat="-29.8061360" lon="24.4192380">
    <ele>1100.8</ele>
   </trkpt>
   <trkpt lat="-29.8063780" lon="24.4190080">
    <ele>1100.9</ele>
   </trkpt>
   <trkpt lat="-29.8063910" lon="24.4189880">
    <ele>1100.9</ele>
   </trkpt>
   <trkpt lat="-29.8064540" lon="24.4189170">
    <ele>1100.9</ele>
   </trkpt>
   <trkpt lat="-29.8064830" lon="24.4188820">
    <ele>1100.9</ele>
   </trkpt>
   <trkpt lat="-29.8065440" lon="24.4188050">
    <ele>1101.0</ele>
   </trkpt>
   <trkpt lat="-29.8065750" lon="24.4187680">
    <ele>1101.0</ele>
   </trkpt>
   <trkpt lat="-29.8066040" lon="24.4187290">
    <ele>1101.0</ele>
   </trkpt>
   <trkpt lat="-29.8066370" lon="24.4186910">
    <ele>1101.0</ele>
   </trkpt>
   <trkpt lat="-29.8066660" lon="24.4186510">
    <ele>1101.0</ele>
   </trkpt>
   <trkpt lat="-29.8066900" lon="24.4186060">
    <ele>1101.0</ele>
   </trkpt>
   <trkpt lat="-29.8067120" lon="24.4185580">
    <ele>1101.0</ele>
   </trkpt>
   <trkpt lat="-29.8067390" lon="24.4185100">
    <ele>1101.0</ele>
   </trkpt>
   <trkpt lat="-29.8067740" lon="24.4184660">
    <ele>1101.1</ele>
   </trkpt>
   <trkpt lat="-29.8068150" lon="24.4184190">
    <ele>1101.1</ele>
   </trkpt>
   <trkpt lat="-29.8068530" lon="24.4183790">
    <ele>1101.1</ele>
   </trkpt>
   <trkpt lat="-29.8068890" lon="24.4183450">
    <ele>1101.1</ele>
   </trkpt>
   <trkpt lat="-29.8069190" lon="24.4183660">
    <ele>1101.1</ele>
   </trkpt>
   <trkpt lat="-29.8069560" lon="24.4183770">
    <ele>1101.1</ele>
   </trkpt>
   <trkpt lat="-29.8069820" lon="24.4184120">
    <ele>1101.1</ele>
   </trkpt>
   <trkpt lat="-29.8069850" lon="24.4184620">
    <ele>1101.1</ele>
   </trkpt>
   <trkpt lat="-29.8069880" lon="24.4185080">
    <ele>1101.1</ele>
   </trkpt>
   <trkpt lat="-29.8069900" lon="24.4185290">
    <ele>1101.1</ele>
   </trkpt>
   <trkpt lat="-29.8069900" lon="24.4185760">
    <ele>1101.0</ele>
   </trkpt>
   <trkpt lat="-29.8069900" lon="24.4185950">
    <ele>1101.0</ele>
   </trkpt>
   <trkpt lat="-29.8069930" lon="24.4186400">
    <ele>1101.0</ele>
   </trkpt>
   <trkpt lat="-29.8069870" lon="24.4186850">
    <ele>1101.0</ele>
   </trkpt>
   <trkpt lat="-29.8069810" lon="24.4187250">
    <ele>1101.0</ele>
   </trkpt>
   <trkpt lat="-29.8069750" lon="24.4187640">
    <ele>1101.0</ele>
   </trkpt>
   <trkpt lat="-29.8069800" lon="24.4188030">
    <ele>1101.0</ele>
   </trkpt>
   <trkpt lat="-29.8069860" lon="24.4188480">
    <ele>1101.0</ele>
   </trkpt>
   <trkpt lat="-29.8069920" lon="24.4188850">
    <ele>1101.0</ele>
   </trkpt>
   <trkpt lat="-29.8069930" lon="24.4189190">
    <ele>1101.0</ele>
   </trkpt>
   <trkpt lat="-29.8069870" lon="24.4189580">
    <ele>1101.0</ele>
   </trkpt>
   <trkpt lat="-29.8069860" lon="24.4189930">
    <ele>1101.0</ele>
   </trkpt>
   <trkpt lat="-29.8069900" lon="24.4190360">
    <ele>1101.0</ele>
   </trkpt>
   <trkpt lat="-29.8069900" lon="24.4190870">
    <ele>1101.0</ele>
   </trkpt>
   <trkpt lat="-29.8069950" lon="24.4191190">
    <ele>1101.0</ele>
   </trkpt>
   <trkpt lat="-29.8069960" lon="24.4191340">
    <ele>1101.0</ele>
   </trkpt>
   <trkpt lat="-29.8069930" lon="24.4191710">
    <ele>1101.0</ele>
   </trkpt>
   <trkpt lat="-29.8069970" lon="24.4192060">
    <ele>1101.1</ele>
   </trkpt>
   <trkpt lat="-29.8070000" lon="24.4192390">
    <ele>1101.1</ele>
   </trkpt>
   <trkpt lat="-29.8070020" lon="24.4192760">
    <ele>1101.2</ele>
   </trkpt>
   <trkpt lat="-29.8070000" lon="24.4193140">
    <ele>1101.2</ele>
   </trkpt>
   <trkpt lat="-29.8070040" lon="24.4193470">
    <ele>1101.3</ele>
   </trkpt>
   <trkpt lat="-29.8070050" lon="24.4193830">
    <ele>1101.3</ele>
   </trkpt>
   <trkpt lat="-29.8070050" lon="24.4194190">
    <ele>1101.4</ele>
   </trkpt>
   <trkpt lat="-29.8070170" lon="24.4194520">
    <ele>1101.5</ele>
   </trkpt>
   <trkpt lat="-29.8070170" lon="24.4194860">
    <ele>1101.5</ele>
   </trkpt>
   <trkpt lat="-29.8070150" lon="24.4195240">
    <ele>1101.6</ele>
   </trkpt>
   <trkpt lat="-29.8070180" lon="24.4195730">
    <ele>1101.7</ele>
   </trkpt>
   <trkpt lat="-29.8070180" lon="24.4195910">
    <ele>1101.7</ele>
   </trkpt>
   <trkpt lat="-29.8070200" lon="24.4196280">
    <ele>1101.8</ele>
   </trkpt>
   <trkpt lat="-29.8070160" lon="24.4196650">
    <ele>1101.9</ele>
   </trkpt>
   <trkpt lat="-29.8070200" lon="24.4197050">
    <ele>1102.0</ele>
   </trkpt>
   <trkpt lat="-29.8070520" lon="24.4197330">
    <ele>1102.2</ele>
   </trkpt>
   <trkpt lat="-29.8070760" lon="24.4197470">
    <ele>1102.3</ele>
   </trkpt>
   <trkpt lat="-29.8071030" lon="24.4197550">
    <ele>1102.4</ele>
   </trkpt>
   <trkpt lat="-29.8071370" lon="24.4197620">
    <ele>1102.5</ele>
   </trkpt>
   <trkpt lat="-29.8071490" lon="24.4197640">
    <ele>1102.6</ele>
   </trkpt>
   <trkpt lat="-29.8071860" lon="24.4197720">
    <ele>1102.7</ele>
   </trkpt>
   <trkpt lat="-29.8071990" lon="24.4197750">
    <ele>1102.8</ele>
   </trkpt>
   <trkpt lat="-29.8072270" lon="24.4197790">
    <ele>1102.9</ele>
   </trkpt>
   <trkpt lat="-29.8072660" lon="24.4197760">
    <ele>1103.0</ele>
   </trkpt>
   <trkpt lat="-29.8072780" lon="24.4197800">
    <ele>1103.1</ele>
   </trkpt>
   <trkpt lat="-29.8073070" lon="24.4197860">
    <ele>1103.2</ele>
   </trkpt>
   <trkpt lat="-29.8073360" lon="24.4197880">
    <ele>1103.3</ele>
   </trkpt>
   <trkpt lat="-29.8073660" lon="24.4197930">
    <ele>1103.4</ele>
   </trkpt>
   <trkpt lat="-29.8073750" lon="24.4197940">
    <ele>1103.4</ele>
   </trkpt>
   <trkpt lat="-29.8074170" lon="24.4197950">
    <ele>1103.6</ele>
   </trkpt>
   <trkpt lat="-29.8074330" lon="24.4197930">
    <ele>1103.6</ele>
   </trkpt>
   <trkpt lat="-29.8074620" lon="24.4197960">
    <ele>1103.7</ele>
   </trkpt>
   <trkpt lat="-29.8074730" lon="24.4197940">
    <ele>1103.8</ele>
   </trkpt>
   <trkpt lat="-29.8075090" lon="24.4197890">
    <ele>1103.9</ele>
   </trkpt>
   <trkpt lat="-29.8075490" lon="24.4197920">
    <ele>1104.1</ele>
   </trkpt>
   <trkpt lat="-29.8075840" lon="24.4197950">
    <ele>1104.2</ele>
   </trkpt>
   <trkpt lat="-29.8076190" lon="24.4198030">
    <ele>1104.4</ele>
   </trkpt>
   <trkpt lat="-29.8076540" lon="24.4198030">
    <ele>1104.5</ele>
   </trkpt>
   <trkpt lat="-29.8076620" lon="24.4198040">
    <ele>1104.5</ele>
   </trkpt>
   <trkpt lat="-29.8076860" lon="24.4198070">
    <ele>1104.6</ele>
   </trkpt>
   <trkpt lat="-29.8076970" lon="24.4198040">
    <ele>1104.7</ele>
   </trkpt>
   <trkpt lat="-29.8077260" lon="24.4198000">
    <ele>1105.0</ele>
   </trkpt>
   <trkpt lat="-29.8077360" lon="24.4197980">
    <ele>1105.0</ele>
   </trkpt>
   <trkpt lat="-29.8077380" lon="24.4197630">
    <ele>1105.0</ele>
   </trkpt>
   <trkpt lat="-29.8077350" lon="24.4197450">
    <ele>1105.0</ele>
   </trkpt>
   <trkpt lat="-29.8077230" lon="24.4197170">
    <ele>1105.0</ele>
   </trkpt>
   <trkpt lat="-29.8077200" lon="24.4197050">
    <ele>1105.0</ele>
   </trkpt>
   <trkpt lat="-29.8077040" lon="24.4196750">
    <ele>1105.0</ele>
   </trkpt>
   <trkpt lat="-29.8076970" lon="24.4196690">
    <ele>1105.0</ele>
   </trkpt>
   <trkpt lat="-29.8076670" lon="24.4196560">
    <ele>1104.9</ele>
   </trkpt>
   <trkpt lat="-29.8076390" lon="24.4196600">
    <ele>1104.9</ele>
   </trkpt>
   <trkpt lat="-29.8076260" lon="24.4196600">
    <ele>1104.9</ele>
   </trkpt>
   <trkpt lat="-29.8075950" lon="24.4196590">
    <ele>1104.8</ele>
   </trkpt>
   <trkpt lat="-29.8075610" lon="24.4196510">
    <ele>1104.8</ele>
   </trkpt>
   <trkpt lat="-29.8075470" lon="24.4196520">
    <ele>1104.8</ele>
   </trkpt>
   <trkpt lat="-29.8075140" lon="24.4196630">
    <ele>1104.7</ele>
   </trkpt>
   <trkpt lat="-29.8075010" lon="24.4196710">
    <ele>1104.7</ele>
   </trkpt>
   <trkpt lat="-29.8074710" lon="24.4196760">
    <ele>1104.7</ele>
   </trkpt>
   <trkpt lat="-29.8074430" lon="24.4196750">
    <ele>1104.7</ele>
   </trkpt>
   <trkpt lat="-29.8074120" lon="24.4196650">
    <ele>1104.7</ele>
   </trkpt>
   <trkpt lat="-29.8073840" lon="24.4196440">
    <ele>1104.7</ele>
   </trkpt>
   <trkpt lat="-29.8073610" lon="24.4196160">
    <ele>1104.6</ele>
   </trkpt>
   <trkpt lat="-29.8073390" lon="24.4195850">
    <ele>1104.6</ele>
   </trkpt>
   <trkpt lat="-29.8073230" lon="24.4195560">
    <ele>1104.6</ele>
   </trkpt>
   <trkpt lat="-29.8073140" lon="24.4195130">
    <ele>1104.6</ele>
   </trkpt>
   <trkpt lat="-29.8073170" lon="24.4194970">
    <ele>1104.6</ele>
   </trkpt>
   <trkpt lat="-29.8073310" lon="24.4194700">
    <ele>1104.5</ele>
   </trkpt>
   <trkpt lat="-29.8073530" lon="24.4194450">
    <ele>1104.5</ele>
   </trkpt>
   <trkpt lat="-29.8073650" lon="24.4194390">
    <ele>1104.5</ele>
   </trkpt>
   <trkpt lat="-29.8073930" lon="24.4194170">
    <ele>1104.4</ele>
   </trkpt>
   <trkpt lat="-29.8074250" lon="24.4194170">
    <ele>1104.9</ele>
   </trkpt>
   <trkpt lat="-29.8074610" lon="24.4194180">
    <ele>1105.4</ele>
   </trkpt>
   <trkpt lat="-29.8074760" lon="24.4194170">
    <ele>1105.8</ele>
   </trkpt>
   <trkpt lat="-29.8075170" lon="24.4194190">
    <ele>1106.1</ele>
   </trkpt>
   <trkpt lat="-29.8075470" lon="24.4194120">
    <ele>1106.2</ele>
   </trkpt>
   <trkpt lat="-29.8075730" lon="24.4194080">
    <ele>1106.1</ele>
   </trkpt>
   <trkpt lat="-29.8076070" lon="24.4194090">
    <ele>1106.1</ele>
   </trkpt>
   <trkpt lat="-29.8076430" lon="24.4194090">
    <ele>1106.0</ele>
   </trkpt>
  </trkseg>
 </trk>
</gpx>
